INSERT INTO tournaments VALUES('msi_2016', '2016', 'Mid-Season Invitational 2016', 'Shanghai, China');
INSERT INTO teams VALUES('RNG', 'LPL', 'Royal Never Give Up');
INSERT INTO participates VALUES('msi_2016', 'RNG', 'UNKNOWN');
INSERT INTO teams VALUES('CLG', 'NA', 'Counter Logic Gaming');
INSERT INTO participates VALUES('msi_2016', 'CLG', 'UNKNOWN');
INSERT INTO series VALUES(153181265911, 1);
INSERT INTO organizes VALUES('msi_2016', 153181265911, 'group_stage - RNG-vs-CLG');
INSERT INTO competes VALUES(153181265911, 'RNG', 1);
INSERT INTO competes VALUES(153181265911, 'CLG', 0);
INSERT INTO matches VALUES(153181265911, 1, '2016-05-03');
INSERT INTO scores VALUES('RNG', 153181265911, 1, 1, 9, 1, 0, 4, 1);
INSERT INTO scores VALUES('CLG', 153181265911, 1, 1, 6, 1, 2, 1, 0);
INSERT INTO bans VALUES(153181265911, 1, 16, 1);
INSERT INTO bans VALUES(153181265911, 1, 203, 3);
INSERT INTO bans VALUES(153181265911, 1, 432, 5);
INSERT INTO bans VALUES(153181265911, 1, 29, 2);
INSERT INTO bans VALUES(153181265911, 1, 412, 4);
INSERT INTO bans VALUES(153181265911, 1, 13, 6);
INSERT INTO players VALUES('Looper', date('1970-01-01'));
INSERT INTO registers VALUES('Looper', 'RNG', date('1970-01-01'), 'NULL');
INSERT INTO plays VALUES(153181265911, 1, 'Looper', 78, 'Top', 5, 3, 12, 14650, 25, 12, 250, 1, 1, 16039);
INSERT INTO players VALUES('mlxg', date('1970-01-01'));
INSERT INTO registers VALUES('mlxg', 'RNG', date('1970-01-01'), 'NULL');
INSERT INTO plays VALUES(153181265911, 1, 'mlxg', 76, 'Jungle', 1, 4, 18, 16557, 28, 20, 44, 137, 31, 16554);
INSERT INTO players VALUES('xiaohu', date('1970-01-01'));
INSERT INTO registers VALUES('xiaohu', 'RNG', date('1970-01-01'), 'NULL');
INSERT INTO plays VALUES(153181265911, 1, 'xiaohu', 268, 'Mid', 6, 5, 13, 48897, 27, 12, 328, 14, 1, 17091);
INSERT INTO players VALUES('Wuxx', date('1970-01-01'));
INSERT INTO registers VALUES('Wuxx', 'RNG', date('1970-01-01'), 'NULL');
INSERT INTO plays VALUES(153181265911, 1, 'Wuxx', 236, 'ADC', 10, 4, 5, 32616, 23, 14, 397, 16, 1, 20447);
INSERT INTO players VALUES('Mata', date('1970-01-01'));
INSERT INTO registers VALUES('Mata', 'RNG', date('1970-01-01'), 'NULL');
INSERT INTO plays VALUES(153181265911, 1, 'Mata', 12, 'Support', 0, 5, 20, 6179, 72, 15, 44, 0, 0, 11513);
INSERT INTO players VALUES('Darshan', date('1970-01-01'));
INSERT INTO registers VALUES('Darshan', 'CLG', date('1970-01-01'), 'NULL');
INSERT INTO plays VALUES(153181265911, 1, 'Darshan', 57, 'Top', 3, 3, 17, 17678, 21, 7, 229, 7, 1, 15233);
INSERT INTO players VALUES('Xmithie', date('1970-01-01'));
INSERT INTO registers VALUES('Xmithie', 'CLG', date('1970-01-01'), 'NULL');
INSERT INTO plays VALUES(153181265911, 1, 'Xmithie', 104, 'Jungle', 4, 3, 11, 24527, 33, 31, 75, 105, 32, 16259);
INSERT INTO players VALUES('Huhi', date('1970-01-01'));
INSERT INTO registers VALUES('Huhi', 'CLG', date('1970-01-01'), 'NULL');
INSERT INTO plays VALUES(153181265911, 1, 'Huhi', 136, 'Mid', 3, 5, 12, 24887, 30, 15, 313, 19, 2, 16338);
INSERT INTO players VALUES('Stixxay', date('1970-01-01'));
INSERT INTO registers VALUES('Stixxay', 'CLG', date('1970-01-01'), 'NULL');
INSERT INTO plays VALUES(153181265911, 1, 'Stixxay', 51, 'ADC', 11, 5, 7, 42554, 20, 20, 323, 18, 5, 19666);
INSERT INTO players VALUES('aphromoo', date('1970-01-01'));
INSERT INTO registers VALUES('aphromoo', 'CLG', date('1970-01-01'), 'NULL');
INSERT INTO plays VALUES(153181265911, 1, 'aphromoo', 201, 'Support', 0, 6, 20, 9261, 62, 10, 44, 0, 0, 11404);
INSERT INTO interacts VALUES(153181265911, 1, 'Stixxay', 3340, 1172, 1);
INSERT INTO interacts VALUES(153181265911, 1, 'aphromoo', 3340, 1402, 1);
INSERT INTO interacts VALUES(153181265911, 1, 'Stixxay', 2010, 1402, 1);
INSERT INTO interacts VALUES(153181265911, 1, 'Xmithie', 3340, 1562, 1);
INSERT INTO interacts VALUES(153181265911, 1, 'Stixxay', 1055, 1613, 1);
INSERT INTO interacts VALUES(153181265911, 1, 'Huhi', 1056, 1630, 1);
INSERT INTO interacts VALUES(153181265911, 1, 'Mata', 3302, 1661, 1);
INSERT INTO interacts VALUES(153181265911, 1, 'aphromoo', 3302, 1726, 1);
INSERT INTO interacts VALUES(153181265911, 1, 'Huhi', 2010, 1823, 1);
INSERT INTO interacts VALUES(153181265911, 1, 'Mata', 2010, 1920, 1);
INSERT INTO interacts VALUES(153181265911, 1, 'Huhi', 2010, 1956, 1);
INSERT INTO interacts VALUES(153181265911, 1, 'aphromoo', 2010, 1956, 1);
INSERT INTO interacts VALUES(153181265911, 1, 'aphromoo', 2010, 2054, 1);
INSERT INTO interacts VALUES(153181265911, 1, 'Mata', 2010, 2054, 1);
INSERT INTO interacts VALUES(153181265911, 1, 'aphromoo', 2010, 2133, 1);
INSERT INTO interacts VALUES(153181265911, 1, 'Wuxx', 1055, 2180, 1);
INSERT INTO interacts VALUES(153181265911, 1, 'Mata', 2010, 2184, 1);
INSERT INTO interacts VALUES(153181265911, 1, 'Darshan', 3340, 2314, 1);
INSERT INTO interacts VALUES(153181265911, 1, 'Huhi', 3340, 2347, 1);
INSERT INTO interacts VALUES(153181265911, 1, 'Mata', 3340, 2444, 1);
INSERT INTO interacts VALUES(153181265911, 1, 'Wuxx', 2010, 2543, 1);
INSERT INTO interacts VALUES(153181265911, 1, 'Darshan', 1056, 2655, 1);
INSERT INTO interacts VALUES(153181265911, 1, 'xiaohu', 1056, 2741, 1);
INSERT INTO interacts VALUES(153181265911, 1, 'Wuxx', 3340, 2769, 1);
INSERT INTO interacts VALUES(153181265911, 1, 'Darshan', 2003, 2835, 1);
INSERT INTO interacts VALUES(153181265911, 1, 'Darshan', 2003, 2996, 1);
INSERT INTO interacts VALUES(153181265911, 1, 'Xmithie', 1039, 3194, 1);
INSERT INTO interacts VALUES(153181265911, 1, 'Xmithie', 2031, 3456, 1);
INSERT INTO interacts VALUES(153181265911, 1, 'xiaohu', 2003, 3585, 1);
INSERT INTO interacts VALUES(153181265911, 1, 'xiaohu', 2003, 3877, 1);
INSERT INTO interacts VALUES(153181265911, 1, 'xiaohu', 3340, 4239, 1);
INSERT INTO interacts VALUES(153181265911, 1, 'mlxg', 1039, 5181, 1);
INSERT INTO interacts VALUES(153181265911, 1, 'mlxg', 2031, 5961, 1);
INSERT INTO interacts VALUES(153181265911, 1, 'mlxg', 3340, 6481, 1);
INSERT INTO interacts VALUES(153181265911, 1, 'Looper', 2033, 8988, 1);
INSERT INTO interacts VALUES(153181265911, 1, 'Looper', 3340, 9257, 1);
INSERT INTO interacts VALUES(153181265911, 1, 'Huhi', 2043, 155413, 1);
INSERT INTO interacts VALUES(153181265911, 1, 'Huhi', 2010, 155677, 1);
INSERT INTO interacts VALUES(153181265911, 1, 'Huhi', 2010, 155775, 1);
INSERT INTO interacts VALUES(153181265911, 1, 'xiaohu', 1042, 186686, 1);
INSERT INTO interacts VALUES(153181265911, 1, 'xiaohu', 2043, 187990, 1);
INSERT INTO interacts VALUES(153181265911, 1, 'xiaohu', 2003, 188319, 1);
INSERT INTO interacts VALUES(153181265911, 1, 'aphromoo', 2043, 197318, 1);
INSERT INTO interacts VALUES(153181265911, 1, 'Stixxay', 2043, 201826, 1);
INSERT INTO interacts VALUES(153181265911, 1, 'Stixxay', 1083, 202314, 1);
INSERT INTO interacts VALUES(153181265911, 1, 'mlxg', 1001, 203227, 1);
INSERT INTO interacts VALUES(153181265911, 1, 'mlxg', 2032, 204725, 1);
INSERT INTO interacts VALUES(153181265911, 1, 'Huhi', 1056, 213385, 1);
INSERT INTO interacts VALUES(153181265911, 1, 'Huhi', 2010, 214137, 1);
INSERT INTO interacts VALUES(153181265911, 1, 'Wuxx', 1083, 219829, 1);
INSERT INTO interacts VALUES(153181265911, 1, 'Wuxx', 2043, 221293, 1);
INSERT INTO interacts VALUES(153181265911, 1, 'Wuxx', 2010, 222377, 1);
INSERT INTO interacts VALUES(153181265911, 1, 'Mata', 1001, 226741, 1);
INSERT INTO interacts VALUES(153181265911, 1, 'Mata', 2043, 227963, 1);
INSERT INTO interacts VALUES(153181265911, 1, 'Looper', 1001, 262130, 1);
INSERT INTO interacts VALUES(153181265911, 1, 'Looper', 1028, 263817, 1);
INSERT INTO interacts VALUES(153181265911, 1, 'Darshan', 1001, 270961, 1);
INSERT INTO interacts VALUES(153181265911, 1, 'Darshan', 1056, 271418, 1);
INSERT INTO interacts VALUES(153181265911, 1, 'Darshan', 2043, 272533, 1);
INSERT INTO interacts VALUES(153181265911, 1, 'Huhi', 1028, 306388, 1);
INSERT INTO interacts VALUES(153181265911, 1, 'Huhi', 2043, 307195, 1);
INSERT INTO interacts VALUES(153181265911, 1, 'Huhi', 2010, 307403, 1);
INSERT INTO interacts VALUES(153181265911, 1, 'xiaohu', 3108, 329387, 1);
INSERT INTO interacts VALUES(153181265911, 1, 'Looper', 1033, 348059, 1);
INSERT INTO interacts VALUES(153181265911, 1, 'Looper', 2043, 348546, 1);
INSERT INTO interacts VALUES(153181265911, 1, 'Mata', 1028, 360514, 1);
INSERT INTO interacts VALUES(153181265911, 1, 'Stixxay', 3009, 360646, 1);
INSERT INTO interacts VALUES(153181265911, 1, 'Wuxx', 1001, 364586, 1);
INSERT INTO interacts VALUES(153181265911, 1, 'Wuxx', 2043, 366185, 1);
INSERT INTO interacts VALUES(153181265911, 1, 'aphromoo', 2049, 368455, 1);
INSERT INTO interacts VALUES(153181265911, 1, 'aphromoo', 3341, 370086, 1);
INSERT INTO interacts VALUES(153181265911, 1, 'aphromoo', 2043, 373408, 1);
INSERT INTO interacts VALUES(153181265911, 1, 'Xmithie', 3711, 386689, 1);
INSERT INTO interacts VALUES(153181265911, 1, 'Xmithie', 1001, 387925, 1);
INSERT INTO interacts VALUES(153181265911, 1, 'Xmithie', 1036, 390397, 1);
INSERT INTO interacts VALUES(153181265911, 1, 'Xmithie', 1036, 390560, 1);
INSERT INTO interacts VALUES(153181265911, 1, 'Xmithie', 2043, 391548, 1);
INSERT INTO interacts VALUES(153181265911, 1, 'Darshan', 1028, 417729, 1);
INSERT INTO interacts VALUES(153181265911, 1, 'Darshan', 1029, 419003, 1);
INSERT INTO interacts VALUES(153181265911, 1, 'mlxg', 3711, 435928, 1);
INSERT INTO interacts VALUES(153181265911, 1, 'mlxg', 3158, 440472, 1);
INSERT INTO interacts VALUES(153181265911, 1, 'mlxg', 2043, 441310, 1);
INSERT INTO interacts VALUES(153181265911, 1, 'Mata', 2049, 496952, 1);
INSERT INTO interacts VALUES(153181265911, 1, 'Mata', 2043, 497797, 1);
INSERT INTO interacts VALUES(153181265911, 1, 'Mata', 3341, 498871, 1);
INSERT INTO interacts VALUES(153181265911, 1, 'Huhi', 3010, 515501, 1);
INSERT INTO interacts VALUES(153181265911, 1, 'Huhi', 1001, 516869, 1);
INSERT INTO interacts VALUES(153181265911, 1, 'Huhi', 2010, 517618, 1);
INSERT INTO interacts VALUES(153181265911, 1, 'Huhi', 2010, 517715, 1);
INSERT INTO interacts VALUES(153181265911, 1, 'Huhi', 2043, 517942, 1);
INSERT INTO interacts VALUES(153181265911, 1, 'Huhi', 2010, 518136, 1);
INSERT INTO interacts VALUES(153181265911, 1, 'xiaohu', 3101, 538525, 1);
INSERT INTO interacts VALUES(153181265911, 1, 'xiaohu', 1001, 540285, 1);
INSERT INTO interacts VALUES(153181265911, 1, 'xiaohu', 2043, 541321, 1);
INSERT INTO interacts VALUES(153181265911, 1, 'mlxg', 3113, 567312, 1);
INSERT INTO interacts VALUES(153181265911, 1, 'mlxg', 3341, 569102, 1);
INSERT INTO interacts VALUES(153181265911, 1, 'aphromoo', 1001, 577264, 1);
INSERT INTO interacts VALUES(153181265911, 1, 'Stixxay', 1038, 577689, 1);
INSERT INTO interacts VALUES(153181265911, 1, 'aphromoo', 2043, 578085, 1);
INSERT INTO interacts VALUES(153181265911, 1, 'Stixxay', 2043, 578762, 1);
INSERT INTO interacts VALUES(153181265911, 1, 'Looper', 3211, 587426, 1);
INSERT INTO interacts VALUES(153181265911, 1, 'Looper', 1028, 589793, 1);
INSERT INTO interacts VALUES(153181265911, 1, 'Looper', 1028, 590174, 1);
INSERT INTO interacts VALUES(153181265911, 1, 'Looper', 2043, 590824, 1);
INSERT INTO interacts VALUES(153181265911, 1, 'Xmithie', 1408, 617128, 1);
INSERT INTO interacts VALUES(153181265911, 1, 'Xmithie', 2043, 618221, 1);
INSERT INTO interacts VALUES(153181265911, 1, 'Mata', 2043, 634036, 1);
INSERT INTO interacts VALUES(153181265911, 1, 'Wuxx', 1038, 635162, 1);
INSERT INTO interacts VALUES(153181265911, 1, 'Wuxx', 2010, 638156, 0);
INSERT INTO interacts VALUES(153181265911, 1, 'Wuxx', 3133, 639262, 1);
INSERT INTO interacts VALUES(153181265911, 1, 'Stixxay', 1042, 683285, 1);
INSERT INTO interacts VALUES(153181265911, 1, 'Darshan', 3751, 694467, 1);
INSERT INTO interacts VALUES(153181265911, 1, 'Darshan', 1031, 695733, 1);
INSERT INTO interacts VALUES(153181265911, 1, 'Darshan', 1028, 697752, 1);
INSERT INTO interacts VALUES(153181265911, 1, 'xiaohu', 3115, 719274, 1);
INSERT INTO interacts VALUES(153181265911, 1, 'xiaohu', 3363, 720466, 1);
INSERT INTO interacts VALUES(153181265911, 1, 'xiaohu', 2043, 721338, 1);
INSERT INTO interacts VALUES(153181265911, 1, 'xiaohu', 2003, 721859, 1);
INSERT INTO interacts VALUES(153181265911, 1, 'aphromoo', 3009, 727470, 1);
INSERT INTO interacts VALUES(153181265911, 1, 'aphromoo', 2010, 728704, 1);
INSERT INTO interacts VALUES(153181265911, 1, 'Mata', 3117, 732687, 1);
INSERT INTO interacts VALUES(153181265911, 1, 'Mata', 2043, 733903, 1);
INSERT INTO interacts VALUES(153181265911, 1, 'mlxg', 1410, 737133, 1);
INSERT INTO interacts VALUES(153181265911, 1, 'mlxg', 2043, 738451, 1);
INSERT INTO interacts VALUES(153181265911, 1, 'Huhi', 1026, 747171, 1);
INSERT INTO interacts VALUES(153181265911, 1, 'Huhi', 3009, 748539, 1);
INSERT INTO interacts VALUES(153181265911, 1, 'Huhi', 3363, 749979, 1);
INSERT INTO interacts VALUES(153181265911, 1, 'Wuxx', 3158, 750640, 1);
INSERT INTO interacts VALUES(153181265911, 1, 'Wuxx', 2043, 751792, 1);
INSERT INTO interacts VALUES(153181265911, 1, 'Looper', 3751, 769888, 1);
INSERT INTO interacts VALUES(153181265911, 1, 'Looper', 1033, 771877, 1);
INSERT INTO interacts VALUES(153181265911, 1, 'xiaohu', 1033, 847370, 1);
INSERT INTO interacts VALUES(153181265911, 1, 'xiaohu', 2003, 849359, 1);
INSERT INTO interacts VALUES(153181265911, 1, 'Huhi', 1056, 870181, 0);
INSERT INTO interacts VALUES(153181265911, 1, 'Huhi', 3027, 880781, 1);
INSERT INTO interacts VALUES(153181265911, 1, 'Darshan', 3068, 895311, 1);
INSERT INTO interacts VALUES(153181265911, 1, 'Darshan', 3009, 896575, 1);
INSERT INTO interacts VALUES(153181265911, 1, 'Wuxx', 3508, 899521, 1);
INSERT INTO interacts VALUES(153181265911, 1, 'Xmithie', 3155, 900109, 1);
INSERT INTO interacts VALUES(153181265911, 1, 'Wuxx', 3363, 900521, 1);
INSERT INTO interacts VALUES(153181265911, 1, 'aphromoo', 3097, 900902, 1);
INSERT INTO interacts VALUES(153181265911, 1, 'Wuxx', 2010, 901244, 1);
INSERT INTO interacts VALUES(153181265911, 1, 'Xmithie', 2043, 901277, 1);
INSERT INTO interacts VALUES(153181265911, 1, 'Mata', 3097, 901277, 1);
INSERT INTO interacts VALUES(153181265911, 1, 'Mata', 2043, 901776, 1);
INSERT INTO interacts VALUES(153181265911, 1, 'Xmithie', 3364, 901948, 1);
INSERT INTO interacts VALUES(153181265911, 1, 'Looper', 3111, 903556, 1);
INSERT INTO interacts VALUES(153181265911, 1, 'Looper', 1029, 907070, 1);
INSERT INTO interacts VALUES(153181265911, 1, 'mlxg', 3364, 918585, 1);
INSERT INTO interacts VALUES(153181265911, 1, 'Stixxay', 3086, 919385, 1);
INSERT INTO interacts VALUES(153181265911, 1, 'Stixxay', 1037, 920579, 1);
INSERT INTO interacts VALUES(153181265911, 1, 'Huhi', 1028, 1018239, 1);
INSERT INTO interacts VALUES(153181265911, 1, 'aphromoo', 2043, 1018534, 1);
INSERT INTO interacts VALUES(153181265911, 1, 'aphromoo', 2010, 1018824, 1);
INSERT INTO interacts VALUES(153181265911, 1, 'aphromoo', 2010, 1018986, 1);
INSERT INTO interacts VALUES(153181265911, 1, 'Huhi', 2010, 1019447, 1);
INSERT INTO interacts VALUES(153181265911, 1, 'Huhi', 2010, 1019576, 1);
INSERT INTO interacts VALUES(153181265911, 1, 'Huhi', 2043, 1019742, 1);
INSERT INTO interacts VALUES(153181265911, 1, 'Mata', 2303, 1038128, 1);
INSERT INTO interacts VALUES(153181265911, 1, 'Mata', 2043, 1039093, 1);
INSERT INTO interacts VALUES(153181265911, 1, 'xiaohu', 3111, 1045695, 1);
INSERT INTO interacts VALUES(153181265911, 1, 'xiaohu', 1028, 1047195, 1);
INSERT INTO interacts VALUES(153181265911, 1, 'Looper', 1031, 1048104, 1);
INSERT INTO interacts VALUES(153181265911, 1, 'xiaohu', 2043, 1048728, 1);
INSERT INTO interacts VALUES(153181265911, 1, 'xiaohu', 2003, 1049118, 1);
INSERT INTO interacts VALUES(153181265911, 1, 'Darshan', 3211, 1074196, 1);
INSERT INTO interacts VALUES(153181265911, 1, 'Darshan', 2043, 1075160, 1);
INSERT INTO interacts VALUES(153181265911, 1, 'Xmithie', 3134, 1081111, 1);
INSERT INTO interacts VALUES(153181265911, 1, 'Xmithie', 2043, 1082280, 1);
INSERT INTO interacts VALUES(153181265911, 1, 'Huhi', 1011, 1087482, 1);
INSERT INTO interacts VALUES(153181265911, 1, 'mlxg', 1058, 1094155, 1);
INSERT INTO interacts VALUES(153181265911, 1, 'mlxg', 1028, 1095520, 1);
INSERT INTO interacts VALUES(153181265911, 1, 'mlxg', 2043, 1096886, 1);
INSERT INTO interacts VALUES(153181265911, 1, 'Stixxay', 3363, 1114955, 1);
INSERT INTO interacts VALUES(153181265911, 1, 'Stixxay', 3085, 1122598, 1);
INSERT INTO interacts VALUES(153181265911, 1, 'Wuxx', 3086, 1138750, 1);
INSERT INTO interacts VALUES(153181265911, 1, 'Wuxx', 2043, 1140021, 1);
INSERT INTO interacts VALUES(153181265911, 1, 'Looper', 3068, 1157675, 1);
INSERT INTO interacts VALUES(153181265911, 1, 'Looper', 2043, 1158288, 1);
INSERT INTO interacts VALUES(153181265911, 1, 'aphromoo', 2303, 1176689, 1);
INSERT INTO interacts VALUES(153181265911, 1, 'aphromoo', 2043, 1178187, 1);
INSERT INTO interacts VALUES(153181265911, 1, 'aphromoo', 2010, 1178484, 1);
INSERT INTO interacts VALUES(153181265911, 1, 'aphromoo', 2010, 1178641, 1);
INSERT INTO interacts VALUES(153181265911, 1, 'Darshan', 1308, 1191885, 1);
INSERT INTO interacts VALUES(153181265911, 1, 'Looper', 1323, 1262381, 1);
INSERT INTO interacts VALUES(153181265911, 1, 'aphromoo', 1028, 1286918, 1);
INSERT INTO interacts VALUES(153181265911, 1, 'aphromoo', 2010, 1289553, 1);
INSERT INTO interacts VALUES(153181265911, 1, 'Darshan', 1028, 1296660, 1);
INSERT INTO interacts VALUES(153181265911, 1, 'Mata', 3024, 1325794, 1);
INSERT INTO interacts VALUES(153181265911, 1, 'Mata', 2043, 1326611, 1);
INSERT INTO interacts VALUES(153181265911, 1, 'Xmithie', 3156, 1330462, 1);
INSERT INTO interacts VALUES(153181265911, 1, 'Xmithie', 2032, 1332364, 1);
INSERT INTO interacts VALUES(153181265911, 1, 'mlxg', 3116, 1332857, 1);
INSERT INTO interacts VALUES(153181265911, 1, 'mlxg', 2043, 1333413, 1);
INSERT INTO interacts VALUES(153181265911, 1, 'Xmithie', 2043, 1333584, 1);
INSERT INTO interacts VALUES(153181265911, 1, 'mlxg', 2043, 1333584, 1);
INSERT INTO interacts VALUES(153181265911, 1, 'xiaohu', 1058, 1334349, 1);
INSERT INTO interacts VALUES(153181265911, 1, 'xiaohu', 1011, 1338062, 1);
INSERT INTO interacts VALUES(153181265911, 1, 'xiaohu', 2043, 1339143, 1);
INSERT INTO interacts VALUES(153181265911, 1, 'Wuxx', 3087, 1351237, 1);
INSERT INTO interacts VALUES(153181265911, 1, 'Wuxx', 1033, 1352306, 1);
INSERT INTO interacts VALUES(153181265911, 1, 'Huhi', 1058, 1360444, 1);
INSERT INTO interacts VALUES(153181265911, 1, 'aphromoo', 2010, 1366013, 1);
INSERT INTO interacts VALUES(153181265911, 1, 'aphromoo', 2010, 1366119, 1);
INSERT INTO interacts VALUES(153181265911, 1, 'Looper', 3067, 1371885, 1);
INSERT INTO interacts VALUES(153181265911, 1, 'Looper', 1029, 1373645, 1);
INSERT INTO interacts VALUES(153181265911, 1, 'Stixxay', 3031, 1421207, 1);
INSERT INTO interacts VALUES(153181265911, 1, 'Stixxay', 2043, 1422261, 1);
INSERT INTO interacts VALUES(153181265911, 1, 'Xmithie', 3009, 1441165, 1);
INSERT INTO interacts VALUES(153181265911, 1, 'Xmithie', 2043, 1442095, 1);
INSERT INTO interacts VALUES(153181265911, 1, 'Xmithie', 2043, 1442405, 1);
INSERT INTO interacts VALUES(153181265911, 1, 'Darshan', 3065, 1459730, 1);
INSERT INTO interacts VALUES(153181265911, 1, 'Mata', 1033, 1465582, 1);
INSERT INTO interacts VALUES(153181265911, 1, 'Mata', 2031, 1466916, 1);
INSERT INTO interacts VALUES(153181265911, 1, 'Mata', 2043, 1468616, 1);
INSERT INTO interacts VALUES(153181265911, 1, 'Mata', 2043, 1468750, 1);
INSERT INTO interacts VALUES(153181265911, 1, 'Wuxx', 3140, 1468885, 1);
INSERT INTO interacts VALUES(153181265911, 1, 'xiaohu', 3116, 1469309, 1);
INSERT INTO interacts VALUES(153181265911, 1, 'xiaohu', 2043, 1471658, 1);
INSERT INTO interacts VALUES(153181265911, 1, 'aphromoo', 3801, 1473737, 1);
INSERT INTO interacts VALUES(153181265911, 1, 'aphromoo', 2043, 1475140, 1);
INSERT INTO interacts VALUES(153181265911, 1, 'aphromoo', 2010, 1475337, 1);
INSERT INTO interacts VALUES(153181265911, 1, 'Looper', 3065, 1479546, 1);
INSERT INTO interacts VALUES(153181265911, 1, 'mlxg', 3057, 1489599, 1);
INSERT INTO interacts VALUES(153181265911, 1, 'Huhi', 3116, 1500486, 1);
INSERT INTO interacts VALUES(153181265911, 1, 'Darshan', 3082, 1586413, 1);
INSERT INTO interacts VALUES(153181265911, 1, 'Mata', 2043, 1596878, 1);
INSERT INTO interacts VALUES(153181265911, 1, 'Looper', 2043, 1597041, 1);
INSERT INTO interacts VALUES(153181265911, 1, 'Mata', 1028, 1599644, 1);
INSERT INTO interacts VALUES(153181265911, 1, 'xiaohu', 1026, 1620292, 1);
INSERT INTO interacts VALUES(153181265911, 1, 'xiaohu', 1056, 1622114, 0);
INSERT INTO interacts VALUES(153181265911, 1, 'xiaohu', 1052, 1622963, 1);
INSERT INTO interacts VALUES(153181265911, 1, 'xiaohu', 2043, 1624171, 1);
INSERT INTO interacts VALUES(153181265911, 1, 'Huhi', 1052, 1633562, 1);
INSERT INTO interacts VALUES(153181265911, 1, 'Huhi', 2010, 1634439, 1);
INSERT INTO interacts VALUES(153181265911, 1, 'Looper', 3024, 1640848, 1);
INSERT INTO interacts VALUES(153181265911, 1, 'Mata', 3364, 1643453, 1);
INSERT INTO interacts VALUES(153181265911, 1, 'Xmithie', 3086, 1657540, 1);
INSERT INTO interacts VALUES(153181265911, 1, 'aphromoo', 3105, 1657745, 1);
INSERT INTO interacts VALUES(153181265911, 1, 'Stixxay', 3094, 1657875, 1);
INSERT INTO interacts VALUES(153181265911, 1, 'aphromoo', 3364, 1659002, 1);
INSERT INTO interacts VALUES(153181265911, 1, 'aphromoo', 2043, 1659675, 1);
INSERT INTO interacts VALUES(153181265911, 1, 'aphromoo', 2043, 1659814, 1);
INSERT INTO interacts VALUES(153181265911, 1, 'aphromoo', 2010, 1659966, 1);
INSERT INTO interacts VALUES(153181265911, 1, 'aphromoo', 2010, 1660063, 1);
INSERT INTO interacts VALUES(153181265911, 1, 'Stixxay', 2140, 1663374, 1);
INSERT INTO interacts VALUES(153181265911, 1, 'Mata', 3801, 1669696, 1);
INSERT INTO interacts VALUES(153181265911, 1, 'Huhi', 2139, 1683639, 1);
INSERT INTO interacts VALUES(153181265911, 1, 'Wuxx', 1083, 1695436, 0);
INSERT INTO interacts VALUES(153181265911, 1, 'Wuxx', 3035, 1700703, 1);
INSERT INTO interacts VALUES(153181265911, 1, 'Stixxay', 1083, 1744925, 0);
INSERT INTO interacts VALUES(153181265911, 1, 'Stixxay', 1053, 1745969, 1);
INSERT INTO interacts VALUES(153181265911, 1, 'aphromoo', 3067, 1749437, 1);
INSERT INTO interacts VALUES(153181265911, 1, 'aphromoo', 2010, 1750394, 1);
INSERT INTO interacts VALUES(153181265911, 1, 'Xmithie', 3094, 1755160, 1);
INSERT INTO interacts VALUES(153181265911, 1, 'Xmithie', 2043, 1756271, 1);
INSERT INTO interacts VALUES(153181265911, 1, 'Mata', 3105, 1761518, 1);
INSERT INTO interacts VALUES(153181265911, 1, 'Mata', 2043, 1762397, 1);
INSERT INTO interacts VALUES(153181265911, 1, 'Huhi', 1029, 1764222, 1);
INSERT INTO interacts VALUES(153181265911, 1, 'mlxg', 3025, 1834523, 1);
INSERT INTO interacts VALUES(153181265911, 1, 'Looper', 2043, 1837000, 1);
INSERT INTO interacts VALUES(153181265911, 1, 'Darshan', 3110, 1874067, 1);
INSERT INTO interacts VALUES(153181265911, 1, 'Stixxay', 1055, 1907714, 0);
INSERT INTO interacts VALUES(153181265911, 1, 'Stixxay', 3140, 1909050, 1);
INSERT INTO interacts VALUES(153181265911, 1, 'Huhi', 3191, 1913115, 1);
INSERT INTO interacts VALUES(153181265911, 1, 'aphromoo', 3190, 1916797, 1);
INSERT INTO interacts VALUES(153181265911, 1, 'Looper', 2043, 1917065, 0);
INSERT INTO interacts VALUES(153181265911, 1, 'aphromoo', 2043, 1917550, 1);
INSERT INTO interacts VALUES(153181265911, 1, 'aphromoo', 2010, 1917905, 1);
INSERT INTO interacts VALUES(153181265911, 1, 'aphromoo', 2010, 1918067, 1);
INSERT INTO interacts VALUES(153181265911, 1, 'Looper', 3057, 1918426, 1);
INSERT INTO interacts VALUES(153181265911, 1, 'Xmithie', 3123, 1937566, 1);
INSERT INTO interacts VALUES(153181265911, 1, 'Huhi', 1306, 1947792, 1);
INSERT INTO interacts VALUES(153181265911, 1, 'Huhi', 2043, 1949739, 1);
INSERT INTO interacts VALUES(153181265911, 1, 'aphromoo', 1308, 1950946, 1);
INSERT INTO interacts VALUES(153181265911, 1, 'aphromoo', 1306, 1953163, 1);
INSERT INTO interacts VALUES(153181265911, 1, 'Mata', 3190, 1961464, 1);
INSERT INTO interacts VALUES(153181265911, 1, 'Mata', 2043, 1962700, 1);
INSERT INTO interacts VALUES(153181265911, 1, 'Wuxx', 3139, 1963711, 1);
INSERT INTO interacts VALUES(153181265911, 1, 'Mata', 1029, 1965725, 1);
INSERT INTO interacts VALUES(153181265911, 1, 'xiaohu', 3135, 1972725, 1);
INSERT INTO interacts VALUES(153181265911, 1, 'Xmithie', 2140, 1978782, 1);
INSERT INTO interacts VALUES(153181265911, 1, 'xiaohu', 1058, 1981801, 1);
INSERT INTO interacts VALUES(153181265911, 1, 'mlxg', 2032, 2002676, 0);
INSERT INTO interacts VALUES(153181265911, 1, 'mlxg', 1058, 2004089, 1);
INSERT INTO interacts VALUES(153181265911, 1, 'mlxg', 2043, 2005699, 1);
INSERT INTO interacts VALUES(153181265911, 1, 'Looper', 3025, 2041297, 1);
INSERT INTO interacts VALUES(153181265911, 1, 'Stixxay', 3139, 2043002, 1);
INSERT INTO interacts VALUES(153181265911, 1, 'Mata', 2043, 2053683, 1);
INSERT INTO interacts VALUES(153181265911, 1, 'xiaohu', 1026, 2067165, 1);
INSERT INTO interacts VALUES(153181265911, 1, 'Stixxay', 2043, 2067295, 1);
INSERT INTO interacts VALUES(153181265911, 1, 'aphromoo', 3114, 2072958, 1);
INSERT INTO interacts VALUES(153181265911, 1, 'Looper', 3082, 2088416, 1);
INSERT INTO interacts VALUES(153181265911, 1, 'Looper', 2033, 2089687, 0);
INSERT INTO interacts VALUES(153181265911, 1, 'Looper', 2043, 2090761, 1);
INSERT INTO interacts VALUES(153181265911, 1, 'Darshan', 1056, 2094101, 0);
INSERT INTO interacts VALUES(153181265911, 1, 'Darshan', 1031, 2094760, 1);
INSERT INTO interacts VALUES(153181265911, 1, 'Huhi', 1058, 2095725, 1);
INSERT INTO interacts VALUES(153181265911, 1, 'Darshan', 1056, 2104694, 0);
INSERT INTO interacts VALUES(153181265911, 1, 'Xmithie', 3033, 2104726, 1);
INSERT INTO interacts VALUES(153181265911, 1, 'Darshan', 2043, 2105776, 1);
INSERT INTO interacts VALUES(153181265911, 1, 'Stixxay', 2140, 2113340, 1);
INSERT INTO interacts VALUES(153181265911, 1, 'Huhi', 2139, 2121431, 1);
INSERT INTO interacts VALUES(153181265911, 1, 'Looper', 1011, 2142151, 1);
INSERT INTO interacts VALUES(153181265911, 1, 'Wuxx', 3036, 2143770, 1);
INSERT INTO interacts VALUES(153181265911, 1, 'Darshan', 2138, 2186433, 1);
INSERT INTO interacts VALUES(153181265911, 1, 'aphromoo', 2010, 2240849, 0);
INSERT INTO interacts VALUES(153181265911, 1, 'mlxg', 3157, 2241906, 1);
INSERT INTO interacts VALUES(153181265911, 1, 'Wuxx', 1055, 2242626, 0);
INSERT INTO interacts VALUES(153181265911, 1, 'Stixxay', 2043, 2243154, 0);
INSERT INTO interacts VALUES(153181265911, 1, 'aphromoo', 3028, 2243809, 1);
INSERT INTO interacts VALUES(153181265911, 1, 'Wuxx', 1038, 2243888, 1);
INSERT INTO interacts VALUES(153181265911, 1, 'Stixxay', 3035, 2244533, 1);
INSERT INTO interacts VALUES(153181265911, 1, 'Mata', 3082, 2245589, 1);
INSERT INTO interacts VALUES(153181265911, 1, 'Darshan', 1029, 2246114, 1);
INSERT INTO interacts VALUES(153181265911, 1, 'Mata', 2043, 2246794, 1);
INSERT INTO interacts VALUES(153181265911, 1, 'Looper', 3143, 2250846, 1);
INSERT INTO interacts VALUES(153181265911, 1, 'Xmithie', 2140, 2258657, 1);
INSERT INTO interacts VALUES(153181265911, 1, 'mlxg', 2043, 2266827, 0);
INSERT INTO interacts VALUES(153181265911, 1, 'mlxg', 2043, 2266960, 0);
INSERT INTO interacts VALUES(153181265911, 1, 'Stixxay', 2140, 2295959, 1);
INSERT INTO interacts VALUES(153181265911, 1, 'Mata', 3110, 2334498, 1);
INSERT INTO interacts VALUES(153181265911, 1, 'xiaohu', 3089, 2334749, 1);
INSERT INTO interacts VALUES(153181265911, 1, 'aphromoo', 3222, 2342114, 1);
INSERT INTO interacts VALUES(153181265911, 1, 'Mata', 2043, 2342563, 1);
INSERT INTO interacts VALUES(153181265911, 1, 'aphromoo', 2043, 2354141, 1);
INSERT INTO interacts VALUES(153181265911, 1, 'aphromoo', 2043, 2354294, 1);
INSERT INTO interacts VALUES(153181265911, 1, 'aphromoo', 2010, 2354488, 1);
INSERT INTO interacts VALUES(153181265911, 1, 'aphromoo', 2010, 2354631, 1);
INSERT INTO interacts VALUES(153181265911, 1, 'mlxg', 2043, 2362821, 0);
INSERT INTO interacts VALUES(153181265911, 1, 'mlxg', 1057, 2365007, 1);
INSERT INTO interacts VALUES(153181265911, 1, 'xiaohu', 2043, 2370880, 1);
INSERT INTO interacts VALUES(153181265911, 1, 'Huhi', 3157, 2384253, 1);
INSERT INTO interacts VALUES(153181265911, 1, 'Darshan', 3075, 2385266, 1);
INSERT INTO interacts VALUES(153181265911, 1, 'Darshan', 1057, 2386650, 1);
INSERT INTO interacts VALUES(153181265911, 1, 'Looper', 1011, 2387151, 1);
INSERT INTO interacts VALUES(153181265911, 1, 'Huhi', 1057, 2389247, 1);
INSERT INTO interacts VALUES(153181265911, 1, 'Huhi', 1056, 2390261, 0);
INSERT INTO interacts VALUES(153181265911, 1, 'Stixxay', 3033, 2409572, 1);
INSERT INTO interacts VALUES(153181265911, 1, 'Xmithie', 2032, 2411870, 0);
INSERT INTO interacts VALUES(153181265911, 1, 'Xmithie', 1053, 2413024, 1);
INSERT INTO interacts VALUES(153181265911, 1, 'Xmithie', 2140, 2415130, 1);
INSERT INTO interacts VALUES(153181265911, 1, 'Huhi', 1026, 2418311, 1);
INSERT INTO interacts VALUES(153181265911, 1, 'xiaohu', 2139, 2488499, 1);
INSERT INTO interacts VALUES(153181265911, 1, 'Mata', 2043, 2488828, 1);
INSERT INTO interacts VALUES(153181265911, 1, 'Mata', 2043, 2488935, 1);
INSERT INTO interacts VALUES(153181265911, 1, 'Mata', 3801, 2490487, 1);
INSERT INTO interacts VALUES(153181265911, 1, 'Wuxx', 3031, 2496800, 1);
INSERT INTO interacts VALUES(153181265911, 1, 'aphromoo', 2138, 2500281, 1);
INSERT INTO interacts VALUES(153181265911, 1, 'Huhi', 3001, 2513510, 1);
INSERT INTO interacts VALUES(153181265911, 1, 'Huhi', 2043, 2514780, 1);
INSERT INTO interacts VALUES(153181265911, 1, 'Huhi', 2043, 2515202, 1);
INSERT INTO interacts VALUES(153181265911, 1, 'Xmithie', 3363, 2603839, 1);
INSERT INTO teams VALUES('G2', 'EU', 'G2 Esports');
INSERT INTO participates VALUES('msi_2016', 'G2', 'UNKNOWN');
INSERT INTO teams VALUES('FW', 'LMS', 'Flash Wolves');
INSERT INTO participates VALUES('msi_2016', 'FW', 'UNKNOWN');
INSERT INTO series VALUES(58685448111, 1);
INSERT INTO organizes VALUES('msi_2016', 58685448111, 'group_stage - G2-vs-FW');
INSERT INTO competes VALUES(58685448111, 'G2', 1);
INSERT INTO competes VALUES(58685448111, 'FW', 0);
INSERT INTO matches VALUES(58685448111, 1, '2016-05-04');
INSERT INTO scores VALUES('G2', 58685448111, 1, 0, 6, 1, 2, 2, 0);
INSERT INTO scores VALUES('FW', 58685448111, 1, 1, 9, 0, 1, 3, 1);
INSERT INTO bans VALUES(58685448111, 1, 12, 1);
INSERT INTO bans VALUES(58685448111, 1, 412, 3);
INSERT INTO bans VALUES(58685448111, 1, 57, 5);
INSERT INTO bans VALUES(58685448111, 1, 76, 2);
INSERT INTO bans VALUES(58685448111, 1, 15, 4);
INSERT INTO bans VALUES(58685448111, 1, 432, 6);
INSERT INTO players VALUES('Kikis', date('1970-01-01'));
INSERT INTO registers VALUES('Kikis', 'G2', date('1970-01-01'), 'NULL');
INSERT INTO plays VALUES(58685448111, 1, 'Kikis', 48, 'Top', 3, 6, 4, 16647, 27, 13, 280, 9, 1, 16185);
INSERT INTO players VALUES('Trick', date('1970-01-01'));
INSERT INTO registers VALUES('Trick', 'G2', date('1970-01-01'), 'NULL');
INSERT INTO plays VALUES(58685448111, 1, 'Trick', 203, 'Jungle', 6, 8, 3, 23618, 8, 23, 102, 84, 38, 17276);
INSERT INTO players VALUES('Perkz', date('1970-01-01'));
INSERT INTO registers VALUES('Perkz', 'G2', date('1970-01-01'), 'NULL');
INSERT INTO plays VALUES(58685448111, 1, 'Perkz', 13, 'Mid', 2, 4, 3, 26763, 20, 11, 368, 40, 2, 18547);
INSERT INTO players VALUES('Emperor', date('1970-01-01'));
INSERT INTO registers VALUES('Emperor', 'G2', date('1970-01-01'), 'NULL');
INSERT INTO plays VALUES(58685448111, 1, 'Emperor', 236, 'ADC', 1, 5, 4, 31210, 20, 10, 382, 22, 2, 17978);
INSERT INTO players VALUES('Hybrid', date('1970-01-01'));
INSERT INTO registers VALUES('Hybrid', 'G2', date('1970-01-01'), 'NULL');
INSERT INTO plays VALUES(58685448111, 1, 'Hybrid', 40, 'Support', 0, 3, 8, 3839, 69, 18, 25, 0, 0, 11895);
INSERT INTO players VALUES('MMD', date('1970-01-01'));
INSERT INTO registers VALUES('MMD', 'FW', date('1970-01-01'), 'NULL');
INSERT INTO plays VALUES(58685448111, 1, 'MMD', 245, 'Top', 4, 2, 12, 13738, 24, 5, 307, 7, 2, 17095);
INSERT INTO players VALUES('Karsa', date('1970-01-01'));
INSERT INTO registers VALUES('Karsa', 'FW', date('1970-01-01'), 'NULL');
INSERT INTO plays VALUES(58685448111, 1, 'Karsa', 104, 'Jungle', 9, 3, 11, 24211, 14, 24, 90, 95, 18, 17401);
INSERT INTO players VALUES('Maple', date('1970-01-01'));
INSERT INTO registers VALUES('Maple', 'FW', date('1970-01-01'), 'NULL');
INSERT INTO plays VALUES(58685448111, 1, 'Maple', 268, 'Mid', 10, 2, 12, 45591, 29, 18, 327, 38, 12, 20198);
INSERT INTO players VALUES('NL', date('1970-01-01'));
INSERT INTO registers VALUES('NL', 'FW', date('1970-01-01'), 'NULL');
INSERT INTO plays VALUES(58685448111, 1, 'NL', 429, 'ADC', 3, 3, 13, 21370, 21, 15, 322, 17, 8, 17629);
INSERT INTO players VALUES('SwordArt', date('1970-01-01'));
INSERT INTO registers VALUES('SwordArt', 'FW', date('1970-01-01'), 'NULL');
INSERT INTO plays VALUES(58685448111, 1, 'SwordArt', 201, 'Support', 0, 2, 15, 5605, 55, 12, 50, 0, 0, 11889);
INSERT INTO interacts VALUES(58685448111, 1, 'Maple', 1056, 1320, 1);
INSERT INTO interacts VALUES(58685448111, 1, 'Maple', 2003, 1505, 1);
INSERT INTO interacts VALUES(58685448111, 1, 'Maple', 2003, 1634, 1);
INSERT INTO interacts VALUES(58685448111, 1, 'Maple', 3340, 1797, 1);
INSERT INTO interacts VALUES(58685448111, 1, 'SwordArt', 3340, 1839, 1);
INSERT INTO interacts VALUES(58685448111, 1, 'Hybrid', 3303, 1862, 1);
INSERT INTO interacts VALUES(58685448111, 1, 'Kikis', 2033, 1959, 1);
INSERT INTO interacts VALUES(58685448111, 1, 'Kikis', 3340, 2122, 1);
INSERT INTO interacts VALUES(58685448111, 1, 'Hybrid', 2010, 2315, 1);
INSERT INTO interacts VALUES(58685448111, 1, 'Karsa', 1041, 2380, 1);
INSERT INTO interacts VALUES(58685448111, 1, 'SwordArt', 2010, 2380, 1);
INSERT INTO interacts VALUES(58685448111, 1, 'SwordArt', 2010, 2542, 1);
INSERT INTO interacts VALUES(58685448111, 1, 'Hybrid', 2010, 2542, 1);
INSERT INTO interacts VALUES(58685448111, 1, 'NL', 1055, 2615, 1);
INSERT INTO interacts VALUES(58685448111, 1, 'SwordArt', 2010, 2674, 1);
INSERT INTO interacts VALUES(58685448111, 1, 'Hybrid', 2010, 2738, 1);
INSERT INTO interacts VALUES(58685448111, 1, 'NL', 2010, 2879, 1);
INSERT INTO interacts VALUES(58685448111, 1, 'Karsa', 2031, 2965, 1);
INSERT INTO interacts VALUES(58685448111, 1, 'Hybrid', 3340, 2998, 1);
INSERT INTO interacts VALUES(58685448111, 1, 'SwordArt', 3302, 3031, 1);
INSERT INTO interacts VALUES(58685448111, 1, 'NL', 3340, 3137, 1);
INSERT INTO interacts VALUES(58685448111, 1, 'Karsa', 3340, 3256, 1);
INSERT INTO interacts VALUES(58685448111, 1, 'Trick', 1039, 3396, 1);
INSERT INTO interacts VALUES(58685448111, 1, 'Trick', 2031, 3613, 1);
INSERT INTO interacts VALUES(58685448111, 1, 'Emperor', 1055, 3613, 1);
INSERT INTO interacts VALUES(58685448111, 1, 'MMD', 2033, 3743, 1);
INSERT INTO interacts VALUES(58685448111, 1, 'Emperor', 2010, 3841, 1);
INSERT INTO interacts VALUES(58685448111, 1, 'Emperor', 3340, 4103, 1);
INSERT INTO interacts VALUES(58685448111, 1, 'Trick', 3340, 4103, 1);
INSERT INTO interacts VALUES(58685448111, 1, 'MMD', 3340, 4199, 1);
INSERT INTO interacts VALUES(58685448111, 1, 'Perkz', 1056, 4979, 1);
INSERT INTO interacts VALUES(58685448111, 1, 'Perkz', 2010, 5239, 1);
INSERT INTO interacts VALUES(58685448111, 1, 'Perkz', 2010, 5533, 1);
INSERT INTO interacts VALUES(58685448111, 1, 'Perkz', 3340, 5895, 1);
INSERT INTO interacts VALUES(58685448111, 1, 'Perkz', 3070, 248958, 1);
INSERT INTO interacts VALUES(58685448111, 1, 'Trick', 3715, 254027, 1);
INSERT INTO interacts VALUES(58685448111, 1, 'Maple', 1056, 254387, 1);
INSERT INTO interacts VALUES(58685448111, 1, 'Maple', 1042, 255401, 1);
INSERT INTO interacts VALUES(58685448111, 1, 'Trick', 2032, 256110, 1);
INSERT INTO interacts VALUES(58685448111, 1, 'Maple', 2043, 257054, 1);
INSERT INTO interacts VALUES(58685448111, 1, 'Maple', 2003, 257574, 1);
INSERT INTO interacts VALUES(58685448111, 1, 'MMD', 1056, 318821, 1);
INSERT INTO interacts VALUES(58685448111, 1, 'MMD', 1056, 319119, 1);
INSERT INTO interacts VALUES(58685448111, 1, 'MMD', 1001, 321838, 1);
INSERT INTO interacts VALUES(58685448111, 1, 'Kikis', 1028, 325528, 1);
INSERT INTO interacts VALUES(58685448111, 1, 'Kikis', 3052, 329207, 1);
INSERT INTO interacts VALUES(58685448111, 1, 'Kikis', 2043, 329597, 1);
INSERT INTO interacts VALUES(58685448111, 1, 'Karsa', 3715, 335391, 1);
INSERT INTO interacts VALUES(58685448111, 1, 'Karsa', 1036, 336572, 1);
INSERT INTO interacts VALUES(58685448111, 1, 'Karsa', 1001, 337414, 1);
INSERT INTO interacts VALUES(58685448111, 1, 'Trick', 1043, 378486, 1);
INSERT INTO interacts VALUES(58685448111, 1, 'Maple', 1042, 380641, 1);
INSERT INTO interacts VALUES(58685448111, 1, 'Maple', 2043, 387542, 0);
INSERT INTO interacts VALUES(58685448111, 1, 'Maple', 1001, 388675, 1);
INSERT INTO interacts VALUES(58685448111, 1, 'Karsa', 1036, 391861, 1);
INSERT INTO interacts VALUES(58685448111, 1, 'Karsa', 2043, 392905, 1);
INSERT INTO interacts VALUES(58685448111, 1, 'Perkz', 1027, 393045, 1);
INSERT INTO interacts VALUES(58685448111, 1, 'Maple', 2003, 393198, 1);
INSERT INTO interacts VALUES(58685448111, 1, 'Trick', 2043, 393590, 1);
INSERT INTO interacts VALUES(58685448111, 1, 'Perkz', 1001, 394931, 1);
INSERT INTO interacts VALUES(58685448111, 1, 'Perkz', 1028, 459304, 1);
INSERT INTO interacts VALUES(58685448111, 1, 'Trick', 1415, 467280, 1);
INSERT INTO interacts VALUES(58685448111, 1, 'MMD', 3009, 471394, 1);
INSERT INTO interacts VALUES(58685448111, 1, 'MMD', 1028, 526532, 1);
INSERT INTO interacts VALUES(58685448111, 1, 'Emperor', 1038, 552040, 1);
INSERT INTO interacts VALUES(58685448111, 1, 'Emperor', 3133, 552334, 1);
INSERT INTO interacts VALUES(58685448111, 1, 'Hybrid', 2049, 552988, 1);
INSERT INTO interacts VALUES(58685448111, 1, 'Hybrid', 1001, 553458, 1);
INSERT INTO interacts VALUES(58685448111, 1, 'Emperor', 2010, 553640, 1);
INSERT INTO interacts VALUES(58685448111, 1, 'Emperor', 2010, 553772, 1);
INSERT INTO interacts VALUES(58685448111, 1, 'Emperor', 2043, 554097, 1);
INSERT INTO interacts VALUES(58685448111, 1, 'Hybrid', 2043, 554517, 1);
INSERT INTO interacts VALUES(58685448111, 1, 'Hybrid', 3341, 554914, 1);
INSERT INTO interacts VALUES(58685448111, 1, 'Kikis', 3077, 555433, 1);
INSERT INTO interacts VALUES(58685448111, 1, 'Perkz', 3010, 555609, 1);
INSERT INTO interacts VALUES(58685448111, 1, 'Kikis', 2043, 556585, 1);
INSERT INTO interacts VALUES(58685448111, 1, 'Perkz', 2043, 557186, 1);
INSERT INTO interacts VALUES(58685448111, 1, 'Maple', 3101, 562004, 1);
INSERT INTO interacts VALUES(58685448111, 1, 'SwordArt', 2049, 562527, 1);
INSERT INTO interacts VALUES(58685448111, 1, 'Maple', 3108, 563046, 1);
INSERT INTO interacts VALUES(58685448111, 1, 'SwordArt', 3341, 563180, 1);
INSERT INTO interacts VALUES(58685448111, 1, 'NL', 1053, 563530, 1);
INSERT INTO interacts VALUES(58685448111, 1, 'NL', 1043, 563957, 1);
INSERT INTO interacts VALUES(58685448111, 1, 'Maple', 2003, 564153, 0);
INSERT INTO interacts VALUES(58685448111, 1, 'NL', 1001, 564248, 1);
INSERT INTO interacts VALUES(58685448111, 1, 'Maple', 2043, 565001, 1);
INSERT INTO interacts VALUES(58685448111, 1, 'SwordArt', 3097, 565067, 1);
INSERT INTO interacts VALUES(58685448111, 1, 'SwordArt', 2043, 565443, 1);
INSERT INTO interacts VALUES(58685448111, 1, 'NL', 1036, 567049, 1);
INSERT INTO interacts VALUES(58685448111, 1, 'NL', 2010, 567796, 1);
INSERT INTO interacts VALUES(58685448111, 1, 'Trick', 3009, 611781, 1);
INSERT INTO interacts VALUES(58685448111, 1, 'Trick', 2043, 612701, 1);
INSERT INTO interacts VALUES(58685448111, 1, 'Trick', 3341, 613230, 1);
INSERT INTO interacts VALUES(58685448111, 1, 'Karsa', 1412, 615240, 1);
INSERT INTO interacts VALUES(58685448111, 1, 'Karsa', 1036, 616878, 1);
INSERT INTO interacts VALUES(58685448111, 1, 'Karsa', 2043, 617237, 1);
INSERT INTO interacts VALUES(58685448111, 1, 'Perkz', 3009, 660614, 1);
INSERT INTO interacts VALUES(58685448111, 1, 'Trick', 1042, 713561, 1);
INSERT INTO interacts VALUES(58685448111, 1, 'Trick', 1042, 713692, 1);
INSERT INTO interacts VALUES(58685448111, 1, 'SwordArt', 1001, 743283, 1);
INSERT INTO interacts VALUES(58685448111, 1, 'Kikis', 3748, 743739, 1);
INSERT INTO interacts VALUES(58685448111, 1, 'SwordArt', 2043, 744355, 1);
INSERT INTO interacts VALUES(58685448111, 1, 'SwordArt', 2031, 744763, 1);
INSERT INTO interacts VALUES(58685448111, 1, 'Hybrid', 2043, 753011, 1);
INSERT INTO interacts VALUES(58685448111, 1, 'Emperor', 3508, 753641, 1);
INSERT INTO interacts VALUES(58685448111, 1, 'Emperor', 1001, 754906, 1);
INSERT INTO interacts VALUES(58685448111, 1, 'Hybrid', 3098, 755268, 1);
INSERT INTO interacts VALUES(58685448111, 1, 'Emperor', 2043, 755916, 1);
INSERT INTO interacts VALUES(58685448111, 1, 'MMD', 3751, 767612, 1);
INSERT INTO interacts VALUES(58685448111, 1, 'MMD', 1031, 767956, 1);
INSERT INTO interacts VALUES(58685448111, 1, 'Maple', 3115, 778903, 1);
INSERT INTO interacts VALUES(58685448111, 1, 'NL', 3153, 781031, 1);
INSERT INTO interacts VALUES(58685448111, 1, 'Maple', 3009, 781759, 1);
INSERT INTO interacts VALUES(58685448111, 1, 'NL', 2010, 782692, 1);
INSERT INTO interacts VALUES(58685448111, 1, 'Maple', 2003, 783841, 1);
INSERT INTO interacts VALUES(58685448111, 1, 'Perkz', 3363, 787514, 1);
INSERT INTO interacts VALUES(58685448111, 1, 'Karsa', 3009, 787775, 1);
INSERT INTO interacts VALUES(58685448111, 1, 'Karsa', 3134, 788693, 1);
INSERT INTO interacts VALUES(58685448111, 1, 'Karsa', 2031, 790103, 0);
INSERT INTO interacts VALUES(58685448111, 1, 'Karsa', 2043, 790742, 1);
INSERT INTO interacts VALUES(58685448111, 1, 'Perkz', 1026, 792281, 1);
INSERT INTO interacts VALUES(58685448111, 1, 'SwordArt', 2303, 868621, 1);
INSERT INTO interacts VALUES(58685448111, 1, 'NL', 1042, 877222, 1);
INSERT INTO interacts VALUES(58685448111, 1, 'Karsa', 1033, 879306, 1);
INSERT INTO interacts VALUES(58685448111, 1, 'Karsa', 2043, 880051, 1);
INSERT INTO interacts VALUES(58685448111, 1, 'Trick', 1043, 881061, 1);
INSERT INTO interacts VALUES(58685448111, 1, 'Trick', 3086, 881777, 1);
INSERT INTO interacts VALUES(58685448111, 1, 'Karsa', 3364, 881840, 1);
INSERT INTO interacts VALUES(58685448111, 1, 'Trick', 2043, 883339, 1);
INSERT INTO interacts VALUES(58685448111, 1, 'Trick', 3364, 883778, 1);
INSERT INTO interacts VALUES(58685448111, 1, 'Hybrid', 3158, 888905, 1);
INSERT INTO interacts VALUES(58685448111, 1, 'Hybrid', 1029, 889557, 1);
INSERT INTO interacts VALUES(58685448111, 1, 'Hybrid', 1029, 889975, 1);
INSERT INTO interacts VALUES(58685448111, 1, 'Hybrid', 2010, 891541, 0);
INSERT INTO interacts VALUES(58685448111, 1, 'Hybrid', 2010, 891674, 0);
INSERT INTO interacts VALUES(58685448111, 1, 'Hybrid', 2043, 892293, 1);
INSERT INTO interacts VALUES(58685448111, 1, 'Hybrid', 2043, 892390, 1);
INSERT INTO interacts VALUES(58685448111, 1, 'Maple', 1028, 898637, 1);
INSERT INTO interacts VALUES(58685448111, 1, 'Maple', 2043, 899449, 1);
INSERT INTO interacts VALUES(58685448111, 1, 'Maple', 3363, 901103, 1);
INSERT INTO interacts VALUES(58685448111, 1, 'Emperor', 3086, 901581, 1);
INSERT INTO interacts VALUES(58685448111, 1, 'Emperor', 3363, 902179, 1);
INSERT INTO interacts VALUES(58685448111, 1, 'Emperor', 2010, 903052, 1);
INSERT INTO interacts VALUES(58685448111, 1, 'Kikis', 3009, 907914, 1);
INSERT INTO interacts VALUES(58685448111, 1, 'Kikis', 1033, 909860, 1);
INSERT INTO interacts VALUES(58685448111, 1, 'Kikis', 2043, 911048, 1);
INSERT INTO interacts VALUES(58685448111, 1, 'MMD', 3068, 933020, 1);
INSERT INTO interacts VALUES(58685448111, 1, 'MMD', 1033, 933839, 1);
INSERT INTO interacts VALUES(58685448111, 1, 'SwordArt', 2043, 989387, 1);
INSERT INTO interacts VALUES(58685448111, 1, 'Karsa', 1036, 995325, 1);
INSERT INTO interacts VALUES(58685448111, 1, 'Karsa', 1028, 996009, 1);
INSERT INTO interacts VALUES(58685448111, 1, 'NL', 3086, 1013853, 1);
INSERT INTO interacts VALUES(58685448111, 1, 'NL', 1042, 1014190, 1);
INSERT INTO interacts VALUES(58685448111, 1, 'NL', 3363, 1016359, 1);
INSERT INTO interacts VALUES(58685448111, 1, 'Maple', 1058, 1021858, 1);
INSERT INTO interacts VALUES(58685448111, 1, 'SwordArt', 3009, 1025241, 1);
INSERT INTO interacts VALUES(58685448111, 1, 'Kikis', 3211, 1030468, 1);
INSERT INTO interacts VALUES(58685448111, 1, 'Hybrid', 3024, 1036103, 1);
INSERT INTO interacts VALUES(58685448111, 1, 'Hybrid', 2043, 1036691, 1);
INSERT INTO interacts VALUES(58685448111, 1, 'Hybrid', 2043, 1036820, 1);
INSERT INTO interacts VALUES(58685448111, 1, 'Hybrid', 3364, 1037147, 1);
INSERT INTO interacts VALUES(58685448111, 1, 'Trick', 3085, 1051354, 1);
INSERT INTO interacts VALUES(58685448111, 1, 'Trick', 3155, 1055325, 1);
INSERT INTO interacts VALUES(58685448111, 1, 'Perkz', 3027, 1055615, 1);
INSERT INTO interacts VALUES(58685448111, 1, 'Trick', 2043, 1055748, 1);
INSERT INTO interacts VALUES(58685448111, 1, 'Perkz', 1058, 1056598, 1);
INSERT INTO interacts VALUES(58685448111, 1, 'Perkz', 2043, 1057578, 1);
INSERT INTO interacts VALUES(58685448111, 1, 'Emperor', 3094, 1058826, 1);
INSERT INTO interacts VALUES(58685448111, 1, 'Emperor', 2010, 1060805, 1);
INSERT INTO interacts VALUES(58685448111, 1, 'Emperor', 2043, 1061068, 1);
INSERT INTO interacts VALUES(58685448111, 1, 'MMD', 3140, 1068231, 1);
INSERT INTO interacts VALUES(58685448111, 1, 'Karsa', 3155, 1111752, 1);
INSERT INTO interacts VALUES(58685448111, 1, 'Karsa', 2043, 1112603, 1);
INSERT INTO interacts VALUES(58685448111, 1, 'Maple', 1011, 1147108, 1);
INSERT INTO interacts VALUES(58685448111, 1, 'NL', 1042, 1148414, 1);
INSERT INTO interacts VALUES(58685448111, 1, 'Kikis', 3024, 1177531, 1);
INSERT INTO interacts VALUES(58685448111, 1, 'Hybrid', 3082, 1177531, 1);
INSERT INTO interacts VALUES(58685448111, 1, 'Hybrid', 2043, 1178311, 1);
INSERT INTO interacts VALUES(58685448111, 1, 'Emperor', 3006, 1181073, 1);
INSERT INTO interacts VALUES(58685448111, 1, 'Karsa', 1036, 1182633, 1);
INSERT INTO interacts VALUES(58685448111, 1, 'Trick', 2043, 1185777, 0);
INSERT INTO interacts VALUES(58685448111, 1, 'Trick', 1036, 1187278, 1);
INSERT INTO interacts VALUES(58685448111, 1, 'Emperor', 2010, 1188481, 1);
INSERT INTO interacts VALUES(58685448111, 1, 'MMD', 1056, 1220864, 0);
INSERT INTO interacts VALUES(58685448111, 1, 'SwordArt', 1033, 1221838, 1);
INSERT INTO interacts VALUES(58685448111, 1, 'MMD', 3211, 1222567, 1);
INSERT INTO interacts VALUES(58685448111, 1, 'SwordArt', 1028, 1223093, 1);
INSERT INTO interacts VALUES(58685448111, 1, 'SwordArt', 3364, 1223434, 1);
INSERT INTO interacts VALUES(58685448111, 1, 'SwordArt', 2043, 1224670, 1);
INSERT INTO interacts VALUES(58685448111, 1, 'NL', 3085, 1261238, 1);
INSERT INTO interacts VALUES(58685448111, 1, 'NL', 1042, 1262996, 1);
INSERT INTO interacts VALUES(58685448111, 1, 'Maple', 3116, 1275928, 1);
INSERT INTO interacts VALUES(58685448111, 1, 'Maple', 1026, 1277135, 1);
INSERT INTO interacts VALUES(58685448111, 1, 'Hybrid', 3110, 1279518, 1);
INSERT INTO interacts VALUES(58685448111, 1, 'Hybrid', 2043, 1282252, 1);
INSERT INTO interacts VALUES(58685448111, 1, 'SwordArt', 3801, 1283784, 1);
INSERT INTO interacts VALUES(58685448111, 1, 'MMD', 1308, 1308404, 1);
INSERT INTO interacts VALUES(58685448111, 1, 'Perkz', 3003, 1310425, 1);
INSERT INTO interacts VALUES(58685448111, 1, 'Trick', 3156, 1310467, 1);
INSERT INTO interacts VALUES(58685448111, 1, 'Karsa', 3156, 1310950, 1);
INSERT INTO interacts VALUES(58685448111, 1, 'Trick', 2043, 1311353, 1);
INSERT INTO interacts VALUES(58685448111, 1, 'Perkz', 1026, 1311630, 1);
INSERT INTO interacts VALUES(58685448111, 1, 'Karsa', 2043, 1311922, 1);
INSERT INTO interacts VALUES(58685448111, 1, 'Kikis', 2033, 1315967, 0);
INSERT INTO interacts VALUES(58685448111, 1, 'Kikis', 3025, 1317351, 1);
INSERT INTO interacts VALUES(58685448111, 1, 'Kikis', 2043, 1317662, 1);
INSERT INTO interacts VALUES(58685448111, 1, 'Hybrid', 2043, 1382433, 1);
INSERT INTO interacts VALUES(58685448111, 1, 'Trick', 1028, 1441484, 1);
INSERT INTO interacts VALUES(58685448111, 1, 'NL', 3006, 1461214, 1);
INSERT INTO interacts VALUES(58685448111, 1, 'Emperor', 1038, 1461510, 1);
INSERT INTO interacts VALUES(58685448111, 1, 'Emperor', 2010, 1463563, 0);
INSERT INTO interacts VALUES(58685448111, 1, 'Emperor', 1037, 1464242, 1);
INSERT INTO interacts VALUES(58685448111, 1, 'Hybrid', 1033, 1466629, 1);
INSERT INTO interacts VALUES(58685448111, 1, 'NL', 1038, 1471559, 1);
INSERT INTO interacts VALUES(58685448111, 1, 'NL', 3140, 1473509, 1);
INSERT INTO interacts VALUES(58685448111, 1, 'Karsa', 3052, 1475595, 1);
INSERT INTO interacts VALUES(58685448111, 1, 'Karsa', 1042, 1476833, 1);
INSERT INTO interacts VALUES(58685448111, 1, 'SwordArt', 3105, 1477221, 1);
INSERT INTO interacts VALUES(58685448111, 1, 'Karsa', 2043, 1477727, 1);
INSERT INTO interacts VALUES(58685448111, 1, 'SwordArt', 1028, 1477914, 1);
INSERT INTO interacts VALUES(58685448111, 1, 'SwordArt', 2043, 1478626, 1);
INSERT INTO interacts VALUES(58685448111, 1, 'Trick', 3052, 1490253, 1);
INSERT INTO interacts VALUES(58685448111, 1, 'Kikis', 3067, 1490600, 1);
INSERT INTO interacts VALUES(58685448111, 1, 'Kikis', 2043, 1494112, 1);
INSERT INTO interacts VALUES(58685448111, 1, 'Perkz', 3001, 1530751, 1);
INSERT INTO interacts VALUES(58685448111, 1, 'Hybrid', 1332, 1539815, 1);
INSERT INTO interacts VALUES(58685448111, 1, 'Karsa', 3086, 1558598, 1);
INSERT INTO interacts VALUES(58685448111, 1, 'SwordArt', 3067, 1559381, 1);
INSERT INTO interacts VALUES(58685448111, 1, 'Maple', 3135, 1560304, 1);
INSERT INTO interacts VALUES(58685448111, 1, 'SwordArt', 2031, 1561865, 0);
INSERT INTO interacts VALUES(58685448111, 1, 'SwordArt', 2043, 1562519, 1);
INSERT INTO interacts VALUES(58685448111, 1, 'MMD', 1056, 1565430, 0);
INSERT INTO interacts VALUES(58685448111, 1, 'MMD', 3065, 1566469, 1);
INSERT INTO interacts VALUES(58685448111, 1, 'MMD', 2043, 1567672, 1);
INSERT INTO interacts VALUES(58685448111, 1, 'Kikis', 3065, 1610682, 1);
INSERT INTO interacts VALUES(58685448111, 1, 'Trick', 2032, 1624438, 0);
INSERT INTO interacts VALUES(58685448111, 1, 'Maple', 1056, 1625514, 0);
INSERT INTO interacts VALUES(58685448111, 1, 'Maple', 2043, 1626658, 1);
INSERT INTO interacts VALUES(58685448111, 1, 'Maple', 2139, 1629765, 1);
INSERT INTO interacts VALUES(58685448111, 1, 'Perkz', 1026, 1644195, 1);
INSERT INTO interacts VALUES(58685448111, 1, 'Trick', 3053, 1646472, 1);
INSERT INTO interacts VALUES(58685448111, 1, 'Emperor', 3031, 1710862, 1);
INSERT INTO interacts VALUES(58685448111, 1, 'Kikis', 1028, 1765982, 1);
INSERT INTO interacts VALUES(58685448111, 1, 'Kikis', 1029, 1767625, 1);
INSERT INTO interacts VALUES(58685448111, 1, 'Trick', 1033, 1770020, 1);
INSERT INTO interacts VALUES(58685448111, 1, 'Perkz', 2139, 1774821, 1);
INSERT INTO interacts VALUES(58685448111, 1, 'Karsa', 3094, 1854907, 1);
INSERT INTO interacts VALUES(58685448111, 1, 'Karsa', 2043, 1856863, 1);
INSERT INTO interacts VALUES(58685448111, 1, 'Karsa', 2043, 1857492, 1);
INSERT INTO interacts VALUES(58685448111, 1, 'Hybrid', 3105, 1860363, 1);
INSERT INTO interacts VALUES(58685448111, 1, 'Hybrid', 2043, 1861145, 1);
INSERT INTO interacts VALUES(58685448111, 1, 'Hybrid', 2043, 1861243, 1);
INSERT INTO interacts VALUES(58685448111, 1, 'Kikis', 3082, 1874761, 1);
INSERT INTO interacts VALUES(58685448111, 1, 'NL', 3033, 1891789, 1);
INSERT INTO interacts VALUES(58685448111, 1, 'SwordArt', 3190, 1893091, 1);
INSERT INTO interacts VALUES(58685448111, 1, 'Maple', 1058, 1893253, 1);
INSERT INTO interacts VALUES(58685448111, 1, 'SwordArt', 3024, 1894099, 1);
INSERT INTO interacts VALUES(58685448111, 1, 'Maple', 1056, 1894498, 0);
INSERT INTO interacts VALUES(58685448111, 1, 'Maple', 1026, 1895415, 1);
INSERT INTO interacts VALUES(58685448111, 1, 'SwordArt', 1308, 1896003, 1);
INSERT INTO interacts VALUES(58685448111, 1, 'Maple', 2139, 1896897, 1);
INSERT INTO interacts VALUES(58685448111, 1, 'SwordArt', 2043, 1896897, 1);
INSERT INTO interacts VALUES(58685448111, 1, 'SwordArt', 2043, 1897009, 1);
INSERT INTO interacts VALUES(58685448111, 1, 'Perkz', 3135, 1901632, 1);
INSERT INTO interacts VALUES(58685448111, 1, 'Karsa', 2140, 1902106, 1);
INSERT INTO interacts VALUES(58685448111, 1, 'Emperor', 3155, 1920655, 1);
INSERT INTO interacts VALUES(58685448111, 1, 'MMD', 2033, 1923789, 0);
INSERT INTO interacts VALUES(58685448111, 1, 'MMD', 3025, 1927293, 1);
INSERT INTO interacts VALUES(58685448111, 1, 'MMD', 2043, 1927846, 1);
INSERT INTO interacts VALUES(58685448111, 1, 'Hybrid', 2043, 1958242, 0);
INSERT INTO interacts VALUES(58685448111, 1, 'Hybrid', 2301, 1959543, 1);
INSERT INTO interacts VALUES(58685448111, 1, 'Trick', 3140, 1987776, 1);
INSERT INTO interacts VALUES(58685448111, 1, 'Hybrid', 2043, 2057086, 1);
INSERT INTO interacts VALUES(58685448111, 1, 'Hybrid', 2043, 2057371, 1);
INSERT INTO interacts VALUES(58685448111, 1, 'MMD', 1031, 2063537, 1);
INSERT INTO interacts VALUES(58685448111, 1, 'NL', 1055, 2064027, 0);
INSERT INTO interacts VALUES(58685448111, 1, 'SwordArt', 1029, 2064487, 1);
INSERT INTO interacts VALUES(58685448111, 1, 'SwordArt', 2043, 2065175, 1);
INSERT INTO interacts VALUES(58685448111, 1, 'NL', 1038, 2065302, 1);
INSERT INTO interacts VALUES(58685448111, 1, 'SwordArt', 2043, 2065337, 1);
INSERT INTO interacts VALUES(58685448111, 1, 'SwordArt', 2138, 2067241, 1);
INSERT INTO interacts VALUES(58685448111, 1, 'Karsa', 3053, 2079573, 1);
INSERT INTO interacts VALUES(58685448111, 1, 'Hybrid', 1028, 2111920, 1);
INSERT INTO interacts VALUES(58685448111, 1, 'Maple', 3089, 2115862, 1);
INSERT INTO interacts VALUES(58685448111, 1, 'Maple', 2043, 2116788, 1);
INSERT INTO interacts VALUES(58685448111, 1, 'Kikis', 3143, 2118364, 1);
INSERT INTO interacts VALUES(58685448111, 1, 'Kikis', 2043, 2119630, 1);
INSERT INTO interacts VALUES(58685448111, 1, 'Trick', 3140, 2124542, 0);
INSERT INTO interacts VALUES(58685448111, 1, 'Trick', 3035, 2130623, 1);
INSERT INTO interacts VALUES(58685448111, 1, 'Perkz', 1056, 2140344, 0);
INSERT INTO interacts VALUES(58685448111, 1, 'Perkz', 1058, 2141817, 1);
INSERT INTO interacts VALUES(58685448111, 1, 'SwordArt', 2043, 2153251, 1);
INSERT INTO interacts VALUES(58685448111, 1, 'SwordArt', 2043, 2153414, 1);
INSERT INTO interacts VALUES(58685448111, 1, 'Kikis', 2043, 2181811, 1);
INSERT INTO interacts VALUES(58685448111, 1, 'Emperor', 3156, 2186328, 1);
INSERT INTO interacts VALUES(58685448111, 1, 'Perkz', 2139, 2216831, 1);
INSERT INTO interacts VALUES(58685448111, 1, 'Hybrid', 2043, 2237159, 1);
INSERT INTO interacts VALUES(58685448111, 1, 'Hybrid', 3067, 2243403, 1);
INSERT INTO interacts VALUES(58685448111, 1, 'Hybrid', 3190, 2295897, 1);
INSERT INTO interacts VALUES(58685448111, 1, 'Hybrid', 2043, 2296610, 1);
INSERT INTO interacts VALUES(58685448111, 1, 'SwordArt', 3082, 2299521, 1);
INSERT INTO interacts VALUES(58685448111, 1, 'MMD', 3026, 2299816, 1);
INSERT INTO interacts VALUES(58685448111, 1, 'SwordArt', 2043, 2299981, 1);
INSERT INTO interacts VALUES(58685448111, 1, 'Kikis', 3009, 2300077, 0);
INSERT INTO interacts VALUES(58685448111, 1, 'SwordArt', 2043, 2300109, 1);
INSERT INTO interacts VALUES(58685448111, 1, 'Kikis', 3111, 2301028, 1);
INSERT INTO interacts VALUES(58685448111, 1, 'Maple', 1058, 2302700, 1);
INSERT INTO interacts VALUES(58685448111, 1, 'Kikis', 1029, 2304107, 1);
INSERT INTO interacts VALUES(58685448111, 1, 'Karsa', 3035, 2306402, 1);
INSERT INTO interacts VALUES(58685448111, 1, 'Kikis', 3047, 2307909, 1);
INSERT INTO interacts VALUES(58685448111, 1, 'Kikis', 2138, 2309284, 1);
INSERT INTO interacts VALUES(58685448111, 1, 'Emperor', 1055, 2325732, 0);
INSERT INTO interacts VALUES(58685448111, 1, 'Emperor', 3035, 2328463, 1);
INSERT INTO interacts VALUES(58685448111, 1, 'Trick', 1306, 2338990, 1);
INSERT INTO interacts VALUES(58685448111, 1, 'Trick', 2140, 2345821, 1);
INSERT INTO interacts VALUES(58685448111, 1, 'Maple', 2139, 2384121, 1);
INSERT INTO interacts VALUES(58685448111, 1, 'SwordArt', 3110, 2434624, 1);
INSERT INTO interacts VALUES(58685448111, 1, 'SwordArt', 2043, 2435313, 1);
INSERT INTO interacts VALUES(58685448111, 1, 'Hybrid', 3028, 2479748, 1);
INSERT INTO interacts VALUES(58685448111, 1, 'Kikis', 1033, 2485235, 1);
INSERT INTO interacts VALUES(58685448111, 1, 'MMD', 1308, 2488283, 0);
INSERT INTO interacts VALUES(58685448111, 1, 'NL', 3072, 2489783, 1);
INSERT INTO interacts VALUES(58685448111, 1, 'MMD', 1323, 2490120, 1);
INSERT INTO interacts VALUES(58685448111, 1, 'MMD', 2138, 2492917, 1);
INSERT INTO interacts VALUES(58685448111, 1, 'Karsa', 3033, 2493606, 1);
INSERT INTO interacts VALUES(58685448111, 1, 'Perkz', 3089, 2498974, 1);
INSERT INTO interacts VALUES(58685448111, 1, 'Trick', 3033, 2529153, 1);
INSERT INTO interacts VALUES(58685448111, 1, 'Hybrid', 2043, 2532473, 1);
INSERT INTO interacts VALUES(58685448111, 1, 'Hybrid', 2043, 2532541, 1);
INSERT INTO interacts VALUES(58685448111, 1, 'Perkz', 2139, 2552782, 1);
INSERT INTO interacts VALUES(58685448111, 1, 'Emperor', 3033, 2555655, 1);
INSERT INTO interacts VALUES(58685448111, 1, 'Trick', 2140, 2588786, 1);
INSERT INTO interacts VALUES(58685448111, 1, 'Kikis', 1057, 2612932, 1);
INSERT INTO interacts VALUES(58685448111, 1, 'Kikis', 2138, 2613854, 1);
INSERT INTO interacts VALUES(58685448111, 1, 'MMD', 2138, 2653146, 1);
INSERT INTO interacts VALUES(58685448111, 1, 'Perkz', 1308, 2657252, 1);
INSERT INTO teams VALUES('SKT', 'LCK', 'SK Telecom T1');
INSERT INTO participates VALUES('msi_2016', 'SKT', 'UNKNOWN');
INSERT INTO teams VALUES('SUP', 'UNKNOWN', 'SuperMassive');
INSERT INTO participates VALUES('msi_2016', 'SUP', 'UNKNOWN');
INSERT INTO series VALUES(537394603808, 1);
INSERT INTO organizes VALUES('msi_2016', 537394603808, 'group_stage - SKT-vs-SUP');
INSERT INTO competes VALUES(537394603808, 'SKT', 1);
INSERT INTO competes VALUES(537394603808, 'SUP', 0);
INSERT INTO matches VALUES(537394603808, 1, '2016-05-04');
INSERT INTO scores VALUES('SKT', 537394603808, 1, 1, 8, 2, 0, 3, 1);
INSERT INTO scores VALUES('SUP', 537394603808, 1, 0, 1, 0, 1, 0, 0);
INSERT INTO bans VALUES(537394603808, 1, 127, 1);
INSERT INTO bans VALUES(537394603808, 1, 432, 3);
INSERT INTO bans VALUES(537394603808, 1, 57, 5);
INSERT INTO bans VALUES(537394603808, 1, 12, 2);
INSERT INTO bans VALUES(537394603808, 1, 201, 4);
INSERT INTO bans VALUES(537394603808, 1, 76, 6);
INSERT INTO players VALUES('Duke', date('1970-01-01'));
INSERT INTO registers VALUES('Duke', 'SKT', date('1970-01-01'), 'NULL');
INSERT INTO plays VALUES(537394603808, 1, 'Duke', 245, 'Top', 5, 0, 8, 15022, 13, 5, 211, 0, 7, 12303);
INSERT INTO players VALUES('Blank', date('1970-01-01'));
INSERT INTO registers VALUES('Blank', 'SKT', date('1970-01-01'), 'NULL');
INSERT INTO plays VALUES(537394603808, 1, 'Blank', 203, 'Jungle', 5, 1, 7, 12964, 28, 20, 57, 80, 32, 12778);
INSERT INTO players VALUES('Faker', date('1970-01-01'));
INSERT INTO registers VALUES('Faker', 'SKT', date('1970-01-01'), 'NULL');
INSERT INTO plays VALUES(537394603808, 1, 'Faker', 13, 'Mid', 5, 0, 6, 16278, 16, 3, 258, 12, 3, 12695);
INSERT INTO players VALUES('Bang', date('1970-01-01'));
INSERT INTO registers VALUES('Bang', 'SKT', date('1970-01-01'), 'NULL');
INSERT INTO plays VALUES(537394603808, 1, 'Bang', 81, 'ADC', 7, 0, 8, 20793, 15, 2, 267, 7, 3, 14323);
INSERT INTO players VALUES('Wolf', date('1970-01-01'));
INSERT INTO registers VALUES('Wolf', 'SKT', date('1970-01-01'), 'NULL');
INSERT INTO plays VALUES(537394603808, 1, 'Wolf', 43, 'Support', 0, 0, 14, 5430, 39, 21, 26, 0, 0, 8506);
INSERT INTO players VALUES('Thaldrin', date('1970-01-01'));
INSERT INTO registers VALUES('Thaldrin', 'SUP', date('1970-01-01'), 'NULL');
INSERT INTO plays VALUES(537394603808, 1, 'Thaldrin', 48, 'Top', 1, 6, 0, 8686, 14, 4, 234, 8, 0, 9832);
INSERT INTO players VALUES('Stomaged', date('1970-01-01'));
INSERT INTO registers VALUES('Stomaged', 'SUP', date('1970-01-01'), 'NULL');
INSERT INTO plays VALUES(537394603808, 1, 'Stomaged', 79, 'Jungle', 0, 4, 1, 5526, 25, 14, 28, 76, 4, 8245);
INSERT INTO players VALUES('Naru', date('1970-01-01'));
INSERT INTO registers VALUES('Naru', 'SUP', date('1970-01-01'), 'NULL');
INSERT INTO plays VALUES(537394603808, 1, 'Naru', 268, 'Mid', 0, 3, 0, 10370, 14, 12, 251, 9, 0, 9950);
INSERT INTO players VALUES('Achuu', date('1970-01-01'));
INSERT INTO registers VALUES('Achuu', 'SUP', date('1970-01-01'), 'NULL');
INSERT INTO plays VALUES(537394603808, 1, 'Achuu', 236, 'ADC', 0, 4, 0, 10089, 15, 7, 237, 3, 0, 9269);
INSERT INTO players VALUES('Dumbledoge', date('1970-01-01'));
INSERT INTO registers VALUES('Dumbledoge', 'SUP', date('1970-01-01'), 'NULL');
INSERT INTO plays VALUES(537394603808, 1, 'Dumbledoge', 78, 'Support', 0, 5, 1, 2724, 33, 8, 31, 0, 0, 6139);
INSERT INTO interacts VALUES(537394603808, 1, 'Achuu', 1055, 1872, 1);
INSERT INTO interacts VALUES(537394603808, 1, 'Achuu', 2010, 2202, 1);
INSERT INTO interacts VALUES(537394603808, 1, 'Bang', 1055, 2235, 1);
INSERT INTO interacts VALUES(537394603808, 1, 'Bang', 2010, 2467, 1);
INSERT INTO interacts VALUES(537394603808, 1, 'Achuu', 3340, 2531, 1);
INSERT INTO interacts VALUES(537394603808, 1, 'Naru', 1056, 2650, 1);
INSERT INTO interacts VALUES(537394603808, 1, 'Dumbledoge', 2010, 2650, 1);
INSERT INTO interacts VALUES(537394603808, 1, 'Bang', 3340, 2699, 1);
INSERT INTO interacts VALUES(537394603808, 1, 'Naru', 2010, 2921, 1);
INSERT INTO interacts VALUES(537394603808, 1, 'Dumbledoge', 2010, 2996, 1);
INSERT INTO interacts VALUES(537394603808, 1, 'Naru', 2010, 3033, 1);
INSERT INTO interacts VALUES(537394603808, 1, 'Wolf', 3303, 3067, 1);
INSERT INTO interacts VALUES(537394603808, 1, 'Dumbledoge', 2010, 3265, 1);
INSERT INTO interacts VALUES(537394603808, 1, 'Wolf', 2010, 3265, 1);
INSERT INTO interacts VALUES(537394603808, 1, 'Naru', 3340, 3297, 1);
INSERT INTO interacts VALUES(537394603808, 1, 'Duke', 2033, 3361, 1);
INSERT INTO interacts VALUES(537394603808, 1, 'Wolf', 2010, 3394, 1);
INSERT INTO interacts VALUES(537394603808, 1, 'Blank', 3340, 3450, 1);
INSERT INTO interacts VALUES(537394603808, 1, 'Wolf', 2010, 3560, 1);
INSERT INTO interacts VALUES(537394603808, 1, 'Wolf', 3340, 3720, 1);
INSERT INTO interacts VALUES(537394603808, 1, 'Dumbledoge', 3302, 3883, 1);
INSERT INTO interacts VALUES(537394603808, 1, 'Dumbledoge', 3340, 4348, 1);
INSERT INTO interacts VALUES(537394603808, 1, 'Duke', 3340, 4348, 1);
INSERT INTO interacts VALUES(537394603808, 1, 'Faker', 1027, 4840, 1);
INSERT INTO interacts VALUES(537394603808, 1, 'Thaldrin', 2033, 5131, 1);
INSERT INTO interacts VALUES(537394603808, 1, 'Faker', 2031, 5395, 1);
INSERT INTO interacts VALUES(537394603808, 1, 'Stomaged', 1039, 5429, 1);
INSERT INTO interacts VALUES(537394603808, 1, 'Thaldrin', 3340, 5463, 1);
INSERT INTO interacts VALUES(537394603808, 1, 'Faker', 3340, 5756, 1);
INSERT INTO interacts VALUES(537394603808, 1, 'Stomaged', 2031, 6749, 1);
INSERT INTO interacts VALUES(537394603808, 1, 'Stomaged', 3340, 7406, 1);
INSERT INTO interacts VALUES(537394603808, 1, 'Blank', 2031, 8664, 1);
INSERT INTO interacts VALUES(537394603808, 1, 'Blank', 1039, 9025, 1);
INSERT INTO interacts VALUES(537394603808, 1, 'Duke', 1082, 230609, 1);
INSERT INTO interacts VALUES(537394603808, 1, 'Duke', 2043, 231398, 1);
INSERT INTO interacts VALUES(537394603808, 1, 'Stomaged', 3715, 246842, 1);
INSERT INTO interacts VALUES(537394603808, 1, 'Stomaged', 2043, 248507, 1);
INSERT INTO interacts VALUES(537394603808, 1, 'Blank', 3711, 254941, 1);
INSERT INTO interacts VALUES(537394603808, 1, 'Blank', 2043, 256300, 1);
INSERT INTO interacts VALUES(537394603808, 1, 'Duke', 1056, 262452, 1);
INSERT INTO interacts VALUES(537394603808, 1, 'Thaldrin', 1036, 262514, 1);
INSERT INTO interacts VALUES(537394603808, 1, 'Thaldrin', 1001, 265546, 1);
INSERT INTO interacts VALUES(537394603808, 1, 'Duke', 1028, 338095, 1);
INSERT INTO interacts VALUES(537394603808, 1, 'Duke', 1001, 339780, 1);
INSERT INTO interacts VALUES(537394603808, 1, 'Achuu', 1038, 349041, 1);
INSERT INTO interacts VALUES(537394603808, 1, 'Bang', 3070, 364298, 1);
INSERT INTO interacts VALUES(537394603808, 1, 'Bang', 1083, 365997, 1);
INSERT INTO interacts VALUES(537394603808, 1, 'Bang', 2043, 366901, 1);
INSERT INTO interacts VALUES(537394603808, 1, 'Naru', 3108, 367095, 1);
INSERT INTO interacts VALUES(537394603808, 1, 'Naru', 1056, 367385, 1);
INSERT INTO interacts VALUES(537394603808, 1, 'Naru', 2043, 368813, 1);
INSERT INTO interacts VALUES(537394603808, 1, 'Naru', 2010, 371319, 1);
INSERT INTO interacts VALUES(537394603808, 1, 'Wolf', 2049, 371776, 1);
INSERT INTO interacts VALUES(537394603808, 1, 'Wolf', 3341, 372763, 1);
INSERT INTO interacts VALUES(537394603808, 1, 'Dumbledoge', 2010, 374059, 1);
INSERT INTO interacts VALUES(537394603808, 1, 'Dumbledoge', 1028, 374601, 1);
INSERT INTO interacts VALUES(537394603808, 1, 'Dumbledoge', 2043, 375643, 1);
INSERT INTO interacts VALUES(537394603808, 1, 'Dumbledoge', 2010, 376265, 1);
INSERT INTO interacts VALUES(537394603808, 1, 'Wolf', 2043, 376781, 1);
INSERT INTO interacts VALUES(537394603808, 1, 'Blank', 1042, 384625, 1);
INSERT INTO interacts VALUES(537394603808, 1, 'Blank', 1042, 384919, 1);
INSERT INTO interacts VALUES(537394603808, 1, 'Blank', 2032, 386975, 1);
INSERT INTO interacts VALUES(537394603808, 1, 'Faker', 3070, 391004, 1);
INSERT INTO interacts VALUES(537394603808, 1, 'Faker', 3009, 392246, 1);
INSERT INTO interacts VALUES(537394603808, 1, 'Faker', 2043, 393908, 1);
INSERT INTO interacts VALUES(537394603808, 1, 'Stomaged', 3113, 440043, 1);
INSERT INTO interacts VALUES(537394603808, 1, 'Stomaged', 2043, 441914, 1);
INSERT INTO interacts VALUES(537394603808, 1, 'Thaldrin', 3077, 489256, 1);
INSERT INTO interacts VALUES(537394603808, 1, 'Thaldrin', 2043, 490881, 1);
INSERT INTO interacts VALUES(537394603808, 1, 'Duke', 3057, 493942, 1);
INSERT INTO interacts VALUES(537394603808, 1, 'Dumbledoge', 2010, 528107, 1);
INSERT INTO interacts VALUES(537394603808, 1, 'Dumbledoge', 2049, 529965, 1);
INSERT INTO interacts VALUES(537394603808, 1, 'Dumbledoge', 2043, 530515, 1);
INSERT INTO interacts VALUES(537394603808, 1, 'Dumbledoge', 3341, 531334, 1);
INSERT INTO interacts VALUES(537394603808, 1, 'Dumbledoge', 2010, 532149, 1);
INSERT INTO interacts VALUES(537394603808, 1, 'Bang', 3057, 552928, 1);
INSERT INTO interacts VALUES(537394603808, 1, 'Bang', 1001, 553940, 1);
INSERT INTO interacts VALUES(537394603808, 1, 'Blank', 1411, 555696, 1);
INSERT INTO interacts VALUES(537394603808, 1, 'Blank', 3341, 556806, 1);
INSERT INTO interacts VALUES(537394603808, 1, 'Wolf', 1001, 557562, 1);
INSERT INTO interacts VALUES(537394603808, 1, 'Bang', 2010, 558244, 1);
INSERT INTO interacts VALUES(537394603808, 1, 'Blank', 1001, 558503, 1);
INSERT INTO interacts VALUES(537394603808, 1, 'Wolf', 2043, 558862, 1);
INSERT INTO interacts VALUES(537394603808, 1, 'Wolf', 2043, 558958, 1);
INSERT INTO interacts VALUES(537394603808, 1, 'Blank', 1042, 561299, 1);
INSERT INTO interacts VALUES(537394603808, 1, 'Blank', 2043, 562728, 1);
INSERT INTO interacts VALUES(537394603808, 1, 'Wolf', 2031, 564206, 1);
INSERT INTO interacts VALUES(537394603808, 1, 'Achuu', 3133, 580293, 1);
INSERT INTO interacts VALUES(537394603808, 1, 'Achuu', 2010, 581048, 1);
INSERT INTO interacts VALUES(537394603808, 1, 'Achuu', 2043, 582721, 1);
INSERT INTO interacts VALUES(537394603808, 1, 'Achuu', 2010, 583258, 1);
INSERT INTO interacts VALUES(537394603808, 1, 'Faker', 3010, 609367, 1);
INSERT INTO interacts VALUES(537394603808, 1, 'Faker', 2043, 609797, 1);
INSERT INTO interacts VALUES(537394603808, 1, 'Duke', 3009, 609993, 1);
INSERT INTO interacts VALUES(537394603808, 1, 'Naru', 3101, 626592, 1);
INSERT INTO interacts VALUES(537394603808, 1, 'Naru', 1001, 627521, 1);
INSERT INTO interacts VALUES(537394603808, 1, 'Naru', 2010, 627782, 1);
INSERT INTO interacts VALUES(537394603808, 1, 'Stomaged', 1414, 628545, 1);
INSERT INTO interacts VALUES(537394603808, 1, 'Achuu', 1001, 681685, 1);
INSERT INTO interacts VALUES(537394603808, 1, 'Achuu', 2010, 682077, 1);
INSERT INTO interacts VALUES(537394603808, 1, 'Dumbledoge', 2010, 688096, 1);
INSERT INTO interacts VALUES(537394603808, 1, 'Dumbledoge', 2010, 688451, 1);
INSERT INTO interacts VALUES(537394603808, 1, 'Dumbledoge', 1001, 688923, 1);
INSERT INTO interacts VALUES(537394603808, 1, 'Dumbledoge', 2043, 690016, 1);
INSERT INTO interacts VALUES(537394603808, 1, 'Thaldrin', 3052, 695941, 1);
INSERT INTO interacts VALUES(537394603808, 1, 'Blank', 1043, 696804, 1);
INSERT INTO interacts VALUES(537394603808, 1, 'Blank', 3364, 698100, 1);
INSERT INTO interacts VALUES(537394603808, 1, 'Blank', 2043, 699034, 1);
INSERT INTO interacts VALUES(537394603808, 1, 'Thaldrin', 1028, 699229, 1);
INSERT INTO interacts VALUES(537394603808, 1, 'Stomaged', 1001, 707791, 1);
INSERT INTO interacts VALUES(537394603808, 1, 'Bang', 1037, 710554, 1);
INSERT INTO interacts VALUES(537394603808, 1, 'Stomaged', 2043, 711440, 1);
INSERT INTO interacts VALUES(537394603808, 1, 'Wolf', 3098, 714472, 1);
INSERT INTO interacts VALUES(537394603808, 1, 'Wolf', 2043, 714993, 1);
INSERT INTO interacts VALUES(537394603808, 1, 'Wolf', 2043, 715155, 1);
INSERT INTO interacts VALUES(537394603808, 1, 'Duke', 3751, 722953, 1);
INSERT INTO interacts VALUES(537394603808, 1, 'Naru', 2043, 747452, 1);
INSERT INTO interacts VALUES(537394603808, 1, 'Faker', 3027, 782883, 1);
INSERT INTO interacts VALUES(537394603808, 1, 'Achuu', 2010, 802738, 1);
INSERT INTO interacts VALUES(537394603808, 1, 'Achuu', 2043, 803422, 1);
INSERT INTO interacts VALUES(537394603808, 1, 'Naru', 3115, 817869, 1);
INSERT INTO interacts VALUES(537394603808, 1, 'Blank', 1042, 823747, 1);
INSERT INTO interacts VALUES(537394603808, 1, 'Bang', 3004, 824709, 1);
INSERT INTO interacts VALUES(537394603808, 1, 'Blank', 3009, 827155, 1);
INSERT INTO interacts VALUES(537394603808, 1, 'Bang', 1027, 828440, 1);
INSERT INTO interacts VALUES(537394603808, 1, 'Bang', 3363, 829273, 1);
INSERT INTO interacts VALUES(537394603808, 1, 'Blank', 1051, 829370, 1);
INSERT INTO interacts VALUES(537394603808, 1, 'Blank', 2043, 829800, 1);
INSERT INTO interacts VALUES(537394603808, 1, 'Naru', 2010, 835157, 1);
INSERT INTO interacts VALUES(537394603808, 1, 'Wolf', 2301, 836563, 1);
INSERT INTO interacts VALUES(537394603808, 1, 'Wolf', 2043, 837741, 1);
INSERT INTO interacts VALUES(537394603808, 1, 'Thaldrin', 3748, 880177, 1);
INSERT INTO interacts VALUES(537394603808, 1, 'Thaldrin', 3363, 882204, 1);
INSERT INTO interacts VALUES(537394603808, 1, 'Thaldrin', 2043, 882821, 1);
INSERT INTO interacts VALUES(537394603808, 1, 'Stomaged', 2049, 888731, 1);
INSERT INTO interacts VALUES(537394603808, 1, 'Stomaged', 2043, 889969, 1);
INSERT INTO interacts VALUES(537394603808, 1, 'Stomaged', 3364, 890348, 1);
INSERT INTO interacts VALUES(537394603808, 1, 'Duke', 3025, 904010, 1);
INSERT INTO interacts VALUES(537394603808, 1, 'Duke', 3363, 905952, 1);
INSERT INTO interacts VALUES(537394603808, 1, 'Blank', 1042, 913744, 1);
INSERT INTO interacts VALUES(537394603808, 1, 'Dumbledoge', 3009, 932718, 1);
INSERT INTO interacts VALUES(537394603808, 1, 'Faker', 1058, 933639, 1);
INSERT INTO interacts VALUES(537394603808, 1, 'Dumbledoge', 2043, 934060, 1);
INSERT INTO interacts VALUES(537394603808, 1, 'Dumbledoge', 2010, 934548, 1);
INSERT INTO interacts VALUES(537394603808, 1, 'Dumbledoge', 2010, 934891, 1);
INSERT INTO interacts VALUES(537394603808, 1, 'Achuu', 3508, 1014137, 1);
INSERT INTO interacts VALUES(537394603808, 1, 'Achuu', 1042, 1015049, 1);
INSERT INTO interacts VALUES(537394603808, 1, 'Achuu', 3363, 1016390, 1);
INSERT INTO interacts VALUES(537394603808, 1, 'Achuu', 2010, 1017141, 1);
INSERT INTO interacts VALUES(537394603808, 1, 'Wolf', 3158, 1060313, 1);
INSERT INTO interacts VALUES(537394603808, 1, 'Dumbledoge', 2043, 1060410, 1);
INSERT INTO interacts VALUES(537394603808, 1, 'Dumbledoge', 1033, 1061453, 1);
INSERT INTO interacts VALUES(537394603808, 1, 'Bang', 3025, 1061902, 1);
INSERT INTO interacts VALUES(537394603808, 1, 'Wolf', 1028, 1063392, 1);
INSERT INTO interacts VALUES(537394603808, 1, 'Bang', 3158, 1063420, 1);
INSERT INTO interacts VALUES(537394603808, 1, 'Bang', 1036, 1064252, 1);
INSERT INTO interacts VALUES(537394603808, 1, 'Wolf', 2043, 1064743, 1);
INSERT INTO interacts VALUES(537394603808, 1, 'Thaldrin', 3009, 1067311, 1);
INSERT INTO interacts VALUES(537394603808, 1, 'Thaldrin', 1028, 1071853, 1);
INSERT INTO interacts VALUES(537394603808, 1, 'Thaldrin', 1033, 1072114, 1);
INSERT INTO interacts VALUES(537394603808, 1, 'Naru', 1058, 1077835, 1);
INSERT INTO interacts VALUES(537394603808, 1, 'Naru', 1052, 1078227, 1);
INSERT INTO interacts VALUES(537394603808, 1, 'Stomaged', 1011, 1083810, 1);
INSERT INTO interacts VALUES(537394603808, 1, 'Stomaged', 2043, 1085817, 1);
INSERT INTO interacts VALUES(537394603808, 1, 'Achuu', 3158, 1088653, 1);
INSERT INTO interacts VALUES(537394603808, 1, 'Achuu', 2043, 1090366, 1);
INSERT INTO interacts VALUES(537394603808, 1, 'Faker', 3003, 1115941, 1);
INSERT INTO interacts VALUES(537394603808, 1, 'Faker', 2043, 1116866, 1);
INSERT INTO interacts VALUES(537394603808, 1, 'Duke', 3068, 1117389, 1);
INSERT INTO interacts VALUES(537394603808, 1, 'Blank', 3085, 1137669, 1);
INSERT INTO interacts VALUES(537394603808, 1, 'Blank', 1033, 1138907, 1);
INSERT INTO interacts VALUES(537394603808, 1, 'Blank', 1036, 1140245, 1);
INSERT INTO interacts VALUES(537394603808, 1, 'Blank', 2032, 1141254, 0);
INSERT INTO interacts VALUES(537394603808, 1, 'Blank', 2043, 1142797, 1);
INSERT INTO interacts VALUES(537394603808, 1, 'Wolf', 1033, 1151347, 1);
INSERT INTO interacts VALUES(537394603808, 1, 'Faker', 1308, 1232197, 1);
INSERT INTO interacts VALUES(537394603808, 1, 'Faker', 1052, 1234434, 1);
INSERT INTO interacts VALUES(537394603808, 1, 'Dumbledoge', 3801, 1238278, 1);
INSERT INTO interacts VALUES(537394603808, 1, 'Dumbledoge', 2010, 1240887, 0);
INSERT INTO interacts VALUES(537394603808, 1, 'Dumbledoge', 2010, 1241048, 0);
INSERT INTO interacts VALUES(537394603808, 1, 'Dumbledoge', 2043, 1242026, 1);
INSERT INTO interacts VALUES(537394603808, 1, 'Dumbledoge', 2043, 1242345, 1);
INSERT INTO interacts VALUES(537394603808, 1, 'Stomaged', 3158, 1256028, 1);
INSERT INTO interacts VALUES(537394603808, 1, 'Stomaged', 2043, 1256717, 1);
INSERT INTO interacts VALUES(537394603808, 1, 'Achuu', 1051, 1257439, 1);
INSERT INTO interacts VALUES(537394603808, 1, 'Achuu', 1042, 1257877, 1);
INSERT INTO interacts VALUES(537394603808, 1, 'Achuu', 1042, 1259690, 1);
INSERT INTO interacts VALUES(537394603808, 1, 'Bang', 3144, 1287651, 1);
INSERT INTO interacts VALUES(537394603808, 1, 'Duke', 1056, 1309336, 0);
INSERT INTO interacts VALUES(537394603808, 1, 'Duke', 3140, 1311107, 1);
INSERT INTO interacts VALUES(537394603808, 1, 'Dumbledoge', 2043, 1321904, 1);
INSERT INTO interacts VALUES(537394603808, 1, 'Dumbledoge', 2043, 1322218, 1);
INSERT INTO interacts VALUES(537394603808, 1, 'Thaldrin', 3057, 1323436, 1);
INSERT INTO interacts VALUES(537394603808, 1, 'Naru', 3116, 1324122, 1);
INSERT INTO interacts VALUES(537394603808, 1, 'Naru', 2043, 1325347, 1);
INSERT INTO interacts VALUES(537394603808, 1, 'Thaldrin', 3211, 1325358, 1);
INSERT INTO interacts VALUES(537394603808, 1, 'Naru', 2043, 1325458, 1);
INSERT INTO interacts VALUES(537394603808, 1, 'Naru', 3363, 1326958, 1);
INSERT INTO interacts VALUES(537394603808, 1, 'Thaldrin', 1029, 1327351, 1);
INSERT INTO interacts VALUES(537394603808, 1, 'Blank', 3134, 1331137, 1);
INSERT INTO interacts VALUES(537394603808, 1, 'Blank', 3155, 1332503, 1);
INSERT INTO interacts VALUES(537394603808, 1, 'Wolf', 3105, 1332600, 1);
INSERT INTO interacts VALUES(537394603808, 1, 'Achuu', 3086, 1332700, 1);
INSERT INTO interacts VALUES(537394603808, 1, 'Blank', 1037, 1335331, 1);
INSERT INTO interacts VALUES(537394603808, 1, 'Thaldrin', 3024, 1402307, 1);
INSERT INTO interacts VALUES(537394603808, 1, 'Faker', 1058, 1406929, 1);
INSERT INTO interacts VALUES(537394603808, 1, 'Achuu', 2015, 1421630, 1);
INSERT INTO interacts VALUES(537394603808, 1, 'Dumbledoge', 3105, 1451698, 1);
INSERT INTO interacts VALUES(537394603808, 1, 'Dumbledoge', 3364, 1452390, 1);
INSERT INTO interacts VALUES(537394603808, 1, 'Dumbledoge', 1028, 1452946, 1);
INSERT INTO interacts VALUES(537394603808, 1, 'Thaldrin', 3025, 1460143, 1);
INSERT INTO interacts VALUES(537394603808, 1, 'Stomaged', 3211, 1466569, 1);
INSERT INTO interacts VALUES(537394603808, 1, 'Bang', 3153, 1467387, 1);
INSERT INTO interacts VALUES(537394603808, 1, 'Stomaged', 2031, 1467612, 0);
INSERT INTO interacts VALUES(537394603808, 1, 'Stomaged', 2043, 1468608, 1);
INSERT INTO interacts VALUES(537394603808, 1, 'Stomaged', 2043, 1468934, 1);
INSERT INTO interacts VALUES(537394603808, 1, 'Wolf', 3190, 1471684, 1);
INSERT INTO interacts VALUES(537394603808, 1, 'Wolf', 2043, 1472378, 1);
INSERT INTO interacts VALUES(537394603808, 1, 'Wolf', 3364, 1473977, 1);
INSERT INTO interacts VALUES(537394603808, 1, 'Blank', 3035, 1488811, 1);
INSERT INTO interacts VALUES(537394603808, 1, 'Blank', 3134, 1490905, 1);
INSERT INTO interacts VALUES(537394603808, 1, 'Duke', 3041, 1499115, 1);
INSERT INTO interacts VALUES(537394603808, 1, 'Duke', 3340, 1500010, 1);
INSERT INTO interacts VALUES(537394603808, 1, 'Duke', 1308, 1501611, 1);
INSERT INTO interacts VALUES(537394603808, 1, 'Thaldrin', 2043, 1504349, 1);
INSERT INTO interacts VALUES(537394603808, 1, 'Achuu', 3087, 1505069, 1);
INSERT INTO interacts VALUES(537394603808, 1, 'Achuu', 2043, 1506212, 1);
INSERT INTO interacts VALUES(537394603808, 1, 'Dumbledoge', 3190, 1584400, 1);
INSERT INTO interacts VALUES(537394603808, 1, 'Dumbledoge', 2010, 1622700, 1);
INSERT INTO interacts VALUES(537394603808, 1, 'Dumbledoge', 2010, 1623026, 1);
INSERT INTO interacts VALUES(537394603808, 1, 'Naru', 1058, 1658956, 1);
INSERT INTO interacts VALUES(537394603808, 1, 'Stomaged', 3067, 1665160, 1);
INSERT INTO interacts VALUES(537394603808, 1, 'Achuu', 1037, 1673627, 1);
INSERT INTO interacts VALUES(537394603808, 1, 'Thaldrin', 3067, 1688745, 1);
INSERT INTO interacts VALUES(537394603808, 1, 'Naru', 3020, 1692085, 1);
INSERT INTO series VALUES(777638593826, 1);
INSERT INTO organizes VALUES('msi_2016', 777638593826, 'group_stage - CLG-vs-FW');
INSERT INTO competes VALUES(777638593826, 'CLG', 1);
INSERT INTO competes VALUES(777638593826, 'FW', 0);
INSERT INTO matches VALUES(777638593826, 1, '2016-05-04');
INSERT INTO scores VALUES('CLG', 777638593826, 1, 1, 8, 1, 1, 5, 1);
INSERT INTO scores VALUES('FW', 777638593826, 1, 1, 7, 0, 1, 1, 0);
INSERT INTO bans VALUES(777638593826, 1, 268, 1);
INSERT INTO bans VALUES(777638593826, 1, 12, 3);
INSERT INTO bans VALUES(777638593826, 1, 57, 5);
INSERT INTO bans VALUES(777638593826, 1, 76, 2);
INSERT INTO bans VALUES(777638593826, 1, 432, 4);
INSERT INTO bans VALUES(777638593826, 1, 13, 6);
INSERT INTO plays VALUES(777638593826, 1, 'Darshan', 78, 'Top', 3, 2, 3, 21324, 28, 7, 301, 7, 3, 16987);
INSERT INTO plays VALUES(777638593826, 1, 'Xmithie', 203, 'Jungle', 1, 6, 7, 16627, 45, 25, 75, 100, 44, 17035);
INSERT INTO plays VALUES(777638593826, 1, 'Huhi', 127, 'Mid', 4, 4, 8, 29559, 28, 10, 380, 18, 0, 18667);
INSERT INTO plays VALUES(777638593826, 1, 'Stixxay', 51, 'ADC', 9, 2, 4, 45021, 25, 15, 466, 25, 5, 23039);
INSERT INTO plays VALUES(777638593826, 1, 'aphromoo', 412, 'Support', 1, 3, 10, 5539, 63, 17, 44, 0, 1, 12736);
INSERT INTO plays VALUES(777638593826, 1, 'MMD', 245, 'Top', 7, 2, 4, 20948, 28, 3, 320, 5, 4, 17852);
INSERT INTO plays VALUES(777638593826, 1, 'Karsa', 104, 'Jungle', 3, 4, 4, 17105, 17, 32, 107, 114, 16, 17533);
INSERT INTO plays VALUES(777638593826, 1, 'Maple', 41, 'Mid', 4, 2, 9, 47090, 29, 5, 367, 19, 10, 20742);
INSERT INTO plays VALUES(777638593826, 1, 'NL', 236, 'ADC', 3, 6, 3, 23680, 23, 11, 349, 25, 9, 18549);
INSERT INTO plays VALUES(777638593826, 1, 'SwordArt', 201, 'Support', 0, 4, 11, 8003, 76, 17, 45, 1, 0, 12538);
INSERT INTO interacts VALUES(777638593826, 1, 'Huhi', 1056, 1509, 1);
INSERT INTO interacts VALUES(777638593826, 1, 'aphromoo', 3340, 1509, 1);
INSERT INTO interacts VALUES(777638593826, 1, 'Stixxay', 3340, 1509, 1);
INSERT INTO interacts VALUES(777638593826, 1, 'Huhi', 2010, 1673, 1);
INSERT INTO interacts VALUES(777638593826, 1, 'Stixxay', 2010, 1703, 1);
INSERT INTO interacts VALUES(777638593826, 1, 'Huhi', 2010, 1802, 1);
INSERT INTO interacts VALUES(777638593826, 1, 'aphromoo', 3302, 1849, 1);
INSERT INTO interacts VALUES(777638593826, 1, 'Stixxay', 1055, 1868, 1);
INSERT INTO interacts VALUES(777638593826, 1, 'SwordArt', 3340, 1902, 1);
INSERT INTO interacts VALUES(777638593826, 1, 'Huhi', 3340, 2064, 1);
INSERT INTO interacts VALUES(777638593826, 1, 'Maple', 2033, 2064, 1);
INSERT INTO interacts VALUES(777638593826, 1, 'aphromoo', 2010, 2113, 1);
INSERT INTO interacts VALUES(777638593826, 1, 'aphromoo', 2010, 2195, 1);
INSERT INTO interacts VALUES(777638593826, 1, 'Karsa', 1041, 2229, 1);
INSERT INTO interacts VALUES(777638593826, 1, 'SwordArt', 2010, 2262, 1);
INSERT INTO interacts VALUES(777638593826, 1, 'NL', 1055, 2294, 1);
INSERT INTO interacts VALUES(777638593826, 1, 'aphromoo', 2010, 2374, 1);
INSERT INTO interacts VALUES(777638593826, 1, 'Darshan', 3340, 2374, 1);
INSERT INTO interacts VALUES(777638593826, 1, 'Xmithie', 3340, 2462, 1);
INSERT INTO interacts VALUES(777638593826, 1, 'SwordArt', 2010, 2462, 1);
INSERT INTO interacts VALUES(777638593826, 1, 'Maple', 3340, 2489, 1);
INSERT INTO interacts VALUES(777638593826, 1, 'Darshan', 2033, 2522, 1);
INSERT INTO interacts VALUES(777638593826, 1, 'NL', 2010, 2586, 1);
INSERT INTO interacts VALUES(777638593826, 1, 'NL', 3340, 2782, 1);
INSERT INTO interacts VALUES(777638593826, 1, 'MMD', 3340, 2782, 1);
INSERT INTO interacts VALUES(777638593826, 1, 'Karsa', 2031, 2891, 1);
INSERT INTO interacts VALUES(777638593826, 1, 'SwordArt', 3302, 2891, 1);
INSERT INTO interacts VALUES(777638593826, 1, 'Karsa', 3340, 3204, 1);
INSERT INTO interacts VALUES(777638593826, 1, 'SwordArt', 2010, 3272, 1);
INSERT INTO interacts VALUES(777638593826, 1, 'MMD', 2033, 4930, 1);
INSERT INTO interacts VALUES(777638593826, 1, 'Xmithie', 1039, 6942, 1);
INSERT INTO interacts VALUES(777638593826, 1, 'Xmithie', 2031, 7335, 1);
INSERT INTO interacts VALUES(777638593826, 1, 'Huhi', 1056, 219604, 1);
INSERT INTO interacts VALUES(777638593826, 1, 'Huhi', 2043, 220256, 1);
INSERT INTO interacts VALUES(777638593826, 1, 'Huhi', 2010, 221463, 1);
INSERT INTO interacts VALUES(777638593826, 1, 'Huhi', 2010, 221595, 1);
INSERT INTO interacts VALUES(777638593826, 1, 'Maple', 1027, 229792, 1);
INSERT INTO interacts VALUES(777638593826, 1, 'Maple', 2043, 230028, 1);
INSERT INTO interacts VALUES(777638593826, 1, 'NL', 1083, 272728, 1);
INSERT INTO interacts VALUES(777638593826, 1, 'NL', 1001, 273931, 1);
INSERT INTO interacts VALUES(777638593826, 1, 'NL', 2010, 274207, 1);
INSERT INTO interacts VALUES(777638593826, 1, 'Darshan', 1028, 278678, 1);
INSERT INTO interacts VALUES(777638593826, 1, 'Karsa', 3715, 284175, 1);
INSERT INTO interacts VALUES(777638593826, 1, 'Karsa', 1036, 284598, 1);
INSERT INTO interacts VALUES(777638593826, 1, 'Darshan', 1001, 284991, 1);
INSERT INTO interacts VALUES(777638593826, 1, 'Karsa', 2043, 286012, 1);
INSERT INTO interacts VALUES(777638593826, 1, 'Xmithie', 3711, 295854, 1);
INSERT INTO interacts VALUES(777638593826, 1, 'Xmithie', 1001, 297351, 1);
INSERT INTO interacts VALUES(777638593826, 1, 'Xmithie', 2043, 298557, 1);
INSERT INTO interacts VALUES(777638593826, 1, 'aphromoo', 1028, 308771, 1);
INSERT INTO interacts VALUES(777638593826, 1, 'aphromoo', 2043, 309466, 1);
INSERT INTO interacts VALUES(777638593826, 1, 'aphromoo', 2010, 309723, 1);
INSERT INTO interacts VALUES(777638593826, 1, 'aphromoo', 2010, 309845, 1);
INSERT INTO interacts VALUES(777638593826, 1, 'aphromoo', 2010, 309942, 1);
INSERT INTO interacts VALUES(777638593826, 1, 'Stixxay', 1038, 311856, 1);
INSERT INTO interacts VALUES(777638593826, 1, 'Stixxay', 1042, 313014, 1);
INSERT INTO interacts VALUES(777638593826, 1, 'MMD', 1082, 313231, 1);
INSERT INTO interacts VALUES(777638593826, 1, 'MMD', 1056, 315025, 1);
INSERT INTO interacts VALUES(777638593826, 1, 'MMD', 1001, 323660, 1);
INSERT INTO interacts VALUES(777638593826, 1, 'SwordArt', 3341, 337295, 1);
INSERT INTO interacts VALUES(777638593826, 1, 'SwordArt', 2049, 338567, 1);
INSERT INTO interacts VALUES(777638593826, 1, 'SwordArt', 3340, 339443, 1);
INSERT INTO interacts VALUES(777638593826, 1, 'NL', 1036, 339706, 1);
INSERT INTO interacts VALUES(777638593826, 1, 'NL', 2043, 341853, 1);
INSERT INTO interacts VALUES(777638593826, 1, 'Karsa', 3133, 409314, 1);
INSERT INTO interacts VALUES(777638593826, 1, 'Huhi', 3108, 424868, 1);
INSERT INTO interacts VALUES(777638593826, 1, 'Huhi', 1004, 425158, 1);
INSERT INTO interacts VALUES(777638593826, 1, 'Huhi', 2010, 426039, 1);
INSERT INTO interacts VALUES(777638593826, 1, 'MMD', 1028, 426579, 1);
INSERT INTO interacts VALUES(777638593826, 1, 'Huhi', 2010, 428121, 1);
INSERT INTO interacts VALUES(777638593826, 1, 'MMD', 2043, 428128, 1);
INSERT INTO interacts VALUES(777638593826, 1, 'Darshan', 3211, 463549, 1);
INSERT INTO interacts VALUES(777638593826, 1, 'Darshan', 2043, 468147, 1);
INSERT INTO interacts VALUES(777638593826, 1, 'Maple', 3057, 488264, 1);
INSERT INTO interacts VALUES(777638593826, 1, 'Maple', 1001, 489307, 1);
INSERT INTO interacts VALUES(777638593826, 1, 'Maple', 1028, 490117, 1);
INSERT INTO interacts VALUES(777638593826, 1, 'Maple', 2043, 491323, 1);
INSERT INTO interacts VALUES(777638593826, 1, 'Huhi', 3114, 505045, 1);
INSERT INTO interacts VALUES(777638593826, 1, 'Huhi', 2010, 507091, 1);
INSERT INTO interacts VALUES(777638593826, 1, 'Xmithie', 1043, 512650, 1);
INSERT INTO interacts VALUES(777638593826, 1, 'Xmithie', 2043, 515202, 1);
INSERT INTO interacts VALUES(777638593826, 1, 'Karsa', 1412, 606654, 1);
INSERT INTO interacts VALUES(777638593826, 1, 'Karsa', 1001, 607192, 1);
INSERT INTO interacts VALUES(777638593826, 1, 'Stixxay', 3086, 610742, 1);
INSERT INTO interacts VALUES(777638593826, 1, 'Darshan', 3009, 612691, 1);
INSERT INTO interacts VALUES(777638593826, 1, 'Stixxay', 1042, 613956, 1);
INSERT INTO interacts VALUES(777638593826, 1, 'Stixxay', 1001, 615031, 1);
INSERT INTO interacts VALUES(777638593826, 1, 'Stixxay', 2010, 615978, 1);
INSERT INTO interacts VALUES(777638593826, 1, 'Karsa', 2043, 616171, 1);
INSERT INTO interacts VALUES(777638593826, 1, 'Darshan', 1028, 616287, 1);
INSERT INTO interacts VALUES(777638593826, 1, 'NL', 1038, 616953, 1);
INSERT INTO interacts VALUES(777638593826, 1, 'SwordArt', 1001, 618368, 1);
INSERT INTO interacts VALUES(777638593826, 1, 'NL', 2010, 619515, 1);
INSERT INTO interacts VALUES(777638593826, 1, 'SwordArt', 3097, 621231, 1);
INSERT INTO interacts VALUES(777638593826, 1, 'MMD', 3751, 641947, 1);
INSERT INTO interacts VALUES(777638593826, 1, 'MMD', 1031, 643122, 1);
INSERT INTO interacts VALUES(777638593826, 1, 'Xmithie', 1411, 654056, 1);
INSERT INTO interacts VALUES(777638593826, 1, 'Xmithie', 2043, 654989, 1);
INSERT INTO interacts VALUES(777638593826, 1, 'aphromoo', 2049, 655121, 1);
INSERT INTO interacts VALUES(777638593826, 1, 'aphromoo', 1001, 655642, 1);
INSERT INTO interacts VALUES(777638593826, 1, 'aphromoo', 2043, 656686, 1);
INSERT INTO interacts VALUES(777638593826, 1, 'aphromoo', 2010, 656925, 1);
INSERT INTO interacts VALUES(777638593826, 1, 'aphromoo', 2010, 657013, 1);
INSERT INTO interacts VALUES(777638593826, 1, 'aphromoo', 3341, 658124, 1);
INSERT INTO interacts VALUES(777638593826, 1, 'Huhi', 3165, 660810, 1);
INSERT INTO interacts VALUES(777638593826, 1, 'Huhi', 2010, 663009, 1);
INSERT INTO interacts VALUES(777638593826, 1, 'Maple', 3044, 691604, 1);
INSERT INTO interacts VALUES(777638593826, 1, 'Maple', 3009, 693624, 1);
INSERT INTO interacts VALUES(777638593826, 1, 'Maple', 2043, 695142, 1);
INSERT INTO interacts VALUES(777638593826, 1, 'Stixxay', 3094, 758859, 1);
INSERT INTO interacts VALUES(777638593826, 1, 'Karsa', 3009, 760715, 1);
INSERT INTO interacts VALUES(777638593826, 1, 'Karsa', 2043, 761588, 1);
INSERT INTO interacts VALUES(777638593826, 1, 'Karsa', 2043, 761716, 1);
INSERT INTO interacts VALUES(777638593826, 1, 'Stixxay', 2043, 762326, 1);
INSERT INTO interacts VALUES(777638593826, 1, 'aphromoo', 3158, 763314, 1);
INSERT INTO interacts VALUES(777638593826, 1, 'NL', 3133, 788573, 1);
INSERT INTO interacts VALUES(777638593826, 1, 'SwordArt', 3009, 814238, 1);
INSERT INTO interacts VALUES(777638593826, 1, 'SwordArt', 2043, 819119, 1);
INSERT INTO interacts VALUES(777638593826, 1, 'MMD', 3068, 880622, 1);
INSERT INTO interacts VALUES(777638593826, 1, 'Huhi', 1333, 881489, 1);
INSERT INTO interacts VALUES(777638593826, 1, 'Darshan', 3751, 882014, 1);
INSERT INTO interacts VALUES(777638593826, 1, 'Huhi', 2010, 882408, 1);
INSERT INTO interacts VALUES(777638593826, 1, 'MMD', 1027, 882613, 1);
INSERT INTO interacts VALUES(777638593826, 1, 'Darshan', 1031, 891976, 1);
INSERT INTO interacts VALUES(777638593826, 1, 'Darshan', 2043, 892869, 1);
INSERT INTO interacts VALUES(777638593826, 1, 'Stixxay', 1037, 903337, 1);
INSERT INTO interacts VALUES(777638593826, 1, 'Stixxay', 3363, 904509, 1);
INSERT INTO interacts VALUES(777638593826, 1, 'Xmithie', 3086, 906686, 1);
INSERT INTO interacts VALUES(777638593826, 1, 'aphromoo', 3097, 907496, 1);
INSERT INTO interacts VALUES(777638593826, 1, 'Xmithie', 2043, 908407, 1);
INSERT INTO interacts VALUES(777638593826, 1, 'aphromoo', 2043, 908504, 1);
INSERT INTO interacts VALUES(777638593826, 1, 'aphromoo', 2010, 908768, 1);
INSERT INTO interacts VALUES(777638593826, 1, 'Xmithie', 3364, 909969, 1);
INSERT INTO interacts VALUES(777638593826, 1, 'Xmithie', 2032, 912059, 1);
INSERT INTO interacts VALUES(777638593826, 1, 'Maple', 2043, 931512, 0);
INSERT INTO interacts VALUES(777638593826, 1, 'Maple', 3078, 932274, 1);
INSERT INTO interacts VALUES(777638593826, 1, 'SwordArt', 2303, 967845, 1);
INSERT INTO interacts VALUES(777638593826, 1, 'SwordArt', 2043, 968297, 1);
INSERT INTO interacts VALUES(777638593826, 1, 'SwordArt', 3341, 968888, 1);
INSERT INTO interacts VALUES(777638593826, 1, 'SwordArt', 2010, 969799, 1);
INSERT INTO interacts VALUES(777638593826, 1, 'NL', 3508, 1015156, 1);
INSERT INTO interacts VALUES(777638593826, 1, 'Karsa', 1036, 1017058, 1);
INSERT INTO interacts VALUES(777638593826, 1, 'Karsa', 1028, 1017363, 1);
INSERT INTO interacts VALUES(777638593826, 1, 'NL', 1042, 1017459, 1);
INSERT INTO interacts VALUES(777638593826, 1, 'NL', 3363, 1017884, 1);
INSERT INTO interacts VALUES(777638593826, 1, 'Karsa', 2043, 1018868, 1);
INSERT INTO interacts VALUES(777638593826, 1, 'Karsa', 3364, 1019180, 1);
INSERT INTO interacts VALUES(777638593826, 1, 'aphromoo', 2303, 1045774, 1);
INSERT INTO interacts VALUES(777638593826, 1, 'Xmithie', 3009, 1054595, 1);
INSERT INTO interacts VALUES(777638593826, 1, 'Xmithie', 2043, 1055722, 1);
INSERT INTO interacts VALUES(777638593826, 1, 'MMD', 3111, 1056756, 1);
INSERT INTO interacts VALUES(777638593826, 1, 'MMD', 3057, 1059036, 1);
INSERT INTO interacts VALUES(777638593826, 1, 'Maple', 3901, 1061243, 1);
INSERT INTO interacts VALUES(777638593826, 1, 'Maple', 1036, 1062563, 1);
INSERT INTO interacts VALUES(777638593826, 1, 'Maple', 1036, 1062660, 1);
INSERT INTO interacts VALUES(777638593826, 1, 'Maple', 2043, 1063703, 1);
INSERT INTO interacts VALUES(777638593826, 1, 'Maple', 3363, 1066399, 1);
INSERT INTO interacts VALUES(777638593826, 1, 'Huhi', 1058, 1074529, 1);
INSERT INTO interacts VALUES(777638593826, 1, 'Huhi', 2010, 1075367, 1);
INSERT INTO interacts VALUES(777638593826, 1, 'Darshan', 3068, 1081643, 1);
INSERT INTO interacts VALUES(777638593826, 1, 'Stixxay', 3031, 1082262, 1);
INSERT INTO interacts VALUES(777638593826, 1, 'Stixxay', 2043, 1083171, 1);
INSERT INTO interacts VALUES(777638593826, 1, 'Darshan', 1027, 1087598, 1);
INSERT INTO interacts VALUES(777638593826, 1, 'Darshan', 2043, 1089165, 1);
INSERT INTO interacts VALUES(777638593826, 1, 'Karsa', 3052, 1112109, 1);
INSERT INTO interacts VALUES(777638593826, 1, 'Karsa', 2031, 1112911, 0);
INSERT INTO interacts VALUES(777638593826, 1, 'Karsa', 1042, 1113372, 1);
INSERT INTO interacts VALUES(777638593826, 1, 'SwordArt', 1308, 1118979, 1);
INSERT INTO interacts VALUES(777638593826, 1, 'MMD', 1323, 1133235, 1);
INSERT INTO interacts VALUES(777638593826, 1, 'Xmithie', 1042, 1190555, 1);
INSERT INTO interacts VALUES(777638593826, 1, 'Xmithie', 2043, 1191345, 1);
INSERT INTO interacts VALUES(777638593826, 1, 'Darshan', 3057, 1195488, 1);
INSERT INTO interacts VALUES(777638593826, 1, 'aphromoo', 1033, 1196360, 1);
INSERT INTO interacts VALUES(777638593826, 1, 'Darshan', 2043, 1196435, 1);
INSERT INTO interacts VALUES(777638593826, 1, 'aphromoo', 2043, 1197136, 1);
INSERT INTO interacts VALUES(777638593826, 1, 'aphromoo', 2010, 1197416, 1);
INSERT INTO interacts VALUES(777638593826, 1, 'aphromoo', 3364, 1199642, 1);
INSERT INTO interacts VALUES(777638593826, 1, 'Huhi', 2010, 1208016, 0);
INSERT INTO interacts VALUES(777638593826, 1, 'Huhi', 1029, 1210286, 1);
INSERT INTO interacts VALUES(777638593826, 1, 'Maple', 1038, 1231440, 1);
INSERT INTO interacts VALUES(777638593826, 1, 'NL', 3086, 1234118, 1);
INSERT INTO interacts VALUES(777638593826, 1, 'SwordArt', 2043, 1235030, 1);
INSERT INTO interacts VALUES(777638593826, 1, 'SwordArt', 2043, 1235192, 1);
INSERT INTO interacts VALUES(777638593826, 1, 'NL', 3006, 1235531, 1);
INSERT INTO interacts VALUES(777638593826, 1, 'Huhi', 3191, 1363743, 1);
INSERT INTO interacts VALUES(777638593826, 1, 'aphromoo', 3801, 1369395, 1);
INSERT INTO interacts VALUES(777638593826, 1, 'Darshan', 3024, 1375540, 1);
INSERT INTO interacts VALUES(777638593826, 1, 'Huhi', 3157, 1388733, 1);
INSERT INTO interacts VALUES(777638593826, 1, 'Maple', 3508, 1415837, 1);
INSERT INTO interacts VALUES(777638593826, 1, 'Maple', 3903, 1417205, 1);
INSERT INTO interacts VALUES(777638593826, 1, 'SwordArt', 1033, 1422632, 1);
INSERT INTO interacts VALUES(777638593826, 1, 'SwordArt', 3801, 1423021, 1);
INSERT INTO interacts VALUES(777638593826, 1, 'MMD', 3025, 1423362, 1);
INSERT INTO interacts VALUES(777638593826, 1, 'SwordArt', 3364, 1423676, 1);
INSERT INTO interacts VALUES(777638593826, 1, 'Maple', 2043, 1423707, 1);
INSERT INTO interacts VALUES(777638593826, 1, 'NL', 3087, 1426116, 1);
INSERT INTO interacts VALUES(777638593826, 1, 'Xmithie', 3085, 1430442, 1);
INSERT INTO interacts VALUES(777638593826, 1, 'SwordArt', 3105, 1433320, 1);
INSERT INTO interacts VALUES(777638593826, 1, 'Karsa', 3094, 1433713, 1);
INSERT INTO interacts VALUES(777638593826, 1, 'Karsa', 2043, 1434204, 1);
INSERT INTO interacts VALUES(777638593826, 1, 'Karsa', 2003, 1434367, 1);
INSERT INTO interacts VALUES(777638593826, 1, 'Xmithie', 3123, 1434528, 1);
INSERT INTO interacts VALUES(777638593826, 1, 'Xmithie', 2043, 1434888, 1);
INSERT INTO interacts VALUES(777638593826, 1, 'aphromoo', 2043, 1447229, 1);
INSERT INTO interacts VALUES(777638593826, 1, 'Stixxay', 1055, 1447264, 0);
INSERT INTO interacts VALUES(777638593826, 1, 'aphromoo', 2043, 1447414, 1);
INSERT INTO interacts VALUES(777638593826, 1, 'Stixxay', 3085, 1449497, 1);
INSERT INTO interacts VALUES(777638593826, 1, 'Stixxay', 2010, 1450683, 1);
INSERT INTO interacts VALUES(777638593826, 1, 'MMD', 1056, 1484523, 0);
INSERT INTO interacts VALUES(777638593826, 1, 'MMD', 2043, 1485094, 1);
INSERT INTO interacts VALUES(777638593826, 1, 'Huhi', 1026, 1533875, 1);
INSERT INTO interacts VALUES(777638593826, 1, 'aphromoo', 3105, 1534626, 1);
INSERT INTO interacts VALUES(777638593826, 1, 'aphromoo', 2010, 1535546, 1);
INSERT INTO interacts VALUES(777638593826, 1, 'aphromoo', 2010, 1535708, 1);
INSERT INTO interacts VALUES(777638593826, 1, 'Stixxay', 3009, 1543836, 1);
INSERT INTO interacts VALUES(777638593826, 1, 'Stixxay', 2043, 1544269, 1);
INSERT INTO interacts VALUES(777638593826, 1, 'NL', 3140, 1557407, 1);
INSERT INTO interacts VALUES(777638593826, 1, 'SwordArt', 1028, 1558780, 1);
INSERT INTO interacts VALUES(777638593826, 1, 'Darshan', 3025, 1573676, 1);
INSERT INTO interacts VALUES(777638593826, 1, 'Darshan', 1308, 1576889, 1);
INSERT INTO interacts VALUES(777638593826, 1, 'MMD', 1011, 1610462, 1);
INSERT INTO interacts VALUES(777638593826, 1, 'MMD', 3211, 1612848, 1);
INSERT INTO interacts VALUES(777638593826, 1, 'Maple', 1038, 1618065, 1);
INSERT INTO interacts VALUES(777638593826, 1, 'Maple', 2043, 1619250, 1);
INSERT INTO interacts VALUES(777638593826, 1, 'Huhi', 2139, 1638040, 1);
INSERT INTO interacts VALUES(777638593826, 1, 'SwordArt', 3067, 1682853, 1);
INSERT INTO interacts VALUES(777638593826, 1, 'SwordArt', 2043, 1683569, 1);
INSERT INTO interacts VALUES(777638593826, 1, 'NL', 1083, 1685948, 0);
INSERT INTO interacts VALUES(777638593826, 1, 'SwordArt', 2043, 1686214, 1);
INSERT INTO interacts VALUES(777638593826, 1, 'NL', 2043, 1686891, 1);
INSERT INTO interacts VALUES(777638593826, 1, 'Karsa', 3035, 1695480, 1);
INSERT INTO interacts VALUES(777638593826, 1, 'Karsa', 2043, 1696394, 1);
INSERT INTO interacts VALUES(777638593826, 1, 'Xmithie', 3033, 1699276, 1);
INSERT INTO interacts VALUES(777638593826, 1, 'Xmithie', 2043, 1700216, 1);
INSERT INTO interacts VALUES(777638593826, 1, 'Xmithie', 2043, 1700346, 1);
INSERT INTO interacts VALUES(777638593826, 1, 'Stixxay', 3035, 1708812, 1);
INSERT INTO interacts VALUES(777638593826, 1, 'Maple', 1018, 1713802, 1);
INSERT INTO interacts VALUES(777638593826, 1, 'aphromoo', 1028, 1726292, 1);
INSERT INTO interacts VALUES(777638593826, 1, 'aphromoo', 2043, 1726912, 1);
INSERT INTO interacts VALUES(777638593826, 1, 'aphromoo', 2043, 1727044, 1);
INSERT INTO interacts VALUES(777638593826, 1, 'MMD', 2033, 1743597, 0);
INSERT INTO interacts VALUES(777638593826, 1, 'MMD', 1082, 1748223, 0);
INSERT INTO interacts VALUES(777638593826, 1, 'MMD', 2043, 1749656, 1);
INSERT INTO interacts VALUES(777638593826, 1, 'Huhi', 1056, 1804963, 0);
INSERT INTO interacts VALUES(777638593826, 1, 'Huhi', 1057, 1805780, 1);
INSERT INTO interacts VALUES(777638593826, 1, 'Darshan', 1031, 1816456, 1);
INSERT INTO interacts VALUES(777638593826, 1, 'Darshan', 2138, 1817805, 1);
INSERT INTO interacts VALUES(777638593826, 1, 'MMD', 3065, 1835907, 1);
INSERT INTO interacts VALUES(777638593826, 1, 'NL', 1038, 1857731, 1);
INSERT INTO interacts VALUES(777638593826, 1, 'aphromoo', 3190, 1857890, 1);
INSERT INTO interacts VALUES(777638593826, 1, 'aphromoo', 2043, 1858773, 1);
INSERT INTO interacts VALUES(777638593826, 1, 'aphromoo', 2010, 1859423, 1);
INSERT INTO interacts VALUES(777638593826, 1, 'Maple', 3031, 1859520, 1);
INSERT INTO interacts VALUES(777638593826, 1, 'SwordArt', 3190, 1860368, 1);
INSERT INTO interacts VALUES(777638593826, 1, 'SwordArt', 1029, 1860921, 1);
INSERT INTO interacts VALUES(777638593826, 1, 'SwordArt', 2043, 1861148, 1);
INSERT INTO interacts VALUES(777638593826, 1, 'Maple', 2043, 1861537, 1);
INSERT INTO interacts VALUES(777638593826, 1, 'SwordArt', 2043, 1862286, 1);
INSERT INTO interacts VALUES(777638593826, 1, 'Xmithie', 2032, 1875778, 0);
INSERT INTO interacts VALUES(777638593826, 1, 'Xmithie', 3052, 1876297, 1);
INSERT INTO interacts VALUES(777638593826, 1, 'Xmithie', 2043, 1877631, 1);
INSERT INTO interacts VALUES(777638593826, 1, 'Stixxay', 3033, 1890892, 1);
INSERT INTO interacts VALUES(777638593826, 1, 'Huhi', 3001, 1898025, 1);
INSERT INTO interacts VALUES(777638593826, 1, 'Huhi', 2043, 1898713, 1);
INSERT INTO interacts VALUES(777638593826, 1, 'aphromoo', 1029, 1968003, 1);
INSERT INTO interacts VALUES(777638593826, 1, 'aphromoo', 2043, 1968719, 1);
INSERT INTO interacts VALUES(777638593826, 1, 'aphromoo', 2010, 1968981, 1);
INSERT INTO interacts VALUES(777638593826, 1, 'Xmithie', 2043, 1991494, 1);
INSERT INTO interacts VALUES(777638593826, 1, 'Stixxay', 2140, 1991883, 1);
INSERT INTO interacts VALUES(777638593826, 1, 'SwordArt', 3024, 1998849, 1);
INSERT INTO interacts VALUES(777638593826, 1, 'MMD', 1031, 2001123, 1);
INSERT INTO interacts VALUES(777638593826, 1, 'SwordArt', 2010, 2001599, 1);
INSERT INTO interacts VALUES(777638593826, 1, 'SwordArt', 2010, 2001741, 1);
INSERT INTO interacts VALUES(777638593826, 1, 'MMD', 2033, 2002326, 0);
INSERT INTO interacts VALUES(777638593826, 1, 'Karsa', 3053, 2002588, 1);
INSERT INTO interacts VALUES(777638593826, 1, 'MMD', 2043, 2002911, 1);
INSERT INTO interacts VALUES(777638593826, 1, 'Karsa', 2043, 2003531, 1);
INSERT INTO interacts VALUES(777638593826, 1, 'Karsa', 2043, 2003696, 1);
INSERT INTO interacts VALUES(777638593826, 1, 'Maple', 1037, 2003728, 1);
INSERT INTO interacts VALUES(777638593826, 1, 'Huhi', 2010, 2005030, 1);
INSERT INTO interacts VALUES(777638593826, 1, 'Huhi', 2010, 2005160, 1);
INSERT INTO interacts VALUES(777638593826, 1, 'Darshan', 2033, 2027986, 0);
INSERT INTO interacts VALUES(777638593826, 1, 'Darshan', 3075, 2029063, 1);
INSERT INTO interacts VALUES(777638593826, 1, 'Darshan', 2043, 2029357, 1);
INSERT INTO interacts VALUES(777638593826, 1, 'SwordArt', 2010, 2091813, 0);
INSERT INTO interacts VALUES(777638593826, 1, 'aphromoo', 1027, 2092525, 1);
INSERT INTO interacts VALUES(777638593826, 1, 'SwordArt', 2138, 2094695, 1);
INSERT INTO interacts VALUES(777638593826, 1, 'Darshan', 1028, 2097215, 1);
INSERT INTO interacts VALUES(777638593826, 1, 'Xmithie', 2043, 2100734, 1);
INSERT INTO interacts VALUES(777638593826, 1, 'Huhi', 2139, 2115404, 1);
INSERT INTO interacts VALUES(777638593826, 1, 'NL', 3031, 2126092, 1);
INSERT INTO interacts VALUES(777638593826, 1, 'Maple', 3035, 2130934, 1);
INSERT INTO interacts VALUES(777638593826, 1, 'MMD', 3026, 2131030, 1);
INSERT INTO interacts VALUES(777638593826, 1, 'Karsa', 3123, 2131144, 1);
INSERT INTO interacts VALUES(777638593826, 1, 'SwordArt', 1029, 2131163, 1);
INSERT INTO interacts VALUES(777638593826, 1, 'Maple', 2140, 2132342, 1);
INSERT INTO interacts VALUES(777638593826, 1, 'Xmithie', 2140, 2133588, 1);
INSERT INTO interacts VALUES(777638593826, 1, 'Karsa', 3033, 2201178, 1);
INSERT INTO interacts VALUES(777638593826, 1, 'SwordArt', 1029, 2202149, 1);
INSERT INTO interacts VALUES(777638593826, 1, 'Stixxay', 2043, 2202234, 0);
INSERT INTO interacts VALUES(777638593826, 1, 'Karsa', 2043, 2202347, 1);
INSERT INTO interacts VALUES(777638593826, 1, 'Huhi', 1052, 2203613, 1);
INSERT INTO interacts VALUES(777638593826, 1, 'Darshan', 3067, 2204501, 1);
INSERT INTO interacts VALUES(777638593826, 1, 'aphromoo', 3024, 2210934, 1);
INSERT INTO interacts VALUES(777638593826, 1, 'MMD', 2043, 2212108, 1);
INSERT INTO interacts VALUES(777638593826, 1, 'aphromoo', 2010, 2212464, 1);
INSERT INTO interacts VALUES(777638593826, 1, 'aphromoo', 2010, 2212601, 1);
INSERT INTO interacts VALUES(777638593826, 1, 'Stixxay', 1036, 2233382, 1);
INSERT INTO interacts VALUES(777638593826, 1, 'Stixxay', 1053, 2234008, 1);
INSERT INTO interacts VALUES(777638593826, 1, 'Stixxay', 2140, 2234493, 1);
INSERT INTO interacts VALUES(777638593826, 1, 'aphromoo', 2043, 2309687, 1);
INSERT INTO interacts VALUES(777638593826, 1, 'aphromoo', 2010, 2309945, 1);
INSERT INTO interacts VALUES(777638593826, 1, 'aphromoo', 2010, 2310096, 1);
INSERT INTO interacts VALUES(777638593826, 1, 'Maple', 3033, 2316089, 1);
INSERT INTO interacts VALUES(777638593826, 1, 'NL', 1055, 2320603, 0);
INSERT INTO interacts VALUES(777638593826, 1, 'SwordArt', 3082, 2321276, 1);
INSERT INTO interacts VALUES(777638593826, 1, 'NL', 1053, 2321537, 1);
INSERT INTO interacts VALUES(777638593826, 1, 'SwordArt', 2043, 2321799, 1);
INSERT INTO interacts VALUES(777638593826, 1, 'MMD', 1028, 2321914, 1);
INSERT INTO interacts VALUES(777638593826, 1, 'SwordArt', 2043, 2321929, 1);
INSERT INTO interacts VALUES(777638593826, 1, 'Huhi', 1056, 2322698, 0);
INSERT INTO interacts VALUES(777638593826, 1, 'Huhi', 1026, 2324582, 1);
INSERT INTO interacts VALUES(777638593826, 1, 'Karsa', 1038, 2345601, 1);
INSERT INTO interacts VALUES(777638593826, 1, 'Maple', 3902, 2355558, 1);
INSERT INTO interacts VALUES(777638593826, 1, 'Maple', 2140, 2359246, 1);
INSERT INTO interacts VALUES(777638593826, 1, 'Darshan', 3065, 2360744, 1);
INSERT INTO interacts VALUES(777638593826, 1, 'NL', 3139, 2363377, 1);
INSERT INTO interacts VALUES(777638593826, 1, 'MMD', 1011, 2376378, 1);
INSERT INTO interacts VALUES(777638593826, 1, 'aphromoo', 2138, 2404845, 1);
INSERT INTO interacts VALUES(777638593826, 1, 'Xmithie', 3053, 2406486, 1);
INSERT INTO interacts VALUES(777638593826, 1, 'Stixxay', 2140, 2452158, 1);
INSERT INTO interacts VALUES(777638593826, 1, 'Stixxay', 3144, 2453441, 1);
INSERT INTO interacts VALUES(777638593826, 1, 'Maple', 2033, 2464482, 0);
INSERT INTO interacts VALUES(777638593826, 1, 'Karsa', 2140, 2464813, 1);
INSERT INTO interacts VALUES(777638593826, 1, 'Karsa', 1306, 2465696, 1);
INSERT INTO interacts VALUES(777638593826, 1, 'Maple', 1051, 2466650, 1);
INSERT INTO interacts VALUES(777638593826, 1, 'MMD', 2138, 2467940, 1);
INSERT INTO interacts VALUES(777638593826, 1, 'SwordArt', 3110, 2473584, 1);
INSERT INTO interacts VALUES(777638593826, 1, 'SwordArt', 2043, 2475539, 1);
INSERT INTO interacts VALUES(777638593826, 1, 'Huhi', 3135, 2480587, 1);
INSERT INTO interacts VALUES(777638593826, 1, 'Huhi', 2043, 2481645, 1);
INSERT INTO interacts VALUES(777638593826, 1, 'Xmithie', 2140, 2508331, 1);
INSERT INTO interacts VALUES(777638593826, 1, 'Xmithie', 2043, 2509195, 1);
INSERT INTO interacts VALUES(777638593826, 1, 'Darshan', 1031, 2557262, 1);
INSERT INTO interacts VALUES(777638593826, 1, 'NL', 3035, 2602555, 1);
INSERT INTO interacts VALUES(777638593826, 1, 'aphromoo', 1052, 2625467, 1);
INSERT INTO interacts VALUES(777638593826, 1, 'aphromoo', 1052, 2625625, 1);
INSERT INTO interacts VALUES(777638593826, 1, 'SwordArt', 1029, 2632626, 1);
INSERT INTO interacts VALUES(777638593826, 1, 'Huhi', 1058, 2633460, 1);
INSERT INTO interacts VALUES(777638593826, 1, 'Stixxay', 3153, 2634652, 1);
INSERT INTO interacts VALUES(777638593826, 1, 'aphromoo', 3050, 2634979, 1);
INSERT INTO interacts VALUES(777638593826, 1, 'SwordArt', 1029, 2635310, 1);
INSERT INTO interacts VALUES(777638593826, 1, 'aphromoo', 2010, 2635867, 1);
INSERT INTO interacts VALUES(777638593826, 1, 'Xmithie', 2043, 2639643, 0);
INSERT INTO interacts VALUES(777638593826, 1, 'Xmithie', 2043, 2639772, 0);
INSERT INTO interacts VALUES(777638593826, 1, 'Xmithie', 1053, 2642064, 1);
INSERT INTO interacts VALUES(777638593826, 1, 'Darshan', 2138, 2645238, 1);
INSERT INTO interacts VALUES(777638593826, 1, 'Karsa', 2140, 2649999, 1);
INSERT INTO interacts VALUES(777638593826, 1, 'Maple', 3086, 2652617, 1);
INSERT INTO interacts VALUES(777638593826, 1, 'Huhi', 2139, 2654208, 1);
INSERT INTO interacts VALUES(777638593826, 1, 'Stixxay', 1306, 2656383, 1);
INSERT INTO interacts VALUES(777638593826, 1, 'Stixxay', 2140, 2657027, 1);
INSERT INTO interacts VALUES(777638593826, 1, 'Maple', 1308, 2658018, 1);
INSERT INTO interacts VALUES(777638593826, 1, 'Maple', 1306, 2661991, 1);
INSERT INTO interacts VALUES(777638593826, 1, 'Maple', 2140, 2683097, 1);
INSERT INTO interacts VALUES(777638593826, 1, 'NL', 2140, 2737092, 1);
INSERT INTO interacts VALUES(777638593826, 1, 'SwordArt', 3082, 2738304, 1);
INSERT INTO interacts VALUES(777638593826, 1, 'SwordArt', 2043, 2739297, 1);
INSERT INTO interacts VALUES(777638593826, 1, 'SwordArt', 2043, 2758317, 1);
INSERT INTO interacts VALUES(777638593826, 1, 'Stixxay', 3153, 2787677, 0);
INSERT INTO interacts VALUES(777638593826, 1, 'Stixxay', 3139, 2791818, 1);
INSERT INTO interacts VALUES(777638593826, 1, 'aphromoo', 3114, 2793028, 1);
INSERT INTO interacts VALUES(777638593826, 1, 'aphromoo', 2043, 2795463, 1);
INSERT INTO interacts VALUES(777638593826, 1, 'aphromoo', 2138, 2795955, 1);
INSERT INTO interacts VALUES(777638593826, 1, 'aphromoo', 2043, 2798453, 1);
INSERT INTO interacts VALUES(777638593826, 1, 'Xmithie', 3144, 2802170, 1);
INSERT INTO interacts VALUES(777638593826, 1, 'Xmithie', 2140, 2804136, 1);
INSERT INTO interacts VALUES(777638593826, 1, 'Xmithie', 1306, 2805711, 1);
INSERT INTO interacts VALUES(777638593826, 1, 'MMD', 1011, 2808235, 0);
INSERT INTO interacts VALUES(777638593826, 1, 'MMD', 3143, 2811323, 1);
INSERT INTO interacts VALUES(777638593826, 1, 'Huhi', 3363, 2822251, 1);
INSERT INTO interacts VALUES(777638593826, 1, 'Stixxay', 2140, 2824777, 1);
INSERT INTO interacts VALUES(777638593826, 1, 'Huhi', 2139, 2829390, 1);
INSERT INTO interacts VALUES(777638593826, 1, 'SwordArt', 2043, 2838118, 1);
INSERT INTO interacts VALUES(777638593826, 1, 'SwordArt', 2043, 2838246, 1);
INSERT INTO interacts VALUES(777638593826, 1, 'Darshan', 3026, 2844985, 1);
INSERT INTO interacts VALUES(777638593826, 1, 'Maple', 3046, 2888300, 1);
INSERT INTO interacts VALUES(777638593826, 1, 'Karsa', 2140, 2916002, 1);
INSERT INTO series VALUES(556369078330, 1);
INSERT INTO organizes VALUES('msi_2016', 556369078330, 'group_stage - G2-vs-SKT');
INSERT INTO competes VALUES(556369078330, 'G2', 1);
INSERT INTO competes VALUES(556369078330, 'SKT', 0);
INSERT INTO matches VALUES(556369078330, 1, '2016-05-04');
INSERT INTO scores VALUES('G2', 556369078330, 1, 0, 1, 0, 0, 0, 0);
INSERT INTO scores VALUES('SKT', 556369078330, 1, 2, 10, 1, 1, 1, 1);
INSERT INTO bans VALUES(556369078330, 1, 26, 1);
INSERT INTO bans VALUES(556369078330, 1, 268, 3);
INSERT INTO bans VALUES(556369078330, 1, 57, 5);
INSERT INTO bans VALUES(556369078330, 1, 7, 2);
INSERT INTO bans VALUES(556369078330, 1, 48, 4);
INSERT INTO bans VALUES(556369078330, 1, 76, 6);
INSERT INTO plays VALUES(556369078330, 1, 'Kikis', 79, 'Top', 0, 3, 0, 7291, 10, 1, 171, 0, 0, 7139);
INSERT INTO plays VALUES(556369078330, 1, 'Trick', 104, 'Jungle', 0, 5, 1, 7080, 18, 7, 35, 57, 14, 7117);
INSERT INTO plays VALUES(556369078330, 1, 'Perkz', 245, 'Mid', 2, 6, 0, 11949, 10, 4, 158, 3, 4, 7558);
INSERT INTO plays VALUES(556369078330, 1, 'Emperor', 236, 'ADC', 1, 5, 1, 12920, 7, 2, 194, 2, 0, 7849);
INSERT INTO plays VALUES(556369078330, 1, 'Hybrid', 201, 'Support', 0, 4, 2, 5980, 29, 10, 34, 0, 0, 5428);
INSERT INTO plays VALUES(556369078330, 1, 'Duke', 78, 'Top', 2, 0, 3, 10191, 9, 2, 198, 0, 0, 10740);
INSERT INTO plays VALUES(556369078330, 1, 'Blank', 203, 'Jungle', 4, 0, 9, 15645, 25, 9, 19, 50, 40, 10773);
INSERT INTO plays VALUES(556369078330, 1, 'Faker', 13, 'Mid', 9, 0, 6, 19122, 14, 7, 195, 9, 2, 12638);
INSERT INTO plays VALUES(556369078330, 1, 'Bang', 15, 'ADC', 8, 0, 8, 20971, 12, 0, 214, 3, 1, 12885);
INSERT INTO plays VALUES(556369078330, 1, 'Wolf', 12, 'Support', 0, 3, 15, 5239, 23, 3, 21, 0, 0, 7565);
INSERT INTO interacts VALUES(556369078330, 1, 'Hybrid', 3302, 1787, 1);
INSERT INTO interacts VALUES(556369078330, 1, 'Duke', 2033, 1950, 1);
INSERT INTO interacts VALUES(556369078330, 1, 'Wolf', 3302, 1983, 1);
INSERT INTO interacts VALUES(556369078330, 1, 'Hybrid', 2010, 1983, 1);
INSERT INTO interacts VALUES(556369078330, 1, 'Hybrid', 2010, 2110, 1);
INSERT INTO interacts VALUES(556369078330, 1, 'Emperor', 1055, 2143, 1);
INSERT INTO interacts VALUES(556369078330, 1, 'Wolf', 2010, 2175, 1);
INSERT INTO interacts VALUES(556369078330, 1, 'Duke', 3340, 2209, 1);
INSERT INTO interacts VALUES(556369078330, 1, 'Hybrid', 2010, 2209, 1);
INSERT INTO interacts VALUES(556369078330, 1, 'Wolf', 2010, 2350, 1);
INSERT INTO interacts VALUES(556369078330, 1, 'Emperor', 2010, 2371, 1);
INSERT INTO interacts VALUES(556369078330, 1, 'Wolf', 2010, 2435, 1);
INSERT INTO interacts VALUES(556369078330, 1, 'Kikis', 1056, 2499, 1);
INSERT INTO interacts VALUES(556369078330, 1, 'Emperor', 3340, 2566, 1);
INSERT INTO interacts VALUES(556369078330, 1, 'Hybrid', 3340, 2566, 1);
INSERT INTO interacts VALUES(556369078330, 1, 'Wolf', 3340, 2630, 1);
INSERT INTO interacts VALUES(556369078330, 1, 'Kikis', 2003, 2663, 1);
INSERT INTO interacts VALUES(556369078330, 1, 'Kikis', 2003, 2794, 1);
INSERT INTO interacts VALUES(556369078330, 1, 'Kikis', 3340, 2996, 1);
INSERT INTO interacts VALUES(556369078330, 1, 'Trick', 1039, 3405, 1);
INSERT INTO interacts VALUES(556369078330, 1, 'Trick', 2031, 3661, 1);
INSERT INTO interacts VALUES(556369078330, 1, 'Bang', 1055, 3679, 1);
INSERT INTO interacts VALUES(556369078330, 1, 'Faker', 1027, 3744, 1);
INSERT INTO interacts VALUES(556369078330, 1, 'Blank', 3340, 3777, 1);
INSERT INTO interacts VALUES(556369078330, 1, 'Bang', 2010, 3970, 1);
INSERT INTO interacts VALUES(556369078330, 1, 'Trick', 3340, 4105, 1);
INSERT INTO interacts VALUES(556369078330, 1, 'Bang', 3340, 4203, 1);
INSERT INTO interacts VALUES(556369078330, 1, 'Perkz', 1056, 4269, 1);
INSERT INTO interacts VALUES(556369078330, 1, 'Blank', 1039, 4332, 1);
INSERT INTO interacts VALUES(556369078330, 1, 'Faker', 2031, 4626, 1);
INSERT INTO interacts VALUES(556369078330, 1, 'Perkz', 3340, 4792, 1);
INSERT INTO interacts VALUES(556369078330, 1, 'Blank', 2031, 4893, 1);
INSERT INTO interacts VALUES(556369078330, 1, 'Faker', 3340, 5152, 1);
INSERT INTO interacts VALUES(556369078330, 1, 'Perkz', 2010, 5714, 1);
INSERT INTO interacts VALUES(556369078330, 1, 'Perkz', 2010, 5875, 1);
INSERT INTO interacts VALUES(556369078330, 1, 'Perkz', 1056, 243587, 1);
INSERT INTO interacts VALUES(556369078330, 1, 'Perkz', 1082, 244078, 1);
INSERT INTO interacts VALUES(556369078330, 1, 'Faker', 3070, 253812, 1);
INSERT INTO interacts VALUES(556369078330, 1, 'Faker', 1001, 255509, 1);
INSERT INTO interacts VALUES(556369078330, 1, 'Kikis', 1056, 332470, 1);
INSERT INTO interacts VALUES(556369078330, 1, 'Kikis', 1029, 338375, 1);
INSERT INTO interacts VALUES(556369078330, 1, 'Kikis', 1029, 338533, 1);
INSERT INTO interacts VALUES(556369078330, 1, 'Duke', 3211, 341861, 1);
INSERT INTO interacts VALUES(556369078330, 1, 'Duke', 2043, 343097, 1);
INSERT INTO interacts VALUES(556369078330, 1, 'Trick', 3711, 352436, 1);
INSERT INTO interacts VALUES(556369078330, 1, 'Trick', 1036, 352796, 1);
INSERT INTO interacts VALUES(556369078330, 1, 'Trick', 1001, 354126, 1);
INSERT INTO interacts VALUES(556369078330, 1, 'Blank', 3711, 357278, 1);
INSERT INTO interacts VALUES(556369078330, 1, 'Blank', 1042, 358847, 1);
INSERT INTO interacts VALUES(556369078330, 1, 'Perkz', 1033, 359141, 1);
INSERT INTO interacts VALUES(556369078330, 1, 'Perkz', 2043, 360172, 1);
INSERT INTO interacts VALUES(556369078330, 1, 'Perkz', 2010, 360404, 1);
INSERT INTO interacts VALUES(556369078330, 1, 'Perkz', 2010, 360532, 1);
INSERT INTO interacts VALUES(556369078330, 1, 'Blank', 2032, 361541, 1);
INSERT INTO interacts VALUES(556369078330, 1, 'Blank', 1042, 362711, 1);
INSERT INTO interacts VALUES(556369078330, 1, 'Faker', 1027, 390316, 1);
INSERT INTO interacts VALUES(556369078330, 1, 'Faker', 1028, 390717, 1);
INSERT INTO interacts VALUES(556369078330, 1, 'Faker', 3010, 482659, 1);
INSERT INTO interacts VALUES(556369078330, 1, 'Emperor', 1038, 482659, 1);
INSERT INTO interacts VALUES(556369078330, 1, 'Faker', 2043, 483515, 1);
INSERT INTO interacts VALUES(556369078330, 1, 'Emperor', 1036, 484111, 1);
INSERT INTO interacts VALUES(556369078330, 1, 'Emperor', 1036, 484214, 1);
INSERT INTO interacts VALUES(556369078330, 1, 'Wolf', 2049, 499305, 1);
INSERT INTO interacts VALUES(556369078330, 1, 'Wolf', 1001, 500136, 1);
INSERT INTO interacts VALUES(556369078330, 1, 'Wolf', 2043, 501565, 1);
INSERT INTO interacts VALUES(556369078330, 1, 'Wolf', 1004, 501826, 1);
INSERT INTO interacts VALUES(556369078330, 1, 'Wolf', 3341, 503826, 1);
INSERT INTO interacts VALUES(556369078330, 1, 'Wolf', 2031, 505049, 1);
INSERT INTO interacts VALUES(556369078330, 1, 'Bang', 1038, 506028, 1);
INSERT INTO interacts VALUES(556369078330, 1, 'Bang', 3133, 506231, 1);
INSERT INTO interacts VALUES(556369078330, 1, 'Bang', 2010, 506424, 1);
INSERT INTO interacts VALUES(556369078330, 1, 'Hybrid', 2049, 511435, 1);
INSERT INTO interacts VALUES(556369078330, 1, 'Hybrid', 1001, 511731, 1);
INSERT INTO interacts VALUES(556369078330, 1, 'Hybrid', 3341, 512983, 1);
INSERT INTO interacts VALUES(556369078330, 1, 'Hybrid', 2043, 513539, 1);
INSERT INTO interacts VALUES(556369078330, 1, 'Hybrid', 2010, 513925, 1);
INSERT INTO interacts VALUES(556369078330, 1, 'Hybrid', 2010, 521662, 1);
INSERT INTO interacts VALUES(556369078330, 1, 'Kikis', 3024, 531483, 1);
INSERT INTO interacts VALUES(556369078330, 1, 'Kikis', 1001, 532564, 1);
INSERT INTO interacts VALUES(556369078330, 1, 'Kikis', 2043, 534740, 1);
INSERT INTO interacts VALUES(556369078330, 1, 'Trick', 3009, 542121, 1);
INSERT INTO interacts VALUES(556369078330, 1, 'Trick', 1036, 543097, 1);
INSERT INTO interacts VALUES(556369078330, 1, 'Duke', 3751, 550682, 1);
INSERT INTO interacts VALUES(556369078330, 1, 'Hybrid', 2043, 588137, 1);
INSERT INTO interacts VALUES(556369078330, 1, 'Hybrid', 2010, 588399, 1);
INSERT INTO interacts VALUES(556369078330, 1, 'Emperor', 3133, 591617, 1);
INSERT INTO interacts VALUES(556369078330, 1, 'Emperor', 2010, 592266, 1);
INSERT INTO interacts VALUES(556369078330, 1, 'Hybrid', 2010, 593768, 1);
INSERT INTO interacts VALUES(556369078330, 1, 'Perkz', 1057, 600615, 1);
INSERT INTO interacts VALUES(556369078330, 1, 'Perkz', 1026, 601861, 1);
INSERT INTO interacts VALUES(556369078330, 1, 'Perkz', 1001, 602375, 1);
INSERT INTO interacts VALUES(556369078330, 1, 'Perkz', 3363, 605056, 1);
INSERT INTO interacts VALUES(556369078330, 1, 'Faker', 1026, 612189, 1);
INSERT INTO interacts VALUES(556369078330, 1, 'Faker', 2043, 613745, 1);
INSERT INTO interacts VALUES(556369078330, 1, 'Bang', 1018, 614424, 1);
INSERT INTO interacts VALUES(556369078330, 1, 'Blank', 1411, 616104, 1);
INSERT INTO interacts VALUES(556369078330, 1, 'Blank', 1001, 617425, 1);
INSERT INTO interacts VALUES(556369078330, 1, 'Trick', 3133, 649528, 1);
INSERT INTO interacts VALUES(556369078330, 1, 'Trick', 2043, 649969, 1);
INSERT INTO interacts VALUES(556369078330, 1, 'Perkz', 3001, 752959, 1);
INSERT INTO interacts VALUES(556369078330, 1, 'Wolf', 3117, 757852, 1);
INSERT INTO interacts VALUES(556369078330, 1, 'Wolf', 2043, 759229, 1);
INSERT INTO interacts VALUES(556369078330, 1, 'Hybrid', 3097, 766882, 1);
INSERT INTO interacts VALUES(556369078330, 1, 'Hybrid', 2043, 767340, 1);
INSERT INTO interacts VALUES(556369078330, 1, 'Hybrid', 2010, 767638, 1);
INSERT INTO interacts VALUES(556369078330, 1, 'Hybrid', 2010, 767771, 1);
INSERT INTO interacts VALUES(556369078330, 1, 'Faker', 3027, 775665, 1);
INSERT INTO interacts VALUES(556369078330, 1, 'Trick', 1408, 801128, 1);
INSERT INTO interacts VALUES(556369078330, 1, 'Trick', 2043, 801608, 1);
INSERT INTO interacts VALUES(556369078330, 1, 'Trick', 3364, 801884, 1);
INSERT INTO interacts VALUES(556369078330, 1, 'Kikis', 3751, 823233, 1);
INSERT INTO interacts VALUES(556369078330, 1, 'Perkz', 3158, 823492, 1);
INSERT INTO interacts VALUES(556369078330, 1, 'Perkz', 2010, 823897, 1);
INSERT INTO interacts VALUES(556369078330, 1, 'Wolf', 3097, 835150, 1);
INSERT INTO interacts VALUES(556369078330, 1, 'Blank', 1043, 841228, 1);
INSERT INTO interacts VALUES(556369078330, 1, 'Blank', 2043, 842288, 1);
INSERT INTO interacts VALUES(556369078330, 1, 'Blank', 3364, 842612, 1);
INSERT INTO interacts VALUES(556369078330, 1, 'Duke', 3057, 846013, 1);
INSERT INTO interacts VALUES(556369078330, 1, 'Duke', 3009, 847409, 1);
INSERT INTO interacts VALUES(556369078330, 1, 'Duke', 3363, 849490, 1);
INSERT INTO interacts VALUES(556369078330, 1, 'Emperor', 3508, 871201, 1);
INSERT INTO interacts VALUES(556369078330, 1, 'Emperor', 1001, 872861, 1);
INSERT INTO interacts VALUES(556369078330, 1, 'Emperor', 1042, 873189, 1);
INSERT INTO interacts VALUES(556369078330, 1, 'Bang', 3508, 898355, 1);
INSERT INTO interacts VALUES(556369078330, 1, 'Bang', 3009, 900436, 1);
INSERT INTO interacts VALUES(556369078330, 1, 'Bang', 1042, 902241, 1);
INSERT INTO interacts VALUES(556369078330, 1, 'Bang', 1042, 902299, 1);
INSERT INTO interacts VALUES(556369078330, 1, 'Bang', 3363, 903669, 1);
INSERT INTO interacts VALUES(556369078330, 1, 'Bang', 2010, 904025, 1);
INSERT INTO interacts VALUES(556369078330, 1, 'Hybrid', 3009, 907763, 1);
INSERT INTO interacts VALUES(556369078330, 1, 'Hybrid', 2043, 908710, 1);
INSERT INTO interacts VALUES(556369078330, 1, 'Trick', 1036, 929504, 1);
INSERT INTO interacts VALUES(556369078330, 1, 'Trick', 1036, 930306, 1);
INSERT INTO interacts VALUES(556369078330, 1, 'Kikis', 1031, 932829, 1);
INSERT INTO interacts VALUES(556369078330, 1, 'Wolf', 2303, 951558, 1);
INSERT INTO interacts VALUES(556369078330, 1, 'Blank', 3009, 987418, 1);
INSERT INTO interacts VALUES(556369078330, 1, 'Blank', 1042, 989193, 1);
INSERT INTO interacts VALUES(556369078330, 1, 'Blank', 2043, 989793, 1);
INSERT INTO interacts VALUES(556369078330, 1, 'Faker', 3003, 989893, 1);
INSERT INTO interacts VALUES(556369078330, 1, 'Faker', 2043, 991497, 1);
INSERT INTO interacts VALUES(556369078330, 1, 'Hybrid', 1028, 1037727, 1);
INSERT INTO interacts VALUES(556369078330, 1, 'Kikis', 3068, 1037727, 1);
INSERT INTO interacts VALUES(556369078330, 1, 'Hybrid', 2043, 1038330, 1);
INSERT INTO interacts VALUES(556369078330, 1, 'Hybrid', 2010, 1038544, 1);
INSERT INTO interacts VALUES(556369078330, 1, 'Trick', 3133, 1039308, 1);
INSERT INTO interacts VALUES(556369078330, 1, 'Perkz', 3108, 1039613, 1);
INSERT INTO interacts VALUES(556369078330, 1, 'Kikis', 2043, 1040227, 1);
INSERT INTO interacts VALUES(556369078330, 1, 'Emperor', 3006, 1042255, 1);
INSERT INTO interacts VALUES(556369078330, 1, 'Emperor', 1042, 1042741, 1);
INSERT INTO interacts VALUES(556369078330, 1, 'Emperor', 3363, 1043131, 1);
INSERT INTO interacts VALUES(556369078330, 1, 'Emperor', 2010, 1043565, 1);
INSERT INTO interacts VALUES(556369078330, 1, 'Duke', 3025, 1063967, 1);
INSERT INTO interacts VALUES(556369078330, 1, 'Trick', 1036, 1065330, 1);
INSERT INTO interacts VALUES(556369078330, 1, 'Blank', 3086, 1065654, 1);
INSERT INTO interacts VALUES(556369078330, 1, 'Blank', 2043, 1066602, 1);
INSERT INTO interacts VALUES(556369078330, 1, 'Duke', 1308, 1067834, 1);
INSERT INTO interacts VALUES(556369078330, 1, 'Bang', 3087, 1081843, 1);
INSERT INTO interacts VALUES(556369078330, 1, 'Bang', 2043, 1083645, 1);
INSERT INTO interacts VALUES(556369078330, 1, 'Bang', 2010, 1085023, 1);
INSERT INTO interacts VALUES(556369078330, 1, 'Wolf', 3024, 1119186, 1);
INSERT INTO interacts VALUES(556369078330, 1, 'Wolf', 1029, 1119721, 1);
INSERT INTO interacts VALUES(556369078330, 1, 'Hybrid', 2010, 1122008, 0);
INSERT INTO interacts VALUES(556369078330, 1, 'Wolf', 1033, 1123414, 1);
INSERT INTO interacts VALUES(556369078330, 1, 'Wolf', 3801, 1123683, 1);
INSERT INTO interacts VALUES(556369078330, 1, 'Wolf', 2043, 1125486, 1);
INSERT INTO interacts VALUES(556369078330, 1, 'Trick', 1028, 1126346, 1);
INSERT INTO interacts VALUES(556369078330, 1, 'Wolf', 3364, 1126790, 1);
INSERT INTO interacts VALUES(556369078330, 1, 'Emperor', 1051, 1147913, 1);
INSERT INTO interacts VALUES(556369078330, 1, 'Kikis', 3111, 1182101, 1);
INSERT INTO interacts VALUES(556369078330, 1, 'Hybrid', 1033, 1192409, 1);
INSERT INTO interacts VALUES(556369078330, 1, 'Blank', 3085, 1218890, 1);
INSERT INTO interacts VALUES(556369078330, 1, 'Perkz', 1082, 1219249, 0);
INSERT INTO interacts VALUES(556369078330, 1, 'Blank', 3155, 1220242, 1);
INSERT INTO interacts VALUES(556369078330, 1, 'Perkz', 1058, 1220990, 1);
INSERT INTO interacts VALUES(556369078330, 1, 'Blank', 2043, 1221726, 1);
INSERT INTO interacts VALUES(556369078330, 1, 'Bang', 1038, 1223163, 1);
INSERT INTO interacts VALUES(556369078330, 1, 'Duke', 3068, 1223557, 1);
INSERT INTO interacts VALUES(556369078330, 1, 'Faker', 3027, 1223822, 1);
INSERT INTO interacts VALUES(556369078330, 1, 'Wolf', 3105, 1225619, 1);
INSERT INTO interacts VALUES(556369078330, 1, 'Faker', 3009, 1225624, 1);
INSERT INTO interacts VALUES(556369078330, 1, 'Wolf', 1028, 1226126, 1);
INSERT INTO interacts VALUES(556369078330, 1, 'Emperor', 3086, 1250757, 1);
INSERT INTO interacts VALUES(556369078330, 1, 'Hybrid', 3364, 1262466, 1);
INSERT INTO interacts VALUES(556369078330, 1, 'Hybrid', 2043, 1262837, 1);
INSERT INTO interacts VALUES(556369078330, 1, 'Trick', 3044, 1283202, 1);
INSERT INTO interacts VALUES(556369078330, 1, 'Trick', 2043, 1309192, 1);
INSERT INTO interacts VALUES(556369078330, 1, 'Emperor', 1042, 1331004, 1);
INSERT INTO interacts VALUES(556369078330, 1, 'Hybrid', 3801, 1332374, 1);
INSERT INTO interacts VALUES(556369078330, 1, 'Faker', 1058, 1339514, 1);
INSERT INTO interacts VALUES(556369078330, 1, 'Bang', 1037, 1341537, 1);
INSERT INTO interacts VALUES(556369078330, 1, 'Wolf', 3190, 1341776, 1);
INSERT INTO interacts VALUES(556369078330, 1, 'Blank', 3035, 1342461, 1);
INSERT INTO interacts VALUES(556369078330, 1, 'Bang', 2140, 1343070, 1);
INSERT INTO interacts VALUES(556369078330, 1, 'Wolf', 1029, 1343084, 1);
INSERT INTO interacts VALUES(556369078330, 1, 'Duke', 1011, 1343211, 1);
INSERT INTO interacts VALUES(556369078330, 1, 'Blank', 2032, 1343440, 0);
INSERT INTO interacts VALUES(556369078330, 1, 'Wolf', 2043, 1345074, 1);
INSERT INTO interacts VALUES(556369078330, 1, 'Bang', 1308, 1345770, 1);
INSERT INTO interacts VALUES(556369078330, 1, 'Blank', 2140, 1345950, 1);
INSERT INTO interacts VALUES(556369078330, 1, 'Hybrid', 3105, 1352732, 1);
INSERT INTO interacts VALUES(556369078330, 1, 'Kikis', 2043, 1428308, 0);
INSERT INTO interacts VALUES(556369078330, 1, 'Kikis', 3211, 1429652, 1);
INSERT INTO series VALUES(344030497574, 1);
INSERT INTO organizes VALUES('msi_2016', 344030497574, 'group_stage - SUP-vs-RNG');
INSERT INTO competes VALUES(344030497574, 'SUP', 1);
INSERT INTO competes VALUES(344030497574, 'RNG', 0);
INSERT INTO matches VALUES(344030497574, 1, '2016-05-04');
INSERT INTO scores VALUES('SUP', 344030497574, 1, 0, 3, 0, 0, 1, 0);
INSERT INTO scores VALUES('RNG', 344030497574, 1, 1, 9, 1, 1, 3, 1);
INSERT INTO bans VALUES(344030497574, 1, 12, 1);
INSERT INTO bans VALUES(344030497574, 1, 201, 3);
INSERT INTO bans VALUES(344030497574, 1, 76, 5);
INSERT INTO bans VALUES(344030497574, 1, 432, 2);
INSERT INTO bans VALUES(344030497574, 1, 7, 4);
INSERT INTO bans VALUES(344030497574, 1, 203, 6);
INSERT INTO players VALUES('fabFabulous', date('1970-01-01'));
INSERT INTO registers VALUES('fabFabulous', 'SUP', date('1970-01-01'), 'NULL');
INSERT INTO plays VALUES(344030497574, 1, 'fabFabulous', 105, 'Top', 2, 5, 3, 17099, 18, 3, 254, 0, 0, 12069);
INSERT INTO plays VALUES(344030497574, 1, 'Stomaged', 104, 'Jungle', 3, 4, 1, 15843, 28, 20, 53, 81, 13, 11893);
INSERT INTO plays VALUES(344030497574, 1, 'Naru', 127, 'Mid', 2, 7, 5, 15756, 22, 5, 307, 9, 3, 13201);
INSERT INTO plays VALUES(344030497574, 1, 'Achuu', 236, 'ADC', 1, 5, 3, 22140, 14, 6, 338, 16, 0, 13765);
INSERT INTO plays VALUES(344030497574, 1, 'Dumbledoge', 78, 'Support', 3, 5, 2, 10008, 45, 19, 62, 0, 0, 9631);
INSERT INTO plays VALUES(344030497574, 1, 'Looper', 245, 'Top', 7, 3, 6, 18223, 19, 5, 275, 5, 3, 15532);
INSERT INTO plays VALUES(344030497574, 1, 'mlxg', 64, 'Jungle', 7, 2, 8, 12785, 29, 21, 62, 86, 37, 15622);
INSERT INTO plays VALUES(344030497574, 1, 'xiaohu', 13, 'Mid', 5, 1, 14, 27301, 21, 12, 352, 6, 12, 17914);
INSERT INTO plays VALUES(344030497574, 1, 'Wuxx', 15, 'ADC', 5, 3, 9, 22319, 19, 6, 328, 16, 4, 17080);
INSERT INTO plays VALUES(344030497574, 1, 'Mata', 223, 'Support', 2, 2, 14, 6559, 48, 9, 51, 0, 0, 10840);
INSERT INTO interacts VALUES(344030497574, 1, 'Wuxx', 1055, 1546, 1);
INSERT INTO interacts VALUES(344030497574, 1, 'Wuxx', 2010, 1742, 1);
INSERT INTO interacts VALUES(344030497574, 1, 'Mata', 3302, 1806, 1);
INSERT INTO interacts VALUES(344030497574, 1, 'Achuu', 1055, 1871, 1);
INSERT INTO interacts VALUES(344030497574, 1, 'Achuu', 2010, 2195, 1);
INSERT INTO interacts VALUES(344030497574, 1, 'Wuxx', 3340, 2227, 1);
INSERT INTO interacts VALUES(344030497574, 1, 'Achuu', 3340, 2492, 1);
INSERT INTO interacts VALUES(344030497574, 1, 'Mata', 2010, 2893, 1);
INSERT INTO interacts VALUES(344030497574, 1, 'Mata', 2010, 3014, 1);
INSERT INTO interacts VALUES(344030497574, 1, 'Dumbledoge', 2010, 3110, 1);
INSERT INTO interacts VALUES(344030497574, 1, 'Mata', 2010, 3114, 1);
INSERT INTO interacts VALUES(344030497574, 1, 'Dumbledoge', 2010, 3374, 1);
INSERT INTO interacts VALUES(344030497574, 1, 'Mata', 3340, 3677, 1);
INSERT INTO interacts VALUES(344030497574, 1, 'Dumbledoge', 2010, 3701, 1);
INSERT INTO interacts VALUES(344030497574, 1, 'Naru', 1056, 3895, 1);
INSERT INTO interacts VALUES(344030497574, 1, 'Naru', 2010, 4091, 1);
INSERT INTO interacts VALUES(344030497574, 1, 'Naru', 2010, 4253, 1);
INSERT INTO interacts VALUES(344030497574, 1, 'Dumbledoge', 3302, 4286, 1);
INSERT INTO interacts VALUES(344030497574, 1, 'Stomaged', 1039, 4383, 1);
INSERT INTO interacts VALUES(344030497574, 1, 'Naru', 3340, 4545, 1);
INSERT INTO interacts VALUES(344030497574, 1, 'mlxg', 1041, 4838, 1);
INSERT INTO interacts VALUES(344030497574, 1, 'xiaohu', 1056, 4999, 1);
INSERT INTO interacts VALUES(344030497574, 1, 'Stomaged', 2031, 5065, 1);
INSERT INTO interacts VALUES(344030497574, 1, 'Dumbledoge', 3340, 5163, 1);
INSERT INTO interacts VALUES(344030497574, 1, 'mlxg', 2031, 5239, 1);
INSERT INTO interacts VALUES(344030497574, 1, 'xiaohu', 2003, 5555, 1);
INSERT INTO interacts VALUES(344030497574, 1, 'mlxg', 3340, 5683, 1);
INSERT INTO interacts VALUES(344030497574, 1, 'xiaohu', 2003, 5879, 1);
INSERT INTO interacts VALUES(344030497574, 1, 'Stomaged', 3340, 6108, 1);
INSERT INTO interacts VALUES(344030497574, 1, 'xiaohu', 3340, 6595, 1);
INSERT INTO interacts VALUES(344030497574, 1, 'fabFabulous', 2033, 7277, 1);
INSERT INTO interacts VALUES(344030497574, 1, 'fabFabulous', 3340, 7864, 1);
INSERT INTO interacts VALUES(344030497574, 1, 'Looper', 3340, 10072, 1);
INSERT INTO interacts VALUES(344030497574, 1, 'Looper', 2033, 10986, 1);
INSERT INTO interacts VALUES(344030497574, 1, 'xiaohu', 1027, 11245, 1);
INSERT INTO interacts VALUES(344030497574, 1, 'xiaohu', 3340, 11896, 1);
INSERT INTO interacts VALUES(344030497574, 1, 'xiaohu', 2031, 13011, 1);
INSERT INTO interacts VALUES(344030497574, 1, 'xiaohu', 3070, 212729, 1);
INSERT INTO interacts VALUES(344030497574, 1, 'mlxg', 3711, 212729, 1);
INSERT INTO interacts VALUES(344030497574, 1, 'mlxg', 2043, 213939, 1);
INSERT INTO interacts VALUES(344030497574, 1, 'xiaohu', 2043, 214623, 1);
INSERT INTO interacts VALUES(344030497574, 1, 'Naru', 1056, 242561, 1);
INSERT INTO interacts VALUES(344030497574, 1, 'Naru', 2043, 244148, 1);
INSERT INTO interacts VALUES(344030497574, 1, 'Naru', 2010, 244408, 1);
INSERT INTO interacts VALUES(344030497574, 1, 'Naru', 2010, 244507, 1);
INSERT INTO interacts VALUES(344030497574, 1, 'Stomaged', 3711, 250556, 1);
INSERT INTO interacts VALUES(344030497574, 1, 'Stomaged', 2043, 251345, 1);
INSERT INTO interacts VALUES(344030497574, 1, 'Looper', 1082, 260138, 1);
INSERT INTO interacts VALUES(344030497574, 1, 'Looper', 1001, 261508, 1);
INSERT INTO interacts VALUES(344030497574, 1, 'fabFabulous', 1082, 286378, 1);
INSERT INTO interacts VALUES(344030497574, 1, 'fabFabulous', 1001, 287265, 1);
INSERT INTO interacts VALUES(344030497574, 1, 'Achuu', 1038, 313394, 1);
INSERT INTO interacts VALUES(344030497574, 1, 'Wuxx', 1038, 314579, 1);
INSERT INTO interacts VALUES(344030497574, 1, 'Mata', 2049, 316618, 1);
INSERT INTO interacts VALUES(344030497574, 1, 'Mata', 2043, 317711, 1);
INSERT INTO interacts VALUES(344030497574, 1, 'Mata', 2010, 317892, 1);
INSERT INTO interacts VALUES(344030497574, 1, 'Mata', 3341, 319127, 1);
INSERT INTO interacts VALUES(344030497574, 1, 'Wuxx', 2010, 323203, 1);
INSERT INTO interacts VALUES(344030497574, 1, 'Wuxx', 2010, 323364, 1);
INSERT INTO interacts VALUES(344030497574, 1, 'Wuxx', 2043, 323918, 1);
INSERT INTO interacts VALUES(344030497574, 1, 'Achuu', 2010, 330295, 1);
INSERT INTO interacts VALUES(344030497574, 1, 'Dumbledoge', 2010, 350024, 1);
INSERT INTO interacts VALUES(344030497574, 1, 'Dumbledoge', 2049, 351767, 1);
INSERT INTO interacts VALUES(344030497574, 1, 'Dumbledoge', 2043, 352465, 1);
INSERT INTO interacts VALUES(344030497574, 1, 'Dumbledoge', 1001, 353091, 1);
INSERT INTO interacts VALUES(344030497574, 1, 'Dumbledoge', 3341, 356009, 1);
INSERT INTO interacts VALUES(344030497574, 1, 'Dumbledoge', 2010, 356866, 1);
INSERT INTO interacts VALUES(344030497574, 1, 'Looper', 1029, 379823, 1);
INSERT INTO interacts VALUES(344030497574, 1, 'Looper', 2043, 380670, 1);
INSERT INTO interacts VALUES(344030497574, 1, 'fabFabulous', 1028, 397182, 1);
INSERT INTO interacts VALUES(344030497574, 1, 'fabFabulous', 1029, 398623, 1);
INSERT INTO interacts VALUES(344030497574, 1, 'xiaohu', 1028, 398850, 1);
INSERT INTO interacts VALUES(344030497574, 1, 'fabFabulous', 2043, 399624, 1);
INSERT INTO interacts VALUES(344030497574, 1, 'xiaohu', 1001, 400711, 1);
INSERT INTO interacts VALUES(344030497574, 1, 'xiaohu', 1027, 401661, 1);
INSERT INTO interacts VALUES(344030497574, 1, 'mlxg', 1001, 413548, 1);
INSERT INTO interacts VALUES(344030497574, 1, 'mlxg', 1036, 417551, 1);
INSERT INTO interacts VALUES(344030497574, 1, 'mlxg', 1036, 417663, 1);
INSERT INTO interacts VALUES(344030497574, 1, 'mlxg', 2043, 418738, 1);
INSERT INTO interacts VALUES(344030497574, 1, 'Naru', 1028, 424005, 1);
INSERT INTO interacts VALUES(344030497574, 1, 'Naru', 1027, 424265, 1);
INSERT INTO interacts VALUES(344030497574, 1, 'Naru', 2043, 425309, 1);
INSERT INTO interacts VALUES(344030497574, 1, 'Naru', 2010, 425602, 1);
INSERT INTO interacts VALUES(344030497574, 1, 'Naru', 2010, 425731, 1);
INSERT INTO interacts VALUES(344030497574, 1, 'fabFabulous', 3751, 557120, 1);
INSERT INTO interacts VALUES(344030497574, 1, 'Looper', 3751, 581238, 1);
INSERT INTO interacts VALUES(344030497574, 1, 'Stomaged', 1408, 587647, 1);
INSERT INTO interacts VALUES(344030497574, 1, 'xiaohu', 3010, 596201, 1);
INSERT INTO interacts VALUES(344030497574, 1, 'xiaohu', 1033, 597842, 1);
INSERT INTO interacts VALUES(344030497574, 1, 'xiaohu', 3111, 606688, 1);
INSERT INTO interacts VALUES(344030497574, 1, 'mlxg', 1408, 620542, 1);
INSERT INTO interacts VALUES(344030497574, 1, 'mlxg', 1028, 622620, 1);
INSERT INTO interacts VALUES(344030497574, 1, 'Naru', 3010, 629520, 1);
INSERT INTO interacts VALUES(344030497574, 1, 'Naru', 1026, 629888, 1);
INSERT INTO interacts VALUES(344030497574, 1, 'Naru', 2043, 630962, 1);
INSERT INTO interacts VALUES(344030497574, 1, 'Achuu', 3133, 700330, 1);
INSERT INTO interacts VALUES(344030497574, 1, 'Achuu', 1018, 700883, 1);
INSERT INTO interacts VALUES(344030497574, 1, 'Achuu', 2010, 702085, 1);
INSERT INTO interacts VALUES(344030497574, 1, 'Achuu', 2010, 702343, 1);
INSERT INTO interacts VALUES(344030497574, 1, 'Achuu', 2043, 702701, 1);
INSERT INTO interacts VALUES(344030497574, 1, 'Dumbledoge', 3801, 713101, 1);
INSERT INTO interacts VALUES(344030497574, 1, 'Dumbledoge', 1033, 714018, 1);
INSERT INTO interacts VALUES(344030497574, 1, 'Dumbledoge', 2043, 715409, 1);
INSERT INTO interacts VALUES(344030497574, 1, 'Mata', 3009, 726808, 1);
INSERT INTO interacts VALUES(344030497574, 1, 'Mata', 2043, 728615, 1);
INSERT INTO interacts VALUES(344030497574, 1, 'Mata', 2010, 728830, 1);
INSERT INTO interacts VALUES(344030497574, 1, 'Mata', 2010, 730488, 1);
INSERT INTO interacts VALUES(344030497574, 1, 'Wuxx', 3508, 730554, 1);
INSERT INTO interacts VALUES(344030497574, 1, 'Wuxx', 2010, 731997, 1);
INSERT INTO interacts VALUES(344030497574, 1, 'Wuxx', 2043, 732411, 1);
INSERT INTO interacts VALUES(344030497574, 1, 'Wuxx', 2010, 732605, 1);
INSERT INTO interacts VALUES(344030497574, 1, 'Looper', 3057, 763801, 1);
INSERT INTO interacts VALUES(344030497574, 1, 'xiaohu', 1026, 786728, 1);
INSERT INTO interacts VALUES(344030497574, 1, 'xiaohu', 3363, 788320, 1);
INSERT INTO interacts VALUES(344030497574, 1, 'xiaohu', 2043, 789067, 1);
INSERT INTO interacts VALUES(344030497574, 1, 'fabFabulous', 3068, 796419, 1);
INSERT INTO interacts VALUES(344030497574, 1, 'fabFabulous', 2043, 798061, 1);
INSERT INTO interacts VALUES(344030497574, 1, 'Stomaged', 3009, 798321, 1);
INSERT INTO interacts VALUES(344030497574, 1, 'Stomaged', 2043, 799782, 1);
INSERT INTO interacts VALUES(344030497574, 1, 'Stomaged', 3341, 800235, 1);
INSERT INTO interacts VALUES(344030497574, 1, 'Naru', 3027, 807628, 1);
INSERT INTO interacts VALUES(344030497574, 1, 'Naru', 2043, 808896, 1);
INSERT INTO interacts VALUES(344030497574, 1, 'Naru', 2010, 809250, 1);
INSERT INTO interacts VALUES(344030497574, 1, 'Naru', 2010, 809416, 1);
INSERT INTO interacts VALUES(344030497574, 1, 'mlxg', 3009, 817401, 1);
INSERT INTO interacts VALUES(344030497574, 1, 'mlxg', 1036, 818615, 1);
INSERT INTO interacts VALUES(344030497574, 1, 'mlxg', 3364, 820301, 1);
INSERT INTO interacts VALUES(344030497574, 1, 'mlxg', 2043, 820495, 1);
INSERT INTO interacts VALUES(344030497574, 1, 'Looper', 1031, 827957, 1);
INSERT INTO interacts VALUES(344030497574, 1, 'Achuu', 3508, 853722, 1);
INSERT INTO interacts VALUES(344030497574, 1, 'Achuu', 1001, 855026, 1);
INSERT INTO interacts VALUES(344030497574, 1, 'Mata', 3097, 880610, 1);
INSERT INTO interacts VALUES(344030497574, 1, 'Wuxx', 1001, 880774, 1);
INSERT INTO interacts VALUES(344030497574, 1, 'Mata', 2043, 881133, 1);
INSERT INTO interacts VALUES(344030497574, 1, 'Mata', 2010, 881948, 1);
INSERT INTO interacts VALUES(344030497574, 1, 'Wuxx', 1051, 882630, 1);
INSERT INTO interacts VALUES(344030497574, 1, 'Wuxx', 2043, 883736, 1);
INSERT INTO interacts VALUES(344030497574, 1, 'Wuxx', 2010, 884028, 1);
INSERT INTO interacts VALUES(344030497574, 1, 'Dumbledoge', 3105, 893106, 1);
INSERT INTO interacts VALUES(344030497574, 1, 'Dumbledoge', 2043, 894330, 1);
INSERT INTO interacts VALUES(344030497574, 1, 'Dumbledoge', 2010, 894780, 1);
INSERT INTO interacts VALUES(344030497574, 1, 'Dumbledoge', 2010, 895049, 1);
INSERT INTO interacts VALUES(344030497574, 1, 'Naru', 1026, 969537, 1);
INSERT INTO interacts VALUES(344030497574, 1, 'mlxg', 3155, 970058, 1);
INSERT INTO interacts VALUES(344030497574, 1, 'Naru', 1001, 970905, 1);
INSERT INTO interacts VALUES(344030497574, 1, 'Naru', 2043, 971714, 1);
INSERT INTO interacts VALUES(344030497574, 1, 'Achuu', 3363, 993577, 1);
INSERT INTO interacts VALUES(344030497574, 1, 'Achuu', 3158, 995625, 1);
INSERT INTO interacts VALUES(344030497574, 1, 'mlxg', 2043, 996278, 1);
INSERT INTO interacts VALUES(344030497574, 1, 'Looper', 3068, 1009600, 1);
INSERT INTO interacts VALUES(344030497574, 1, 'Mata', 2303, 1010366, 1);
INSERT INTO interacts VALUES(344030497574, 1, 'Looper', 1033, 1012313, 1);
INSERT INTO interacts VALUES(344030497574, 1, 'Dumbledoge', 3009, 1014529, 1);
INSERT INTO interacts VALUES(344030497574, 1, 'Mata', 1028, 1015696, 1);
INSERT INTO interacts VALUES(344030497574, 1, 'Dumbledoge', 2010, 1015762, 1);
INSERT INTO interacts VALUES(344030497574, 1, 'Dumbledoge', 2010, 1016092, 1);
INSERT INTO interacts VALUES(344030497574, 1, 'Mata', 2010, 1017026, 1);
INSERT INTO interacts VALUES(344030497574, 1, 'Looper', 3111, 1018712, 1);
INSERT INTO interacts VALUES(344030497574, 1, 'Wuxx', 3086, 1025958, 1);
INSERT INTO interacts VALUES(344030497574, 1, 'Wuxx', 3363, 1026677, 1);
INSERT INTO interacts VALUES(344030497574, 1, 'fabFabulous', 3211, 1036320, 1);
INSERT INTO interacts VALUES(344030497574, 1, 'Stomaged', 3155, 1040105, 1);
INSERT INTO interacts VALUES(344030497574, 1, 'Stomaged', 1036, 1040995, 1);
INSERT INTO interacts VALUES(344030497574, 1, 'Stomaged', 3364, 1042461, 1);
INSERT INTO interacts VALUES(344030497574, 1, 'Stomaged', 2043, 1043281, 1);
INSERT INTO interacts VALUES(344030497574, 1, 'fabFabulous', 1033, 1043315, 1);
INSERT INTO interacts VALUES(344030497574, 1, 'Stomaged', 2031, 1044484, 0);
INSERT INTO interacts VALUES(344030497574, 1, 'Stomaged', 1036, 1046130, 1);
INSERT INTO interacts VALUES(344030497574, 1, 'xiaohu', 3027, 1053986, 1);
INSERT INTO interacts VALUES(344030497574, 1, 'xiaohu', 1058, 1056350, 1);
INSERT INTO interacts VALUES(344030497574, 1, 'xiaohu', 2031, 1059751, 0);
INSERT INTO interacts VALUES(344030497574, 1, 'xiaohu', 2043, 1061057, 1);
INSERT INTO interacts VALUES(344030497574, 1, 'Naru', 1057, 1115644, 1);
INSERT INTO interacts VALUES(344030497574, 1, 'Naru', 3363, 1141024, 1);
INSERT INTO interacts VALUES(344030497574, 1, 'Naru', 3158, 1153285, 1);
INSERT INTO interacts VALUES(344030497574, 1, 'Achuu', 3086, 1167942, 1);
INSERT INTO interacts VALUES(344030497574, 1, 'fabFabulous', 3111, 1189179, 1);
INSERT INTO interacts VALUES(344030497574, 1, 'Stomaged', 3134, 1189628, 1);
INSERT INTO interacts VALUES(344030497574, 1, 'Stomaged', 2043, 1190997, 1);
INSERT INTO interacts VALUES(344030497574, 1, 'fabFabulous', 3057, 1191520, 1);
INSERT INTO interacts VALUES(344030497574, 1, 'Dumbledoge', 3190, 1201923, 1);
INSERT INTO interacts VALUES(344030497574, 1, 'Looper', 3025, 1230752, 1);
INSERT INTO interacts VALUES(344030497574, 1, 'Looper', 2043, 1234768, 1);
INSERT INTO interacts VALUES(344030497574, 1, 'Looper', 1323, 1237422, 1);
INSERT INTO interacts VALUES(344030497574, 1, 'Wuxx', 3087, 1243713, 1);
INSERT INTO interacts VALUES(344030497574, 1, 'Mata', 3105, 1246908, 1);
INSERT INTO interacts VALUES(344030497574, 1, 'Mata', 2043, 1248417, 1);
INSERT INTO interacts VALUES(344030497574, 1, 'Mata', 2010, 1248645, 1);
INSERT INTO interacts VALUES(344030497574, 1, 'Mata', 3364, 1250147, 1);
INSERT INTO interacts VALUES(344030497574, 1, 'Wuxx', 3155, 1250378, 1);
INSERT INTO interacts VALUES(344030497574, 1, 'Wuxx', 3140, 1255176, 1);
INSERT INTO interacts VALUES(344030497574, 1, 'xiaohu', 3003, 1262547, 1);
INSERT INTO interacts VALUES(344030497574, 1, 'xiaohu', 1323, 1264629, 1);
INSERT INTO interacts VALUES(344030497574, 1, 'mlxg', 3156, 1265229, 1);
INSERT INTO interacts VALUES(344030497574, 1, 'xiaohu', 2043, 1265638, 1);
INSERT INTO interacts VALUES(344030497574, 1, 'mlxg', 1036, 1266319, 1);
INSERT INTO interacts VALUES(344030497574, 1, 'mlxg', 2031, 1272143, 0);
INSERT INTO interacts VALUES(344030497574, 1, 'mlxg', 2043, 1272662, 1);
INSERT INTO interacts VALUES(344030497574, 1, 'mlxg', 2043, 1272859, 1);
INSERT INTO interacts VALUES(344030497574, 1, 'Stomaged', 3156, 1278629, 1);
INSERT INTO interacts VALUES(344030497574, 1, 'Dumbledoge', 3364, 1281173, 1);
INSERT INTO interacts VALUES(344030497574, 1, 'Dumbledoge', 2010, 1281498, 1);
INSERT INTO interacts VALUES(344030497574, 1, 'Naru', 3001, 1311768, 1);
INSERT INTO interacts VALUES(344030497574, 1, 'Achuu', 3094, 1368232, 1);
INSERT INTO interacts VALUES(344030497574, 1, 'Stomaged', 1028, 1368299, 1);
INSERT INTO interacts VALUES(344030497574, 1, 'Wuxx', 3006, 1384207, 1);
INSERT INTO interacts VALUES(344030497574, 1, 'Mata', 3067, 1395367, 1);
INSERT INTO interacts VALUES(344030497574, 1, 'Mata', 2043, 1396181, 1);
INSERT INTO interacts VALUES(344030497574, 1, 'Dumbledoge', 3097, 1400045, 1);
INSERT INTO interacts VALUES(344030497574, 1, 'Dumbledoge', 1028, 1401107, 1);
INSERT INTO interacts VALUES(344030497574, 1, 'Looper', 1033, 1401241, 1);
INSERT INTO interacts VALUES(344030497574, 1, 'xiaohu', 1026, 1407324, 1);
INSERT INTO interacts VALUES(344030497574, 1, 'xiaohu', 2043, 1409010, 1);
INSERT INTO interacts VALUES(344030497574, 1, 'fabFabulous', 1323, 1423223, 1);
INSERT INTO interacts VALUES(344030497574, 1, 'fabFabulous', 1082, 1424403, 0);
INSERT INTO interacts VALUES(344030497574, 1, 'fabFabulous', 3024, 1426036, 1);
INSERT INTO interacts VALUES(344030497574, 1, 'mlxg', 3052, 1436968, 1);
INSERT INTO interacts VALUES(344030497574, 1, 'mlxg', 1028, 1438728, 1);
INSERT INTO interacts VALUES(344030497574, 1, 'mlxg', 1036, 1442706, 1);
INSERT INTO interacts VALUES(344030497574, 1, 'mlxg', 2043, 1444422, 1);
INSERT INTO interacts VALUES(344030497574, 1, 'Looper', 3211, 1479797, 1);
INSERT INTO interacts VALUES(344030497574, 1, 'Naru', 1058, 1490585, 1);
INSERT INTO interacts VALUES(344030497574, 1, 'Stomaged', 3052, 1511060, 1);
INSERT INTO interacts VALUES(344030497574, 1, 'Stomaged', 2043, 1513525, 1);
INSERT INTO interacts VALUES(344030497574, 1, 'Stomaged', 2043, 1513786, 1);
INSERT INTO interacts VALUES(344030497574, 1, 'Dumbledoge', 3067, 1515168, 1);
INSERT INTO interacts VALUES(344030497574, 1, 'Dumbledoge', 2043, 1515937, 1);
INSERT INTO interacts VALUES(344030497574, 1, 'Dumbledoge', 2043, 1516198, 1);
INSERT INTO interacts VALUES(344030497574, 1, 'Mata', 3190, 1562565, 1);
INSERT INTO interacts VALUES(344030497574, 1, 'Mata', 1029, 1563671, 1);
INSERT INTO interacts VALUES(344030497574, 1, 'Wuxx', 1038, 1589670, 1);
INSERT INTO interacts VALUES(344030497574, 1, 'fabFabulous', 3025, 1635145, 1);
INSERT INTO interacts VALUES(344030497574, 1, 'Achuu', 3140, 1664737, 1);
INSERT INTO interacts VALUES(344030497574, 1, 'fabFabulous', 1028, 1689664, 1);
INSERT INTO interacts VALUES(344030497574, 1, 'Stomaged', 1036, 1692562, 1);
INSERT INTO interacts VALUES(344030497574, 1, 'Mata', 3024, 1694784, 1);
INSERT INTO interacts VALUES(344030497574, 1, 'mlxg', 3053, 1717547, 1);
INSERT INTO interacts VALUES(344030497574, 1, 'Looper', 3065, 1718877, 1);
INSERT INTO interacts VALUES(344030497574, 1, 'mlxg', 3133, 1719842, 1);
INSERT INTO interacts VALUES(344030497574, 1, 'mlxg', 2043, 1721854, 1);
INSERT INTO interacts VALUES(344030497574, 1, 'Naru', 1056, 1723969, 0);
INSERT INTO interacts VALUES(344030497574, 1, 'Naru', 3191, 1725551, 1);
INSERT INTO interacts VALUES(344030497574, 1, 'xiaohu', 3135, 1740799, 1);
INSERT INTO interacts VALUES(344030497574, 1, 'xiaohu', 1031, 1744464, 1);
INSERT INTO interacts VALUES(344030497574, 1, 'Dumbledoge', 3401, 1745588, 1);
INSERT INTO interacts VALUES(344030497574, 1, 'xiaohu', 1057, 1746041, 1);
INSERT INTO interacts VALUES(344030497574, 1, 'Dumbledoge', 2043, 1748138, 1);
INSERT INTO interacts VALUES(344030497574, 1, 'xiaohu', 2139, 1749083, 1);
INSERT INTO interacts VALUES(344030497574, 1, 'fabFabulous', 1026, 1749345, 1);
INSERT INTO interacts VALUES(344030497574, 1, 'Achuu', 1038, 1782401, 1);
INSERT INTO interacts VALUES(344030497574, 1, 'Wuxx', 3031, 1814833, 1);
INSERT INTO interacts VALUES(344030497574, 1, 'Mata', 3082, 1816429, 1);
INSERT INTO interacts VALUES(344030497574, 1, 'Looper', 1082, 1820969, 0);
INSERT INTO interacts VALUES(344030497574, 1, 'Looper', 1057, 1821889, 1);
INSERT INTO interacts VALUES(344030497574, 1, 'xiaohu', 3026, 1826664, 1);
INSERT INTO interacts VALUES(344030497574, 1, 'xiaohu', 2043, 1828394, 1);
INSERT INTO interacts VALUES(344030497574, 1, 'xiaohu', 2043, 1828664, 1);
INSERT INTO interacts VALUES(344030497574, 1, 'Naru', 3157, 1828931, 1);
INSERT INTO interacts VALUES(344030497574, 1, 'Naru', 2043, 1829646, 1);
INSERT INTO interacts VALUES(344030497574, 1, 'Naru', 2043, 1829842, 1);
INSERT INTO interacts VALUES(344030497574, 1, 'Stomaged', 3053, 1834623, 1);
INSERT INTO interacts VALUES(344030497574, 1, 'Dumbledoge', 2010, 1835892, 1);
INSERT INTO interacts VALUES(344030497574, 1, 'Dumbledoge', 2043, 1836445, 1);
INSERT INTO interacts VALUES(344030497574, 1, 'mlxg', 2043, 1841755, 1);
INSERT INTO interacts VALUES(344030497574, 1, 'mlxg', 2043, 1841924, 1);
INSERT INTO interacts VALUES(344030497574, 1, 'Stomaged', 1042, 1883620, 1);
INSERT INTO interacts VALUES(344030497574, 1, 'Stomaged', 1042, 1911125, 1);
INSERT INTO interacts VALUES(344030497574, 1, 'Dumbledoge', 2045, 1914937, 1);
INSERT INTO interacts VALUES(344030497574, 1, 'Naru', 1333, 1929535, 1);
INSERT INTO interacts VALUES(344030497574, 1, 'xiaohu', 2043, 1952482, 0);
INSERT INTO interacts VALUES(344030497574, 1, 'Mata', 3110, 1952779, 1);
INSERT INTO interacts VALUES(344030497574, 1, 'xiaohu', 1058, 1954906, 1);
INSERT INTO interacts VALUES(344030497574, 1, 'Mata', 2043, 1955044, 1);
INSERT INTO interacts VALUES(344030497574, 1, 'xiaohu', 2139, 1956872, 1);
INSERT INTO interacts VALUES(344030497574, 1, 'Looper', 3001, 1975506, 1);
INSERT INTO interacts VALUES(344030497574, 1, 'Looper', 2033, 1976876, 0);
INSERT INTO interacts VALUES(344030497574, 1, 'Looper', 2043, 1977949, 1);
INSERT INTO interacts VALUES(344030497574, 1, 'fabFabulous', 2033, 1982998, 0);
INSERT INTO interacts VALUES(344030497574, 1, 'fabFabulous', 3065, 1983897, 1);
INSERT INTO interacts VALUES(344030497574, 1, 'mlxg', 2043, 2010419, 0);
INSERT INTO interacts VALUES(344030497574, 1, 'mlxg', 3071, 2011367, 1);
INSERT INTO interacts VALUES(344030497574, 1, 'Achuu', 3031, 2025753, 1);
INSERT INTO interacts VALUES(344030497574, 1, 'Dumbledoge', 2010, 2037426, 0);
INSERT INTO interacts VALUES(344030497574, 1, 'Dumbledoge', 1029, 2040753, 1);
INSERT INTO interacts VALUES(344030497574, 1, 'Wuxx', 3139, 2051739, 1);
INSERT INTO interacts VALUES(344030497574, 1, 'Mata', 1033, 2071990, 1);
INSERT INTO interacts VALUES(344030497574, 1, 'Mata', 2043, 2073068, 1);
INSERT INTO interacts VALUES(344030497574, 1, 'Looper', 1011, 2088726, 1);
INSERT INTO interacts VALUES(344030497574, 1, 'Naru', 2043, 2096311, 0);
INSERT INTO interacts VALUES(344030497574, 1, 'Naru', 1026, 2097237, 1);
INSERT INTO series VALUES(672850462645, '5');
INSERT INTO organizes VALUES('msi_2016', 672850462645, 'bracket_stage - semi-final-1');
INSERT INTO competes VALUES(672850462645, 'RNG', 1);
INSERT INTO competes VALUES(672850462645, 'SKT', 0);
INSERT INTO matches VALUES(672850462645, 1, '2016-05-12');
INSERT INTO scores VALUES('RNG', 672850462645, 1, 4, 11, 1, 1, 5, 1);
INSERT INTO scores VALUES('SKT', 672850462645, 1, 0, 3, 0, 0, 0, 0);
INSERT INTO bans VALUES(672850462645, 1, 57, 1);
INSERT INTO bans VALUES(672850462645, 1, 12, 3);
INSERT INTO bans VALUES(672850462645, 1, 245, 5);
INSERT INTO bans VALUES(672850462645, 1, 268, 2);
INSERT INTO bans VALUES(672850462645, 1, 29, 4);
INSERT INTO bans VALUES(672850462645, 1, 13, 6);
INSERT INTO plays VALUES(672850462645, 1, 'Looper', 48, 'Top', 5, 3, 4, 19658, 22, 8, 336, 4, 7, 18002);
INSERT INTO plays VALUES(672850462645, 1, 'mlxg', 76, 'Jungle', 0, 3, 7, 14045, 38, 38, 75, 120, 35, 16617);
INSERT INTO plays VALUES(672850462645, 1, 'xiaohu', 7, 'Mid', 3, 2, 4, 21322, 26, 15, 339, 8, 7, 16794);
INSERT INTO plays VALUES(672850462645, 1, 'Wuxx', 236, 'ADC', 3, 1, 1, 32077, 17, 22, 409, 20, 7, 18538);
INSERT INTO plays VALUES(672850462645, 1, 'Mata', 201, 'Support', 0, 3, 6, 4107, 55, 6, 43, 0, 0, 11229);
INSERT INTO plays VALUES(672850462645, 1, 'Duke', 78, 'Top', 0, 2, 6, 16215, 20, 4, 291, 14, 1, 14390);
INSERT INTO plays VALUES(672850462645, 1, 'Blank', 104, 'Jungle', 4, 2, 8, 19403, 41, 33, 101, 111, 9, 14558);
INSERT INTO plays VALUES(672850462645, 1, 'Faker', 105, 'Mid', 7, 3, 4, 22570, 27, 8, 313, 6, 0, 15546);
INSERT INTO plays VALUES(672850462645, 1, 'Bang', 15, 'ADC', 1, 2, 5, 30737, 25, 11, 474, 19, 0, 17969);
INSERT INTO plays VALUES(672850462645, 1, 'Wolf', 16, 'Support', 0, 2, 10, 6743, 55, 19, 24, 0, 0, 9908);
INSERT INTO interacts VALUES(672850462645, 1, 'Mata', 3302, 1879, 1);
INSERT INTO interacts VALUES(672850462645, 1, 'Mata', 2010, 2388, 1);
INSERT INTO interacts VALUES(672850462645, 1, 'Faker', 2033, 2530, 1);
INSERT INTO interacts VALUES(672850462645, 1, 'Mata', 2010, 2530, 1);
INSERT INTO interacts VALUES(672850462645, 1, 'Mata', 2010, 2659, 1);
INSERT INTO interacts VALUES(672850462645, 1, 'Wuxx', 1055, 2956, 1);
INSERT INTO interacts VALUES(672850462645, 1, 'Duke', 2033, 2989, 1);
INSERT INTO interacts VALUES(672850462645, 1, 'Faker', 3340, 3022, 1);
INSERT INTO interacts VALUES(672850462645, 1, 'Blank', 3340, 3118, 1);
INSERT INTO interacts VALUES(672850462645, 1, 'Bang', 1055, 3220, 1);
INSERT INTO interacts VALUES(672850462645, 1, 'Duke', 3340, 3287, 1);
INSERT INTO interacts VALUES(672850462645, 1, 'Mata', 3340, 3385, 1);
INSERT INTO interacts VALUES(672850462645, 1, 'Wuxx', 3340, 3433, 1);
INSERT INTO interacts VALUES(672850462645, 1, 'Bang', 2010, 3514, 1);
INSERT INTO interacts VALUES(672850462645, 1, 'Wuxx', 2010, 3691, 1);
INSERT INTO interacts VALUES(672850462645, 1, 'Bang', 3340, 3806, 1);
INSERT INTO interacts VALUES(672850462645, 1, 'Blank', 2031, 4478, 1);
INSERT INTO interacts VALUES(672850462645, 1, 'xiaohu', 1056, 4591, 1);
INSERT INTO interacts VALUES(672850462645, 1, 'mlxg', 1039, 4756, 1);
INSERT INTO interacts VALUES(672850462645, 1, 'xiaohu', 2003, 5144, 1);
INSERT INTO interacts VALUES(672850462645, 1, 'mlxg', 2031, 5260, 1);
INSERT INTO interacts VALUES(672850462645, 1, 'xiaohu', 2003, 5470, 1);
INSERT INTO interacts VALUES(672850462645, 1, 'mlxg', 3340, 5634, 1);
INSERT INTO interacts VALUES(672850462645, 1, 'xiaohu', 3340, 6330, 1);
INSERT INTO interacts VALUES(672850462645, 1, 'Wolf', 3303, 8556, 1);
INSERT INTO interacts VALUES(672850462645, 1, 'Looper', 2033, 8913, 1);
INSERT INTO interacts VALUES(672850462645, 1, 'Wolf', 2010, 9107, 1);
INSERT INTO interacts VALUES(672850462645, 1, 'Wolf', 2010, 9236, 1);
INSERT INTO interacts VALUES(672850462645, 1, 'Looper', 3340, 9271, 1);
INSERT INTO interacts VALUES(672850462645, 1, 'Wolf', 2010, 9398, 1);
INSERT INTO interacts VALUES(672850462645, 1, 'Wolf', 3340, 9738, 1);
INSERT INTO interacts VALUES(672850462645, 1, 'Blank', 1039, 11995, 1);
INSERT INTO interacts VALUES(672850462645, 1, 'mlxg', 3711, 227975, 1);
INSERT INTO interacts VALUES(672850462645, 1, 'mlxg', 2043, 228989, 1);
INSERT INTO interacts VALUES(672850462645, 1, 'Blank', 3711, 240661, 1);
INSERT INTO interacts VALUES(672850462645, 1, 'Blank', 2043, 241321, 1);
INSERT INTO interacts VALUES(672850462645, 1, 'Faker', 1057, 287490, 1);
INSERT INTO interacts VALUES(672850462645, 1, 'Looper', 1036, 342468, 1);
INSERT INTO interacts VALUES(672850462645, 1, 'Looper', 1083, 342857, 1);
INSERT INTO interacts VALUES(672850462645, 1, 'Looper', 1036, 343166, 1);
INSERT INTO interacts VALUES(672850462645, 1, 'Wuxx', 1038, 379035, 1);
INSERT INTO interacts VALUES(672850462645, 1, 'Mata', 1028, 380141, 1);
INSERT INTO interacts VALUES(672850462645, 1, 'Mata', 2043, 381280, 1);
INSERT INTO interacts VALUES(672850462645, 1, 'Duke', 3751, 383567, 1);
INSERT INTO interacts VALUES(672850462645, 1, 'Blank', 1036, 383826, 1);
INSERT INTO interacts VALUES(672850462645, 1, 'Blank', 1036, 383958, 1);
INSERT INTO interacts VALUES(672850462645, 1, 'Duke', 1001, 384524, 1);
INSERT INTO interacts VALUES(672850462645, 1, 'Wuxx', 2010, 384713, 1);
INSERT INTO interacts VALUES(672850462645, 1, 'Wolf', 2049, 401717, 1);
INSERT INTO interacts VALUES(672850462645, 1, 'Bang', 1038, 402657, 1);
INSERT INTO interacts VALUES(672850462645, 1, 'Wolf', 2043, 402694, 1);
INSERT INTO interacts VALUES(672850462645, 1, 'Wolf', 3341, 402955, 1);
INSERT INTO interacts VALUES(672850462645, 1, 'Bang', 2010, 405271, 1);
INSERT INTO interacts VALUES(672850462645, 1, 'Bang', 2043, 405435, 1);
INSERT INTO interacts VALUES(672850462645, 1, 'xiaohu', 1026, 421477, 1);
INSERT INTO interacts VALUES(672850462645, 1, 'xiaohu', 1033, 422719, 1);
INSERT INTO interacts VALUES(672850462645, 1, 'xiaohu', 2043, 425262, 1);
INSERT INTO interacts VALUES(672850462645, 1, 'Faker', 1026, 455756, 1);
INSERT INTO interacts VALUES(672850462645, 1, 'Faker', 2043, 456586, 1);
INSERT INTO interacts VALUES(672850462645, 1, 'mlxg', 1410, 530837, 1);
INSERT INTO interacts VALUES(672850462645, 1, 'mlxg', 2043, 531700, 1);
INSERT INTO interacts VALUES(672850462645, 1, 'Looper', 3077, 533711, 1);
INSERT INTO interacts VALUES(672850462645, 1, 'mlxg', 3341, 534039, 1);
INSERT INTO interacts VALUES(672850462645, 1, 'Looper', 1001, 535390, 1);
INSERT INTO interacts VALUES(672850462645, 1, 'Looper', 1029, 536125, 1);
INSERT INTO interacts VALUES(672850462645, 1, 'Looper', 2043, 538552, 1);
INSERT INTO interacts VALUES(672850462645, 1, 'Faker', 3001, 610809, 1);
INSERT INTO interacts VALUES(672850462645, 1, 'Faker', 2043, 611170, 1);
INSERT INTO interacts VALUES(672850462645, 1, 'Blank', 1408, 612797, 1);
INSERT INTO interacts VALUES(672850462645, 1, 'Blank', 2043, 614497, 1);
INSERT INTO interacts VALUES(672850462645, 1, 'xiaohu', 3001, 634586, 1);
INSERT INTO interacts VALUES(672850462645, 1, 'xiaohu', 1001, 636286, 1);
INSERT INTO interacts VALUES(672850462645, 1, 'Duke', 1031, 636569, 1);
INSERT INTO interacts VALUES(672850462645, 1, 'Duke', 1028, 638683, 1);
INSERT INTO interacts VALUES(672850462645, 1, 'Duke', 2043, 648988, 1);
INSERT INTO interacts VALUES(672850462645, 1, 'Wolf', 1001, 666116, 1);
INSERT INTO interacts VALUES(672850462645, 1, 'Wolf', 2043, 666898, 1);
INSERT INTO interacts VALUES(672850462645, 1, 'Wolf', 2043, 667064, 1);
INSERT INTO interacts VALUES(672850462645, 1, 'Wolf', 2031, 667288, 1);
INSERT INTO interacts VALUES(672850462645, 1, 'Looper', 1037, 678068, 1);
INSERT INTO interacts VALUES(672850462645, 1, 'mlxg', 3009, 681448, 1);
INSERT INTO interacts VALUES(672850462645, 1, 'Blank', 1001, 681484, 1);
INSERT INTO interacts VALUES(672850462645, 1, 'Bang', 3009, 682002, 1);
INSERT INTO interacts VALUES(672850462645, 1, 'mlxg', 2043, 682388, 1);
INSERT INTO interacts VALUES(672850462645, 1, 'Bang', 1036, 682899, 1);
INSERT INTO interacts VALUES(672850462645, 1, 'Bang', 1036, 683014, 1);
INSERT INTO interacts VALUES(672850462645, 1, 'Bang', 2010, 683768, 1);
INSERT INTO interacts VALUES(672850462645, 1, 'Wuxx', 3133, 696398, 1);
INSERT INTO interacts VALUES(672850462645, 1, 'Wuxx', 1001, 696785, 1);
INSERT INTO interacts VALUES(672850462645, 1, 'Mata', 2049, 700157, 1);
INSERT INTO interacts VALUES(672850462645, 1, 'Mata', 1001, 701615, 1);
INSERT INTO interacts VALUES(672850462645, 1, 'Wuxx', 1018, 702072, 1);
INSERT INTO interacts VALUES(672850462645, 1, 'Mata', 2043, 703310, 1);
INSERT INTO interacts VALUES(672850462645, 1, 'Mata', 2010, 703506, 1);
INSERT INTO interacts VALUES(672850462645, 1, 'Mata', 3341, 704752, 1);
INSERT INTO interacts VALUES(672850462645, 1, 'Mata', 1028, 705633, 1);
INSERT INTO interacts VALUES(672850462645, 1, 'Wuxx', 2010, 707758, 1);
INSERT INTO interacts VALUES(672850462645, 1, 'xiaohu', 2043, 713274, 1);
INSERT INTO interacts VALUES(672850462645, 1, 'xiaohu', 2003, 717705, 1);
INSERT INTO interacts VALUES(672850462645, 1, 'xiaohu', 3363, 719759, 1);
INSERT INTO interacts VALUES(672850462645, 1, 'Faker', 1001, 726245, 1);
INSERT INTO interacts VALUES(672850462645, 1, 'Faker', 1027, 726815, 1);
INSERT INTO interacts VALUES(672850462645, 1, 'Faker', 2043, 727630, 1);
INSERT INTO interacts VALUES(672850462645, 1, 'Duke', 3009, 811006, 1);
INSERT INTO interacts VALUES(672850462645, 1, 'Blank', 3009, 813315, 1);
INSERT INTO interacts VALUES(672850462645, 1, 'Blank', 3364, 813869, 1);
INSERT INTO interacts VALUES(672850462645, 1, 'Blank', 2043, 814226, 1);
INSERT INTO interacts VALUES(672850462645, 1, 'mlxg', 1011, 832953, 1);
INSERT INTO interacts VALUES(672850462645, 1, 'mlxg', 3364, 835096, 1);
INSERT INTO interacts VALUES(672850462645, 1, 'Faker', 3057, 872171, 1);
INSERT INTO interacts VALUES(672850462645, 1, 'Faker', 2043, 872526, 1);
INSERT INTO interacts VALUES(672850462645, 1, 'Looper', 3074, 874297, 1);
INSERT INTO interacts VALUES(672850462645, 1, 'Looper', 3047, 876027, 1);
INSERT INTO interacts VALUES(672850462645, 1, 'Looper', 2043, 877038, 1);
INSERT INTO interacts VALUES(672850462645, 1, 'Blank', 1033, 922445, 1);
INSERT INTO interacts VALUES(672850462645, 1, 'Blank', 1036, 924464, 1);
INSERT INTO interacts VALUES(672850462645, 1, 'xiaohu', 1058, 972637, 1);
INSERT INTO interacts VALUES(672850462645, 1, 'xiaohu', 3158, 977075, 1);
INSERT INTO interacts VALUES(672850462645, 1, 'xiaohu', 1058, 977889, 1);
INSERT INTO interacts VALUES(672850462645, 1, 'xiaohu', 3108, 982943, 1);
INSERT INTO interacts VALUES(672850462645, 1, 'xiaohu', 3114, 985230, 1);
INSERT INTO interacts VALUES(672850462645, 1, 'xiaohu', 2043, 988199, 1);
INSERT INTO interacts VALUES(672850462645, 1, 'Faker', 1026, 991368, 1);
INSERT INTO interacts VALUES(672850462645, 1, 'Faker', 3158, 994724, 1);
INSERT INTO interacts VALUES(672850462645, 1, 'Faker', 2043, 995863, 1);
INSERT INTO interacts VALUES(672850462645, 1, 'Duke', 3068, 1005057, 1);
INSERT INTO interacts VALUES(672850462645, 1, 'Duke', 1029, 1006102, 1);
INSERT INTO interacts VALUES(672850462645, 1, 'Blank', 3155, 1023461, 1);
INSERT INTO interacts VALUES(672850462645, 1, 'Blank', 2043, 1026814, 1);
INSERT INTO interacts VALUES(672850462645, 1, 'Bang', 3508, 1034230, 1);
INSERT INTO interacts VALUES(672850462645, 1, 'Bang', 1051, 1035153, 1);
INSERT INTO interacts VALUES(672850462645, 1, 'Bang', 3341, 1036327, 1);
INSERT INTO interacts VALUES(672850462645, 1, 'Bang', 3363, 1036913, 1);
INSERT INTO interacts VALUES(672850462645, 1, 'Looper', 3024, 1053446, 1);
INSERT INTO interacts VALUES(672850462645, 1, 'Looper', 1083, 1054301, 0);
INSERT INTO interacts VALUES(672850462645, 1, 'Looper', 3211, 1055655, 1);
INSERT INTO interacts VALUES(672850462645, 1, 'Mata', 3009, 1059908, 1);
INSERT INTO interacts VALUES(672850462645, 1, 'Wuxx', 3508, 1060425, 1);
INSERT INTO interacts VALUES(672850462645, 1, 'Wuxx', 3086, 1061307, 1);
INSERT INTO interacts VALUES(672850462645, 1, 'Wuxx', 1001, 1062253, 1);
INSERT INTO interacts VALUES(672850462645, 1, 'Wuxx', 3363, 1062835, 1);
INSERT INTO interacts VALUES(672850462645, 1, 'Wuxx', 2043, 1063062, 1);
INSERT INTO interacts VALUES(672850462645, 1, 'Wuxx', 2010, 1063580, 1);
INSERT INTO interacts VALUES(672850462645, 1, 'Wuxx', 2010, 1063719, 1);
INSERT INTO interacts VALUES(672850462645, 1, 'Mata', 3097, 1064823, 1);
INSERT INTO interacts VALUES(672850462645, 1, 'Wolf', 3158, 1064996, 1);
INSERT INTO interacts VALUES(672850462645, 1, 'Wolf', 3098, 1066222, 1);
INSERT INTO interacts VALUES(672850462645, 1, 'Wolf', 2043, 1066450, 1);
INSERT INTO interacts VALUES(672850462645, 1, 'Mata', 2043, 1066450, 1);
INSERT INTO interacts VALUES(672850462645, 1, 'Wolf', 2043, 1066579, 1);
INSERT INTO interacts VALUES(672850462645, 1, 'Mata', 2010, 1066679, 1);
INSERT INTO interacts VALUES(672850462645, 1, 'Mata', 2010, 1066839, 1);
INSERT INTO interacts VALUES(672850462645, 1, 'Wolf', 2301, 1071543, 1);
INSERT INTO interacts VALUES(672850462645, 1, 'Wolf', 2043, 1072782, 1);
INSERT INTO interacts VALUES(672850462645, 1, 'Wolf', 2043, 1072877, 1);
INSERT INTO interacts VALUES(672850462645, 1, 'Bang', 1042, 1090933, 1);
INSERT INTO interacts VALUES(672850462645, 1, 'Bang', 2043, 1091444, 1);
INSERT INTO interacts VALUES(672850462645, 1, 'Bang', 2010, 1095465, 1);
INSERT INTO interacts VALUES(672850462645, 1, 'Duke', 3024, 1099837, 1);
INSERT INTO interacts VALUES(672850462645, 1, 'mlxg', 3116, 1108883, 1);
INSERT INTO interacts VALUES(672850462645, 1, 'Faker', 1333, 1112082, 1);
INSERT INTO interacts VALUES(672850462645, 1, 'mlxg', 2031, 1112180, 0);
INSERT INTO interacts VALUES(672850462645, 1, 'Faker', 1052, 1113749, 1);
INSERT INTO interacts VALUES(672850462645, 1, 'mlxg', 2043, 1116133, 1);
INSERT INTO interacts VALUES(672850462645, 1, 'xiaohu', 3165, 1168083, 1);
INSERT INTO interacts VALUES(672850462645, 1, 'xiaohu', 2043, 1169520, 1);
INSERT INTO interacts VALUES(672850462645, 1, 'Wolf', 3158, 1194270, 1);
INSERT INTO interacts VALUES(672850462645, 1, 'Faker', 1026, 1213658, 1);
INSERT INTO interacts VALUES(672850462645, 1, 'Wuxx', 3087, 1224856, 1);
INSERT INTO interacts VALUES(672850462645, 1, 'Mata', 2303, 1226550, 1);
INSERT INTO interacts VALUES(672850462645, 1, 'Mata', 1033, 1228050, 1);
INSERT INTO interacts VALUES(672850462645, 1, 'Mata', 2043, 1229327, 1);
INSERT INTO interacts VALUES(672850462645, 1, 'Duke', 3211, 1241218, 1);
INSERT INTO interacts VALUES(672850462645, 1, 'Looper', 3024, 1243611, 1);
INSERT INTO interacts VALUES(672850462645, 1, 'Duke', 1033, 1243749, 1);
INSERT INTO interacts VALUES(672850462645, 1, 'Bang', 3086, 1244293, 1);
INSERT INTO interacts VALUES(672850462645, 1, 'Bang', 1042, 1244603, 1);
INSERT INTO interacts VALUES(672850462645, 1, 'Looper', 3057, 1246776, 1);
INSERT INTO interacts VALUES(672850462645, 1, 'Blank', 3086, 1285782, 1);
INSERT INTO interacts VALUES(672850462645, 1, 'mlxg', 3113, 1285916, 1);
INSERT INTO interacts VALUES(672850462645, 1, 'Blank', 2043, 1286506, 1);
INSERT INTO interacts VALUES(672850462645, 1, 'xiaohu', 1056, 1286506, 0);
INSERT INTO interacts VALUES(672850462645, 1, 'mlxg', 1027, 1287373, 1);
INSERT INTO interacts VALUES(672850462645, 1, 'xiaohu', 1058, 1288164, 1);
INSERT INTO interacts VALUES(672850462645, 1, 'Wolf', 1028, 1311722, 1);
INSERT INTO interacts VALUES(672850462645, 1, 'Wolf', 2043, 1313479, 1);
INSERT INTO interacts VALUES(672850462645, 1, 'Wolf', 2043, 1313580, 1);
INSERT INTO interacts VALUES(672850462645, 1, 'Wolf', 3364, 1314134, 1);
INSERT INTO interacts VALUES(672850462645, 1, 'Faker', 3100, 1360164, 1);
INSERT INTO interacts VALUES(672850462645, 1, 'Faker', 1029, 1361389, 1);
INSERT INTO interacts VALUES(672850462645, 1, 'Mata', 3364, 1377920, 1);
INSERT INTO interacts VALUES(672850462645, 1, 'Mata', 3105, 1379203, 1);
INSERT INTO interacts VALUES(672850462645, 1, 'Mata', 2043, 1380014, 1);
INSERT INTO interacts VALUES(672850462645, 1, 'Looper', 3025, 1391341, 1);
INSERT INTO interacts VALUES(672850462645, 1, 'Looper', 3067, 1392303, 1);
INSERT INTO interacts VALUES(672850462645, 1, 'Duke', 3140, 1398672, 1);
INSERT INTO interacts VALUES(672850462645, 1, 'Wolf', 1033, 1408543, 1);
INSERT INTO interacts VALUES(672850462645, 1, 'Bang', 3087, 1418047, 1);
INSERT INTO interacts VALUES(672850462645, 1, 'Bang', 2043, 1419057, 1);
INSERT INTO interacts VALUES(672850462645, 1, 'mlxg', 3057, 1425131, 1);
INSERT INTO interacts VALUES(672850462645, 1, 'mlxg', 2043, 1427896, 1);
INSERT INTO interacts VALUES(672850462645, 1, 'Blank', 3134, 1458718, 1);
INSERT INTO interacts VALUES(672850462645, 1, 'Faker', 1052, 1475349, 1);
INSERT INTO interacts VALUES(672850462645, 1, 'xiaohu', 3191, 1521838, 1);
INSERT INTO interacts VALUES(672850462645, 1, 'Mata', 1028, 1524087, 1);
INSERT INTO interacts VALUES(672850462645, 1, 'Mata', 2043, 1525289, 1);
INSERT INTO interacts VALUES(672850462645, 1, 'Mata', 2010, 1525548, 1);
INSERT INTO interacts VALUES(672850462645, 1, 'Wuxx', 3155, 1529224, 1);
INSERT INTO interacts VALUES(672850462645, 1, 'Looper', 3065, 1531152, 1);
INSERT INTO interacts VALUES(672850462645, 1, 'Looper', 1029, 1532093, 1);
INSERT INTO interacts VALUES(672850462645, 1, 'Wuxx', 3006, 1532811, 1);
INSERT INTO interacts VALUES(672850462645, 1, 'xiaohu', 3157, 1566784, 1);
INSERT INTO interacts VALUES(672850462645, 1, 'xiaohu', 2043, 1568121, 1);
INSERT INTO interacts VALUES(672850462645, 1, 'mlxg', 3100, 1572089, 1);
INSERT INTO interacts VALUES(672850462645, 1, 'mlxg', 2043, 1573057, 1);
INSERT INTO interacts VALUES(672850462645, 1, 'Wolf', 3105, 1587012, 1);
INSERT INTO interacts VALUES(672850462645, 1, 'Blank', 2031, 1587026, 0);
INSERT INTO interacts VALUES(672850462645, 1, 'Blank', 3156, 1588862, 1);
INSERT INTO interacts VALUES(672850462645, 1, 'Bang', 1038, 1596903, 1);
INSERT INTO interacts VALUES(672850462645, 1, 'Faker', 3191, 1607983, 1);
INSERT INTO interacts VALUES(672850462645, 1, 'Faker', 2043, 1610166, 1);
INSERT INTO interacts VALUES(672850462645, 1, 'Mata', 3190, 1681628, 1);
INSERT INTO interacts VALUES(672850462645, 1, 'Mata', 2043, 1682374, 1);
INSERT INTO interacts VALUES(672850462645, 1, 'Faker', 1058, 1688528, 1);
INSERT INTO interacts VALUES(672850462645, 1, 'Blank', 1037, 1696093, 1);
INSERT INTO interacts VALUES(672850462645, 1, 'Looper', 3082, 1706415, 1);
INSERT INTO interacts VALUES(672850462645, 1, 'Wolf', 3067, 1718313, 1);
INSERT INTO interacts VALUES(672850462645, 1, 'xiaohu', 1026, 1746977, 1);
INSERT INTO interacts VALUES(672850462645, 1, 'xiaohu', 2043, 1747760, 1);
INSERT INTO interacts VALUES(672850462645, 1, 'Mata', 2043, 1747886, 1);
INSERT INTO interacts VALUES(672850462645, 1, 'mlxg', 2043, 1750677, 1);
INSERT INTO interacts VALUES(672850462645, 1, 'mlxg', 2043, 1750787, 1);
INSERT INTO interacts VALUES(672850462645, 1, 'mlxg', 2139, 1752289, 1);
INSERT INTO interacts VALUES(672850462645, 1, 'Duke', 3025, 1754595, 1);
INSERT INTO interacts VALUES(672850462645, 1, 'Bang', 1037, 1761084, 1);
INSERT INTO interacts VALUES(672850462645, 1, 'Bang', 2140, 1763137, 1);
INSERT INTO interacts VALUES(672850462645, 1, 'xiaohu', 1052, 1843715, 1);
INSERT INTO interacts VALUES(672850462645, 1, 'Mata', 1033, 1845312, 1);
INSERT INTO interacts VALUES(672850462645, 1, 'Wolf', 3190, 1855700, 1);
INSERT INTO interacts VALUES(672850462645, 1, 'Blank', 3035, 1858049, 1);
INSERT INTO interacts VALUES(672850462645, 1, 'Wolf', 2043, 1858149, 1);
INSERT INTO interacts VALUES(672850462645, 1, 'Looper', 2033, 1858935, 0);
INSERT INTO interacts VALUES(672850462645, 1, 'Blank', 2043, 1859423, 1);
INSERT INTO interacts VALUES(672850462645, 1, 'Wolf', 2043, 1859521, 1);
INSERT INTO interacts VALUES(672850462645, 1, 'Blank', 2043, 1859555, 1);
INSERT INTO interacts VALUES(672850462645, 1, 'Looper', 1011, 1860316, 1);
INSERT INTO interacts VALUES(672850462645, 1, 'Wuxx', 1038, 1862008, 1);
INSERT INTO interacts VALUES(672850462645, 1, 'Wolf', 1029, 1862108, 1);
INSERT INTO interacts VALUES(672850462645, 1, 'Faker', 3157, 1901547, 1);
INSERT INTO interacts VALUES(672850462645, 1, 'mlxg', 2043, 1928540, 1);
INSERT INTO interacts VALUES(672850462645, 1, 'Bang', 3031, 1929752, 1);
INSERT INTO interacts VALUES(672850462645, 1, 'Bang', 2043, 1934506, 1);
INSERT INTO interacts VALUES(672850462645, 1, 'Mata', 2043, 1935518, 1);
INSERT INTO interacts VALUES(672850462645, 1, 'Mata', 2043, 1935648, 1);
INSERT INTO interacts VALUES(672850462645, 1, 'Mata', 2010, 1935841, 1);
INSERT INTO interacts VALUES(672850462645, 1, 'mlxg', 1058, 1970560, 1);
INSERT INTO interacts VALUES(672850462645, 1, 'xiaohu', 3135, 1987499, 1);
INSERT INTO interacts VALUES(672850462645, 1, 'Wuxx', 3031, 2005377, 1);
INSERT INTO interacts VALUES(672850462645, 1, 'Looper', 3143, 2015575, 1);
INSERT INTO interacts VALUES(672850462645, 1, 'Looper', 2043, 2016515, 1);
INSERT INTO interacts VALUES(672850462645, 1, 'Duke', 3065, 2024469, 1);
INSERT INTO interacts VALUES(672850462645, 1, 'Duke', 1308, 2028479, 1);
INSERT INTO interacts VALUES(672850462645, 1, 'Wolf', 3024, 2068480, 1);
INSERT INTO interacts VALUES(672850462645, 1, 'Wolf', 2043, 2069302, 1);
INSERT INTO interacts VALUES(672850462645, 1, 'Wolf', 2043, 2069434, 1);
INSERT INTO interacts VALUES(672850462645, 1, 'Bang', 3035, 2125651, 1);
INSERT INTO interacts VALUES(672850462645, 1, 'Blank', 3046, 2126258, 1);
INSERT INTO interacts VALUES(672850462645, 1, 'Duke', 2033, 2127177, 0);
INSERT INTO interacts VALUES(672850462645, 1, 'Blank', 2043, 2127405, 1);
INSERT INTO interacts VALUES(672850462645, 1, 'Duke', 1011, 2128587, 1);
INSERT INTO interacts VALUES(672850462645, 1, 'mlxg', 3191, 2134795, 1);
INSERT INTO interacts VALUES(672850462645, 1, 'xiaohu', 1058, 2164450, 1);
INSERT INTO interacts VALUES(672850462645, 1, 'Mata', 3222, 2166517, 1);
INSERT INTO interacts VALUES(672850462645, 1, 'xiaohu', 2139, 2166877, 1);
INSERT INTO interacts VALUES(672850462645, 1, 'Mata', 2043, 2167433, 1);
INSERT INTO interacts VALUES(672850462645, 1, 'Wuxx', 3156, 2169036, 1);
INSERT INTO interacts VALUES(672850462645, 1, 'Faker', 1058, 2182268, 1);
INSERT INTO interacts VALUES(672850462645, 1, 'Looper', 1031, 2182557, 1);
INSERT INTO interacts VALUES(672850462645, 1, 'Looper', 1318, 2184446, 1);
INSERT INTO interacts VALUES(672850462645, 1, 'Bang', 2140, 2222496, 1);
INSERT INTO interacts VALUES(672850462645, 1, 'Wolf', 2031, 2225472, 0);
INSERT INTO interacts VALUES(672850462645, 1, 'Wolf', 1033, 2226858, 1);
INSERT INTO interacts VALUES(672850462645, 1, 'Bang', 3036, 2276512, 1);
INSERT INTO interacts VALUES(672850462645, 1, 'Faker', 2139, 2295337, 1);
INSERT INTO interacts VALUES(672850462645, 1, 'Blank', 2140, 2304757, 1);
INSERT INTO interacts VALUES(672850462645, 1, 'Blank', 1036, 2308312, 1);
INSERT INTO interacts VALUES(672850462645, 1, 'Mata', 3024, 2332431, 1);
INSERT INTO interacts VALUES(672850462645, 1, 'Mata', 3082, 2335870, 1);
INSERT INTO interacts VALUES(672850462645, 1, 'Wolf', 3028, 2336786, 1);
INSERT INTO interacts VALUES(672850462645, 1, 'Mata', 2043, 2336853, 1);
INSERT INTO interacts VALUES(672850462645, 1, 'Mata', 2043, 2336959, 1);
INSERT INTO interacts VALUES(672850462645, 1, 'Wolf', 2043, 2338495, 1);
INSERT INTO interacts VALUES(672850462645, 1, 'xiaohu', 2139, 2339697, 1);
INSERT INTO interacts VALUES(672850462645, 1, 'Wuxx', 1055, 2341902, 0);
INSERT INTO interacts VALUES(672850462645, 1, 'Wuxx', 1038, 2348068, 1);
INSERT INTO interacts VALUES(672850462645, 1, 'mlxg', 3157, 2354564, 1);
INSERT INTO interacts VALUES(672850462645, 1, 'mlxg', 1057, 2357380, 1);
INSERT INTO interacts VALUES(672850462645, 1, 'Bang', 1055, 2368381, 0);
INSERT INTO interacts VALUES(672850462645, 1, 'Bang', 3155, 2374391, 1);
INSERT INTO interacts VALUES(672850462645, 1, 'Blank', 3123, 2383500, 1);
INSERT INTO interacts VALUES(672850462645, 1, 'Looper', 3026, 2388281, 1);
INSERT INTO interacts VALUES(672850462645, 1, 'Bang', 2140, 2429717, 1);
INSERT INTO interacts VALUES(672850462645, 1, 'Wuxx', 3072, 2495756, 1);
INSERT INTO matches VALUES(672850462645, 2, '2016-05-12');
INSERT INTO scores VALUES('RNG', 672850462645, 2, 0, 3, 1, 0, 0, 0);
INSERT INTO scores VALUES('SKT', 672850462645, 2, 2, 11, 1, 1, 2, 1);
INSERT INTO bans VALUES(672850462645, 2, 57, 1);
INSERT INTO bans VALUES(672850462645, 2, 12, 3);
INSERT INTO bans VALUES(672850462645, 2, 245, 5);
INSERT INTO bans VALUES(672850462645, 2, 29, 2);
INSERT INTO bans VALUES(672850462645, 2, 236, 4);
INSERT INTO bans VALUES(672850462645, 2, 76, 6);
INSERT INTO plays VALUES(672850462645, 2, 'Looper', 13, 'Top', 0, 4, 1, 4558, 14, 3, 171, 2, 0, 7391);
INSERT INTO plays VALUES(672850462645, 2, 'mlxg', 203, 'Jungle', 2, 4, 0, 6071, 21, 11, 23, 68, 16, 7888);
INSERT INTO plays VALUES(672850462645, 2, 'xiaohu', 7, 'Mid', 1, 2, 0, 4465, 12, 2, 148, 1, 0, 7334);
INSERT INTO plays VALUES(672850462645, 2, 'Wuxx', 429, 'ADC', 0, 4, 2, 8914, 6, 1, 202, 4, 0, 8452);
INSERT INTO plays VALUES(672850462645, 2, 'Mata', 201, 'Support', 0, 5, 2, 2498, 31, 3, 16, 0, 1, 4942);
INSERT INTO plays VALUES(672850462645, 2, 'Duke', 78, 'Top', 1, 0, 8, 5907, 12, 1, 130, 6, 0, 8908);
INSERT INTO plays VALUES(672850462645, 2, 'Blank', 60, 'Jungle', 4, 1, 7, 8690, 21, 7, 13, 54, 12, 9663);
INSERT INTO plays VALUES(672850462645, 2, 'Faker', 268, 'Mid', 7, 0, 6, 22649, 11, 9, 150, 8, 12, 10978);
INSERT INTO plays VALUES(672850462645, 2, 'Bang', 15, 'ADC', 6, 0, 10, 12060, 10, 5, 216, 8, 0, 12879);
INSERT INTO plays VALUES(672850462645, 2, 'Wolf', 16, 'Support', 1, 2, 14, 3570, 26, 10, 15, 0, 1, 7978);
INSERT INTO interacts VALUES(672850462645, 2, 'Bang', 1055, 1759, 1);
INSERT INTO interacts VALUES(672850462645, 2, 'Faker', 1056, 1793, 1);
INSERT INTO interacts VALUES(672850462645, 2, 'Mata', 3302, 1891, 1);
INSERT INTO interacts VALUES(672850462645, 2, 'Faker', 2003, 1989, 1);
INSERT INTO interacts VALUES(672850462645, 2, 'Bang', 2010, 2023, 1);
INSERT INTO interacts VALUES(672850462645, 2, 'Faker', 2003, 2119, 1);
INSERT INTO interacts VALUES(672850462645, 2, 'Duke', 2033, 2189, 1);
INSERT INTO interacts VALUES(672850462645, 2, 'Bang', 3340, 2218, 1);
INSERT INTO interacts VALUES(672850462645, 2, 'Faker', 3340, 2314, 1);
INSERT INTO interacts VALUES(672850462645, 2, 'Mata', 2010, 2362, 1);
INSERT INTO interacts VALUES(672850462645, 2, 'Duke', 3340, 2445, 1);
INSERT INTO interacts VALUES(672850462645, 2, 'Mata', 2010, 2445, 1);
INSERT INTO interacts VALUES(672850462645, 2, 'Mata', 2010, 2576, 1);
INSERT INTO interacts VALUES(672850462645, 2, 'Mata', 3340, 3032, 1);
INSERT INTO interacts VALUES(672850462645, 2, 'Looper', 1027, 3147, 1);
INSERT INTO interacts VALUES(672850462645, 2, 'Wuxx', 1055, 3497, 1);
INSERT INTO interacts VALUES(672850462645, 2, 'Wuxx', 2010, 3730, 1);
INSERT INTO interacts VALUES(672850462645, 2, 'Looper', 3340, 3829, 1);
INSERT INTO interacts VALUES(672850462645, 2, 'Wuxx', 3340, 3944, 1);
INSERT INTO interacts VALUES(672850462645, 2, 'xiaohu', 1056, 3961, 1);
INSERT INTO interacts VALUES(672850462645, 2, 'xiaohu', 2003, 4619, 1);
INSERT INTO interacts VALUES(672850462645, 2, 'mlxg', 1039, 4781, 1);
INSERT INTO interacts VALUES(672850462645, 2, 'Looper', 2031, 4911, 1);
INSERT INTO interacts VALUES(672850462645, 2, 'xiaohu', 2003, 4911, 1);
INSERT INTO interacts VALUES(672850462645, 2, 'xiaohu', 3340, 5250, 1);
INSERT INTO interacts VALUES(672850462645, 2, 'mlxg', 2031, 5271, 1);
INSERT INTO interacts VALUES(672850462645, 2, 'mlxg', 3340, 5627, 1);
INSERT INTO interacts VALUES(672850462645, 2, 'Blank', 1039, 6053, 1);
INSERT INTO interacts VALUES(672850462645, 2, 'Blank', 3340, 6445, 1);
INSERT INTO interacts VALUES(672850462645, 2, 'Wolf', 3303, 6575, 1);
INSERT INTO interacts VALUES(672850462645, 2, 'Wolf', 2010, 7160, 1);
INSERT INTO interacts VALUES(672850462645, 2, 'Wolf', 2010, 7289, 1);
INSERT INTO interacts VALUES(672850462645, 2, 'Wolf', 2010, 7550, 1);
INSERT INTO interacts VALUES(672850462645, 2, 'Blank', 2031, 7867, 1);
INSERT INTO interacts VALUES(672850462645, 2, 'Wolf', 3340, 8044, 1);
INSERT INTO interacts VALUES(672850462645, 2, 'Wuxx', 1001, 160263, 1);
INSERT INTO interacts VALUES(672850462645, 2, 'Mata', 2043, 161790, 1);
INSERT INTO interacts VALUES(672850462645, 2, 'Duke', 2043, 190528, 1);
INSERT INTO interacts VALUES(672850462645, 2, 'Faker', 1056, 224153, 1);
INSERT INTO interacts VALUES(672850462645, 2, 'Faker', 2031, 233369, 1);
INSERT INTO interacts VALUES(672850462645, 2, 'mlxg', 3711, 233936, 1);
INSERT INTO interacts VALUES(672850462645, 2, 'mlxg', 2043, 234841, 1);
INSERT INTO interacts VALUES(672850462645, 2, 'xiaohu', 1056, 243364, 1);
INSERT INTO interacts VALUES(672850462645, 2, 'xiaohu', 2031, 246738, 1);
INSERT INTO interacts VALUES(672850462645, 2, 'xiaohu', 2043, 247249, 1);
INSERT INTO interacts VALUES(672850462645, 2, 'Blank', 3711, 250752, 1);
INSERT INTO interacts VALUES(672850462645, 2, 'Looper', 3070, 349441, 1);
INSERT INTO interacts VALUES(672850462645, 2, 'Looper', 1027, 349812, 1);
INSERT INTO interacts VALUES(672850462645, 2, 'Looper', 1001, 350259, 1);
INSERT INTO interacts VALUES(672850462645, 2, 'Looper', 2043, 350647, 1);
INSERT INTO interacts VALUES(672850462645, 2, 'Blank', 1052, 386572, 1);
INSERT INTO interacts VALUES(672850462645, 2, 'Blank', 2043, 387028, 1);
INSERT INTO interacts VALUES(672850462645, 2, 'Faker', 1057, 426785, 1);
INSERT INTO interacts VALUES(672850462645, 2, 'Faker', 1042, 428057, 1);
INSERT INTO interacts VALUES(672850462645, 2, 'xiaohu', 1026, 450057, 1);
INSERT INTO interacts VALUES(672850462645, 2, 'xiaohu', 2043, 455253, 1);
INSERT INTO interacts VALUES(672850462645, 2, 'Duke', 3211, 456524, 1);
INSERT INTO interacts VALUES(672850462645, 2, 'Duke', 2043, 457816, 1);
INSERT INTO interacts VALUES(672850462645, 2, 'Wolf', 2049, 476158, 1);
INSERT INTO interacts VALUES(672850462645, 2, 'Wolf', 1001, 478474, 1);
INSERT INTO interacts VALUES(672850462645, 2, 'Wolf', 3341, 479060, 1);
INSERT INTO interacts VALUES(672850462645, 2, 'mlxg', 2031, 481798, 0);
INSERT INTO interacts VALUES(672850462645, 2, 'mlxg', 1411, 483454, 1);
INSERT INTO interacts VALUES(672850462645, 2, 'Looper', 3010, 490041, 1);
INSERT INTO interacts VALUES(672850462645, 2, 'Mata', 2049, 521425, 1);
INSERT INTO interacts VALUES(672850462645, 2, 'Mata', 1001, 522211, 1);
INSERT INTO interacts VALUES(672850462645, 2, 'Mata', 2043, 523640, 1);
INSERT INTO interacts VALUES(672850462645, 2, 'Mata', 3341, 524549, 1);
INSERT INTO interacts VALUES(672850462645, 2, 'Bang', 1038, 548682, 1);
INSERT INTO interacts VALUES(672850462645, 2, 'Wuxx', 1043, 549547, 1);
INSERT INTO interacts VALUES(672850462645, 2, 'Bang', 3009, 550299, 1);
INSERT INTO interacts VALUES(672850462645, 2, 'Wuxx', 1053, 550457, 1);
INSERT INTO interacts VALUES(672850462645, 2, 'Wuxx', 2010, 551334, 1);
INSERT INTO interacts VALUES(672850462645, 2, 'Wuxx', 2010, 551544, 1);
INSERT INTO interacts VALUES(672850462645, 2, 'Bang', 1036, 551657, 1);
INSERT INTO interacts VALUES(672850462645, 2, 'Bang', 1036, 551819, 1);
INSERT INTO interacts VALUES(672850462645, 2, 'Wuxx', 2043, 551951, 1);
INSERT INTO interacts VALUES(672850462645, 2, 'mlxg', 1001, 563985, 1);
INSERT INTO interacts VALUES(672850462645, 2, 'mlxg', 2043, 564863, 1);
INSERT INTO interacts VALUES(672850462645, 2, 'Wolf', 2043, 583626, 1);
INSERT INTO interacts VALUES(672850462645, 2, 'Wolf', 2043, 583743, 1);
INSERT INTO interacts VALUES(672850462645, 2, 'Wolf', 2031, 584144, 1);
INSERT INTO interacts VALUES(672850462645, 2, 'Duke', 1001, 589942, 1);
INSERT INTO interacts VALUES(672850462645, 2, 'Duke', 1028, 590264, 1);
INSERT INTO interacts VALUES(672850462645, 2, 'Duke', 2043, 593228, 1);
INSERT INTO interacts VALUES(672850462645, 2, 'xiaohu', 1057, 601449, 1);
INSERT INTO interacts VALUES(672850462645, 2, 'Looper', 2043, 624320, 1);
INSERT INTO interacts VALUES(672850462645, 2, 'Faker', 3101, 631037, 1);
INSERT INTO interacts VALUES(672850462645, 2, 'Faker', 1052, 632672, 1);
INSERT INTO interacts VALUES(672850462645, 2, 'Bang', 3133, 665866, 1);
INSERT INTO interacts VALUES(672850462645, 2, 'Mata', 3009, 675734, 1);
INSERT INTO interacts VALUES(672850462645, 2, 'Blank', 1410, 689487, 1);
INSERT INTO interacts VALUES(672850462645, 2, 'Blank', 1001, 692086, 1);
INSERT INTO interacts VALUES(672850462645, 2, 'mlxg', 3009, 692529, 1);
INSERT INTO interacts VALUES(672850462645, 2, 'Blank', 1028, 693257, 1);
INSERT INTO interacts VALUES(672850462645, 2, 'Blank', 2043, 694607, 1);
INSERT INTO interacts VALUES(672850462645, 2, 'Blank', 3341, 695042, 1);
INSERT INTO interacts VALUES(672850462645, 2, 'mlxg', 1036, 696180, 1);
INSERT INTO interacts VALUES(672850462645, 2, 'mlxg', 3341, 698050, 1);
INSERT INTO interacts VALUES(672850462645, 2, 'xiaohu', 3001, 703233, 1);
INSERT INTO interacts VALUES(672850462645, 2, 'xiaohu', 1001, 705433, 1);
INSERT INTO interacts VALUES(672850462645, 2, 'xiaohu', 3363, 706248, 1);
INSERT INTO interacts VALUES(672850462645, 2, 'Bang', 3508, 745319, 1);
INSERT INTO interacts VALUES(672850462645, 2, 'Bang', 1051, 747847, 1);
INSERT INTO interacts VALUES(672850462645, 2, 'Bang', 3363, 748312, 1);
INSERT INTO interacts VALUES(672850462645, 2, 'Mata', 2043, 757501, 1);
INSERT INTO interacts VALUES(672850462645, 2, 'Mata', 2010, 757711, 1);
INSERT INTO interacts VALUES(672850462645, 2, 'Mata', 2010, 757940, 1);
INSERT INTO interacts VALUES(672850462645, 2, 'Wuxx', 3153, 761713, 1);
INSERT INTO interacts VALUES(672850462645, 2, 'Wuxx', 2043, 762447, 1);
INSERT INTO interacts VALUES(672850462645, 2, 'Faker', 3115, 767393, 1);
INSERT INTO interacts VALUES(672850462645, 2, 'Faker', 2043, 768513, 1);
INSERT INTO interacts VALUES(672850462645, 2, 'Wolf', 2301, 769309, 1);
INSERT INTO interacts VALUES(672850462645, 2, 'Wolf', 1331, 773845, 1);
INSERT INTO interacts VALUES(672850462645, 2, 'Duke', 3111, 790424, 1);
INSERT INTO interacts VALUES(672850462645, 2, 'Looper', 2031, 791379, 0);
INSERT INTO interacts VALUES(672850462645, 2, 'Duke', 1029, 792396, 1);
INSERT INTO interacts VALUES(672850462645, 2, 'Looper', 3027, 792555, 1);
INSERT INTO interacts VALUES(672850462645, 2, 'Blank', 3364, 846659, 1);
INSERT INTO interacts VALUES(672850462645, 2, 'mlxg', 3364, 849537, 1);
INSERT INTO interacts VALUES(672850462645, 2, 'Wuxx', 1042, 852445, 1);
INSERT INTO interacts VALUES(672850462645, 2, 'Wuxx', 3363, 853378, 1);
INSERT INTO interacts VALUES(672850462645, 2, 'Mata', 2043, 855640, 1);
INSERT INTO interacts VALUES(672850462645, 2, 'Mata', 2010, 855895, 1);
INSERT INTO interacts VALUES(672850462645, 2, 'mlxg', 3155, 863692, 1);
INSERT INTO interacts VALUES(672850462645, 2, 'Blank', 3105, 866571, 1);
INSERT INTO interacts VALUES(672850462645, 2, 'Duke', 3067, 871434, 1);
INSERT INTO interacts VALUES(672850462645, 2, 'Looper', 2043, 872721, 1);
INSERT INTO interacts VALUES(672850462645, 2, 'Looper', 2003, 873096, 1);
INSERT INTO interacts VALUES(672850462645, 2, 'xiaohu', 3158, 878766, 1);
INSERT INTO interacts VALUES(672850462645, 2, 'Bang', 3086, 896731, 1);
INSERT INTO interacts VALUES(672850462645, 2, 'Bang', 1042, 897836, 1);
INSERT INTO interacts VALUES(672850462645, 2, 'Bang', 1042, 898013, 1);
INSERT INTO interacts VALUES(672850462645, 2, 'Wolf', 3098, 911066, 1);
INSERT INTO interacts VALUES(672850462645, 2, 'Wolf', 2043, 911361, 1);
INSERT INTO interacts VALUES(672850462645, 2, 'Wolf', 2043, 911492, 1);
INSERT INTO interacts VALUES(672850462645, 2, 'Faker', 3020, 913409, 1);
INSERT INTO interacts VALUES(672850462645, 2, 'Mata', 3097, 960584, 1);
INSERT INTO interacts VALUES(672850462645, 2, 'Mata', 2043, 961554, 1);
INSERT INTO interacts VALUES(672850462645, 2, 'Wuxx', 3086, 969863, 1);
INSERT INTO interacts VALUES(672850462645, 2, 'Duke', 3065, 1010771, 1);
INSERT INTO interacts VALUES(672850462645, 2, 'Blank', 3060, 1024646, 1);
INSERT INTO interacts VALUES(672850462645, 2, 'Wolf', 2301, 1027457, 1);
INSERT INTO interacts VALUES(672850462645, 2, 'Mata', 1028, 1028566, 1);
INSERT INTO interacts VALUES(672850462645, 2, 'Wolf', 1028, 1028995, 1);
INSERT INTO interacts VALUES(672850462645, 2, 'mlxg', 1043, 1029805, 1);
INSERT INTO interacts VALUES(672850462645, 2, 'Looper', 3111, 1030295, 1);
INSERT INTO interacts VALUES(672850462645, 2, 'Looper', 2043, 1032347, 1);
INSERT INTO interacts VALUES(672850462645, 2, 'Looper', 2003, 1032725, 1);
INSERT INTO interacts VALUES(672850462645, 2, 'Faker', 1056, 1036421, 0);
INSERT INTO interacts VALUES(672850462645, 2, 'Faker', 1058, 1037704, 1);
INSERT INTO interacts VALUES(672850462645, 2, 'Bang', 3087, 1043682, 1);
INSERT INTO interacts VALUES(672850462645, 2, 'Bang', 1033, 1044755, 1);
INSERT INTO interacts VALUES(672850462645, 2, 'xiaohu', 2031, 1059827, 0);
INSERT INTO interacts VALUES(672850462645, 2, 'xiaohu', 1026, 1061331, 1);
INSERT INTO interacts VALUES(672850462645, 2, 'xiaohu', 3108, 1063708, 1);
INSERT INTO interacts VALUES(672850462645, 2, 'Duke', 1028, 1100783, 1);
INSERT INTO interacts VALUES(672850462645, 2, 'Duke', 1323, 1103587, 1);
INSERT INTO interacts VALUES(672850462645, 2, 'Mata', 2010, 1108638, 1);
INSERT INTO interacts VALUES(672850462645, 2, 'mlxg', 1042, 1114688, 1);
INSERT INTO interacts VALUES(672850462645, 2, 'mlxg', 2043, 1115994, 1);
INSERT INTO interacts VALUES(672850462645, 2, 'xiaohu', 3114, 1149591, 1);
INSERT INTO interacts VALUES(672850462645, 2, 'Wuxx', 3085, 1155203, 1);
INSERT INTO interacts VALUES(672850462645, 2, 'Mata', 3067, 1173303, 1);
INSERT INTO interacts VALUES(672850462645, 2, 'Duke', 3751, 1210796, 1);
INSERT INTO interacts VALUES(672850462645, 2, 'Bang', 1042, 1212324, 0);
INSERT INTO interacts VALUES(672850462645, 2, 'Wolf', 3105, 1214208, 1);
INSERT INTO interacts VALUES(672850462645, 2, 'Wolf', 3364, 1215041, 1);
INSERT INTO interacts VALUES(672850462645, 2, 'Wolf', 2043, 1215190, 1);
INSERT INTO interacts VALUES(672850462645, 2, 'Bang', 3140, 1216350, 1);
INSERT INTO interacts VALUES(672850462645, 2, 'Bang', 1037, 1217273, 1);
INSERT INTO interacts VALUES(672850462645, 2, 'Faker', 3001, 1227580, 1);
INSERT INTO interacts VALUES(672850462645, 2, 'Blank', 1058, 1229988, 1);
INSERT INTO interacts VALUES(672850462645, 2, 'Blank', 2043, 1231356, 1);
INSERT INTO interacts VALUES(672850462645, 2, 'xiaohu', 1056, 1232526, 0);
INSERT INTO interacts VALUES(672850462645, 2, 'xiaohu', 3165, 1233382, 1);
INSERT INTO interacts VALUES(672850462645, 2, 'xiaohu', 2043, 1235303, 1);
INSERT INTO interacts VALUES(672850462645, 2, 'Mata', 2010, 1249571, 1);
INSERT INTO interacts VALUES(672850462645, 2, 'Mata', 2010, 1251400, 1);
INSERT INTO interacts VALUES(672850462645, 2, 'Looper', 1058, 1252208, 1);
INSERT INTO interacts VALUES(672850462645, 2, 'Looper', 3363, 1253158, 1);
INSERT INTO interacts VALUES(672850462645, 2, 'mlxg', 3086, 1305639, 1);
INSERT INTO interacts VALUES(672850462645, 2, 'Blank', 1011, 1318199, 1);
INSERT INTO interacts VALUES(672850462645, 2, 'Duke', 1031, 1318787, 1);
INSERT INTO interacts VALUES(672850462645, 2, 'Wolf', 3190, 1319766, 1);
INSERT INTO interacts VALUES(672850462645, 2, 'Wolf', 2043, 1320149, 1);
INSERT INTO interacts VALUES(672850462645, 2, 'Wolf', 2043, 1320271, 1);
INSERT INTO interacts VALUES(672850462645, 2, 'Duke', 1028, 1320679, 1);
INSERT INTO interacts VALUES(672850462645, 2, 'Faker', 2031, 1324556, 0);
INSERT INTO interacts VALUES(672850462645, 2, 'Faker', 1011, 1326732, 1);
INSERT INTO interacts VALUES(672850462645, 2, 'xiaohu', 1052, 1329046, 1);
INSERT INTO interacts VALUES(672850462645, 2, 'xiaohu', 1056, 1330630, 0);
INSERT INTO interacts VALUES(672850462645, 2, 'xiaohu', 2043, 1332076, 1);
INSERT INTO interacts VALUES(672850462645, 2, 'Bang', 1055, 1333511, 0);
INSERT INTO interacts VALUES(672850462645, 2, 'Bang', 1038, 1333902, 1);
INSERT INTO interacts VALUES(672850462645, 2, 'mlxg', 3085, 1363641, 1);
INSERT INTO interacts VALUES(672850462645, 2, 'mlxg', 2043, 1364621, 1);
INSERT INTO interacts VALUES(672850462645, 2, 'mlxg', 2043, 1364772, 1);
INSERT INTO interacts VALUES(672850462645, 2, 'Wuxx', 1036, 1367029, 1);
INSERT INTO interacts VALUES(672850462645, 2, 'Wuxx', 3006, 1368077, 1);
INSERT INTO matches VALUES(672850462645, 3, '2016-05-12');
INSERT INTO scores VALUES('RNG', 672850462645, 3, 0, 3, 1, 0, 0, 0);
INSERT INTO scores VALUES('SKT', 672850462645, 3, 1, 9, 0, 1, 4, 1);
INSERT INTO bans VALUES(672850462645, 3, 57, 1);
INSERT INTO bans VALUES(672850462645, 3, 12, 3);
INSERT INTO bans VALUES(672850462645, 3, 13, 5);
INSERT INTO bans VALUES(672850462645, 3, 29, 2);
INSERT INTO bans VALUES(672850462645, 3, 236, 4);
INSERT INTO bans VALUES(672850462645, 3, 76, 6);
INSERT INTO plays VALUES(672850462645, 3, 'Looper', 78, 'Top', 1, 3, 1, 12172, 22, 6, 320, 2, 0, 13007);
INSERT INTO plays VALUES(672850462645, 3, 'mlxg', 60, 'Jungle', 6, 6, 4, 14673, 33, 15, 38, 80, 12, 12520);
INSERT INTO plays VALUES(672850462645, 3, 'xiaohu', 268, 'Mid', 2, 5, 4, 17589, 24, 10, 301, 6, 0, 13019);
INSERT INTO plays VALUES(672850462645, 3, 'Wuxx', 202, 'ADC', 1, 5, 6, 17104, 14, 5, 281, 15, 1, 12988);
INSERT INTO plays VALUES(672850462645, 3, 'Mata', 89, 'Support', 0, 3, 5, 4717, 41, 17, 46, 1, 0, 8534);
INSERT INTO plays VALUES(672850462645, 3, 'Duke', 245, 'Top', 6, 0, 8, 19916, 18, 9, 349, 8, 2, 16865);
INSERT INTO plays VALUES(672850462645, 3, 'Blank', 104, 'Jungle', 3, 1, 11, 18331, 36, 26, 61, 84, 34, 13583);
INSERT INTO plays VALUES(672850462645, 3, 'Faker', 105, 'Mid', 7, 4, 6, 15935, 19, 11, 290, 21, 7, 16675);
INSERT INTO plays VALUES(672850462645, 3, 'Bang', 15, 'ADC', 6, 3, 9, 22112, 22, 4, 346, 5, 0, 17337);
INSERT INTO plays VALUES(672850462645, 3, 'Wolf', 16, 'Support', 0, 2, 15, 5419, 43, 15, 23, 0, 0, 10177);
INSERT INTO interacts VALUES(672850462645, 3, 'Mata', 3302, 1526, 1);
INSERT INTO interacts VALUES(672850462645, 3, 'Mata', 2010, 1690, 1);
INSERT INTO interacts VALUES(672850462645, 3, 'Mata', 2010, 1854, 1);
INSERT INTO interacts VALUES(672850462645, 3, 'Mata', 2010, 1984, 1);
INSERT INTO interacts VALUES(672850462645, 3, 'Mata', 3340, 2178, 1);
INSERT INTO interacts VALUES(672850462645, 3, 'Wuxx', 1055, 2274, 1);
INSERT INTO interacts VALUES(672850462645, 3, 'xiaohu', 1056, 2416, 1);
INSERT INTO interacts VALUES(672850462645, 3, 'Wuxx', 2010, 2502, 1);
INSERT INTO interacts VALUES(672850462645, 3, 'Faker', 2033, 2631, 1);
INSERT INTO interacts VALUES(672850462645, 3, 'Wuxx', 3340, 2697, 1);
INSERT INTO interacts VALUES(672850462645, 3, 'Bang', 1055, 2730, 1);
INSERT INTO interacts VALUES(672850462645, 3, 'xiaohu', 2003, 2794, 1);
INSERT INTO interacts VALUES(672850462645, 3, 'Bang', 2010, 2988, 1);
INSERT INTO interacts VALUES(672850462645, 3, 'xiaohu', 2003, 3086, 1);
INSERT INTO interacts VALUES(672850462645, 3, 'Faker', 3340, 3195, 1);
INSERT INTO interacts VALUES(672850462645, 3, 'Bang', 3340, 3282, 1);
INSERT INTO interacts VALUES(672850462645, 3, 'Blank', 3340, 3380, 1);
INSERT INTO interacts VALUES(672850462645, 3, 'xiaohu', 3340, 3380, 1);
INSERT INTO interacts VALUES(672850462645, 3, 'Duke', 2033, 3380, 1);
INSERT INTO interacts VALUES(672850462645, 3, 'Duke', 3340, 3870, 1);
INSERT INTO interacts VALUES(672850462645, 3, 'Wolf', 3303, 3935, 1);
INSERT INTO interacts VALUES(672850462645, 3, 'Blank', 2031, 4070, 1);
INSERT INTO interacts VALUES(672850462645, 3, 'mlxg', 1039, 4070, 1);
INSERT INTO interacts VALUES(672850462645, 3, 'Looper', 2033, 4371, 1);
INSERT INTO interacts VALUES(672850462645, 3, 'Blank', 1039, 4463, 1);
INSERT INTO interacts VALUES(672850462645, 3, 'mlxg', 2031, 4562, 1);
INSERT INTO interacts VALUES(672850462645, 3, 'Wolf', 2010, 4659, 1);
INSERT INTO interacts VALUES(672850462645, 3, 'Looper', 3340, 4691, 1);
INSERT INTO interacts VALUES(672850462645, 3, 'Wolf', 2010, 4788, 1);
INSERT INTO interacts VALUES(672850462645, 3, 'Wolf', 2010, 4919, 1);
INSERT INTO interacts VALUES(672850462645, 3, 'mlxg', 3340, 5212, 1);
INSERT INTO interacts VALUES(672850462645, 3, 'Wolf', 3340, 5340, 1);
INSERT INTO interacts VALUES(672850462645, 3, 'Mata', 2043, 215877, 1);
INSERT INTO interacts VALUES(672850462645, 3, 'Mata', 2031, 216234, 1);
INSERT INTO interacts VALUES(672850462645, 3, 'Wolf', 1028, 247383, 1);
INSERT INTO interacts VALUES(672850462645, 3, 'Wolf', 2010, 247968, 1);
INSERT INTO interacts VALUES(672850462645, 3, 'Duke', 1082, 257992, 1);
INSERT INTO interacts VALUES(672850462645, 3, 'Duke', 1056, 260645, 1);
INSERT INTO interacts VALUES(672850462645, 3, 'Faker', 1057, 279643, 1);
INSERT INTO interacts VALUES(672850462645, 3, 'Blank', 3711, 301283, 1);
INSERT INTO interacts VALUES(672850462645, 3, 'Blank', 1036, 302262, 1);
INSERT INTO interacts VALUES(672850462645, 3, 'mlxg', 3715, 323055, 1);
INSERT INTO interacts VALUES(672850462645, 3, 'mlxg', 1052, 323902, 1);
INSERT INTO interacts VALUES(672850462645, 3, 'mlxg', 2043, 324815, 1);
INSERT INTO interacts VALUES(672850462645, 3, 'xiaohu', 1057, 368835, 1);
INSERT INTO interacts VALUES(672850462645, 3, 'xiaohu', 1042, 370251, 1);
INSERT INTO interacts VALUES(672850462645, 3, 'xiaohu', 1042, 370513, 1);
INSERT INTO interacts VALUES(672850462645, 3, 'xiaohu', 2043, 371588, 1);
INSERT INTO interacts VALUES(672850462645, 3, 'Faker', 1082, 392155, 1);
INSERT INTO interacts VALUES(672850462645, 3, 'Faker', 2043, 393115, 1);
INSERT INTO interacts VALUES(672850462645, 3, 'Looper', 3211, 427182, 1);
INSERT INTO interacts VALUES(672850462645, 3, 'Looper', 1001, 429391, 1);
INSERT INTO interacts VALUES(672850462645, 3, 'Looper', 2043, 430176, 1);
INSERT INTO interacts VALUES(672850462645, 3, 'Wuxx', 1038, 462936, 1);
INSERT INTO interacts VALUES(672850462645, 3, 'Wuxx', 1001, 463877, 1);
INSERT INTO interacts VALUES(672850462645, 3, 'Wuxx', 2010, 464271, 1);
INSERT INTO interacts VALUES(672850462645, 3, 'Wuxx', 2010, 464430, 1);
INSERT INTO interacts VALUES(672850462645, 3, 'Wuxx', 2043, 465381, 1);
INSERT INTO interacts VALUES(672850462645, 3, 'Duke', 3057, 470627, 1);
INSERT INTO interacts VALUES(672850462645, 3, 'Duke', 2043, 471370, 1);
INSERT INTO interacts VALUES(672850462645, 3, 'Bang', 1038, 492371, 1);
INSERT INTO interacts VALUES(672850462645, 3, 'Bang', 1083, 496161, 1);
INSERT INTO interacts VALUES(672850462645, 3, 'Bang', 2043, 496840, 1);
INSERT INTO interacts VALUES(672850462645, 3, 'Blank', 3133, 510999, 1);
INSERT INTO interacts VALUES(672850462645, 3, 'Blank', 2043, 513180, 1);
INSERT INTO interacts VALUES(672850462645, 3, 'Blank', 1036, 513898, 1);
INSERT INTO interacts VALUES(672850462645, 3, 'Mata', 2049, 520583, 1);
INSERT INTO interacts VALUES(672850462645, 3, 'Mata', 2043, 521659, 1);
INSERT INTO interacts VALUES(672850462645, 3, 'Mata', 3341, 522876, 1);
INSERT INTO interacts VALUES(672850462645, 3, 'Wolf', 2049, 536549, 1);
INSERT INTO interacts VALUES(672850462645, 3, 'Wolf', 1001, 537552, 1);
INSERT INTO interacts VALUES(672850462645, 3, 'Wolf', 2043, 538655, 1);
INSERT INTO interacts VALUES(672850462645, 3, 'Wolf', 2010, 538854, 1);
INSERT INTO interacts VALUES(672850462645, 3, 'Wolf', 2010, 538982, 1);
INSERT INTO interacts VALUES(672850462645, 3, 'mlxg', 1414, 580773, 1);
INSERT INTO interacts VALUES(672850462645, 3, 'Faker', 1026, 600188, 1);
INSERT INTO interacts VALUES(672850462645, 3, 'Faker', 1001, 601317, 1);
INSERT INTO interacts VALUES(672850462645, 3, 'Faker', 2043, 602213, 1);
INSERT INTO interacts VALUES(672850462645, 3, 'xiaohu', 3001, 634269, 1);
INSERT INTO interacts VALUES(672850462645, 3, 'xiaohu', 3363, 635409, 1);
INSERT INTO interacts VALUES(672850462645, 3, 'Duke', 3024, 643747, 1);
INSERT INTO interacts VALUES(672850462645, 3, 'Blank', 1408, 644469, 1);
INSERT INTO interacts VALUES(672850462645, 3, 'mlxg', 1001, 690908, 1);
INSERT INTO interacts VALUES(672850462645, 3, 'mlxg', 2043, 692154, 1);
INSERT INTO interacts VALUES(672850462645, 3, 'Looper', 3751, 692302, 1);
INSERT INTO interacts VALUES(672850462645, 3, 'Looper', 2043, 693095, 1);
INSERT INTO interacts VALUES(672850462645, 3, 'Duke', 1001, 693908, 1);
INSERT INTO interacts VALUES(672850462645, 3, 'Faker', 3001, 710382, 1);
INSERT INTO interacts VALUES(672850462645, 3, 'Faker', 1027, 712534, 1);
INSERT INTO interacts VALUES(672850462645, 3, 'Duke', 3009, 726335, 1);
INSERT INTO interacts VALUES(672850462645, 3, 'Wuxx', 3133, 729912, 1);
INSERT INTO interacts VALUES(672850462645, 3, 'Mata', 1001, 760763, 1);
INSERT INTO interacts VALUES(672850462645, 3, 'Mata', 2043, 761777, 1);
INSERT INTO interacts VALUES(672850462645, 3, 'Bang', 3009, 763013, 1);
INSERT INTO interacts VALUES(672850462645, 3, 'Bang', 1036, 764062, 1);
INSERT INTO interacts VALUES(672850462645, 3, 'mlxg', 1028, 773411, 1);
INSERT INTO interacts VALUES(672850462645, 3, 'Wolf', 3158, 783581, 1);
INSERT INTO interacts VALUES(672850462645, 3, 'Wolf', 2043, 784107, 1);
INSERT INTO interacts VALUES(672850462645, 3, 'Wolf', 2043, 784205, 1);
INSERT INTO interacts VALUES(672850462645, 3, 'Wolf', 2031, 784437, 1);
INSERT INTO interacts VALUES(672850462645, 3, 'Wolf', 3341, 786356, 1);
INSERT INTO interacts VALUES(672850462645, 3, 'Blank', 3364, 786515, 1);
INSERT INTO interacts VALUES(672850462645, 3, 'Faker', 3057, 786760, 1);
INSERT INTO interacts VALUES(672850462645, 3, 'Blank', 1033, 788437, 1);
INSERT INTO interacts VALUES(672850462645, 3, 'Blank', 3340, 789712, 1);
INSERT INTO interacts VALUES(672850462645, 3, 'Blank', 3364, 792919, 1);
INSERT INTO interacts VALUES(672850462645, 3, 'xiaohu', 3101, 793861, 1);
INSERT INTO interacts VALUES(672850462645, 3, 'Blank', 1001, 794204, 1);
INSERT INTO interacts VALUES(672850462645, 3, 'xiaohu', 2043, 794952, 1);
INSERT INTO interacts VALUES(672850462645, 3, 'xiaohu', 2003, 796207, 1);
INSERT INTO interacts VALUES(672850462645, 3, 'Wuxx', 3363, 874149, 1);
INSERT INTO interacts VALUES(672850462645, 3, 'Wuxx', 3508, 877909, 1);
INSERT INTO interacts VALUES(672850462645, 3, 'Mata', 3009, 892859, 1);
INSERT INTO interacts VALUES(672850462645, 3, 'Mata', 2043, 893987, 1);
INSERT INTO interacts VALUES(672850462645, 3, 'Faker', 1333, 898387, 1);
INSERT INTO interacts VALUES(672850462645, 3, 'Bang', 3133, 900679, 1);
INSERT INTO interacts VALUES(672850462645, 3, 'Bang', 3363, 903810, 1);
INSERT INTO interacts VALUES(672850462645, 3, 'Bang', 2010, 905671, 1);
INSERT INTO interacts VALUES(672850462645, 3, 'Blank', 3009, 918052, 1);
INSERT INTO interacts VALUES(672850462645, 3, 'Blank', 2043, 922410, 1);
INSERT INTO interacts VALUES(672850462645, 3, 'mlxg', 2031, 923461, 0);
INSERT INTO interacts VALUES(672850462645, 3, 'mlxg', 2049, 925154, 1);
INSERT INTO interacts VALUES(672850462645, 3, 'mlxg', 3364, 926950, 1);
INSERT INTO interacts VALUES(672850462645, 3, 'mlxg', 3009, 927368, 1);
INSERT INTO interacts VALUES(672850462645, 3, 'xiaohu', 3108, 936816, 1);
INSERT INTO interacts VALUES(672850462645, 3, 'xiaohu', 2043, 937826, 1);
INSERT INTO interacts VALUES(672850462645, 3, 'Looper', 3068, 942966, 1);
INSERT INTO interacts VALUES(672850462645, 3, 'Looper', 2043, 943456, 1);
INSERT INTO interacts VALUES(672850462645, 3, 'Duke', 3025, 964670, 1);
INSERT INTO interacts VALUES(672850462645, 3, 'Duke', 3751, 968916, 1);
INSERT INTO interacts VALUES(672850462645, 3, 'Wuxx', 3009, 993302, 1);
INSERT INTO interacts VALUES(672850462645, 3, 'Wuxx', 2010, 994070, 1);
INSERT INTO interacts VALUES(672850462645, 3, 'Wolf', 3303, 994931, 0);
INSERT INTO interacts VALUES(672850462645, 3, 'Wolf', 3096, 996306, 1);
INSERT INTO interacts VALUES(672850462645, 3, 'Wolf', 2043, 997211, 1);
INSERT INTO interacts VALUES(672850462645, 3, 'Wolf', 2043, 1001716, 1);
INSERT INTO interacts VALUES(672850462645, 3, 'Faker', 1026, 1016947, 1);
INSERT INTO interacts VALUES(672850462645, 3, 'Mata', 3097, 1050623, 1);
INSERT INTO interacts VALUES(672850462645, 3, 'Mata', 2043, 1051516, 1);
INSERT INTO interacts VALUES(672850462645, 3, 'xiaohu', 1001, 1056802, 1);
INSERT INTO interacts VALUES(672850462645, 3, 'xiaohu', 1028, 1058133, 1);
INSERT INTO interacts VALUES(672850462645, 3, 'Mata', 1028, 1061068, 1);
INSERT INTO interacts VALUES(672850462645, 3, 'Blank', 3155, 1061699, 1);
INSERT INTO interacts VALUES(672850462645, 3, 'mlxg', 2301, 1064982, 1);
INSERT INTO interacts VALUES(672850462645, 3, 'mlxg', 1028, 1075816, 1);
INSERT INTO interacts VALUES(672850462645, 3, 'Bang', 3508, 1078237, 1);
INSERT INTO interacts VALUES(672850462645, 3, 'Bang', 1042, 1082065, 1);
INSERT INTO interacts VALUES(672850462645, 3, 'mlxg', 1026, 1085619, 1);
INSERT INTO interacts VALUES(672850462645, 3, 'mlxg', 1057, 1086010, 1);
INSERT INTO interacts VALUES(672850462645, 3, 'mlxg', 2043, 1088300, 1);
INSERT INTO interacts VALUES(672850462645, 3, 'mlxg', 2043, 1088444, 1);
INSERT INTO interacts VALUES(672850462645, 3, 'Duke', 1308, 1099186, 1);
INSERT INTO interacts VALUES(672850462645, 3, 'Looper', 3009, 1099316, 1);
INSERT INTO interacts VALUES(672850462645, 3, 'Looper', 2043, 1100148, 1);
INSERT INTO interacts VALUES(672850462645, 3, 'Looper', 1028, 1101227, 1);
INSERT INTO interacts VALUES(672850462645, 3, 'mlxg', 3001, 1200115, 1);
INSERT INTO interacts VALUES(672850462645, 3, 'Wuxx', 3086, 1203836, 1);
INSERT INTO interacts VALUES(672850462645, 3, 'Wuxx', 1042, 1206161, 1);
INSERT INTO interacts VALUES(672850462645, 3, 'Faker', 3100, 1208399, 1);
INSERT INTO interacts VALUES(672850462645, 3, 'Faker', 2043, 1210224, 1);
INSERT INTO interacts VALUES(672850462645, 3, 'Looper', 3057, 1216731, 1);
INSERT INTO interacts VALUES(672850462645, 3, 'Bang', 3086, 1269494, 1);
INSERT INTO interacts VALUES(672850462645, 3, 'Bang', 1042, 1269847, 1);
INSERT INTO interacts VALUES(672850462645, 3, 'xiaohu', 3115, 1270013, 1);
INSERT INTO interacts VALUES(672850462645, 3, 'Wolf', 3114, 1271935, 1);
INSERT INTO interacts VALUES(672850462645, 3, 'xiaohu', 2043, 1273017, 1);
INSERT INTO interacts VALUES(672850462645, 3, 'Wolf', 3364, 1274160, 1);
INSERT INTO interacts VALUES(672850462645, 3, 'Wolf', 2043, 1274324, 1);
INSERT INTO interacts VALUES(672850462645, 3, 'Mata', 2303, 1276345, 1);
INSERT INTO interacts VALUES(672850462645, 3, 'Mata', 1033, 1277713, 1);
INSERT INTO interacts VALUES(672850462645, 3, 'Blank', 2031, 1291851, 0);
INSERT INTO interacts VALUES(672850462645, 3, 'Blank', 3086, 1292780, 1);
INSERT INTO interacts VALUES(672850462645, 3, 'Faker', 2043, 1322769, 0);
INSERT INTO interacts VALUES(672850462645, 3, 'Faker', 1058, 1324007, 1);
INSERT INTO interacts VALUES(672850462645, 3, 'Duke', 3068, 1330603, 1);
INSERT INTO interacts VALUES(672850462645, 3, 'Looper', 3067, 1346129, 1);
INSERT INTO interacts VALUES(672850462645, 3, 'Wolf', 3069, 1358475, 1);
INSERT INTO interacts VALUES(672850462645, 3, 'Mata', 3364, 1368575, 1);
INSERT INTO interacts VALUES(672850462645, 3, 'Mata', 2043, 1369470, 1);
INSERT INTO interacts VALUES(672850462645, 3, 'mlxg', 1052, 1373495, 1);
INSERT INTO interacts VALUES(672850462645, 3, 'Wuxx', 3094, 1373951, 1);
INSERT INTO interacts VALUES(672850462645, 3, 'mlxg', 2043, 1374435, 1);
INSERT INTO interacts VALUES(672850462645, 3, 'Wuxx', 2010, 1375905, 1);
INSERT INTO interacts VALUES(672850462645, 3, 'xiaohu', 3020, 1376687, 1);
INSERT INTO interacts VALUES(672850462645, 3, 'xiaohu', 2043, 1377575, 1);
INSERT INTO interacts VALUES(672850462645, 3, 'Looper', 1308, 1421637, 1);
INSERT INTO interacts VALUES(672850462645, 3, 'Blank', 1042, 1427735, 1);
INSERT INTO interacts VALUES(672850462645, 3, 'Blank', 2043, 1428835, 1);
INSERT INTO interacts VALUES(672850462645, 3, 'Bang', 3087, 1432761, 1);
INSERT INTO interacts VALUES(672850462645, 3, 'Bang', 2043, 1434093, 1);
INSERT INTO interacts VALUES(672850462645, 3, 'Duke', 1056, 1436414, 0);
INSERT INTO interacts VALUES(672850462645, 3, 'Duke', 3211, 1437794, 1);
INSERT INTO interacts VALUES(672850462645, 3, 'Wolf', 1028, 1438182, 1);
INSERT INTO interacts VALUES(672850462645, 3, 'Faker', 3041, 1441314, 1);
INSERT INTO interacts VALUES(672850462645, 3, 'xiaohu', 1011, 1513854, 1);
INSERT INTO interacts VALUES(672850462645, 3, 'xiaohu', 1052, 1515251, 1);
INSERT INTO interacts VALUES(672850462645, 3, 'mlxg', 2043, 1519468, 0);
INSERT INTO interacts VALUES(672850462645, 3, 'Mata', 3105, 1520186, 1);
INSERT INTO interacts VALUES(672850462645, 3, 'mlxg', 1011, 1520972, 1);
INSERT INTO interacts VALUES(672850462645, 3, 'Mata', 2043, 1521364, 1);
INSERT INTO interacts VALUES(672850462645, 3, 'xiaohu', 1056, 1541350, 0);
INSERT INTO interacts VALUES(672850462645, 3, 'xiaohu', 2043, 1543054, 1);
INSERT INTO interacts VALUES(672850462645, 3, 'Bang', 1038, 1549633, 1);
INSERT INTO interacts VALUES(672850462645, 3, 'Wolf', 2043, 1554488, 1);
INSERT INTO interacts VALUES(672850462645, 3, 'Wolf', 2043, 1554618, 1);
INSERT INTO interacts VALUES(672850462645, 3, 'Wolf', 3801, 1557041, 1);
INSERT INTO interacts VALUES(672850462645, 3, 'Blank', 3046, 1559654, 1);
INSERT INTO interacts VALUES(672850462645, 3, 'Blank', 2043, 1560471, 1);
INSERT INTO interacts VALUES(672850462645, 3, 'Wuxx', 3155, 1565675, 1);
INSERT INTO interacts VALUES(672850462645, 3, 'Wuxx', 2010, 1567430, 0);
INSERT INTO interacts VALUES(672850462645, 3, 'Wuxx', 2043, 1567897, 1);
INSERT INTO interacts VALUES(672850462645, 3, 'Looper', 3025, 1579470, 1);
INSERT INTO interacts VALUES(672850462645, 3, 'Duke', 3065, 1649224, 1);
INSERT INTO interacts VALUES(672850462645, 3, 'Wuxx', 1038, 1735456, 1);
INSERT INTO interacts VALUES(672850462645, 3, 'Wolf', 3105, 1747594, 1);
INSERT INTO interacts VALUES(672850462645, 3, 'Mata', 3190, 1748052, 1);
INSERT INTO interacts VALUES(672850462645, 3, 'xiaohu', 3116, 1752103, 1);
INSERT INTO interacts VALUES(672850462645, 3, 'Faker', 3157, 1755498, 1);
INSERT INTO interacts VALUES(672850462645, 3, 'Blank', 3044, 1760770, 1);
INSERT INTO interacts VALUES(672850462645, 3, 'Blank', 2043, 1762034, 1);
INSERT INTO interacts VALUES(672850462645, 3, 'Blank', 2043, 1762297, 1);
INSERT INTO interacts VALUES(672850462645, 3, 'Bang', 1083, 1762886, 0);
INSERT INTO interacts VALUES(672850462645, 3, 'Bang', 1037, 1763960, 1);
INSERT INTO interacts VALUES(672850462645, 3, 'Duke', 3041, 1770553, 1);
INSERT INTO interacts VALUES(672850462645, 3, 'xiaohu', 2043, 1771214, 1);
INSERT INTO interacts VALUES(672850462645, 3, 'Duke', 2033, 1771574, 0);
INSERT INTO interacts VALUES(672850462645, 3, 'Duke', 1011, 1772848, 1);
INSERT INTO interacts VALUES(672850462645, 3, 'Bang', 3031, 1822842, 1);
INSERT INTO interacts VALUES(672850462645, 3, 'Bang', 2043, 1824537, 1);
INSERT INTO interacts VALUES(672850462645, 3, 'Wolf', 2043, 1826293, 1);
INSERT INTO interacts VALUES(672850462645, 3, 'Looper', 3065, 1862724, 1);
INSERT INTO interacts VALUES(672850462645, 3, 'Looper', 1029, 1863405, 1);
INSERT INTO interacts VALUES(672850462645, 3, 'mlxg', 3116, 1863555, 1);
INSERT INTO interacts VALUES(672850462645, 3, 'xiaohu', 1026, 1902031, 1);
INSERT INTO interacts VALUES(672850462645, 3, 'Wolf', 3190, 1922364, 1);
INSERT INTO interacts VALUES(672850462645, 3, 'Faker', 2033, 1922729, 0);
INSERT INTO interacts VALUES(672850462645, 3, 'Bang', 3155, 1923308, 1);
INSERT INTO interacts VALUES(672850462645, 3, 'Wolf', 2043, 1923615, 1);
INSERT INTO interacts VALUES(672850462645, 3, 'Faker', 1026, 1923846, 1);
INSERT INTO interacts VALUES(672850462645, 3, 'Bang', 2140, 1924319, 1);
INSERT INTO interacts VALUES(672850462645, 3, 'xiaohu', 2043, 1931566, 1);
INSERT INTO interacts VALUES(672850462645, 3, 'Mata', 1029, 1932266, 1);
INSERT INTO interacts VALUES(672850462645, 3, 'Mata', 1029, 1932364, 1);
INSERT INTO interacts VALUES(672850462645, 3, 'mlxg', 1052, 1943327, 1);
INSERT INTO interacts VALUES(672850462645, 3, 'Blank', 3134, 1956207, 1);
INSERT INTO interacts VALUES(672850462645, 3, 'Blank', 1306, 1959286, 1);
INSERT INTO interacts VALUES(672850462645, 3, 'Looper', 3082, 1960375, 1);
INSERT INTO interacts VALUES(672850462645, 3, 'Duke', 3742, 1967660, 1);
INSERT INTO interacts VALUES(672850462645, 3, 'mlxg', 1028, 1970001, 1);
INSERT INTO interacts VALUES(672850462645, 3, 'Bang', 3156, 2080993, 1);
INSERT INTO interacts VALUES(672850462645, 3, 'Wolf', 2031, 2083272, 0);
INSERT INTO interacts VALUES(672850462645, 3, 'Wolf', 3028, 2084621, 1);
INSERT INTO interacts VALUES(672850462645, 3, 'Wolf', 2043, 2086156, 1);
INSERT INTO interacts VALUES(672850462645, 3, 'Duke', 2139, 2088479, 1);
INSERT INTO interacts VALUES(672850462645, 3, 'Faker', 3135, 2093066, 1);
INSERT INTO interacts VALUES(672850462645, 3, 'Faker', 3041, 2096018, 0);
INSERT INTO interacts VALUES(672850462645, 3, 'Faker', 1058, 2096466, 1);
INSERT INTO interacts VALUES(672850462645, 3, 'Blank', 3156, 2098810, 1);
INSERT INTO interacts VALUES(672850462645, 3, 'Blank', 2043, 2101765, 1);
INSERT INTO interacts VALUES(672850462645, 3, 'Blank', 2043, 2101903, 1);
INSERT INTO interacts VALUES(672850462645, 3, 'Wuxx', 3031, 2137041, 1);
INSERT INTO interacts VALUES(672850462645, 3, 'xiaohu', 2043, 2150158, 0);
INSERT INTO interacts VALUES(672850462645, 3, 'xiaohu', 1052, 2152998, 1);
INSERT INTO matches VALUES(672850462645, 4, '2016-05-12');
INSERT INTO scores VALUES('RNG', 672850462645, 4, 0, 0, 0, 0, 0, 0);
INSERT INTO scores VALUES('SKT', 672850462645, 4, 1, 10, 1, 1, 3, 1);
INSERT INTO bans VALUES(672850462645, 4, 105, 1);
INSERT INTO bans VALUES(672850462645, 4, 16, 3);
INSERT INTO bans VALUES(672850462645, 4, 15, 5);
INSERT INTO bans VALUES(672850462645, 4, 29, 2);
INSERT INTO bans VALUES(672850462645, 4, 236, 4);
INSERT INTO bans VALUES(672850462645, 4, 12, 6);
INSERT INTO plays VALUES(672850462645, 4, 'Looper', 78, 'Top', 0, 3, 0, 7808, 14, 1, 210, 0, 0, 8197);
INSERT INTO plays VALUES(672850462645, 4, 'mlxg', 104, 'Jungle', 0, 1, 0, 3045, 19, 8, 37, 86, 1, 7992);
INSERT INTO plays VALUES(672850462645, 4, 'xiaohu', 268, 'Mid', 0, 2, 0, 9254, 18, 8, 215, 1, 0, 8338);
INSERT INTO plays VALUES(672850462645, 4, 'Wuxx', 18, 'ADC', 0, 1, 0, 5948, 9, 1, 229, 5, 0, 8717);
INSERT INTO plays VALUES(672850462645, 4, 'Mata', 201, 'Support', 0, 2, 0, 3018, 32, 10, 38, 0, 0, 5589);
INSERT INTO plays VALUES(672850462645, 4, 'Duke', 57, 'Top', 1, 0, 5, 9043, 12, 2, 257, 2, 7, 12442);
INSERT INTO plays VALUES(672850462645, 4, 'Blank', 203, 'Jungle', 2, 0, 5, 7145, 28, 16, 29, 69, 26, 10530);
INSERT INTO plays VALUES(672850462645, 4, 'Faker', 13, 'Mid', 3, 0, 4, 14753, 15, 6, 217, 9, 7, 11851);
INSERT INTO plays VALUES(672850462645, 4, 'Bang', 81, 'ADC', 2, 0, 4, 19614, 14, 5, 273, 7, 3, 12685);
INSERT INTO plays VALUES(672850462645, 4, 'Wolf', 43, 'Support', 1, 0, 5, 8041, 27, 9, 14, 0, 0, 8231);
INSERT INTO interacts VALUES(672850462645, 4, 'Wolf', 3303, 1752, 1);
INSERT INTO interacts VALUES(672850462645, 4, 'Mata', 3302, 1849, 1);
INSERT INTO interacts VALUES(672850462645, 4, 'Wuxx', 1055, 1978, 1);
INSERT INTO interacts VALUES(672850462645, 4, 'xiaohu', 1056, 2010, 1);
INSERT INTO interacts VALUES(672850462645, 4, 'Mata', 2010, 2082, 1);
INSERT INTO interacts VALUES(672850462645, 4, 'Wuxx', 2010, 2235, 1);
INSERT INTO interacts VALUES(672850462645, 4, 'Mata', 2010, 2235, 1);
INSERT INTO interacts VALUES(672850462645, 4, 'Wolf', 2010, 2301, 1);
INSERT INTO interacts VALUES(672850462645, 4, 'Mata', 2010, 2305, 1);
INSERT INTO interacts VALUES(672850462645, 4, 'Wuxx', 3340, 2403, 1);
INSERT INTO interacts VALUES(672850462645, 4, 'Wolf', 3340, 2470, 1);
INSERT INTO interacts VALUES(672850462645, 4, 'Faker', 1056, 2502, 1);
INSERT INTO interacts VALUES(672850462645, 4, 'Mata', 3340, 2534, 1);
INSERT INTO interacts VALUES(672850462645, 4, 'Bang', 1055, 2729, 1);
INSERT INTO interacts VALUES(672850462645, 4, 'Blank', 3340, 2798, 1);
INSERT INTO interacts VALUES(672850462645, 4, 'Wolf', 2010, 2798, 1);
INSERT INTO interacts VALUES(672850462645, 4, 'xiaohu', 2003, 2829, 1);
INSERT INTO interacts VALUES(672850462645, 4, 'Wolf', 2010, 2924, 1);
INSERT INTO interacts VALUES(672850462645, 4, 'Bang', 2010, 3022, 1);
INSERT INTO interacts VALUES(672850462645, 4, 'xiaohu', 2003, 3133, 1);
INSERT INTO interacts VALUES(672850462645, 4, 'mlxg', 1039, 3282, 1);
INSERT INTO interacts VALUES(672850462645, 4, 'Bang', 3340, 3282, 1);
INSERT INTO interacts VALUES(672850462645, 4, 'Blank', 2031, 3316, 1);
INSERT INTO interacts VALUES(672850462645, 4, 'xiaohu', 3340, 3543, 1);
INSERT INTO interacts VALUES(672850462645, 4, 'mlxg', 2031, 3704, 1);
INSERT INTO interacts VALUES(672850462645, 4, 'mlxg', 3340, 4035, 1);
INSERT INTO interacts VALUES(672850462645, 4, 'Blank', 1039, 4530, 1);
INSERT INTO interacts VALUES(672850462645, 4, 'Duke', 2033, 4625, 1);
INSERT INTO interacts VALUES(672850462645, 4, 'Looper', 2033, 4726, 1);
INSERT INTO interacts VALUES(672850462645, 4, 'Faker', 1027, 5016, 1);
INSERT INTO interacts VALUES(672850462645, 4, 'Looper', 3340, 5022, 1);
INSERT INTO interacts VALUES(672850462645, 4, 'Duke', 3340, 5244, 1);
INSERT INTO interacts VALUES(672850462645, 4, 'Faker', 2031, 5315, 1);
INSERT INTO interacts VALUES(672850462645, 4, 'Faker', 3340, 5711, 1);
INSERT INTO interacts VALUES(672850462645, 4, 'Wolf', 2043, 163357, 1);
INSERT INTO interacts VALUES(672850462645, 4, 'Bang', 1001, 168666, 1);
INSERT INTO interacts VALUES(672850462645, 4, 'Duke', 2043, 189852, 1);
INSERT INTO interacts VALUES(672850462645, 4, 'Faker', 3070, 276272, 1);
INSERT INTO interacts VALUES(672850462645, 4, 'Faker', 1001, 277184, 1);
INSERT INTO interacts VALUES(672850462645, 4, 'Faker', 2043, 277508, 1);
INSERT INTO interacts VALUES(672850462645, 4, 'mlxg', 3711, 279922, 1);
INSERT INTO interacts VALUES(672850462645, 4, 'mlxg', 2032, 281712, 1);
INSERT INTO interacts VALUES(672850462645, 4, 'xiaohu', 1042, 302819, 1);
INSERT INTO interacts VALUES(672850462645, 4, 'xiaohu', 1042, 303037, 1);
INSERT INTO interacts VALUES(672850462645, 4, 'xiaohu', 1052, 304500, 1);
INSERT INTO interacts VALUES(672850462645, 4, 'xiaohu', 2043, 307377, 1);
INSERT INTO interacts VALUES(672850462645, 4, 'Blank', 3711, 307637, 1);
INSERT INTO interacts VALUES(672850462645, 4, 'Blank', 1042, 309431, 1);
INSERT INTO interacts VALUES(672850462645, 4, 'Blank', 2043, 310215, 1);
INSERT INTO interacts VALUES(672850462645, 4, 'Duke', 1082, 317778, 1);
INSERT INTO interacts VALUES(672850462645, 4, 'Duke', 1056, 318072, 1);
INSERT INTO interacts VALUES(672850462645, 4, 'Blank', 1042, 423100, 1);
INSERT INTO interacts VALUES(672850462645, 4, 'Blank', 2032, 424584, 1);
INSERT INTO interacts VALUES(672850462645, 4, 'Blank', 2043, 424921, 1);
INSERT INTO interacts VALUES(672850462645, 4, 'Faker', 1027, 454315, 1);
INSERT INTO interacts VALUES(672850462645, 4, 'Faker', 3009, 455702, 1);
INSERT INTO interacts VALUES(672850462645, 4, 'Faker', 2043, 457072, 1);
INSERT INTO interacts VALUES(672850462645, 4, 'Looper', 1001, 459119, 1);
INSERT INTO interacts VALUES(672850462645, 4, 'Looper', 3211, 461859, 1);
INSERT INTO interacts VALUES(672850462645, 4, 'Looper', 2043, 462657, 1);
INSERT INTO interacts VALUES(672850462645, 4, 'Duke', 3751, 524075, 1);
INSERT INTO interacts VALUES(672850462645, 4, 'Mata', 2049, 534775, 1);
INSERT INTO interacts VALUES(672850462645, 4, 'Mata', 1001, 535068, 1);
INSERT INTO interacts VALUES(672850462645, 4, 'Mata', 2043, 536437, 1);
INSERT INTO interacts VALUES(672850462645, 4, 'Mata', 3341, 540251, 1);
INSERT INTO interacts VALUES(672850462645, 4, 'Wolf', 2049, 551939, 1);
INSERT INTO interacts VALUES(672850462645, 4, 'Bang', 3057, 552933, 1);
INSERT INTO interacts VALUES(672850462645, 4, 'Wolf', 1001, 553598, 1);
INSERT INTO interacts VALUES(672850462645, 4, 'Wolf', 3341, 554288, 1);
INSERT INTO interacts VALUES(672850462645, 4, 'Wolf', 2043, 554552, 1);
INSERT INTO interacts VALUES(672850462645, 4, 'Bang', 3070, 554903, 1);
INSERT INTO interacts VALUES(672850462645, 4, 'Bang', 1029, 558515, 1);
INSERT INTO interacts VALUES(672850462645, 4, 'xiaohu', 3101, 578770, 1);
INSERT INTO interacts VALUES(672850462645, 4, 'xiaohu', 3108, 580140, 1);
INSERT INTO interacts VALUES(672850462645, 4, 'xiaohu', 2043, 581463, 1);
INSERT INTO interacts VALUES(672850462645, 4, 'Wuxx', 1038, 591912, 1);
INSERT INTO interacts VALUES(672850462645, 4, 'Wuxx', 1037, 599668, 1);
INSERT INTO interacts VALUES(672850462645, 4, 'Wuxx', 1042, 601774, 1);
INSERT INTO interacts VALUES(672850462645, 4, 'Wuxx', 2010, 602394, 1);
INSERT INTO interacts VALUES(672850462645, 4, 'Wuxx', 2010, 602555, 1);
INSERT INTO interacts VALUES(672850462645, 4, 'mlxg', 1408, 605919, 1);
INSERT INTO interacts VALUES(672850462645, 4, 'Faker', 3010, 626749, 1);
INSERT INTO interacts VALUES(672850462645, 4, 'Faker', 2043, 627123, 1);
INSERT INTO interacts VALUES(672850462645, 4, 'Looper', 1028, 665558, 1);
INSERT INTO interacts VALUES(672850462645, 4, 'Looper', 1028, 671423, 1);
INSERT INTO interacts VALUES(672850462645, 4, 'Looper', 2043, 674484, 1);
INSERT INTO interacts VALUES(672850462645, 4, 'Blank', 1411, 675265, 1);
INSERT INTO interacts VALUES(672850462645, 4, 'Blank', 1001, 676728, 1);
INSERT INTO interacts VALUES(672850462645, 4, 'Blank', 2043, 678194, 1);
INSERT INTO interacts VALUES(672850462645, 4, 'Blank', 2043, 678260, 1);
INSERT INTO interacts VALUES(672850462645, 4, 'Duke', 1001, 690683, 1);
INSERT INTO interacts VALUES(672850462645, 4, 'Duke', 3024, 692511, 1);
INSERT INTO interacts VALUES(672850462645, 4, 'Faker', 1026, 749788, 1);
INSERT INTO interacts VALUES(672850462645, 4, 'xiaohu', 3115, 752000, 1);
INSERT INTO interacts VALUES(672850462645, 4, 'xiaohu', 3363, 753342, 1);
INSERT INTO interacts VALUES(672850462645, 4, 'xiaohu', 2043, 753767, 1);
INSERT INTO interacts VALUES(672850462645, 4, 'Blank', 3009, 811107, 1);
INSERT INTO interacts VALUES(672850462645, 4, 'Blank', 3341, 811956, 1);
INSERT INTO interacts VALUES(672850462645, 4, 'Mata', 3009, 842357, 1);
INSERT INTO interacts VALUES(672850462645, 4, 'Mata', 2043, 843983, 1);
INSERT INTO interacts VALUES(672850462645, 4, 'Mata', 2010, 844211, 1);
INSERT INTO interacts VALUES(672850462645, 4, 'Mata', 2010, 846994, 1);
INSERT INTO interacts VALUES(672850462645, 4, 'Bang', 3004, 877258, 1);
INSERT INTO interacts VALUES(672850462645, 4, 'Bang', 1027, 879081, 1);
INSERT INTO interacts VALUES(672850462645, 4, 'Bang', 3363, 880806, 1);
INSERT INTO interacts VALUES(672850462645, 4, 'Wolf', 2301, 883257, 1);
INSERT INTO interacts VALUES(672850462645, 4, 'xiaohu', 1057, 894523, 1);
INSERT INTO interacts VALUES(672850462645, 4, 'xiaohu', 2043, 895594, 1);
INSERT INTO interacts VALUES(672850462645, 4, 'Mata', 2043, 908345, 1);
INSERT INTO interacts VALUES(672850462645, 4, 'Wuxx', 3086, 909028, 1);
INSERT INTO interacts VALUES(672850462645, 4, 'Wuxx', 1001, 911643, 1);
INSERT INTO interacts VALUES(672850462645, 4, 'Wuxx', 2010, 912405, 1);
INSERT INTO interacts VALUES(672850462645, 4, 'Wuxx', 2010, 912593, 1);
INSERT INTO interacts VALUES(672850462645, 4, 'Wuxx', 3363, 913128, 1);
INSERT INTO interacts VALUES(672850462645, 4, 'xiaohu', 2003, 922603, 1);
INSERT INTO interacts VALUES(672850462645, 4, 'Duke', 3068, 935699, 1);
INSERT INTO interacts VALUES(672850462645, 4, 'mlxg', 1001, 938475, 1);
INSERT INTO interacts VALUES(672850462645, 4, 'mlxg', 3086, 941065, 1);
INSERT INTO interacts VALUES(672850462645, 4, 'mlxg', 3364, 942715, 1);
INSERT INTO interacts VALUES(672850462645, 4, 'Faker', 3027, 956981, 1);
INSERT INTO interacts VALUES(672850462645, 4, 'Faker', 1308, 958813, 1);
INSERT INTO interacts VALUES(672850462645, 4, 'Looper', 3065, 967614, 1);
INSERT INTO interacts VALUES(672850462645, 4, 'Looper', 3751, 969150, 1);
INSERT INTO interacts VALUES(672850462645, 4, 'Blank', 1051, 1000109, 1);
INSERT INTO interacts VALUES(672850462645, 4, 'Blank', 1042, 1000405, 1);
INSERT INTO interacts VALUES(672850462645, 4, 'Blank', 2043, 1001798, 1);
INSERT INTO interacts VALUES(672850462645, 4, 'Blank', 3364, 1002115, 1);
INSERT INTO interacts VALUES(672850462645, 4, 'Faker', 1058, 1062875, 1);
INSERT INTO interacts VALUES(672850462645, 4, 'Looper', 1033, 1086001, 1);
INSERT INTO interacts VALUES(672850462645, 4, 'Duke', 1308, 1114638, 1);
INSERT INTO interacts VALUES(672850462645, 4, 'mlxg', 1042, 1119837, 1);
INSERT INTO interacts VALUES(672850462645, 4, 'mlxg', 1042, 1120007, 1);
INSERT INTO interacts VALUES(672850462645, 4, 'Mata', 2303, 1122300, 1);
INSERT INTO interacts VALUES(672850462645, 4, 'Bang', 3025, 1141569, 1);
INSERT INTO interacts VALUES(672850462645, 4, 'Bang', 3158, 1142989, 1);
INSERT INTO interacts VALUES(672850462645, 4, 'Bang', 1033, 1144264, 1);
INSERT INTO interacts VALUES(672850462645, 4, 'Bang', 2043, 1144917, 1);
INSERT INTO interacts VALUES(672850462645, 4, 'Blank', 3086, 1148448, 1);
INSERT INTO interacts VALUES(672850462645, 4, 'Wolf', 3158, 1149226, 1);
INSERT INTO interacts VALUES(672850462645, 4, 'Wolf', 3114, 1150822, 1);
INSERT INTO interacts VALUES(672850462645, 4, 'Wolf', 2043, 1151486, 1);
INSERT INTO interacts VALUES(672850462645, 4, 'Blank', 1042, 1151698, 1);
INSERT INTO interacts VALUES(672850462645, 4, 'Blank', 2043, 1153234, 1);
INSERT INTO interacts VALUES(672850462645, 4, 'Wolf', 3364, 1153985, 1);
INSERT INTO interacts VALUES(672850462645, 4, 'Wolf', 2043, 1155191, 1);
INSERT INTO interacts VALUES(672850462645, 4, 'Wuxx', 3031, 1181282, 1);
INSERT INTO interacts VALUES(672850462645, 4, 'Wuxx', 1042, 1183218, 1);
INSERT INTO interacts VALUES(672850462645, 4, 'Wuxx', 2043, 1183740, 1);
INSERT INTO interacts VALUES(672850462645, 4, 'Mata', 2043, 1210681, 1);
INSERT INTO interacts VALUES(672850462645, 4, 'Mata', 2010, 1210916, 1);
INSERT INTO interacts VALUES(672850462645, 4, 'mlxg', 2032, 1219771, 0);
INSERT INTO interacts VALUES(672850462645, 4, 'mlxg', 3046, 1221004, 1);
INSERT INTO interacts VALUES(672850462645, 4, 'mlxg', 2043, 1222860, 1);
INSERT INTO interacts VALUES(672850462645, 4, 'mlxg', 2003, 1223153, 1);
INSERT INTO interacts VALUES(672850462645, 4, 'Faker', 3003, 1243512, 1);
INSERT INTO interacts VALUES(672850462645, 4, 'Faker', 1031, 1245985, 1);
INSERT INTO interacts VALUES(672850462645, 4, 'Wolf', 1033, 1256499, 1);
INSERT INTO interacts VALUES(672850462645, 4, 'Wolf', 2043, 1257052, 1);
INSERT INTO interacts VALUES(672850462645, 4, 'Looper', 3111, 1271728, 1);
INSERT INTO interacts VALUES(672850462645, 4, 'xiaohu', 1058, 1273662, 1);
INSERT INTO interacts VALUES(672850462645, 4, 'xiaohu', 1028, 1274752, 1);
INSERT INTO interacts VALUES(672850462645, 4, 'xiaohu', 1001, 1276216, 1);
INSERT INTO interacts VALUES(672850462645, 4, 'Looper', 1031, 1276347, 1);
INSERT INTO interacts VALUES(672850462645, 4, 'Mata', 1033, 1321885, 1);
INSERT INTO interacts VALUES(672850462645, 4, 'Wuxx', 2015, 1325914, 1);
INSERT INTO interacts VALUES(672850462645, 4, 'Blank', 3085, 1347759, 1);
INSERT INTO interacts VALUES(672850462645, 4, 'Duke', 3025, 1350118, 1);
INSERT INTO interacts VALUES(672850462645, 4, 'Blank', 2032, 1350509, 0);
INSERT INTO interacts VALUES(672850462645, 4, 'Looper', 2043, 1351017, 1);
INSERT INTO interacts VALUES(672850462645, 4, 'Blank', 3134, 1353156, 1);
INSERT INTO interacts VALUES(672850462645, 4, 'Duke', 1056, 1353892, 0);
INSERT INTO interacts VALUES(672850462645, 4, 'Blank', 3052, 1354786, 1);
INSERT INTO interacts VALUES(672850462645, 4, 'Duke', 3211, 1354849, 1);
INSERT INTO interacts VALUES(672850462645, 4, 'Wolf', 3028, 1356504, 1);
INSERT INTO interacts VALUES(672850462645, 4, 'Wolf', 2043, 1357030, 1);
INSERT INTO interacts VALUES(672850462645, 4, 'Bang', 3144, 1359582, 1);
INSERT INTO interacts VALUES(672850462645, 4, 'xiaohu', 1056, 1382057, 0);
INSERT INTO interacts VALUES(672850462645, 4, 'xiaohu', 1011, 1383794, 1);
INSERT INTO interacts VALUES(672850462645, 4, 'xiaohu', 2043, 1385006, 1);
INSERT INTO interacts VALUES(672850462645, 4, 'Wuxx', 3094, 1388855, 1);
INSERT INTO interacts VALUES(672850462645, 4, 'Wuxx', 2043, 1389704, 1);
INSERT INTO interacts VALUES(672850462645, 4, 'Mata', 1028, 1392536, 1);
INSERT INTO interacts VALUES(672850462645, 4, 'Mata', 2010, 1447853, 1);
INSERT INTO interacts VALUES(672850462645, 4, 'mlxg', 1037, 1459826, 1);
INSERT INTO interacts VALUES(672850462645, 4, 'mlxg', 1036, 1460349, 1);
INSERT INTO interacts VALUES(672850462645, 4, 'Looper', 3068, 1478863, 1);
INSERT INTO interacts VALUES(672850462645, 4, 'Bang', 3153, 1520169, 1);
INSERT INTO interacts VALUES(672850462645, 4, 'Wolf', 3222, 1523425, 1);
INSERT INTO interacts VALUES(672850462645, 4, 'Faker', 3026, 1524085, 1);
INSERT INTO interacts VALUES(672850462645, 4, 'Wolf', 1028, 1525772, 1);
INSERT INTO interacts VALUES(672850462645, 4, 'Wolf', 1033, 1526906, 1);
INSERT INTO interacts VALUES(672850462645, 4, 'Blank', 1037, 1536098, 1);
INSERT INTO interacts VALUES(672850462645, 4, 'Blank', 1028, 1536420, 1);
INSERT INTO interacts VALUES(672850462645, 4, 'Duke', 3065, 1542201, 1);
INSERT INTO interacts VALUES(672850462645, 4, 'mlxg', 3035, 1557020, 1);
INSERT INTO interacts VALUES(672850462645, 4, 'mlxg', 2043, 1558491, 1);
INSERT INTO interacts VALUES(672850462645, 4, 'mlxg', 2043, 1558620, 1);
INSERT INTO interacts VALUES(672850462645, 4, 'Looper', 1033, 1560987, 1);
INSERT INTO interacts VALUES(672850462645, 4, 'Looper', 3363, 1562424, 1);
INSERT INTO interacts VALUES(672850462645, 4, 'Wuxx', 1037, 1581000, 1);
INSERT INTO interacts VALUES(672850462645, 4, 'xiaohu', 3116, 1598433, 1);
INSERT INTO interacts VALUES(672850462645, 4, 'xiaohu', 2043, 1599773, 1);
INSERT INTO interacts VALUES(672850462645, 4, 'Wuxx', 3035, 1646627, 1);
INSERT INTO interacts VALUES(672850462645, 4, 'Looper', 1029, 1647642, 1);
INSERT INTO series VALUES(35614722085, '5');
INSERT INTO organizes VALUES('msi_2016', 35614722085, 'bracket_stage - semi-final-2');
INSERT INTO competes VALUES(35614722085, 'CLG', 1);
INSERT INTO competes VALUES(35614722085, 'FW', 0);
INSERT INTO matches VALUES(35614722085, 1, '2016-05-13');
INSERT INTO scores VALUES('CLG', 35614722085, 1, 3, 11, 1, 1, 1, 1);
INSERT INTO scores VALUES('FW', 35614722085, 1, 0, 3, 0, 0, 2, 0);
INSERT INTO bans VALUES(35614722085, 1, 12, 1);
INSERT INTO bans VALUES(35614722085, 1, 7, 3);
INSERT INTO bans VALUES(35614722085, 1, 41, 5);
INSERT INTO bans VALUES(35614722085, 1, 236, 2);
INSERT INTO bans VALUES(35614722085, 1, 57, 4);
INSERT INTO bans VALUES(35614722085, 1, 104, 6);
INSERT INTO plays VALUES(35614722085, 1, 'Darshan', 245, 'Top', 4, 2, 4, 11538, 16, 2, 260, 0, 6, 13246);
INSERT INTO plays VALUES(35614722085, 1, 'Xmithie', 203, 'Jungle', 1, 1, 6, 4132, 27, 15, 27, 82, 24, 11952);
INSERT INTO plays VALUES(35614722085, 1, 'Huhi', 13, 'Mid', 2, 0, 6, 12038, 21, 7, 307, 21, 6, 14563);
INSERT INTO plays VALUES(35614722085, 1, 'Stixxay', 429, 'ADC', 2, 1, 8, 15628, 15, 13, 292, 4, 4, 14141);
INSERT INTO plays VALUES(35614722085, 1, 'aphromoo', 432, 'Support', 2, 1, 8, 6117, 33, 15, 19, 0, 1, 9818);
INSERT INTO plays VALUES(35614722085, 1, 'MMD', 78, 'Top', 1, 2, 3, 9256, 13, 2, 184, 11, 0, 9930);
INSERT INTO plays VALUES(35614722085, 1, 'Karsa', 60, 'Jungle', 2, 2, 2, 7502, 35, 15, 33, 72, 7, 9561);
INSERT INTO plays VALUES(35614722085, 1, 'Maple', 268, 'Mid', 0, 3, 4, 10938, 18, 9, 285, 19, 0, 11420);
INSERT INTO plays VALUES(35614722085, 1, 'NL', 15, 'ADC', 2, 2, 3, 10429, 15, 3, 292, 7, 0, 11934);
INSERT INTO plays VALUES(35614722085, 1, 'SwordArt', 16, 'Support', 0, 2, 3, 2120, 36, 6, 18, 0, 0, 6957);
INSERT INTO interacts VALUES(35614722085, 1, 'Maple', 1056, 1400, 1);
INSERT INTO interacts VALUES(35614722085, 1, 'Maple', 2003, 1615, 1);
INSERT INTO interacts VALUES(35614722085, 1, 'aphromoo', 3340, 1627, 1);
INSERT INTO interacts VALUES(35614722085, 1, 'SwordArt', 3340, 1627, 1);
INSERT INTO interacts VALUES(35614722085, 1, 'Maple', 2003, 1725, 1);
INSERT INTO interacts VALUES(35614722085, 1, 'Maple', 3340, 1921, 1);
INSERT INTO interacts VALUES(35614722085, 1, 'NL', 3340, 1984, 1);
INSERT INTO interacts VALUES(35614722085, 1, 'SwordArt', 2010, 1984, 1);
INSERT INTO interacts VALUES(35614722085, 1, 'Stixxay', 3340, 2149, 1);
INSERT INTO interacts VALUES(35614722085, 1, 'SwordArt', 2010, 2149, 1);
INSERT INTO interacts VALUES(35614722085, 1, 'MMD', 3340, 2184, 1);
INSERT INTO interacts VALUES(35614722085, 1, 'aphromoo', 3303, 2217, 1);
INSERT INTO interacts VALUES(35614722085, 1, 'SwordArt', 2010, 2280, 1);
INSERT INTO interacts VALUES(35614722085, 1, 'Karsa', 1039, 2314, 1);
INSERT INTO interacts VALUES(35614722085, 1, 'Huhi', 1027, 2314, 1);
INSERT INTO interacts VALUES(35614722085, 1, 'MMD', 2033, 2391, 1);
INSERT INTO interacts VALUES(35614722085, 1, 'aphromoo', 2010, 2445, 1);
INSERT INTO interacts VALUES(35614722085, 1, 'NL', 1055, 2477, 1);
INSERT INTO interacts VALUES(35614722085, 1, 'aphromoo', 2010, 2543, 1);
INSERT INTO interacts VALUES(35614722085, 1, 'Stixxay', 2010, 2576, 1);
INSERT INTO interacts VALUES(35614722085, 1, 'Huhi', 2010, 2609, 1);
INSERT INTO interacts VALUES(35614722085, 1, 'aphromoo', 2010, 2665, 1);
INSERT INTO interacts VALUES(35614722085, 1, 'Huhi', 2010, 2771, 1);
INSERT INTO interacts VALUES(35614722085, 1, 'NL', 2010, 2771, 1);
INSERT INTO interacts VALUES(35614722085, 1, 'Stixxay', 1055, 2836, 1);
INSERT INTO interacts VALUES(35614722085, 1, 'Huhi', 2010, 2925, 1);
INSERT INTO interacts VALUES(35614722085, 1, 'Huhi', 3340, 3293, 1);
INSERT INTO interacts VALUES(35614722085, 1, 'Karsa', 2031, 3299, 1);
INSERT INTO interacts VALUES(35614722085, 1, 'Darshan', 2033, 3331, 1);
INSERT INTO interacts VALUES(35614722085, 1, 'SwordArt', 3303, 3473, 1);
INSERT INTO interacts VALUES(35614722085, 1, 'Xmithie', 3340, 3636, 1);
INSERT INTO interacts VALUES(35614722085, 1, 'Karsa', 3340, 3636, 1);
INSERT INTO interacts VALUES(35614722085, 1, 'Darshan', 3340, 4097, 1);
INSERT INTO interacts VALUES(35614722085, 1, 'Xmithie', 1039, 5346, 1);
INSERT INTO interacts VALUES(35614722085, 1, 'Xmithie', 2031, 5611, 1);
INSERT INTO interacts VALUES(35614722085, 1, 'SwordArt', 2043, 161625, 1);
INSERT INTO interacts VALUES(35614722085, 1, 'NL', 2010, 163098, 1);
INSERT INTO interacts VALUES(35614722085, 1, 'NL', 2010, 163230, 1);
INSERT INTO interacts VALUES(35614722085, 1, 'NL', 2043, 164011, 1);
INSERT INTO interacts VALUES(35614722085, 1, 'MMD', 2043, 168182, 1);
INSERT INTO interacts VALUES(35614722085, 1, 'Darshan', 1082, 247707, 1);
INSERT INTO interacts VALUES(35614722085, 1, 'Darshan', 2043, 249270, 1);
INSERT INTO interacts VALUES(35614722085, 1, 'Huhi', 3070, 258314, 1);
INSERT INTO interacts VALUES(35614722085, 1, 'Huhi', 1028, 262949, 1);
INSERT INTO interacts VALUES(35614722085, 1, 'Karsa', 3711, 296128, 1);
INSERT INTO interacts VALUES(35614722085, 1, 'Karsa', 1052, 296947, 1);
INSERT INTO interacts VALUES(35614722085, 1, 'Xmithie', 3711, 308369, 1);
INSERT INTO interacts VALUES(35614722085, 1, 'Xmithie', 1001, 309446, 1);
INSERT INTO interacts VALUES(35614722085, 1, 'Xmithie', 2043, 310615, 1);
INSERT INTO interacts VALUES(35614722085, 1, 'Maple', 3101, 392930, 1);
INSERT INTO interacts VALUES(35614722085, 1, 'Maple', 1001, 397573, 1);
INSERT INTO interacts VALUES(35614722085, 1, 'Huhi', 3010, 416686, 1);
INSERT INTO interacts VALUES(35614722085, 1, 'Huhi', 2043, 417503, 1);
INSERT INTO interacts VALUES(35614722085, 1, 'Huhi', 2010, 417699, 1);
INSERT INTO interacts VALUES(35614722085, 1, 'Huhi', 2010, 417862, 1);
INSERT INTO interacts VALUES(35614722085, 1, 'SwordArt', 2049, 454924, 1);
INSERT INTO interacts VALUES(35614722085, 1, 'NL', 1038, 455023, 1);
INSERT INTO interacts VALUES(35614722085, 1, 'NL', 1001, 455871, 1);
INSERT INTO interacts VALUES(35614722085, 1, 'SwordArt', 3341, 456012, 1);
INSERT INTO interacts VALUES(35614722085, 1, 'SwordArt', 2010, 458253, 0);
INSERT INTO interacts VALUES(35614722085, 1, 'SwordArt', 2043, 459036, 1);
INSERT INTO interacts VALUES(35614722085, 1, 'MMD', 1001, 477677, 1);
INSERT INTO interacts VALUES(35614722085, 1, 'MMD', 3211, 480169, 1);
INSERT INTO interacts VALUES(35614722085, 1, 'Darshan', 3057, 486483, 1);
INSERT INTO interacts VALUES(35614722085, 1, 'aphromoo', 2049, 487715, 1);
INSERT INTO interacts VALUES(35614722085, 1, 'Darshan', 1001, 487851, 1);
INSERT INTO interacts VALUES(35614722085, 1, 'Stixxay', 1043, 488105, 1);
INSERT INTO interacts VALUES(35614722085, 1, 'aphromoo', 2043, 488544, 1);
INSERT INTO interacts VALUES(35614722085, 1, 'Stixxay', 1036, 488821, 1);
INSERT INTO interacts VALUES(35614722085, 1, 'aphromoo', 3341, 489993, 1);
INSERT INTO interacts VALUES(35614722085, 1, 'Stixxay', 1036, 490024, 1);
INSERT INTO interacts VALUES(35614722085, 1, 'aphromoo', 2010, 491358, 1);
INSERT INTO interacts VALUES(35614722085, 1, 'aphromoo', 2010, 491491, 1);
INSERT INTO interacts VALUES(35614722085, 1, 'Stixxay', 1001, 491588, 1);
INSERT INTO interacts VALUES(35614722085, 1, 'Stixxay', 2010, 491851, 1);
INSERT INTO interacts VALUES(35614722085, 1, 'Karsa', 1410, 535019, 1);
INSERT INTO interacts VALUES(35614722085, 1, 'Maple', 3108, 572127, 1);
INSERT INTO interacts VALUES(35614722085, 1, 'Maple', 2043, 572519, 1);
INSERT INTO interacts VALUES(35614722085, 1, 'Huhi', 3111, 596204, 1);
INSERT INTO interacts VALUES(35614722085, 1, 'Huhi', 2010, 597222, 1);
INSERT INTO interacts VALUES(35614722085, 1, 'Darshan', 1028, 607096, 1);
INSERT INTO interacts VALUES(35614722085, 1, 'Xmithie', 1411, 609019, 1);
INSERT INTO interacts VALUES(35614722085, 1, 'Xmithie', 2043, 614208, 1);
INSERT INTO interacts VALUES(35614722085, 1, 'Karsa', 1001, 652787, 1);
INSERT INTO interacts VALUES(35614722085, 1, 'Karsa', 2043, 653114, 1);
INSERT INTO interacts VALUES(35614722085, 1, 'NL', 3133, 668804, 1);
INSERT INTO interacts VALUES(35614722085, 1, 'SwordArt', 3098, 671848, 1);
INSERT INTO interacts VALUES(35614722085, 1, 'SwordArt', 2043, 672139, 1);
INSERT INTO interacts VALUES(35614722085, 1, 'Darshan', 3751, 707082, 1);
INSERT INTO interacts VALUES(35614722085, 1, 'MMD', 1028, 708928, 1);
INSERT INTO interacts VALUES(35614722085, 1, 'MMD', 1028, 711421, 1);
INSERT INTO interacts VALUES(35614722085, 1, 'Karsa', 2043, 713073, 1);
INSERT INTO interacts VALUES(35614722085, 1, 'Huhi', 1026, 748557, 1);
INSERT INTO interacts VALUES(35614722085, 1, 'Huhi', 2010, 751101, 1);
INSERT INTO interacts VALUES(35614722085, 1, 'Huhi', 2010, 751298, 1);
INSERT INTO interacts VALUES(35614722085, 1, 'Huhi', 2043, 751495, 1);
INSERT INTO interacts VALUES(35614722085, 1, 'Huhi', 3363, 754171, 1);
INSERT INTO interacts VALUES(35614722085, 1, 'Stixxay', 3153, 759472, 1);
INSERT INTO interacts VALUES(35614722085, 1, 'Stixxay', 2043, 761271, 1);
INSERT INTO interacts VALUES(35614722085, 1, 'Stixxay', 2010, 761691, 1);
INSERT INTO interacts VALUES(35614722085, 1, 'Stixxay', 1042, 763319, 1);
INSERT INTO interacts VALUES(35614722085, 1, 'Maple', 3115, 776548, 1);
INSERT INTO interacts VALUES(35614722085, 1, 'Maple', 2043, 777469, 1);
INSERT INTO interacts VALUES(35614722085, 1, 'aphromoo', 3117, 780631, 1);
INSERT INTO interacts VALUES(35614722085, 1, 'aphromoo', 2043, 781305, 1);
INSERT INTO interacts VALUES(35614722085, 1, 'aphromoo', 2010, 781660, 1);
INSERT INTO interacts VALUES(35614722085, 1, 'aphromoo', 2010, 781988, 1);
INSERT INTO interacts VALUES(35614722085, 1, 'aphromoo', 2010, 782185, 1);
INSERT INTO interacts VALUES(35614722085, 1, 'Darshan', 1029, 787061, 1);
INSERT INTO interacts VALUES(35614722085, 1, 'Xmithie', 1036, 813348, 1);
INSERT INTO interacts VALUES(35614722085, 1, 'SwordArt', 1001, 813585, 1);
INSERT INTO interacts VALUES(35614722085, 1, 'NL', 2010, 814414, 0);
INSERT INTO interacts VALUES(35614722085, 1, 'NL', 2010, 814498, 0);
INSERT INTO interacts VALUES(35614722085, 1, 'Xmithie', 3009, 815052, 1);
INSERT INTO interacts VALUES(35614722085, 1, 'SwordArt', 2010, 815413, 0);
INSERT INTO interacts VALUES(35614722085, 1, 'Xmithie', 2043, 815609, 1);
INSERT INTO interacts VALUES(35614722085, 1, 'NL', 3508, 816004, 1);
INSERT INTO interacts VALUES(35614722085, 1, 'SwordArt', 2301, 820715, 1);
INSERT INTO interacts VALUES(35614722085, 1, 'MMD', 3751, 822171, 1);
INSERT INTO interacts VALUES(35614722085, 1, 'Karsa', 3009, 871587, 1);
INSERT INTO interacts VALUES(35614722085, 1, 'Karsa', 1028, 872527, 1);
INSERT INTO interacts VALUES(35614722085, 1, 'Karsa', 3364, 872853, 1);
INSERT INTO interacts VALUES(35614722085, 1, 'Huhi', 2010, 885049, 0);
INSERT INTO interacts VALUES(35614722085, 1, 'Huhi', 3027, 886429, 1);
INSERT INTO interacts VALUES(35614722085, 1, 'Maple', 1058, 906001, 1);
INSERT INTO interacts VALUES(35614722085, 1, 'Maple', 2043, 907303, 1);
INSERT INTO interacts VALUES(35614722085, 1, 'Maple', 3363, 910598, 1);
INSERT INTO interacts VALUES(35614722085, 1, 'NL', 3006, 968107, 1);
INSERT INTO interacts VALUES(35614722085, 1, 'NL', 3363, 969448, 1);
INSERT INTO interacts VALUES(35614722085, 1, 'NL', 2043, 969887, 1);
INSERT INTO interacts VALUES(35614722085, 1, 'Darshan', 3025, 971712, 1);
INSERT INTO interacts VALUES(35614722085, 1, 'Darshan', 2043, 972573, 1);
INSERT INTO interacts VALUES(35614722085, 1, 'SwordArt', 1033, 973841, 1);
INSERT INTO interacts VALUES(35614722085, 1, 'Xmithie', 3155, 987954, 1);
INSERT INTO interacts VALUES(35614722085, 1, 'Xmithie', 3364, 988931, 1);
INSERT INTO interacts VALUES(35614722085, 1, 'Xmithie', 2032, 989710, 1);
INSERT INTO interacts VALUES(35614722085, 1, 'aphromoo', 2301, 995039, 1);
INSERT INTO interacts VALUES(35614722085, 1, 'aphromoo', 2043, 995811, 1);
INSERT INTO interacts VALUES(35614722085, 1, 'MMD', 3065, 1000832, 1);
INSERT INTO interacts VALUES(35614722085, 1, 'Karsa', 1033, 1002296, 1);
INSERT INTO interacts VALUES(35614722085, 1, 'Karsa', 2043, 1003475, 1);
INSERT INTO interacts VALUES(35614722085, 1, 'Karsa', 2043, 1003637, 1);
INSERT INTO interacts VALUES(35614722085, 1, 'Stixxay', 3009, 1003825, 1);
INSERT INTO interacts VALUES(35614722085, 1, 'Stixxay', 3086, 1005320, 1);
INSERT INTO interacts VALUES(35614722085, 1, 'Stixxay', 1042, 1006465, 1);
INSERT INTO interacts VALUES(35614722085, 1, 'Stixxay', 2010, 1007907, 0);
INSERT INTO interacts VALUES(35614722085, 1, 'Stixxay', 3363, 1008896, 1);
INSERT INTO interacts VALUES(35614722085, 1, 'Stixxay', 2043, 1009238, 1);
INSERT INTO interacts VALUES(35614722085, 1, 'Huhi', 1323, 1014031, 1);
INSERT INTO interacts VALUES(35614722085, 1, 'Huhi', 2010, 1015015, 1);
INSERT INTO interacts VALUES(35614722085, 1, 'Huhi', 2043, 1016255, 1);
INSERT INTO interacts VALUES(35614722085, 1, 'SwordArt', 1028, 1100665, 1);
INSERT INTO interacts VALUES(35614722085, 1, 'Maple', 1011, 1112610, 1);
INSERT INTO interacts VALUES(35614722085, 1, 'Maple', 2003, 1114004, 0);
INSERT INTO interacts VALUES(35614722085, 1, 'Maple', 2003, 1114130, 0);
INSERT INTO interacts VALUES(35614722085, 1, 'Maple', 3009, 1119232, 1);
INSERT INTO interacts VALUES(35614722085, 1, 'Karsa', 3105, 1119497, 1);
INSERT INTO interacts VALUES(35614722085, 1, 'Huhi', 1058, 1163061, 1);
INSERT INTO interacts VALUES(35614722085, 1, 'Huhi', 2010, 1165247, 1);
INSERT INTO interacts VALUES(35614722085, 1, 'Huhi', 2010, 1165343, 1);
INSERT INTO interacts VALUES(35614722085, 1, 'Darshan', 3211, 1175955, 1);
INSERT INTO interacts VALUES(35614722085, 1, 'Maple', 1028, 1201832, 1);
INSERT INTO interacts VALUES(35614722085, 1, 'Maple', 1052, 1203280, 1);
INSERT INTO interacts VALUES(35614722085, 1, 'aphromoo', 3801, 1212601, 1);
INSERT INTO interacts VALUES(35614722085, 1, 'aphromoo', 2043, 1213432, 1);
INSERT INTO interacts VALUES(35614722085, 1, 'Darshan', 3009, 1213538, 1);
INSERT INTO interacts VALUES(35614722085, 1, 'aphromoo', 2010, 1213691, 1);
INSERT INTO interacts VALUES(35614722085, 1, 'aphromoo', 3364, 1215261, 1);
INSERT INTO interacts VALUES(35614722085, 1, 'SwordArt', 3801, 1222607, 1);
INSERT INTO interacts VALUES(35614722085, 1, 'Stixxay', 3085, 1223590, 1);
INSERT INTO interacts VALUES(35614722085, 1, 'SwordArt', 2043, 1223590, 1);
INSERT INTO interacts VALUES(35614722085, 1, 'SwordArt', 2010, 1224481, 1);
INSERT INTO interacts VALUES(35614722085, 1, 'SwordArt', 2010, 1224644, 1);
INSERT INTO interacts VALUES(35614722085, 1, 'Stixxay', 1036, 1224916, 1);
INSERT INTO interacts VALUES(35614722085, 1, 'Karsa', 1052, 1233158, 1);
INSERT INTO interacts VALUES(35614722085, 1, 'NL', 3086, 1243099, 1);
INSERT INTO interacts VALUES(35614722085, 1, 'NL', 1042, 1244691, 1);
INSERT INTO interacts VALUES(35614722085, 1, 'NL', 2043, 1245216, 1);
INSERT INTO interacts VALUES(35614722085, 1, 'Xmithie', 3134, 1246622, 1);
INSERT INTO interacts VALUES(35614722085, 1, 'Xmithie', 2043, 1247697, 1);
INSERT INTO interacts VALUES(35614722085, 1, 'SwordArt', 3364, 1298151, 1);
INSERT INTO interacts VALUES(35614722085, 1, 'SwordArt', 3105, 1302023, 1);
INSERT INTO interacts VALUES(35614722085, 1, 'Huhi', 3003, 1313831, 1);
INSERT INTO interacts VALUES(35614722085, 1, 'Huhi', 2010, 1314584, 1);
INSERT INTO interacts VALUES(35614722085, 1, 'Maple', 3116, 1319555, 1);
INSERT INTO interacts VALUES(35614722085, 1, 'Karsa', 3108, 1320235, 1);
INSERT INTO interacts VALUES(35614722085, 1, 'Maple', 2043, 1320594, 1);
INSERT INTO interacts VALUES(35614722085, 1, 'Maple', 2003, 1320931, 1);
INSERT INTO interacts VALUES(35614722085, 1, 'MMD', 3068, 1321205, 1);
INSERT INTO interacts VALUES(35614722085, 1, 'Karsa', 1028, 1321542, 1);
INSERT INTO interacts VALUES(35614722085, 1, 'Karsa', 2031, 1323541, 0);
INSERT INTO interacts VALUES(35614722085, 1, 'MMD', 1027, 1323916, 1);
INSERT INTO interacts VALUES(35614722085, 1, 'Karsa', 2043, 1324062, 1);
INSERT INTO interacts VALUES(35614722085, 1, 'aphromoo', 1033, 1334213, 1);
INSERT INTO interacts VALUES(35614722085, 1, 'NL', 3087, 1334900, 1);
INSERT INTO interacts VALUES(35614722085, 1, 'aphromoo', 2043, 1335296, 1);
INSERT INTO interacts VALUES(35614722085, 1, 'NL', 2010, 1336139, 1);
INSERT INTO interacts VALUES(35614722085, 1, 'Darshan', 3068, 1467892, 1);
INSERT INTO interacts VALUES(35614722085, 1, 'Darshan', 1308, 1469171, 1);
INSERT INTO interacts VALUES(35614722085, 1, 'MMD', 3009, 1471622, 1);
INSERT INTO interacts VALUES(35614722085, 1, 'Xmithie', 3156, 1475168, 1);
INSERT INTO interacts VALUES(35614722085, 1, 'Xmithie', 1042, 1476356, 1);
INSERT INTO interacts VALUES(35614722085, 1, 'Xmithie', 2043, 1476677, 1);
INSERT INTO interacts VALUES(35614722085, 1, 'Karsa', 3060, 1477216, 1);
INSERT INTO interacts VALUES(35614722085, 1, 'SwordArt', 2010, 1485786, 0);
INSERT INTO interacts VALUES(35614722085, 1, 'aphromoo', 3105, 1485854, 1);
INSERT INTO interacts VALUES(35614722085, 1, 'Huhi', 1031, 1486021, 1);
INSERT INTO interacts VALUES(35614722085, 1, 'Huhi', 1033, 1486898, 1);
INSERT INTO interacts VALUES(35614722085, 1, 'aphromoo', 2043, 1487061, 1);
INSERT INTO interacts VALUES(35614722085, 1, 'SwordArt', 3158, 1487187, 1);
INSERT INTO interacts VALUES(35614722085, 1, 'Huhi', 2010, 1491088, 0);
INSERT INTO interacts VALUES(35614722085, 1, 'Huhi', 1057, 1496729, 1);
INSERT INTO interacts VALUES(35614722085, 1, 'Stixxay', 3155, 1500263, 1);
INSERT INTO interacts VALUES(35614722085, 1, 'Stixxay', 3134, 1500632, 1);
INSERT INTO interacts VALUES(35614722085, 1, 'Maple', 1026, 1501825, 1);
INSERT INTO interacts VALUES(35614722085, 1, 'Maple', 1026, 1505570, 1);
INSERT INTO interacts VALUES(35614722085, 1, 'Maple', 2003, 1506421, 0);
INSERT INTO interacts VALUES(35614722085, 1, 'Maple', 2043, 1507469, 1);
INSERT INTO interacts VALUES(35614722085, 1, 'MMD', 2043, 1515251, 1);
INSERT INTO interacts VALUES(35614722085, 1, 'NL', 1038, 1523402, 1);
INSERT INTO interacts VALUES(35614722085, 1, 'MMD', 3024, 1599418, 1);
INSERT INTO interacts VALUES(35614722085, 1, 'Karsa', 3024, 1643763, 1);
INSERT INTO interacts VALUES(35614722085, 1, 'Karsa', 1029, 1644810, 1);
INSERT INTO interacts VALUES(35614722085, 1, 'SwordArt', 1028, 1646482, 1);
INSERT INTO interacts VALUES(35614722085, 1, 'SwordArt', 2043, 1646976, 1);
INSERT INTO interacts VALUES(35614722085, 1, 'SwordArt', 2043, 1647135, 1);
INSERT INTO interacts VALUES(35614722085, 1, 'Darshan', 3065, 1658752, 1);
INSERT INTO interacts VALUES(35614722085, 1, 'Karsa', 2043, 1679893, 1);
INSERT INTO interacts VALUES(35614722085, 1, 'Karsa', 2043, 1680024, 1);
INSERT INTO interacts VALUES(35614722085, 1, 'Stixxay', 3156, 1699122, 1);
INSERT INTO interacts VALUES(35614722085, 1, 'Huhi', 3026, 1699556, 1);
INSERT INTO interacts VALUES(35614722085, 1, 'aphromoo', 3190, 1700213, 1);
INSERT INTO interacts VALUES(35614722085, 1, 'Xmithie', 3046, 1701254, 1);
INSERT INTO interacts VALUES(35614722085, 1, 'Huhi', 1026, 1701478, 1);
INSERT INTO interacts VALUES(35614722085, 1, 'Stixxay', 3140, 1702425, 1);
INSERT INTO interacts VALUES(35614722085, 1, 'Huhi', 2043, 1702820, 1);
INSERT INTO interacts VALUES(35614722085, 1, 'aphromoo', 3024, 1702883, 1);
INSERT INTO interacts VALUES(35614722085, 1, 'aphromoo', 2010, 1704041, 1);
INSERT INTO interacts VALUES(35614722085, 1, 'aphromoo', 2043, 1704302, 1);
INSERT INTO interacts VALUES(35614722085, 1, 'Xmithie', 2043, 1704657, 1);
INSERT INTO interacts VALUES(35614722085, 1, 'Xmithie', 2043, 1704793, 1);
INSERT INTO interacts VALUES(35614722085, 1, 'Xmithie', 2140, 1705680, 1);
INSERT INTO interacts VALUES(35614722085, 1, 'aphromoo', 2138, 1716617, 1);
INSERT INTO interacts VALUES(35614722085, 1, 'SwordArt', 3190, 1719777, 1);
INSERT INTO interacts VALUES(35614722085, 1, 'NL', 1037, 1723985, 1);
INSERT INTO interacts VALUES(35614722085, 1, 'Huhi', 2139, 1731584, 1);
INSERT INTO interacts VALUES(35614722085, 1, 'MMD', 2043, 1737777, 0);
INSERT INTO interacts VALUES(35614722085, 1, 'Maple', 3135, 1743653, 1);
INSERT INTO interacts VALUES(35614722085, 1, 'MMD', 3057, 1744627, 1);
INSERT INTO interacts VALUES(35614722085, 1, 'NL', 3031, 1856403, 1);
INSERT INTO interacts VALUES(35614722085, 1, 'Karsa', 2043, 1856403, 0);
INSERT INTO interacts VALUES(35614722085, 1, 'Karsa', 3057, 1858513, 1);
INSERT INTO interacts VALUES(35614722085, 1, 'MMD', 3025, 1859921, 1);
INSERT INTO interacts VALUES(35614722085, 1, 'Xmithie', 2043, 1863303, 0);
INSERT INTO interacts VALUES(35614722085, 1, 'Xmithie', 3052, 1868717, 1);
INSERT INTO matches VALUES(35614722085, 2, '2016-05-13');
INSERT INTO scores VALUES('CLG', 35614722085, 2, 0, 2, 1, 0, 1, 0);
INSERT INTO scores VALUES('FW', 35614722085, 2, 4, 11, 2, 1, 4, 1);
INSERT INTO bans VALUES(35614722085, 2, 12, 1);
INSERT INTO bans VALUES(35614722085, 2, 7, 3);
INSERT INTO bans VALUES(35614722085, 2, 16, 5);
INSERT INTO bans VALUES(35614722085, 2, 236, 2);
INSERT INTO bans VALUES(35614722085, 2, 57, 4);
INSERT INTO bans VALUES(35614722085, 2, 432, 6);
INSERT INTO plays VALUES(35614722085, 2, 'Darshan', 245, 'Top', 1, 2, 2, 5396, 16, 7, 237, 1, 0, 11183);
INSERT INTO plays VALUES(35614722085, 2, 'Xmithie', 104, 'Jungle', 3, 3, 1, 10259, 32, 20, 66, 76, 13, 11380);
INSERT INTO plays VALUES(35614722085, 2, 'Huhi', 268, 'Mid', 1, 3, 3, 16716, 17, 11, 317, 15, 1, 12467);
INSERT INTO plays VALUES(35614722085, 2, 'Stixxay', 51, 'ADC', 0, 3, 1, 10370, 16, 10, 284, 11, 3, 12069);
INSERT INTO plays VALUES(35614722085, 2, 'aphromoo', 40, 'Support', 0, 3, 4, 1359, 37, 14, 16, 1, 0, 7538);
INSERT INTO plays VALUES(35614722085, 2, 'MMD', 78, 'Top', 5, 0, 6, 9744, 19, 9, 201, 7, 4, 13876);
INSERT INTO plays VALUES(35614722085, 2, 'Karsa', 203, 'Jungle', 2, 2, 7, 8664, 36, 17, 46, 68, 36, 13116);
INSERT INTO plays VALUES(35614722085, 2, 'Maple', 13, 'Mid', 6, 1, 2, 19918, 21, 11, 274, 16, 19, 15975);
INSERT INTO plays VALUES(35614722085, 2, 'NL', 81, 'ADC', 0, 1, 5, 16998, 17, 3, 326, 12, 5, 15234);
INSERT INTO plays VALUES(35614722085, 2, 'SwordArt', 43, 'Support', 1, 1, 10, 4198, 50, 9, 12, 1, 2, 10042);
INSERT INTO interacts VALUES(35614722085, 2, 'SwordArt', 3340, 1614, 1);
INSERT INTO interacts VALUES(35614722085, 2, 'Xmithie', 3340, 1663, 1);
INSERT INTO interacts VALUES(35614722085, 2, 'SwordArt', 2010, 1890, 1);
INSERT INTO interacts VALUES(35614722085, 2, 'SwordArt', 2010, 2022, 1);
INSERT INTO interacts VALUES(35614722085, 2, 'SwordArt', 2010, 2185, 1);
INSERT INTO interacts VALUES(35614722085, 2, 'MMD', 2033, 2185, 1);
INSERT INTO interacts VALUES(35614722085, 2, 'NL', 3340, 2222, 1);
INSERT INTO interacts VALUES(35614722085, 2, 'MMD', 3340, 2351, 1);
INSERT INTO interacts VALUES(35614722085, 2, 'Darshan', 3340, 2404, 1);
INSERT INTO interacts VALUES(35614722085, 2, 'SwordArt', 3303, 2404, 1);
INSERT INTO interacts VALUES(35614722085, 2, 'NL', 1055, 2582, 1);
INSERT INTO interacts VALUES(35614722085, 2, 'Huhi', 2010, 2668, 1);
INSERT INTO interacts VALUES(35614722085, 2, 'NL', 2010, 2846, 1);
INSERT INTO interacts VALUES(35614722085, 2, 'Huhi', 1056, 2879, 1);
INSERT INTO interacts VALUES(35614722085, 2, 'aphromoo', 3340, 2981, 1);
INSERT INTO interacts VALUES(35614722085, 2, 'Huhi', 2010, 3078, 1);
INSERT INTO interacts VALUES(35614722085, 2, 'aphromoo', 3303, 3304, 1);
INSERT INTO interacts VALUES(35614722085, 2, 'Huhi', 3340, 3370, 1);
INSERT INTO interacts VALUES(35614722085, 2, 'Stixxay', 3340, 3403, 1);
INSERT INTO interacts VALUES(35614722085, 2, 'aphromoo', 2010, 3500, 1);
INSERT INTO interacts VALUES(35614722085, 2, 'Karsa', 1039, 3598, 1);
INSERT INTO interacts VALUES(35614722085, 2, 'aphromoo', 2010, 3713, 1);
INSERT INTO interacts VALUES(35614722085, 2, 'Stixxay', 2010, 3761, 1);
INSERT INTO interacts VALUES(35614722085, 2, 'Karsa', 2031, 3761, 1);
INSERT INTO interacts VALUES(35614722085, 2, 'Xmithie', 1039, 3891, 1);
INSERT INTO interacts VALUES(35614722085, 2, 'Maple', 1027, 4025, 1);
INSERT INTO interacts VALUES(35614722085, 2, 'Karsa', 3340, 4058, 1);
INSERT INTO interacts VALUES(35614722085, 2, 'aphromoo', 2010, 4093, 1);
INSERT INTO interacts VALUES(35614722085, 2, 'Stixxay', 1055, 4093, 1);
INSERT INTO interacts VALUES(35614722085, 2, 'Xmithie', 2031, 4188, 1);
INSERT INTO interacts VALUES(35614722085, 2, 'Darshan', 2033, 4352, 1);
INSERT INTO interacts VALUES(35614722085, 2, 'Maple', 2031, 5071, 1);
INSERT INTO interacts VALUES(35614722085, 2, 'Maple', 3340, 5365, 1);
INSERT INTO interacts VALUES(35614722085, 2, 'Huhi', 1056, 184963, 1);
INSERT INTO interacts VALUES(35614722085, 2, 'SwordArt', 1001, 210422, 1);
INSERT INTO interacts VALUES(35614722085, 2, 'SwordArt', 2043, 211375, 1);
INSERT INTO interacts VALUES(35614722085, 2, 'NL', 3070, 212287, 1);
INSERT INTO interacts VALUES(35614722085, 2, 'Maple', 3070, 216124, 1);
INSERT INTO interacts VALUES(35614722085, 2, 'Karsa', 3711, 216682, 1);
INSERT INTO interacts VALUES(35614722085, 2, 'NL', 2010, 218169, 1);
INSERT INTO interacts VALUES(35614722085, 2, 'Maple', 1001, 219426, 1);
INSERT INTO interacts VALUES(35614722085, 2, 'Stixxay', 1083, 222226, 1);
INSERT INTO interacts VALUES(35614722085, 2, 'Stixxay', 2043, 223075, 1);
INSERT INTO interacts VALUES(35614722085, 2, 'Stixxay', 2010, 225129, 1);
INSERT INTO interacts VALUES(35614722085, 2, 'aphromoo', 1028, 226896, 1);
INSERT INTO interacts VALUES(35614722085, 2, 'Darshan', 1082, 262127, 1);
INSERT INTO interacts VALUES(35614722085, 2, 'Darshan', 1001, 263758, 1);
INSERT INTO interacts VALUES(35614722085, 2, 'MMD', 1001, 264209, 1);
INSERT INTO interacts VALUES(35614722085, 2, 'MMD', 1028, 264799, 1);
INSERT INTO interacts VALUES(35614722085, 2, 'Xmithie', 3711, 273041, 1);
INSERT INTO interacts VALUES(35614722085, 2, 'Xmithie', 1001, 273527, 1);
INSERT INTO interacts VALUES(35614722085, 2, 'Xmithie', 2043, 273953, 1);
INSERT INTO interacts VALUES(35614722085, 2, 'Huhi', 1042, 276857, 1);
INSERT INTO interacts VALUES(35614722085, 2, 'Huhi', 1042, 276994, 1);
INSERT INTO interacts VALUES(35614722085, 2, 'NL', 1001, 345021, 1);
INSERT INTO interacts VALUES(35614722085, 2, 'NL', 1083, 347295, 1);
INSERT INTO interacts VALUES(35614722085, 2, 'Huhi', 3101, 370275, 1);
INSERT INTO interacts VALUES(35614722085, 2, 'Karsa', 1042, 370354, 1);
INSERT INTO interacts VALUES(35614722085, 2, 'Karsa', 1042, 370537, 1);
INSERT INTO interacts VALUES(35614722085, 2, 'Karsa', 2032, 371061, 1);
INSERT INTO interacts VALUES(35614722085, 2, 'Stixxay', 3009, 373658, 1);
INSERT INTO interacts VALUES(35614722085, 2, 'Xmithie', 2032, 374297, 1);
INSERT INTO interacts VALUES(35614722085, 2, 'aphromoo', 2049, 374915, 1);
INSERT INTO interacts VALUES(35614722085, 2, 'Karsa', 2043, 375670, 1);
INSERT INTO interacts VALUES(35614722085, 2, 'Xmithie', 1036, 375749, 1);
INSERT INTO interacts VALUES(35614722085, 2, 'aphromoo', 2043, 376103, 1);
INSERT INTO interacts VALUES(35614722085, 2, 'aphromoo', 3341, 376847, 1);
INSERT INTO interacts VALUES(35614722085, 2, 'SwordArt', 3158, 380212, 1);
INSERT INTO interacts VALUES(35614722085, 2, 'Maple', 3010, 394583, 1);
INSERT INTO interacts VALUES(35614722085, 2, 'Maple', 2043, 400383, 1);
INSERT INTO interacts VALUES(35614722085, 2, 'Darshan', 1028, 414401, 1);
INSERT INTO interacts VALUES(35614722085, 2, 'Darshan', 1029, 415690, 1);
INSERT INTO interacts VALUES(35614722085, 2, 'MMD', 3211, 418608, 1);
INSERT INTO interacts VALUES(35614722085, 2, 'MMD', 2043, 421114, 1);
INSERT INTO interacts VALUES(35614722085, 2, 'SwordArt', 2043, 489971, 1);
INSERT INTO interacts VALUES(35614722085, 2, 'SwordArt', 2031, 491663, 1);
INSERT INTO interacts VALUES(35614722085, 2, 'SwordArt', 2043, 493648, 1);
INSERT INTO interacts VALUES(35614722085, 2, 'Huhi', 3108, 507530, 1);
INSERT INTO interacts VALUES(35614722085, 2, 'NL', 1037, 509648, 1);
INSERT INTO interacts VALUES(35614722085, 2, 'Karsa', 1411, 533709, 1);
INSERT INTO interacts VALUES(35614722085, 2, 'Karsa', 2043, 541792, 1);
INSERT INTO interacts VALUES(35614722085, 2, 'Stixxay', 1038, 570348, 1);
INSERT INTO interacts VALUES(35614722085, 2, 'Stixxay', 2043, 571221, 1);
INSERT INTO interacts VALUES(35614722085, 2, 'aphromoo', 1001, 571822, 1);
INSERT INTO interacts VALUES(35614722085, 2, 'aphromoo', 2043, 572792, 1);
INSERT INTO interacts VALUES(35614722085, 2, 'Darshan', 3751, 574107, 1);
INSERT INTO interacts VALUES(35614722085, 2, 'Xmithie', 3009, 586701, 1);
INSERT INTO interacts VALUES(35614722085, 2, 'Xmithie', 1036, 587727, 1);
INSERT INTO interacts VALUES(35614722085, 2, 'Xmithie', 2043, 589471, 1);
INSERT INTO interacts VALUES(35614722085, 2, 'Maple', 3027, 665723, 1);
INSERT INTO interacts VALUES(35614722085, 2, 'Maple', 2043, 670250, 1);
INSERT INTO interacts VALUES(35614722085, 2, 'NL', 2010, 677922, 0);
INSERT INTO interacts VALUES(35614722085, 2, 'NL', 3057, 679327, 1);
INSERT INTO interacts VALUES(35614722085, 2, 'MMD', 3751, 681045, 1);
INSERT INTO interacts VALUES(35614722085, 2, 'MMD', 1027, 684334, 1);
INSERT INTO interacts VALUES(35614722085, 2, 'Huhi', 3115, 694565, 1);
INSERT INTO interacts VALUES(35614722085, 2, 'Huhi', 2010, 695351, 1);
INSERT INTO interacts VALUES(35614722085, 2, 'Huhi', 3363, 697008, 1);
INSERT INTO interacts VALUES(35614722085, 2, 'SwordArt', 3341, 697385, 1);
INSERT INTO interacts VALUES(35614722085, 2, 'SwordArt', 2049, 698288, 1);
INSERT INTO interacts VALUES(35614722085, 2, 'SwordArt', 2043, 698702, 1);
INSERT INTO interacts VALUES(35614722085, 2, 'SwordArt', 3340, 699163, 1);
INSERT INTO interacts VALUES(35614722085, 2, 'Stixxay', 2010, 708110, 0);
INSERT INTO interacts VALUES(35614722085, 2, 'Stixxay', 1037, 711285, 1);
INSERT INTO interacts VALUES(35614722085, 2, 'aphromoo', 3158, 726784, 1);
INSERT INTO interacts VALUES(35614722085, 2, 'MMD', 2043, 751709, 1);
INSERT INTO interacts VALUES(35614722085, 2, 'Darshan', 1031, 764498, 1);
INSERT INTO interacts VALUES(35614722085, 2, 'Xmithie', 3133, 770745, 1);
INSERT INTO interacts VALUES(35614722085, 2, 'Xmithie', 2043, 771203, 1);
INSERT INTO interacts VALUES(35614722085, 2, 'NL', 3004, 778127, 1);
INSERT INTO interacts VALUES(35614722085, 2, 'Karsa', 3009, 778876, 1);
INSERT INTO interacts VALUES(35614722085, 2, 'NL', 2043, 779628, 1);
INSERT INTO interacts VALUES(35614722085, 2, 'Karsa', 1036, 780149, 1);
INSERT INTO interacts VALUES(35614722085, 2, 'Karsa', 2043, 780387, 1);
INSERT INTO interacts VALUES(35614722085, 2, 'Maple', 3009, 780712, 1);
INSERT INTO interacts VALUES(35614722085, 2, 'Maple', 2043, 781524, 1);
INSERT INTO interacts VALUES(35614722085, 2, 'SwordArt', 3098, 816239, 1);
INSERT INTO interacts VALUES(35614722085, 2, 'MMD', 3057, 831987, 1);
INSERT INTO interacts VALUES(35614722085, 2, 'Xmithie', 1408, 851101, 1);
INSERT INTO interacts VALUES(35614722085, 2, 'Xmithie', 1042, 852703, 1);
INSERT INTO interacts VALUES(35614722085, 2, 'Darshan', 3068, 869797, 1);
INSERT INTO interacts VALUES(35614722085, 2, 'aphromoo', 3098, 871737, 1);
INSERT INTO interacts VALUES(35614722085, 2, 'Darshan', 1033, 871898, 1);
INSERT INTO interacts VALUES(35614722085, 2, 'Stixxay', 2010, 874605, 0);
INSERT INTO interacts VALUES(35614722085, 2, 'Darshan', 2043, 874836, 1);
INSERT INTO interacts VALUES(35614722085, 2, 'Stixxay', 2043, 875274, 1);
INSERT INTO interacts VALUES(35614722085, 2, 'Stixxay', 3363, 875587, 1);
INSERT INTO interacts VALUES(35614722085, 2, 'Huhi', 1011, 898264, 1);
INSERT INTO interacts VALUES(35614722085, 2, 'Huhi', 1001, 899407, 1);
INSERT INTO interacts VALUES(35614722085, 2, 'Huhi', 2010, 900178, 1);
INSERT INTO interacts VALUES(35614722085, 2, 'Huhi', 2010, 900232, 1);
INSERT INTO interacts VALUES(35614722085, 2, 'NL', 3025, 957397, 1);
INSERT INTO interacts VALUES(35614722085, 2, 'NL', 3363, 958810, 1);
INSERT INTO interacts VALUES(35614722085, 2, 'NL', 2043, 959732, 1);
INSERT INTO interacts VALUES(35614722085, 2, 'Karsa', 3155, 975242, 1);
INSERT INTO interacts VALUES(35614722085, 2, 'Karsa', 1042, 976127, 1);
INSERT INTO interacts VALUES(35614722085, 2, 'Karsa', 3364, 976462, 1);
INSERT INTO interacts VALUES(35614722085, 2, 'aphromoo', 2043, 976780, 1);
INSERT INTO interacts VALUES(35614722085, 2, 'Xmithie', 1042, 976923, 1);
INSERT INTO interacts VALUES(35614722085, 2, 'Xmithie', 3364, 978100, 1);
INSERT INTO interacts VALUES(35614722085, 2, 'SwordArt', 2301, 978336, 1);
INSERT INTO interacts VALUES(35614722085, 2, 'Xmithie', 2043, 978434, 1);
INSERT INTO interacts VALUES(35614722085, 2, 'SwordArt', 2043, 979543, 1);
INSERT INTO interacts VALUES(35614722085, 2, 'SwordArt', 2043, 979934, 1);
INSERT INTO interacts VALUES(35614722085, 2, 'Maple', 1058, 992954, 1);
INSERT INTO interacts VALUES(35614722085, 2, 'Maple', 2043, 994426, 1);
INSERT INTO interacts VALUES(35614722085, 2, 'Maple', 3363, 994881, 1);
INSERT INTO interacts VALUES(35614722085, 2, 'Stixxay', 3086, 1011995, 1);
INSERT INTO interacts VALUES(35614722085, 2, 'MMD', 3025, 1050852, 1);
INSERT INTO interacts VALUES(35614722085, 2, 'MMD', 2043, 1051411, 1);
INSERT INTO interacts VALUES(35614722085, 2, 'Darshan', 3111, 1088903, 1);
INSERT INTO interacts VALUES(35614722085, 2, 'Darshan', 3211, 1091098, 1);
INSERT INTO interacts VALUES(35614722085, 2, 'NL', 3158, 1103885, 1);
INSERT INTO interacts VALUES(35614722085, 2, 'SwordArt', 1028, 1107611, 1);
INSERT INTO interacts VALUES(35614722085, 2, 'SwordArt', 2043, 1109179, 1);
INSERT INTO interacts VALUES(35614722085, 2, 'Karsa', 2043, 1110290, 1);
INSERT INTO interacts VALUES(35614722085, 2, 'aphromoo', 2301, 1114632, 1);
INSERT INTO interacts VALUES(35614722085, 2, 'aphromoo', 2043, 1115481, 1);
INSERT INTO interacts VALUES(35614722085, 2, 'Huhi', 1058, 1136101, 1);
INSERT INTO interacts VALUES(35614722085, 2, 'Stixxay', 3085, 1136621, 1);
INSERT INTO interacts VALUES(35614722085, 2, 'Xmithie', 3086, 1147722, 1);
INSERT INTO interacts VALUES(35614722085, 2, 'Karsa', 1051, 1190244, 1);
INSERT INTO interacts VALUES(35614722085, 2, 'Xmithie', 2043, 1194682, 1);
INSERT INTO interacts VALUES(35614722085, 2, 'Karsa', 3086, 1198330, 1);
INSERT INTO interacts VALUES(35614722085, 2, 'NL', 1053, 1225418, 1);
INSERT INTO interacts VALUES(35614722085, 2, 'SwordArt', 3801, 1226151, 1);
INSERT INTO interacts VALUES(35614722085, 2, 'SwordArt', 3341, 1226530, 1);
INSERT INTO interacts VALUES(35614722085, 2, 'SwordArt', 2043, 1226887, 1);
INSERT INTO interacts VALUES(35614722085, 2, 'MMD', 3009, 1230013, 1);
INSERT INTO interacts VALUES(35614722085, 2, 'SwordArt', 2043, 1230594, 1);
INSERT INTO interacts VALUES(35614722085, 2, 'MMD', 1031, 1232676, 1);
INSERT INTO interacts VALUES(35614722085, 2, 'aphromoo', 1028, 1244100, 1);
INSERT INTO interacts VALUES(35614722085, 2, 'aphromoo', 2043, 1244949, 1);
INSERT INTO interacts VALUES(35614722085, 2, 'aphromoo', 2010, 1245207, 1);
INSERT INTO interacts VALUES(35614722085, 2, 'Maple', 3003, 1246679, 1);
INSERT INTO interacts VALUES(35614722085, 2, 'Maple', 1308, 1248715, 1);
INSERT INTO interacts VALUES(35614722085, 2, 'Maple', 2043, 1249337, 1);
INSERT INTO interacts VALUES(35614722085, 2, 'Huhi', 1056, 1255670, 0);
INSERT INTO interacts VALUES(35614722085, 2, 'Huhi', 3116, 1256879, 1);
INSERT INTO interacts VALUES(35614722085, 2, 'Darshan', 1082, 1275318, 0);
INSERT INTO interacts VALUES(35614722085, 2, 'Darshan', 3067, 1276839, 1);
INSERT INTO interacts VALUES(35614722085, 2, 'Huhi', 2139, 1359783, 1);
INSERT INTO interacts VALUES(35614722085, 2, 'Xmithie', 3046, 1374995, 1);
INSERT INTO interacts VALUES(35614722085, 2, 'Xmithie', 2043, 1377284, 1);
INSERT INTO interacts VALUES(35614722085, 2, 'aphromoo', 3801, 1383317, 1);
INSERT INTO interacts VALUES(35614722085, 2, 'aphromoo', 2043, 1384228, 1);
INSERT INTO interacts VALUES(35614722085, 2, 'aphromoo', 2010, 1384493, 1);
INSERT INTO interacts VALUES(35614722085, 2, 'aphromoo', 2010, 1384618, 1);
INSERT INTO interacts VALUES(35614722085, 2, 'SwordArt', 3105, 1384911, 1);
INSERT INTO interacts VALUES(35614722085, 2, 'SwordArt', 2043, 1385462, 1);
INSERT INTO interacts VALUES(35614722085, 2, 'SwordArt', 2043, 1386467, 1);
INSERT INTO interacts VALUES(35614722085, 2, 'Maple', 1026, 1397935, 1);
INSERT INTO interacts VALUES(35614722085, 2, 'Maple', 1052, 1399542, 1);
INSERT INTO interacts VALUES(35614722085, 2, 'MMD', 3068, 1400667, 1);
INSERT INTO interacts VALUES(35614722085, 2, 'MMD', 2043, 1401221, 1);
INSERT INTO interacts VALUES(35614722085, 2, 'Karsa', 3046, 1409347, 1);
INSERT INTO interacts VALUES(35614722085, 2, 'Karsa', 2043, 1410228, 1);
INSERT INTO interacts VALUES(35614722085, 2, 'NL', 3144, 1419196, 1);
INSERT INTO interacts VALUES(35614722085, 2, 'NL', 1083, 1420950, 0);
INSERT INTO interacts VALUES(35614722085, 2, 'NL', 1043, 1422768, 1);
INSERT INTO interacts VALUES(35614722085, 2, 'Darshan', 3065, 1423026, 1);
INSERT INTO interacts VALUES(35614722085, 2, 'Darshan', 1027, 1424784, 1);
INSERT INTO interacts VALUES(35614722085, 2, 'Darshan', 2043, 1425565, 1);
INSERT INTO interacts VALUES(35614722085, 2, 'Stixxay', 3031, 1449028, 1);
INSERT INTO interacts VALUES(35614722085, 2, 'Maple', 3135, 1517343, 1);
INSERT INTO interacts VALUES(35614722085, 2, 'Maple', 2043, 1518723, 1);
INSERT INTO interacts VALUES(35614722085, 2, 'Huhi', 3020, 1551940, 1);
INSERT INTO interacts VALUES(35614722085, 2, 'Huhi', 2139, 1553942, 1);
INSERT INTO interacts VALUES(35614722085, 2, 'Darshan', 3057, 1563263, 1);
INSERT INTO interacts VALUES(35614722085, 2, 'NL', 3153, 1564082, 1);
INSERT INTO interacts VALUES(35614722085, 2, 'NL', 2043, 1565286, 1);
INSERT INTO interacts VALUES(35614722085, 2, 'MMD', 3067, 1565905, 1);
INSERT INTO interacts VALUES(35614722085, 2, 'aphromoo', 3105, 1569425, 1);
INSERT INTO interacts VALUES(35614722085, 2, 'Karsa', 2032, 1572658, 0);
INSERT INTO interacts VALUES(35614722085, 2, 'SwordArt', 1028, 1572758, 1);
INSERT INTO interacts VALUES(35614722085, 2, 'SwordArt', 3364, 1573177, 1);
INSERT INTO interacts VALUES(35614722085, 2, 'SwordArt', 2043, 1573582, 1);
INSERT INTO interacts VALUES(35614722085, 2, 'SwordArt', 2043, 1573731, 1);
INSERT INTO interacts VALUES(35614722085, 2, 'Karsa', 3052, 1573847, 1);
INSERT INTO interacts VALUES(35614722085, 2, 'Karsa', 2043, 1574581, 1);
INSERT INTO interacts VALUES(35614722085, 2, 'Stixxay', 1051, 1579084, 1);
INSERT INTO interacts VALUES(35614722085, 2, 'Xmithie', 3133, 1584935, 1);
INSERT INTO interacts VALUES(35614722085, 2, 'Maple', 1058, 1694419, 1);
INSERT INTO interacts VALUES(35614722085, 2, 'Xmithie', 1036, 1697987, 1);
INSERT INTO interacts VALUES(35614722085, 2, 'SwordArt', 3190, 1714301, 1);
INSERT INTO interacts VALUES(35614722085, 2, 'SwordArt', 2043, 1715412, 1);
INSERT INTO interacts VALUES(35614722085, 2, 'SwordArt', 2043, 1715576, 1);
INSERT INTO interacts VALUES(35614722085, 2, 'MMD', 3065, 1715822, 1);
INSERT INTO interacts VALUES(35614722085, 2, 'SwordArt', 1029, 1716005, 1);
INSERT INTO interacts VALUES(35614722085, 2, 'Darshan', 3024, 1716770, 1);
INSERT INTO interacts VALUES(35614722085, 2, 'Stixxay', 3086, 1716770, 1);
INSERT INTO interacts VALUES(35614722085, 2, 'Huhi', 1052, 1719950, 1);
INSERT INTO interacts VALUES(35614722085, 2, 'MMD', 1031, 1721163, 1);
INSERT INTO interacts VALUES(35614722085, 2, 'aphromoo', 1028, 1723104, 1);
INSERT INTO interacts VALUES(35614722085, 2, 'aphromoo', 2043, 1723853, 1);
INSERT INTO interacts VALUES(35614722085, 2, 'aphromoo', 2010, 1724112, 1);
INSERT INTO interacts VALUES(35614722085, 2, 'aphromoo', 2010, 1724244, 1);
INSERT INTO interacts VALUES(35614722085, 2, 'NL', 3035, 1748127, 1);
INSERT INTO interacts VALUES(35614722085, 2, 'NL', 1055, 1750396, 0);
INSERT INTO interacts VALUES(35614722085, 2, 'aphromoo', 3364, 1754019, 1);
INSERT INTO interacts VALUES(35614722085, 2, 'Karsa', 3053, 1754929, 1);
INSERT INTO interacts VALUES(35614722085, 2, 'NL', 3211, 1755945, 1);
INSERT INTO interacts VALUES(35614722085, 2, 'Karsa', 2043, 1756727, 1);
INSERT INTO interacts VALUES(35614722085, 2, 'Karsa', 2043, 1756892, 1);
INSERT INTO interacts VALUES(35614722085, 2, 'Maple', 2031, 1778675, 0);
INSERT INTO interacts VALUES(35614722085, 2, 'Maple', 1026, 1779677, 1);
INSERT INTO interacts VALUES(35614722085, 2, 'Maple', 2139, 1780397, 1);
INSERT INTO interacts VALUES(35614722085, 2, 'Huhi', 1026, 1790525, 1);
INSERT INTO interacts VALUES(35614722085, 2, 'Xmithie', 1053, 1812150, 1);
INSERT INTO interacts VALUES(35614722085, 2, 'Darshan', 2033, 1871837, 0);
INSERT INTO interacts VALUES(35614722085, 2, 'Darshan', 3025, 1872699, 1);
INSERT INTO interacts VALUES(35614722085, 2, 'MMD', 2138, 1881426, 1);
INSERT INTO interacts VALUES(35614722085, 2, 'Karsa', 1306, 1883713, 1);
INSERT INTO interacts VALUES(35614722085, 2, 'Karsa', 2140, 1884731, 1);
INSERT INTO interacts VALUES(35614722085, 2, 'SwordArt', 3024, 1884828, 1);
INSERT INTO interacts VALUES(35614722085, 2, 'Stixxay', 3087, 1885642, 1);
INSERT INTO interacts VALUES(35614722085, 2, 'SwordArt', 2043, 1885972, 1);
INSERT INTO interacts VALUES(35614722085, 2, 'Xmithie', 2032, 1910468, 0);
INSERT INTO interacts VALUES(35614722085, 2, 'aphromoo', 3190, 1911383, 1);
INSERT INTO interacts VALUES(35614722085, 2, 'aphromoo', 2043, 1912494, 1);
INSERT INTO interacts VALUES(35614722085, 2, 'Xmithie', 1037, 1912882, 1);
INSERT INTO interacts VALUES(35614722085, 2, 'SwordArt', 2031, 1924170, 0);
INSERT INTO interacts VALUES(35614722085, 2, 'SwordArt', 1029, 1925062, 1);
INSERT INTO interacts VALUES(35614722085, 2, 'Darshan', 1033, 1936069, 1);
INSERT INTO interacts VALUES(35614722085, 2, 'Maple', 3089, 1973940, 1);
INSERT INTO interacts VALUES(35614722085, 2, 'Maple', 2043, 1975119, 1);
INSERT INTO interacts VALUES(35614722085, 2, 'Stixxay', 1083, 1987799, 0);
INSERT INTO interacts VALUES(35614722085, 2, 'Stixxay', 1053, 1989249, 1);
INSERT INTO interacts VALUES(35614722085, 2, 'Xmithie', 3812, 1994175, 1);
INSERT INTO interacts VALUES(35614722085, 2, 'Huhi', 1056, 2004640, 0);
INSERT INTO interacts VALUES(35614722085, 2, 'Huhi', 3135, 2005688, 1);
INSERT INTO interacts VALUES(35614722085, 2, 'Huhi', 2010, 2007849, 1);
INSERT INTO interacts VALUES(35614722085, 2, 'NL', 3036, 2048377, 1);
INSERT INTO interacts VALUES(35614722085, 2, 'Karsa', 3301, 2051257, 1);
INSERT INTO interacts VALUES(35614722085, 2, 'Xmithie', 3123, 2052873, 1);
INSERT INTO interacts VALUES(35614722085, 2, 'Karsa', 3086, 2057064, 1);
INSERT INTO interacts VALUES(35614722085, 2, 'Maple', 2043, 2057362, 0);
INSERT INTO interacts VALUES(35614722085, 2, 'Maple', 1082, 2059686, 1);
INSERT INTO interacts VALUES(35614722085, 2, 'aphromoo', 3114, 2062601, 1);
INSERT INTO interacts VALUES(35614722085, 2, 'aphromoo', 2010, 2063329, 1);
INSERT INTO interacts VALUES(35614722085, 2, 'aphromoo', 2010, 2063526, 1);
INSERT INTO interacts VALUES(35614722085, 2, 'aphromoo', 2043, 2063885, 1);
INSERT INTO interacts VALUES(35614722085, 2, 'Maple', 1057, 2069015, 1);
INSERT INTO matches VALUES(35614722085, 3, '2016-05-13');
INSERT INTO scores VALUES('CLG', 35614722085, 3, 2, 10, 0, 1, 2, 1);
INSERT INTO scores VALUES('FW', 35614722085, 3, 0, 4, 3, 0, 3, 0);
INSERT INTO bans VALUES(35614722085, 3, 12, 1);
INSERT INTO bans VALUES(35614722085, 3, 7, 3);
INSERT INTO bans VALUES(35614722085, 3, 57, 5);
INSERT INTO bans VALUES(35614722085, 3, 236, 2);
INSERT INTO bans VALUES(35614722085, 3, 432, 4);
INSERT INTO bans VALUES(35614722085, 3, 16, 6);
INSERT INTO plays VALUES(35614722085, 3, 'Darshan', 245, 'Top', 1, 5, 6, 12918, 19, 11, 287, 1, 2, 14553);
INSERT INTO plays VALUES(35614722085, 3, 'Xmithie', 104, 'Jungle', 5, 1, 8, 13981, 32, 30, 77, 95, 26, 16164);
INSERT INTO plays VALUES(35614722085, 3, 'Huhi', 13, 'Mid', 5, 2, 4, 25455, 28, 7, 303, 25, 5, 16751);
INSERT INTO plays VALUES(35614722085, 3, 'Stixxay', 81, 'ADC', 5, 1, 8, 21624, 22, 15, 341, 12, 6, 17069);
INSERT INTO plays VALUES(35614722085, 3, 'aphromoo', 37, 'Support', 0, 3, 16, 6869, 54, 14, 20, 0, 0, 11200);
INSERT INTO plays VALUES(35614722085, 3, 'MMD', 78, 'Top', 4, 2, 3, 13784, 24, 5, 241, 12, 3, 13731);
INSERT INTO plays VALUES(35614722085, 3, 'Karsa', 203, 'Jungle', 6, 5, 1, 12778, 44, 25, 73, 91, 17, 13876);
INSERT INTO plays VALUES(35614722085, 3, 'Maple', 268, 'Mid', 2, 2, 5, 26870, 27, 16, 318, 13, 6, 14728);
INSERT INTO plays VALUES(35614722085, 3, 'NL', 110, 'ADC', 0, 4, 5, 21639, 18, 7, 304, 4, 3, 13638);
INSERT INTO plays VALUES(35614722085, 3, 'SwordArt', 43, 'Support', 0, 3, 8, 7946, 40, 11, 15, 0, 0, 9502);
INSERT INTO interacts VALUES(35614722085, 3, 'Stixxay', 3340, 1202, 1);
INSERT INTO interacts VALUES(35614722085, 3, 'Stixxay', 2010, 1468, 1);
INSERT INTO interacts VALUES(35614722085, 3, 'SwordArt', 3340, 1468, 1);
INSERT INTO interacts VALUES(35614722085, 3, 'Stixxay', 1055, 1628, 1);
INSERT INTO interacts VALUES(35614722085, 3, 'SwordArt', 2010, 1695, 1);
INSERT INTO interacts VALUES(35614722085, 3, 'MMD', 2033, 1728, 1);
INSERT INTO interacts VALUES(35614722085, 3, 'aphromoo', 3340, 1728, 1);
INSERT INTO interacts VALUES(35614722085, 3, 'Xmithie', 3340, 1793, 1);
INSERT INTO interacts VALUES(35614722085, 3, 'Huhi', 1056, 1844, 1);
INSERT INTO interacts VALUES(35614722085, 3, 'SwordArt', 2010, 1859, 1);
INSERT INTO interacts VALUES(35614722085, 3, 'MMD', 3340, 1894, 1);
INSERT INTO interacts VALUES(35614722085, 3, 'SwordArt', 2010, 2019, 1);
INSERT INTO interacts VALUES(35614722085, 3, 'Darshan', 3340, 2106, 1);
INSERT INTO interacts VALUES(35614722085, 3, 'aphromoo', 3303, 2122, 1);
INSERT INTO interacts VALUES(35614722085, 3, 'SwordArt', 3303, 2222, 1);
INSERT INTO interacts VALUES(35614722085, 3, 'aphromoo', 2010, 2287, 1);
INSERT INTO interacts VALUES(35614722085, 3, 'aphromoo', 2010, 2481, 1);
INSERT INTO interacts VALUES(35614722085, 3, 'aphromoo', 2010, 2547, 1);
INSERT INTO interacts VALUES(35614722085, 3, 'NL', 1055, 2623, 1);
INSERT INTO interacts VALUES(35614722085, 3, 'NL', 2010, 2904, 1);
INSERT INTO interacts VALUES(35614722085, 3, 'Maple', 1056, 3070, 1);
INSERT INTO interacts VALUES(35614722085, 3, 'NL', 3340, 3146, 1);
INSERT INTO interacts VALUES(35614722085, 3, 'Xmithie', 1039, 3167, 1);
INSERT INTO interacts VALUES(35614722085, 3, 'Karsa', 1041, 3263, 1);
INSERT INTO interacts VALUES(35614722085, 3, 'Huhi', 1027, 3362, 1);
INSERT INTO interacts VALUES(35614722085, 3, 'Xmithie', 2031, 3459, 1);
INSERT INTO interacts VALUES(35614722085, 3, 'Maple', 2003, 3524, 1);
INSERT INTO interacts VALUES(35614722085, 3, 'Huhi', 3340, 3558, 1);
INSERT INTO interacts VALUES(35614722085, 3, 'Maple', 2003, 3687, 1);
INSERT INTO interacts VALUES(35614722085, 3, 'Huhi', 2010, 3753, 1);
INSERT INTO interacts VALUES(35614722085, 3, 'Maple', 3340, 3980, 1);
INSERT INTO interacts VALUES(35614722085, 3, 'Darshan', 2033, 4368, 1);
INSERT INTO interacts VALUES(35614722085, 3, 'Karsa', 1039, 4855, 1);
INSERT INTO interacts VALUES(35614722085, 3, 'Karsa', 2031, 5019, 1);
INSERT INTO interacts VALUES(35614722085, 3, 'Huhi', 2010, 5084, 1);
INSERT INTO interacts VALUES(35614722085, 3, 'Huhi', 2010, 5248, 1);
INSERT INTO interacts VALUES(35614722085, 3, 'Karsa', 3340, 5345, 1);
INSERT INTO interacts VALUES(35614722085, 3, 'Darshan', 1082, 187882, 1);
INSERT INTO interacts VALUES(35614722085, 3, 'Karsa', 3711, 194793, 1);
INSERT INTO interacts VALUES(35614722085, 3, 'Karsa', 2043, 195703, 1);
INSERT INTO interacts VALUES(35614722085, 3, 'Huhi', 3070, 252328, 1);
INSERT INTO interacts VALUES(35614722085, 3, 'Huhi', 2043, 256143, 1);
INSERT INTO interacts VALUES(35614722085, 3, 'Huhi', 2010, 256362, 1);
INSERT INTO interacts VALUES(35614722085, 3, 'Huhi', 2010, 256491, 1);
INSERT INTO interacts VALUES(35614722085, 3, 'Huhi', 2010, 256589, 1);
INSERT INTO interacts VALUES(35614722085, 3, 'Maple', 1056, 275728, 1);
INSERT INTO interacts VALUES(35614722085, 3, 'Maple', 1042, 276865, 1);
INSERT INTO interacts VALUES(35614722085, 3, 'Maple', 2003, 279629, 1);
INSERT INTO interacts VALUES(35614722085, 3, 'Maple', 2043, 279963, 1);
INSERT INTO interacts VALUES(35614722085, 3, 'MMD', 1028, 291013, 1);
INSERT INTO interacts VALUES(35614722085, 3, 'MMD', 1028, 291206, 1);
INSERT INTO interacts VALUES(35614722085, 3, 'MMD', 2043, 291828, 1);
INSERT INTO interacts VALUES(35614722085, 3, 'aphromoo', 1028, 309128, 1);
INSERT INTO interacts VALUES(35614722085, 3, 'aphromoo', 2043, 309722, 1);
INSERT INTO interacts VALUES(35614722085, 3, 'Stixxay', 3070, 309756, 1);
INSERT INTO interacts VALUES(35614722085, 3, 'aphromoo', 2010, 309949, 1);
INSERT INTO interacts VALUES(35614722085, 3, 'aphromoo', 2010, 310099, 1);
INSERT INTO interacts VALUES(35614722085, 3, 'Stixxay', 2043, 310830, 1);
INSERT INTO interacts VALUES(35614722085, 3, 'Stixxay', 2010, 311031, 1);
INSERT INTO interacts VALUES(35614722085, 3, 'Karsa', 1043, 333705, 1);
INSERT INTO interacts VALUES(35614722085, 3, 'NL', 3070, 333727, 1);
INSERT INTO interacts VALUES(35614722085, 3, 'Karsa', 2032, 334348, 1);
INSERT INTO interacts VALUES(35614722085, 3, 'SwordArt', 2049, 334965, 1);
INSERT INTO interacts VALUES(35614722085, 3, 'NL', 1001, 335292, 1);
INSERT INTO interacts VALUES(35614722085, 3, 'NL', 2010, 335618, 1);
INSERT INTO interacts VALUES(35614722085, 3, 'NL', 2043, 335849, 1);
INSERT INTO interacts VALUES(35614722085, 3, 'SwordArt', 3341, 336508, 1);
INSERT INTO interacts VALUES(35614722085, 3, 'SwordArt', 3098, 340443, 1);
INSERT INTO interacts VALUES(35614722085, 3, 'SwordArt', 2043, 341222, 1);
INSERT INTO interacts VALUES(35614722085, 3, 'SwordArt', 2010, 342168, 1);
INSERT INTO interacts VALUES(35614722085, 3, 'SwordArt', 2010, 342329, 1);
INSERT INTO interacts VALUES(35614722085, 3, 'SwordArt', 2010, 342457, 1);
INSERT INTO interacts VALUES(35614722085, 3, 'SwordArt', 2010, 342631, 1);
INSERT INTO interacts VALUES(35614722085, 3, 'SwordArt', 2010, 343912, 1);
INSERT INTO interacts VALUES(35614722085, 3, 'Huhi', 1028, 347474, 1);
INSERT INTO interacts VALUES(35614722085, 3, 'Xmithie', 3711, 351685, 1);
INSERT INTO interacts VALUES(35614722085, 3, 'Xmithie', 1001, 353042, 1);
INSERT INTO interacts VALUES(35614722085, 3, 'Xmithie', 1036, 354011, 1);
INSERT INTO interacts VALUES(35614722085, 3, 'Darshan', 3057, 418078, 1);
INSERT INTO interacts VALUES(35614722085, 3, 'Darshan', 2043, 419385, 1);
INSERT INTO interacts VALUES(35614722085, 3, 'Huhi', 1027, 419872, 1);
INSERT INTO interacts VALUES(35614722085, 3, 'Xmithie', 1036, 453041, 1);
INSERT INTO interacts VALUES(35614722085, 3, 'Xmithie', 2043, 454298, 1);
INSERT INTO interacts VALUES(35614722085, 3, 'Karsa', 1411, 467586, 1);
INSERT INTO interacts VALUES(35614722085, 3, 'Karsa', 2043, 468867, 1);
INSERT INTO interacts VALUES(35614722085, 3, 'Karsa', 2043, 469029, 1);
INSERT INTO interacts VALUES(35614722085, 3, 'MMD', 3751, 471415, 1);
INSERT INTO interacts VALUES(35614722085, 3, 'MMD', 1001, 473049, 1);
INSERT INTO interacts VALUES(35614722085, 3, 'Maple', 3101, 486379, 1);
INSERT INTO interacts VALUES(35614722085, 3, 'Maple', 1001, 487532, 1);
INSERT INTO interacts VALUES(35614722085, 3, 'Maple', 2043, 488312, 1);
INSERT INTO interacts VALUES(35614722085, 3, 'Huhi', 3010, 507155, 1);
INSERT INTO interacts VALUES(35614722085, 3, 'Huhi', 2010, 509566, 1);
INSERT INTO interacts VALUES(35614722085, 3, 'aphromoo', 2049, 552673, 1);
INSERT INTO interacts VALUES(35614722085, 3, 'aphromoo', 2043, 553704, 1);
INSERT INTO interacts VALUES(35614722085, 3, 'aphromoo', 3341, 554486, 1);
INSERT INTO interacts VALUES(35614722085, 3, 'Huhi', 1001, 597653, 1);
INSERT INTO interacts VALUES(35614722085, 3, 'Huhi', 2043, 601110, 1);
INSERT INTO interacts VALUES(35614722085, 3, 'Darshan', 1028, 602707, 1);
INSERT INTO interacts VALUES(35614722085, 3, 'MMD', 3211, 608281, 1);
INSERT INTO interacts VALUES(35614722085, 3, 'MMD', 1027, 609222, 1);
INSERT INTO interacts VALUES(35614722085, 3, 'SwordArt', 1052, 612478, 1);
INSERT INTO interacts VALUES(35614722085, 3, 'MMD', 2043, 612963, 1);
INSERT INTO interacts VALUES(35614722085, 3, 'NL', 3134, 613418, 1);
INSERT INTO interacts VALUES(35614722085, 3, 'SwordArt', 1001, 614364, 1);
INSERT INTO interacts VALUES(35614722085, 3, 'NL', 3158, 614822, 1);
INSERT INTO interacts VALUES(35614722085, 3, 'Karsa', 3009, 620220, 1);
INSERT INTO interacts VALUES(35614722085, 3, 'Xmithie', 1408, 620713, 1);
INSERT INTO interacts VALUES(35614722085, 3, 'Karsa', 2043, 621205, 1);
INSERT INTO interacts VALUES(35614722085, 3, 'Darshan', 3751, 635559, 1);
INSERT INTO interacts VALUES(35614722085, 3, 'Stixxay', 3004, 643745, 1);
INSERT INTO interacts VALUES(35614722085, 3, 'Stixxay', 1001, 644894, 1);
INSERT INTO interacts VALUES(35614722085, 3, 'Stixxay', 2010, 645699, 1);
INSERT INTO interacts VALUES(35614722085, 3, 'Stixxay', 2010, 645773, 1);
INSERT INTO interacts VALUES(35614722085, 3, 'aphromoo', 1001, 690568, 1);
INSERT INTO interacts VALUES(35614722085, 3, 'aphromoo', 2043, 691969, 1);
INSERT INTO interacts VALUES(35614722085, 3, 'Maple', 3108, 725016, 1);
INSERT INTO interacts VALUES(35614722085, 3, 'Maple', 2043, 728958, 1);
INSERT INTO interacts VALUES(35614722085, 3, 'Maple', 3363, 731527, 1);
INSERT INTO interacts VALUES(35614722085, 3, 'Karsa', 1033, 744674, 1);
INSERT INTO interacts VALUES(35614722085, 3, 'Huhi', 1026, 747392, 1);
INSERT INTO interacts VALUES(35614722085, 3, 'Huhi', 2010, 748697, 1);
INSERT INTO interacts VALUES(35614722085, 3, 'Huhi', 2043, 749447, 1);
INSERT INTO interacts VALUES(35614722085, 3, 'Huhi', 2010, 749641, 1);
INSERT INTO interacts VALUES(35614722085, 3, 'Darshan', 3009, 763498, 1);
INSERT INTO interacts VALUES(35614722085, 3, 'SwordArt', 3108, 822890, 1);
INSERT INTO interacts VALUES(35614722085, 3, 'SwordArt', 2010, 825555, 0);
INSERT INTO interacts VALUES(35614722085, 3, 'SwordArt', 2010, 825685, 0);
INSERT INTO interacts VALUES(35614722085, 3, 'SwordArt', 2010, 825812, 0);
INSERT INTO interacts VALUES(35614722085, 3, 'aphromoo', 3117, 828316, 1);
INSERT INTO interacts VALUES(35614722085, 3, 'SwordArt', 3092, 829134, 1);
INSERT INTO interacts VALUES(35614722085, 3, 'aphromoo', 2043, 829594, 1);
INSERT INTO interacts VALUES(35614722085, 3, 'Maple', 3115, 836125, 1);
INSERT INTO interacts VALUES(35614722085, 3, 'Maple', 3111, 837828, 1);
INSERT INTO interacts VALUES(35614722085, 3, 'Maple', 2003, 842304, 1);
INSERT INTO interacts VALUES(35614722085, 3, 'Xmithie', 3009, 843262, 1);
INSERT INTO interacts VALUES(35614722085, 3, 'Xmithie', 1042, 844401, 1);
INSERT INTO interacts VALUES(35614722085, 3, 'Xmithie', 1042, 844561, 1);
INSERT INTO interacts VALUES(35614722085, 3, 'Xmithie', 3364, 845766, 1);
INSERT INTO interacts VALUES(35614722085, 3, 'Xmithie', 2043, 846097, 1);
INSERT INTO interacts VALUES(35614722085, 3, 'Huhi', 2043, 868235, 0);
INSERT INTO interacts VALUES(35614722085, 3, 'Huhi', 3363, 871636, 1);
INSERT INTO interacts VALUES(35614722085, 3, 'Huhi', 3027, 874854, 1);
INSERT INTO interacts VALUES(35614722085, 3, 'Karsa', 3155, 914347, 1);
INSERT INTO interacts VALUES(35614722085, 3, 'NL', 3142, 914758, 1);
INSERT INTO interacts VALUES(35614722085, 3, 'Karsa', 1042, 914793, 1);
INSERT INTO interacts VALUES(35614722085, 3, 'Karsa', 1042, 914920, 1);
INSERT INTO interacts VALUES(35614722085, 3, 'NL', 2043, 929604, 1);
INSERT INTO interacts VALUES(35614722085, 3, 'NL', 3363, 930029, 1);
INSERT INTO interacts VALUES(35614722085, 3, 'Karsa', 3364, 938302, 1);
INSERT INTO interacts VALUES(35614722085, 3, 'Stixxay', 3057, 939765, 1);
INSERT INTO interacts VALUES(35614722085, 3, 'Stixxay', 3158, 942150, 1);
INSERT INTO interacts VALUES(35614722085, 3, 'Stixxay', 2043, 943681, 1);
INSERT INTO interacts VALUES(35614722085, 3, 'Stixxay', 3363, 944006, 1);
INSERT INTO interacts VALUES(35614722085, 3, 'aphromoo', 3098, 947726, 1);
INSERT INTO interacts VALUES(35614722085, 3, 'aphromoo', 2010, 949238, 1);
INSERT INTO interacts VALUES(35614722085, 3, 'Xmithie', 3086, 954739, 1);
INSERT INTO interacts VALUES(35614722085, 3, 'Xmithie', 2043, 956866, 1);
INSERT INTO interacts VALUES(35614722085, 3, 'SwordArt', 2049, 993013, 1);
INSERT INTO interacts VALUES(35614722085, 3, 'SwordArt', 3341, 995597, 1);
INSERT INTO interacts VALUES(35614722085, 3, 'SwordArt', 2043, 995954, 1);
INSERT INTO interacts VALUES(35614722085, 3, 'SwordArt', 2031, 997714, 1);
INSERT INTO interacts VALUES(35614722085, 3, 'Darshan', 3024, 998237, 1);
INSERT INTO interacts VALUES(35614722085, 3, 'Maple', 1058, 1026267, 1);
INSERT INTO interacts VALUES(35614722085, 3, 'Maple', 2043, 1027609, 1);
INSERT INTO interacts VALUES(35614722085, 3, 'MMD', 3025, 1030932, 1);
INSERT INTO interacts VALUES(35614722085, 3, 'MMD', 1029, 1036474, 1);
INSERT INTO interacts VALUES(35614722085, 3, 'Karsa', 3086, 1097742, 1);
INSERT INTO interacts VALUES(35614722085, 3, 'NL', 1037, 1104132, 1);
INSERT INTO interacts VALUES(35614722085, 3, 'Huhi', 1058, 1104328, 1);
INSERT INTO interacts VALUES(35614722085, 3, 'Darshan', 3025, 1105309, 1);
INSERT INTO interacts VALUES(35614722085, 3, 'aphromoo', 2301, 1108237, 1);
INSERT INTO interacts VALUES(35614722085, 3, 'aphromoo', 2010, 1109120, 1);
INSERT INTO interacts VALUES(35614722085, 3, 'aphromoo', 2010, 1109252, 1);
INSERT INTO interacts VALUES(35614722085, 3, 'Karsa', 2032, 1109907, 0);
INSERT INTO interacts VALUES(35614722085, 3, 'Karsa', 2043, 1110588, 1);
INSERT INTO interacts VALUES(35614722085, 3, 'Karsa', 2043, 1110748, 1);
INSERT INTO interacts VALUES(35614722085, 3, 'Xmithie', 2043, 1111561, 1);
INSERT INTO interacts VALUES(35614722085, 3, 'Karsa', 1306, 1111658, 1);
INSERT INTO interacts VALUES(35614722085, 3, 'NL', 2010, 1112348, 0);
INSERT INTO interacts VALUES(35614722085, 3, 'aphromoo', 3364, 1112507, 1);
INSERT INTO interacts VALUES(35614722085, 3, 'NL', 2043, 1113108, 1);
INSERT INTO interacts VALUES(35614722085, 3, 'SwordArt', 3158, 1120312, 1);
INSERT INTO interacts VALUES(35614722085, 3, 'SwordArt', 2043, 1122057, 1);
INSERT INTO interacts VALUES(35614722085, 3, 'SwordArt', 2043, 1122189, 1);
INSERT INTO interacts VALUES(35614722085, 3, 'SwordArt', 3364, 1122479, 1);
INSERT INTO interacts VALUES(35614722085, 3, 'MMD', 3009, 1129797, 1);
INSERT INTO interacts VALUES(35614722085, 3, 'MMD', 1031, 1131700, 1);
INSERT INTO interacts VALUES(35614722085, 3, 'Stixxay', 3024, 1163734, 1);
INSERT INTO interacts VALUES(35614722085, 3, 'Stixxay', 3025, 1203580, 1);
INSERT INTO interacts VALUES(35614722085, 3, 'MMD', 3068, 1204163, 1);
INSERT INTO interacts VALUES(35614722085, 3, 'MMD', 2043, 1204701, 1);
INSERT INTO interacts VALUES(35614722085, 3, 'Huhi', 3003, 1262519, 1);
INSERT INTO interacts VALUES(35614722085, 3, 'Huhi', 2043, 1263261, 1);
INSERT INTO interacts VALUES(35614722085, 3, 'Huhi', 2010, 1263465, 1);
INSERT INTO interacts VALUES(35614722085, 3, 'Huhi', 2010, 1263563, 1);
INSERT INTO interacts VALUES(35614722085, 3, 'aphromoo', 3801, 1264214, 1);
INSERT INTO interacts VALUES(35614722085, 3, 'Karsa', 3046, 1264558, 1);
INSERT INTO interacts VALUES(35614722085, 3, 'Karsa', 2003, 1265549, 1);
INSERT INTO interacts VALUES(35614722085, 3, 'Maple', 3116, 1270911, 1);
INSERT INTO interacts VALUES(35614722085, 3, 'Maple', 2043, 1271792, 1);
INSERT INTO interacts VALUES(35614722085, 3, 'aphromoo', 2043, 1274634, 1);
INSERT INTO interacts VALUES(35614722085, 3, 'Xmithie', 3046, 1289292, 1);
INSERT INTO interacts VALUES(35614722085, 3, 'Xmithie', 1036, 1290282, 1);
INSERT INTO interacts VALUES(35614722085, 3, 'Xmithie', 2043, 1290768, 1);
INSERT INTO interacts VALUES(35614722085, 3, 'Darshan', 3211, 1296631, 1);
INSERT INTO interacts VALUES(35614722085, 3, 'MMD', 2033, 1331542, 0);
INSERT INTO interacts VALUES(35614722085, 3, 'MMD', 3067, 1332784, 1);
INSERT INTO interacts VALUES(35614722085, 3, 'SwordArt', 3801, 1356897, 1);
INSERT INTO interacts VALUES(35614722085, 3, 'SwordArt', 2031, 1358303, 0);
INSERT INTO interacts VALUES(35614722085, 3, 'SwordArt', 1033, 1358757, 1);
INSERT INTO interacts VALUES(35614722085, 3, 'SwordArt', 2043, 1359764, 1);
INSERT INTO interacts VALUES(35614722085, 3, 'NL', 3004, 1379320, 1);
INSERT INTO interacts VALUES(35614722085, 3, 'NL', 1036, 1380877, 1);
INSERT INTO interacts VALUES(35614722085, 3, 'NL', 1033, 1381336, 1);
INSERT INTO interacts VALUES(35614722085, 3, 'aphromoo', 1033, 1403251, 1);
INSERT INTO interacts VALUES(35614722085, 3, 'Xmithie', 1053, 1403854, 1);
INSERT INTO interacts VALUES(35614722085, 3, 'aphromoo', 2043, 1404341, 1);
INSERT INTO interacts VALUES(35614722085, 3, 'aphromoo', 2010, 1405190, 1);
INSERT INTO interacts VALUES(35614722085, 3, 'MMD', 1308, 1413100, 1);
INSERT INTO interacts VALUES(35614722085, 3, 'Huhi', 3020, 1416654, 1);
INSERT INTO interacts VALUES(35614722085, 3, 'Huhi', 2139, 1419209, 1);
INSERT INTO interacts VALUES(35614722085, 3, 'Huhi', 2043, 1420823, 1);
INSERT INTO interacts VALUES(35614722085, 3, 'Darshan', 1082, 1457681, 0);
INSERT INTO interacts VALUES(35614722085, 3, 'Darshan', 1031, 1458622, 1);
INSERT INTO interacts VALUES(35614722085, 3, 'MMD', 2043, 1492226, 1);
INSERT INTO interacts VALUES(35614722085, 3, 'SwordArt', 3105, 1497054, 1);
INSERT INTO interacts VALUES(35614722085, 3, 'SwordArt', 2010, 1497639, 1);
INSERT INTO interacts VALUES(35614722085, 3, 'SwordArt', 2010, 1497801, 1);
INSERT INTO interacts VALUES(35614722085, 3, 'Karsa', 3052, 1503044, 1);
INSERT INTO interacts VALUES(35614722085, 3, 'Karsa', 2043, 1503440, 1);
INSERT INTO interacts VALUES(35614722085, 3, 'NL', 3155, 1515760, 1);
INSERT INTO interacts VALUES(35614722085, 3, 'Huhi', 1313, 1518305, 1);
INSERT INTO interacts VALUES(35614722085, 3, 'Maple', 1058, 1523874, 1);
INSERT INTO interacts VALUES(35614722085, 3, 'Karsa', 2043, 1548258, 1);
INSERT INTO interacts VALUES(35614722085, 3, 'NL', 1036, 1548825, 1);
INSERT INTO interacts VALUES(35614722085, 3, 'MMD', 2043, 1570426, 1);
INSERT INTO interacts VALUES(35614722085, 3, 'Xmithie', 3133, 1573551, 1);
INSERT INTO interacts VALUES(35614722085, 3, 'Darshan', 3068, 1574159, 1);
INSERT INTO interacts VALUES(35614722085, 3, 'Darshan', 1028, 1575528, 1);
INSERT INTO interacts VALUES(35614722085, 3, 'Xmithie', 2032, 1576214, 1);
INSERT INTO interacts VALUES(35614722085, 3, 'aphromoo', 3105, 1577878, 1);
INSERT INTO interacts VALUES(35614722085, 3, 'Stixxay', 3144, 1578038, 1);
INSERT INTO interacts VALUES(35614722085, 3, 'Stixxay', 1043, 1578925, 1);
INSERT INTO interacts VALUES(35614722085, 3, 'aphromoo', 1028, 1580177, 1);
INSERT INTO interacts VALUES(35614722085, 3, 'aphromoo', 2043, 1580830, 1);
INSERT INTO interacts VALUES(35614722085, 3, 'aphromoo', 2010, 1581125, 1);
INSERT INTO interacts VALUES(35614722085, 3, 'aphromoo', 1328, 1584223, 1);
INSERT INTO interacts VALUES(35614722085, 3, 'aphromoo', 2010, 1585429, 1);
INSERT INTO interacts VALUES(35614722085, 3, 'aphromoo', 2010, 1585525, 1);
INSERT INTO interacts VALUES(35614722085, 3, 'aphromoo', 2010, 1585658, 1);
INSERT INTO interacts VALUES(35614722085, 3, 'Huhi', 1031, 1604256, 1);
INSERT INTO interacts VALUES(35614722085, 3, 'Huhi', 2010, 1607226, 1);
INSERT INTO interacts VALUES(35614722085, 3, 'Huhi', 2010, 1607456, 1);
INSERT INTO interacts VALUES(35614722085, 3, 'SwordArt', 3067, 1687382, 1);
INSERT INTO interacts VALUES(35614722085, 3, 'Stixxay', 3153, 1687843, 1);
INSERT INTO interacts VALUES(35614722085, 3, 'Stixxay', 2043, 1688437, 1);
INSERT INTO interacts VALUES(35614722085, 3, 'MMD', 3065, 1690251, 1);
INSERT INTO interacts VALUES(35614722085, 3, 'MMD', 2043, 1691475, 1);
INSERT INTO interacts VALUES(35614722085, 3, 'aphromoo', 3067, 1701882, 1);
INSERT INTO interacts VALUES(35614722085, 3, 'Darshan', 3065, 1713197, 1);
INSERT INTO interacts VALUES(35614722085, 3, 'Darshan', 2043, 1714865, 1);
INSERT INTO interacts VALUES(35614722085, 3, 'Maple', 1056, 1724104, 0);
INSERT INTO interacts VALUES(35614722085, 3, 'Maple', 1026, 1724791, 1);
INSERT INTO interacts VALUES(35614722085, 3, 'Maple', 2139, 1725703, 1);
INSERT INTO interacts VALUES(35614722085, 3, 'Huhi', 1057, 1730551, 1);
INSERT INTO interacts VALUES(35614722085, 3, 'Karsa', 2043, 1733842, 1);
INSERT INTO interacts VALUES(35614722085, 3, 'Karsa', 2043, 1735406, 1);
INSERT INTO interacts VALUES(35614722085, 3, 'NL', 1036, 1741477, 0);
INSERT INTO interacts VALUES(35614722085, 3, 'NL', 3035, 1742703, 1);
INSERT INTO interacts VALUES(35614722085, 3, 'SwordArt', 3190, 1755493, 1);
INSERT INTO interacts VALUES(35614722085, 3, 'SwordArt', 2043, 1756634, 1);
INSERT INTO interacts VALUES(35614722085, 3, 'Xmithie', 3812, 1757841, 1);
INSERT INTO interacts VALUES(35614722085, 3, 'MMD', 1033, 1758041, 1);
INSERT INTO interacts VALUES(35614722085, 3, 'Xmithie', 2043, 1758734, 1);
INSERT INTO interacts VALUES(35614722085, 3, 'Huhi', 2010, 1780551, 0);
INSERT INTO interacts VALUES(35614722085, 3, 'Huhi', 2010, 1780680, 0);
INSERT INTO interacts VALUES(35614722085, 3, 'Huhi', 3026, 1787708, 1);
INSERT INTO interacts VALUES(35614722085, 3, 'Karsa', 1036, 1834302, 1);
INSERT INTO interacts VALUES(35614722085, 3, 'SwordArt', 2043, 1847972, 1);
INSERT INTO interacts VALUES(35614722085, 3, 'SwordArt', 2043, 1848163, 1);
INSERT INTO interacts VALUES(35614722085, 3, 'Darshan', 1057, 1876032, 1);
INSERT INTO interacts VALUES(35614722085, 3, 'Stixxay', 3035, 1876521, 1);
INSERT INTO interacts VALUES(35614722085, 3, 'Darshan', 2033, 1877823, 0);
INSERT INTO interacts VALUES(35614722085, 3, 'Darshan', 1031, 1878893, 1);
INSERT INTO interacts VALUES(35614722085, 3, 'aphromoo', 3190, 1879976, 1);
INSERT INTO interacts VALUES(35614722085, 3, 'Stixxay', 1055, 1880365, 0);
INSERT INTO interacts VALUES(35614722085, 3, 'Huhi', 1026, 1881637, 1);
INSERT INTO interacts VALUES(35614722085, 3, 'Stixxay', 1036, 1884099, 1);
INSERT INTO interacts VALUES(35614722085, 3, 'Huhi', 2043, 1884556, 1);
INSERT INTO interacts VALUES(35614722085, 3, 'Stixxay', 2140, 1885076, 1);
INSERT INTO interacts VALUES(35614722085, 3, 'aphromoo', 3114, 1887377, 1);
INSERT INTO interacts VALUES(35614722085, 3, 'aphromoo', 2043, 1888602, 1);
INSERT INTO interacts VALUES(35614722085, 3, 'aphromoo', 2043, 1888731, 1);
INSERT INTO interacts VALUES(35614722085, 3, 'aphromoo', 2010, 1888896, 1);
INSERT INTO interacts VALUES(35614722085, 3, 'aphromoo', 2010, 1889011, 1);
INSERT INTO interacts VALUES(35614722085, 3, 'Xmithie', 3052, 1905414, 1);
INSERT INTO interacts VALUES(35614722085, 3, 'Karsa', 3053, 1906068, 1);
INSERT INTO interacts VALUES(35614722085, 3, 'MMD', 1031, 1912372, 1);
INSERT INTO interacts VALUES(35614722085, 3, 'MMD', 1057, 1912714, 1);
INSERT INTO interacts VALUES(35614722085, 3, 'Stixxay', 3036, 2009214, 1);
INSERT INTO interacts VALUES(35614722085, 3, 'Stixxay', 2043, 2010690, 1);
INSERT INTO interacts VALUES(35614722085, 3, 'aphromoo', 1033, 2014677, 1);
INSERT INTO interacts VALUES(35614722085, 3, 'Maple', 3089, 2024746, 1);
INSERT INTO interacts VALUES(35614722085, 3, 'Huhi', 1052, 2024877, 1);
INSERT INTO interacts VALUES(35614722085, 3, 'NL', 3033, 2035164, 1);
INSERT INTO interacts VALUES(35614722085, 3, 'Maple', 2043, 2040714, 1);
INSERT INTO interacts VALUES(35614722085, 3, 'Maple', 2139, 2043315, 1);
INSERT INTO interacts VALUES(35614722085, 3, 'SwordArt', 1029, 2046573, 1);
INSERT INTO interacts VALUES(35614722085, 3, 'SwordArt', 2043, 2049583, 1);
INSERT INTO interacts VALUES(35614722085, 3, 'SwordArt', 2043, 2049717, 1);
INSERT INTO interacts VALUES(35614722085, 3, 'Huhi', 3135, 2051487, 1);
INSERT INTO interacts VALUES(35614722085, 3, 'Karsa', 1033, 2056783, 1);
INSERT INTO interacts VALUES(35614722085, 3, 'Darshan', 3026, 2059817, 1);
INSERT INTO interacts VALUES(35614722085, 3, 'MMD', 3026, 2066236, 1);
INSERT INTO interacts VALUES(35614722085, 3, 'Maple', 2043, 2115798, 1);
INSERT INTO interacts VALUES(35614722085, 3, 'MMD', 2043, 2148717, 1);
INSERT INTO interacts VALUES(35614722085, 3, 'SwordArt', 3024, 2158357, 1);
INSERT INTO interacts VALUES(35614722085, 3, 'SwordArt', 2043, 2158879, 1);
INSERT INTO interacts VALUES(35614722085, 3, 'aphromoo', 3222, 2164658, 1);
INSERT INTO interacts VALUES(35614722085, 3, 'aphromoo', 2043, 2165618, 1);
INSERT INTO interacts VALUES(35614722085, 3, 'aphromoo', 2043, 2165974, 1);
INSERT INTO interacts VALUES(35614722085, 3, 'aphromoo', 2010, 2166362, 1);
INSERT INTO interacts VALUES(35614722085, 3, 'aphromoo', 2010, 2166496, 1);
INSERT INTO interacts VALUES(35614722085, 3, 'Xmithie', 3053, 2169765, 1);
INSERT INTO interacts VALUES(35614722085, 3, 'Xmithie', 2032, 2171485, 0);
INSERT INTO interacts VALUES(35614722085, 3, 'Darshan', 1028, 2172132, 1);
INSERT INTO interacts VALUES(35614722085, 3, 'Karsa', 3140, 2173262, 1);
INSERT INTO interacts VALUES(35614722085, 3, 'Xmithie', 1038, 2173883, 1);
INSERT INTO interacts VALUES(35614722085, 3, 'Darshan', 2138, 2176673, 1);
INSERT INTO interacts VALUES(35614722085, 3, 'Huhi', 2139, 2177392, 1);
INSERT INTO interacts VALUES(35614722085, 3, 'Stixxay', 3155, 2179144, 1);
INSERT INTO interacts VALUES(35614722085, 3, 'Stixxay', 2140, 2179829, 1);
INSERT INTO interacts VALUES(35614722085, 3, 'Huhi', 1052, 2181666, 1);
INSERT INTO interacts VALUES(35614722085, 3, 'NL', 1055, 2184740, 0);
INSERT INTO interacts VALUES(35614722085, 3, 'NL', 3140, 2185211, 1);
INSERT INTO interacts VALUES(35614722085, 3, 'Karsa', 2140, 2251919, 1);
INSERT INTO interacts VALUES(35614722085, 3, 'Maple', 2043, 2253423, 1);
INSERT INTO interacts VALUES(35614722085, 3, 'Huhi', 3113, 2287608, 1);
INSERT INTO matches VALUES(35614722085, 4, '2016-05-13');
INSERT INTO scores VALUES('CLG', 35614722085, 4, 2, 10, 1, 1, 2, 1);
INSERT INTO scores VALUES('FW', 35614722085, 4, 0, 2, 0, 0, 1, 0);
INSERT INTO bans VALUES(35614722085, 4, 12, 1);
INSERT INTO bans VALUES(35614722085, 4, 7, 3);
INSERT INTO bans VALUES(35614722085, 4, 57, 5);
INSERT INTO bans VALUES(35614722085, 4, 236, 2);
INSERT INTO bans VALUES(35614722085, 4, 432, 4);
INSERT INTO bans VALUES(35614722085, 4, 16, 6);
INSERT INTO plays VALUES(35614722085, 4, 'Darshan', 78, 'Top', 2, 2, 9, 12900, 14, 2, 220, 0, 1, 12504);
INSERT INTO plays VALUES(35614722085, 4, 'Xmithie', 76, 'Jungle', 3, 1, 6, 11557, 26, 22, 44, 94, 26, 13030);
INSERT INTO plays VALUES(35614722085, 4, 'Huhi', 13, 'Mid', 4, 2, 5, 15425, 19, 7, 271, 13, 12, 14077);
INSERT INTO plays VALUES(35614722085, 4, 'Stixxay', 81, 'ADC', 6, 0, 5, 16717, 13, 5, 277, 5, 9, 14460);
INSERT INTO plays VALUES(35614722085, 4, 'aphromoo', 37, 'Support', 2, 2, 11, 5041, 30, 16, 19, 0, 1, 9700);
INSERT INTO plays VALUES(35614722085, 4, 'MMD', 245, 'Top', 1, 4, 1, 7983, 14, 0, 180, 7, 2, 8806);
INSERT INTO plays VALUES(35614722085, 4, 'Karsa', 203, 'Jungle', 3, 3, 2, 11259, 34, 8, 27, 53, 7, 8682);
INSERT INTO plays VALUES(35614722085, 4, 'Maple', 268, 'Mid', 2, 6, 2, 14167, 16, 2, 247, 14, 1, 10736);
INSERT INTO plays VALUES(35614722085, 4, 'NL', 15, 'ADC', 1, 2, 1, 14765, 16, 10, 287, 5, 0, 11149);
INSERT INTO plays VALUES(35614722085, 4, 'SwordArt', 43, 'Support', 0, 2, 2, 2760, 35, 5, 5, 0, 1, 6409);
INSERT INTO interacts VALUES(35614722085, 4, 'aphromoo', 3340, 1333, 1);
INSERT INTO interacts VALUES(35614722085, 4, 'Stixxay', 3340, 1516, 1);
INSERT INTO interacts VALUES(35614722085, 4, 'Maple', 1056, 1516, 1);
INSERT INTO interacts VALUES(35614722085, 4, 'aphromoo', 3303, 1594, 1);
INSERT INTO interacts VALUES(35614722085, 4, 'Xmithie', 3340, 1649, 1);
INSERT INTO interacts VALUES(35614722085, 4, 'SwordArt', 3340, 1684, 1);
INSERT INTO interacts VALUES(35614722085, 4, 'Stixxay', 2010, 1684, 1);
INSERT INTO interacts VALUES(35614722085, 4, 'Maple', 2003, 1780, 1);
INSERT INTO interacts VALUES(35614722085, 4, 'NL', 3340, 1857, 1);
INSERT INTO interacts VALUES(35614722085, 4, 'Maple', 2003, 1909, 1);
INSERT INTO interacts VALUES(35614722085, 4, 'SwordArt', 2010, 1974, 1);
INSERT INTO interacts VALUES(35614722085, 4, 'aphromoo', 2010, 2043, 1);
INSERT INTO interacts VALUES(35614722085, 4, 'Stixxay', 1055, 2076, 1);
INSERT INTO interacts VALUES(35614722085, 4, 'Maple', 3340, 2120, 1);
INSERT INTO interacts VALUES(35614722085, 4, 'SwordArt', 2010, 2120, 1);
INSERT INTO interacts VALUES(35614722085, 4, 'aphromoo', 2010, 2142, 1);
INSERT INTO interacts VALUES(35614722085, 4, 'Darshan', 2033, 2208, 1);
INSERT INTO interacts VALUES(35614722085, 4, 'aphromoo', 2010, 2208, 1);
INSERT INTO interacts VALUES(35614722085, 4, 'SwordArt', 2010, 2272, 1);
INSERT INTO interacts VALUES(35614722085, 4, 'NL', 2010, 2272, 1);
INSERT INTO interacts VALUES(35614722085, 4, 'SwordArt', 3303, 2473, 1);
INSERT INTO interacts VALUES(35614722085, 4, 'Darshan', 3340, 2565, 1);
INSERT INTO interacts VALUES(35614722085, 4, 'NL', 1055, 2565, 1);
INSERT INTO interacts VALUES(35614722085, 4, 'Huhi', 1027, 2653, 1);
INSERT INTO interacts VALUES(35614722085, 4, 'Xmithie', 1039, 2729, 1);
INSERT INTO interacts VALUES(35614722085, 4, 'MMD', 3340, 2831, 1);
INSERT INTO interacts VALUES(35614722085, 4, 'Xmithie', 2031, 2992, 1);
INSERT INTO interacts VALUES(35614722085, 4, 'Huhi', 2010, 3223, 1);
INSERT INTO interacts VALUES(35614722085, 4, 'Huhi', 2010, 3354, 1);
INSERT INTO interacts VALUES(35614722085, 4, 'Huhi', 2010, 3484, 1);
INSERT INTO interacts VALUES(35614722085, 4, 'Huhi', 3340, 3701, 1);
INSERT INTO interacts VALUES(35614722085, 4, 'Karsa', 1039, 4083, 1);
INSERT INTO interacts VALUES(35614722085, 4, 'Karsa', 2031, 4307, 1);
INSERT INTO interacts VALUES(35614722085, 4, 'MMD', 2033, 4571, 1);
INSERT INTO interacts VALUES(35614722085, 4, 'Karsa', 3340, 4604, 1);
INSERT INTO interacts VALUES(35614722085, 4, 'NL', 1036, 160174, 1);
INSERT INTO interacts VALUES(35614722085, 4, 'MMD', 2043, 162319, 1);
INSERT INTO interacts VALUES(35614722085, 4, 'Maple', 1056, 170172, 1);
INSERT INTO interacts VALUES(35614722085, 4, 'aphromoo', 1028, 170367, 1);
INSERT INTO interacts VALUES(35614722085, 4, 'aphromoo', 2043, 171113, 1);
INSERT INTO interacts VALUES(35614722085, 4, 'aphromoo', 2010, 171374, 1);
INSERT INTO interacts VALUES(35614722085, 4, 'Maple', 2043, 178448, 1);
INSERT INTO interacts VALUES(35614722085, 4, 'Maple', 2003, 180298, 1);
INSERT INTO interacts VALUES(35614722085, 4, 'Huhi', 3070, 191636, 1);
INSERT INTO interacts VALUES(35614722085, 4, 'Huhi', 2043, 192840, 1);
INSERT INTO interacts VALUES(35614722085, 4, 'Huhi', 2010, 195799, 1);
INSERT INTO interacts VALUES(35614722085, 4, 'Xmithie', 3711, 220121, 1);
INSERT INTO interacts VALUES(35614722085, 4, 'Darshan', 1028, 222649, 1);
INSERT INTO interacts VALUES(35614722085, 4, 'MMD', 1082, 231435, 1);
INSERT INTO interacts VALUES(35614722085, 4, 'Karsa', 3711, 271639, 1);
INSERT INTO interacts VALUES(35614722085, 4, 'Karsa', 1042, 272420, 1);
INSERT INTO interacts VALUES(35614722085, 4, 'Karsa', 2043, 272746, 1);
INSERT INTO interacts VALUES(35614722085, 4, 'Karsa', 2032, 276682, 1);
INSERT INTO interacts VALUES(35614722085, 4, 'Karsa', 2043, 276972, 1);
INSERT INTO interacts VALUES(35614722085, 4, 'Huhi', 1028, 280543, 1);
INSERT INTO interacts VALUES(35614722085, 4, 'Huhi', 2010, 284195, 1);
INSERT INTO interacts VALUES(35614722085, 4, 'Xmithie', 1052, 347814, 1);
INSERT INTO interacts VALUES(35614722085, 4, 'Xmithie', 2043, 352115, 1);
INSERT INTO interacts VALUES(35614722085, 4, 'Maple', 1042, 365268, 1);
INSERT INTO interacts VALUES(35614722085, 4, 'Maple', 1042, 365493, 1);
INSERT INTO interacts VALUES(35614722085, 4, 'Maple', 1001, 366830, 1);
INSERT INTO interacts VALUES(35614722085, 4, 'Huhi', 1027, 398914, 1);
INSERT INTO interacts VALUES(35614722085, 4, 'Huhi', 2010, 400264, 1);
INSERT INTO interacts VALUES(35614722085, 4, 'Darshan', 3211, 400930, 1);
INSERT INTO interacts VALUES(35614722085, 4, 'Darshan', 1028, 401674, 1);
INSERT INTO interacts VALUES(35614722085, 4, 'Huhi', 2010, 403497, 1);
INSERT INTO interacts VALUES(35614722085, 4, 'Huhi', 2010, 403943, 1);
INSERT INTO interacts VALUES(35614722085, 4, 'Darshan', 2043, 406844, 1);
INSERT INTO interacts VALUES(35614722085, 4, 'MMD', 3057, 408257, 1);
INSERT INTO interacts VALUES(35614722085, 4, 'Karsa', 1043, 476359, 1);
INSERT INTO interacts VALUES(35614722085, 4, 'Karsa', 2043, 476850, 1);
INSERT INTO interacts VALUES(35614722085, 4, 'Huhi', 3010, 479554, 1);
INSERT INTO interacts VALUES(35614722085, 4, 'NL', 1038, 486514, 1);
INSERT INTO interacts VALUES(35614722085, 4, 'NL', 1001, 487370, 1);
INSERT INTO interacts VALUES(35614722085, 4, 'SwordArt', 2049, 487437, 1);
INSERT INTO interacts VALUES(35614722085, 4, 'NL', 2010, 487693, 1);
INSERT INTO interacts VALUES(35614722085, 4, 'NL', 2043, 488442, 1);
INSERT INTO interacts VALUES(35614722085, 4, 'SwordArt', 2043, 489190, 1);
INSERT INTO interacts VALUES(35614722085, 4, 'SwordArt', 2043, 489356, 1);
INSERT INTO interacts VALUES(35614722085, 4, 'aphromoo', 2049, 514162, 1);
INSERT INTO interacts VALUES(35614722085, 4, 'aphromoo', 1001, 516559, 1);
INSERT INTO interacts VALUES(35614722085, 4, 'aphromoo', 3341, 518200, 1);
INSERT INTO interacts VALUES(35614722085, 4, 'Stixxay', 3004, 518306, 1);
INSERT INTO interacts VALUES(35614722085, 4, 'aphromoo', 2043, 518678, 1);
INSERT INTO interacts VALUES(35614722085, 4, 'aphromoo', 2010, 518876, 1);
INSERT INTO interacts VALUES(35614722085, 4, 'aphromoo', 2010, 518997, 1);
INSERT INTO interacts VALUES(35614722085, 4, 'aphromoo', 2010, 519105, 1);
INSERT INTO interacts VALUES(35614722085, 4, 'Stixxay', 2043, 519955, 1);
INSERT INTO interacts VALUES(35614722085, 4, 'MMD', 1028, 522276, 1);
INSERT INTO interacts VALUES(35614722085, 4, 'MMD', 1001, 523743, 1);
INSERT INTO interacts VALUES(35614722085, 4, 'Maple', 3101, 543963, 1);
INSERT INTO interacts VALUES(35614722085, 4, 'Maple', 1052, 545465, 1);
INSERT INTO interacts VALUES(35614722085, 4, 'Maple', 2043, 547161, 1);
INSERT INTO interacts VALUES(35614722085, 4, 'Xmithie', 1410, 583175, 1);
INSERT INTO interacts VALUES(35614722085, 4, 'Xmithie', 2043, 584830, 1);
INSERT INTO interacts VALUES(35614722085, 4, 'Karsa', 1411, 600577, 1);
INSERT INTO interacts VALUES(35614722085, 4, 'Karsa', 1029, 601587, 1);
INSERT INTO interacts VALUES(35614722085, 4, 'Karsa', 1001, 602913, 1);
INSERT INTO interacts VALUES(35614722085, 4, 'MMD', 3751, 672549, 1);
INSERT INTO interacts VALUES(35614722085, 4, 'Darshan', 3057, 700553, 1);
INSERT INTO interacts VALUES(35614722085, 4, 'Darshan', 1001, 702131, 1);
INSERT INTO interacts VALUES(35614722085, 4, 'Stixxay', 3057, 703480, 1);
INSERT INTO interacts VALUES(35614722085, 4, 'Darshan', 1028, 704247, 1);
INSERT INTO interacts VALUES(35614722085, 4, 'Stixxay', 1001, 704613, 1);
INSERT INTO interacts VALUES(35614722085, 4, 'NL', 3133, 706684, 1);
INSERT INTO interacts VALUES(35614722085, 4, 'NL', 1042, 711017, 1);
INSERT INTO interacts VALUES(35614722085, 4, 'SwordArt', 1001, 715708, 1);
INSERT INTO interacts VALUES(35614722085, 4, 'SwordArt', 3341, 716590, 1);
INSERT INTO interacts VALUES(35614722085, 4, 'SwordArt', 2043, 716947, 1);
INSERT INTO interacts VALUES(35614722085, 4, 'SwordArt', 2043, 717112, 1);
INSERT INTO interacts VALUES(35614722085, 4, 'SwordArt', 2010, 717405, 1);
INSERT INTO interacts VALUES(35614722085, 4, 'Huhi', 3027, 725857, 1);
INSERT INTO interacts VALUES(35614722085, 4, 'Huhi', 2010, 726719, 1);
INSERT INTO interacts VALUES(35614722085, 4, 'Xmithie', 3009, 729119, 1);
INSERT INTO interacts VALUES(35614722085, 4, 'Xmithie', 2043, 730305, 1);
INSERT INTO interacts VALUES(35614722085, 4, 'aphromoo', 3117, 731175, 1);
INSERT INTO interacts VALUES(35614722085, 4, 'aphromoo', 2010, 734553, 0);
INSERT INTO interacts VALUES(35614722085, 4, 'aphromoo', 1328, 740322, 1);
INSERT INTO interacts VALUES(35614722085, 4, 'Karsa', 3009, 771120, 1);
INSERT INTO interacts VALUES(35614722085, 4, 'Karsa', 2043, 771411, 1);
INSERT INTO interacts VALUES(35614722085, 4, 'Maple', 3115, 776204, 1);
INSERT INTO interacts VALUES(35614722085, 4, 'Maple', 2043, 777149, 1);
INSERT INTO interacts VALUES(35614722085, 4, 'Maple', 2003, 777410, 1);
INSERT INTO interacts VALUES(35614722085, 4, 'Maple', 3363, 778295, 1);
INSERT INTO interacts VALUES(35614722085, 4, 'SwordArt', 2031, 792794, 1);
INSERT INTO interacts VALUES(35614722085, 4, 'Huhi', 1001, 810931, 1);
INSERT INTO interacts VALUES(35614722085, 4, 'Huhi', 2010, 811650, 1);
INSERT INTO interacts VALUES(35614722085, 4, 'Huhi', 2010, 811843, 1);
INSERT INTO interacts VALUES(35614722085, 4, 'Huhi', 3363, 831174, 1);
INSERT INTO interacts VALUES(35614722085, 4, 'Maple', 2043, 833793, 1);
INSERT INTO interacts VALUES(35614722085, 4, 'Maple', 2003, 833978, 1);
INSERT INTO interacts VALUES(35614722085, 4, 'Karsa', 1042, 865664, 1);
INSERT INTO interacts VALUES(35614722085, 4, 'Karsa', 1042, 865825, 1);
INSERT INTO interacts VALUES(35614722085, 4, 'Karsa', 3364, 866609, 1);
INSERT INTO interacts VALUES(35614722085, 4, 'Karsa', 2043, 871477, 1);
INSERT INTO interacts VALUES(35614722085, 4, 'MMD', 3024, 882049, 1);
INSERT INTO interacts VALUES(35614722085, 4, 'aphromoo', 2301, 883646, 1);
INSERT INTO interacts VALUES(35614722085, 4, 'aphromoo', 2010, 885017, 1);
INSERT INTO interacts VALUES(35614722085, 4, 'Stixxay', 3024, 888411, 1);
INSERT INTO interacts VALUES(35614722085, 4, 'Stixxay', 3363, 889282, 1);
INSERT INTO interacts VALUES(35614722085, 4, 'Darshan', 3065, 901086, 1);
INSERT INTO interacts VALUES(35614722085, 4, 'Darshan', 3009, 910905, 1);
INSERT INTO interacts VALUES(35614722085, 4, 'Darshan', 3067, 912991, 1);
INSERT INTO interacts VALUES(35614722085, 4, 'NL', 3508, 915178, 1);
INSERT INTO interacts VALUES(35614722085, 4, 'NL', 3363, 916705, 1);
INSERT INTO interacts VALUES(35614722085, 4, 'NL', 2043, 917029, 1);
INSERT INTO interacts VALUES(35614722085, 4, 'SwordArt', 3158, 926254, 1);
INSERT INTO interacts VALUES(35614722085, 4, 'SwordArt', 2043, 927269, 1);
INSERT INTO interacts VALUES(35614722085, 4, 'SwordArt', 2043, 927429, 1);
INSERT INTO interacts VALUES(35614722085, 4, 'Huhi', 3020, 928692, 1);
INSERT INTO interacts VALUES(35614722085, 4, 'SwordArt', 1004, 929185, 1);
INSERT INTO interacts VALUES(35614722085, 4, 'Xmithie', 1058, 942603, 1);
INSERT INTO interacts VALUES(35614722085, 4, 'Xmithie', 1028, 945444, 1);
INSERT INTO interacts VALUES(35614722085, 4, 'Xmithie', 2043, 946744, 1);
INSERT INTO interacts VALUES(35614722085, 4, 'Xmithie', 3364, 947136, 1);
INSERT INTO interacts VALUES(35614722085, 4, 'Stixxay', 3025, 950622, 1);
INSERT INTO interacts VALUES(35614722085, 4, 'MMD', 3025, 951435, 1);
INSERT INTO interacts VALUES(35614722085, 4, 'Stixxay', 2010, 952499, 1);
INSERT INTO interacts VALUES(35614722085, 4, 'MMD', 2043, 953354, 1);
INSERT INTO interacts VALUES(35614722085, 4, 'Xmithie', 2032, 957670, 1);
INSERT INTO interacts VALUES(35614722085, 4, 'Karsa', 1033, 1036279, 1);
INSERT INTO interacts VALUES(35614722085, 4, 'Maple', 1058, 1036578, 1);
INSERT INTO interacts VALUES(35614722085, 4, 'Maple', 2043, 1044990, 1);
INSERT INTO interacts VALUES(35614722085, 4, 'SwordArt', 3098, 1055218, 1);
INSERT INTO interacts VALUES(35614722085, 4, 'MMD', 1028, 1081237, 1);
INSERT INTO interacts VALUES(35614722085, 4, 'aphromoo', 3801, 1084712, 1);
INSERT INTO interacts VALUES(35614722085, 4, 'aphromoo', 2043, 1086375, 1);
INSERT INTO interacts VALUES(35614722085, 4, 'aphromoo', 2010, 1086601, 1);
INSERT INTO interacts VALUES(35614722085, 4, 'aphromoo', 2010, 1086801, 1);
INSERT INTO interacts VALUES(35614722085, 4, 'Darshan', 3065, 1086977, 1);
INSERT INTO interacts VALUES(35614722085, 4, 'Darshan', 1029, 1088557, 1);
INSERT INTO interacts VALUES(35614722085, 4, 'Stixxay', 3158, 1099147, 1);
INSERT INTO interacts VALUES(35614722085, 4, 'Stixxay', 1036, 1099785, 1);
INSERT INTO interacts VALUES(35614722085, 4, 'Stixxay', 1036, 1099929, 1);
INSERT INTO interacts VALUES(35614722085, 4, 'Huhi', 1058, 1109278, 1);
INSERT INTO interacts VALUES(35614722085, 4, 'NL', 3086, 1111296, 1);
INSERT INTO interacts VALUES(35614722085, 4, 'NL', 1042, 1111690, 1);
INSERT INTO interacts VALUES(35614722085, 4, 'Huhi', 2010, 1111823, 1);
INSERT INTO interacts VALUES(35614722085, 4, 'Huhi', 2010, 1111952, 1);
INSERT INTO interacts VALUES(35614722085, 4, 'aphromoo', 2043, 1179836, 1);
INSERT INTO interacts VALUES(35614722085, 4, 'SwordArt', 2301, 1189974, 1);
INSERT INTO interacts VALUES(35614722085, 4, 'Maple', 3009, 1193973, 1);
INSERT INTO interacts VALUES(35614722085, 4, 'Karsa', 3155, 1203523, 1);
INSERT INTO interacts VALUES(35614722085, 4, 'Xmithie', 3116, 1216659, 1);
INSERT INTO interacts VALUES(35614722085, 4, 'Xmithie', 2043, 1217801, 1);
INSERT INTO interacts VALUES(35614722085, 4, 'Stixxay', 1053, 1222693, 1);
INSERT INTO interacts VALUES(35614722085, 4, 'Darshan', 1031, 1238356, 1);
INSERT INTO interacts VALUES(35614722085, 4, 'aphromoo', 1033, 1238810, 1);
INSERT INTO interacts VALUES(35614722085, 4, 'Darshan', 3751, 1239791, 1);
INSERT INTO interacts VALUES(35614722085, 4, 'NL', 3087, 1240767, 1);
INSERT INTO interacts VALUES(35614722085, 4, 'aphromoo', 2043, 1247528, 1);
INSERT INTO interacts VALUES(35614722085, 4, 'MMD', 3211, 1262840, 1);
INSERT INTO interacts VALUES(35614722085, 4, 'Huhi', 3003, 1268238, 1);
INSERT INTO interacts VALUES(35614722085, 4, 'Huhi', 2043, 1268835, 1);
INSERT INTO interacts VALUES(35614722085, 4, 'Huhi', 2010, 1269050, 1);
INSERT INTO interacts VALUES(35614722085, 4, 'Maple', 2043, 1326648, 0);
INSERT INTO interacts VALUES(35614722085, 4, 'Maple', 1011, 1328577, 1);
INSERT INTO interacts VALUES(35614722085, 4, 'SwordArt', 3801, 1335252, 1);
INSERT INTO interacts VALUES(35614722085, 4, 'Karsa', 2032, 1355518, 0);
INSERT INTO interacts VALUES(35614722085, 4, 'Karsa', 3086, 1356496, 1);
INSERT INTO interacts VALUES(35614722085, 4, 'Huhi', 1026, 1380953, 1);
INSERT INTO interacts VALUES(35614722085, 4, 'Huhi', 2139, 1381511, 1);
INSERT INTO interacts VALUES(35614722085, 4, 'Huhi', 1313, 1383112, 1);
INSERT INTO interacts VALUES(35614722085, 4, 'Huhi', 2043, 1388769, 1);
INSERT INTO interacts VALUES(35614722085, 4, 'Darshan', 3068, 1405379, 1);
INSERT INTO interacts VALUES(35614722085, 4, 'NL', 1038, 1406296, 1);
INSERT INTO interacts VALUES(35614722085, 4, 'Darshan', 1308, 1406856, 1);
INSERT INTO interacts VALUES(35614722085, 4, 'aphromoo', 3105, 1407049, 1);
INSERT INTO interacts VALUES(35614722085, 4, 'NL', 2043, 1407571, 1);
INSERT INTO interacts VALUES(35614722085, 4, 'Darshan', 1029, 1407929, 1);
INSERT INTO interacts VALUES(35614722085, 4, 'aphromoo', 3364, 1409300, 1);
INSERT INTO interacts VALUES(35614722085, 4, 'aphromoo', 2043, 1410998, 1);
INSERT INTO interacts VALUES(35614722085, 4, 'aphromoo', 1028, 1413213, 1);
INSERT INTO interacts VALUES(35614722085, 4, 'aphromoo', 2010, 1413997, 1);
INSERT INTO interacts VALUES(35614722085, 4, 'aphromoo', 2010, 1414096, 1);
INSERT INTO interacts VALUES(35614722085, 4, 'Karsa', 2043, 1437393, 1);
INSERT INTO interacts VALUES(35614722085, 4, 'Karsa', 2043, 1437559, 1);
INSERT INTO interacts VALUES(35614722085, 4, 'MMD', 1323, 1448723, 1);
INSERT INTO interacts VALUES(35614722085, 4, 'Huhi', 2010, 1449765, 0);
INSERT INTO interacts VALUES(35614722085, 4, 'Huhi', 1052, 1452720, 1);
INSERT INTO interacts VALUES(35614722085, 4, 'Stixxay', 3153, 1471236, 1);
INSERT INTO interacts VALUES(35614722085, 4, 'Xmithie', 1058, 1471331, 1);
INSERT INTO interacts VALUES(35614722085, 4, 'Stixxay', 2043, 1471760, 1);
INSERT INTO interacts VALUES(35614722085, 4, 'Xmithie', 2043, 1472708, 1);
INSERT INTO interacts VALUES(35614722085, 4, 'Xmithie', 2043, 1472803, 1);
INSERT INTO interacts VALUES(35614722085, 4, 'Maple', 3116, 1479848, 1);
INSERT INTO interacts VALUES(35614722085, 4, 'Maple', 2043, 1481034, 1);
INSERT INTO interacts VALUES(35614722085, 4, 'Huhi', 3135, 1587231, 1);
INSERT INTO interacts VALUES(35614722085, 4, 'Darshan', 3025, 1619669, 1);
INSERT INTO interacts VALUES(35614722085, 4, 'Karsa', 1043, 1620458, 1);
INSERT INTO interacts VALUES(35614722085, 4, 'Karsa', 2043, 1620932, 1);
INSERT INTO interacts VALUES(35614722085, 4, 'Darshan', 2138, 1621251, 1);
INSERT INTO interacts VALUES(35614722085, 4, 'Maple', 1026, 1635670, 1);
INSERT INTO interacts VALUES(35614722085, 4, 'SwordArt', 3105, 1640478, 1);
INSERT INTO interacts VALUES(35614722085, 4, 'SwordArt', 3364, 1642339, 1);
INSERT INTO interacts VALUES(35614722085, 4, 'SwordArt', 2043, 1642606, 1);
INSERT INTO interacts VALUES(35614722085, 4, 'SwordArt', 2043, 1642783, 1);
INSERT INTO interacts VALUES(35614722085, 4, 'Huhi', 1031, 1688638, 1);
INSERT INTO interacts VALUES(35614722085, 4, 'Huhi', 1057, 1688879, 1);
INSERT INTO interacts VALUES(35614722085, 4, 'Darshan', 1033, 1689202, 1);
INSERT INTO interacts VALUES(35614722085, 4, 'aphromoo', 3190, 1689562, 1);
INSERT INTO interacts VALUES(35614722085, 4, 'Xmithie', 3157, 1692858, 1);
INSERT INTO interacts VALUES(35614722085, 4, 'aphromoo', 3114, 1693607, 1);
INSERT INTO interacts VALUES(35614722085, 4, 'aphromoo', 3114, 1694058, 1);
INSERT INTO interacts VALUES(35614722085, 4, 'Karsa', 2043, 1694941, 0);
INSERT INTO interacts VALUES(35614722085, 4, 'aphromoo', 3028, 1695495, 1);
INSERT INTO interacts VALUES(35614722085, 4, 'Karsa', 3085, 1695924, 1);
INSERT INTO interacts VALUES(35614722085, 4, 'Xmithie', 2139, 1696407, 1);
INSERT INTO interacts VALUES(35614722085, 4, 'Stixxay', 3033, 1699209, 1);
INSERT INTO interacts VALUES(35614722085, 4, 'NL', 1037, 1701565, 1);
INSERT INTO interacts VALUES(35614722085, 4, 'NL', 3006, 1702915, 1);
INSERT INTO interacts VALUES(35614722085, 4, 'MMD', 1082, 1712893, 0);
INSERT INTO interacts VALUES(35614722085, 4, 'MMD', 3067, 1714329, 1);
INSERT INTO interacts VALUES(35614722085, 4, 'Maple', 2139, 1740234, 1);
INSERT INTO interacts VALUES(35614722085, 4, 'Karsa', 1042, 1789638, 1);
INSERT INTO interacts VALUES(35614722085, 4, 'Karsa', 1042, 1789778, 1);
INSERT INTO interacts VALUES(35614722085, 4, 'Huhi', 3026, 1793556, 1);
INSERT INTO interacts VALUES(35614722085, 4, 'MMD', 2033, 1799276, 0);
INSERT INTO interacts VALUES(35614722085, 4, 'MMD', 3065, 1800721, 1);
INSERT INTO series VALUES(588026219053, 1);
INSERT INTO organizes VALUES('msi_2016', 588026219053, 'group_stage - CLG-vs-G2');
INSERT INTO competes VALUES(588026219053, 'CLG', 1);
INSERT INTO competes VALUES(588026219053, 'G2', 0);
INSERT INTO matches VALUES(588026219053, 1, '2016-05-04');
INSERT INTO scores VALUES('CLG', 588026219053, 1, 1, 9, 1, 1, 3, 1);
INSERT INTO scores VALUES('G2', 588026219053, 1, 0, 1, 0, 0, 0, 0);
INSERT INTO bans VALUES(588026219053, 1, 48, 1);
INSERT INTO bans VALUES(588026219053, 1, 238, 3);
INSERT INTO bans VALUES(588026219053, 1, 57, 5);
INSERT INTO bans VALUES(588026219053, 1, 51, 2);
INSERT INTO bans VALUES(588026219053, 1, 76, 4);
INSERT INTO bans VALUES(588026219053, 1, 12, 6);
INSERT INTO plays VALUES(588026219053, 1, 'Darshan', 78, 'Top', 6, 0, 2, 12021, 18, 2, 186, 1, 7, 11914);
INSERT INTO plays VALUES(588026219053, 1, 'Xmithie', 203, 'Jungle', 2, 0, 7, 11976, 19, 15, 45, 57, 22, 11222);
INSERT INTO plays VALUES(588026219053, 1, 'Huhi', 268, 'Mid', 4, 2, 5, 23253, 19, 1, 209, 37, 0, 12388);
INSERT INTO plays VALUES(588026219053, 1, 'Stixxay', 236, 'ADC', 6, 1, 7, 17067, 12, 8, 262, 9, 6, 14357);
INSERT INTO plays VALUES(588026219053, 1, 'aphromoo', 16, 'Support', 0, 1, 13, 2281, 28, 8, 17, 0, 0, 8693);
INSERT INTO plays VALUES(588026219053, 1, 'Kikis', 245, 'Top', 0, 3, 0, 6891, 14, 4, 226, 5, 0, 9196);
INSERT INTO plays VALUES(588026219053, 1, 'Trick', 104, 'Jungle', 0, 4, 2, 6573, 28, 16, 46, 91, 2, 8903);
INSERT INTO plays VALUES(588026219053, 1, 'Perkz', 13, 'Mid', 3, 4, 0, 11008, 13, 3, 262, 6, 0, 11328);
INSERT INTO plays VALUES(588026219053, 1, 'Emperor', 81, 'ADC', 0, 2, 1, 13047, 10, 6, 214, 12, 0, 9885);
INSERT INTO plays VALUES(588026219053, 1, 'Hybrid', 432, 'Support', 1, 5, 0, 4330, 36, 12, 14, 0, 0, 6178);
INSERT INTO interacts VALUES(588026219053, 1, 'Stixxay', 3340, 1261, 1);
INSERT INTO interacts VALUES(588026219053, 1, 'Stixxay', 2010, 1460, 1);
INSERT INTO interacts VALUES(588026219053, 1, 'Huhi', 1056, 1596, 1);
INSERT INTO interacts VALUES(588026219053, 1, 'Stixxay', 1055, 1688, 1);
INSERT INTO interacts VALUES(588026219053, 1, 'aphromoo', 3340, 1754, 1);
INSERT INTO interacts VALUES(588026219053, 1, 'Huhi', 2010, 1788, 1);
INSERT INTO interacts VALUES(588026219053, 1, 'Hybrid', 3303, 1819, 1);
INSERT INTO interacts VALUES(588026219053, 1, 'Huhi', 2010, 1950, 1);
INSERT INTO interacts VALUES(588026219053, 1, 'Hybrid', 2010, 2013, 1);
INSERT INTO interacts VALUES(588026219053, 1, 'Huhi', 3340, 2143, 1);
INSERT INTO interacts VALUES(588026219053, 1, 'Hybrid', 2010, 2177, 1);
INSERT INTO interacts VALUES(588026219053, 1, 'Hybrid', 2010, 2273, 1);
INSERT INTO interacts VALUES(588026219053, 1, 'Trick', 1039, 2306, 1);
INSERT INTO interacts VALUES(588026219053, 1, 'Trick', 2031, 2501, 1);
INSERT INTO interacts VALUES(588026219053, 1, 'Hybrid', 3340, 2565, 1);
INSERT INTO interacts VALUES(588026219053, 1, 'Xmithie', 3340, 2599, 1);
INSERT INTO interacts VALUES(588026219053, 1, 'Darshan', 3340, 2664, 1);
INSERT INTO interacts VALUES(588026219053, 1, 'aphromoo', 3303, 2826, 1);
INSERT INTO interacts VALUES(588026219053, 1, 'Emperor', 1055, 2826, 1);
INSERT INTO interacts VALUES(588026219053, 1, 'Trick', 3340, 2958, 1);
INSERT INTO interacts VALUES(588026219053, 1, 'Darshan', 2033, 2989, 1);
INSERT INTO interacts VALUES(588026219053, 1, 'aphromoo', 2010, 3246, 1);
INSERT INTO interacts VALUES(588026219053, 1, 'aphromoo', 2010, 3349, 1);
INSERT INTO interacts VALUES(588026219053, 1, 'Emperor', 3340, 3445, 1);
INSERT INTO interacts VALUES(588026219053, 1, 'Kikis', 2033, 3482, 1);
INSERT INTO interacts VALUES(588026219053, 1, 'aphromoo', 2010, 3578, 1);
INSERT INTO interacts VALUES(588026219053, 1, 'Emperor', 2010, 3777, 1);
INSERT INTO interacts VALUES(588026219053, 1, 'Xmithie', 1039, 4034, 1);
INSERT INTO interacts VALUES(588026219053, 1, 'Kikis', 3340, 4034, 1);
INSERT INTO interacts VALUES(588026219053, 1, 'Xmithie', 2031, 4362, 1);
INSERT INTO interacts VALUES(588026219053, 1, 'Perkz', 1027, 5143, 1);
INSERT INTO interacts VALUES(588026219053, 1, 'Perkz', 2031, 5778, 1);
INSERT INTO interacts VALUES(588026219053, 1, 'Perkz', 3340, 6156, 1);
INSERT INTO interacts VALUES(588026219053, 1, 'Kikis', 1082, 198419, 1);
INSERT INTO interacts VALUES(588026219053, 1, 'aphromoo', 1001, 200333, 1);
INSERT INTO interacts VALUES(588026219053, 1, 'Trick', 1041, 200777, 1);
INSERT INTO interacts VALUES(588026219053, 1, 'aphromoo', 2010, 201507, 1);
INSERT INTO interacts VALUES(588026219053, 1, 'Emperor', 2010, 201580, 1);
INSERT INTO interacts VALUES(588026219053, 1, 'Trick', 2043, 202673, 1);
INSERT INTO interacts VALUES(588026219053, 1, 'Hybrid', 1028, 204623, 1);
INSERT INTO interacts VALUES(588026219053, 1, 'Hybrid', 2043, 205147, 1);
INSERT INTO interacts VALUES(588026219053, 1, 'Hybrid', 2010, 205339, 1);
INSERT INTO interacts VALUES(588026219053, 1, 'Darshan', 3211, 209939, 1);
INSERT INTO interacts VALUES(588026219053, 1, 'Darshan', 2043, 211334, 1);
INSERT INTO interacts VALUES(588026219053, 1, 'Stixxay', 1038, 223496, 1);
INSERT INTO interacts VALUES(588026219053, 1, 'Perkz', 3070, 223570, 1);
INSERT INTO interacts VALUES(588026219053, 1, 'Stixxay', 2010, 223728, 1);
INSERT INTO interacts VALUES(588026219053, 1, 'Stixxay', 2043, 224946, 1);
INSERT INTO interacts VALUES(588026219053, 1, 'Perkz', 2043, 228372, 1);
INSERT INTO interacts VALUES(588026219053, 1, 'Huhi', 1056, 245498, 1);
INSERT INTO interacts VALUES(588026219053, 1, 'Huhi', 1042, 248066, 1);
INSERT INTO interacts VALUES(588026219053, 1, 'Huhi', 2031, 249076, 1);
INSERT INTO interacts VALUES(588026219053, 1, 'Huhi', 2043, 253814, 1);
INSERT INTO interacts VALUES(588026219053, 1, 'Hybrid', 1001, 296074, 1);
INSERT INTO interacts VALUES(588026219053, 1, 'Xmithie', 3715, 333565, 1);
INSERT INTO interacts VALUES(588026219053, 1, 'Xmithie', 1001, 334087, 1);
INSERT INTO interacts VALUES(588026219053, 1, 'Xmithie', 2043, 334549, 1);
INSERT INTO interacts VALUES(588026219053, 1, 'Stixxay', 1036, 341745, 1);
INSERT INTO interacts VALUES(588026219053, 1, 'Stixxay', 1036, 341873, 1);
INSERT INTO interacts VALUES(588026219053, 1, 'Stixxay', 2010, 342560, 1);
INSERT INTO interacts VALUES(588026219053, 1, 'aphromoo', 1028, 342905, 1);
INSERT INTO interacts VALUES(588026219053, 1, 'Stixxay', 2010, 344477, 1);
INSERT INTO interacts VALUES(588026219053, 1, 'aphromoo', 2043, 344485, 1);
INSERT INTO interacts VALUES(588026219053, 1, 'Kikis', 1056, 346066, 1);
INSERT INTO interacts VALUES(588026219053, 1, 'aphromoo', 2010, 346238, 1);
INSERT INTO interacts VALUES(588026219053, 1, 'Kikis', 2043, 347996, 1);
INSERT INTO interacts VALUES(588026219053, 1, 'Trick', 3711, 368997, 1);
INSERT INTO interacts VALUES(588026219053, 1, 'Trick', 1036, 369260, 1);
INSERT INTO interacts VALUES(588026219053, 1, 'Trick', 1036, 370106, 1);
INSERT INTO interacts VALUES(588026219053, 1, 'Perkz', 1027, 372249, 1);
INSERT INTO interacts VALUES(588026219053, 1, 'Perkz', 1001, 372841, 1);
INSERT INTO interacts VALUES(588026219053, 1, 'Perkz', 2043, 375928, 1);
INSERT INTO interacts VALUES(588026219053, 1, 'Darshan', 3009, 402179, 1);
INSERT INTO interacts VALUES(588026219053, 1, 'Emperor', 3070, 446632, 1);
INSERT INTO interacts VALUES(588026219053, 1, 'Huhi', 3101, 447248, 1);
INSERT INTO interacts VALUES(588026219053, 1, 'Emperor', 1083, 451258, 1);
INSERT INTO interacts VALUES(588026219053, 1, 'Emperor', 2010, 452141, 1);
INSERT INTO interacts VALUES(588026219053, 1, 'Huhi', 2043, 459536, 1);
INSERT INTO interacts VALUES(588026219053, 1, 'Trick', 3133, 487800, 1);
INSERT INTO interacts VALUES(588026219053, 1, 'Trick', 2043, 488291, 1);
INSERT INTO interacts VALUES(588026219053, 1, 'Perkz', 3010, 490306, 1);
INSERT INTO interacts VALUES(588026219053, 1, 'aphromoo', 2049, 507357, 1);
INSERT INTO interacts VALUES(588026219053, 1, 'aphromoo', 3341, 508456, 1);
INSERT INTO interacts VALUES(588026219053, 1, 'Stixxay', 1018, 508731, 1);
INSERT INTO interacts VALUES(588026219053, 1, 'Stixxay', 3133, 509089, 1);
INSERT INTO interacts VALUES(588026219053, 1, 'aphromoo', 2043, 509780, 1);
INSERT INTO interacts VALUES(588026219053, 1, 'Stixxay', 2010, 509876, 1);
INSERT INTO interacts VALUES(588026219053, 1, 'aphromoo', 2010, 510067, 1);
INSERT INTO interacts VALUES(588026219053, 1, 'Xmithie', 1043, 510102, 1);
INSERT INTO interacts VALUES(588026219053, 1, 'aphromoo', 2010, 510168, 1);
INSERT INTO interacts VALUES(588026219053, 1, 'aphromoo', 2010, 510283, 1);
INSERT INTO interacts VALUES(588026219053, 1, 'Xmithie', 2043, 511507, 1);
INSERT INTO interacts VALUES(588026219053, 1, 'Kikis', 3751, 524863, 1);
INSERT INTO interacts VALUES(588026219053, 1, 'Darshan', 3751, 550082, 1);
INSERT INTO interacts VALUES(588026219053, 1, 'Hybrid', 2049, 603857, 1);
INSERT INTO interacts VALUES(588026219053, 1, 'Hybrid', 3341, 604507, 1);
INSERT INTO interacts VALUES(588026219053, 1, 'Hybrid', 1028, 607511, 1);
INSERT INTO interacts VALUES(588026219053, 1, 'Hybrid', 2043, 612159, 1);
INSERT INTO interacts VALUES(588026219053, 1, 'Trick', 1408, 629469, 1);
INSERT INTO interacts VALUES(588026219053, 1, 'Trick', 2043, 630613, 1);
INSERT INTO interacts VALUES(588026219053, 1, 'Perkz', 3009, 631593, 1);
INSERT INTO interacts VALUES(588026219053, 1, 'Emperor', 3057, 649155, 1);
INSERT INTO interacts VALUES(588026219053, 1, 'Huhi', 3108, 653073, 1);
INSERT INTO interacts VALUES(588026219053, 1, 'Emperor', 2043, 653463, 1);
INSERT INTO interacts VALUES(588026219053, 1, 'Huhi', 1001, 654961, 1);
INSERT INTO interacts VALUES(588026219053, 1, 'aphromoo', 3158, 683183, 1);
INSERT INTO interacts VALUES(588026219053, 1, 'Xmithie', 1415, 684192, 1);
INSERT INTO interacts VALUES(588026219053, 1, 'aphromoo', 2010, 684624, 1);
INSERT INTO interacts VALUES(588026219053, 1, 'aphromoo', 2010, 684817, 1);
INSERT INTO interacts VALUES(588026219053, 1, 'Xmithie', 2043, 685599, 1);
INSERT INTO interacts VALUES(588026219053, 1, 'Xmithie', 2032, 685964, 1);
INSERT INTO interacts VALUES(588026219053, 1, 'Stixxay', 3508, 697156, 1);
INSERT INTO interacts VALUES(588026219053, 1, 'Stixxay', 1001, 698272, 1);
INSERT INTO interacts VALUES(588026219053, 1, 'Stixxay', 1042, 698603, 1);
INSERT INTO interacts VALUES(588026219053, 1, 'Stixxay', 2043, 699394, 1);
INSERT INTO interacts VALUES(588026219053, 1, 'Kikis', 1031, 701948, 1);
INSERT INTO interacts VALUES(588026219053, 1, 'Darshan', 3057, 721307, 1);
INSERT INTO interacts VALUES(588026219053, 1, 'Perkz', 1026, 723211, 1);
INSERT INTO interacts VALUES(588026219053, 1, 'Perkz', 3363, 723843, 1);
INSERT INTO interacts VALUES(588026219053, 1, 'Hybrid', 2043, 730887, 1);
INSERT INTO interacts VALUES(588026219053, 1, 'Hybrid', 2010, 731361, 1);
INSERT INTO interacts VALUES(588026219053, 1, 'Huhi', 3115, 774459, 1);
INSERT INTO interacts VALUES(588026219053, 1, 'Huhi', 2043, 776006, 1);
INSERT INTO interacts VALUES(588026219053, 1, 'Kikis', 3068, 879197, 1);
INSERT INTO interacts VALUES(588026219053, 1, 'Perkz', 3027, 881317, 1);
INSERT INTO interacts VALUES(588026219053, 1, 'Kikis', 1001, 888156, 1);
INSERT INTO interacts VALUES(588026219053, 1, 'Trick', 3009, 902531, 1);
INSERT INTO interacts VALUES(588026219053, 1, 'Trick', 1036, 903476, 1);
INSERT INTO interacts VALUES(588026219053, 1, 'Trick', 2043, 903929, 1);
INSERT INTO interacts VALUES(588026219053, 1, 'Trick', 3364, 904187, 1);
INSERT INTO interacts VALUES(588026219053, 1, 'Hybrid', 2010, 908952, 1);
INSERT INTO interacts VALUES(588026219053, 1, 'Hybrid', 2010, 909066, 1);
INSERT INTO interacts VALUES(588026219053, 1, 'Hybrid', 3158, 909811, 1);
INSERT INTO interacts VALUES(588026219053, 1, 'Huhi', 1058, 913924, 1);
INSERT INTO interacts VALUES(588026219053, 1, 'Xmithie', 3155, 938530, 1);
INSERT INTO interacts VALUES(588026219053, 1, 'Xmithie', 1036, 941075, 1);
INSERT INTO interacts VALUES(588026219053, 1, 'Xmithie', 2043, 942278, 1);
INSERT INTO interacts VALUES(588026219053, 1, 'aphromoo', 2301, 942446, 1);
INSERT INTO interacts VALUES(588026219053, 1, 'Darshan', 3025, 942905, 1);
INSERT INTO interacts VALUES(588026219053, 1, 'Xmithie', 3363, 942938, 1);
INSERT INTO interacts VALUES(588026219053, 1, 'aphromoo', 2043, 943684, 1);
INSERT INTO interacts VALUES(588026219053, 1, 'aphromoo', 2010, 943945, 1);
INSERT INTO interacts VALUES(588026219053, 1, 'Darshan', 2043, 944110, 1);
INSERT INTO interacts VALUES(588026219053, 1, 'Stixxay', 3094, 953091, 1);
INSERT INTO interacts VALUES(588026219053, 1, 'Stixxay', 3363, 953781, 1);
INSERT INTO interacts VALUES(588026219053, 1, 'Emperor', 3004, 965442, 1);
INSERT INTO interacts VALUES(588026219053, 1, 'Emperor', 2010, 967489, 1);
INSERT INTO interacts VALUES(588026219053, 1, 'Emperor', 2043, 969121, 1);
INSERT INTO interacts VALUES(588026219053, 1, 'Trick', 1036, 969477, 1);
INSERT INTO interacts VALUES(588026219053, 1, 'Kikis', 1033, 976029, 1);
INSERT INTO interacts VALUES(588026219053, 1, 'Hybrid', 2010, 1030556, 0);
INSERT INTO interacts VALUES(588026219053, 1, 'Hybrid', 2010, 1030686, 0);
INSERT INTO interacts VALUES(588026219053, 1, 'Hybrid', 1033, 1031679, 1);
INSERT INTO interacts VALUES(588026219053, 1, 'Trick', 3133, 1047423, 1);
INSERT INTO interacts VALUES(588026219053, 1, 'Emperor', 2010, 1084641, 0);
INSERT INTO interacts VALUES(588026219053, 1, 'Emperor', 1001, 1085199, 1);
INSERT INTO interacts VALUES(588026219053, 1, 'Emperor', 3363, 1085556, 1);
INSERT INTO interacts VALUES(588026219053, 1, 'Perkz', 1058, 1092781, 1);
INSERT INTO interacts VALUES(588026219053, 1, 'Stixxay', 1038, 1101152, 1);
INSERT INTO interacts VALUES(588026219053, 1, 'Xmithie', 3156, 1101580, 1);
INSERT INTO interacts VALUES(588026219053, 1, 'Xmithie', 2043, 1102772, 1);
INSERT INTO interacts VALUES(588026219053, 1, 'Huhi', 1056, 1103033, 0);
INSERT INTO interacts VALUES(588026219053, 1, 'Stixxay', 3155, 1104776, 1);
INSERT INTO interacts VALUES(588026219053, 1, 'aphromoo', 3801, 1105117, 1);
INSERT INTO interacts VALUES(588026219053, 1, 'aphromoo', 1033, 1105464, 1);
INSERT INTO interacts VALUES(588026219053, 1, 'Stixxay', 1042, 1106052, 1);
INSERT INTO interacts VALUES(588026219053, 1, 'Huhi', 2031, 1106766, 0);
INSERT INTO interacts VALUES(588026219053, 1, 'Huhi', 3116, 1107909, 1);
INSERT INTO interacts VALUES(588026219053, 1, 'aphromoo', 3364, 1107989, 1);
INSERT INTO interacts VALUES(588026219053, 1, 'aphromoo', 2010, 1109121, 1);
INSERT INTO interacts VALUES(588026219053, 1, 'aphromoo', 2010, 1109301, 1);
INSERT INTO interacts VALUES(588026219053, 1, 'Huhi', 3363, 1109301, 1);
INSERT INTO interacts VALUES(588026219053, 1, 'Darshan', 3065, 1115994, 1);
INSERT INTO interacts VALUES(588026219053, 1, 'Darshan', 2043, 1116904, 1);
INSERT INTO interacts VALUES(588026219053, 1, 'Kikis', 2033, 1135746, 0);
INSERT INTO interacts VALUES(588026219053, 1, 'Huhi', 2043, 1144010, 1);
INSERT INTO interacts VALUES(588026219053, 1, 'Huhi', 2010, 1144279, 1);
INSERT INTO interacts VALUES(588026219053, 1, 'Huhi', 2010, 1145741, 1);
INSERT INTO interacts VALUES(588026219053, 1, 'Kikis', 3024, 1147126, 1);
INSERT INTO interacts VALUES(588026219053, 1, 'Trick', 1028, 1149908, 1);
INSERT INTO interacts VALUES(588026219053, 1, 'Hybrid', 3801, 1161603, 1);
INSERT INTO interacts VALUES(588026219053, 1, 'Hybrid', 2043, 1162611, 1);
INSERT INTO interacts VALUES(588026219053, 1, 'Emperor', 1083, 1256666, 0);
INSERT INTO interacts VALUES(588026219053, 1, 'Emperor', 3025, 1257557, 1);
INSERT INTO interacts VALUES(588026219053, 1, 'Hybrid', 3105, 1288377, 1);
INSERT INTO interacts VALUES(588026219053, 1, 'aphromoo', 3105, 1343810, 1);
INSERT INTO interacts VALUES(588026219053, 1, 'Xmithie', 3111, 1344005, 1);
INSERT INTO interacts VALUES(588026219053, 1, 'Darshan', 1308, 1344176, 1);
INSERT INTO interacts VALUES(588026219053, 1, 'Xmithie', 1042, 1344766, 1);
INSERT INTO interacts VALUES(588026219053, 1, 'Darshan', 1029, 1345103, 1);
INSERT INTO interacts VALUES(588026219053, 1, 'Xmithie', 2043, 1345647, 1);
INSERT INTO interacts VALUES(588026219053, 1, 'aphromoo', 2010, 1346595, 1);
INSERT INTO interacts VALUES(588026219053, 1, 'aphromoo', 2010, 1346725, 1);
INSERT INTO interacts VALUES(588026219053, 1, 'aphromoo', 2043, 1347018, 1);
INSERT INTO interacts VALUES(588026219053, 1, 'Kikis', 3009, 1349020, 1);
INSERT INTO interacts VALUES(588026219053, 1, 'Emperor', 3158, 1350858, 1);
INSERT INTO interacts VALUES(588026219053, 1, 'Trick', 3044, 1353652, 1);
INSERT INTO interacts VALUES(588026219053, 1, 'aphromoo', 1052, 1354185, 1);
INSERT INTO interacts VALUES(588026219053, 1, 'Stixxay', 3006, 1357347, 1);
INSERT INTO interacts VALUES(588026219053, 1, 'Huhi', 3020, 1357771, 1);
INSERT INTO interacts VALUES(588026219053, 1, 'Huhi', 2043, 1358911, 1);
INSERT INTO interacts VALUES(588026219053, 1, 'Huhi', 2010, 1359163, 1);
INSERT INTO interacts VALUES(588026219053, 1, 'Huhi', 2010, 1359267, 1);
INSERT INTO interacts VALUES(588026219053, 1, 'Stixxay', 3134, 1359300, 1);
INSERT INTO interacts VALUES(588026219053, 1, 'Huhi', 2010, 1359412, 1);
INSERT INTO interacts VALUES(588026219053, 1, 'Perkz', 3003, 1365582, 1);
INSERT INTO interacts VALUES(588026219053, 1, 'Perkz', 1033, 1368980, 1);
INSERT INTO interacts VALUES(588026219053, 1, 'Perkz', 1029, 1371668, 1);
INSERT INTO interacts VALUES(588026219053, 1, 'Hybrid', 1028, 1444380, 1);
INSERT INTO interacts VALUES(588026219053, 1, 'Hybrid', 2043, 1445325, 1);
INSERT INTO interacts VALUES(588026219053, 1, 'Hybrid', 3364, 1445585, 1);
INSERT INTO interacts VALUES(588026219053, 1, 'Trick', 1042, 1469990, 1);
INSERT INTO interacts VALUES(588026219053, 1, 'Stixxay', 3156, 1510205, 1);
INSERT INTO interacts VALUES(588026219053, 1, 'Perkz', 1057, 1526088, 1);
INSERT INTO interacts VALUES(588026219053, 1, 'Perkz', 1029, 1527455, 0);
INSERT INTO interacts VALUES(588026219053, 1, 'Stixxay', 2140, 1528348, 1);
INSERT INTO interacts VALUES(588026219053, 1, 'Hybrid', 3067, 1528348, 1);
INSERT INTO interacts VALUES(588026219053, 1, 'Perkz', 1026, 1528834, 1);
INSERT INTO interacts VALUES(588026219053, 1, 'Perkz', 1029, 1536563, 0);
INSERT INTO interacts VALUES(588026219053, 1, 'Perkz', 1033, 1537380, 0);
INSERT INTO interacts VALUES(588026219053, 1, 'Perkz', 1026, 1540235, 1);
INSERT INTO interacts VALUES(588026219053, 1, 'Perkz', 1052, 1540763, 1);
INSERT INTO interacts VALUES(588026219053, 1, 'aphromoo', 3060, 1543289, 1);
INSERT INTO interacts VALUES(588026219053, 1, 'Darshan', 3068, 1544164, 1);
INSERT INTO interacts VALUES(588026219053, 1, 'aphromoo', 2010, 1544427, 1);
INSERT INTO interacts VALUES(588026219053, 1, 'aphromoo', 2010, 1544521, 1);
INSERT INTO interacts VALUES(588026219053, 1, 'Huhi', 1057, 1544753, 1);
INSERT INTO interacts VALUES(588026219053, 1, 'Xmithie', 3086, 1545012, 1);
INSERT INTO interacts VALUES(588026219053, 1, 'Huhi', 1026, 1545192, 1);
INSERT INTO interacts VALUES(588026219053, 1, 'Darshan', 2043, 1545402, 1);
INSERT INTO interacts VALUES(588026219053, 1, 'Xmithie', 2043, 1545822, 1);
INSERT INTO interacts VALUES(588026219053, 1, 'Xmithie', 2043, 1546696, 1);
INSERT INTO interacts VALUES(588026219053, 1, 'Darshan', 1308, 1550200, 0);
INSERT INTO interacts VALUES(588026219053, 1, 'Darshan', 3111, 1551637, 1);
INSERT INTO interacts VALUES(588026219053, 1, 'Darshan', 2043, 1552649, 1);
INSERT INTO interacts VALUES(588026219053, 1, 'Trick', 1042, 1562959, 0);
INSERT INTO interacts VALUES(588026219053, 1, 'Emperor', 1053, 1564726, 1);
INSERT INTO interacts VALUES(588026219053, 1, 'Emperor', 1036, 1565278, 1);
INSERT INTO interacts VALUES(588026219053, 1, 'Trick', 3071, 1565897, 1);
INSERT INTO interacts VALUES(588026219053, 1, 'Kikis', 3025, 1569826, 1);
INSERT INTO interacts VALUES(588026219053, 1, 'Hybrid', 3190, 1572058, 1);
INSERT INTO interacts VALUES(588026219053, 1, 'Trick', 1042, 1624763, 1);
INSERT INTO interacts VALUES(588026219053, 1, 'Perkz', 2031, 1632420, 0);
INSERT INTO interacts VALUES(588026219053, 1, 'Emperor', 3144, 1632456, 1);
INSERT INTO interacts VALUES(588026219053, 1, 'Perkz', 3135, 1638236, 1);
INSERT INTO interacts VALUES(588026219053, 1, 'Trick', 2043, 1641991, 1);
INSERT INTO interacts VALUES(588026219053, 1, 'Huhi', 3001, 1662641, 1);
INSERT INTO interacts VALUES(588026219053, 1, 'Hybrid', 1333, 1663655, 1);
INSERT INTO interacts VALUES(588026219053, 1, 'aphromoo', 2043, 1684908, 1);
INSERT INTO interacts VALUES(588026219053, 1, 'Darshan', 3341, 1687341, 1);
INSERT INTO interacts VALUES(588026219053, 1, 'aphromoo', 3114, 1688719, 1);
INSERT INTO interacts VALUES(588026219053, 1, 'Darshan', 2043, 1689140, 1);
INSERT INTO interacts VALUES(588026219053, 1, 'aphromoo', 2010, 1690437, 1);
INSERT INTO interacts VALUES(588026219053, 1, 'aphromoo', 2010, 1690583, 1);
INSERT INTO interacts VALUES(588026219053, 1, 'Stixxay', 1038, 1692413, 1);
INSERT INTO interacts VALUES(588026219053, 1, 'Huhi', 2010, 1696145, 1);
INSERT INTO interacts VALUES(588026219053, 1, 'Huhi', 2010, 1696242, 1);
INSERT INTO interacts VALUES(588026219053, 1, 'Hybrid', 2043, 1709865, 1);
INSERT INTO interacts VALUES(588026219053, 1, 'Hybrid', 2043, 1710002, 1);
INSERT INTO interacts VALUES(588026219053, 1, 'Huhi', 2010, 1711359, 1);
INSERT INTO interacts VALUES(588026219053, 1, 'Xmithie', 3085, 1712506, 1);
INSERT INTO interacts VALUES(588026219053, 1, 'Perkz', 1026, 1715206, 1);
INSERT INTO interacts VALUES(588026219053, 1, 'Trick', 1042, 1718225, 1);
INSERT INTO interacts VALUES(588026219053, 1, 'Emperor', 1042, 1733601, 1);
INSERT INTO interacts VALUES(588026219053, 1, 'Emperor', 1043, 1781673, 1);
INSERT INTO interacts VALUES(588026219053, 1, 'Trick', 2031, 1782501, 0);
INSERT INTO interacts VALUES(588026219053, 1, 'Kikis', 3211, 1791418, 1);
INSERT INTO series VALUES(981706490977, 1);
INSERT INTO organizes VALUES('msi_2016', 981706490977, 'group_stage - SKT-vs-RNG');
INSERT INTO competes VALUES(981706490977, 'SKT', 1);
INSERT INTO competes VALUES(981706490977, 'RNG', 0);
INSERT INTO matches VALUES(981706490977, 1, '2016-05-04');
INSERT INTO scores VALUES('SKT', 981706490977, 1, 1, 5, 1, 1, 2, 0);
INSERT INTO scores VALUES('RNG', 981706490977, 1, 1, 10, 0, 1, 5, 1);
INSERT INTO bans VALUES(981706490977, 1, 29, 1);
INSERT INTO bans VALUES(981706490977, 1, 15, 3);
INSERT INTO bans VALUES(981706490977, 1, 127, 5);
INSERT INTO bans VALUES(981706490977, 1, 13, 2);
INSERT INTO bans VALUES(981706490977, 1, 203, 4);
INSERT INTO bans VALUES(981706490977, 1, 48, 6);
INSERT INTO plays VALUES(981706490977, 1, 'Duke', 78, 'Top', 2, 5, 4, 28150, 29, 9, 451, 4, 1, 21390);
INSERT INTO plays VALUES(981706490977, 1, 'Blank', 76, 'Jungle', 2, 3, 2, 32532, 49, 52, 110, 165, 20, 21112);
INSERT INTO plays VALUES(981706490977, 1, 'Faker', 268, 'Mid', 0, 6, 2, 21872, 33, 21, 524, 10, 1, 22104);
INSERT INTO plays VALUES(981706490977, 1, 'Bang', 236, 'ADC', 2, 3, 1, 41338, 37, 28, 543, 36, 2, 23826);
INSERT INTO plays VALUES(981706490977, 1, 'Wolf', 223, 'Support', 1, 6, 2, 7150, 70, 20, 70, 0, 0, 14877);
INSERT INTO plays VALUES(981706490977, 1, 'Looper', 57, 'Top', 1, 0, 12, 27005, 36, 9, 451, 1, 0, 21797);
INSERT INTO plays VALUES(981706490977, 1, 'mlxg', 104, 'Jungle', 6, 0, 12, 31835, 31, 49, 167, 159, 67, 24608);
INSERT INTO plays VALUES(981706490977, 1, 'xiaohu', 7, 'Mid', 8, 3, 5, 42806, 44, 21, 496, 16, 6, 25121);
INSERT INTO plays VALUES(981706490977, 1, 'Wuxx', 202, 'ADC', 8, 1, 6, 46861, 27, 20, 499, 24, 13, 25703);
INSERT INTO plays VALUES(981706490977, 1, 'Mata', 12, 'Support', 0, 3, 16, 8717, 90, 23, 65, 0, 2, 15567);
INSERT INTO interacts VALUES(981706490977, 1, 'Duke', 2033, 1994, 1);
INSERT INTO interacts VALUES(981706490977, 1, 'Mata', 3302, 1994, 1);
INSERT INTO interacts VALUES(981706490977, 1, 'Faker', 1056, 2059, 1);
INSERT INTO interacts VALUES(981706490977, 1, 'Wuxx', 1055, 2159, 1);
INSERT INTO interacts VALUES(981706490977, 1, 'xiaohu', 1056, 2193, 1);
INSERT INTO interacts VALUES(981706490977, 1, 'Mata', 2010, 2193, 1);
INSERT INTO interacts VALUES(981706490977, 1, 'Duke', 3340, 2227, 1);
INSERT INTO interacts VALUES(981706490977, 1, 'Faker', 2003, 2324, 1);
INSERT INTO interacts VALUES(981706490977, 1, 'Mata', 2010, 2324, 1);
INSERT INTO interacts VALUES(981706490977, 1, 'Wuxx', 2010, 2390, 1);
INSERT INTO interacts VALUES(981706490977, 1, 'Faker', 2003, 2423, 1);
INSERT INTO interacts VALUES(981706490977, 1, 'Mata', 2010, 2454, 1);
INSERT INTO interacts VALUES(981706490977, 1, 'xiaohu', 2003, 2584, 1);
INSERT INTO interacts VALUES(981706490977, 1, 'Faker', 3340, 2640, 1);
INSERT INTO interacts VALUES(981706490977, 1, 'Mata', 3340, 2678, 1);
INSERT INTO interacts VALUES(981706490977, 1, 'Blank', 1039, 2719, 1);
INSERT INTO interacts VALUES(981706490977, 1, 'Wuxx', 3340, 2749, 1);
INSERT INTO interacts VALUES(981706490977, 1, 'xiaohu', 2003, 2901, 1);
INSERT INTO interacts VALUES(981706490977, 1, 'Blank', 3340, 3073, 1);
INSERT INTO interacts VALUES(981706490977, 1, 'xiaohu', 3340, 3172, 1);
INSERT INTO interacts VALUES(981706490977, 1, 'Looper', 1056, 3733, 1);
INSERT INTO interacts VALUES(981706490977, 1, 'Looper', 2003, 4058, 1);
INSERT INTO interacts VALUES(981706490977, 1, 'mlxg', 1039, 4097, 1);
INSERT INTO interacts VALUES(981706490977, 1, 'Wolf', 3302, 4421, 1);
INSERT INTO interacts VALUES(981706490977, 1, 'Looper', 3340, 4553, 1);
INSERT INTO interacts VALUES(981706490977, 1, 'mlxg', 2031, 4553, 1);
INSERT INTO interacts VALUES(981706490977, 1, 'Blank', 2031, 4652, 1);
INSERT INTO interacts VALUES(981706490977, 1, 'Looper', 2003, 4755, 1);
INSERT INTO interacts VALUES(981706490977, 1, 'Bang', 1055, 5046, 1);
INSERT INTO interacts VALUES(981706490977, 1, 'mlxg', 3340, 5080, 1);
INSERT INTO interacts VALUES(981706490977, 1, 'Bang', 2010, 5262, 1);
INSERT INTO interacts VALUES(981706490977, 1, 'Wolf', 2010, 5276, 1);
INSERT INTO interacts VALUES(981706490977, 1, 'Wolf', 2010, 5405, 1);
INSERT INTO interacts VALUES(981706490977, 1, 'Bang', 3340, 5470, 1);
INSERT INTO interacts VALUES(981706490977, 1, 'Wolf', 2010, 5568, 1);
INSERT INTO interacts VALUES(981706490977, 1, 'Wolf', 3340, 6307, 1);
INSERT INTO interacts VALUES(981706490977, 1, 'Blank', 1039, 186909, 1);
INSERT INTO interacts VALUES(981706490977, 1, 'Blank', 1041, 188474, 1);
INSERT INTO interacts VALUES(981706490977, 1, 'Blank', 2043, 189209, 1);
INSERT INTO interacts VALUES(981706490977, 1, 'mlxg', 1041, 192075, 1);
INSERT INTO interacts VALUES(981706490977, 1, 'mlxg', 2032, 193183, 1);
INSERT INTO interacts VALUES(981706490977, 1, 'Faker', 1056, 218011, 1);
INSERT INTO interacts VALUES(981706490977, 1, 'Faker', 2003, 218584, 1);
INSERT INTO interacts VALUES(981706490977, 1, 'xiaohu', 3108, 247526, 1);
INSERT INTO interacts VALUES(981706490977, 1, 'xiaohu', 2043, 250213, 1);
INSERT INTO interacts VALUES(981706490977, 1, 'xiaohu', 1033, 251971, 1);
INSERT INTO interacts VALUES(981706490977, 1, 'xiaohu', 2003, 254416, 1);
INSERT INTO interacts VALUES(981706490977, 1, 'Looper', 1056, 273530, 1);
INSERT INTO interacts VALUES(981706490977, 1, 'Looper', 2043, 274176, 1);
INSERT INTO interacts VALUES(981706490977, 1, 'Looper', 2031, 274566, 1);
INSERT INTO interacts VALUES(981706490977, 1, 'Duke', 1033, 276550, 1);
INSERT INTO interacts VALUES(981706490977, 1, 'Duke', 1028, 279197, 1);
INSERT INTO interacts VALUES(981706490977, 1, 'Faker', 1001, 318008, 1);
INSERT INTO interacts VALUES(981706490977, 1, 'xiaohu', 1001, 339360, 1);
INSERT INTO interacts VALUES(981706490977, 1, 'xiaohu', 2003, 340792, 1);
INSERT INTO interacts VALUES(981706490977, 1, 'Bang', 1038, 351105, 1);
INSERT INTO interacts VALUES(981706490977, 1, 'Bang', 2010, 351397, 1);
INSERT INTO interacts VALUES(981706490977, 1, 'Faker', 1042, 392303, 1);
INSERT INTO interacts VALUES(981706490977, 1, 'Wuxx', 1038, 401252, 1);
INSERT INTO interacts VALUES(981706490977, 1, 'Wuxx', 1001, 401575, 1);
INSERT INTO interacts VALUES(981706490977, 1, 'Looper', 1001, 425057, 1);
INSERT INTO interacts VALUES(981706490977, 1, 'Looper', 1029, 426840, 1);
INSERT INTO interacts VALUES(981706490977, 1, 'Looper', 1028, 428529, 1);
INSERT INTO interacts VALUES(981706490977, 1, 'Mata', 2049, 440708, 1);
INSERT INTO interacts VALUES(981706490977, 1, 'Wolf', 2049, 440838, 1);
INSERT INTO interacts VALUES(981706490977, 1, 'Wolf', 3341, 441522, 1);
INSERT INTO interacts VALUES(981706490977, 1, 'Wolf', 2043, 441696, 1);
INSERT INTO interacts VALUES(981706490977, 1, 'Wolf', 2043, 441848, 1);
INSERT INTO interacts VALUES(981706490977, 1, 'Mata', 3341, 442070, 1);
INSERT INTO interacts VALUES(981706490977, 1, 'Mata', 2043, 442991, 1);
INSERT INTO interacts VALUES(981706490977, 1, 'Blank', 3711, 455302, 1);
INSERT INTO interacts VALUES(981706490977, 1, 'Blank', 3113, 456463, 1);
INSERT INTO interacts VALUES(981706490977, 1, 'Blank', 1001, 457966, 1);
INSERT INTO interacts VALUES(981706490977, 1, 'Duke', 3211, 462401, 1);
INSERT INTO interacts VALUES(981706490977, 1, 'Duke', 1028, 462888, 1);
INSERT INTO interacts VALUES(981706490977, 1, 'Duke', 1001, 465239, 1);
INSERT INTO interacts VALUES(981706490977, 1, 'Duke', 2043, 466099, 1);
INSERT INTO interacts VALUES(981706490977, 1, 'mlxg', 3711, 476312, 1);
INSERT INTO interacts VALUES(981706490977, 1, 'mlxg', 3133, 477384, 1);
INSERT INTO interacts VALUES(981706490977, 1, 'mlxg', 2043, 480765, 1);
INSERT INTO interacts VALUES(981706490977, 1, 'xiaohu', 3165, 565413, 1);
INSERT INTO interacts VALUES(981706490977, 1, 'Faker', 1057, 576812, 1);
INSERT INTO interacts VALUES(981706490977, 1, 'Faker', 2031, 578248, 1);
INSERT INTO interacts VALUES(981706490977, 1, 'Blank', 3158, 583265, 1);
INSERT INTO interacts VALUES(981706490977, 1, 'Blank', 3341, 584859, 1);
INSERT INTO interacts VALUES(981706490977, 1, 'Bang', 3133, 628741, 1);
INSERT INTO interacts VALUES(981706490977, 1, 'Bang', 2010, 630101, 1);
INSERT INTO interacts VALUES(981706490977, 1, 'Bang', 2043, 630330, 1);
INSERT INTO interacts VALUES(981706490977, 1, 'Mata', 1001, 648007, 1);
INSERT INTO interacts VALUES(981706490977, 1, 'Mata', 2043, 649513, 1);
INSERT INTO interacts VALUES(981706490977, 1, 'Looper', 3751, 649578, 1);
INSERT INTO interacts VALUES(981706490977, 1, 'Mata', 2031, 650057, 1);
INSERT INTO interacts VALUES(981706490977, 1, 'Wolf', 1001, 650587, 1);
INSERT INTO interacts VALUES(981706490977, 1, 'Looper', 1031, 650913, 1);
INSERT INTO interacts VALUES(981706490977, 1, 'Wuxx', 3009, 651208, 1);
INSERT INTO interacts VALUES(981706490977, 1, 'Wolf', 2031, 651631, 1);
INSERT INTO interacts VALUES(981706490977, 1, 'Wuxx', 2043, 652120, 1);
INSERT INTO interacts VALUES(981706490977, 1, 'Wuxx', 2010, 652593, 1);
INSERT INTO interacts VALUES(981706490977, 1, 'Wolf', 2043, 652847, 1);
INSERT INTO interacts VALUES(981706490977, 1, 'Wolf', 2043, 652935, 1);
INSERT INTO interacts VALUES(981706490977, 1, 'Duke', 3751, 653700, 1);
INSERT INTO interacts VALUES(981706490977, 1, 'Duke', 3009, 658854, 1);
INSERT INTO interacts VALUES(981706490977, 1, 'Duke', 3363, 661297, 1);
INSERT INTO interacts VALUES(981706490977, 1, 'xiaohu', 2043, 663864, 1);
INSERT INTO interacts VALUES(981706490977, 1, 'xiaohu', 3363, 664789, 1);
INSERT INTO interacts VALUES(981706490977, 1, 'xiaohu', 1057, 666233, 1);
INSERT INTO interacts VALUES(981706490977, 1, 'xiaohu', 2003, 667596, 1);
INSERT INTO interacts VALUES(981706490977, 1, 'Faker', 3020, 720974, 1);
INSERT INTO interacts VALUES(981706490977, 1, 'mlxg', 1408, 730408, 1);
INSERT INTO interacts VALUES(981706490977, 1, 'mlxg', 3009, 732497, 1);
INSERT INTO interacts VALUES(981706490977, 1, 'mlxg', 3341, 736486, 1);
INSERT INTO interacts VALUES(981706490977, 1, 'mlxg', 2043, 738667, 1);
INSERT INTO interacts VALUES(981706490977, 1, 'Blank', 1410, 755974, 1);
INSERT INTO interacts VALUES(981706490977, 1, 'Blank', 1028, 758152, 1);
INSERT INTO interacts VALUES(981706490977, 1, 'Blank', 3364, 760239, 1);
INSERT INTO interacts VALUES(981706490977, 1, 'Duke', 3057, 848573, 1);
INSERT INTO interacts VALUES(981706490977, 1, 'Looper', 3068, 856368, 1);
INSERT INTO interacts VALUES(981706490977, 1, 'Looper', 2043, 857754, 1);
INSERT INTO interacts VALUES(981706490977, 1, 'Blank', 1027, 873737, 1);
INSERT INTO interacts VALUES(981706490977, 1, 'Blank', 2043, 874608, 1);
INSERT INTO interacts VALUES(981706490977, 1, 'Faker', 3101, 908257, 1);
INSERT INTO interacts VALUES(981706490977, 1, 'xiaohu', 3001, 929638, 1);
INSERT INTO interacts VALUES(981706490977, 1, 'xiaohu', 2043, 931085, 1);
INSERT INTO interacts VALUES(981706490977, 1, 'Wuxx', 1037, 941103, 1);
INSERT INTO interacts VALUES(981706490977, 1, 'Wuxx', 1018, 943316, 1);
INSERT INTO interacts VALUES(981706490977, 1, 'Wuxx', 2010, 944000, 1);
INSERT INTO interacts VALUES(981706490977, 1, 'Wuxx', 2010, 944178, 1);
INSERT INTO interacts VALUES(981706490977, 1, 'Mata', 3117, 944847, 1);
INSERT INTO interacts VALUES(981706490977, 1, 'Mata', 3097, 946438, 1);
INSERT INTO interacts VALUES(981706490977, 1, 'Mata', 2043, 946803, 1);
INSERT INTO interacts VALUES(981706490977, 1, 'Wolf', 3009, 967121, 1);
INSERT INTO interacts VALUES(981706490977, 1, 'Wolf', 2043, 968260, 1);
INSERT INTO interacts VALUES(981706490977, 1, 'Wolf', 2043, 968356, 1);
INSERT INTO interacts VALUES(981706490977, 1, 'Bang', 3363, 968984, 1);
INSERT INTO interacts VALUES(981706490977, 1, 'Bang', 3508, 969994, 1);
INSERT INTO interacts VALUES(981706490977, 1, 'Bang', 3158, 971297, 1);
INSERT INTO interacts VALUES(981706490977, 1, 'Wolf', 1028, 971790, 1);
INSERT INTO interacts VALUES(981706490977, 1, 'Bang', 2043, 972266, 1);
INSERT INTO interacts VALUES(981706490977, 1, 'Blank', 3010, 1037865, 1);
INSERT INTO interacts VALUES(981706490977, 1, 'Blank', 2031, 1040320, 0);
INSERT INTO interacts VALUES(981706490977, 1, 'mlxg', 3364, 1042811, 1);
INSERT INTO interacts VALUES(981706490977, 1, 'Blank', 1026, 1043510, 1);
INSERT INTO interacts VALUES(981706490977, 1, 'mlxg', 3086, 1043937, 1);
INSERT INTO interacts VALUES(981706490977, 1, 'mlxg', 1033, 1045331, 1);
INSERT INTO interacts VALUES(981706490977, 1, 'mlxg', 2043, 1046730, 1);
INSERT INTO interacts VALUES(981706490977, 1, 'Wuxx', 3031, 1059056, 1);
INSERT INTO interacts VALUES(981706490977, 1, 'Wuxx', 1042, 1060649, 1);
INSERT INTO interacts VALUES(981706490977, 1, 'Wuxx', 1042, 1061106, 1);
INSERT INTO interacts VALUES(981706490977, 1, 'Wuxx', 3363, 1062703, 1);
INSERT INTO interacts VALUES(981706490977, 1, 'Mata', 2303, 1066226, 1);
INSERT INTO interacts VALUES(981706490977, 1, 'Mata', 2043, 1067087, 1);
INSERT INTO interacts VALUES(981706490977, 1, 'xiaohu', 3020, 1072767, 1);
INSERT INTO interacts VALUES(981706490977, 1, 'xiaohu', 2043, 1073795, 1);
INSERT INTO interacts VALUES(981706490977, 1, 'Faker', 3001, 1197144, 1);
INSERT INTO interacts VALUES(981706490977, 1, 'Faker', 1056, 1199089, 0);
INSERT INTO interacts VALUES(981706490977, 1, 'Faker', 3108, 1202450, 1);
INSERT INTO interacts VALUES(981706490977, 1, 'Looper', 3211, 1209138, 1);
INSERT INTO interacts VALUES(981706490977, 1, 'Looper', 3047, 1212657, 1);
INSERT INTO interacts VALUES(981706490977, 1, 'Duke', 3025, 1212657, 1);
INSERT INTO interacts VALUES(981706490977, 1, 'Duke', 1308, 1213894, 1);
INSERT INTO interacts VALUES(981706490977, 1, 'Looper', 2031, 1214872, 0);
INSERT INTO interacts VALUES(981706490977, 1, 'Duke', 2043, 1215856, 1);
INSERT INTO interacts VALUES(981706490977, 1, 'Looper', 3067, 1218169, 1);
INSERT INTO interacts VALUES(981706490977, 1, 'Wolf', 3097, 1242482, 1);
INSERT INTO interacts VALUES(981706490977, 1, 'Mata', 1328, 1243336, 1);
INSERT INTO interacts VALUES(981706490977, 1, 'Wolf', 2043, 1244276, 1);
INSERT INTO interacts VALUES(981706490977, 1, 'Wolf', 2043, 1244409, 1);
INSERT INTO interacts VALUES(981706490977, 1, 'Mata', 2043, 1244923, 1);
INSERT INTO interacts VALUES(981706490977, 1, 'Bang', 3086, 1245281, 1);
INSERT INTO interacts VALUES(981706490977, 1, 'Blank', 3010, 1248945, 1);
INSERT INTO interacts VALUES(981706490977, 1, 'mlxg', 3046, 1299578, 1);
INSERT INTO interacts VALUES(981706490977, 1, 'mlxg', 1036, 1302273, 1);
INSERT INTO interacts VALUES(981706490977, 1, 'Wuxx', 3094, 1321612, 1);
INSERT INTO interacts VALUES(981706490977, 1, 'Looper', 1056, 1335490, 0);
INSERT INTO interacts VALUES(981706490977, 1, 'Looper', 3065, 1335897, 1);
INSERT INTO interacts VALUES(981706490977, 1, 'Looper', 2043, 1338527, 1);
INSERT INTO interacts VALUES(981706490977, 1, 'Bang', 2015, 1363872, 1);
INSERT INTO interacts VALUES(981706490977, 1, 'Duke', 2043, 1366808, 0);
INSERT INTO interacts VALUES(981706490977, 1, 'Duke', 1031, 1370239, 1);
INSERT INTO interacts VALUES(981706490977, 1, 'Blank', 3027, 1373790, 1);
INSERT INTO interacts VALUES(981706490977, 1, 'Blank', 1033, 1376050, 1);
INSERT INTO interacts VALUES(981706490977, 1, 'Faker', 3115, 1402733, 1);
INSERT INTO interacts VALUES(981706490977, 1, 'Faker', 2043, 1403936, 1);
INSERT INTO interacts VALUES(981706490977, 1, 'Looper', 1029, 1406305, 1);
INSERT INTO interacts VALUES(981706490977, 1, 'Mata', 1033, 1412273, 1);
INSERT INTO interacts VALUES(981706490977, 1, 'Mata', 3364, 1413312, 1);
INSERT INTO interacts VALUES(981706490977, 1, 'Mata', 1028, 1414778, 1);
INSERT INTO interacts VALUES(981706490977, 1, 'mlxg', 3155, 1449221, 1);
INSERT INTO interacts VALUES(981706490977, 1, 'mlxg', 1037, 1450559, 1);
INSERT INTO interacts VALUES(981706490977, 1, 'mlxg', 2032, 1452056, 0);
INSERT INTO interacts VALUES(981706490977, 1, 'mlxg', 2043, 1453884, 1);
INSERT INTO interacts VALUES(981706490977, 1, 'mlxg', 2043, 1454049, 1);
INSERT INTO interacts VALUES(981706490977, 1, 'Wolf', 2303, 1456559, 1);
INSERT INTO interacts VALUES(981706490977, 1, 'Wolf', 3364, 1458170, 1);
INSERT INTO interacts VALUES(981706490977, 1, 'Bang', 3094, 1458576, 1);
INSERT INTO interacts VALUES(981706490977, 1, 'Wolf', 2043, 1459550, 1);
INSERT INTO interacts VALUES(981706490977, 1, 'Wolf', 1033, 1460794, 1);
INSERT INTO interacts VALUES(981706490977, 1, 'xiaohu', 3135, 1479126, 1);
INSERT INTO interacts VALUES(981706490977, 1, 'xiaohu', 2043, 1480608, 1);
INSERT INTO interacts VALUES(981706490977, 1, 'xiaohu', 2043, 1480865, 1);
INSERT INTO interacts VALUES(981706490977, 1, 'Duke', 3068, 1563654, 1);
INSERT INTO interacts VALUES(981706490977, 1, 'Duke', 1028, 1565534, 1);
INSERT INTO interacts VALUES(981706490977, 1, 'Looper', 3024, 1572662, 1);
INSERT INTO interacts VALUES(981706490977, 1, 'Looper', 1029, 1573025, 1);
INSERT INTO interacts VALUES(981706490977, 1, 'Mata', 3105, 1586607, 1);
INSERT INTO interacts VALUES(981706490977, 1, 'Mata', 2043, 1587911, 1);
INSERT INTO interacts VALUES(981706490977, 1, 'Wuxx', 1033, 1588956, 1);
INSERT INTO interacts VALUES(981706490977, 1, 'Wuxx', 3086, 1592476, 1);
INSERT INTO interacts VALUES(981706490977, 1, 'Bang', 1037, 1594497, 1);
INSERT INTO interacts VALUES(981706490977, 1, 'Bang', 2043, 1597842, 1);
INSERT INTO interacts VALUES(981706490977, 1, 'Faker', 1058, 1611112, 1);
INSERT INTO interacts VALUES(981706490977, 1, 'Blank', 1057, 1622289, 1);
INSERT INTO interacts VALUES(981706490977, 1, 'Blank', 1026, 1622620, 1);
INSERT INTO interacts VALUES(981706490977, 1, 'Blank', 2031, 1624507, 0);
INSERT INTO interacts VALUES(981706490977, 1, 'Duke', 3067, 1625068, 1);
INSERT INTO interacts VALUES(981706490977, 1, 'Blank', 2043, 1626139, 1);
INSERT INTO interacts VALUES(981706490977, 1, 'Wolf', 2043, 1629868, 1);
INSERT INTO interacts VALUES(981706490977, 1, 'Wolf', 2043, 1629992, 1);
INSERT INTO interacts VALUES(981706490977, 1, 'Wolf', 3801, 1631626, 1);
INSERT INTO interacts VALUES(981706490977, 1, 'Wolf', 3105, 1716607, 1);
INSERT INTO interacts VALUES(981706490977, 1, 'Blank', 2043, 1726030, 1);
INSERT INTO interacts VALUES(981706490977, 1, 'Looper', 3082, 1726214, 1);
INSERT INTO interacts VALUES(981706490977, 1, 'Bang', 3035, 1736043, 1);
INSERT INTO interacts VALUES(981706490977, 1, 'xiaohu', 1058, 1736173, 1);
INSERT INTO interacts VALUES(981706490977, 1, 'xiaohu', 1056, 1737428, 0);
INSERT INTO interacts VALUES(981706490977, 1, 'xiaohu', 1026, 1738395, 1);
INSERT INTO interacts VALUES(981706490977, 1, 'Duke', 3065, 1771617, 1);
INSERT INTO interacts VALUES(981706490977, 1, 'mlxg', 3133, 1788807, 1);
INSERT INTO interacts VALUES(981706490977, 1, 'Wuxx', 3087, 1788841, 1);
INSERT INTO interacts VALUES(981706490977, 1, 'Duke', 1029, 1793628, 1);
INSERT INTO interacts VALUES(981706490977, 1, 'Wuxx', 3155, 1793628, 1);
INSERT INTO interacts VALUES(981706490977, 1, 'Faker', 1056, 1806261, 0);
INSERT INTO interacts VALUES(981706490977, 1, 'Faker', 3116, 1807041, 1);
INSERT INTO interacts VALUES(981706490977, 1, 'Faker', 2043, 1807961, 1);
INSERT INTO interacts VALUES(981706490977, 1, 'Looper', 3110, 1835538, 1);
INSERT INTO interacts VALUES(981706490977, 1, 'Mata', 3190, 1836025, 1);
INSERT INTO interacts VALUES(981706490977, 1, 'Mata', 2043, 1836737, 1);
INSERT INTO interacts VALUES(981706490977, 1, 'Looper', 1318, 1836776, 1);
INSERT INTO interacts VALUES(981706490977, 1, 'Mata', 2043, 1836808, 1);
INSERT INTO interacts VALUES(981706490977, 1, 'Bang', 3036, 1848963, 1);
INSERT INTO interacts VALUES(981706490977, 1, 'Blank', 3001, 1862527, 1);
INSERT INTO interacts VALUES(981706490977, 1, 'mlxg', 3812, 1863358, 1);
INSERT INTO interacts VALUES(981706490977, 1, 'mlxg', 2043, 1864489, 1);
INSERT INTO interacts VALUES(981706490977, 1, 'mlxg', 2043, 1864686, 1);
INSERT INTO interacts VALUES(981706490977, 1, 'Blank', 1026, 1864857, 1);
INSERT INTO interacts VALUES(981706490977, 1, 'Blank', 2043, 1866096, 1);
INSERT INTO interacts VALUES(981706490977, 1, 'Wolf', 3190, 1892891, 1);
INSERT INTO interacts VALUES(981706490977, 1, 'Bang', 1033, 1927243, 1);
INSERT INTO interacts VALUES(981706490977, 1, 'Looper', 1056, 1957869, 0);
INSERT INTO interacts VALUES(981706490977, 1, 'Looper', 3211, 1958907, 1);
INSERT INTO interacts VALUES(981706490977, 1, 'Looper', 2043, 1960305, 1);
INSERT INTO interacts VALUES(981706490977, 1, 'Faker', 2031, 1977188, 0);
INSERT INTO interacts VALUES(981706490977, 1, 'Faker', 1058, 1978398, 1);
INSERT INTO interacts VALUES(981706490977, 1, 'xiaohu', 3089, 2036503, 1);
INSERT INTO interacts VALUES(981706490977, 1, 'Wolf', 1029, 2036726, 1);
INSERT INTO interacts VALUES(981706490977, 1, 'xiaohu', 2043, 2037978, 1);
INSERT INTO interacts VALUES(981706490977, 1, 'Wolf', 2043, 2038175, 1);
INSERT INTO interacts VALUES(981706490977, 1, 'xiaohu', 2043, 2038240, 1);
INSERT INTO interacts VALUES(981706490977, 1, 'Mata', 3024, 2052323, 1);
INSERT INTO interacts VALUES(981706490977, 1, 'Mata', 2043, 2053694, 1);
INSERT INTO interacts VALUES(981706490977, 1, 'Mata', 2043, 2053835, 1);
INSERT INTO interacts VALUES(981706490977, 1, 'Wuxx', 3156, 2080822, 1);
INSERT INTO interacts VALUES(981706490977, 1, 'Duke', 3340, 2085166, 1);
INSERT INTO interacts VALUES(981706490977, 1, 'Duke', 3082, 2085956, 1);
INSERT INTO interacts VALUES(981706490977, 1, 'Duke', 2033, 2086946, 0);
INSERT INTO interacts VALUES(981706490977, 1, 'Duke', 1011, 2088157, 1);
INSERT INTO interacts VALUES(981706490977, 1, 'Wolf', 2043, 2141083, 1);
INSERT INTO interacts VALUES(981706490977, 1, 'xiaohu', 2139, 2142623, 1);
INSERT INTO interacts VALUES(981706490977, 1, 'Looper', 3082, 2144027, 1);
INSERT INTO interacts VALUES(981706490977, 1, 'mlxg', 1038, 2144581, 1);
INSERT INTO interacts VALUES(981706490977, 1, 'Blank', 3135, 2145899, 1);
INSERT INTO interacts VALUES(981706490977, 1, 'Duke', 3143, 2162916, 1);
INSERT INTO interacts VALUES(981706490977, 1, 'Duke', 2043, 2164691, 1);
INSERT INTO interacts VALUES(981706490977, 1, 'Bang', 1055, 2165212, 0);
INSERT INTO interacts VALUES(981706490977, 1, 'Bang', 1038, 2166141, 1);
INSERT INTO interacts VALUES(981706490977, 1, 'Bang', 2140, 2167615, 1);
INSERT INTO interacts VALUES(981706490977, 1, 'Wolf', 3024, 2268428, 1);
INSERT INTO interacts VALUES(981706490977, 1, 'Wolf', 2031, 2271506, 0);
INSERT INTO interacts VALUES(981706490977, 1, 'Wolf', 2010, 2272793, 1);
INSERT INTO interacts VALUES(981706490977, 1, 'Wolf', 3082, 2276166, 1);
INSERT INTO interacts VALUES(981706490977, 1, 'Wolf', 2031, 2278127, 0);
INSERT INTO interacts VALUES(981706490977, 1, 'Wolf', 1029, 2279254, 1);
INSERT INTO interacts VALUES(981706490977, 1, 'Mata', 2043, 2283188, 1);
INSERT INTO interacts VALUES(981706490977, 1, 'Duke', 2043, 2300359, 0);
INSERT INTO interacts VALUES(981706490977, 1, 'Duke', 1033, 2301516, 1);
INSERT INTO interacts VALUES(981706490977, 1, 'xiaohu', 1026, 2305191, 1);
INSERT INTO interacts VALUES(981706490977, 1, 'Wuxx', 1055, 2308737, 0);
INSERT INTO interacts VALUES(981706490977, 1, 'Wuxx', 1038, 2309880, 1);
INSERT INTO interacts VALUES(981706490977, 1, 'Faker', 1026, 2317690, 1);
INSERT INTO interacts VALUES(981706490977, 1, 'Blank', 2043, 2320767, 1);
INSERT INTO interacts VALUES(981706490977, 1, 'Blank', 1333, 2323501, 1);
INSERT INTO interacts VALUES(981706490977, 1, 'Duke', 1057, 2448870, 1);
INSERT INTO interacts VALUES(981706490977, 1, 'Duke', 2138, 2450013, 1);
INSERT INTO interacts VALUES(981706490977, 1, 'Mata', 3050, 2454877, 1);
INSERT INTO interacts VALUES(981706490977, 1, 'Mata', 2043, 2455676, 1);
INSERT INTO interacts VALUES(981706490977, 1, 'Mata', 2043, 2455807, 1);
INSERT INTO interacts VALUES(981706490977, 1, 'mlxg', 3072, 2470122, 1);
INSERT INTO interacts VALUES(981706490977, 1, 'Blank', 1058, 2476984, 1);
INSERT INTO interacts VALUES(981706490977, 1, 'Faker', 3089, 2480064, 1);
INSERT INTO interacts VALUES(981706490977, 1, 'Faker', 3363, 2484102, 1);
INSERT INTO interacts VALUES(981706490977, 1, 'Looper', 3143, 2499440, 1);
INSERT INTO interacts VALUES(981706490977, 1, 'Bang', 3031, 2511815, 1);
INSERT INTO interacts VALUES(981706490977, 1, 'xiaohu', 1026, 2590321, 0);
INSERT INTO interacts VALUES(981706490977, 1, 'Bang', 3140, 2595653, 1);
INSERT INTO interacts VALUES(981706490977, 1, 'Wolf', 3110, 2604711, 1);
INSERT INTO interacts VALUES(981706490977, 1, 'xiaohu', 3157, 2605300, 1);
INSERT INTO interacts VALUES(981706490977, 1, 'Mata', 3211, 2611416, 1);
INSERT INTO interacts VALUES(981706490977, 1, 'Wuxx', 3072, 2611552, 1);
INSERT INTO interacts VALUES(981706490977, 1, 'Mata', 2031, 2612394, 0);
INSERT INTO interacts VALUES(981706490977, 1, 'Mata', 2043, 2613323, 1);
INSERT INTO interacts VALUES(981706490977, 1, 'Mata', 2043, 2613451, 1);
INSERT INTO interacts VALUES(981706490977, 1, 'Wuxx', 1306, 2613965, 1);
INSERT INTO interacts VALUES(981706490977, 1, 'Wuxx', 2140, 2614764, 1);
INSERT INTO interacts VALUES(981706490977, 1, 'mlxg', 3155, 2622810, 0);
INSERT INTO interacts VALUES(981706490977, 1, 'Looper', 3110, 2623070, 0);
INSERT INTO interacts VALUES(981706490977, 1, 'mlxg', 3035, 2624094, 1);
INSERT INTO interacts VALUES(981706490977, 1, 'Wolf', 2043, 2628328, 1);
INSERT INTO interacts VALUES(981706490977, 1, 'Faker', 1026, 2631644, 1);
INSERT INTO interacts VALUES(981706490977, 1, 'xiaohu', 2139, 2636030, 1);
INSERT INTO interacts VALUES(981706490977, 1, 'mlxg', 3036, 2661756, 1);
INSERT INTO interacts VALUES(981706490977, 1, 'Bang', 2140, 2665780, 1);
INSERT INTO interacts VALUES(981706490977, 1, 'Wolf', 2043, 2688534, 1);
INSERT INTO interacts VALUES(981706490977, 1, 'Looper', 3102, 2778963, 1);
INSERT INTO interacts VALUES(981706490977, 1, 'Looper', 2138, 2782515, 1);
INSERT INTO interacts VALUES(981706490977, 1, 'Mata', 2043, 2795304, 1);
INSERT INTO interacts VALUES(981706490977, 1, 'Mata', 2043, 2795468, 1);
INSERT INTO interacts VALUES(981706490977, 1, 'Duke', 3026, 2796349, 1);
INSERT INTO interacts VALUES(981706490977, 1, 'Wolf', 1029, 2797888, 1);
INSERT INTO interacts VALUES(981706490977, 1, 'Faker', 3135, 2799356, 1);
INSERT INTO interacts VALUES(981706490977, 1, 'Wuxx', 2140, 2815554, 1);
INSERT INTO interacts VALUES(981706490977, 1, 'xiaohu', 3165, 2842337, 0);
INSERT INTO interacts VALUES(981706490977, 1, 'xiaohu', 3174, 2844426, 1);
INSERT INTO interacts VALUES(981706490977, 1, 'xiaohu', 3020, 2845311, 0);
INSERT INTO interacts VALUES(981706490977, 1, 'xiaohu', 1333, 2848340, 1);
INSERT INTO interacts VALUES(981706490977, 1, 'xiaohu', 2139, 2850090, 1);
INSERT INTO interacts VALUES(981706490977, 1, 'mlxg', 1408, 2851503, 0);
INSERT INTO interacts VALUES(981706490977, 1, 'mlxg', 3031, 2852419, 1);
INSERT INTO interacts VALUES(981706490977, 1, 'Blank', 3089, 2867781, 1);
INSERT INTO interacts VALUES(981706490977, 1, 'Wolf', 3082, 2885681, 1);
INSERT INTO interacts VALUES(981706490977, 1, 'Looper', 2138, 2912998, 1);
INSERT INTO interacts VALUES(981706490977, 1, 'Duke', 1308, 2922251, 0);
INSERT INTO interacts VALUES(981706490977, 1, 'Duke', 3047, 2924113, 1);
INSERT INTO interacts VALUES(981706490977, 1, 'Bang', 3139, 2941103, 1);
INSERT INTO interacts VALUES(981706490977, 1, 'Duke', 2138, 2951141, 1);
INSERT INTO interacts VALUES(981706490977, 1, 'Faker', 2139, 2958154, 1);
INSERT INTO interacts VALUES(981706490977, 1, 'Mata', 2138, 2972758, 1);
INSERT INTO interacts VALUES(981706490977, 1, 'mlxg', 2140, 2976669, 1);
INSERT INTO interacts VALUES(981706490977, 1, 'Wolf', 2138, 2984411, 1);
INSERT INTO interacts VALUES(981706490977, 1, 'Bang', 2140, 2986868, 1);
INSERT INTO interacts VALUES(981706490977, 1, 'Looper', 2138, 3027646, 1);
INSERT INTO interacts VALUES(981706490977, 1, 'Blank', 2139, 3063707, 1);
INSERT INTO interacts VALUES(981706490977, 1, 'Wolf', 2043, 3064334, 1);
INSERT INTO interacts VALUES(981706490977, 1, 'Bang', 1331, 3098777, 1);
INSERT INTO interacts VALUES(981706490977, 1, 'Duke', 2138, 3107835, 1);
INSERT INTO interacts VALUES(981706490977, 1, 'Faker', 2139, 3110778, 1);
INSERT INTO interacts VALUES(981706490977, 1, 'mlxg', 1307, 3138175, 1);
INSERT INTO interacts VALUES(981706490977, 1, 'Wuxx', 2140, 3138734, 1);
INSERT INTO interacts VALUES(981706490977, 1, 'mlxg', 2140, 3138830, 1);
INSERT INTO interacts VALUES(981706490977, 1, 'Mata', 3102, 3140236, 1);
INSERT INTO interacts VALUES(981706490977, 1, 'Duke', 1316, 3149183, 1);
INSERT INTO interacts VALUES(981706490977, 1, 'Wolf', 2138, 3149356, 1);
INSERT INTO interacts VALUES(981706490977, 1, 'Duke', 2138, 3150277, 1);
INSERT INTO interacts VALUES(981706490977, 1, 'Mata', 2043, 3160055, 1);
INSERT INTO interacts VALUES(981706490977, 1, 'Mata', 2043, 3160186, 1);
INSERT INTO interacts VALUES(981706490977, 1, 'Looper', 3068, 3166532, 0);
INSERT INTO interacts VALUES(981706490977, 1, 'Looper', 3742, 3168919, 1);
INSERT INTO interacts VALUES(981706490977, 1, 'Looper', 2138, 3172507, 1);
INSERT INTO interacts VALUES(981706490977, 1, 'xiaohu', 2139, 3195878, 1);
INSERT INTO interacts VALUES(981706490977, 1, 'Faker', 2139, 3227149, 1);
INSERT INTO interacts VALUES(981706490977, 1, 'Bang', 2140, 3227646, 1);
INSERT INTO interacts VALUES(981706490977, 1, 'Blank', 3001, 3228302, 0);
INSERT INTO interacts VALUES(981706490977, 1, 'Blank', 3157, 3229886, 1);
INSERT INTO interacts VALUES(981706490977, 1, 'Bang', 3508, 3236469, 0);
INSERT INTO interacts VALUES(981706490977, 1, 'Wolf', 2043, 3236761, 0);
INSERT INTO interacts VALUES(981706490977, 1, 'Bang', 3072, 3237908, 1);
INSERT INTO interacts VALUES(981706490977, 1, 'Wolf', 1057, 3238147, 1);
INSERT INTO interacts VALUES(981706490977, 1, 'Blank', 2139, 3350930, 1);
INSERT INTO interacts VALUES(981706490977, 1, 'Wuxx', 2140, 3359333, 1);
INSERT INTO interacts VALUES(981706490977, 1, 'mlxg', 1307, 3361016, 0);
INSERT INTO interacts VALUES(981706490977, 1, 'Mata', 1031, 3362284, 1);
INSERT INTO interacts VALUES(981706490977, 1, 'mlxg', 3094, 3364636, 1);
INSERT INTO interacts VALUES(981706490977, 1, 'Looper', 3102, 3368567, 0);
INSERT INTO interacts VALUES(981706490977, 1, 'Looper', 3026, 3369748, 1);
INSERT INTO interacts VALUES(981706490977, 1, 'Duke', 2138, 3372510, 1);
INSERT INTO interacts VALUES(981706490977, 1, 'xiaohu', 2139, 3374337, 1);
INSERT INTO interacts VALUES(981706490977, 1, 'Bang', 3072, 3427191, 0);
INSERT INTO interacts VALUES(981706490977, 1, 'Bang', 3508, 3428697, 1);
INSERT INTO interacts VALUES(981706490977, 1, 'Looper', 2138, 3429450, 1);
INSERT INTO interacts VALUES(981706490977, 1, 'Faker', 3001, 3434356, 0);
INSERT INTO interacts VALUES(981706490977, 1, 'Faker', 3157, 3434919, 1);
INSERT INTO interacts VALUES(981706490977, 1, 'Wolf', 2138, 3435480, 1);
INSERT INTO interacts VALUES(981706490977, 1, 'Duke', 3068, 3435578, 0);
INSERT INTO interacts VALUES(981706490977, 1, 'Faker', 2139, 3435612, 1);
INSERT INTO interacts VALUES(981706490977, 1, 'Duke', 3742, 3436099, 1);
INSERT INTO interacts VALUES(981706490977, 1, 'mlxg', 2138, 3452386, 1);
INSERT INTO interacts VALUES(981706490977, 1, 'xiaohu', 2139, 3502283, 1);
INSERT INTO series VALUES(156845593143, 1);
INSERT INTO organizes VALUES('msi_2016', 156845593143, 'group_stage - FW-vs-SUP');
INSERT INTO competes VALUES(156845593143, 'FW', 1);
INSERT INTO competes VALUES(156845593143, 'SUP', 0);
INSERT INTO matches VALUES(156845593143, 1, '2016-05-05');
INSERT INTO scores VALUES('FW', 156845593143, 1, 1, 8, 0, 1, 3, 1);
INSERT INTO scores VALUES('SUP', 156845593143, 1, 0, 4, 2, 0, 0, 0);
INSERT INTO bans VALUES(156845593143, 1, 432, 1);
INSERT INTO bans VALUES(156845593143, 1, 203, 3);
INSERT INTO bans VALUES(156845593143, 1, 268, 5);
INSERT INTO bans VALUES(156845593143, 1, 13, 2);
INSERT INTO bans VALUES(156845593143, 1, 76, 4);
INSERT INTO bans VALUES(156845593143, 1, 245, 6);
INSERT INTO plays VALUES(156845593143, 1, 'MMD', 57, 'Top', 2, 1, 9, 11950, 16, 5, 230, 6, 1, 11610);
INSERT INTO plays VALUES(156845593143, 1, 'Karsa', 64, 'Jungle', 1, 1, 7, 6235, 26, 15, 16, 84, 10, 10406);
INSERT INTO plays VALUES(156845593143, 1, 'Maple', 7, 'Mid', 9, 0, 2, 15075, 18, 9, 279, 11, 3, 14263);
INSERT INTO plays VALUES(156845593143, 1, 'NL', 236, 'ADC', 3, 1, 8, 13005, 15, 9, 326, 11, 0, 14517);
INSERT INTO plays VALUES(156845593143, 1, 'SwordArt', 12, 'Support', 0, 0, 13, 4232, 32, 9, 33, 0, 0, 8634);
INSERT INTO plays VALUES(156845593143, 1, 'fabFabulous', 105, 'Top', 1, 3, 1, 8967, 14, 6, 232, 0, 1, 10169);
INSERT INTO plays VALUES(156845593143, 1, 'Stomaged', 104, 'Jungle', 0, 2, 2, 10429, 24, 13, 49, 90, 6, 10099);
INSERT INTO plays VALUES(156845593143, 1, 'Naru', 127, 'Mid', 2, 3, 0, 7845, 19, 6, 270, 5, 1, 11455);
INSERT INTO plays VALUES(156845593143, 1, 'Achuu', 81, 'ADC', 0, 3, 1, 18045, 11, 6, 266, 23, 0, 11110);
INSERT INTO plays VALUES(156845593143, 1, 'Dumbledoge', 201, 'Support', 0, 4, 2, 6240, 41, 11, 48, 0, 0, 7243);
INSERT INTO interacts VALUES(156845593143, 1, 'Karsa', 1041, 1666, 1);
INSERT INTO interacts VALUES(156845593143, 1, 'Naru', 1056, 1700, 1);
INSERT INTO interacts VALUES(156845593143, 1, 'Karsa', 2031, 1862, 1);
INSERT INTO interacts VALUES(156845593143, 1, 'Naru', 2003, 1927, 1);
INSERT INTO interacts VALUES(156845593143, 1, 'Naru', 2003, 2100, 1);
INSERT INTO interacts VALUES(156845593143, 1, 'NL', 1055, 2220, 1);
INSERT INTO interacts VALUES(156845593143, 1, 'Karsa', 3340, 2223, 1);
INSERT INTO interacts VALUES(156845593143, 1, 'MMD', 2003, 2256, 1);
INSERT INTO interacts VALUES(156845593143, 1, 'Naru', 3340, 2319, 1);
INSERT INTO interacts VALUES(156845593143, 1, 'NL', 2010, 2481, 1);
INSERT INTO interacts VALUES(156845593143, 1, 'MMD', 1056, 2545, 1);
INSERT INTO interacts VALUES(156845593143, 1, 'Dumbledoge', 2010, 2707, 1);
INSERT INTO interacts VALUES(156845593143, 1, 'NL', 3340, 2707, 1);
INSERT INTO interacts VALUES(156845593143, 1, 'SwordArt', 3340, 2837, 1);
INSERT INTO interacts VALUES(156845593143, 1, 'MMD', 2003, 2837, 1);
INSERT INTO interacts VALUES(156845593143, 1, 'Dumbledoge', 2010, 3033, 1);
INSERT INTO interacts VALUES(156845593143, 1, 'Achuu', 1055, 3066, 1);
INSERT INTO interacts VALUES(156845593143, 1, 'MMD', 3340, 3099, 1);
INSERT INTO interacts VALUES(156845593143, 1, 'SwordArt', 2010, 3141, 1);
INSERT INTO interacts VALUES(156845593143, 1, 'SwordArt', 2010, 3261, 1);
INSERT INTO interacts VALUES(156845593143, 1, 'Dumbledoge', 2010, 3325, 1);
INSERT INTO interacts VALUES(156845593143, 1, 'Maple', 1056, 3325, 1);
INSERT INTO interacts VALUES(156845593143, 1, 'SwordArt', 2010, 3403, 1);
INSERT INTO interacts VALUES(156845593143, 1, 'Maple', 2003, 3554, 1);
INSERT INTO interacts VALUES(156845593143, 1, 'SwordArt', 3302, 3686, 1);
INSERT INTO interacts VALUES(156845593143, 1, 'Maple', 2003, 3686, 1);
INSERT INTO interacts VALUES(156845593143, 1, 'Dumbledoge', 3340, 3719, 1);
INSERT INTO interacts VALUES(156845593143, 1, 'Achuu', 3340, 3752, 1);
INSERT INTO interacts VALUES(156845593143, 1, 'Maple', 3340, 3881, 1);
INSERT INTO interacts VALUES(156845593143, 1, 'Achuu', 2010, 4075, 1);
INSERT INTO interacts VALUES(156845593143, 1, 'Dumbledoge', 3302, 4303, 1);
INSERT INTO interacts VALUES(156845593143, 1, 'fabFabulous', 2033, 6095, 1);
INSERT INTO interacts VALUES(156845593143, 1, 'fabFabulous', 3340, 6491, 1);
INSERT INTO interacts VALUES(156845593143, 1, 'Stomaged', 1039, 6815, 1);
INSERT INTO interacts VALUES(156845593143, 1, 'Stomaged', 2031, 7988, 1);
INSERT INTO interacts VALUES(156845593143, 1, 'Stomaged', 3340, 8450, 1);
INSERT INTO interacts VALUES(156845593143, 1, 'Stomaged', 3711, 275103, 1);
INSERT INTO interacts VALUES(156845593143, 1, 'Stomaged', 2043, 276808, 1);
INSERT INTO interacts VALUES(156845593143, 1, 'Stomaged', 2043, 277257, 1);
INSERT INTO interacts VALUES(156845593143, 1, 'Karsa', 3715, 292011, 1);
INSERT INTO interacts VALUES(156845593143, 1, 'Karsa', 2043, 293593, 1);
INSERT INTO interacts VALUES(156845593143, 1, 'Karsa', 2043, 294738, 1);
INSERT INTO interacts VALUES(156845593143, 1, 'MMD', 3751, 328536, 1);
INSERT INTO interacts VALUES(156845593143, 1, 'Stomaged', 1001, 388840, 1);
INSERT INTO interacts VALUES(156845593143, 1, 'Naru', 1026, 422698, 1);
INSERT INTO interacts VALUES(156845593143, 1, 'Naru', 1057, 423184, 1);
INSERT INTO interacts VALUES(156845593143, 1, 'Maple', 1026, 423832, 1);
INSERT INTO interacts VALUES(156845593143, 1, 'Naru', 2043, 424161, 1);
INSERT INTO interacts VALUES(156845593143, 1, 'Naru', 2003, 424390, 1);
INSERT INTO interacts VALUES(156845593143, 1, 'Maple', 1057, 424548, 1);
INSERT INTO interacts VALUES(156845593143, 1, 'Maple', 1001, 426382, 1);
INSERT INTO interacts VALUES(156845593143, 1, 'fabFabulous', 3751, 453043, 1);
INSERT INTO interacts VALUES(156845593143, 1, 'fabFabulous', 1082, 454861, 1);
INSERT INTO interacts VALUES(156845593143, 1, 'fabFabulous', 2043, 455584, 1);
INSERT INTO interacts VALUES(156845593143, 1, 'Karsa', 1036, 474118, 1);
INSERT INTO interacts VALUES(156845593143, 1, 'Karsa', 1036, 474244, 1);
INSERT INTO interacts VALUES(156845593143, 1, 'MMD', 1028, 483099, 1);
INSERT INTO interacts VALUES(156845593143, 1, 'MMD', 1033, 483437, 1);
INSERT INTO interacts VALUES(156845593143, 1, 'Achuu', 3004, 519643, 1);
INSERT INTO interacts VALUES(156845593143, 1, 'Achuu', 2010, 520396, 1);
INSERT INTO interacts VALUES(156845593143, 1, 'Dumbledoge', 2049, 522352, 1);
INSERT INTO interacts VALUES(156845593143, 1, 'Dumbledoge', 2043, 523413, 1);
INSERT INTO interacts VALUES(156845593143, 1, 'Dumbledoge', 1001, 523855, 1);
INSERT INTO interacts VALUES(156845593143, 1, 'Dumbledoge', 3341, 525148, 1);
INSERT INTO interacts VALUES(156845593143, 1, 'SwordArt', 1001, 534903, 1);
INSERT INTO interacts VALUES(156845593143, 1, 'SwordArt', 2049, 535130, 1);
INSERT INTO interacts VALUES(156845593143, 1, 'SwordArt', 3341, 536393, 1);
INSERT INTO interacts VALUES(156845593143, 1, 'SwordArt', 2043, 536818, 1);
INSERT INTO interacts VALUES(156845593143, 1, 'Stomaged', 1036, 540317, 1);
INSERT INTO interacts VALUES(156845593143, 1, 'Stomaged', 1036, 540609, 1);
INSERT INTO interacts VALUES(156845593143, 1, 'Stomaged', 3009, 543336, 1);
INSERT INTO interacts VALUES(156845593143, 1, 'NL', 1038, 544908, 1);
INSERT INTO interacts VALUES(156845593143, 1, 'NL', 3133, 545631, 1);
INSERT INTO interacts VALUES(156845593143, 1, 'Stomaged', 3341, 546691, 1);
INSERT INTO interacts VALUES(156845593143, 1, 'NL', 2010, 546756, 1);
INSERT INTO interacts VALUES(156845593143, 1, 'NL', 2010, 546893, 1);
INSERT INTO interacts VALUES(156845593143, 1, 'NL', 2043, 547480, 1);
INSERT INTO interacts VALUES(156845593143, 1, 'MMD', 3211, 552444, 1);
INSERT INTO interacts VALUES(156845593143, 1, 'MMD', 2003, 554202, 0);
INSERT INTO interacts VALUES(156845593143, 1, 'MMD', 1001, 555145, 1);
INSERT INTO interacts VALUES(156845593143, 1, 'Karsa', 1412, 624654, 1);
INSERT INTO interacts VALUES(156845593143, 1, 'Maple', 3001, 659652, 1);
INSERT INTO interacts VALUES(156845593143, 1, 'Maple', 3158, 660899, 1);
INSERT INTO interacts VALUES(156845593143, 1, 'Maple', 2043, 663917, 1);
INSERT INTO interacts VALUES(156845593143, 1, 'Maple', 3363, 664243, 1);
INSERT INTO interacts VALUES(156845593143, 1, 'Naru', 3001, 681955, 1);
INSERT INTO interacts VALUES(156845593143, 1, 'Naru', 1026, 682972, 1);
INSERT INTO interacts VALUES(156845593143, 1, 'Naru', 2043, 684045, 1);
INSERT INTO interacts VALUES(156845593143, 1, 'Naru', 2003, 684239, 1);
INSERT INTO interacts VALUES(156845593143, 1, 'Naru', 3363, 686907, 1);
INSERT INTO interacts VALUES(156845593143, 1, 'SwordArt', 2043, 698230, 1);
INSERT INTO interacts VALUES(156845593143, 1, 'SwordArt', 1028, 699491, 1);
INSERT INTO interacts VALUES(156845593143, 1, 'SwordArt', 2010, 703232, 1);
INSERT INTO interacts VALUES(156845593143, 1, 'fabFabulous', 3211, 721884, 1);
INSERT INTO interacts VALUES(156845593143, 1, 'fabFabulous', 1001, 723316, 1);
INSERT INTO interacts VALUES(156845593143, 1, 'fabFabulous', 1027, 725642, 1);
INSERT INTO interacts VALUES(156845593143, 1, 'NL', 3508, 757811, 1);
INSERT INTO interacts VALUES(156845593143, 1, 'NL', 2010, 759152, 1);
INSERT INTO interacts VALUES(156845593143, 1, 'NL', 2043, 759621, 1);
INSERT INTO interacts VALUES(156845593143, 1, 'MMD', 3111, 762506, 1);
INSERT INTO interacts VALUES(156845593143, 1, 'MMD', 2043, 763845, 1);
INSERT INTO interacts VALUES(156845593143, 1, 'Stomaged', 1408, 772185, 1);
INSERT INTO interacts VALUES(156845593143, 1, 'Achuu', 3057, 795167, 1);
INSERT INTO interacts VALUES(156845593143, 1, 'Dumbledoge', 3009, 798351, 1);
INSERT INTO interacts VALUES(156845593143, 1, 'Dumbledoge', 2043, 799761, 1);
INSERT INTO interacts VALUES(156845593143, 1, 'Dumbledoge', 2010, 800258, 1);
INSERT INTO interacts VALUES(156845593143, 1, 'Dumbledoge', 2010, 802044, 1);
INSERT INTO interacts VALUES(156845593143, 1, 'Dumbledoge', 2010, 802298, 1);
INSERT INTO interacts VALUES(156845593143, 1, 'Naru', 1028, 806688, 1);
INSERT INTO interacts VALUES(156845593143, 1, 'Naru', 1001, 807728, 1);
INSERT INTO interacts VALUES(156845593143, 1, 'Achuu', 3158, 808895, 1);
INSERT INTO interacts VALUES(156845593143, 1, 'Karsa', 2049, 809763, 1);
INSERT INTO interacts VALUES(156845593143, 1, 'Karsa', 3364, 813498, 1);
INSERT INTO interacts VALUES(156845593143, 1, 'SwordArt', 3009, 850124, 1);
INSERT INTO interacts VALUES(156845593143, 1, 'NL', 1001, 852270, 1);
INSERT INTO interacts VALUES(156845593143, 1, 'SwordArt', 2010, 852564, 1);
INSERT INTO interacts VALUES(156845593143, 1, 'NL', 1042, 853846, 1);
INSERT INTO interacts VALUES(156845593143, 1, 'NL', 3363, 854395, 1);
INSERT INTO interacts VALUES(156845593143, 1, 'fabFabulous', 3057, 884140, 1);
INSERT INTO interacts VALUES(156845593143, 1, 'Naru', 3010, 895380, 1);
INSERT INTO interacts VALUES(156845593143, 1, 'Achuu', 3363, 920796, 1);
INSERT INTO interacts VALUES(156845593143, 1, 'NL', 3086, 921708, 1);
INSERT INTO interacts VALUES(156845593143, 1, 'Achuu', 1027, 921938, 1);
INSERT INTO interacts VALUES(156845593143, 1, 'Karsa', 1001, 922298, 1);
INSERT INTO interacts VALUES(156845593143, 1, 'Achuu', 1029, 922460, 1);
INSERT INTO interacts VALUES(156845593143, 1, 'Karsa', 1033, 923050, 1);
INSERT INTO interacts VALUES(156845593143, 1, 'Maple', 3108, 932414, 1);
INSERT INTO interacts VALUES(156845593143, 1, 'Maple', 3114, 933129, 1);
INSERT INTO interacts VALUES(156845593143, 1, 'Maple', 1052, 936219, 1);
INSERT INTO interacts VALUES(156845593143, 1, 'Dumbledoge', 3097, 936352, 1);
INSERT INTO interacts VALUES(156845593143, 1, 'Dumbledoge', 2043, 937007, 1);
INSERT INTO interacts VALUES(156845593143, 1, 'Naru', 2043, 941344, 1);
INSERT INTO interacts VALUES(156845593143, 1, 'Karsa', 2043, 942936, 1);
INSERT INTO interacts VALUES(156845593143, 1, 'SwordArt', 3097, 945045, 1);
INSERT INTO interacts VALUES(156845593143, 1, 'SwordArt', 2031, 946064, 1);
INSERT INTO interacts VALUES(156845593143, 1, 'MMD', 3068, 957172, 1);
INSERT INTO interacts VALUES(156845593143, 1, 'Stomaged', 3155, 970152, 1);
INSERT INTO interacts VALUES(156845593143, 1, 'Stomaged', 2043, 971093, 1);
INSERT INTO interacts VALUES(156845593143, 1, 'Stomaged', 2043, 971336, 1);
INSERT INTO interacts VALUES(156845593143, 1, 'Stomaged', 3364, 972045, 1);
INSERT INTO interacts VALUES(156845593143, 1, 'Karsa', 3111, 1006384, 1);
INSERT INTO interacts VALUES(156845593143, 1, 'Karsa', 2043, 1007245, 1);
INSERT INTO interacts VALUES(156845593143, 1, 'Karsa', 2043, 1007377, 1);
INSERT INTO interacts VALUES(156845593143, 1, 'NL', 2015, 1007433, 1);
INSERT INTO interacts VALUES(156845593143, 1, 'Maple', 3165, 1007500, 1);
INSERT INTO interacts VALUES(156845593143, 1, 'SwordArt', 3364, 1007994, 1);
INSERT INTO interacts VALUES(156845593143, 1, 'Maple', 2043, 1008955, 1);
INSERT INTO interacts VALUES(156845593143, 1, 'Maple', 2003, 1009100, 1);
INSERT INTO interacts VALUES(156845593143, 1, 'SwordArt', 1308, 1009411, 1);
INSERT INTO interacts VALUES(156845593143, 1, 'Dumbledoge', 2303, 1053844, 1);
INSERT INTO interacts VALUES(156845593143, 1, 'MMD', 1323, 1059510, 1);
INSERT INTO interacts VALUES(156845593143, 1, 'MMD', 2043, 1060878, 1);
INSERT INTO interacts VALUES(156845593143, 1, 'MMD', 2003, 1061141, 1);
INSERT INTO interacts VALUES(156845593143, 1, 'Achuu', 3024, 1069801, 1);
INSERT INTO interacts VALUES(156845593143, 1, 'Naru', 3027, 1079065, 1);
INSERT INTO interacts VALUES(156845593143, 1, 'fabFabulous', 3025, 1086808, 1);
INSERT INTO interacts VALUES(156845593143, 1, 'NL', 3087, 1111026, 1);
INSERT INTO interacts VALUES(156845593143, 1, 'NL', 2043, 1113498, 1);
INSERT INTO interacts VALUES(156845593143, 1, 'Achuu', 3025, 1117213, 1);
INSERT INTO interacts VALUES(156845593143, 1, 'Stomaged', 2031, 1142635, 0);
INSERT INTO interacts VALUES(156845593143, 1, 'Karsa', 2031, 1143248, 0);
INSERT INTO interacts VALUES(156845593143, 1, 'Karsa', 3211, 1144447, 1);
INSERT INTO interacts VALUES(156845593143, 1, 'Stomaged', 3134, 1144522, 1);
INSERT INTO interacts VALUES(156845593143, 1, 'SwordArt', 2303, 1145499, 1);
INSERT INTO interacts VALUES(156845593143, 1, 'Dumbledoge', 3364, 1151931, 1);
INSERT INTO interacts VALUES(156845593143, 1, 'Dumbledoge', 2043, 1153686, 1);
INSERT INTO interacts VALUES(156845593143, 1, 'Dumbledoge', 1033, 1155349, 1);
INSERT INTO interacts VALUES(156845593143, 1, 'MMD', 1028, 1159345, 1);
INSERT INTO interacts VALUES(156845593143, 1, 'Maple', 1058, 1175075, 1);
INSERT INTO interacts VALUES(156845593143, 1, 'Maple', 2003, 1175856, 0);
INSERT INTO interacts VALUES(156845593143, 1, 'Maple', 2043, 1176770, 1);
INSERT INTO interacts VALUES(156845593143, 1, 'fabFabulous', 3111, 1177096, 1);
INSERT INTO interacts VALUES(156845593143, 1, 'Naru', 1058, 1206062, 1);
INSERT INTO interacts VALUES(156845593143, 1, 'Naru', 2043, 1206932, 1);
INSERT INTO interacts VALUES(156845593143, 1, 'NL', 1033, 1282455, 1);
INSERT INTO interacts VALUES(156845593143, 1, 'NL', 1042, 1284894, 1);
INSERT INTO interacts VALUES(156845593143, 1, 'MMD', 3067, 1308116, 1);
INSERT INTO interacts VALUES(156845593143, 1, 'Dumbledoge', 3801, 1326005, 1);
INSERT INTO interacts VALUES(156845593143, 1, 'Dumbledoge', 2043, 1326566, 1);
INSERT INTO interacts VALUES(156845593143, 1, 'Dumbledoge', 2010, 1327636, 1);
INSERT INTO interacts VALUES(156845593143, 1, 'Maple', 1026, 1351304, 1);
INSERT INTO interacts VALUES(156845593143, 1, 'Achuu', 3144, 1373902, 1);
INSERT INTO interacts VALUES(156845593143, 1, 'Achuu', 2043, 1374802, 1);
INSERT INTO interacts VALUES(156845593143, 1, 'SwordArt', 3801, 1376344, 1);
INSERT INTO interacts VALUES(156845593143, 1, 'SwordArt', 1054, 1377242, 1);
INSERT INTO interacts VALUES(156845593143, 1, 'Karsa', 3801, 1379143, 1);
INSERT INTO interacts VALUES(156845593143, 1, 'SwordArt', 1033, 1379275, 1);
INSERT INTO interacts VALUES(156845593143, 1, 'SwordArt', 2043, 1380015, 1);
INSERT INTO interacts VALUES(156845593143, 1, 'NL', 3140, 1380153, 1);
INSERT INTO interacts VALUES(156845593143, 1, 'SwordArt', 2043, 1380184, 1);
INSERT INTO interacts VALUES(156845593143, 1, 'Karsa', 2043, 1382020, 1);
INSERT INTO interacts VALUES(156845593143, 1, 'Karsa', 2043, 1382156, 1);
INSERT INTO interacts VALUES(156845593143, 1, 'MMD', 3065, 1400417, 1);
INSERT INTO interacts VALUES(156845593143, 1, 'MMD', 2043, 1410031, 1);
INSERT INTO interacts VALUES(156845593143, 1, 'MMD', 1029, 1416153, 1);
INSERT INTO interacts VALUES(156845593143, 1, 'Dumbledoge', 3105, 1416884, 1);
INSERT INTO interacts VALUES(156845593143, 1, 'Dumbledoge', 2043, 1418961, 1);
INSERT INTO interacts VALUES(156845593143, 1, 'Stomaged', 3156, 1419129, 1);
INSERT INTO interacts VALUES(156845593143, 1, 'Stomaged', 1042, 1420191, 1);
INSERT INTO interacts VALUES(156845593143, 1, 'Stomaged', 1051, 1422174, 1);
INSERT INTO interacts VALUES(156845593143, 1, 'Stomaged', 2043, 1422964, 1);
INSERT INTO interacts VALUES(156845593143, 1, 'Stomaged', 2043, 1423260, 1);
INSERT INTO interacts VALUES(156845593143, 1, 'fabFabulous', 1082, 1424432, 0);
INSERT INTO interacts VALUES(156845593143, 1, 'fabFabulous', 3068, 1438590, 1);
INSERT INTO interacts VALUES(156845593143, 1, 'Naru', 1056, 1452403, 0);
INSERT INTO interacts VALUES(156845593143, 1, 'Naru', 3157, 1452929, 1);
INSERT INTO interacts VALUES(156845593143, 1, 'Naru', 2043, 1454238, 1);
INSERT INTO interacts VALUES(156845593143, 1, 'MMD', 1027, 1507597, 1);
INSERT INTO interacts VALUES(156845593143, 1, 'Dumbledoge', 2010, 1516459, 1);
INSERT INTO interacts VALUES(156845593143, 1, 'Dumbledoge', 1028, 1516987, 1);
INSERT INTO interacts VALUES(156845593143, 1, 'Maple', 3089, 1535196, 1);
INSERT INTO interacts VALUES(156845593143, 1, 'Stomaged', 3086, 1538593, 1);
INSERT INTO interacts VALUES(156845593143, 1, 'Stomaged', 2043, 1539459, 1);
INSERT INTO interacts VALUES(156845593143, 1, 'SwordArt', 3105, 1547378, 1);
INSERT INTO interacts VALUES(156845593143, 1, 'SwordArt', 2043, 1548527, 1);
INSERT INTO interacts VALUES(156845593143, 1, 'Karsa', 3102, 1558663, 1);
INSERT INTO interacts VALUES(156845593143, 1, 'fabFabulous', 3067, 1558701, 1);
INSERT INTO interacts VALUES(156845593143, 1, 'Karsa', 2003, 1559543, 1);
INSERT INTO interacts VALUES(156845593143, 1, 'NL', 3006, 1565861, 1);
INSERT INTO interacts VALUES(156845593143, 1, 'NL', 1038, 1567200, 1);
INSERT INTO interacts VALUES(156845593143, 1, 'Naru', 3158, 1570188, 1);
INSERT INTO interacts VALUES(156845593143, 1, 'Naru', 2043, 1571279, 1);
INSERT INTO interacts VALUES(156845593143, 1, 'Naru', 2043, 1571493, 1);
INSERT INTO interacts VALUES(156845593143, 1, 'MMD', 3024, 1597106, 1);
INSERT INTO interacts VALUES(156845593143, 1, 'MMD', 1029, 1597675, 1);
INSERT INTO interacts VALUES(156845593143, 1, 'Achuu', 3153, 1620294, 1);
INSERT INTO interacts VALUES(156845593143, 1, 'Dumbledoge', 3190, 1645539, 1);
INSERT INTO interacts VALUES(156845593143, 1, 'Stomaged', 1042, 1650171, 1);
INSERT INTO interacts VALUES(156845593143, 1, 'MMD', 3082, 1675795, 1);
INSERT INTO interacts VALUES(156845593143, 1, 'SwordArt', 3190, 1676645, 1);
INSERT INTO interacts VALUES(156845593143, 1, 'SwordArt', 2043, 1677098, 1);
INSERT INTO interacts VALUES(156845593143, 1, 'Maple', 1026, 1678141, 1);
INSERT INTO interacts VALUES(156845593143, 1, 'Maple', 2139, 1678859, 1);
INSERT INTO interacts VALUES(156845593143, 1, 'SwordArt', 2043, 1680955, 1);
INSERT INTO interacts VALUES(156845593143, 1, 'NL', 1303, 1686040, 1);
INSERT INTO interacts VALUES(156845593143, 1, 'Karsa', 1011, 1689951, 1);
INSERT INTO interacts VALUES(156845593143, 1, 'Naru', 1052, 1795738, 1);
INSERT INTO interacts VALUES(156845593143, 1, 'Stomaged', 3046, 1802654, 1);
INSERT INTO interacts VALUES(156845593143, 1, 'Stomaged', 2043, 1803427, 1);
INSERT INTO interacts VALUES(156845593143, 1, 'Achuu', 1036, 1805521, 1);
INSERT INTO series VALUES(798281409403, 1);
INSERT INTO organizes VALUES('msi_2016', 798281409403, 'group_stage - RNG-vs-G2');
INSERT INTO competes VALUES(798281409403, 'RNG', 1);
INSERT INTO competes VALUES(798281409403, 'G2', 0);
INSERT INTO matches VALUES(798281409403, 1, '2016-05-05');
INSERT INTO scores VALUES('RNG', 798281409403, 1, 1, 7, 1, 0, 3, 1);
INSERT INTO scores VALUES('G2', 798281409403, 1, 0, 5, 0, 0, 1, 0);
INSERT INTO bans VALUES(798281409403, 1, 238, 1);
INSERT INTO bans VALUES(798281409403, 1, 201, 3);
INSERT INTO bans VALUES(798281409403, 1, 432, 5);
INSERT INTO bans VALUES(798281409403, 1, 12, 2);
INSERT INTO bans VALUES(798281409403, 1, 76, 4);
INSERT INTO bans VALUES(798281409403, 1, 57, 6);
INSERT INTO plays VALUES(798281409403, 1, 'Looper', 78, 'Top', 1, 1, 5, 10003, 21, 3, 268, 1, 0, 12643);
INSERT INTO plays VALUES(798281409403, 1, 'mlxg', 203, 'Jungle', 2, 0, 7, 16330, 29, 22, 44, 98, 31, 12748);
INSERT INTO plays VALUES(798281409403, 1, 'xiaohu', 268, 'Mid', 5, 0, 5, 30874, 26, 18, 333, 8, 6, 14801);
INSERT INTO plays VALUES(798281409403, 1, 'Wuxx', 29, 'ADC', 8, 3, 1, 26980, 17, 16, 234, 12, 2, 13768);
INSERT INTO plays VALUES(798281409403, 1, 'Mata', 412, 'Support', 0, 1, 10, 4158, 47, 14, 26, 0, 3, 8327);
INSERT INTO plays VALUES(798281409403, 1, 'Kikis', 245, 'Top', 2, 3, 2, 12430, 18, 6, 232, 3, 0, 11638);
INSERT INTO plays VALUES(798281409403, 1, 'Trick', 104, 'Jungle', 1, 2, 3, 9906, 33, 15, 38, 107, 14, 11517);
INSERT INTO plays VALUES(798281409403, 1, 'Perkz', 13, 'Mid', 1, 4, 0, 12582, 17, 5, 296, 7, 0, 12422);
INSERT INTO plays VALUES(798281409403, 1, 'Emperor', 236, 'ADC', 1, 3, 2, 10305, 16, 11, 284, 17, 8, 13950);
INSERT INTO plays VALUES(798281409403, 1, 'Hybrid', 48, 'Support', 0, 4, 3, 2129, 57, 14, 33, 0, 0, 7826);
INSERT INTO interacts VALUES(798281409403, 1, 'Mata', 3302, 2034, 1);
INSERT INTO interacts VALUES(798281409403, 1, 'Wuxx', 1055, 2121, 1);
INSERT INTO interacts VALUES(798281409403, 1, 'Trick', 1039, 2264, 1);
INSERT INTO interacts VALUES(798281409403, 1, 'Wuxx', 2010, 2264, 1);
INSERT INTO interacts VALUES(798281409403, 1, 'Mata', 2010, 2386, 1);
INSERT INTO interacts VALUES(798281409403, 1, 'Emperor', 1055, 2430, 1);
INSERT INTO interacts VALUES(798281409403, 1, 'Trick', 2031, 2464, 1);
INSERT INTO interacts VALUES(798281409403, 1, 'Wuxx', 3340, 2464, 1);
INSERT INTO interacts VALUES(798281409403, 1, 'Mata', 2010, 2502, 1);
INSERT INTO interacts VALUES(798281409403, 1, 'Mata', 2010, 2649, 1);
INSERT INTO interacts VALUES(798281409403, 1, 'Emperor', 2010, 2702, 1);
INSERT INTO interacts VALUES(798281409403, 1, 'Trick', 3340, 2791, 1);
INSERT INTO interacts VALUES(798281409403, 1, 'Mata', 3340, 2886, 1);
INSERT INTO interacts VALUES(798281409403, 1, 'Emperor', 3340, 2923, 1);
INSERT INTO interacts VALUES(798281409403, 1, 'Kikis', 2033, 3178, 1);
INSERT INTO interacts VALUES(798281409403, 1, 'Hybrid', 3302, 3178, 1);
INSERT INTO interacts VALUES(798281409403, 1, 'xiaohu', 1056, 3253, 1);
INSERT INTO interacts VALUES(798281409403, 1, 'xiaohu', 2003, 3616, 1);
INSERT INTO interacts VALUES(798281409403, 1, 'Hybrid', 2010, 3723, 1);
INSERT INTO interacts VALUES(798281409403, 1, 'Kikis', 3340, 3788, 1);
INSERT INTO interacts VALUES(798281409403, 1, 'Hybrid', 2010, 3854, 1);
INSERT INTO interacts VALUES(798281409403, 1, 'xiaohu', 2003, 3888, 1);
INSERT INTO interacts VALUES(798281409403, 1, 'Hybrid', 2010, 4018, 1);
INSERT INTO interacts VALUES(798281409403, 1, 'xiaohu', 3340, 4182, 1);
INSERT INTO interacts VALUES(798281409403, 1, 'mlxg', 1039, 4444, 1);
INSERT INTO interacts VALUES(798281409403, 1, 'Hybrid', 3340, 4546, 1);
INSERT INTO interacts VALUES(798281409403, 1, 'Perkz', 1027, 4807, 1);
INSERT INTO interacts VALUES(798281409403, 1, 'mlxg', 2031, 5026, 1);
INSERT INTO interacts VALUES(798281409403, 1, 'Perkz', 3340, 5332, 1);
INSERT INTO interacts VALUES(798281409403, 1, 'mlxg', 3340, 5366, 1);
INSERT INTO interacts VALUES(798281409403, 1, 'Perkz', 2010, 5769, 1);
INSERT INTO interacts VALUES(798281409403, 1, 'Perkz', 2010, 5934, 1);
INSERT INTO interacts VALUES(798281409403, 1, 'Looper', 2033, 6104, 1);
INSERT INTO interacts VALUES(798281409403, 1, 'Looper', 3340, 6430, 1);
INSERT INTO interacts VALUES(798281409403, 1, 'Perkz', 2031, 8529, 1);
INSERT INTO interacts VALUES(798281409403, 1, 'Emperor', 1083, 199976, 1);
INSERT INTO interacts VALUES(798281409403, 1, 'Emperor', 2043, 202115, 1);
INSERT INTO interacts VALUES(798281409403, 1, 'Hybrid', 1028, 220023, 1);
INSERT INTO interacts VALUES(798281409403, 1, 'Wuxx', 1043, 240815, 1);
INSERT INTO interacts VALUES(798281409403, 1, 'Wuxx', 2043, 241533, 1);
INSERT INTO interacts VALUES(798281409403, 1, 'Wuxx', 2010, 242180, 1);
INSERT INTO interacts VALUES(798281409403, 1, 'Looper', 1028, 262198, 1);
INSERT INTO interacts VALUES(798281409403, 1, 'Kikis', 1028, 263041, 1);
INSERT INTO interacts VALUES(798281409403, 1, 'Looper', 2043, 263363, 1);
INSERT INTO interacts VALUES(798281409403, 1, 'Kikis', 1029, 263539, 1);
INSERT INTO interacts VALUES(798281409403, 1, 'Kikis', 2043, 263854, 1);
INSERT INTO interacts VALUES(798281409403, 1, 'mlxg', 3711, 292867, 1);
INSERT INTO interacts VALUES(798281409403, 1, 'mlxg', 2032, 295149, 1);
INSERT INTO interacts VALUES(798281409403, 1, 'mlxg', 1042, 298796, 1);
INSERT INTO interacts VALUES(798281409403, 1, 'Trick', 3711, 323111, 1);
INSERT INTO interacts VALUES(798281409403, 1, 'Trick', 1036, 323586, 1);
INSERT INTO interacts VALUES(798281409403, 1, 'Trick', 2043, 324605, 1);
INSERT INTO interacts VALUES(798281409403, 1, 'Perkz', 3070, 345388, 1);
INSERT INTO interacts VALUES(798281409403, 1, 'Perkz', 1001, 346205, 1);
INSERT INTO interacts VALUES(798281409403, 1, 'Perkz', 1027, 347669, 1);
INSERT INTO interacts VALUES(798281409403, 1, 'Perkz', 1028, 351313, 1);
INSERT INTO interacts VALUES(798281409403, 1, 'xiaohu', 3101, 364269, 1);
INSERT INTO interacts VALUES(798281409403, 1, 'xiaohu', 1001, 367192, 1);
INSERT INTO interacts VALUES(798281409403, 1, 'xiaohu', 2043, 368458, 1);
INSERT INTO interacts VALUES(798281409403, 1, 'Looper', 3211, 420157, 1);
INSERT INTO interacts VALUES(798281409403, 1, 'Looper', 1001, 422667, 1);
INSERT INTO interacts VALUES(798281409403, 1, 'Perkz', 2043, 429181, 1);
INSERT INTO interacts VALUES(798281409403, 1, 'Hybrid', 2049, 436567, 1);
INSERT INTO interacts VALUES(798281409403, 1, 'Hybrid', 2043, 437016, 1);
INSERT INTO interacts VALUES(798281409403, 1, 'Hybrid', 3341, 437422, 1);
INSERT INTO interacts VALUES(798281409403, 1, 'xiaohu', 1052, 452148, 1);
INSERT INTO interacts VALUES(798281409403, 1, 'mlxg', 1043, 457830, 1);
INSERT INTO interacts VALUES(798281409403, 1, 'mlxg', 2043, 459059, 1);
INSERT INTO interacts VALUES(798281409403, 1, 'mlxg', 3341, 459505, 1);
INSERT INTO interacts VALUES(798281409403, 1, 'Kikis', 3751, 471022, 1);
INSERT INTO interacts VALUES(798281409403, 1, 'Kikis', 1001, 471562, 1);
INSERT INTO interacts VALUES(798281409403, 1, 'Perkz', 3010, 477750, 1);
INSERT INTO interacts VALUES(798281409403, 1, 'Mata', 2049, 484765, 1);
INSERT INTO interacts VALUES(798281409403, 1, 'Mata', 1001, 485063, 1);
INSERT INTO interacts VALUES(798281409403, 1, 'Mata', 2043, 486290, 1);
INSERT INTO interacts VALUES(798281409403, 1, 'Trick', 3009, 487118, 1);
INSERT INTO interacts VALUES(798281409403, 1, 'Mata', 3341, 487215, 1);
INSERT INTO interacts VALUES(798281409403, 1, 'Trick', 3341, 488893, 1);
INSERT INTO interacts VALUES(798281409403, 1, 'Emperor', 1038, 528456, 1);
INSERT INTO interacts VALUES(798281409403, 1, 'Emperor', 1036, 529073, 1);
INSERT INTO interacts VALUES(798281409403, 1, 'Emperor', 1001, 531885, 1);
INSERT INTO interacts VALUES(798281409403, 1, 'Hybrid', 1001, 555044, 1);
INSERT INTO interacts VALUES(798281409403, 1, 'Hybrid', 2043, 555528, 1);
INSERT INTO interacts VALUES(798281409403, 1, 'Hybrid', 2010, 555760, 1);
INSERT INTO interacts VALUES(798281409403, 1, 'Perkz', 3009, 577353, 1);
INSERT INTO interacts VALUES(798281409403, 1, 'Perkz', 2043, 578887, 1);
INSERT INTO interacts VALUES(798281409403, 1, 'mlxg', 1411, 584223, 1);
INSERT INTO interacts VALUES(798281409403, 1, 'Looper', 1028, 585265, 1);
INSERT INTO interacts VALUES(798281409403, 1, 'mlxg', 2043, 585527, 1);
INSERT INTO interacts VALUES(798281409403, 1, 'Wuxx', 3085, 585754, 1);
INSERT INTO interacts VALUES(798281409403, 1, 'Looper', 1029, 586477, 1);
INSERT INTO interacts VALUES(798281409403, 1, 'Wuxx', 2010, 587063, 1);
INSERT INTO interacts VALUES(798281409403, 1, 'Wuxx', 2010, 587215, 1);
INSERT INTO interacts VALUES(798281409403, 1, 'Looper', 2043, 587323, 1);
INSERT INTO interacts VALUES(798281409403, 1, 'Wuxx', 2043, 587842, 1);
INSERT INTO interacts VALUES(798281409403, 1, 'Trick', 1036, 591400, 1);
INSERT INTO interacts VALUES(798281409403, 1, 'Trick', 2043, 591857, 1);
INSERT INTO interacts VALUES(798281409403, 1, 'xiaohu', 3020, 597383, 1);
INSERT INTO interacts VALUES(798281409403, 1, 'xiaohu', 2043, 598726, 1);
INSERT INTO interacts VALUES(798281409403, 1, 'xiaohu', 2003, 599102, 1);
INSERT INTO interacts VALUES(798281409403, 1, 'Kikis', 1031, 607348, 1);
INSERT INTO interacts VALUES(798281409403, 1, 'Kikis', 2043, 609165, 1);
INSERT INTO interacts VALUES(798281409403, 1, 'Emperor', 3133, 686772, 1);
INSERT INTO interacts VALUES(798281409403, 1, 'Emperor', 2010, 687395, 1);
INSERT INTO interacts VALUES(798281409403, 1, 'Hybrid', 2010, 698624, 1);
INSERT INTO interacts VALUES(798281409403, 1, 'Hybrid', 1028, 699208, 1);
INSERT INTO interacts VALUES(798281409403, 1, 'mlxg', 1001, 713668, 1);
INSERT INTO interacts VALUES(798281409403, 1, 'mlxg', 1033, 714236, 1);
INSERT INTO interacts VALUES(798281409403, 1, 'Mata', 3117, 715226, 1);
INSERT INTO interacts VALUES(798281409403, 1, 'Mata', 2043, 716221, 1);
INSERT INTO interacts VALUES(798281409403, 1, 'Mata', 2010, 716422, 1);
INSERT INTO interacts VALUES(798281409403, 1, 'Wuxx', 1001, 717653, 1);
INSERT INTO interacts VALUES(798281409403, 1, 'Wuxx', 1036, 718623, 1);
INSERT INTO interacts VALUES(798281409403, 1, 'Wuxx', 2043, 720179, 1);
INSERT INTO interacts VALUES(798281409403, 1, 'Wuxx', 2010, 721354, 1);
INSERT INTO interacts VALUES(798281409403, 1, 'Perkz', 1026, 752430, 1);
INSERT INTO interacts VALUES(798281409403, 1, 'Trick', 3133, 752955, 1);
INSERT INTO interacts VALUES(798281409403, 1, 'Perkz', 3363, 754158, 1);
INSERT INTO interacts VALUES(798281409403, 1, 'Perkz', 2043, 754582, 1);
INSERT INTO interacts VALUES(798281409403, 1, 'Trick', 2043, 754938, 1);
INSERT INTO interacts VALUES(798281409403, 1, 'Trick', 1042, 755102, 1);
INSERT INTO interacts VALUES(798281409403, 1, 'xiaohu', 3108, 777446, 1);
INSERT INTO interacts VALUES(798281409403, 1, 'xiaohu', 3363, 779048, 1);
INSERT INTO interacts VALUES(798281409403, 1, 'xiaohu', 1056, 781887, 0);
INSERT INTO interacts VALUES(798281409403, 1, 'xiaohu', 3115, 784104, 1);
INSERT INTO interacts VALUES(798281409403, 1, 'Looper', 3751, 785378, 1);
INSERT INTO interacts VALUES(798281409403, 1, 'Looper', 1028, 787563, 1);
INSERT INTO interacts VALUES(798281409403, 1, 'Kikis', 3068, 789404, 1);
INSERT INTO interacts VALUES(798281409403, 1, 'Trick', 1408, 841862, 1);
INSERT INTO interacts VALUES(798281409403, 1, 'Trick', 2043, 842942, 1);
INSERT INTO interacts VALUES(798281409403, 1, 'Trick', 3364, 843237, 1);
INSERT INTO interacts VALUES(798281409403, 1, 'Wuxx', 1036, 843566, 1);
INSERT INTO interacts VALUES(798281409403, 1, 'Emperor', 3508, 845390, 1);
INSERT INTO interacts VALUES(798281409403, 1, 'Emperor', 1042, 846812, 1);
INSERT INTO interacts VALUES(798281409403, 1, 'Hybrid', 3097, 848013, 1);
INSERT INTO interacts VALUES(798281409403, 1, 'Emperor', 1042, 848273, 1);
INSERT INTO interacts VALUES(798281409403, 1, 'Hybrid', 2043, 848404, 1);
INSERT INTO interacts VALUES(798281409403, 1, 'Hybrid', 2043, 848669, 1);
INSERT INTO interacts VALUES(798281409403, 1, 'Hybrid', 2010, 850101, 1);
INSERT INTO interacts VALUES(798281409403, 1, 'Hybrid', 2010, 850218, 1);
INSERT INTO interacts VALUES(798281409403, 1, 'Mata', 3097, 855946, 1);
INSERT INTO interacts VALUES(798281409403, 1, 'Perkz', 3027, 914614, 1);
INSERT INTO interacts VALUES(798281409403, 1, 'xiaohu', 1028, 915080, 1);
INSERT INTO interacts VALUES(798281409403, 1, 'Perkz', 2043, 915153, 1);
INSERT INTO interacts VALUES(798281409403, 1, 'Looper', 3009, 916894, 1);
INSERT INTO interacts VALUES(798281409403, 1, 'Hybrid', 2031, 921183, 1);
INSERT INTO interacts VALUES(798281409403, 1, 'mlxg', 3364, 936188, 1);
INSERT INTO interacts VALUES(798281409403, 1, 'mlxg', 3155, 938618, 1);
INSERT INTO interacts VALUES(798281409403, 1, 'mlxg', 3009, 940570, 1);
INSERT INTO interacts VALUES(798281409403, 1, 'mlxg', 1042, 942926, 1);
INSERT INTO interacts VALUES(798281409403, 1, 'Kikis', 3024, 953251, 1);
INSERT INTO interacts VALUES(798281409403, 1, 'xiaohu', 1011, 1010313, 1);
INSERT INTO interacts VALUES(798281409403, 1, 'xiaohu', 1052, 1011905, 1);
INSERT INTO interacts VALUES(798281409403, 1, 'Emperor', 3006, 1012489, 1);
INSERT INTO interacts VALUES(798281409403, 1, 'Emperor', 3363, 1013078, 1);
INSERT INTO interacts VALUES(798281409403, 1, 'Trick', 3086, 1014060, 1);
INSERT INTO interacts VALUES(798281409403, 1, 'Emperor', 2043, 1014123, 1);
INSERT INTO interacts VALUES(798281409403, 1, 'Mata', 2303, 1020801, 1);
INSERT INTO interacts VALUES(798281409403, 1, 'Mata', 2043, 1021383, 1);
INSERT INTO interacts VALUES(798281409403, 1, 'Mata', 2010, 1022014, 1);
INSERT INTO interacts VALUES(798281409403, 1, 'Looper', 1031, 1030217, 1);
INSERT INTO interacts VALUES(798281409403, 1, 'Wuxx', 3134, 1031206, 1);
INSERT INTO interacts VALUES(798281409403, 1, 'Wuxx', 3133, 1032813, 1);
INSERT INTO interacts VALUES(798281409403, 1, 'Wuxx', 3363, 1033763, 1);
INSERT INTO interacts VALUES(798281409403, 1, 'Wuxx', 2043, 1034205, 1);
INSERT INTO interacts VALUES(798281409403, 1, 'mlxg', 1043, 1035916, 1);
INSERT INTO interacts VALUES(798281409403, 1, 'Kikis', 3009, 1058315, 1);
INSERT INTO interacts VALUES(798281409403, 1, 'Looper', 3068, 1118438, 1);
INSERT INTO interacts VALUES(798281409403, 1, 'Mata', 1028, 1150175, 1);
INSERT INTO interacts VALUES(798281409403, 1, 'Kikis', 1027, 1154581, 1);
INSERT INTO interacts VALUES(798281409403, 1, 'Wuxx', 3142, 1170845, 1);
INSERT INTO interacts VALUES(798281409403, 1, 'Wuxx', 2010, 1172151, 1);
INSERT INTO interacts VALUES(798281409403, 1, 'Hybrid', 3158, 1172507, 1);
INSERT INTO interacts VALUES(798281409403, 1, 'Perkz', 1058, 1173225, 1);
INSERT INTO interacts VALUES(798281409403, 1, 'Hybrid', 3067, 1174630, 1);
INSERT INTO interacts VALUES(798281409403, 1, 'Emperor', 3086, 1179824, 1);
INSERT INTO interacts VALUES(798281409403, 1, 'Emperor', 1042, 1180761, 1);
INSERT INTO interacts VALUES(798281409403, 1, 'Trick', 1042, 1182165, 1);
INSERT INTO interacts VALUES(798281409403, 1, 'Trick', 1042, 1182356, 1);
INSERT INTO interacts VALUES(798281409403, 1, 'Kikis', 3057, 1229819, 1);
INSERT INTO interacts VALUES(798281409403, 1, 'Kikis', 2043, 1230737, 1);
INSERT INTO interacts VALUES(798281409403, 1, 'Looper', 3067, 1235416, 1);
INSERT INTO interacts VALUES(798281409403, 1, 'Looper', 2043, 1237908, 1);
INSERT INTO interacts VALUES(798281409403, 1, 'Looper', 1308, 1239742, 1);
INSERT INTO interacts VALUES(798281409403, 1, 'Wuxx', 1042, 1275324, 1);
INSERT INTO interacts VALUES(798281409403, 1, 'Wuxx', 2043, 1278487, 1);
INSERT INTO interacts VALUES(798281409403, 1, 'Trick', 3046, 1288511, 1);
INSERT INTO interacts VALUES(798281409403, 1, 'Trick', 1036, 1290250, 1);
INSERT INTO interacts VALUES(798281409403, 1, 'Trick', 1036, 1291228, 1);
INSERT INTO interacts VALUES(798281409403, 1, 'Hybrid', 1033, 1292151, 1);
INSERT INTO interacts VALUES(798281409403, 1, 'Hybrid', 2031, 1293161, 0);
INSERT INTO interacts VALUES(798281409403, 1, 'Hybrid', 2043, 1293981, 1);
INSERT INTO interacts VALUES(798281409403, 1, 'Hybrid', 2043, 1294110, 1);
INSERT INTO interacts VALUES(798281409403, 1, 'Kikis', 3025, 1294504, 1);
INSERT INTO interacts VALUES(798281409403, 1, 'Mata', 1033, 1302860, 1);
INSERT INTO interacts VALUES(798281409403, 1, 'Emperor', 3087, 1303543, 1);
INSERT INTO interacts VALUES(798281409403, 1, 'Mata', 3801, 1305704, 1);
INSERT INTO interacts VALUES(798281409403, 1, 'Mata', 2043, 1306875, 1);
INSERT INTO interacts VALUES(798281409403, 1, 'Mata', 2010, 1307055, 1);
INSERT INTO interacts VALUES(798281409403, 1, 'xiaohu', 3116, 1324901, 1);
INSERT INTO interacts VALUES(798281409403, 1, 'Perkz', 3003, 1325643, 1);
INSERT INTO interacts VALUES(798281409403, 1, 'xiaohu', 2043, 1325812, 1);
INSERT INTO interacts VALUES(798281409403, 1, 'mlxg', 3085, 1357228, 1);
INSERT INTO interacts VALUES(798281409403, 1, 'mlxg', 2043, 1360041, 1);
INSERT INTO interacts VALUES(798281409403, 1, 'Hybrid', 3364, 1412140, 1);
INSERT INTO interacts VALUES(798281409403, 1, 'xiaohu', 1026, 1419164, 1);
INSERT INTO interacts VALUES(798281409403, 1, 'xiaohu', 2043, 1420323, 1);
INSERT INTO interacts VALUES(798281409403, 1, 'Hybrid', 2303, 1434499, 1);
INSERT INTO interacts VALUES(798281409403, 1, 'Kikis', 1033, 1443160, 1);
INSERT INTO interacts VALUES(798281409403, 1, 'Perkz', 1052, 1444405, 1);
INSERT INTO interacts VALUES(798281409403, 1, 'Perkz', 2043, 1445054, 1);
INSERT INTO interacts VALUES(798281409403, 1, 'Looper', 3065, 1456867, 1);
INSERT INTO interacts VALUES(798281409403, 1, 'Looper', 1029, 1457919, 1);
INSERT INTO interacts VALUES(798281409403, 1, 'Looper', 2043, 1458805, 1);
INSERT INTO interacts VALUES(798281409403, 1, 'Trick', 3044, 1499850, 1);
INSERT INTO interacts VALUES(798281409403, 1, 'Mata', 3105, 1502208, 1);
INSERT INTO interacts VALUES(798281409403, 1, 'Mata', 2043, 1503251, 1);
INSERT INTO interacts VALUES(798281409403, 1, 'Mata', 3364, 1504752, 1);
INSERT INTO interacts VALUES(798281409403, 1, 'Mata', 2010, 1505340, 1);
INSERT INTO interacts VALUES(798281409403, 1, 'mlxg', 3134, 1507179, 1);
INSERT INTO interacts VALUES(798281409403, 1, 'mlxg', 2032, 1510547, 0);
INSERT INTO interacts VALUES(798281409403, 1, 'Wuxx', 1038, 1511296, 1);
INSERT INTO interacts VALUES(798281409403, 1, 'mlxg', 2043, 1511816, 1);
INSERT INTO interacts VALUES(798281409403, 1, 'Hybrid', 2043, 1512243, 1);
INSERT INTO interacts VALUES(798281409403, 1, 'Hybrid', 2043, 1512373, 1);
INSERT INTO interacts VALUES(798281409403, 1, 'mlxg', 2043, 1512895, 1);
INSERT INTO interacts VALUES(798281409403, 1, 'Kikis', 3067, 1520448, 1);
INSERT INTO interacts VALUES(798281409403, 1, 'Trick', 2031, 1529454, 0);
INSERT INTO interacts VALUES(798281409403, 1, 'Trick', 2043, 1529846, 1);
INSERT INTO interacts VALUES(798281409403, 1, 'Emperor', 1038, 1540386, 1);
INSERT INTO interacts VALUES(798281409403, 1, 'xiaohu', 1057, 1557466, 1);
INSERT INTO interacts VALUES(798281409403, 1, 'xiaohu', 2043, 1559002, 1);
INSERT INTO interacts VALUES(798281409403, 1, 'Looper', 3024, 1561714, 1);
INSERT INTO interacts VALUES(798281409403, 1, 'Looper', 2043, 1565607, 1);
INSERT INTO interacts VALUES(798281409403, 1, 'Perkz', 2031, 1588571, 0);
INSERT INTO interacts VALUES(798281409403, 1, 'Perkz', 1026, 1591180, 1);
INSERT INTO interacts VALUES(798281409403, 1, 'Hybrid', 1028, 1592256, 1);
INSERT INTO interacts VALUES(798281409403, 1, 'Hybrid', 2043, 1593013, 1);
INSERT INTO interacts VALUES(798281409403, 1, 'Looper', 2043, 1627640, 1);
INSERT INTO interacts VALUES(798281409403, 1, 'Hybrid', 3801, 1637550, 1);
INSERT INTO interacts VALUES(798281409403, 1, 'Kikis', 3211, 1645344, 1);
INSERT INTO interacts VALUES(798281409403, 1, 'Wuxx', 3006, 1659631, 1);
INSERT INTO interacts VALUES(798281409403, 1, 'xiaohu', 3001, 1661632, 1);
INSERT INTO interacts VALUES(798281409403, 1, 'Wuxx', 1018, 1661698, 1);
INSERT INTO interacts VALUES(798281409403, 1, 'xiaohu', 2043, 1663101, 1);
INSERT INTO interacts VALUES(798281409403, 1, 'mlxg', 3156, 1673476, 1);
INSERT INTO interacts VALUES(798281409403, 1, 'Mata', 3067, 1677013, 1);
INSERT INTO interacts VALUES(798281409403, 1, 'Trick', 3155, 1692579, 1);
INSERT INTO interacts VALUES(798281409403, 1, 'Looper', 1033, 1707590, 1);
INSERT INTO interacts VALUES(798281409403, 1, 'Emperor', 1083, 1709122, 0);
INSERT INTO interacts VALUES(798281409403, 1, 'Emperor', 3031, 1711127, 1);
INSERT INTO interacts VALUES(798281409403, 1, 'Hybrid', 3105, 1711279, 1);
INSERT INTO interacts VALUES(798281409403, 1, 'Perkz', 3135, 1712762, 1);
INSERT INTO interacts VALUES(798281409403, 1, 'Kikis', 3065, 1734874, 1);
INSERT INTO interacts VALUES(798281409403, 1, 'Hybrid', 3190, 1772160, 1);
INSERT INTO interacts VALUES(798281409403, 1, 'Emperor', 2043, 1780560, 1);
INSERT INTO interacts VALUES(798281409403, 1, 'Trick', 1036, 1807644, 1);
INSERT INTO interacts VALUES(798281409403, 1, 'Mata', 3190, 1813217, 1);
INSERT INTO interacts VALUES(798281409403, 1, 'Mata', 2043, 1814099, 1);
INSERT INTO interacts VALUES(798281409403, 1, 'Mata', 2043, 1814242, 1);
INSERT INTO interacts VALUES(798281409403, 1, 'Mata', 2010, 1815030, 1);
INSERT INTO interacts VALUES(798281409403, 1, 'xiaohu', 1058, 1818640, 1);
INSERT INTO interacts VALUES(798281409403, 1, 'xiaohu', 2043, 1822633, 1);
INSERT INTO interacts VALUES(798281409403, 1, 'xiaohu', 2043, 1822884, 1);
INSERT INTO interacts VALUES(798281409403, 1, 'mlxg', 1036, 1834814, 1);
INSERT INTO interacts VALUES(798281409403, 1, 'mlxg', 2043, 1836682, 1);
INSERT INTO interacts VALUES(798281409403, 1, 'mlxg', 2043, 1836842, 1);
INSERT INTO interacts VALUES(798281409403, 1, 'Looper', 3140, 1870481, 1);
INSERT INTO interacts VALUES(798281409403, 1, 'Kikis', 1057, 1879538, 1);
INSERT INTO interacts VALUES(798281409403, 1, 'Trick', 3133, 1904822, 1);
INSERT INTO interacts VALUES(798281409403, 1, 'Hybrid', 1029, 1919889, 1);
INSERT INTO interacts VALUES(798281409403, 1, 'Hybrid', 2043, 1920482, 1);
INSERT INTO interacts VALUES(798281409403, 1, 'Hybrid', 2043, 1920615, 1);
INSERT INTO interacts VALUES(798281409403, 1, 'Emperor', 1037, 1937071, 1);
INSERT INTO interacts VALUES(798281409403, 1, 'xiaohu', 3191, 1947373, 1);
INSERT INTO interacts VALUES(798281409403, 1, 'Mata', 1029, 1947998, 1);
INSERT INTO interacts VALUES(798281409403, 1, 'Mata', 1029, 1948134, 1);
INSERT INTO interacts VALUES(798281409403, 1, 'Wuxx', 3031, 1948413, 1);
INSERT INTO interacts VALUES(798281409403, 1, 'Mata', 2043, 1948870, 1);
INSERT INTO interacts VALUES(798281409403, 1, 'Mata', 2043, 1949008, 1);
INSERT INTO interacts VALUES(798281409403, 1, 'Perkz', 1058, 1949198, 1);
INSERT INTO interacts VALUES(798281409403, 1, 'mlxg', 1053, 1949827, 1);
INSERT INTO interacts VALUES(798281409403, 1, 'Wuxx', 1051, 1951501, 1);
INSERT INTO interacts VALUES(798281409403, 1, 'Kikis', 2033, 1987739, 0);
INSERT INTO interacts VALUES(798281409403, 1, 'Kikis', 1031, 1989726, 1);
INSERT INTO interacts VALUES(798281409403, 1, 'Perkz', 2043, 2019230, 1);
INSERT INTO interacts VALUES(798281409403, 1, 'Perkz', 2139, 2019849, 1);
INSERT INTO interacts VALUES(798281409403, 1, 'Emperor', 3035, 2052465, 1);
INSERT INTO interacts VALUES(798281409403, 1, 'Trick', 3071, 2055893, 1);
INSERT INTO interacts VALUES(798281409403, 1, 'Trick', 2003, 2057080, 1);
INSERT INTO series VALUES(1047971894489, 1);
INSERT INTO organizes VALUES('msi_2016', 1047971894489, 'group_stage - SUP-vs-CLG');
INSERT INTO competes VALUES(1047971894489, 'SUP', 1);
INSERT INTO competes VALUES(1047971894489, 'CLG', 0);
INSERT INTO matches VALUES(1047971894489, 1, '2016-05-05');
INSERT INTO scores VALUES('SUP', 1047971894489, 1, 1, 8, 0, 0, 4, 1);
INSERT INTO scores VALUES('CLG', 1047971894489, 1, 0, 2, 0, 0, 0, 0);
INSERT INTO bans VALUES(1047971894489, 1, 76, 1);
INSERT INTO bans VALUES(1047971894489, 1, 13, 3);
INSERT INTO bans VALUES(1047971894489, 1, 51, 5);
INSERT INTO bans VALUES(1047971894489, 1, 127, 2);
INSERT INTO bans VALUES(1047971894489, 1, 48, 4);
INSERT INTO bans VALUES(1047971894489, 1, 57, 6);
INSERT INTO plays VALUES(1047971894489, 1, 'Thaldrin', 78, 'Top', 0, 2, 9, 7988, 19, 5, 211, 0, 2, 11888);
INSERT INTO plays VALUES(1047971894489, 1, 'Stomaged', 203, 'Jungle', 9, 2, 5, 18963, 23, 22, 49, 59, 29, 13455);
INSERT INTO plays VALUES(1047971894489, 1, 'Naru', 7, 'Mid', 8, 1, 5, 16733, 18, 9, 251, 9, 3, 13715);
INSERT INTO plays VALUES(1047971894489, 1, 'Achuu', 236, 'ADC', 7, 3, 7, 24224, 16, 7, 281, 22, 4, 14844);
INSERT INTO plays VALUES(1047971894489, 1, 'Dumbledoge', 432, 'Support', 0, 1, 16, 14687, 42, 13, 18, 0, 1, 9281);
INSERT INTO plays VALUES(1047971894489, 1, 'Darshan', 245, 'Top', 2, 3, 2, 14994, 18, 12, 241, 2, 4, 11136);
INSERT INTO plays VALUES(1047971894489, 1, 'Xmithie', 104, 'Jungle', 0, 5, 2, 10121, 24, 11, 44, 77, 9, 9502);
INSERT INTO plays VALUES(1047971894489, 1, 'Huhi', 117, 'Mid', 3, 5, 0, 11403, 17, 5, 248, 7, 0, 12081);
INSERT INTO plays VALUES(1047971894489, 1, 'Stixxay', 15, 'ADC', 4, 6, 1, 15231, 16, 11, 255, 9, 0, 12372);
INSERT INTO plays VALUES(1047971894489, 1, 'aphromoo', 201, 'Support', 0, 5, 5, 5055, 40, 12, 40, 1, 0, 7425);
INSERT INTO interacts VALUES(1047971894489, 1, 'Stixxay', 3340, 1205, 1);
INSERT INTO interacts VALUES(1047971894489, 1, 'aphromoo', 3340, 1372, 1);
INSERT INTO interacts VALUES(1047971894489, 1, 'Stixxay', 2010, 1627, 1);
INSERT INTO interacts VALUES(1047971894489, 1, 'Xmithie', 3340, 1693, 1);
INSERT INTO interacts VALUES(1047971894489, 1, 'Stixxay', 1055, 1836, 1);
INSERT INTO interacts VALUES(1047971894489, 1, 'aphromoo', 3302, 1922, 1);
INSERT INTO interacts VALUES(1047971894489, 1, 'aphromoo', 2010, 2117, 1);
INSERT INTO interacts VALUES(1047971894489, 1, 'aphromoo', 2010, 2246, 1);
INSERT INTO interacts VALUES(1047971894489, 1, 'Dumbledoge', 2010, 2310, 1);
INSERT INTO interacts VALUES(1047971894489, 1, 'aphromoo', 2010, 2441, 1);
INSERT INTO interacts VALUES(1047971894489, 1, 'Naru', 1056, 2610, 1);
INSERT INTO interacts VALUES(1047971894489, 1, 'Dumbledoge', 2010, 2646, 1);
INSERT INTO interacts VALUES(1047971894489, 1, 'Achuu', 1055, 2750, 1);
INSERT INTO interacts VALUES(1047971894489, 1, 'Naru', 2003, 2899, 1);
INSERT INTO interacts VALUES(1047971894489, 1, 'Xmithie', 1039, 2911, 1);
INSERT INTO interacts VALUES(1047971894489, 1, 'Dumbledoge', 2010, 2944, 1);
INSERT INTO interacts VALUES(1047971894489, 1, 'Achuu', 2010, 3107, 1);
INSERT INTO interacts VALUES(1047971894489, 1, 'Xmithie', 2031, 3173, 1);
INSERT INTO interacts VALUES(1047971894489, 1, 'Naru', 2003, 3274, 1);
INSERT INTO interacts VALUES(1047971894489, 1, 'Dumbledoge', 3340, 3371, 1);
INSERT INTO interacts VALUES(1047971894489, 1, 'Naru', 3340, 3538, 1);
INSERT INTO interacts VALUES(1047971894489, 1, 'Darshan', 2033, 3702, 1);
INSERT INTO interacts VALUES(1047971894489, 1, 'Achuu', 3340, 3736, 1);
INSERT INTO interacts VALUES(1047971894489, 1, 'Dumbledoge', 3303, 3831, 1);
INSERT INTO interacts VALUES(1047971894489, 1, 'Darshan', 3340, 4328, 1);
INSERT INTO interacts VALUES(1047971894489, 1, 'Thaldrin', 2033, 4426, 1);
INSERT INTO interacts VALUES(1047971894489, 1, 'Huhi', 1056, 4426, 1);
INSERT INTO interacts VALUES(1047971894489, 1, 'Thaldrin', 3340, 4752, 1);
INSERT INTO interacts VALUES(1047971894489, 1, 'Huhi', 2010, 5411, 1);
INSERT INTO interacts VALUES(1047971894489, 1, 'Huhi', 2010, 5535, 1);
INSERT INTO interacts VALUES(1047971894489, 1, 'Huhi', 3340, 5753, 1);
INSERT INTO interacts VALUES(1047971894489, 1, 'Stomaged', 1039, 9825, 1);
INSERT INTO interacts VALUES(1047971894489, 1, 'Stomaged', 2031, 10416, 1);
INSERT INTO interacts VALUES(1047971894489, 1, 'Stomaged', 3340, 12262, 1);
INSERT INTO interacts VALUES(1047971894489, 1, 'Huhi', 1056, 195721, 1);
INSERT INTO interacts VALUES(1047971894489, 1, 'Darshan', 1082, 195996, 1);
INSERT INTO interacts VALUES(1047971894489, 1, 'Huhi', 2010, 196504, 1);
INSERT INTO interacts VALUES(1047971894489, 1, 'Darshan', 2043, 197218, 1);
INSERT INTO interacts VALUES(1047971894489, 1, 'Naru', 1052, 218141, 1);
INSERT INTO interacts VALUES(1047971894489, 1, 'Naru', 2043, 219672, 1);
INSERT INTO interacts VALUES(1047971894489, 1, 'Naru', 2003, 221641, 1);
INSERT INTO interacts VALUES(1047971894489, 1, 'Stixxay', 1083, 239400, 1);
INSERT INTO interacts VALUES(1047971894489, 1, 'Stixxay', 2043, 240179, 1);
INSERT INTO interacts VALUES(1047971894489, 1, 'Stixxay', 2010, 240278, 1);
INSERT INTO interacts VALUES(1047971894489, 1, 'Stixxay', 2010, 240352, 1);
INSERT INTO interacts VALUES(1047971894489, 1, 'Thaldrin', 1028, 286140, 1);
INSERT INTO interacts VALUES(1047971894489, 1, 'Thaldrin', 1033, 289753, 1);
INSERT INTO interacts VALUES(1047971894489, 1, 'Thaldrin', 2043, 290760, 1);
INSERT INTO interacts VALUES(1047971894489, 1, 'Darshan', 1028, 297789, 1);
INSERT INTO interacts VALUES(1047971894489, 1, 'Darshan', 1029, 298682, 1);
INSERT INTO interacts VALUES(1047971894489, 1, 'Stomaged', 3711, 300467, 1);
INSERT INTO interacts VALUES(1047971894489, 1, 'Stomaged', 1043, 305800, 1);
INSERT INTO interacts VALUES(1047971894489, 1, 'Achuu', 1038, 356603, 1);
INSERT INTO interacts VALUES(1047971894489, 1, 'Achuu', 1036, 358368, 1);
INSERT INTO interacts VALUES(1047971894489, 1, 'Dumbledoge', 2010, 363318, 1);
INSERT INTO interacts VALUES(1047971894489, 1, 'Dumbledoge', 2049, 363746, 1);
INSERT INTO interacts VALUES(1047971894489, 1, 'aphromoo', 2049, 364430, 1);
INSERT INTO interacts VALUES(1047971894489, 1, 'Dumbledoge', 2043, 364858, 1);
INSERT INTO interacts VALUES(1047971894489, 1, 'aphromoo', 2043, 364956, 1);
INSERT INTO interacts VALUES(1047971894489, 1, 'aphromoo', 2010, 365216, 1);
INSERT INTO interacts VALUES(1047971894489, 1, 'Dumbledoge', 3341, 365383, 1);
INSERT INTO interacts VALUES(1047971894489, 1, 'Dumbledoge', 2010, 365897, 1);
INSERT INTO interacts VALUES(1047971894489, 1, 'aphromoo', 3341, 366221, 1);
INSERT INTO interacts VALUES(1047971894489, 1, 'Stixxay', 3133, 368505, 1);
INSERT INTO interacts VALUES(1047971894489, 1, 'Stixxay', 2010, 369194, 1);
INSERT INTO interacts VALUES(1047971894489, 1, 'Thaldrin', 3211, 377575, 1);
INSERT INTO interacts VALUES(1047971894489, 1, 'Darshan', 1001, 380402, 1);
INSERT INTO interacts VALUES(1047971894489, 1, 'Xmithie', 3711, 383551, 1);
INSERT INTO interacts VALUES(1047971894489, 1, 'Xmithie', 1001, 384674, 1);
INSERT INTO interacts VALUES(1047971894489, 1, 'Xmithie', 2032, 385122, 1);
INSERT INTO interacts VALUES(1047971894489, 1, 'Stixxay', 1001, 476465, 1);
INSERT INTO interacts VALUES(1047971894489, 1, 'Stixxay', 2010, 476820, 1);
INSERT INTO interacts VALUES(1047971894489, 1, 'Naru', 3108, 482489, 1);
INSERT INTO interacts VALUES(1047971894489, 1, 'Naru', 3114, 483822, 1);
INSERT INTO interacts VALUES(1047971894489, 1, 'Naru', 1056, 485284, 1);
INSERT INTO interacts VALUES(1047971894489, 1, 'Naru', 2003, 485492, 1);
INSERT INTO interacts VALUES(1047971894489, 1, 'Achuu', 3133, 491901, 1);
INSERT INTO interacts VALUES(1047971894489, 1, 'Achuu', 2010, 493554, 1);
INSERT INTO interacts VALUES(1047971894489, 1, 'Achuu', 2010, 493783, 1);
INSERT INTO interacts VALUES(1047971894489, 1, 'Achuu', 2043, 494140, 1);
INSERT INTO interacts VALUES(1047971894489, 1, 'Huhi', 3108, 508257, 1);
INSERT INTO interacts VALUES(1047971894489, 1, 'Huhi', 3098, 508777, 1);
INSERT INTO interacts VALUES(1047971894489, 1, 'Huhi', 2010, 509598, 1);
INSERT INTO interacts VALUES(1047971894489, 1, 'Huhi', 2010, 509730, 1);
INSERT INTO interacts VALUES(1047971894489, 1, 'aphromoo', 1001, 511819, 1);
INSERT INTO interacts VALUES(1047971894489, 1, 'aphromoo', 2010, 513196, 1);
INSERT INTO interacts VALUES(1047971894489, 1, 'Stomaged', 1411, 532188, 1);
INSERT INTO interacts VALUES(1047971894489, 1, 'Stomaged', 1001, 533808, 1);
INSERT INTO interacts VALUES(1047971894489, 1, 'Stomaged', 1033, 537875, 1);
INSERT INTO interacts VALUES(1047971894489, 1, 'Naru', 1001, 539498, 1);
INSERT INTO interacts VALUES(1047971894489, 1, 'Dumbledoge', 2043, 540525, 1);
INSERT INTO interacts VALUES(1047971894489, 1, 'Dumbledoge', 1001, 541214, 1);
INSERT INTO interacts VALUES(1047971894489, 1, 'Xmithie', 1036, 544730, 1);
INSERT INTO interacts VALUES(1047971894489, 1, 'Xmithie', 1036, 544826, 1);
INSERT INTO interacts VALUES(1047971894489, 1, 'Darshan', 3057, 593389, 1);
INSERT INTO interacts VALUES(1047971894489, 1, 'Achuu', 1018, 667006, 1);
INSERT INTO interacts VALUES(1047971894489, 1, 'Stixxay', 1038, 675360, 1);
INSERT INTO interacts VALUES(1047971894489, 1, 'Stixxay', 2010, 676398, 1);
INSERT INTO interacts VALUES(1047971894489, 1, 'Naru', 1057, 676853, 1);
INSERT INTO interacts VALUES(1047971894489, 1, 'Xmithie', 3133, 677697, 1);
INSERT INTO interacts VALUES(1047971894489, 1, 'Thaldrin', 3751, 677926, 1);
INSERT INTO interacts VALUES(1047971894489, 1, 'aphromoo', 3009, 678119, 1);
INSERT INTO interacts VALUES(1047971894489, 1, 'aphromoo', 2043, 678902, 1);
INSERT INTO interacts VALUES(1047971894489, 1, 'aphromoo', 2010, 679161, 1);
INSERT INTO interacts VALUES(1047971894489, 1, 'aphromoo', 2010, 679307, 1);
INSERT INTO interacts VALUES(1047971894489, 1, 'Thaldrin', 1001, 679650, 1);
INSERT INTO interacts VALUES(1047971894489, 1, 'Thaldrin', 1029, 680471, 1);
INSERT INTO interacts VALUES(1047971894489, 1, 'Stomaged', 3155, 680974, 1);
INSERT INTO interacts VALUES(1047971894489, 1, 'Stomaged', 3009, 682765, 1);
INSERT INTO interacts VALUES(1047971894489, 1, 'Darshan', 3751, 682841, 1);
INSERT INTO interacts VALUES(1047971894489, 1, 'Stomaged', 2043, 684264, 1);
INSERT INTO interacts VALUES(1047971894489, 1, 'Stomaged', 3341, 684821, 1);
INSERT INTO interacts VALUES(1047971894489, 1, 'Dumbledoge', 3009, 686138, 1);
INSERT INTO interacts VALUES(1047971894489, 1, 'Dumbledoge', 2043, 686693, 1);
INSERT INTO interacts VALUES(1047971894489, 1, 'Dumbledoge', 2010, 687146, 1);
INSERT INTO interacts VALUES(1047971894489, 1, 'Dumbledoge', 2010, 687408, 1);
INSERT INTO interacts VALUES(1047971894489, 1, 'Xmithie', 2043, 699946, 1);
INSERT INTO interacts VALUES(1047971894489, 1, 'Huhi', 3092, 720761, 1);
INSERT INTO interacts VALUES(1047971894489, 1, 'Huhi', 1001, 721331, 1);
INSERT INTO interacts VALUES(1047971894489, 1, 'Huhi', 3057, 723415, 1);
INSERT INTO interacts VALUES(1047971894489, 1, 'Huhi', 2010, 724518, 1);
INSERT INTO interacts VALUES(1047971894489, 1, 'Huhi', 2010, 724664, 1);
INSERT INTO interacts VALUES(1047971894489, 1, 'Huhi', 2010, 724779, 1);
INSERT INTO interacts VALUES(1047971894489, 1, 'Huhi', 3363, 724972, 1);
INSERT INTO interacts VALUES(1047971894489, 1, 'Achuu', 3508, 780303, 1);
INSERT INTO interacts VALUES(1047971894489, 1, 'Achuu', 1001, 781121, 1);
INSERT INTO interacts VALUES(1047971894489, 1, 'Achuu', 1042, 783305, 1);
INSERT INTO interacts VALUES(1047971894489, 1, 'Achuu', 3363, 784044, 1);
INSERT INTO interacts VALUES(1047971894489, 1, 'Thaldrin', 1031, 807503, 1);
INSERT INTO interacts VALUES(1047971894489, 1, 'Thaldrin', 3363, 810048, 1);
INSERT INTO interacts VALUES(1047971894489, 1, 'Xmithie', 1408, 822766, 1);
INSERT INTO interacts VALUES(1047971894489, 1, 'aphromoo', 3097, 824129, 1);
INSERT INTO interacts VALUES(1047971894489, 1, 'Xmithie', 3009, 824391, 1);
INSERT INTO interacts VALUES(1047971894489, 1, 'Xmithie', 3364, 828716, 1);
INSERT INTO interacts VALUES(1047971894489, 1, 'Darshan', 3025, 832730, 1);
INSERT INTO interacts VALUES(1047971894489, 1, 'Darshan', 2043, 833811, 1);
INSERT INTO interacts VALUES(1047971894489, 1, 'Naru', 3165, 845244, 1);
INSERT INTO interacts VALUES(1047971894489, 1, 'Naru', 2043, 846871, 1);
INSERT INTO interacts VALUES(1047971894489, 1, 'Naru', 2043, 847000, 1);
INSERT INTO interacts VALUES(1047971894489, 1, 'Naru', 3363, 848882, 1);
INSERT INTO interacts VALUES(1047971894489, 1, 'Huhi', 3158, 886157, 1);
INSERT INTO interacts VALUES(1047971894489, 1, 'Achuu', 1042, 891345, 1);
INSERT INTO interacts VALUES(1047971894489, 1, 'Stixxay', 3508, 902852, 1);
INSERT INTO interacts VALUES(1047971894489, 1, 'Stixxay', 1042, 903233, 1);
INSERT INTO interacts VALUES(1047971894489, 1, 'Xmithie', 1036, 945619, 1);
INSERT INTO interacts VALUES(1047971894489, 1, 'Xmithie', 1036, 945701, 1);
INSERT INTO interacts VALUES(1047971894489, 1, 'Xmithie', 2043, 946218, 1);
INSERT INTO interacts VALUES(1047971894489, 1, 'Stomaged', 3086, 952259, 1);
INSERT INTO interacts VALUES(1047971894489, 1, 'Stomaged', 2031, 953765, 0);
INSERT INTO interacts VALUES(1047971894489, 1, 'Naru', 1056, 957158, 0);
INSERT INTO interacts VALUES(1047971894489, 1, 'Naru', 1026, 958331, 1);
INSERT INTO interacts VALUES(1047971894489, 1, 'Stomaged', 1042, 962192, 1);
INSERT INTO interacts VALUES(1047971894489, 1, 'Stomaged', 3364, 963121, 1);
INSERT INTO interacts VALUES(1047971894489, 1, 'Achuu', 3158, 972517, 1);
INSERT INTO interacts VALUES(1047971894489, 1, 'Thaldrin', 3068, 973702, 1);
INSERT INTO interacts VALUES(1047971894489, 1, 'Thaldrin', 2043, 974419, 1);
INSERT INTO interacts VALUES(1047971894489, 1, 'Darshan', 3009, 976746, 1);
INSERT INTO interacts VALUES(1047971894489, 1, 'Darshan', 2043, 978471, 1);
INSERT INTO interacts VALUES(1047971894489, 1, 'aphromoo', 2303, 995233, 1);
INSERT INTO interacts VALUES(1047971894489, 1, 'aphromoo', 2010, 998551, 1);
INSERT INTO interacts VALUES(1047971894489, 1, 'aphromoo', 2010, 998724, 1);
INSERT INTO interacts VALUES(1047971894489, 1, 'Dumbledoge', 1033, 999358, 1);
INSERT INTO interacts VALUES(1047971894489, 1, 'Dumbledoge', 3801, 999938, 1);
INSERT INTO interacts VALUES(1047971894489, 1, 'Dumbledoge', 2043, 1003092, 1);
INSERT INTO interacts VALUES(1047971894489, 1, 'Darshan', 1029, 1084603, 1);
INSERT INTO interacts VALUES(1047971894489, 1, 'Dumbledoge', 3105, 1101001, 1);
INSERT INTO interacts VALUES(1047971894489, 1, 'Dumbledoge', 2043, 1102160, 1);
INSERT INTO interacts VALUES(1047971894489, 1, 'Dumbledoge', 2010, 1102974, 1);
INSERT INTO interacts VALUES(1047971894489, 1, 'Naru', 3001, 1103072, 1);
INSERT INTO interacts VALUES(1047971894489, 1, 'Dumbledoge', 2010, 1103266, 1);
INSERT INTO interacts VALUES(1047971894489, 1, 'Naru', 1052, 1105186, 1);
INSERT INTO interacts VALUES(1047971894489, 1, 'Huhi', 3100, 1107935, 1);
INSERT INTO interacts VALUES(1047971894489, 1, 'Huhi', 2010, 1108812, 1);
INSERT INTO interacts VALUES(1047971894489, 1, 'Huhi', 2010, 1108959, 1);
INSERT INTO interacts VALUES(1047971894489, 1, 'Huhi', 2010, 1109566, 1);
INSERT INTO interacts VALUES(1047971894489, 1, 'Thaldrin', 3067, 1109608, 1);
INSERT INTO interacts VALUES(1047971894489, 1, 'Thaldrin', 2043, 1110992, 1);
INSERT INTO interacts VALUES(1047971894489, 1, 'Achuu', 3086, 1115929, 1);
INSERT INTO interacts VALUES(1047971894489, 1, 'Achuu', 2043, 1116677, 1);
INSERT INTO interacts VALUES(1047971894489, 1, 'Stixxay', 3006, 1117564, 1);
INSERT INTO interacts VALUES(1047971894489, 1, 'Stixxay', 3086, 1119020, 1);
INSERT INTO interacts VALUES(1047971894489, 1, 'Stixxay', 3363, 1119793, 1);
INSERT INTO interacts VALUES(1047971894489, 1, 'Stixxay', 2010, 1121122, 0);
INSERT INTO interacts VALUES(1047971894489, 1, 'Stixxay', 2043, 1121538, 1);
INSERT INTO interacts VALUES(1047971894489, 1, 'aphromoo', 3801, 1122792, 1);
INSERT INTO interacts VALUES(1047971894489, 1, 'Xmithie', 3134, 1123296, 1);
INSERT INTO interacts VALUES(1047971894489, 1, 'aphromoo', 2043, 1123529, 1);
INSERT INTO interacts VALUES(1047971894489, 1, 'Xmithie', 1036, 1125166, 1);
INSERT INTO interacts VALUES(1047971894489, 1, 'Stomaged', 3085, 1167755, 1);
INSERT INTO interacts VALUES(1047971894489, 1, 'Stomaged', 2043, 1168722, 1);
INSERT INTO interacts VALUES(1047971894489, 1, 'Stomaged', 2043, 1169877, 1);
INSERT INTO interacts VALUES(1047971894489, 1, 'Stomaged', 1036, 1257093, 1);
INSERT INTO interacts VALUES(1047971894489, 1, 'Darshan', 3068, 1263651, 1);
INSERT INTO interacts VALUES(1047971894489, 1, 'Huhi', 1057, 1263856, 1);
INSERT INTO interacts VALUES(1047971894489, 1, 'Xmithie', 3155, 1263915, 1);
INSERT INTO interacts VALUES(1047971894489, 1, 'aphromoo', 1033, 1282438, 1);
INSERT INTO interacts VALUES(1047971894489, 1, 'aphromoo', 3364, 1285018, 1);
INSERT INTO interacts VALUES(1047971894489, 1, 'Naru', 1056, 1286573, 0);
INSERT INTO interacts VALUES(1047971894489, 1, 'Darshan', 2043, 1287047, 1);
INSERT INTO interacts VALUES(1047971894489, 1, 'Naru', 1058, 1287445, 1);
INSERT INTO interacts VALUES(1047971894489, 1, 'Achuu', 3094, 1287911, 1);
INSERT INTO interacts VALUES(1047971894489, 1, 'Thaldrin', 3065, 1288756, 1);
INSERT INTO interacts VALUES(1047971894489, 1, 'Dumbledoge', 3190, 1289543, 1);
INSERT INTO interacts VALUES(1047971894489, 1, 'Thaldrin', 3009, 1294258, 1);
INSERT INTO interacts VALUES(1047971894489, 1, 'Thaldrin', 2043, 1294814, 1);
INSERT INTO interacts VALUES(1047971894489, 1, 'Stixxay', 3087, 1333847, 1);
INSERT INTO interacts VALUES(1047971894489, 1, 'Darshan', 2043, 1345785, 0);
INSERT INTO interacts VALUES(1047971894489, 1, 'Darshan', 1033, 1347094, 1);
INSERT INTO interacts VALUES(1047971894489, 1, 'aphromoo', 3105, 1414347, 1);
INSERT INTO interacts VALUES(1047971894489, 1, 'aphromoo', 2010, 1415556, 1);
INSERT INTO interacts VALUES(1047971894489, 1, 'aphromoo', 2010, 1415692, 1);
INSERT INTO interacts VALUES(1047971894489, 1, 'aphromoo', 2043, 1415851, 1);
INSERT INTO interacts VALUES(1047971894489, 1, 'Naru', 3020, 1443523, 1);
INSERT INTO interacts VALUES(1047971894489, 1, 'Naru', 2139, 1445839, 1);
INSERT INTO interacts VALUES(1047971894489, 1, 'Dumbledoge', 2010, 1470946, 1);
INSERT INTO interacts VALUES(1047971894489, 1, 'Dumbledoge', 3098, 1471402, 1);
INSERT INTO interacts VALUES(1047971894489, 1, 'Dumbledoge', 2010, 1472894, 1);
INSERT INTO interacts VALUES(1047971894489, 1, 'Dumbledoge', 2043, 1473497, 1);
INSERT INTO interacts VALUES(1047971894489, 1, 'Stomaged', 3156, 1482752, 1);
INSERT INTO interacts VALUES(1047971894489, 1, 'Stomaged', 2043, 1483500, 1);
INSERT INTO interacts VALUES(1047971894489, 1, 'Darshan', 3211, 1502564, 1);
INSERT INTO interacts VALUES(1047971894489, 1, 'Thaldrin', 3024, 1519405, 1);
INSERT INTO interacts VALUES(1047971894489, 1, 'Huhi', 3001, 1560293, 1);
INSERT INTO interacts VALUES(1047971894489, 1, 'Xmithie', 3156, 1562454, 1);
INSERT INTO interacts VALUES(1047971894489, 1, 'Xmithie', 2043, 1564736, 1);
INSERT INTO interacts VALUES(1047971894489, 1, 'Dumbledoge', 2301, 1610443, 1);
INSERT INTO interacts VALUES(1047971894489, 1, 'aphromoo', 1028, 1610737, 1);
INSERT INTO interacts VALUES(1047971894489, 1, 'aphromoo', 2010, 1611620, 1);
INSERT INTO interacts VALUES(1047971894489, 1, 'aphromoo', 2043, 1611979, 1);
INSERT INTO interacts VALUES(1047971894489, 1, 'aphromoo', 2010, 1612206, 1);
INSERT INTO interacts VALUES(1047971894489, 1, 'Dumbledoge', 2043, 1612694, 1);
INSERT INTO interacts VALUES(1047971894489, 1, 'Dumbledoge', 2010, 1615595, 1);
INSERT INTO interacts VALUES(1047971894489, 1, 'Dumbledoge', 2010, 1615921, 1);
INSERT INTO interacts VALUES(1047971894489, 1, 'aphromoo', 2043, 1616051, 1);
INSERT INTO interacts VALUES(1047971894489, 1, 'Dumbledoge', 2043, 1619937, 1);
INSERT INTO interacts VALUES(1047971894489, 1, 'Darshan', 1082, 1624495, 0);
INSERT INTO interacts VALUES(1047971894489, 1, 'Stomaged', 3052, 1626262, 1);
INSERT INTO interacts VALUES(1047971894489, 1, 'Darshan', 3067, 1626519, 1);
INSERT INTO interacts VALUES(1047971894489, 1, 'Stomaged', 2043, 1626883, 1);
INSERT INTO interacts VALUES(1047971894489, 1, 'Stixxay', 3035, 1630138, 1);
INSERT INTO interacts VALUES(1047971894489, 1, 'Thaldrin', 3057, 1637349, 1);
INSERT INTO interacts VALUES(1047971894489, 1, 'Naru', 1026, 1652787, 1);
INSERT INTO interacts VALUES(1047971894489, 1, 'Huhi', 2139, 1656124, 1);
INSERT INTO interacts VALUES(1047971894489, 1, 'Dumbledoge', 3364, 1672906, 1);
INSERT INTO interacts VALUES(1047971894489, 1, 'Stixxay', 1083, 1687447, 0);
INSERT INTO interacts VALUES(1047971894489, 1, 'Stixxay', 3034, 1690254, 1);
INSERT INTO interacts VALUES(1047971894489, 1, 'Achuu', 3031, 1709429, 1);
INSERT INTO interacts VALUES(1047971894489, 1, 'Achuu', 2043, 1710481, 1);
INSERT INTO interacts VALUES(1047971894489, 1, 'Darshan', 3065, 1739406, 1);
INSERT INTO interacts VALUES(1047971894489, 1, 'Darshan', 2043, 1740897, 1);
INSERT INTO interacts VALUES(1047971894489, 1, 'aphromoo', 3190, 1766846, 1);
INSERT INTO interacts VALUES(1047971894489, 1, 'Huhi', 1056, 1773966, 0);
INSERT INTO interacts VALUES(1047971894489, 1, 'Xmithie', 2043, 1779841, 0);
INSERT INTO interacts VALUES(1047971894489, 1, 'Xmithie', 3086, 1788324, 1);
INSERT INTO interacts VALUES(1047971894489, 1, 'Stixxay', 3036, 1792245, 1);
INSERT INTO interacts VALUES(1047971894489, 1, 'Achuu', 1038, 1810899, 1);
INSERT INTO interacts VALUES(1047971894489, 1, 'Huhi', 1026, 1811712, 1);
INSERT INTO interacts VALUES(1047971894489, 1, 'Thaldrin', 3025, 1812887, 1);
INSERT INTO interacts VALUES(1047971894489, 1, 'Dumbledoge', 3024, 1813338, 1);
INSERT INTO interacts VALUES(1047971894489, 1, 'Stomaged', 2043, 1814023, 1);
INSERT INTO interacts VALUES(1047971894489, 1, 'Dumbledoge', 2010, 1814186, 1);
INSERT INTO interacts VALUES(1047971894489, 1, 'Stomaged', 2043, 1814371, 1);
INSERT INTO interacts VALUES(1047971894489, 1, 'Dumbledoge', 2010, 1814476, 1);
INSERT INTO interacts VALUES(1047971894489, 1, 'Thaldrin', 1031, 1816380, 1);
INSERT INTO interacts VALUES(1047971894489, 1, 'Stomaged', 1306, 1817188, 1);
INSERT INTO interacts VALUES(1047971894489, 1, 'Thaldrin', 2033, 1819788, 0);
INSERT INTO interacts VALUES(1047971894489, 1, 'Thaldrin', 2043, 1820539, 1);
INSERT INTO interacts VALUES(1047971894489, 1, 'Darshan', 2033, 1838559, 0);
INSERT INTO interacts VALUES(1047971894489, 1, 'Darshan', 1031, 1839730, 1);
INSERT INTO interacts VALUES(1047971894489, 1, 'Naru', 3089, 1844405, 1);
INSERT INTO interacts VALUES(1047971894489, 1, 'Naru', 1026, 1845798, 1);
INSERT INTO interacts VALUES(1047971894489, 1, 'Naru', 1052, 1846205, 1);
INSERT INTO interacts VALUES(1047971894489, 1, 'Achuu', 1055, 1932591, 0);
INSERT INTO interacts VALUES(1047971894489, 1, 'Achuu', 1053, 1933898, 1);
INSERT INTO interacts VALUES(1047971894489, 1, 'Xmithie', 2015, 1977914, 1);
INSERT INTO series VALUES(717732295466, 1);
INSERT INTO organizes VALUES('msi_2016', 717732295466, 'group_stage - SKT-vs-FW');
INSERT INTO competes VALUES(717732295466, 'SKT', 1);
INSERT INTO competes VALUES(717732295466, 'FW', 0);
INSERT INTO matches VALUES(717732295466, 1, '2016-05-05');
INSERT INTO scores VALUES('SKT', 717732295466, 1, 0, 1, 1, 0, 0, 0);
INSERT INTO scores VALUES('FW', 717732295466, 1, 3, 11, 0, 2, 6, 1);
INSERT INTO bans VALUES(717732295466, 1, 41, 1);
INSERT INTO bans VALUES(717732295466, 1, 7, 3);
INSERT INTO bans VALUES(717732295466, 1, 57, 5);
INSERT INTO bans VALUES(717732295466, 1, 15, 2);
INSERT INTO bans VALUES(717732295466, 1, 26, 4);
INSERT INTO bans VALUES(717732295466, 1, 54, 6);
INSERT INTO plays VALUES(717732295466, 1, 'Duke', 78, 'Top', 0, 1, 4, 10090, 24, 6, 389, 2, 0, 16318);
INSERT INTO plays VALUES(717732295466, 1, 'Blank', 76, 'Jungle', 2, 3, 2, 17974, 43, 41, 67, 138, 25, 15692);
INSERT INTO plays VALUES(717732295466, 1, 'Faker', 268, 'Mid', 3, 3, 1, 26847, 28, 11, 485, 21, 0, 19362);
INSERT INTO plays VALUES(717732295466, 1, 'Bang', 236, 'ADC', 0, 2, 3, 25440, 29, 12, 407, 35, 2, 18242);
INSERT INTO plays VALUES(717732295466, 1, 'Wolf', 48, 'Support', 0, 3, 2, 3371, 77, 21, 78, 0, 0, 11213);
INSERT INTO plays VALUES(717732295466, 1, 'MMD', 245, 'Top', 1, 1, 5, 13551, 28, 13, 401, 7, 2, 18759);
INSERT INTO plays VALUES(717732295466, 1, 'Karsa', 203, 'Jungle', 1, 2, 6, 13923, 17, 34, 108, 139, 35, 19959);
INSERT INTO plays VALUES(717732295466, 1, 'Maple', 13, 'Mid', 5, 1, 6, 33053, 29, 10, 368, 21, 17, 20238);
INSERT INTO plays VALUES(717732295466, 1, 'NL', 81, 'ADC', 4, 1, 4, 42545, 23, 15, 446, 23, 8, 21508);
INSERT INTO plays VALUES(717732295466, 1, 'SwordArt', 12, 'Support', 1, 0, 8, 7152, 81, 12, 40, 0, 0, 12891);
INSERT INTO interacts VALUES(717732295466, 1, 'Duke', 2033, 1878, 1);
INSERT INTO interacts VALUES(717732295466, 1, 'NL', 1055, 1947, 1);
INSERT INTO interacts VALUES(717732295466, 1, 'SwordArt', 3340, 1947, 1);
INSERT INTO interacts VALUES(717732295466, 1, 'Duke', 3340, 2140, 1);
INSERT INTO interacts VALUES(717732295466, 1, 'Blank', 1039, 2140, 1);
INSERT INTO interacts VALUES(717732295466, 1, 'NL', 2010, 2218, 1);
INSERT INTO interacts VALUES(717732295466, 1, 'MMD', 3340, 2218, 1);
INSERT INTO interacts VALUES(717732295466, 1, 'SwordArt', 2010, 2310, 1);
INSERT INTO interacts VALUES(717732295466, 1, 'NL', 3340, 2440, 1);
INSERT INTO interacts VALUES(717732295466, 1, 'Blank', 3340, 2475, 1);
INSERT INTO interacts VALUES(717732295466, 1, 'SwordArt', 2010, 2511, 1);
INSERT INTO interacts VALUES(717732295466, 1, 'SwordArt', 2010, 2656, 1);
INSERT INTO interacts VALUES(717732295466, 1, 'Faker', 1056, 2656, 1);
INSERT INTO interacts VALUES(717732295466, 1, 'Bang', 1055, 2704, 1);
INSERT INTO interacts VALUES(717732295466, 1, 'Faker', 2003, 2832, 1);
INSERT INTO interacts VALUES(717732295466, 1, 'Bang', 2010, 2932, 1);
INSERT INTO interacts VALUES(717732295466, 1, 'Maple', 1027, 2965, 1);
INSERT INTO interacts VALUES(717732295466, 1, 'Faker', 2003, 2965, 1);
INSERT INTO interacts VALUES(717732295466, 1, 'SwordArt', 3302, 3026, 1);
INSERT INTO interacts VALUES(717732295466, 1, 'Wolf', 3302, 3026, 1);
INSERT INTO interacts VALUES(717732295466, 1, 'Faker', 3340, 3128, 1);
INSERT INTO interacts VALUES(717732295466, 1, 'Bang', 3340, 3193, 1);
INSERT INTO interacts VALUES(717732295466, 1, 'Maple', 2003, 3362, 1);
INSERT INTO interacts VALUES(717732295466, 1, 'Maple', 2003, 3537, 1);
INSERT INTO interacts VALUES(717732295466, 1, 'Wolf', 2010, 3541, 1);
INSERT INTO interacts VALUES(717732295466, 1, 'Blank', 2031, 3608, 1);
INSERT INTO interacts VALUES(717732295466, 1, 'Maple', 2003, 3641, 1);
INSERT INTO interacts VALUES(717732295466, 1, 'Karsa', 1039, 3641, 1);
INSERT INTO interacts VALUES(717732295466, 1, 'Wolf', 2010, 3773, 1);
INSERT INTO interacts VALUES(717732295466, 1, 'Karsa', 2031, 3838, 1);
INSERT INTO interacts VALUES(717732295466, 1, 'Wolf', 2010, 3903, 1);
INSERT INTO interacts VALUES(717732295466, 1, 'MMD', 2033, 4031, 1);
INSERT INTO interacts VALUES(717732295466, 1, 'Maple', 3340, 4031, 1);
INSERT INTO interacts VALUES(717732295466, 1, 'Wolf', 3340, 4131, 1);
INSERT INTO interacts VALUES(717732295466, 1, 'Karsa', 3340, 4169, 1);
INSERT INTO interacts VALUES(717732295466, 1, 'MMD', 1082, 250875, 1);
INSERT INTO interacts VALUES(717732295466, 1, 'MMD', 1056, 251656, 1);
INSERT INTO interacts VALUES(717732295466, 1, 'Blank', 3711, 256092, 1);
INSERT INTO interacts VALUES(717732295466, 1, 'Blank', 2032, 258536, 1);
INSERT INTO interacts VALUES(717732295466, 1, 'Duke', 1028, 261767, 1);
INSERT INTO interacts VALUES(717732295466, 1, 'Bang', 1083, 262621, 1);
INSERT INTO interacts VALUES(717732295466, 1, 'Duke', 1001, 262718, 1);
INSERT INTO interacts VALUES(717732295466, 1, 'Bang', 1036, 262810, 1);
INSERT INTO interacts VALUES(717732295466, 1, 'Bang', 2010, 264288, 1);
INSERT INTO interacts VALUES(717732295466, 1, 'Bang', 2043, 264514, 1);
INSERT INTO interacts VALUES(717732295466, 1, 'Karsa', 3715, 267691, 1);
INSERT INTO interacts VALUES(717732295466, 1, 'Karsa', 2032, 269093, 1);
INSERT INTO interacts VALUES(717732295466, 1, 'Faker', 3108, 278813, 1);
INSERT INTO interacts VALUES(717732295466, 1, 'Faker', 2043, 280220, 1);
INSERT INTO interacts VALUES(717732295466, 1, 'SwordArt', 1028, 294890, 1);
INSERT INTO interacts VALUES(717732295466, 1, 'NL', 3070, 295509, 1);
INSERT INTO interacts VALUES(717732295466, 1, 'SwordArt', 2043, 295936, 1);
INSERT INTO interacts VALUES(717732295466, 1, 'SwordArt', 2010, 296265, 1);
INSERT INTO interacts VALUES(717732295466, 1, 'NL', 1001, 297636, 1);
INSERT INTO interacts VALUES(717732295466, 1, 'SwordArt', 2043, 298951, 1);
INSERT INTO interacts VALUES(717732295466, 1, 'Maple', 3070, 303824, 1);
INSERT INTO interacts VALUES(717732295466, 1, 'Maple', 1027, 304311, 1);
INSERT INTO interacts VALUES(717732295466, 1, 'Maple', 1001, 307023, 1);
INSERT INTO interacts VALUES(717732295466, 1, 'Maple', 2003, 310865, 1);
INSERT INTO interacts VALUES(717732295466, 1, 'Wolf', 1028, 311682, 1);
INSERT INTO interacts VALUES(717732295466, 1, 'Wolf', 2043, 313817, 1);
INSERT INTO interacts VALUES(717732295466, 1, 'MMD', 1028, 426478, 1);
INSERT INTO interacts VALUES(717732295466, 1, 'MMD', 1028, 426606, 1);
INSERT INTO interacts VALUES(717732295466, 1, 'Karsa', 1043, 493465, 1);
INSERT INTO interacts VALUES(717732295466, 1, 'Bang', 1038, 494609, 1);
INSERT INTO interacts VALUES(717732295466, 1, 'Karsa', 2043, 495804, 1);
INSERT INTO interacts VALUES(717732295466, 1, 'Duke', 3211, 497943, 1);
INSERT INTO interacts VALUES(717732295466, 1, 'Duke', 1028, 498760, 1);
INSERT INTO interacts VALUES(717732295466, 1, 'Duke', 2043, 500248, 1);
INSERT INTO interacts VALUES(717732295466, 1, 'Faker', 3101, 513133, 1);
INSERT INTO interacts VALUES(717732295466, 1, 'Faker', 2043, 514337, 1);
INSERT INTO interacts VALUES(717732295466, 1, 'NL', 3057, 518036, 1);
INSERT INTO interacts VALUES(717732295466, 1, 'MMD', 1033, 518916, 1);
INSERT INTO interacts VALUES(717732295466, 1, 'NL', 2010, 519765, 1);
INSERT INTO interacts VALUES(717732295466, 1, 'NL', 2010, 519897, 1);
INSERT INTO interacts VALUES(717732295466, 1, 'NL', 2043, 520125, 1);
INSERT INTO interacts VALUES(717732295466, 1, 'MMD', 1001, 525724, 1);
INSERT INTO interacts VALUES(717732295466, 1, 'SwordArt', 3341, 528955, 1);
INSERT INTO interacts VALUES(717732295466, 1, 'SwordArt', 2049, 529770, 1);
INSERT INTO interacts VALUES(717732295466, 1, 'SwordArt', 1001, 532802, 1);
INSERT INTO interacts VALUES(717732295466, 1, 'Maple', 3010, 537655, 1);
INSERT INTO interacts VALUES(717732295466, 1, 'Wolf', 2049, 538143, 1);
INSERT INTO interacts VALUES(717732295466, 1, 'Wolf', 1001, 539734, 1);
INSERT INTO interacts VALUES(717732295466, 1, 'Wolf', 2043, 540846, 1);
INSERT INTO interacts VALUES(717732295466, 1, 'Wolf', 2043, 540945, 1);
INSERT INTO interacts VALUES(717732295466, 1, 'Wolf', 3341, 541863, 1);
INSERT INTO interacts VALUES(717732295466, 1, 'Maple', 2043, 545951, 1);
INSERT INTO interacts VALUES(717732295466, 1, 'Blank', 3113, 572412, 1);
INSERT INTO interacts VALUES(717732295466, 1, 'Karsa', 1415, 572579, 1);
INSERT INTO interacts VALUES(717732295466, 1, 'Blank', 1052, 572872, 1);
INSERT INTO interacts VALUES(717732295466, 1, 'Blank', 3341, 574176, 1);
INSERT INTO interacts VALUES(717732295466, 1, 'Blank', 2043, 574469, 1);
INSERT INTO interacts VALUES(717732295466, 1, 'Faker', 1001, 580988, 1);
INSERT INTO interacts VALUES(717732295466, 1, 'Duke', 1033, 588212, 1);
INSERT INTO interacts VALUES(717732295466, 1, 'MMD', 3751, 613868, 1);
INSERT INTO interacts VALUES(717732295466, 1, 'Maple', 1026, 634995, 1);
INSERT INTO interacts VALUES(717732295466, 1, 'Maple', 2043, 639966, 1);
INSERT INTO interacts VALUES(717732295466, 1, 'Maple', 3363, 661359, 1);
INSERT INTO interacts VALUES(717732295466, 1, 'Bang', 3133, 665605, 1);
INSERT INTO interacts VALUES(717732295466, 1, 'Faker', 1057, 665705, 1);
INSERT INTO interacts VALUES(717732295466, 1, 'Bang', 1001, 666941, 1);
INSERT INTO interacts VALUES(717732295466, 1, 'NL', 3024, 682565, 1);
INSERT INTO interacts VALUES(717732295466, 1, 'NL', 2043, 683608, 0);
INSERT INTO interacts VALUES(717732295466, 1, 'NL', 2010, 684057, 1);
INSERT INTO interacts VALUES(717732295466, 1, 'NL', 2010, 684156, 1);
INSERT INTO interacts VALUES(717732295466, 1, 'SwordArt', 3009, 685069, 1);
INSERT INTO interacts VALUES(717732295466, 1, 'SwordArt', 2010, 688322, 1);
INSERT INTO interacts VALUES(717732295466, 1, 'Wolf', 3097, 693334, 1);
INSERT INTO interacts VALUES(717732295466, 1, 'Wolf', 2010, 697482, 1);
INSERT INTO interacts VALUES(717732295466, 1, 'Duke', 3751, 706235, 1);
INSERT INTO interacts VALUES(717732295466, 1, 'Karsa', 1001, 714830, 1);
INSERT INTO interacts VALUES(717732295466, 1, 'Karsa', 1042, 715353, 1);
INSERT INTO interacts VALUES(717732295466, 1, 'MMD', 3211, 733340, 1);
INSERT INTO interacts VALUES(717732295466, 1, 'Blank', 1410, 756258, 1);
INSERT INTO interacts VALUES(717732295466, 1, 'Blank', 3010, 759056, 1);
INSERT INTO interacts VALUES(717732295466, 1, 'Blank', 1001, 760709, 1);
INSERT INTO interacts VALUES(717732295466, 1, 'Blank', 3364, 762764, 1);
INSERT INTO interacts VALUES(717732295466, 1, 'Faker', 3115, 838499, 1);
INSERT INTO interacts VALUES(717732295466, 1, 'Faker', 2043, 839368, 1);
INSERT INTO interacts VALUES(717732295466, 1, 'Faker', 2003, 839985, 1);
INSERT INTO interacts VALUES(717732295466, 1, 'Maple', 3027, 845872, 1);
INSERT INTO interacts VALUES(717732295466, 1, 'Maple', 2031, 850895, 1);
INSERT INTO interacts VALUES(717732295466, 1, 'Bang', 3508, 880866, 1);
INSERT INTO interacts VALUES(717732295466, 1, 'Bang', 2010, 882968, 1);
INSERT INTO interacts VALUES(717732295466, 1, 'Bang', 3363, 883358, 1);
INSERT INTO interacts VALUES(717732295466, 1, 'NL', 3025, 896825, 1);
INSERT INTO interacts VALUES(717732295466, 1, 'Karsa', 3009, 897605, 1);
INSERT INTO interacts VALUES(717732295466, 1, 'NL', 1037, 898711, 1);
INSERT INTO interacts VALUES(717732295466, 1, 'Karsa', 1033, 898972, 1);
INSERT INTO interacts VALUES(717732295466, 1, 'Karsa', 2043, 899360, 1);
INSERT INTO interacts VALUES(717732295466, 1, 'Karsa', 3364, 900517, 1);
INSERT INTO interacts VALUES(717732295466, 1, 'NL', 3363, 901633, 1);
INSERT INTO interacts VALUES(717732295466, 1, 'SwordArt', 3097, 906824, 1);
INSERT INTO interacts VALUES(717732295466, 1, 'SwordArt', 2043, 908589, 1);
INSERT INTO interacts VALUES(717732295466, 1, 'SwordArt', 2010, 909172, 1);
INSERT INTO interacts VALUES(717732295466, 1, 'SwordArt', 2043, 909636, 1);
INSERT INTO interacts VALUES(717732295466, 1, 'Duke', 3057, 911185, 1);
INSERT INTO interacts VALUES(717732295466, 1, 'Wolf', 2303, 919379, 1);
INSERT INTO interacts VALUES(717732295466, 1, 'MMD', 1056, 919379, 0);
INSERT INTO interacts VALUES(717732295466, 1, 'Wolf', 2043, 920105, 1);
INSERT INTO interacts VALUES(717732295466, 1, 'Wolf', 2043, 920274, 1);
INSERT INTO interacts VALUES(717732295466, 1, 'MMD', 3068, 921015, 1);
INSERT INTO interacts VALUES(717732295466, 1, 'MMD', 2043, 924597, 1);
INSERT INTO interacts VALUES(717732295466, 1, 'NL', 3004, 996959, 1);
INSERT INTO interacts VALUES(717732295466, 1, 'NL', 2043, 998334, 1);
INSERT INTO interacts VALUES(717732295466, 1, 'Bang', 3086, 1012865, 1);
INSERT INTO interacts VALUES(717732295466, 1, 'Blank', 1026, 1015219, 1);
INSERT INTO interacts VALUES(717732295466, 1, 'Faker', 3020, 1016879, 1);
INSERT INTO interacts VALUES(717732295466, 1, 'SwordArt', 2303, 1017669, 1);
INSERT INTO interacts VALUES(717732295466, 1, 'SwordArt', 2043, 1018614, 1);
INSERT INTO interacts VALUES(717732295466, 1, 'Blank', 3158, 1020798, 1);
INSERT INTO interacts VALUES(717732295466, 1, 'Maple', 1058, 1021029, 1);
INSERT INTO interacts VALUES(717732295466, 1, 'Maple', 2043, 1022559, 1);
INSERT INTO interacts VALUES(717732295466, 1, 'Duke', 1323, 1073632, 1);
INSERT INTO interacts VALUES(717732295466, 1, 'Duke', 1029, 1074711, 1);
INSERT INTO interacts VALUES(717732295466, 1, 'Maple', 3009, 1087797, 1);
INSERT INTO interacts VALUES(717732295466, 1, 'Wolf', 3158, 1096048, 1);
INSERT INTO interacts VALUES(717732295466, 1, 'Wolf', 2043, 1096337, 1);
INSERT INTO interacts VALUES(717732295466, 1, 'Wolf', 2010, 1097964, 1);
INSERT INTO interacts VALUES(717732295466, 1, 'Karsa', 3155, 1116514, 1);
INSERT INTO interacts VALUES(717732295466, 1, 'Karsa', 2043, 1118372, 1);
INSERT INTO interacts VALUES(717732295466, 1, 'MMD', 3057, 1118863, 1);
INSERT INTO interacts VALUES(717732295466, 1, 'Karsa', 2043, 1119554, 1);
INSERT INTO interacts VALUES(717732295466, 1, 'Karsa', 1306, 1120502, 1);
INSERT INTO interacts VALUES(717732295466, 1, 'Faker', 1026, 1139739, 1);
INSERT INTO interacts VALUES(717732295466, 1, 'NL', 3158, 1172607, 1);
INSERT INTO interacts VALUES(717732295466, 1, 'NL', 1036, 1173451, 1);
INSERT INTO interacts VALUES(717732295466, 1, 'SwordArt', 1308, 1175238, 1);
INSERT INTO interacts VALUES(717732295466, 1, 'NL', 2010, 1175989, 0);
INSERT INTO interacts VALUES(717732295466, 1, 'NL', 2043, 1176575, 1);
INSERT INTO interacts VALUES(717732295466, 1, 'SwordArt', 2043, 1176999, 1);
INSERT INTO interacts VALUES(717732295466, 1, 'SwordArt', 2043, 1177134, 1);
INSERT INTO interacts VALUES(717732295466, 1, 'Bang', 3094, 1213973, 1);
INSERT INTO interacts VALUES(717732295466, 1, 'Bang', 2043, 1214409, 1);
INSERT INTO interacts VALUES(717732295466, 1, 'Duke', 3024, 1219293, 1);
INSERT INTO interacts VALUES(717732295466, 1, 'Blank', 3027, 1224571, 1);
INSERT INTO interacts VALUES(717732295466, 1, 'Blank', 2043, 1226081, 1);
INSERT INTO interacts VALUES(717732295466, 1, 'Faker', 3001, 1256616, 1);
INSERT INTO interacts VALUES(717732295466, 1, 'Duke', 3025, 1277731, 1);
INSERT INTO interacts VALUES(717732295466, 1, 'Duke', 2043, 1279320, 1);
INSERT INTO interacts VALUES(717732295466, 1, 'Wolf', 1029, 1283141, 1);
INSERT INTO interacts VALUES(717732295466, 1, 'Wolf', 1029, 1283270, 1);
INSERT INTO interacts VALUES(717732295466, 1, 'Wolf', 2043, 1284424, 1);
INSERT INTO interacts VALUES(717732295466, 1, 'Wolf', 2043, 1286153, 1);
INSERT INTO interacts VALUES(717732295466, 1, 'Wolf', 3364, 1287037, 1);
INSERT INTO interacts VALUES(717732295466, 1, 'Karsa', 3086, 1349840, 1);
INSERT INTO interacts VALUES(717732295466, 1, 'Karsa', 1042, 1350364, 1);
INSERT INTO interacts VALUES(717732295466, 1, 'Maple', 3003, 1350627, 1);
INSERT INTO interacts VALUES(717732295466, 1, 'SwordArt', 1033, 1351121, 1);
INSERT INTO interacts VALUES(717732295466, 1, 'SwordArt', 1028, 1351859, 1);
INSERT INTO interacts VALUES(717732295466, 1, 'SwordArt', 2043, 1352780, 1);
INSERT INTO interacts VALUES(717732295466, 1, 'SwordArt', 2043, 1352949, 1);
INSERT INTO interacts VALUES(717732295466, 1, 'SwordArt', 3364, 1353272, 1);
INSERT INTO interacts VALUES(717732295466, 1, 'Maple', 1057, 1353272, 1);
INSERT INTO interacts VALUES(717732295466, 1, 'MMD', 3025, 1359321, 1);
INSERT INTO interacts VALUES(717732295466, 1, 'Blank', 1026, 1365436, 1);
INSERT INTO interacts VALUES(717732295466, 1, 'Blank', 2043, 1368472, 1);
INSERT INTO interacts VALUES(717732295466, 1, 'Bang', 3158, 1376883, 1);
INSERT INTO interacts VALUES(717732295466, 1, 'NL', 3144, 1377708, 1);
INSERT INTO interacts VALUES(717732295466, 1, 'Bang', 1036, 1377865, 1);
INSERT INTO interacts VALUES(717732295466, 1, 'NL', 2043, 1379205, 1);
INSERT INTO interacts VALUES(717732295466, 1, 'Wolf', 2043, 1402870, 1);
INSERT INTO interacts VALUES(717732295466, 1, 'Wolf', 3082, 1404102, 1);
INSERT INTO interacts VALUES(717732295466, 1, 'Duke', 2043, 1408608, 0);
INSERT INTO interacts VALUES(717732295466, 1, 'Duke', 3067, 1409946, 1);
INSERT INTO interacts VALUES(717732295466, 1, 'Duke', 1031, 1414394, 1);
INSERT INTO interacts VALUES(717732295466, 1, 'Blank', 1033, 1473991, 1);
INSERT INTO interacts VALUES(717732295466, 1, 'MMD', 3009, 1478965, 1);
INSERT INTO interacts VALUES(717732295466, 1, 'Karsa', 3085, 1488740, 1);
INSERT INTO interacts VALUES(717732295466, 1, 'Karsa', 2043, 1489705, 1);
INSERT INTO interacts VALUES(717732295466, 1, 'Blank', 2032, 1490013, 0);
INSERT INTO interacts VALUES(717732295466, 1, 'Blank', 2043, 1491444, 1);
INSERT INTO interacts VALUES(717732295466, 1, 'SwordArt', 3801, 1503421, 1);
INSERT INTO interacts VALUES(717732295466, 1, 'SwordArt', 2043, 1504494, 1);
INSERT INTO interacts VALUES(717732295466, 1, 'SwordArt', 2043, 1504657, 1);
INSERT INTO interacts VALUES(717732295466, 1, 'Faker', 1058, 1527201, 1);
INSERT INTO interacts VALUES(717732295466, 1, 'NL', 1043, 1528503, 1);
INSERT INTO interacts VALUES(717732295466, 1, 'Faker', 1028, 1528552, 1);
INSERT INTO interacts VALUES(717732295466, 1, 'MMD', 1308, 1531236, 1);
INSERT INTO interacts VALUES(717732295466, 1, 'Wolf', 2043, 1533096, 1);
INSERT INTO interacts VALUES(717732295466, 1, 'Wolf', 2043, 1533226, 1);
INSERT INTO interacts VALUES(717732295466, 1, 'Maple', 1031, 1534045, 1);
INSERT INTO interacts VALUES(717732295466, 1, 'Wolf', 1029, 1534966, 1);
INSERT INTO interacts VALUES(717732295466, 1, 'Maple', 2031, 1536371, 0);
INSERT INTO interacts VALUES(717732295466, 1, 'Maple', 2043, 1537833, 1);
INSERT INTO interacts VALUES(717732295466, 1, 'Bang', 1083, 1566376, 0);
INSERT INTO interacts VALUES(717732295466, 1, 'Bang', 3035, 1566633, 1);
INSERT INTO interacts VALUES(717732295466, 1, 'Duke', 3068, 1577460, 1);
INSERT INTO interacts VALUES(717732295466, 1, 'Duke', 2043, 1579055, 1);
INSERT INTO interacts VALUES(717732295466, 1, 'NL', 3153, 1646063, 1);
INSERT INTO interacts VALUES(717732295466, 1, 'NL', 2043, 1646549, 1);
INSERT INTO interacts VALUES(717732295466, 1, 'Maple', 3026, 1650870, 1);
INSERT INTO interacts VALUES(717732295466, 1, 'Maple', 2043, 1652244, 1);
INSERT INTO interacts VALUES(717732295466, 1, 'Maple', 2003, 1652407, 1);
INSERT INTO interacts VALUES(717732295466, 1, 'MMD', 1082, 1653026, 0);
INSERT INTO interacts VALUES(717732295466, 1, 'MMD', 2033, 1653747, 0);
INSERT INTO interacts VALUES(717732295466, 1, 'Faker', 1011, 1653819, 1);
INSERT INTO interacts VALUES(717732295466, 1, 'MMD', 3140, 1655563, 1);
INSERT INTO interacts VALUES(717732295466, 1, 'MMD', 2043, 1656116, 1);
INSERT INTO interacts VALUES(717732295466, 1, 'Blank', 3001, 1663035, 1);
INSERT INTO interacts VALUES(717732295466, 1, 'Karsa', 3052, 1670926, 1);
INSERT INTO interacts VALUES(717732295466, 1, 'Karsa', 2032, 1672599, 0);
INSERT INTO interacts VALUES(717732295466, 1, 'Karsa', 2043, 1674343, 1);
INSERT INTO interacts VALUES(717732295466, 1, 'Karsa', 2043, 1674473, 1);
INSERT INTO interacts VALUES(717732295466, 1, 'SwordArt', 3105, 1675453, 1);
INSERT INTO interacts VALUES(717732295466, 1, 'SwordArt', 1028, 1676006, 1);
INSERT INTO interacts VALUES(717732295466, 1, 'Wolf', 2043, 1704852, 1);
INSERT INTO interacts VALUES(717732295466, 1, 'Wolf', 2043, 1704984, 1);
INSERT INTO interacts VALUES(717732295466, 1, 'Bang', 3036, 1775790, 1);
INSERT INTO interacts VALUES(717732295466, 1, 'Wolf', 3024, 1782042, 1);
INSERT INTO interacts VALUES(717732295466, 1, 'Faker', 3116, 1783397, 1);
INSERT INTO interacts VALUES(717732295466, 1, 'Faker', 2043, 1785194, 1);
INSERT INTO interacts VALUES(717732295466, 1, 'NL', 3035, 1794135, 1);
INSERT INTO interacts VALUES(717732295466, 1, 'Duke', 3065, 1797249, 1);
INSERT INTO interacts VALUES(717732295466, 1, 'MMD', 3067, 1801396, 1);
INSERT INTO interacts VALUES(717732295466, 1, 'Maple', 2003, 1803642, 0);
INSERT INTO interacts VALUES(717732295466, 1, 'Maple', 1026, 1804436, 1);
INSERT INTO interacts VALUES(717732295466, 1, 'SwordArt', 3190, 1845123, 1);
INSERT INTO interacts VALUES(717732295466, 1, 'Karsa', 1037, 1859012, 1);
INSERT INTO interacts VALUES(717732295466, 1, 'Blank', 1026, 1880814, 1);
INSERT INTO interacts VALUES(717732295466, 1, 'Blank', 2043, 1881834, 1);
INSERT INTO interacts VALUES(717732295466, 1, 'Duke', 1028, 1885265, 1);
INSERT INTO interacts VALUES(717732295466, 1, 'MMD', 3065, 1918643, 1);
INSERT INTO interacts VALUES(717732295466, 1, 'Faker', 1058, 1956812, 1);
INSERT INTO interacts VALUES(717732295466, 1, 'Blank', 2043, 2001446, 1);
INSERT INTO interacts VALUES(717732295466, 1, 'Blank', 1333, 2002496, 1);
INSERT INTO interacts VALUES(717732295466, 1, 'SwordArt', 1027, 2003114, 1);
INSERT INTO interacts VALUES(717732295466, 1, 'NL', 3033, 2003647, 1);
INSERT INTO interacts VALUES(717732295466, 1, 'SwordArt', 2043, 2003744, 1);
INSERT INTO interacts VALUES(717732295466, 1, 'SwordArt', 2043, 2003907, 1);
INSERT INTO interacts VALUES(717732295466, 1, 'Karsa', 3022, 2004891, 1);
INSERT INTO interacts VALUES(717732295466, 1, 'Karsa', 2043, 2005508, 1);
INSERT INTO interacts VALUES(717732295466, 1, 'Karsa', 2043, 2005637, 1);
INSERT INTO interacts VALUES(717732295466, 1, 'SwordArt', 2031, 2006061, 1);
INSERT INTO interacts VALUES(717732295466, 1, 'NL', 1331, 2006330, 1);
INSERT INTO interacts VALUES(717732295466, 1, 'Karsa', 2140, 2006523, 1);
INSERT INTO interacts VALUES(717732295466, 1, 'Wolf', 3110, 2019111, 1);
INSERT INTO interacts VALUES(717732295466, 1, 'Wolf', 2043, 2019375, 1);
INSERT INTO interacts VALUES(717732295466, 1, 'Wolf', 2043, 2019508, 1);
INSERT INTO interacts VALUES(717732295466, 1, 'Bang', 1038, 2026782, 1);
INSERT INTO interacts VALUES(717732295466, 1, 'Maple', 3135, 2031362, 1);
INSERT INTO interacts VALUES(717732295466, 1, 'MMD', 2043, 2032931, 1);
INSERT INTO interacts VALUES(717732295466, 1, 'NL', 1055, 2117720, 0);
INSERT INTO interacts VALUES(717732295466, 1, 'NL', 3052, 2121548, 1);
INSERT INTO interacts VALUES(717732295466, 1, 'MMD', 1057, 2137223, 1);
INSERT INTO interacts VALUES(717732295466, 1, 'Wolf', 1028, 2141499, 1);
INSERT INTO interacts VALUES(717732295466, 1, 'Duke', 1011, 2142265, 1);
INSERT INTO interacts VALUES(717732295466, 1, 'Duke', 2033, 2143350, 0);
INSERT INTO interacts VALUES(717732295466, 1, 'Blank', 2043, 2143452, 1);
INSERT INTO interacts VALUES(717732295466, 1, 'Wolf', 3801, 2144780, 1);
INSERT INTO interacts VALUES(717732295466, 1, 'Duke', 1057, 2148208, 1);
INSERT INTO interacts VALUES(717732295466, 1, 'Bang', 1055, 2150947, 0);
INSERT INTO interacts VALUES(717732295466, 1, 'Bang', 1037, 2151536, 1);
INSERT INTO interacts VALUES(717732295466, 1, 'SwordArt', 2043, 2153554, 1);
INSERT INTO interacts VALUES(717732295466, 1, 'SwordArt', 2043, 2153713, 1);
INSERT INTO interacts VALUES(717732295466, 1, 'SwordArt', 2031, 2155450, 0);
INSERT INTO interacts VALUES(717732295466, 1, 'SwordArt', 2138, 2157513, 1);
INSERT INTO interacts VALUES(717732295466, 1, 'Karsa', 2140, 2159634, 1);
INSERT INTO interacts VALUES(717732295466, 1, 'Maple', 2139, 2168280, 1);
INSERT INTO interacts VALUES(717732295466, 1, 'Maple', 2043, 2180690, 1);
INSERT INTO interacts VALUES(717732295466, 1, 'Blank', 1058, 2237877, 1);
INSERT INTO interacts VALUES(717732295466, 1, 'Wolf', 1033, 2288136, 1);
INSERT INTO interacts VALUES(717732295466, 1, 'Wolf', 2043, 2289588, 1);
INSERT INTO interacts VALUES(717732295466, 1, 'NL', 3052, 2296905, 0);
INSERT INTO interacts VALUES(717732295466, 1, 'NL', 3155, 2297392, 1);
INSERT INTO interacts VALUES(717732295466, 1, 'NL', 2140, 2299974, 1);
INSERT INTO interacts VALUES(717732295466, 1, 'Wolf', 2043, 2350320, 1);
INSERT INTO interacts VALUES(717732295466, 1, 'Karsa', 3134, 2354864, 1);
INSERT INTO interacts VALUES(717732295466, 1, 'Faker', 3089, 2355687, 1);
INSERT INTO interacts VALUES(717732295466, 1, 'Karsa', 2140, 2355854, 1);
INSERT INTO interacts VALUES(717732295466, 1, 'SwordArt', 3024, 2366525, 1);
INSERT INTO interacts VALUES(717732295466, 1, 'Maple', 1058, 2366964, 1);
INSERT INTO interacts VALUES(717732295466, 1, 'SwordArt', 1029, 2367598, 1);
INSERT INTO interacts VALUES(717732295466, 1, 'SwordArt', 2043, 2367864, 1);
INSERT INTO interacts VALUES(717732295466, 1, 'SwordArt', 2043, 2368015, 1);
INSERT INTO interacts VALUES(717732295466, 1, 'Maple', 2139, 2369016, 1);
INSERT INTO interacts VALUES(717732295466, 1, 'Bang', 3031, 2377732, 1);
INSERT INTO interacts VALUES(717732295466, 1, 'Bang', 2043, 2379015, 1);
INSERT INTO interacts VALUES(717732295466, 1, 'MMD', 3026, 2381814, 1);
INSERT INTO interacts VALUES(717732295466, 1, 'Duke', 3026, 2384473, 1);
INSERT INTO interacts VALUES(717732295466, 1, 'SwordArt', 2043, 2424095, 1);
INSERT INTO interacts VALUES(717732295466, 1, 'NL', 3156, 2424430, 1);
INSERT INTO interacts VALUES(717732295466, 1, 'Karsa', 3156, 2425729, 1);
INSERT INTO interacts VALUES(717732295466, 1, 'Karsa', 2043, 2427067, 1);
INSERT INTO interacts VALUES(717732295466, 1, 'Karsa', 2043, 2427261, 1);
INSERT INTO interacts VALUES(717732295466, 1, 'Wolf', 3105, 2465362, 1);
INSERT INTO interacts VALUES(717732295466, 1, 'Wolf', 2043, 2465696, 1);
INSERT INTO interacts VALUES(717732295466, 1, 'NL', 2140, 2489823, 1);
INSERT INTO interacts VALUES(717732295466, 1, 'SwordArt', 3082, 2508488, 1);
INSERT INTO interacts VALUES(717732295466, 1, 'Wolf', 1028, 2511633, 1);
INSERT INTO interacts VALUES(717732295466, 1, 'Karsa', 1053, 2512260, 1);
INSERT INTO interacts VALUES(717732295466, 1, 'Blank', 3089, 2523061, 1);
INSERT INTO interacts VALUES(717732295466, 1, 'MMD', 2138, 2560746, 1);
INSERT INTO interacts VALUES(717732295466, 1, 'Maple', 2139, 2567072, 1);
INSERT INTO interacts VALUES(717732295466, 1, 'Wolf', 3067, 2621970, 1);
INSERT INTO interacts VALUES(717732295466, 1, 'Wolf', 2043, 2623034, 1);
INSERT INTO interacts VALUES(717732295466, 1, 'Bang', 3140, 2623185, 1);
INSERT INTO interacts VALUES(717732295466, 1, 'Faker', 1056, 2647932, 0);
INSERT INTO interacts VALUES(717732295466, 1, 'Faker', 3135, 2648723, 1);
INSERT INTO interacts VALUES(717732295466, 1, 'Blank', 2043, 2651303, 1);
INSERT INTO interacts VALUES(717732295466, 1, 'SwordArt', 3110, 2663149, 1);
INSERT INTO interacts VALUES(717732295466, 1, 'SwordArt', 2043, 2665028, 1);
INSERT INTO interacts VALUES(717732295466, 1, 'Wolf', 3190, 2669731, 1);
INSERT INTO interacts VALUES(717732295466, 1, 'NL', 2140, 2671177, 1);
INSERT INTO interacts VALUES(717732295466, 1, 'Karsa', 3144, 2672352, 1);
INSERT INTO interacts VALUES(717732295466, 1, 'Karsa', 2140, 2673088, 1);
INSERT INTO interacts VALUES(717732295466, 1, 'Bang', 2140, 2703099, 1);
INSERT INTO interacts VALUES(717732295466, 1, 'Bang', 1333, 2704497, 1);
INSERT INTO interacts VALUES(717732295466, 1, 'Faker', 2139, 2724232, 1);
INSERT INTO interacts VALUES(717732295466, 1, 'Duke', 2138, 2727424, 1);
INSERT INTO interacts VALUES(717732295466, 1, 'Maple', 3089, 2827475, 1);
INSERT INTO interacts VALUES(717732295466, 1, 'NL', 2140, 2828883, 1);
INSERT INTO interacts VALUES(717732295466, 1, 'SwordArt', 3082, 2830724, 1);
INSERT INTO interacts VALUES(717732295466, 1, 'SwordArt', 2043, 2831349, 1);
INSERT INTO interacts VALUES(717732295466, 1, 'SwordArt', 2043, 2831483, 1);
INSERT INTO interacts VALUES(717732295466, 1, 'MMD', 3139, 2836094, 1);
INSERT INTO interacts VALUES(717732295466, 1, 'MMD', 2138, 2838278, 1);
INSERT INTO interacts VALUES(717732295466, 1, 'Bang', 2140, 2840324, 1);
INSERT INTO interacts VALUES(717732295466, 1, 'Blank', 1058, 2841049, 1);
INSERT INTO interacts VALUES(717732295466, 1, 'Wolf', 2043, 2842456, 1);
INSERT INTO interacts VALUES(717732295466, 1, 'Wolf', 1029, 2843903, 1);
INSERT INTO interacts VALUES(717732295466, 1, 'Karsa', 3153, 2844396, 1);
INSERT INTO interacts VALUES(717732295466, 1, 'Faker', 3001, 2851080, 0);
INSERT INTO interacts VALUES(717732295466, 1, 'Faker', 2139, 2852543, 1);
INSERT INTO series VALUES(1079896608425, 1);
INSERT INTO organizes VALUES('msi_2016', 1079896608425, 'group_stage - FW-vs-RNG');
INSERT INTO competes VALUES(1079896608425, 'FW', 1);
INSERT INTO competes VALUES(1079896608425, 'RNG', 0);
INSERT INTO matches VALUES(1079896608425, 1, '2016-05-05');
INSERT INTO scores VALUES('FW', 1079896608425, 1, 0, 4, 0, 0, 2, 0);
INSERT INTO scores VALUES('RNG', 1079896608425, 1, 1, 8, 2, 1, 2, 1);
INSERT INTO bans VALUES(1079896608425, 1, 15, 1);
INSERT INTO bans VALUES(1079896608425, 1, 12, 3);
INSERT INTO bans VALUES(1079896608425, 1, 104, 5);
INSERT INTO bans VALUES(1079896608425, 1, 268, 2);
INSERT INTO bans VALUES(1079896608425, 1, 81, 4);
INSERT INTO bans VALUES(1079896608425, 1, 57, 6);
INSERT INTO plays VALUES(1079896608425, 1, 'MMD', 245, 'Top', 0, 2, 0, 8170, 16, 6, 214, 7, 2, 10749);
INSERT INTO plays VALUES(1079896608425, 1, 'Karsa', 76, 'Jungle', 1, 1, 2, 9525, 31, 30, 58, 68, 45, 11608);
INSERT INTO plays VALUES(1079896608425, 1, 'Maple', 238, 'Mid', 0, 2, 2, 10342, 20, 4, 247, 10, 4, 10746);
INSERT INTO plays VALUES(1079896608425, 1, 'NL', 236, 'ADC', 2, 3, 0, 6007, 14, 11, 317, 19, 4, 13648);
INSERT INTO plays VALUES(1079896608425, 1, 'SwordArt', 412, 'Support', 0, 2, 3, 2326, 51, 6, 19, 1, 0, 7131);
INSERT INTO plays VALUES(1079896608425, 1, 'Looper', 78, 'Top', 3, 0, 5, 7392, 19, 7, 231, 0, 0, 12261);
INSERT INTO plays VALUES(1079896608425, 1, 'mlxg', 203, 'Jungle', 1, 1, 8, 8870, 31, 24, 36, 67, 46, 12301);
INSERT INTO plays VALUES(1079896608425, 1, 'xiaohu', 13, 'Mid', 5, 1, 3, 12077, 24, 12, 332, 7, 10, 15396);
INSERT INTO plays VALUES(1079896608425, 1, 'Wuxx', 29, 'ADC', 1, 0, 6, 9164, 16, 3, 259, 25, 4, 13623);
INSERT INTO plays VALUES(1079896608425, 1, 'Mata', 201, 'Support', 0, 1, 6, 1497, 50, 8, 33, 0, 0, 8273);
INSERT INTO interacts VALUES(1079896608425, 1, 'Maple', 1036, 1432, 1);
INSERT INTO interacts VALUES(1079896608425, 1, 'Maple', 2003, 1626, 1);
INSERT INTO interacts VALUES(1079896608425, 1, 'Karsa', 1039, 1756, 1);
INSERT INTO interacts VALUES(1079896608425, 1, 'Maple', 2003, 1789, 1);
INSERT INTO interacts VALUES(1079896608425, 1, 'Wuxx', 1055, 1829, 1);
INSERT INTO interacts VALUES(1079896608425, 1, 'MMD', 3340, 1829, 1);
INSERT INTO interacts VALUES(1079896608425, 1, 'Maple', 2003, 1952, 1);
INSERT INTO interacts VALUES(1079896608425, 1, 'Maple', 3340, 2147, 1);
INSERT INTO interacts VALUES(1079896608425, 1, 'Wuxx', 3340, 2212, 1);
INSERT INTO interacts VALUES(1079896608425, 1, 'SwordArt', 3340, 2310, 1);
INSERT INTO interacts VALUES(1079896608425, 1, 'NL', 1055, 2472, 1);
INSERT INTO interacts VALUES(1079896608425, 1, 'SwordArt', 2010, 2568, 1);
INSERT INTO interacts VALUES(1079896608425, 1, 'Karsa', 2031, 2698, 1);
INSERT INTO interacts VALUES(1079896608425, 1, 'SwordArt', 2010, 2730, 1);
INSERT INTO interacts VALUES(1079896608425, 1, 'NL', 2010, 2762, 1);
INSERT INTO interacts VALUES(1079896608425, 1, 'xiaohu', 1056, 2828, 1);
INSERT INTO interacts VALUES(1079896608425, 1, 'SwordArt', 2010, 2867, 1);
INSERT INTO interacts VALUES(1079896608425, 1, 'Looper', 2033, 2925, 1);
INSERT INTO interacts VALUES(1079896608425, 1, 'Wuxx', 2010, 2990, 1);
INSERT INTO interacts VALUES(1079896608425, 1, 'Karsa', 3340, 2990, 1);
INSERT INTO interacts VALUES(1079896608425, 1, 'NL', 3340, 3022, 1);
INSERT INTO interacts VALUES(1079896608425, 1, 'Mata', 3302, 3022, 1);
INSERT INTO interacts VALUES(1079896608425, 1, 'SwordArt', 3302, 3151, 1);
INSERT INTO interacts VALUES(1079896608425, 1, 'Looper', 3340, 3280, 1);
INSERT INTO interacts VALUES(1079896608425, 1, 'Mata', 2010, 3538, 1);
INSERT INTO interacts VALUES(1079896608425, 1, 'MMD', 2033, 3538, 1);
INSERT INTO interacts VALUES(1079896608425, 1, 'Mata', 2010, 3669, 1);
INSERT INTO interacts VALUES(1079896608425, 1, 'Mata', 2010, 3798, 1);
INSERT INTO interacts VALUES(1079896608425, 1, 'xiaohu', 2003, 3960, 1);
INSERT INTO interacts VALUES(1079896608425, 1, 'xiaohu', 2003, 4285, 1);
INSERT INTO interacts VALUES(1079896608425, 1, 'Mata', 3340, 4317, 1);
INSERT INTO interacts VALUES(1079896608425, 1, 'xiaohu', 3340, 4642, 1);
INSERT INTO interacts VALUES(1079896608425, 1, 'mlxg', 1039, 4707, 1);
INSERT INTO interacts VALUES(1079896608425, 1, 'mlxg', 2031, 5164, 1);
INSERT INTO interacts VALUES(1079896608425, 1, 'mlxg', 3340, 5563, 1);
INSERT INTO interacts VALUES(1079896608425, 1, 'NL', 1083, 201161, 1);
INSERT INTO interacts VALUES(1079896608425, 1, 'NL', 2010, 202758, 1);
INSERT INTO interacts VALUES(1079896608425, 1, 'NL', 2043, 203056, 1);
INSERT INTO interacts VALUES(1079896608425, 1, 'mlxg', 3711, 216043, 1);
INSERT INTO interacts VALUES(1079896608425, 1, 'Wuxx', 1042, 223386, 1);
INSERT INTO interacts VALUES(1079896608425, 1, 'Wuxx', 1083, 225750, 1);
INSERT INTO interacts VALUES(1079896608425, 1, 'Mata', 1001, 227007, 1);
INSERT INTO interacts VALUES(1079896608425, 1, 'Mata', 2043, 228154, 1);
INSERT INTO interacts VALUES(1079896608425, 1, 'xiaohu', 3070, 238861, 1);
INSERT INTO interacts VALUES(1079896608425, 1, 'Maple', 3134, 249836, 1);
INSERT INTO interacts VALUES(1079896608425, 1, 'Maple', 2003, 251156, 1);
INSERT INTO interacts VALUES(1079896608425, 1, 'Maple', 2043, 251351, 1);
INSERT INTO interacts VALUES(1079896608425, 1, 'Looper', 1001, 260287, 1);
INSERT INTO interacts VALUES(1079896608425, 1, 'Looper', 1028, 261583, 1);
INSERT INTO interacts VALUES(1079896608425, 1, 'MMD', 1082, 263269, 1);
INSERT INTO interacts VALUES(1079896608425, 1, 'MMD', 1056, 263726, 1);
INSERT INTO interacts VALUES(1079896608425, 1, 'Karsa', 3711, 265028, 1);
INSERT INTO interacts VALUES(1079896608425, 1, 'Karsa', 1052, 265861, 1);
INSERT INTO interacts VALUES(1079896608425, 1, 'Karsa', 1001, 266232, 1);
INSERT INTO interacts VALUES(1079896608425, 1, 'MMD', 2043, 266646, 1);
INSERT INTO interacts VALUES(1079896608425, 1, 'Karsa', 3341, 266923, 1);
INSERT INTO interacts VALUES(1079896608425, 1, 'NL', 1001, 342595, 1);
INSERT INTO interacts VALUES(1079896608425, 1, 'SwordArt', 2049, 342717, 1);
INSERT INTO interacts VALUES(1079896608425, 1, 'NL', 1036, 343530, 1);
INSERT INTO interacts VALUES(1079896608425, 1, 'SwordArt', 3341, 343822, 1);
INSERT INTO interacts VALUES(1079896608425, 1, 'SwordArt', 2043, 344279, 1);
INSERT INTO interacts VALUES(1079896608425, 1, 'SwordArt', 2010, 344604, 1);
INSERT INTO interacts VALUES(1079896608425, 1, 'NL', 1036, 347429, 1);
INSERT INTO interacts VALUES(1079896608425, 1, 'Wuxx', 1043, 377923, 1);
INSERT INTO interacts VALUES(1079896608425, 1, 'Wuxx', 1001, 380137, 1);
INSERT INTO interacts VALUES(1079896608425, 1, 'Wuxx', 2043, 381306, 1);
INSERT INTO interacts VALUES(1079896608425, 1, 'Mata', 1028, 389169, 1);
INSERT INTO interacts VALUES(1079896608425, 1, 'Mata', 2043, 390859, 1);
INSERT INTO interacts VALUES(1079896608425, 1, 'Looper', 2043, 392789, 1);
INSERT INTO interacts VALUES(1079896608425, 1, 'mlxg', 1043, 402576, 1);
INSERT INTO interacts VALUES(1079896608425, 1, 'mlxg', 2043, 403880, 1);
INSERT INTO interacts VALUES(1079896608425, 1, 'xiaohu', 3009, 457926, 1);
INSERT INTO interacts VALUES(1079896608425, 1, 'xiaohu', 1028, 460389, 1);
INSERT INTO interacts VALUES(1079896608425, 1, 'MMD', 3057, 462413, 1);
INSERT INTO interacts VALUES(1079896608425, 1, 'Mata', 2049, 494386, 1);
INSERT INTO interacts VALUES(1079896608425, 1, 'NL', 3133, 516109, 1);
INSERT INTO interacts VALUES(1079896608425, 1, 'Karsa', 1410, 516565, 1);
INSERT INTO interacts VALUES(1079896608425, 1, 'Karsa', 1028, 517449, 1);
INSERT INTO interacts VALUES(1079896608425, 1, 'NL', 1042, 517810, 1);
INSERT INTO interacts VALUES(1079896608425, 1, 'Karsa', 2031, 518135, 0);
INSERT INTO interacts VALUES(1079896608425, 1, 'SwordArt', 1001, 518915, 1);
INSERT INTO interacts VALUES(1079896608425, 1, 'Karsa', 2043, 519306, 1);
INSERT INTO interacts VALUES(1079896608425, 1, 'SwordArt', 2043, 519416, 1);
INSERT INTO interacts VALUES(1079896608425, 1, 'SwordArt', 2010, 520382, 1);
INSERT INTO interacts VALUES(1079896608425, 1, 'SwordArt', 2043, 520676, 1);
INSERT INTO interacts VALUES(1079896608425, 1, 'mlxg', 1411, 547936, 1);
INSERT INTO interacts VALUES(1079896608425, 1, 'mlxg', 1001, 550450, 1);
INSERT INTO interacts VALUES(1079896608425, 1, 'Maple', 3133, 553401, 1);
INSERT INTO interacts VALUES(1079896608425, 1, 'Maple', 1001, 554447, 1);
INSERT INTO interacts VALUES(1079896608425, 1, 'Maple', 2043, 555437, 1);
INSERT INTO interacts VALUES(1079896608425, 1, 'Maple', 2003, 555635, 1);
INSERT INTO interacts VALUES(1079896608425, 1, 'Looper', 3751, 570620, 1);
INSERT INTO interacts VALUES(1079896608425, 1, 'Looper', 1028, 571144, 1);
INSERT INTO interacts VALUES(1079896608425, 1, 'Looper', 2043, 571599, 1);
INSERT INTO interacts VALUES(1079896608425, 1, 'xiaohu', 1027, 579638, 1);
INSERT INTO interacts VALUES(1079896608425, 1, 'xiaohu', 2043, 580676, 1);
INSERT INTO interacts VALUES(1079896608425, 1, 'Wuxx', 3086, 608328, 1);
INSERT INTO interacts VALUES(1079896608425, 1, 'MMD', 3751, 641859, 1);
INSERT INTO interacts VALUES(1079896608425, 1, 'MMD', 2043, 644827, 1);
INSERT INTO interacts VALUES(1079896608425, 1, 'Karsa', 3158, 646097, 1);
INSERT INTO interacts VALUES(1079896608425, 1, 'Karsa', 2043, 646991, 1);
INSERT INTO interacts VALUES(1079896608425, 1, 'NL', 2010, 653357, 0);
INSERT INTO interacts VALUES(1079896608425, 1, 'NL', 2010, 653486, 0);
INSERT INTO interacts VALUES(1079896608425, 1, 'NL', 1038, 654611, 1);
INSERT INTO interacts VALUES(1079896608425, 1, 'xiaohu', 3010, 656239, 1);
INSERT INTO interacts VALUES(1079896608425, 1, 'SwordArt', 2010, 661738, 0);
INSERT INTO interacts VALUES(1079896608425, 1, 'SwordArt', 3009, 663592, 1);
INSERT INTO interacts VALUES(1079896608425, 1, 'Mata', 3117, 682586, 1);
INSERT INTO interacts VALUES(1079896608425, 1, 'Mata', 3341, 684183, 1);
INSERT INTO interacts VALUES(1079896608425, 1, 'Wuxx', 3085, 689929, 1);
INSERT INTO interacts VALUES(1079896608425, 1, 'Wuxx', 2043, 690912, 1);
INSERT INTO interacts VALUES(1079896608425, 1, 'Looper', 3211, 691040, 1);
INSERT INTO interacts VALUES(1079896608425, 1, 'Maple', 3142, 713637, 1);
INSERT INTO interacts VALUES(1079896608425, 1, 'Maple', 2043, 714566, 1);
INSERT INTO interacts VALUES(1079896608425, 1, 'Maple', 3363, 715055, 1);
INSERT INTO interacts VALUES(1079896608425, 1, 'Looper', 1029, 762782, 1);
INSERT INTO interacts VALUES(1079896608425, 1, 'mlxg', 3009, 767705, 1);
INSERT INTO interacts VALUES(1079896608425, 1, 'mlxg', 2032, 769318, 1);
INSERT INTO interacts VALUES(1079896608425, 1, 'Mata', 2043, 771584, 1);
INSERT INTO interacts VALUES(1079896608425, 1, 'NL', 3508, 831990, 1);
INSERT INTO interacts VALUES(1079896608425, 1, 'SwordArt', 2043, 832617, 1);
INSERT INTO interacts VALUES(1079896608425, 1, 'Karsa', 1026, 833292, 1);
INSERT INTO interacts VALUES(1079896608425, 1, 'SwordArt', 2043, 834562, 1);
INSERT INTO interacts VALUES(1079896608425, 1, 'NL', 3006, 834706, 1);
INSERT INTO interacts VALUES(1079896608425, 1, 'Karsa', 3364, 834783, 1);
INSERT INTO interacts VALUES(1079896608425, 1, 'NL', 3363, 835522, 1);
INSERT INTO interacts VALUES(1079896608425, 1, 'NL', 2043, 836053, 1);
INSERT INTO interacts VALUES(1079896608425, 1, 'NL', 2010, 836658, 1);
INSERT INTO interacts VALUES(1079896608425, 1, 'NL', 2010, 836822, 1);
INSERT INTO interacts VALUES(1079896608425, 1, 'Maple', 3111, 837836, 1);
INSERT INTO interacts VALUES(1079896608425, 1, 'Mata', 2043, 838184, 1);
INSERT INTO interacts VALUES(1079896608425, 1, 'Wuxx', 3134, 842775, 1);
INSERT INTO interacts VALUES(1079896608425, 1, 'mlxg', 1033, 844778, 1);
INSERT INTO interacts VALUES(1079896608425, 1, 'xiaohu', 1026, 845932, 1);
INSERT INTO interacts VALUES(1079896608425, 1, 'mlxg', 3364, 846455, 1);
INSERT INTO interacts VALUES(1079896608425, 1, 'mlxg', 2043, 846624, 1);
INSERT INTO interacts VALUES(1079896608425, 1, 'xiaohu', 3363, 848098, 1);
INSERT INTO interacts VALUES(1079896608425, 1, 'xiaohu', 2043, 848908, 1);
INSERT INTO interacts VALUES(1079896608425, 1, 'Mata', 3097, 922040, 1);
INSERT INTO interacts VALUES(1079896608425, 1, 'NL', 2015, 930205, 1);
INSERT INTO interacts VALUES(1079896608425, 1, 'Wuxx', 1036, 935061, 1);
INSERT INTO interacts VALUES(1079896608425, 1, 'SwordArt', 3097, 942622, 1);
INSERT INTO interacts VALUES(1079896608425, 1, 'Wuxx', 3363, 943031, 1);
INSERT INTO interacts VALUES(1079896608425, 1, 'SwordArt', 2031, 943667, 1);
INSERT INTO interacts VALUES(1079896608425, 1, 'SwordArt', 2043, 944127, 1);
INSERT INTO interacts VALUES(1079896608425, 1, 'MMD', 3068, 950990, 1);
INSERT INTO interacts VALUES(1079896608425, 1, 'mlxg', 3155, 958939, 1);
INSERT INTO interacts VALUES(1079896608425, 1, 'Looper', 3068, 960875, 1);
INSERT INTO interacts VALUES(1079896608425, 1, 'mlxg', 2043, 962107, 1);
INSERT INTO interacts VALUES(1079896608425, 1, 'Looper', 3009, 963219, 1);
INSERT INTO interacts VALUES(1079896608425, 1, 'Looper', 2043, 964522, 1);
INSERT INTO interacts VALUES(1079896608425, 1, 'xiaohu', 3027, 972971, 1);
INSERT INTO interacts VALUES(1079896608425, 1, 'xiaohu', 2043, 974983, 1);
INSERT INTO interacts VALUES(1079896608425, 1, 'Karsa', 3010, 978148, 1);
INSERT INTO interacts VALUES(1079896608425, 1, 'MMD', 1001, 1033981, 1);
INSERT INTO interacts VALUES(1079896608425, 1, 'Maple', 3134, 1114848, 1);
INSERT INTO interacts VALUES(1079896608425, 1, 'Looper', 1029, 1116052, 1);
INSERT INTO interacts VALUES(1079896608425, 1, 'Maple', 1033, 1116380, 1);
INSERT INTO interacts VALUES(1079896608425, 1, 'Maple', 2003, 1117586, 1);
INSERT INTO interacts VALUES(1079896608425, 1, 'Looper', 1027, 1119928, 1);
INSERT INTO interacts VALUES(1079896608425, 1, 'Mata', 2303, 1121508, 1);
INSERT INTO interacts VALUES(1079896608425, 1, 'SwordArt', 2303, 1122157, 1);
INSERT INTO interacts VALUES(1079896608425, 1, 'SwordArt', 2043, 1123059, 1);
INSERT INTO interacts VALUES(1079896608425, 1, 'Mata', 1029, 1123734, 1);
INSERT INTO interacts VALUES(1079896608425, 1, 'Mata', 1029, 1123859, 1);
INSERT INTO interacts VALUES(1079896608425, 1, 'NL', 2010, 1130122, 0);
INSERT INTO interacts VALUES(1079896608425, 1, 'Wuxx', 1083, 1130599, 0);
INSERT INTO interacts VALUES(1079896608425, 1, 'NL', 3086, 1131741, 1);
INSERT INTO interacts VALUES(1079896608425, 1, 'Wuxx', 3142, 1132221, 1);
INSERT INTO interacts VALUES(1079896608425, 1, 'mlxg', 2043, 1151201, 1);
INSERT INTO interacts VALUES(1079896608425, 1, 'mlxg', 3086, 1152734, 1);
INSERT INTO interacts VALUES(1079896608425, 1, 'Karsa', 3027, 1153911, 1);
INSERT INTO interacts VALUES(1079896608425, 1, 'Karsa', 2043, 1154992, 1);
INSERT INTO interacts VALUES(1079896608425, 1, 'Karsa', 2043, 1155954, 1);
INSERT INTO interacts VALUES(1079896608425, 1, 'xiaohu', 1058, 1171030, 1);
INSERT INTO interacts VALUES(1079896608425, 1, 'xiaohu', 2043, 1172430, 1);
INSERT INTO interacts VALUES(1079896608425, 1, 'Looper', 3057, 1190209, 1);
INSERT INTO interacts VALUES(1079896608425, 1, 'NL', 3094, 1192062, 1);
INSERT INTO interacts VALUES(1079896608425, 1, 'NL', 2043, 1192511, 1);
INSERT INTO interacts VALUES(1079896608425, 1, 'mlxg', 1042, 1266842, 1);
INSERT INTO interacts VALUES(1079896608425, 1, 'Mata', 3082, 1270612, 1);
INSERT INTO interacts VALUES(1079896608425, 1, 'SwordArt', 1033, 1286089, 1);
INSERT INTO interacts VALUES(1079896608425, 1, 'SwordArt', 2043, 1287259, 1);
INSERT INTO interacts VALUES(1079896608425, 1, 'SwordArt', 2043, 1287421, 1);
INSERT INTO interacts VALUES(1079896608425, 1, 'MMD', 3025, 1288082, 1);
INSERT INTO interacts VALUES(1079896608425, 1, 'Maple', 3155, 1289699, 1);
INSERT INTO interacts VALUES(1079896608425, 1, 'xiaohu', 3003, 1292599, 1);
INSERT INTO interacts VALUES(1079896608425, 1, 'xiaohu', 2043, 1295247, 1);
INSERT INTO interacts VALUES(1079896608425, 1, 'Karsa', 1026, 1296093, 1);
INSERT INTO interacts VALUES(1079896608425, 1, 'Karsa', 2043, 1297065, 1);
INSERT INTO interacts VALUES(1079896608425, 1, 'Karsa', 2003, 1297348, 1);
INSERT INTO interacts VALUES(1079896608425, 1, 'Wuxx', 3006, 1300250, 1);
INSERT INTO interacts VALUES(1079896608425, 1, 'Wuxx', 2043, 1300952, 1);
INSERT INTO interacts VALUES(1079896608425, 1, 'Wuxx', 2010, 1302124, 1);
INSERT INTO interacts VALUES(1079896608425, 1, 'NL', 1037, 1313571, 1);
INSERT INTO interacts VALUES(1079896608425, 1, 'Looper', 3024, 1325451, 1);
INSERT INTO interacts VALUES(1079896608425, 1, 'MMD', 3111, 1387716, 1);
INSERT INTO interacts VALUES(1079896608425, 1, 'Mata', 2043, 1423867, 1);
INSERT INTO interacts VALUES(1079896608425, 1, 'Mata', 1028, 1425816, 1);
INSERT INTO interacts VALUES(1079896608425, 1, 'Wuxx', 1018, 1432240, 1);
INSERT INTO interacts VALUES(1079896608425, 1, 'Looper', 3025, 1439931, 1);
INSERT INTO interacts VALUES(1079896608425, 1, 'Looper', 2043, 1440336, 1);
INSERT INTO interacts VALUES(1079896608425, 1, 'xiaohu', 1031, 1445984, 1);
INSERT INTO interacts VALUES(1079896608425, 1, 'xiaohu', 2043, 1447907, 1);
INSERT INTO interacts VALUES(1079896608425, 1, 'xiaohu', 2043, 1448133, 1);
INSERT INTO interacts VALUES(1079896608425, 1, 'Maple', 3156, 1457631, 1);
INSERT INTO interacts VALUES(1079896608425, 1, 'Maple', 2043, 1458484, 1);
INSERT INTO interacts VALUES(1079896608425, 1, 'SwordArt', 3801, 1464262, 1);
INSERT INTO interacts VALUES(1079896608425, 1, 'SwordArt', 2043, 1464943, 1);
INSERT INTO interacts VALUES(1079896608425, 1, 'NL', 1083, 1465009, 0);
INSERT INTO interacts VALUES(1079896608425, 1, 'NL', 1038, 1465964, 1);
INSERT INTO interacts VALUES(1079896608425, 1, 'Karsa', 1058, 1470381, 1);
INSERT INTO interacts VALUES(1079896608425, 1, 'mlxg', 3046, 1496165, 1);
INSERT INTO interacts VALUES(1079896608425, 1, 'mlxg', 1036, 1499318, 1);
INSERT INTO interacts VALUES(1079896608425, 1, 'mlxg', 2032, 1500915, 0);
INSERT INTO interacts VALUES(1079896608425, 1, 'mlxg', 2043, 1502789, 1);
INSERT INTO interacts VALUES(1079896608425, 1, 'mlxg', 2043, 1502917, 1);
INSERT INTO interacts VALUES(1079896608425, 1, 'Maple', 1028, 1581449, 1);
INSERT INTO interacts VALUES(1079896608425, 1, 'Maple', 1036, 1581874, 1);
INSERT INTO interacts VALUES(1079896608425, 1, 'Maple', 2043, 1582919, 1);
INSERT INTO interacts VALUES(1079896608425, 1, 'SwordArt', 2031, 1584883, 0);
INSERT INTO interacts VALUES(1079896608425, 1, 'SwordArt', 3105, 1586649, 1);
INSERT INTO interacts VALUES(1079896608425, 1, 'Wuxx', 2010, 1601740, 0);
INSERT INTO interacts VALUES(1079896608425, 1, 'Wuxx', 1037, 1603024, 1);
INSERT INTO interacts VALUES(1079896608425, 1, 'Mata', 3364, 1608284, 1);
INSERT INTO interacts VALUES(1079896608425, 1, 'Mata', 1029, 1610109, 1);
INSERT INTO interacts VALUES(1079896608425, 1, 'Looper', 1011, 1617657, 1);
INSERT INTO interacts VALUES(1079896608425, 1, 'Karsa', 2003, 1668148, 0);
INSERT INTO interacts VALUES(1079896608425, 1, 'Karsa', 1052, 1685275, 1);
INSERT INTO interacts VALUES(1079896608425, 1, 'Karsa', 2043, 1688058, 1);
INSERT INTO interacts VALUES(1079896608425, 1, 'Karsa', 2043, 1688188, 1);
INSERT INTO interacts VALUES(1079896608425, 1, 'SwordArt', 3364, 1691544, 1);
INSERT INTO interacts VALUES(1079896608425, 1, 'MMD', 1082, 1694933, 0);
INSERT INTO interacts VALUES(1079896608425, 1, 'MMD', 1056, 1696630, 0);
INSERT INTO interacts VALUES(1079896608425, 1, 'SwordArt', 1028, 1697376, 1);
INSERT INTO interacts VALUES(1079896608425, 1, 'MMD', 3211, 1698313, 1);
INSERT INTO interacts VALUES(1079896608425, 1, 'SwordArt', 2043, 1699629, 1);
INSERT INTO interacts VALUES(1079896608425, 1, 'SwordArt', 2043, 1699791, 1);
INSERT INTO interacts VALUES(1079896608425, 1, 'Mata', 3024, 1703863, 1);
INSERT INTO interacts VALUES(1079896608425, 1, 'Mata', 2043, 1705662, 1);
INSERT INTO interacts VALUES(1079896608425, 1, 'Mata', 2043, 1706007, 1);
INSERT INTO interacts VALUES(1079896608425, 1, 'mlxg', 3156, 1708959, 1);
INSERT INTO interacts VALUES(1079896608425, 1, 'Looper', 1308, 1709190, 1);
INSERT INTO interacts VALUES(1079896608425, 1, 'Looper', 2033, 1710046, 0);
INSERT INTO interacts VALUES(1079896608425, 1, 'Looper', 1031, 1710958, 1);
INSERT INTO interacts VALUES(1079896608425, 1, 'mlxg', 2043, 1714111, 1);
INSERT INTO interacts VALUES(1079896608425, 1, 'SwordArt', 2031, 1714657, 1);
INSERT INTO interacts VALUES(1079896608425, 1, 'mlxg', 2003, 1715108, 1);
INSERT INTO interacts VALUES(1079896608425, 1, 'mlxg', 2003, 1715210, 1);
INSERT INTO interacts VALUES(1079896608425, 1, 'Maple', 3044, 1715534, 1);
INSERT INTO interacts VALUES(1079896608425, 1, 'NL', 3031, 1715833, 1);
INSERT INTO interacts VALUES(1079896608425, 1, 'xiaohu', 3026, 1728308, 1);
INSERT INTO interacts VALUES(1079896608425, 1, 'MMD', 2033, 1729232, 0);
INSERT INTO interacts VALUES(1079896608425, 1, 'MMD', 3067, 1731175, 1);
INSERT INTO interacts VALUES(1079896608425, 1, 'xiaohu', 1058, 1732799, 1);
INSERT INTO interacts VALUES(1079896608425, 1, 'xiaohu', 1056, 1734047, 0);
INSERT INTO interacts VALUES(1079896608425, 1, 'xiaohu', 1308, 1737501, 1);
INSERT INTO interacts VALUES(1079896608425, 1, 'xiaohu', 2043, 1740197, 1);
INSERT INTO interacts VALUES(1079896608425, 1, 'Wuxx', 3031, 1763492, 1);
INSERT INTO interacts VALUES(1079896608425, 1, 'Wuxx', 2043, 1770933, 1);
INSERT INTO interacts VALUES(1079896608425, 1, 'Karsa', 2043, 1788773, 0);
INSERT INTO interacts VALUES(1079896608425, 1, 'Karsa', 2043, 1788935, 0);
INSERT INTO interacts VALUES(1079896608425, 1, 'Karsa', 3089, 1793841, 1);
INSERT INTO interacts VALUES(1079896608425, 1, 'NL', 2043, 1804210, 1);
INSERT INTO interacts VALUES(1079896608425, 1, 'NL', 2043, 1900514, 0);
INSERT INTO interacts VALUES(1079896608425, 1, 'NL', 1037, 1901431, 1);
INSERT INTO interacts VALUES(1079896608425, 1, 'Maple', 1036, 1901759, 1);
INSERT INTO interacts VALUES(1079896608425, 1, 'Maple', 1036, 1901959, 1);
INSERT INTO interacts VALUES(1079896608425, 1, 'Karsa', 2043, 1903238, 1);
INSERT INTO interacts VALUES(1079896608425, 1, 'Karsa', 2043, 1903465, 1);
INSERT INTO interacts VALUES(1079896608425, 1, 'Looper', 3742, 1918134, 1);
INSERT INTO interacts VALUES(1079896608425, 1, 'mlxg', 1038, 1919612, 1);
INSERT INTO interacts VALUES(1079896608425, 1, 'Mata', 3110, 1921196, 1);
INSERT INTO interacts VALUES(1079896608425, 1, 'mlxg', 2043, 1922893, 1);
INSERT INTO interacts VALUES(1079896608425, 1, 'Mata', 3067, 1923333, 1);
INSERT INTO interacts VALUES(1079896608425, 1, 'MMD', 3065, 1923432, 1);
INSERT INTO interacts VALUES(1079896608425, 1, 'MMD', 2043, 1924446, 1);
INSERT INTO interacts VALUES(1079896608425, 1, 'Mata', 2043, 1924809, 1);
INSERT INTO interacts VALUES(1079896608425, 1, 'Mata', 2043, 1925067, 1);
INSERT INTO interacts VALUES(1079896608425, 1, 'SwordArt', 3067, 1925294, 1);
INSERT INTO interacts VALUES(1079896608425, 1, 'SwordArt', 2031, 1927649, 0);
INSERT INTO interacts VALUES(1079896608425, 1, 'xiaohu', 1026, 1928047, 1);
INSERT INTO interacts VALUES(1079896608425, 1, 'SwordArt', 2043, 1928335, 1);
INSERT INTO interacts VALUES(1079896608425, 1, 'xiaohu', 2139, 1929225, 1);
INSERT INTO interacts VALUES(1079896608425, 1, 'NL', 3035, 1933207, 1);
INSERT INTO interacts VALUES(1079896608425, 1, 'Karsa', 1052, 1992545, 1);
INSERT INTO interacts VALUES(1079896608425, 1, 'SwordArt', 3190, 1995482, 1);
INSERT INTO interacts VALUES(1079896608425, 1, 'SwordArt', 2043, 2001109, 1);
INSERT INTO series VALUES(978322410965, 1);
INSERT INTO organizes VALUES('msi_2016', 978322410965, 'group_stage - CLG-vs-SKT');
INSERT INTO competes VALUES(978322410965, 'CLG', 1);
INSERT INTO competes VALUES(978322410965, 'SKT', 0);
INSERT INTO matches VALUES(978322410965, 1, '2016-05-05');
INSERT INTO scores VALUES('CLG', 978322410965, 1, 2, 9, 1, 2, 0, 1);
INSERT INTO scores VALUES('SKT', 978322410965, 1, 1, 5, 0, 0, 5, 0);
INSERT INTO bans VALUES(978322410965, 1, 12, 1);
INSERT INTO bans VALUES(978322410965, 1, 57, 3);
INSERT INTO bans VALUES(978322410965, 1, 13, 5);
INSERT INTO bans VALUES(978322410965, 1, 51, 2);
INSERT INTO bans VALUES(978322410965, 1, 16, 4);
INSERT INTO bans VALUES(978322410965, 1, 432, 6);
INSERT INTO plays VALUES(978322410965, 1, 'Darshan', 78, 'Top', 1, 5, 12, 16028, 27, 4, 217, 0, 1, 14867);
INSERT INTO plays VALUES(978322410965, 1, 'Xmithie', 76, 'Jungle', 4, 3, 6, 15379, 31, 26, 79, 113, 18, 16234);
INSERT INTO plays VALUES(978322410965, 1, 'Huhi', 268, 'Mid', 1, 5, 9, 27532, 26, 8, 270, 19, 7, 15295);
INSERT INTO plays VALUES(978322410965, 1, 'Stixxay', 236, 'ADC', 10, 4, 4, 36429, 21, 14, 374, 12, 2, 20225);
INSERT INTO plays VALUES(978322410965, 1, 'aphromoo', 40, 'Support', 0, 2, 14, 3488, 59, 11, 11, 1, 0, 11925);
INSERT INTO plays VALUES(978322410965, 1, 'Duke', 245, 'Top', 2, 4, 6, 18552, 17, 4, 329, 11, 3, 15788);
INSERT INTO plays VALUES(978322410965, 1, 'Blank', 203, 'Jungle', 2, 3, 7, 13930, 48, 38, 102, 111, 27, 15361);
INSERT INTO plays VALUES(978322410965, 1, 'Faker', 7, 'Mid', 10, 3, 5, 33500, 4, 11, 273, 12, 12, 16808);
INSERT INTO plays VALUES(978322410965, 1, 'Bang', 81, 'ADC', 4, 3, 9, 39902, 22, 13, 322, 15, 16, 17067);
INSERT INTO plays VALUES(978322410965, 1, 'Wolf', 201, 'Support', 1, 3, 14, 8941, 59, 15, 57, 0, 0, 11700);
INSERT INTO interacts VALUES(978322410965, 1, 'Stixxay', 3340, 1608, 1);
INSERT INTO interacts VALUES(978322410965, 1, 'Wolf', 3302, 1608, 1);
INSERT INTO interacts VALUES(978322410965, 1, 'aphromoo', 3340, 1625, 1);
INSERT INTO interacts VALUES(978322410965, 1, 'Huhi', 1056, 1786, 1);
INSERT INTO interacts VALUES(978322410965, 1, 'Xmithie', 3340, 1821, 1);
INSERT INTO interacts VALUES(978322410965, 1, 'Wolf', 2010, 1876, 1);
INSERT INTO interacts VALUES(978322410965, 1, 'Stixxay', 2010, 1917, 1);
INSERT INTO interacts VALUES(978322410965, 1, 'Huhi', 2010, 1953, 1);
INSERT INTO interacts VALUES(978322410965, 1, 'Wolf', 2010, 1988, 1);
INSERT INTO interacts VALUES(978322410965, 1, 'aphromoo', 3303, 1988, 1);
INSERT INTO interacts VALUES(978322410965, 1, 'Wolf', 2010, 2085, 1);
INSERT INTO interacts VALUES(978322410965, 1, 'Huhi', 2010, 2085, 1);
INSERT INTO interacts VALUES(978322410965, 1, 'Faker', 1056, 2142, 1);
INSERT INTO interacts VALUES(978322410965, 1, 'Stixxay', 1055, 2150, 1);
INSERT INTO interacts VALUES(978322410965, 1, 'Wolf', 3340, 2281, 1);
INSERT INTO interacts VALUES(978322410965, 1, 'Huhi', 3340, 2400, 1);
INSERT INTO interacts VALUES(978322410965, 1, 'Darshan', 3340, 2400, 1);
INSERT INTO interacts VALUES(978322410965, 1, 'Faker', 2003, 2415, 1);
INSERT INTO interacts VALUES(978322410965, 1, 'Blank', 3340, 2446, 1);
INSERT INTO interacts VALUES(978322410965, 1, 'aphromoo', 2010, 2545, 1);
INSERT INTO interacts VALUES(978322410965, 1, 'Faker', 2003, 2577, 1);
INSERT INTO interacts VALUES(978322410965, 1, 'Darshan', 2033, 2577, 1);
INSERT INTO interacts VALUES(978322410965, 1, 'Bang', 1055, 2613, 1);
INSERT INTO interacts VALUES(978322410965, 1, 'aphromoo', 2010, 2717, 1);
INSERT INTO interacts VALUES(978322410965, 1, 'Faker', 3340, 2751, 1);
INSERT INTO interacts VALUES(978322410965, 1, 'aphromoo', 2010, 2814, 1);
INSERT INTO interacts VALUES(978322410965, 1, 'Bang', 2010, 2846, 1);
INSERT INTO interacts VALUES(978322410965, 1, 'Xmithie', 1039, 2880, 1);
INSERT INTO interacts VALUES(978322410965, 1, 'Bang', 3340, 3110, 1);
INSERT INTO interacts VALUES(978322410965, 1, 'Xmithie', 2031, 3110, 1);
INSERT INTO interacts VALUES(978322410965, 1, 'Blank', 1039, 3307, 1);
INSERT INTO interacts VALUES(978322410965, 1, 'Duke', 2033, 3372, 1);
INSERT INTO interacts VALUES(978322410965, 1, 'Duke', 3340, 3859, 1);
INSERT INTO interacts VALUES(978322410965, 1, 'Blank', 2031, 3859, 1);
INSERT INTO interacts VALUES(978322410965, 1, 'Faker', 1056, 208768, 1);
INSERT INTO interacts VALUES(978322410965, 1, 'Huhi', 1056, 214759, 1);
INSERT INTO interacts VALUES(978322410965, 1, 'Huhi', 2010, 215668, 1);
INSERT INTO interacts VALUES(978322410965, 1, 'Duke', 1082, 230694, 1);
INSERT INTO interacts VALUES(978322410965, 1, 'Duke', 2043, 235897, 1);
INSERT INTO interacts VALUES(978322410965, 1, 'Darshan', 1028, 252792, 1);
INSERT INTO interacts VALUES(978322410965, 1, 'Darshan', 2043, 254154, 1);
INSERT INTO interacts VALUES(978322410965, 1, 'Blank', 3711, 255095, 1);
INSERT INTO interacts VALUES(978322410965, 1, 'Blank', 2043, 256145, 1);
INSERT INTO interacts VALUES(978322410965, 1, 'Xmithie', 3711, 300139, 1);
INSERT INTO interacts VALUES(978322410965, 1, 'Xmithie', 1001, 300882, 1);
INSERT INTO interacts VALUES(978322410965, 1, 'Xmithie', 2043, 301374, 1);
INSERT INTO interacts VALUES(978322410965, 1, 'Huhi', 1033, 335797, 1);
INSERT INTO interacts VALUES(978322410965, 1, 'Huhi', 2010, 336733, 1);
INSERT INTO interacts VALUES(978322410965, 1, 'Huhi', 2010, 338145, 1);
INSERT INTO interacts VALUES(978322410965, 1, 'Blank', 1042, 355729, 1);
INSERT INTO interacts VALUES(978322410965, 1, 'Blank', 2032, 357847, 1);
INSERT INTO interacts VALUES(978322410965, 1, 'Blank', 2043, 358397, 1);
INSERT INTO interacts VALUES(978322410965, 1, 'Huhi', 1057, 420506, 1);
INSERT INTO interacts VALUES(978322410965, 1, 'Huhi', 2043, 421412, 1);
INSERT INTO interacts VALUES(978322410965, 1, 'Stixxay', 1038, 436689, 1);
INSERT INTO interacts VALUES(978322410965, 1, 'Stixxay', 1036, 437681, 1);
INSERT INTO interacts VALUES(978322410965, 1, 'Stixxay', 2043, 438663, 1);
INSERT INTO interacts VALUES(978322410965, 1, 'Stixxay', 2010, 438896, 1);
INSERT INTO interacts VALUES(978322410965, 1, 'Stixxay', 2010, 438988, 1);
INSERT INTO interacts VALUES(978322410965, 1, 'Darshan', 3211, 450287, 1);
INSERT INTO interacts VALUES(978322410965, 1, 'Faker', 3108, 459871, 1);
INSERT INTO interacts VALUES(978322410965, 1, 'Faker', 1001, 460133, 1);
INSERT INTO interacts VALUES(978322410965, 1, 'Faker', 2031, 461460, 1);
INSERT INTO interacts VALUES(978322410965, 1, 'Faker', 3341, 461726, 1);
INSERT INTO interacts VALUES(978322410965, 1, 'Bang', 3057, 467531, 1);
INSERT INTO interacts VALUES(978322410965, 1, 'Bang', 3070, 468455, 1);
INSERT INTO interacts VALUES(978322410965, 1, 'Bang', 1001, 469269, 1);
INSERT INTO interacts VALUES(978322410965, 1, 'Duke', 3057, 472797, 1);
INSERT INTO interacts VALUES(978322410965, 1, 'Duke', 1056, 473939, 1);
INSERT INTO interacts VALUES(978322410965, 1, 'aphromoo', 2049, 480423, 1);
INSERT INTO interacts VALUES(978322410965, 1, 'aphromoo', 2043, 481008, 1);
INSERT INTO interacts VALUES(978322410965, 1, 'aphromoo', 2010, 481301, 1);
INSERT INTO interacts VALUES(978322410965, 1, 'aphromoo', 2010, 481464, 1);
INSERT INTO interacts VALUES(978322410965, 1, 'aphromoo', 3341, 482574, 1);
INSERT INTO interacts VALUES(978322410965, 1, 'Wolf', 2049, 498131, 1);
INSERT INTO interacts VALUES(978322410965, 1, 'Wolf', 1001, 498306, 1);
INSERT INTO interacts VALUES(978322410965, 1, 'Wolf', 3341, 499463, 1);
INSERT INTO interacts VALUES(978322410965, 1, 'Wolf', 2043, 499690, 1);
INSERT INTO interacts VALUES(978322410965, 1, 'Darshan', 1028, 556550, 1);
INSERT INTO interacts VALUES(978322410965, 1, 'Darshan', 1001, 558459, 1);
INSERT INTO interacts VALUES(978322410965, 1, 'Duke', 1001, 582308, 1);
INSERT INTO interacts VALUES(978322410965, 1, 'Faker', 3114, 583102, 1);
INSERT INTO interacts VALUES(978322410965, 1, 'Duke', 1028, 583397, 1);
INSERT INTO interacts VALUES(978322410965, 1, 'Huhi', 1026, 594462, 1);
INSERT INTO interacts VALUES(978322410965, 1, 'Huhi', 1001, 595700, 1);
INSERT INTO interacts VALUES(978322410965, 1, 'Huhi', 2010, 596224, 1);
INSERT INTO interacts VALUES(978322410965, 1, 'Blank', 1411, 598865, 1);
INSERT INTO interacts VALUES(978322410965, 1, 'Blank', 3341, 600235, 1);
INSERT INTO interacts VALUES(978322410965, 1, 'Blank', 2043, 601043, 1);
INSERT INTO interacts VALUES(978322410965, 1, 'Huhi', 2010, 602190, 1);
INSERT INTO interacts VALUES(978322410965, 1, 'Xmithie', 1410, 635157, 1);
INSERT INTO interacts VALUES(978322410965, 1, 'Xmithie', 2043, 636220, 1);
INSERT INTO interacts VALUES(978322410965, 1, 'Huhi', 2010, 714944, 1);
INSERT INTO interacts VALUES(978322410965, 1, 'Huhi', 2010, 715038, 1);
INSERT INTO interacts VALUES(978322410965, 1, 'Huhi', 3363, 717270, 1);
INSERT INTO interacts VALUES(978322410965, 1, 'Duke', 3751, 724024, 1);
INSERT INTO interacts VALUES(978322410965, 1, 'Duke', 3363, 726492, 1);
INSERT INTO interacts VALUES(978322410965, 1, 'aphromoo', 1001, 727525, 1);
INSERT INTO interacts VALUES(978322410965, 1, 'aphromoo', 2043, 728899, 1);
INSERT INTO interacts VALUES(978322410965, 1, 'Stixxay', 3133, 728953, 1);
INSERT INTO interacts VALUES(978322410965, 1, 'aphromoo', 2010, 729261, 1);
INSERT INTO interacts VALUES(978322410965, 1, 'aphromoo', 2010, 729520, 1);
INSERT INTO interacts VALUES(978322410965, 1, 'Stixxay', 1018, 730073, 1);
INSERT INTO interacts VALUES(978322410965, 1, 'Darshan', 3751, 752438, 1);
INSERT INTO interacts VALUES(978322410965, 1, 'Darshan', 2043, 754322, 1);
INSERT INTO interacts VALUES(978322410965, 1, 'Xmithie', 3158, 755333, 1);
INSERT INTO interacts VALUES(978322410965, 1, 'Bang', 1037, 756865, 1);
INSERT INTO interacts VALUES(978322410965, 1, 'Faker', 3165, 764718, 1);
INSERT INTO interacts VALUES(978322410965, 1, 'Faker', 2043, 765790, 1);
INSERT INTO interacts VALUES(978322410965, 1, 'Faker', 3364, 766342, 1);
INSERT INTO interacts VALUES(978322410965, 1, 'Bang', 3004, 773800, 1);
INSERT INTO interacts VALUES(978322410965, 1, 'Blank', 1001, 815783, 1);
INSERT INTO interacts VALUES(978322410965, 1, 'Blank', 1033, 817085, 1);
INSERT INTO interacts VALUES(978322410965, 1, 'Blank', 1036, 818286, 1);
INSERT INTO interacts VALUES(978322410965, 1, 'Blank', 3364, 820300, 1);
INSERT INTO interacts VALUES(978322410965, 1, 'Blank', 2043, 820659, 1);
INSERT INTO interacts VALUES(978322410965, 1, 'Wolf', 3009, 828010, 1);
INSERT INTO interacts VALUES(978322410965, 1, 'Wolf', 3097, 829309, 1);
INSERT INTO interacts VALUES(978322410965, 1, 'Stixxay', 3508, 830128, 1);
INSERT INTO interacts VALUES(978322410965, 1, 'Stixxay', 1001, 830775, 1);
INSERT INTO interacts VALUES(978322410965, 1, 'Stixxay', 1042, 831376, 1);
INSERT INTO interacts VALUES(978322410965, 1, 'Stixxay', 2043, 832424, 1);
INSERT INTO interacts VALUES(978322410965, 1, 'aphromoo', 3158, 874506, 1);
INSERT INTO interacts VALUES(978322410965, 1, 'aphromoo', 2043, 875844, 1);
INSERT INTO interacts VALUES(978322410965, 1, 'aphromoo', 2010, 876138, 1);
INSERT INTO interacts VALUES(978322410965, 1, 'Huhi', 3001, 933884, 1);
INSERT INTO interacts VALUES(978322410965, 1, 'Huhi', 1042, 935703, 1);
INSERT INTO interacts VALUES(978322410965, 1, 'Huhi', 1042, 935833, 1);
INSERT INTO interacts VALUES(978322410965, 1, 'Xmithie', 1011, 938213, 1);
INSERT INTO interacts VALUES(978322410965, 1, 'Xmithie', 2043, 939418, 1);
INSERT INTO interacts VALUES(978322410965, 1, 'Xmithie', 3364, 942351, 1);
INSERT INTO interacts VALUES(978322410965, 1, 'Bang', 3158, 956407, 1);
INSERT INTO interacts VALUES(978322410965, 1, 'Wolf', 2043, 956732, 1);
INSERT INTO interacts VALUES(978322410965, 1, 'Wolf', 2043, 956892, 1);
INSERT INTO interacts VALUES(978322410965, 1, 'Wolf', 2031, 957117, 1);
INSERT INTO interacts VALUES(978322410965, 1, 'Bang', 3363, 957294, 1);
INSERT INTO interacts VALUES(978322410965, 1, 'Bang', 1029, 959659, 1);
INSERT INTO interacts VALUES(978322410965, 1, 'Blank', 3155, 977008, 1);
INSERT INTO interacts VALUES(978322410965, 1, 'Blank', 1042, 980794, 1);
INSERT INTO interacts VALUES(978322410965, 1, 'Darshan', 3068, 981151, 1);
INSERT INTO interacts VALUES(978322410965, 1, 'Blank', 2043, 981899, 1);
INSERT INTO interacts VALUES(978322410965, 1, 'Darshan', 2043, 987483, 1);
INSERT INTO interacts VALUES(978322410965, 1, 'Faker', 3020, 991587, 1);
INSERT INTO interacts VALUES(978322410965, 1, 'Faker', 1026, 993475, 1);
INSERT INTO interacts VALUES(978322410965, 1, 'Duke', 3025, 1001654, 1);
INSERT INTO interacts VALUES(978322410965, 1, 'Stixxay', 3086, 1001999, 1);
INSERT INTO interacts VALUES(978322410965, 1, 'Stixxay', 2043, 1003338, 1);
INSERT INTO interacts VALUES(978322410965, 1, 'Stixxay', 3363, 1003950, 1);
INSERT INTO interacts VALUES(978322410965, 1, 'aphromoo', 3801, 1004893, 1);
INSERT INTO interacts VALUES(978322410965, 1, 'Huhi', 3101, 1009607, 1);
INSERT INTO interacts VALUES(978322410965, 1, 'Huhi', 2010, 1010850, 1);
INSERT INTO interacts VALUES(978322410965, 1, 'Huhi', 2010, 1010962, 1);
INSERT INTO interacts VALUES(978322410965, 1, 'Wolf', 2303, 1089943, 1);
INSERT INTO interacts VALUES(978322410965, 1, 'Wolf', 3364, 1090822, 1);
INSERT INTO interacts VALUES(978322410965, 1, 'Wolf', 3801, 1091768, 1);
INSERT INTO interacts VALUES(978322410965, 1, 'Bang', 3025, 1098667, 1);
INSERT INTO interacts VALUES(978322410965, 1, 'Bang', 2010, 1099445, 1);
INSERT INTO interacts VALUES(978322410965, 1, 'Xmithie', 1058, 1104063, 1);
INSERT INTO interacts VALUES(978322410965, 1, 'Xmithie', 2043, 1105340, 1);
INSERT INTO interacts VALUES(978322410965, 1, 'Xmithie', 2032, 1106644, 1);
INSERT INTO interacts VALUES(978322410965, 1, 'Duke', 3009, 1118866, 1);
INSERT INTO interacts VALUES(978322410965, 1, 'Stixxay', 3087, 1132458, 1);
INSERT INTO interacts VALUES(978322410965, 1, 'aphromoo', 3105, 1137147, 1);
INSERT INTO interacts VALUES(978322410965, 1, 'aphromoo', 3364, 1138869, 1);
INSERT INTO interacts VALUES(978322410965, 1, 'aphromoo', 2043, 1140485, 1);
INSERT INTO interacts VALUES(978322410965, 1, 'Blank', 3086, 1153795, 1);
INSERT INTO interacts VALUES(978322410965, 1, 'Blank', 1042, 1155724, 1);
INSERT INTO interacts VALUES(978322410965, 1, 'Faker', 3001, 1178403, 1);
INSERT INTO interacts VALUES(978322410965, 1, 'Huhi', 3115, 1213404, 1);
INSERT INTO interacts VALUES(978322410965, 1, 'Wolf', 1033, 1218934, 1);
INSERT INTO interacts VALUES(978322410965, 1, 'Wolf', 2043, 1220781, 1);
INSERT INTO interacts VALUES(978322410965, 1, 'Huhi', 2010, 1223745, 1);
INSERT INTO interacts VALUES(978322410965, 1, 'Huhi', 2010, 1223842, 1);
INSERT INTO interacts VALUES(978322410965, 1, 'Faker', 1313, 1259339, 1);
INSERT INTO interacts VALUES(978322410965, 1, 'Darshan', 3009, 1291326, 1);
INSERT INTO interacts VALUES(978322410965, 1, 'Bang', 3144, 1292010, 1);
INSERT INTO interacts VALUES(978322410965, 1, 'Darshan', 3067, 1292973, 1);
INSERT INTO interacts VALUES(978322410965, 1, 'Stixxay', 3155, 1295896, 1);
INSERT INTO interacts VALUES(978322410965, 1, 'Stixxay', 2010, 1297041, 1);
INSERT INTO interacts VALUES(978322410965, 1, 'aphromoo', 3067, 1298460, 1);
INSERT INTO interacts VALUES(978322410965, 1, 'Xmithie', 3116, 1304549, 1);
INSERT INTO interacts VALUES(978322410965, 1, 'Xmithie', 1057, 1307086, 1);
INSERT INTO interacts VALUES(978322410965, 1, 'Xmithie', 2043, 1307898, 1);
INSERT INTO interacts VALUES(978322410965, 1, 'Huhi', 2010, 1319218, 0);
INSERT INTO interacts VALUES(978322410965, 1, 'Huhi', 2010, 1319319, 0);
INSERT INTO interacts VALUES(978322410965, 1, 'Huhi', 1028, 1320478, 1);
INSERT INTO interacts VALUES(978322410965, 1, 'Wolf', 3105, 1392143, 1);
INSERT INTO interacts VALUES(978322410965, 1, 'Wolf', 1028, 1392460, 1);
INSERT INTO interacts VALUES(978322410965, 1, 'Blank', 3085, 1413830, 1);
INSERT INTO interacts VALUES(978322410965, 1, 'Blank', 2043, 1415391, 1);
INSERT INTO interacts VALUES(978322410965, 1, 'Duke', 3068, 1476099, 1);
INSERT INTO interacts VALUES(978322410965, 1, 'Duke', 1056, 1477386, 0);
INSERT INTO interacts VALUES(978322410965, 1, 'Duke', 3211, 1478742, 1);
INSERT INTO interacts VALUES(978322410965, 1, 'Darshan', 3065, 1510198, 1);
INSERT INTO interacts VALUES(978322410965, 1, 'Darshan', 1308, 1511386, 1);
INSERT INTO interacts VALUES(978322410965, 1, 'Xmithie', 1026, 1511451, 1);
INSERT INTO interacts VALUES(978322410965, 1, 'Darshan', 2043, 1511680, 1);
INSERT INTO interacts VALUES(978322410965, 1, 'aphromoo', 3190, 1511808, 1);
INSERT INTO interacts VALUES(978322410965, 1, 'aphromoo', 2043, 1512495, 1);
INSERT INTO interacts VALUES(978322410965, 1, 'aphromoo', 2043, 1512695, 1);
INSERT INTO interacts VALUES(978322410965, 1, 'Huhi', 1011, 1513081, 1);
INSERT INTO interacts VALUES(978322410965, 1, 'aphromoo', 3098, 1513666, 1);
INSERT INTO interacts VALUES(978322410965, 1, 'Wolf', 3190, 1521721, 1);
INSERT INTO interacts VALUES(978322410965, 1, 'Wolf', 2043, 1522337, 1);
INSERT INTO interacts VALUES(978322410965, 1, 'Wolf', 2043, 1522464, 1);
INSERT INTO interacts VALUES(978322410965, 1, 'Bang', 3153, 1528275, 1);
INSERT INTO interacts VALUES(978322410965, 1, 'Bang', 2010, 1530739, 1);
INSERT INTO interacts VALUES(978322410965, 1, 'Blank', 2032, 1531173, 0);
INSERT INTO interacts VALUES(978322410965, 1, 'Blank', 3134, 1533155, 1);
INSERT INTO interacts VALUES(978322410965, 1, 'Blank', 2043, 1534270, 1);
INSERT INTO interacts VALUES(978322410965, 1, 'Stixxay', 3134, 1535979, 1);
INSERT INTO interacts VALUES(978322410965, 1, 'Faker', 2031, 1595304, 0);
INSERT INTO interacts VALUES(978322410965, 1, 'Faker', 3135, 1595835, 1);
INSERT INTO interacts VALUES(978322410965, 1, 'Huhi', 1056, 1655335, 0);
INSERT INTO interacts VALUES(978322410965, 1, 'Huhi', 1058, 1656839, 1);
INSERT INTO interacts VALUES(978322410965, 1, 'Stixxay', 3156, 1686036, 1);
INSERT INTO interacts VALUES(978322410965, 1, 'Stixxay', 3006, 1687349, 1);
INSERT INTO interacts VALUES(978322410965, 1, 'Xmithie', 3001, 1689005, 1);
INSERT INTO interacts VALUES(978322410965, 1, 'Xmithie', 2043, 1689790, 1);
INSERT INTO interacts VALUES(978322410965, 1, 'Wolf', 3082, 1689919, 1);
INSERT INTO interacts VALUES(978322410965, 1, 'Xmithie', 2043, 1689919, 1);
INSERT INTO interacts VALUES(978322410965, 1, 'Darshan', 3211, 1691784, 1);
INSERT INTO interacts VALUES(978322410965, 1, 'aphromoo', 2301, 1694203, 1);
INSERT INTO interacts VALUES(978322410965, 1, 'Blank', 3156, 1696926, 1);
INSERT INTO interacts VALUES(978322410965, 1, 'Darshan', 1028, 1697258, 1);
INSERT INTO interacts VALUES(978322410965, 1, 'Blank', 2043, 1698203, 1);
INSERT INTO interacts VALUES(978322410965, 1, 'aphromoo', 1029, 1698764, 1);
INSERT INTO interacts VALUES(978322410965, 1, 'aphromoo', 2043, 1699973, 1);
INSERT INTO interacts VALUES(978322410965, 1, 'aphromoo', 2010, 1700284, 1);
INSERT INTO interacts VALUES(978322410965, 1, 'aphromoo', 2010, 1700432, 1);
INSERT INTO interacts VALUES(978322410965, 1, 'Duke', 1308, 1711561, 1);
INSERT INTO interacts VALUES(978322410965, 1, 'Bang', 3035, 1717207, 1);
INSERT INTO interacts VALUES(978322410965, 1, 'Faker', 1056, 1730886, 0);
INSERT INTO interacts VALUES(978322410965, 1, 'Faker', 1058, 1731325, 1);
INSERT INTO interacts VALUES(978322410965, 1, 'aphromoo', 2010, 1785287, 1);
INSERT INTO interacts VALUES(978322410965, 1, 'aphromoo', 2043, 1785888, 1);
INSERT INTO interacts VALUES(978322410965, 1, 'Huhi', 3116, 1816416, 1);
INSERT INTO interacts VALUES(978322410965, 1, 'Stixxay', 1038, 1817001, 1);
INSERT INTO interacts VALUES(978322410965, 1, 'Duke', 3065, 1817133, 1);
INSERT INTO interacts VALUES(978322410965, 1, 'Xmithie', 2139, 1820094, 1);
INSERT INTO interacts VALUES(978322410965, 1, 'Huhi', 2010, 1837866, 1);
INSERT INTO interacts VALUES(978322410965, 1, 'Huhi', 2010, 1837999, 1);
INSERT INTO interacts VALUES(978322410965, 1, 'Wolf', 2031, 1843182, 0);
INSERT INTO interacts VALUES(978322410965, 1, 'Wolf', 3024, 1844208, 1);
INSERT INTO interacts VALUES(978322410965, 1, 'Blank', 3035, 1847592, 1);
INSERT INTO interacts VALUES(978322410965, 1, 'Blank', 2043, 1849127, 1);
INSERT INTO interacts VALUES(978322410965, 1, 'Bang', 3033, 1854492, 1);
INSERT INTO interacts VALUES(978322410965, 1, 'Faker', 2139, 1860230, 1);
INSERT INTO interacts VALUES(978322410965, 1, 'Darshan', 2033, 1914250, 0);
INSERT INTO interacts VALUES(978322410965, 1, 'Darshan', 3102, 1915475, 1);
INSERT INTO interacts VALUES(978322410965, 1, 'Bang', 2140, 1922257, 1);
INSERT INTO interacts VALUES(978322410965, 1, 'aphromoo', 3024, 1932030, 1);
INSERT INTO interacts VALUES(978322410965, 1, 'aphromoo', 2010, 1934031, 1);
INSERT INTO interacts VALUES(978322410965, 1, 'Duke', 3340, 1935693, 1);
INSERT INTO interacts VALUES(978322410965, 1, 'Blank', 3158, 1937864, 1);
INSERT INTO interacts VALUES(978322410965, 1, 'Darshan', 2043, 1942297, 1);
INSERT INTO interacts VALUES(978322410965, 1, 'Huhi', 2139, 1943037, 1);
INSERT INTO interacts VALUES(978322410965, 1, 'Stixxay', 1055, 1967943, 0);
INSERT INTO interacts VALUES(978322410965, 1, 'Stixxay', 1037, 1969220, 1);
INSERT INTO interacts VALUES(978322410965, 1, 'Stixxay', 2140, 1972618, 1);
INSERT INTO interacts VALUES(978322410965, 1, 'Darshan', 2043, 2027802, 1);
INSERT INTO interacts VALUES(978322410965, 1, 'Darshan', 1029, 2028855, 1);
INSERT INTO interacts VALUES(978322410965, 1, 'Huhi', 2010, 2033138, 1);
INSERT INTO interacts VALUES(978322410965, 1, 'Huhi', 2010, 2033263, 1);
INSERT INTO interacts VALUES(978322410965, 1, 'Darshan', 1031, 2090856, 1);
INSERT INTO interacts VALUES(978322410965, 1, 'Blank', 3123, 2099726, 1);
INSERT INTO interacts VALUES(978322410965, 1, 'Faker', 3089, 2099892, 1);
INSERT INTO interacts VALUES(978322410965, 1, 'Duke', 2033, 2105056, 0);
INSERT INTO interacts VALUES(978322410965, 1, 'Blank', 1036, 2105152, 1);
INSERT INTO interacts VALUES(978322410965, 1, 'Duke', 1011, 2106302, 1);
INSERT INTO interacts VALUES(978322410965, 1, 'Wolf', 3110, 2108535, 1);
INSERT INTO interacts VALUES(978322410965, 1, 'Bang', 2140, 2108577, 1);
INSERT INTO interacts VALUES(978322410965, 1, 'Wolf', 2043, 2109320, 1);
INSERT INTO interacts VALUES(978322410965, 1, 'Wolf', 2043, 2109432, 1);
INSERT INTO interacts VALUES(978322410965, 1, 'Stixxay', 3031, 2156643, 1);
INSERT INTO interacts VALUES(978322410965, 1, 'aphromoo', 3050, 2161496, 1);
INSERT INTO interacts VALUES(978322410965, 1, 'Xmithie', 2032, 2161650, 0);
INSERT INTO interacts VALUES(978322410965, 1, 'Huhi', 3020, 2162943, 1);
INSERT INTO interacts VALUES(978322410965, 1, 'aphromoo', 2043, 2163399, 1);
INSERT INTO interacts VALUES(978322410965, 1, 'aphromoo', 2043, 2163531, 1);
INSERT INTO interacts VALUES(978322410965, 1, 'aphromoo', 2010, 2163789, 1);
INSERT INTO interacts VALUES(978322410965, 1, 'aphromoo', 2010, 2163924, 1);
INSERT INTO interacts VALUES(978322410965, 1, 'Xmithie', 1058, 2164174, 1);
INSERT INTO interacts VALUES(978322410965, 1, 'Huhi', 3191, 2164221, 1);
INSERT INTO interacts VALUES(978322410965, 1, 'Stixxay', 1053, 2192233, 1);
INSERT INTO interacts VALUES(978322410965, 1, 'Blank', 3036, 2215510, 1);
INSERT INTO interacts VALUES(978322410965, 1, 'Blank', 2043, 2216099, 1);
INSERT INTO interacts VALUES(978322410965, 1, 'Wolf', 1033, 2216791, 1);
INSERT INTO interacts VALUES(978322410965, 1, 'Blank', 2043, 2217311, 1);
INSERT INTO interacts VALUES(978322410965, 1, 'Bang', 1055, 2218443, 0);
INSERT INTO interacts VALUES(978322410965, 1, 'Bang', 3140, 2219797, 1);
INSERT INTO interacts VALUES(978322410965, 1, 'Faker', 2139, 2220394, 1);
INSERT INTO interacts VALUES(978322410965, 1, 'aphromoo', 2010, 2221349, 1);
INSERT INTO interacts VALUES(978322410965, 1, 'Xmithie', 2139, 2221613, 1);
INSERT INTO interacts VALUES(978322410965, 1, 'Duke', 2139, 2265773, 1);
INSERT INTO interacts VALUES(978322410965, 1, 'Wolf', 3211, 2327596, 1);
INSERT INTO interacts VALUES(978322410965, 1, 'Wolf', 2043, 2330220, 1);
INSERT INTO interacts VALUES(978322410965, 1, 'aphromoo', 2010, 2332841, 1);
INSERT INTO interacts VALUES(978322410965, 1, 'aphromoo', 1332, 2334376, 1);
INSERT INTO interacts VALUES(978322410965, 1, 'Darshan', 1057, 2334445, 1);
INSERT INTO interacts VALUES(978322410965, 1, 'Xmithie', 3191, 2334481, 1);
INSERT INTO interacts VALUES(978322410965, 1, 'Stixxay', 2140, 2335837, 1);
INSERT INTO interacts VALUES(978322410965, 1, 'Huhi', 2139, 2374540, 1);
INSERT INTO interacts VALUES(978322410965, 1, 'aphromoo', 2043, 2407929, 1);
INSERT INTO interacts VALUES(978322410965, 1, 'aphromoo', 2043, 2408056, 1);
INSERT INTO interacts VALUES(978322410965, 1, 'Blank', 3052, 2411710, 1);
INSERT INTO interacts VALUES(978322410965, 1, 'Duke', 3143, 2412408, 1);
INSERT INTO interacts VALUES(978322410965, 1, 'Bang', 2140, 2414751, 1);
INSERT INTO interacts VALUES(978322410965, 1, 'Faker', 2139, 2426480, 1);
INSERT INTO interacts VALUES(978322410965, 1, 'Darshan', 3026, 2432143, 1);
INSERT INTO interacts VALUES(978322410965, 1, 'Xmithie', 3157, 2470751, 1);
INSERT INTO interacts VALUES(978322410965, 1, 'Xmithie', 2043, 2473876, 1);
INSERT INTO interacts VALUES(978322410965, 1, 'Stixxay', 3139, 2594818, 1);
INSERT INTO interacts VALUES(978322410965, 1, 'Wolf', 2138, 2604085, 1);
INSERT INTO interacts VALUES(978322410965, 1, 'Wolf', 1057, 2605984, 1);
INSERT INTO series VALUES(280897541899, 1);
INSERT INTO organizes VALUES('msi_2016', 280897541899, 'group_stage - SUP-vs-G2');
INSERT INTO competes VALUES(280897541899, 'SUP', 1);
INSERT INTO competes VALUES(280897541899, 'G2', 0);
INSERT INTO matches VALUES(280897541899, 1, '2016-05-06');
INSERT INTO scores VALUES('SUP', 280897541899, 1, 2, 8, 0, 1, 4, 0);
INSERT INTO scores VALUES('G2', 280897541899, 1, 3, 9, 2, 1, 2, 1);
INSERT INTO bans VALUES(280897541899, 1, 201, 1);
INSERT INTO bans VALUES(280897541899, 1, 238, 3);
INSERT INTO bans VALUES(280897541899, 1, 76, 5);
INSERT INTO bans VALUES(280897541899, 1, 57, 2);
INSERT INTO bans VALUES(280897541899, 1, 7, 4);
INSERT INTO bans VALUES(280897541899, 1, 236, 6);
INSERT INTO plays VALUES(280897541899, 1, 'Thaldrin', 245, 'Top', 4, 4, 5, 16900, 16, 7, 313, 6, 3, 16339);
INSERT INTO plays VALUES(280897541899, 1, 'Stomaged', 203, 'Jungle', 5, 7, 5, 22592, 44, 12, 44, 80, 17, 14021);
INSERT INTO plays VALUES(280897541899, 1, 'Naru', 4, 'Mid', 3, 5, 5, 20150, 19, 5, 272, 14, 4, 15992);
INSERT INTO plays VALUES(280897541899, 1, 'Achuu', 81, 'ADC', 3, 3, 8, 37047, 16, 7, 295, 26, 3, 16007);
INSERT INTO plays VALUES(280897541899, 1, 'Dumbledoge', 25, 'Support', 0, 4, 9, 5771, 56, 15, 16, 0, 0, 10102);
INSERT INTO plays VALUES(280897541899, 1, 'Kikis', 78, 'Top', 7, 2, 10, 13269, 23, 5, 245, 4, 0, 15418);
INSERT INTO plays VALUES(280897541899, 1, 'Trick', 104, 'Jungle', 8, 5, 9, 22450, 30, 17, 70, 106, 30, 16512);
INSERT INTO plays VALUES(280897541899, 1, 'Perkz', 268, 'Mid', 3, 1, 9, 27608, 20, 13, 324, 29, 8, 16392);
INSERT INTO plays VALUES(280897541899, 1, 'Emperor', 429, 'ADC', 5, 6, 13, 15941, 13, 9, 240, 12, 5, 15487);
INSERT INTO plays VALUES(280897541899, 1, 'Hybrid', 432, 'Support', 0, 3, 20, 8967, 49, 16, 16, 0, 1, 11372);
INSERT INTO interacts VALUES(280897541899, 1, 'Emperor', 1055, 1537, 1);
INSERT INTO interacts VALUES(280897541899, 1, 'Perkz', 1056, 1601, 1);
INSERT INTO interacts VALUES(280897541899, 1, 'Emperor', 2010, 1763, 1);
INSERT INTO interacts VALUES(280897541899, 1, 'Perkz', 2010, 1844, 1);
INSERT INTO interacts VALUES(280897541899, 1, 'Naru', 1056, 1844, 1);
INSERT INTO interacts VALUES(280897541899, 1, 'Hybrid', 3303, 1863, 1);
INSERT INTO interacts VALUES(280897541899, 1, 'Perkz', 2010, 1963, 1);
INSERT INTO interacts VALUES(280897541899, 1, 'Kikis', 2033, 2028, 1);
INSERT INTO interacts VALUES(280897541899, 1, 'Achuu', 1055, 2063, 1);
INSERT INTO interacts VALUES(280897541899, 1, 'Naru', 2010, 2063, 1);
INSERT INTO interacts VALUES(280897541899, 1, 'Hybrid', 2010, 2112, 1);
INSERT INTO interacts VALUES(280897541899, 1, 'Perkz', 3340, 2222, 1);
INSERT INTO interacts VALUES(280897541899, 1, 'Hybrid', 2010, 2255, 1);
INSERT INTO interacts VALUES(280897541899, 1, 'Naru', 2010, 2255, 1);
INSERT INTO interacts VALUES(280897541899, 1, 'Kikis', 3340, 2255, 1);
INSERT INTO interacts VALUES(280897541899, 1, 'Achuu', 2010, 2320, 1);
INSERT INTO interacts VALUES(280897541899, 1, 'Hybrid', 2010, 2387, 1);
INSERT INTO interacts VALUES(280897541899, 1, 'Naru', 3340, 2516, 1);
INSERT INTO interacts VALUES(280897541899, 1, 'Hybrid', 3340, 2743, 1);
INSERT INTO interacts VALUES(280897541899, 1, 'Trick', 1039, 2776, 1);
INSERT INTO interacts VALUES(280897541899, 1, 'Dumbledoge', 2010, 2904, 1);
INSERT INTO interacts VALUES(280897541899, 1, 'Trick', 2031, 3005, 1);
INSERT INTO interacts VALUES(280897541899, 1, 'Achuu', 3340, 3069, 1);
INSERT INTO interacts VALUES(280897541899, 1, 'Trick', 3340, 3409, 1);
INSERT INTO interacts VALUES(280897541899, 1, 'Dumbledoge', 2010, 3425, 1);
INSERT INTO interacts VALUES(280897541899, 1, 'Dumbledoge', 2010, 3717, 1);
INSERT INTO interacts VALUES(280897541899, 1, 'Emperor', 3340, 3752, 1);
INSERT INTO interacts VALUES(280897541899, 1, 'Dumbledoge', 3303, 4142, 1);
INSERT INTO interacts VALUES(280897541899, 1, 'Thaldrin', 1056, 4142, 1);
INSERT INTO interacts VALUES(280897541899, 1, 'Dumbledoge', 3340, 4497, 1);
INSERT INTO interacts VALUES(280897541899, 1, 'Stomaged', 1039, 6675, 1);
INSERT INTO interacts VALUES(280897541899, 1, 'Thaldrin', 2033, 6999, 1);
INSERT INTO interacts VALUES(280897541899, 1, 'Thaldrin', 3340, 7693, 1);
INSERT INTO interacts VALUES(280897541899, 1, 'Stomaged', 2031, 9134, 1);
INSERT INTO interacts VALUES(280897541899, 1, 'Stomaged', 3340, 9596, 1);
INSERT INTO interacts VALUES(280897541899, 1, 'Stomaged', 1041, 208486, 1);
INSERT INTO interacts VALUES(280897541899, 1, 'Stomaged', 2043, 210260, 1);
INSERT INTO interacts VALUES(280897541899, 1, 'Dumbledoge', 2043, 217974, 1);
INSERT INTO interacts VALUES(280897541899, 1, 'Achuu', 1083, 219540, 1);
INSERT INTO interacts VALUES(280897541899, 1, 'Achuu', 2010, 220059, 1);
INSERT INTO interacts VALUES(280897541899, 1, 'Emperor', 1042, 221380, 1);
INSERT INTO interacts VALUES(280897541899, 1, 'Emperor', 1042, 221542, 1);
INSERT INTO interacts VALUES(280897541899, 1, 'Hybrid', 1028, 222425, 1);
INSERT INTO interacts VALUES(280897541899, 1, 'Emperor', 2043, 223642, 1);
INSERT INTO interacts VALUES(280897541899, 1, 'Dumbledoge', 2010, 225908, 0);
INSERT INTO interacts VALUES(280897541899, 1, 'Dumbledoge', 1028, 228916, 1);
INSERT INTO interacts VALUES(280897541899, 1, 'Thaldrin', 1082, 238720, 1);
INSERT INTO interacts VALUES(280897541899, 1, 'Thaldrin', 2043, 240467, 1);
INSERT INTO interacts VALUES(280897541899, 1, 'Kikis', 1001, 266958, 1);
INSERT INTO interacts VALUES(280897541899, 1, 'Kikis', 1028, 267278, 1);
INSERT INTO interacts VALUES(280897541899, 1, 'Naru', 3057, 297741, 1);
INSERT INTO interacts VALUES(280897541899, 1, 'Naru', 1001, 298008, 1);
INSERT INTO interacts VALUES(280897541899, 1, 'Naru', 2043, 301093, 1);
INSERT INTO interacts VALUES(280897541899, 1, 'Perkz', 3101, 331631, 1);
INSERT INTO interacts VALUES(280897541899, 1, 'Perkz', 2043, 333189, 1);
INSERT INTO interacts VALUES(280897541899, 1, 'Emperor', 1043, 348329, 1);
INSERT INTO interacts VALUES(280897541899, 1, 'Emperor', 1036, 350199, 1);
INSERT INTO interacts VALUES(280897541899, 1, 'Hybrid', 2049, 351075, 1);
INSERT INTO interacts VALUES(280897541899, 1, 'Hybrid', 3341, 351728, 1);
INSERT INTO interacts VALUES(280897541899, 1, 'Emperor', 2010, 351797, 1);
INSERT INTO interacts VALUES(280897541899, 1, 'Hybrid', 2043, 352250, 1);
INSERT INTO interacts VALUES(280897541899, 1, 'Trick', 3711, 353400, 1);
INSERT INTO interacts VALUES(280897541899, 1, 'Trick', 1036, 354482, 1);
INSERT INTO interacts VALUES(280897541899, 1, 'Trick', 1036, 354643, 1);
INSERT INTO interacts VALUES(280897541899, 1, 'Trick', 2043, 355036, 1);
INSERT INTO interacts VALUES(280897541899, 1, 'Achuu', 3070, 356341, 1);
INSERT INTO interacts VALUES(280897541899, 1, 'Stomaged', 1043, 363005, 1);
INSERT INTO interacts VALUES(280897541899, 1, 'Stomaged', 2043, 364834, 1);
INSERT INTO interacts VALUES(280897541899, 1, 'Thaldrin', 1028, 368971, 1);
INSERT INTO interacts VALUES(280897541899, 1, 'Thaldrin', 1001, 369346, 1);
INSERT INTO interacts VALUES(280897541899, 1, 'Dumbledoge', 2049, 370339, 1);
INSERT INTO interacts VALUES(280897541899, 1, 'Dumbledoge', 3341, 371316, 1);
INSERT INTO interacts VALUES(280897541899, 1, 'Dumbledoge', 2043, 372527, 1);
INSERT INTO interacts VALUES(280897541899, 1, 'Kikis', 3751, 378572, 1);
INSERT INTO interacts VALUES(280897541899, 1, 'Kikis', 2043, 381385, 1);
INSERT INTO interacts VALUES(280897541899, 1, 'Emperor', 3009, 484800, 1);
INSERT INTO interacts VALUES(280897541899, 1, 'Hybrid', 2043, 496408, 1);
INSERT INTO interacts VALUES(280897541899, 1, 'Hybrid', 1001, 496984, 1);
INSERT INTO interacts VALUES(280897541899, 1, 'Thaldrin', 3751, 499778, 1);
INSERT INTO interacts VALUES(280897541899, 1, 'Thaldrin', 1029, 500671, 1);
INSERT INTO interacts VALUES(280897541899, 1, 'Dumbledoge', 1001, 527504, 1);
INSERT INTO interacts VALUES(280897541899, 1, 'Stomaged', 1411, 535360, 1);
INSERT INTO interacts VALUES(280897541899, 1, 'Stomaged', 2043, 536039, 1);
INSERT INTO interacts VALUES(280897541899, 1, 'Naru', 3158, 571785, 1);
INSERT INTO interacts VALUES(280897541899, 1, 'Naru', 1058, 573451, 1);
INSERT INTO interacts VALUES(280897541899, 1, 'Trick', 1408, 579355, 1);
INSERT INTO interacts VALUES(280897541899, 1, 'Trick', 1001, 580563, 1);
INSERT INTO interacts VALUES(280897541899, 1, 'Trick', 2043, 580825, 1);
INSERT INTO interacts VALUES(280897541899, 1, 'Kikis', 3068, 596323, 1);
INSERT INTO interacts VALUES(280897541899, 1, 'Emperor', 1053, 597315, 1);
INSERT INTO interacts VALUES(280897541899, 1, 'Hybrid', 2010, 597933, 1);
INSERT INTO interacts VALUES(280897541899, 1, 'Hybrid', 2010, 598032, 1);
INSERT INTO interacts VALUES(280897541899, 1, 'Hybrid', 3098, 598550, 1);
INSERT INTO interacts VALUES(280897541899, 1, 'Kikis', 2043, 599106, 1);
INSERT INTO interacts VALUES(280897541899, 1, 'Perkz', 3115, 610371, 1);
INSERT INTO interacts VALUES(280897541899, 1, 'Perkz', 2043, 611488, 1);
INSERT INTO interacts VALUES(280897541899, 1, 'Perkz', 2010, 611812, 1);
INSERT INTO interacts VALUES(280897541899, 1, 'Trick', 1036, 645698, 1);
INSERT INTO interacts VALUES(280897541899, 1, 'Achuu', 3004, 646413, 1);
INSERT INTO interacts VALUES(280897541899, 1, 'Achuu', 2010, 647619, 1);
INSERT INTO interacts VALUES(280897541899, 1, 'Achuu', 2043, 648015, 1);
INSERT INTO interacts VALUES(280897541899, 1, 'Dumbledoge', 3158, 663936, 1);
INSERT INTO interacts VALUES(280897541899, 1, 'Thaldrin', 3068, 669319, 1);
INSERT INTO interacts VALUES(280897541899, 1, 'Stomaged', 2043, 677025, 0);
INSERT INTO interacts VALUES(280897541899, 1, 'Stomaged', 3009, 679131, 1);
INSERT INTO interacts VALUES(280897541899, 1, 'Achuu', 1001, 741764, 1);
INSERT INTO interacts VALUES(280897541899, 1, 'Naru', 1026, 764019, 1);
INSERT INTO interacts VALUES(280897541899, 1, 'Naru', 2043, 766791, 1);
INSERT INTO interacts VALUES(280897541899, 1, 'Perkz', 3020, 770289, 1);
INSERT INTO interacts VALUES(280897541899, 1, 'Perkz', 2043, 773036, 1);
INSERT INTO interacts VALUES(280897541899, 1, 'Kikis', 3211, 773851, 1);
INSERT INTO interacts VALUES(280897541899, 1, 'Perkz', 3363, 774443, 1);
INSERT INTO interacts VALUES(280897541899, 1, 'Kikis', 2043, 777090, 1);
INSERT INTO interacts VALUES(280897541899, 1, 'Emperor', 3144, 777829, 1);
INSERT INTO interacts VALUES(280897541899, 1, 'Emperor', 1042, 778908, 1);
INSERT INTO interacts VALUES(280897541899, 1, 'Emperor', 2010, 779496, 1);
INSERT INTO interacts VALUES(280897541899, 1, 'Hybrid', 1028, 785682, 1);
INSERT INTO interacts VALUES(280897541899, 1, 'Hybrid', 1033, 786071, 1);
INSERT INTO interacts VALUES(280897541899, 1, 'Trick', 3155, 811191, 1);
INSERT INTO interacts VALUES(280897541899, 1, 'Trick', 1036, 811628, 1);
INSERT INTO interacts VALUES(280897541899, 1, 'Trick', 3364, 812338, 1);
INSERT INTO interacts VALUES(280897541899, 1, 'Thaldrin', 3111, 821162, 1);
INSERT INTO interacts VALUES(280897541899, 1, 'Thaldrin', 2043, 822248, 1);
INSERT INTO interacts VALUES(280897541899, 1, 'Thaldrin', 3363, 822686, 1);
INSERT INTO interacts VALUES(280897541899, 1, 'Naru', 1033, 861458, 1);
INSERT INTO interacts VALUES(280897541899, 1, 'Stomaged', 1028, 864233, 1);
INSERT INTO interacts VALUES(280897541899, 1, 'Stomaged', 1036, 865209, 1);
INSERT INTO interacts VALUES(280897541899, 1, 'Hybrid', 3105, 896941, 1);
INSERT INTO interacts VALUES(280897541899, 1, 'Hybrid', 2043, 898957, 1);
INSERT INTO interacts VALUES(280897541899, 1, 'Achuu', 3057, 902678, 1);
INSERT INTO interacts VALUES(280897541899, 1, 'Achuu', 3158, 903168, 1);
INSERT INTO interacts VALUES(280897541899, 1, 'Kikis', 3111, 903716, 1);
INSERT INTO interacts VALUES(280897541899, 1, 'Achuu', 3363, 904243, 1);
INSERT INTO interacts VALUES(280897541899, 1, 'Hybrid', 2010, 904505, 1);
INSERT INTO interacts VALUES(280897541899, 1, 'Dumbledoge', 1033, 904856, 1);
INSERT INTO interacts VALUES(280897541899, 1, 'Dumbledoge', 1028, 905217, 1);
INSERT INTO interacts VALUES(280897541899, 1, 'Kikis', 1029, 906062, 1);
INSERT INTO interacts VALUES(280897541899, 1, 'Dumbledoge', 2043, 906393, 1);
INSERT INTO interacts VALUES(280897541899, 1, 'Emperor', 3153, 928483, 1);
INSERT INTO interacts VALUES(280897541899, 1, 'Emperor', 3363, 929462, 1);
INSERT INTO interacts VALUES(280897541899, 1, 'Emperor', 2043, 929950, 1);
INSERT INTO interacts VALUES(280897541899, 1, 'Trick', 3134, 959079, 1);
INSERT INTO interacts VALUES(280897541899, 1, 'Perkz', 1058, 962259, 1);
INSERT INTO interacts VALUES(280897541899, 1, 'Perkz', 2043, 963040, 1);
INSERT INTO interacts VALUES(280897541899, 1, 'Perkz', 2010, 965942, 1);
INSERT INTO interacts VALUES(280897541899, 1, 'Emperor', 1042, 1019593, 1);
INSERT INTO interacts VALUES(280897541899, 1, 'Thaldrin', 3211, 1033885, 1);
INSERT INTO interacts VALUES(280897541899, 1, 'Hybrid', 3158, 1044172, 1);
INSERT INTO interacts VALUES(280897541899, 1, 'Kikis', 3024, 1044963, 1);
INSERT INTO interacts VALUES(280897541899, 1, 'Hybrid', 3364, 1045225, 1);
INSERT INTO interacts VALUES(280897541899, 1, 'Trick', 3156, 1046238, 1);
INSERT INTO interacts VALUES(280897541899, 1, 'Kikis', 2033, 1047214, 0);
INSERT INTO interacts VALUES(280897541899, 1, 'Kikis', 3067, 1048777, 1);
INSERT INTO interacts VALUES(280897541899, 1, 'Naru', 3001, 1057083, 1);
INSERT INTO interacts VALUES(280897541899, 1, 'Achuu', 1083, 1057244, 0);
INSERT INTO interacts VALUES(280897541899, 1, 'Achuu', 3025, 1057961, 1);
INSERT INTO interacts VALUES(280897541899, 1, 'Naru', 1052, 1058386, 1);
INSERT INTO interacts VALUES(280897541899, 1, 'Dumbledoge', 3105, 1060157, 1);
INSERT INTO interacts VALUES(280897541899, 1, 'Naru', 3363, 1060383, 1);
INSERT INTO interacts VALUES(280897541899, 1, 'Perkz', 1028, 1061262, 1);
INSERT INTO interacts VALUES(280897541899, 1, 'Dumbledoge', 2043, 1061621, 1);
INSERT INTO interacts VALUES(280897541899, 1, 'Dumbledoge', 2010, 1062178, 1);
INSERT INTO interacts VALUES(280897541899, 1, 'Dumbledoge', 2010, 1062446, 1);
INSERT INTO interacts VALUES(280897541899, 1, 'Perkz', 2010, 1062642, 1);
INSERT INTO interacts VALUES(280897541899, 1, 'Stomaged', 3052, 1073303, 1);
INSERT INTO interacts VALUES(280897541899, 1, 'Stomaged', 3086, 1075496, 1);
INSERT INTO interacts VALUES(280897541899, 1, 'Stomaged', 1042, 1076798, 1);
INSERT INTO interacts VALUES(280897541899, 1, 'Stomaged', 3364, 1078623, 1);
INSERT INTO interacts VALUES(280897541899, 1, 'Emperor', 2010, 1130054, 0);
INSERT INTO interacts VALUES(280897541899, 1, 'Hybrid', 1028, 1133162, 1);
INSERT INTO interacts VALUES(280897541899, 1, 'Trick', 3009, 1135749, 1);
INSERT INTO interacts VALUES(280897541899, 1, 'Stomaged', 2031, 1139265, 0);
INSERT INTO interacts VALUES(280897541899, 1, 'Perkz', 2010, 1145156, 1);
INSERT INTO interacts VALUES(280897541899, 1, 'Emperor', 3140, 1154943, 1);
INSERT INTO interacts VALUES(280897541899, 1, 'Kikis', 3065, 1160644, 1);
INSERT INTO interacts VALUES(280897541899, 1, 'Stomaged', 3046, 1167704, 1);
INSERT INTO interacts VALUES(280897541899, 1, 'Thaldrin', 3057, 1179999, 1);
INSERT INTO interacts VALUES(280897541899, 1, 'Dumbledoge', 3067, 1183699, 1);
INSERT INTO interacts VALUES(280897541899, 1, 'Achuu', 1053, 1184691, 1);
INSERT INTO interacts VALUES(280897541899, 1, 'Achuu', 1036, 1185407, 1);
INSERT INTO interacts VALUES(280897541899, 1, 'Dumbledoge', 2043, 1192231, 1);
INSERT INTO interacts VALUES(280897541899, 1, 'Emperor', 1043, 1265327, 1);
INSERT INTO interacts VALUES(280897541899, 1, 'Emperor', 1042, 1267134, 1);
INSERT INTO interacts VALUES(280897541899, 1, 'Naru', 3100, 1275949, 1);
INSERT INTO interacts VALUES(280897541899, 1, 'Dumbledoge', 3190, 1284380, 1);
INSERT INTO interacts VALUES(280897541899, 1, 'Hybrid', 3190, 1286900, 1);
INSERT INTO interacts VALUES(280897541899, 1, 'Kikis', 1027, 1297049, 1);
INSERT INTO interacts VALUES(280897541899, 1, 'Kikis', 2043, 1297570, 1);
INSERT INTO interacts VALUES(280897541899, 1, 'Stomaged', 1036, 1302157, 1);
INSERT INTO interacts VALUES(280897541899, 1, 'Stomaged', 2043, 1303534, 1);
INSERT INTO interacts VALUES(280897541899, 1, 'Stomaged', 2043, 1303828, 1);
INSERT INTO interacts VALUES(280897541899, 1, 'Trick', 3086, 1321954, 1);
INSERT INTO interacts VALUES(280897541899, 1, 'Perkz', 3116, 1327703, 1);
INSERT INTO interacts VALUES(280897541899, 1, 'Stomaged', 3053, 1449037, 1);
INSERT INTO interacts VALUES(280897541899, 1, 'Perkz', 1026, 1449823, 1);
INSERT INTO interacts VALUES(280897541899, 1, 'Stomaged', 2043, 1449985, 1);
INSERT INTO interacts VALUES(280897541899, 1, 'Thaldrin', 3025, 1449985, 1);
INSERT INTO interacts VALUES(280897541899, 1, 'Dumbledoge', 3364, 1452817, 1);
INSERT INTO interacts VALUES(280897541899, 1, 'Dumbledoge', 2301, 1454679, 1);
INSERT INTO interacts VALUES(280897541899, 1, 'Naru', 3191, 1455659, 1);
INSERT INTO interacts VALUES(280897541899, 1, 'Naru', 1333, 1460378, 1);
INSERT INTO interacts VALUES(280897541899, 1, 'Achuu', 3144, 1479658, 1);
INSERT INTO interacts VALUES(280897541899, 1, 'Achuu', 3153, 1484356, 1);
INSERT INTO interacts VALUES(280897541899, 1, 'Hybrid', 2301, 1487851, 1);
INSERT INTO interacts VALUES(280897541899, 1, 'Emperor', 3085, 1488011, 1);
INSERT INTO interacts VALUES(280897541899, 1, 'Hybrid', 1033, 1489915, 1);
INSERT INTO interacts VALUES(280897541899, 1, 'Hybrid', 2043, 1490541, 1);
INSERT INTO interacts VALUES(280897541899, 1, 'Trick', 3046, 1506137, 1);
INSERT INTO interacts VALUES(280897541899, 1, 'Trick', 1036, 1508364, 1);
INSERT INTO interacts VALUES(280897541899, 1, 'Achuu', 2043, 1508662, 1);
INSERT INTO interacts VALUES(280897541899, 1, 'Emperor', 1036, 1509245, 1);
INSERT INTO interacts VALUES(280897541899, 1, 'Kikis', 3057, 1512024, 1);
INSERT INTO interacts VALUES(280897541899, 1, 'Thaldrin', 2033, 1512253, 0);
INSERT INTO interacts VALUES(280897541899, 1, 'Thaldrin', 3065, 1513302, 1);
INSERT INTO interacts VALUES(280897541899, 1, 'Trick', 2031, 1516179, 0);
INSERT INTO interacts VALUES(280897541899, 1, 'Trick', 1028, 1518487, 1);
INSERT INTO interacts VALUES(280897541899, 1, 'Trick', 2031, 1519922, 0);
INSERT INTO interacts VALUES(280897541899, 1, 'Trick', 2043, 1520626, 1);
INSERT INTO interacts VALUES(280897541899, 1, 'Perkz', 1052, 1533943, 1);
INSERT INTO interacts VALUES(280897541899, 1, 'Kikis', 3025, 1562666, 1);
INSERT INTO interacts VALUES(280897541899, 1, 'Kikis', 2043, 1563122, 1);
INSERT INTO interacts VALUES(280897541899, 1, 'Dumbledoge', 2043, 1567746, 1);
INSERT INTO interacts VALUES(280897541899, 1, 'Dumbledoge', 2010, 1568777, 1);
INSERT INTO interacts VALUES(280897541899, 1, 'Naru', 3157, 1576472, 1);
INSERT INTO interacts VALUES(280897541899, 1, 'Naru', 2043, 1577220, 1);
INSERT INTO interacts VALUES(280897541899, 1, 'Stomaged', 1306, 1583172, 1);
INSERT INTO interacts VALUES(280897541899, 1, 'Stomaged', 2043, 1584390, 1);
INSERT INTO interacts VALUES(280897541899, 1, 'Thaldrin', 1029, 1584581, 1);
INSERT INTO interacts VALUES(280897541899, 1, 'Stomaged', 2043, 1584646, 1);
INSERT INTO interacts VALUES(280897541899, 1, 'Stomaged', 1042, 1585658, 1);
INSERT INTO interacts VALUES(280897541899, 1, 'Trick', 3052, 1594060, 1);
INSERT INTO interacts VALUES(280897541899, 1, 'Achuu', 3035, 1678568, 1);
INSERT INTO interacts VALUES(280897541899, 1, 'Naru', 1026, 1686607, 1);
INSERT INTO interacts VALUES(280897541899, 1, 'Stomaged', 1042, 1696619, 0);
INSERT INTO interacts VALUES(280897541899, 1, 'Stomaged', 1033, 1698515, 1);
INSERT INTO interacts VALUES(280897541899, 1, 'Stomaged', 2043, 1699596, 1);
INSERT INTO interacts VALUES(280897541899, 1, 'Stomaged', 2043, 1699899, 1);
INSERT INTO interacts VALUES(280897541899, 1, 'Dumbledoge', 1033, 1709639, 1);
INSERT INTO interacts VALUES(280897541899, 1, 'Dumbledoge', 2010, 1711207, 1);
INSERT INTO interacts VALUES(280897541899, 1, 'Perkz', 3135, 1732419, 1);
INSERT INTO interacts VALUES(280897541899, 1, 'Kikis', 1031, 1733686, 1);
INSERT INTO interacts VALUES(280897541899, 1, 'Hybrid', 3028, 1734376, 1);
INSERT INTO interacts VALUES(280897541899, 1, 'Hybrid', 3114, 1734837, 1);
INSERT INTO interacts VALUES(280897541899, 1, 'Thaldrin', 1031, 1736406, 1);
INSERT INTO interacts VALUES(280897541899, 1, 'Trick', 3140, 1740212, 1);
INSERT INTO interacts VALUES(280897541899, 1, 'Thaldrin', 2139, 1742121, 1);
INSERT INTO interacts VALUES(280897541899, 1, 'Emperor', 3139, 1770086, 1);
INSERT INTO interacts VALUES(280897541899, 1, 'Dumbledoge', 3028, 1779726, 1);
INSERT INTO interacts VALUES(280897541899, 1, 'Achuu', 1331, 1809716, 1);
INSERT INTO interacts VALUES(280897541899, 1, 'Dumbledoge', 2043, 1835549, 1);
INSERT INTO interacts VALUES(280897541899, 1, 'Dumbledoge', 2043, 1835847, 1);
INSERT INTO interacts VALUES(280897541899, 1, 'Stomaged', 3155, 1871595, 1);
INSERT INTO interacts VALUES(280897541899, 1, 'Kikis', 1057, 1928500, 1);
INSERT INTO interacts VALUES(280897541899, 1, 'Thaldrin', 3026, 1935500, 1);
INSERT INTO interacts VALUES(280897541899, 1, 'Emperor', 1036, 1945326, 1);
INSERT INTO interacts VALUES(280897541899, 1, 'Hybrid', 3222, 1945386, 1);
INSERT INTO interacts VALUES(280897541899, 1, 'Perkz', 1058, 1947095, 1);
INSERT INTO interacts VALUES(280897541899, 1, 'Emperor', 2140, 1947940, 1);
INSERT INTO interacts VALUES(280897541899, 1, 'Hybrid', 1333, 1948166, 1);
INSERT INTO interacts VALUES(280897541899, 1, 'Hybrid', 2043, 1949545, 1);
INSERT INTO interacts VALUES(280897541899, 1, 'Trick', 1306, 1950745, 1);
INSERT INTO interacts VALUES(280897541899, 1, 'Naru', 3135, 1962274, 1);
INSERT INTO interacts VALUES(280897541899, 1, 'Dumbledoge', 3114, 1971606, 1);
INSERT INTO interacts VALUES(280897541899, 1, 'Dumbledoge', 2043, 1972664, 1);
INSERT INTO interacts VALUES(280897541899, 1, 'Achuu', 3036, 1977450, 1);
INSERT INTO interacts VALUES(280897541899, 1, 'Kikis', 3026, 1982192, 1);
INSERT INTO interacts VALUES(280897541899, 1, 'Stomaged', 2043, 1982660, 1);
INSERT INTO interacts VALUES(280897541899, 1, 'Stomaged', 2043, 1982927, 1);
INSERT INTO interacts VALUES(280897541899, 1, 'Thaldrin', 1082, 1984500, 0);
INSERT INTO interacts VALUES(280897541899, 1, 'Thaldrin', 2043, 1985996, 1);
INSERT INTO interacts VALUES(280897541899, 1, 'Thaldrin', 2043, 1986156, 1);
INSERT INTO interacts VALUES(280897541899, 1, 'Emperor', 3155, 2053469, 1);
INSERT INTO interacts VALUES(280897541899, 1, 'Trick', 3053, 2053734, 1);
INSERT INTO interacts VALUES(280897541899, 1, 'Perkz', 1056, 2054029, 0);
INSERT INTO interacts VALUES(280897541899, 1, 'Perkz', 1057, 2055036, 1);
INSERT INTO interacts VALUES(280897541899, 1, 'Perkz', 2139, 2055578, 1);
INSERT INTO interacts VALUES(280897541899, 1, 'Hybrid', 1033, 2058050, 1);
INSERT INTO interacts VALUES(280897541899, 1, 'Kikis', 1033, 2058868, 1);
INSERT INTO interacts VALUES(280897541899, 1, 'Achuu', 2140, 2066110, 1);
INSERT INTO interacts VALUES(280897541899, 1, 'Naru', 2139, 2088320, 1);
INSERT INTO interacts VALUES(280897541899, 1, 'Dumbledoge', 3222, 2165326, 1);
INSERT INTO interacts VALUES(280897541899, 1, 'Hybrid', 3211, 2180346, 1);
INSERT INTO interacts VALUES(280897541899, 1, 'Hybrid', 1057, 2182263, 1);
INSERT INTO interacts VALUES(280897541899, 1, 'Trick', 2140, 2189933, 1);
INSERT INTO interacts VALUES(280897541899, 1, 'Stomaged', 3156, 2200754, 1);
INSERT INTO interacts VALUES(280897541899, 1, 'Hybrid', 2043, 2202545, 1);
INSERT INTO interacts VALUES(280897541899, 1, 'Stomaged', 2043, 2205570, 1);
INSERT INTO interacts VALUES(280897541899, 1, 'Naru', 1056, 2208383, 0);
INSERT INTO interacts VALUES(280897541899, 1, 'Naru', 1058, 2209404, 1);
INSERT INTO interacts VALUES(280897541899, 1, 'Thaldrin', 2139, 2222398, 1);
INSERT INTO interacts VALUES(280897541899, 1, 'Thaldrin', 1321, 2223444, 1);
INSERT INTO interacts VALUES(280897541899, 1, 'Dumbledoge', 2139, 2241868, 1);
INSERT INTO interacts VALUES(280897541899, 1, 'Dumbledoge', 2043, 2243036, 1);
INSERT INTO interacts VALUES(280897541899, 1, 'Kikis', 1033, 2246656, 0);
INSERT INTO interacts VALUES(280897541899, 1, 'Perkz', 3001, 2249022, 1);
INSERT INTO interacts VALUES(280897541899, 1, 'Emperor', 1055, 2250507, 0);
INSERT INTO interacts VALUES(280897541899, 1, 'Emperor', 1038, 2251788, 1);
INSERT INTO interacts VALUES(280897541899, 1, 'Achuu', 1055, 2257633, 0);
INSERT INTO interacts VALUES(280897541899, 1, 'Achuu', 1038, 2259136, 1);
INSERT INTO interacts VALUES(280897541899, 1, 'Kikis', 1031, 2260810, 1);
INSERT INTO interacts VALUES(280897541899, 1, 'Kikis', 2138, 2263855, 1);
INSERT INTO interacts VALUES(280897541899, 1, 'Kikis', 3111, 2264785, 0);
INSERT INTO interacts VALUES(280897541899, 1, 'Kikis', 3047, 2266808, 1);
INSERT INTO interacts VALUES(280897541899, 1, 'Thaldrin', 2043, 2344315, 0);
INSERT INTO interacts VALUES(280897541899, 1, 'Thaldrin', 3070, 2357565, 1);
INSERT INTO series VALUES(331361329568, 1);
INSERT INTO organizes VALUES('msi_2016', 331361329568, 'group_stage - FW-vs-SKT');
INSERT INTO competes VALUES(331361329568, 'FW', 1);
INSERT INTO competes VALUES(331361329568, 'SKT', 0);
INSERT INTO matches VALUES(331361329568, 1, '2016-05-06');
INSERT INTO scores VALUES('FW', 331361329568, 1, 4, 11, 1, 2, 2, 1);
INSERT INTO scores VALUES('SKT', 331361329568, 1, 0, 3, 0, 0, 3, 0);
INSERT INTO bans VALUES(331361329568, 1, 15, 1);
INSERT INTO bans VALUES(331361329568, 1, 203, 3);
INSERT INTO bans VALUES(331361329568, 1, 223, 5);
INSERT INTO bans VALUES(331361329568, 1, 76, 2);
INSERT INTO bans VALUES(331361329568, 1, 7, 4);
INSERT INTO bans VALUES(331361329568, 1, 13, 6);
INSERT INTO plays VALUES(331361329568, 1, 'MMD', 78, 'Top', 2, 0, 4, 16054, 24, 9, 328, 9, 0, 16386);
INSERT INTO plays VALUES(331361329568, 1, 'Karsa', 60, 'Jungle', 5, 1, 6, 13010, 51, 27, 49, 68, 14, 15119);
INSERT INTO plays VALUES(331361329568, 1, 'Maple', 268, 'Mid', 4, 0, 7, 32382, 24, 13, 360, 31, 1, 18108);
INSERT INTO plays VALUES(331361329568, 1, 'NL', 81, 'ADC', 2, 2, 6, 23617, 16, 10, 337, 11, 3, 16528);
INSERT INTO plays VALUES(331361329568, 1, 'SwordArt', 12, 'Support', 0, 0, 12, 5532, 62, 9, 46, 1, 0, 11319);
INSERT INTO plays VALUES(331361329568, 1, 'Duke', 57, 'Top', 0, 1, 1, 11442, 16, 3, 383, 5, 7, 14626);
INSERT INTO plays VALUES(331361329568, 1, 'Blank', 104, 'Jungle', 1, 5, 2, 16278, 33, 32, 100, 105, 37, 14010);
INSERT INTO plays VALUES(331361329568, 1, 'Faker', 245, 'Mid', 1, 1, 0, 19198, 24, 8, 384, 16, 7, 15426);
INSERT INTO plays VALUES(331361329568, 1, 'Bang', 236, 'ADC', 1, 4, 0, 28369, 23, 8, 353, 30, 0, 15509);
INSERT INTO plays VALUES(331361329568, 1, 'Wolf', 201, 'Support', 0, 2, 2, 6172, 64, 12, 63, 0, 1, 9640);
INSERT INTO interacts VALUES(331361329568, 1, 'Blank', 1041, 1691, 1);
INSERT INTO interacts VALUES(331361329568, 1, 'Karsa', 1039, 1953, 1);
INSERT INTO interacts VALUES(331361329568, 1, 'Blank', 3340, 2051, 1);
INSERT INTO interacts VALUES(331361329568, 1, 'NL', 1055, 2051, 1);
INSERT INTO interacts VALUES(331361329568, 1, 'SwordArt', 3340, 2094, 1);
INSERT INTO interacts VALUES(331361329568, 1, 'SwordArt', 2010, 2360, 1);
INSERT INTO interacts VALUES(331361329568, 1, 'NL', 2010, 2379, 1);
INSERT INTO interacts VALUES(331361329568, 1, 'SwordArt', 2010, 2475, 1);
INSERT INTO interacts VALUES(331361329568, 1, 'Maple', 1056, 2573, 1);
INSERT INTO interacts VALUES(331361329568, 1, 'SwordArt', 2010, 2623, 1);
INSERT INTO interacts VALUES(331361329568, 1, 'NL', 3340, 2637, 1);
INSERT INTO interacts VALUES(331361329568, 1, 'Maple', 2003, 2800, 1);
INSERT INTO interacts VALUES(331361329568, 1, 'SwordArt', 3302, 2874, 1);
INSERT INTO interacts VALUES(331361329568, 1, 'Bang', 1055, 2874, 1);
INSERT INTO interacts VALUES(331361329568, 1, 'Karsa', 2031, 2899, 1);
INSERT INTO interacts VALUES(331361329568, 1, 'Maple', 2003, 2930, 1);
INSERT INTO interacts VALUES(331361329568, 1, 'Blank', 2031, 2963, 1);
INSERT INTO interacts VALUES(331361329568, 1, 'Wolf', 3302, 3028, 1);
INSERT INTO interacts VALUES(331361329568, 1, 'Maple', 3340, 3093, 1);
INSERT INTO interacts VALUES(331361329568, 1, 'Faker', 2033, 3135, 1);
INSERT INTO interacts VALUES(331361329568, 1, 'Bang', 2010, 3135, 1);
INSERT INTO interacts VALUES(331361329568, 1, 'Wolf', 2010, 3222, 1);
INSERT INTO interacts VALUES(331361329568, 1, 'Bang', 3340, 3352, 1);
INSERT INTO interacts VALUES(331361329568, 1, 'Wolf', 2010, 3397, 1);
INSERT INTO interacts VALUES(331361329568, 1, 'Karsa', 3340, 3451, 1);
INSERT INTO interacts VALUES(331361329568, 1, 'Wolf', 2010, 3485, 1);
INSERT INTO interacts VALUES(331361329568, 1, 'Faker', 3340, 3614, 1);
INSERT INTO interacts VALUES(331361329568, 1, 'Duke', 2033, 3614, 1);
INSERT INTO interacts VALUES(331361329568, 1, 'Wolf', 3340, 3680, 1);
INSERT INTO interacts VALUES(331361329568, 1, 'Duke', 3340, 4202, 1);
INSERT INTO interacts VALUES(331361329568, 1, 'MMD', 3340, 4464, 1);
INSERT INTO interacts VALUES(331361329568, 1, 'MMD', 2033, 4660, 1);
INSERT INTO interacts VALUES(331361329568, 1, 'Faker', 1082, 244430, 1);
INSERT INTO interacts VALUES(331361329568, 1, 'Faker', 1001, 244655, 1);
INSERT INTO interacts VALUES(331361329568, 1, 'Blank', 3711, 250910, 1);
INSERT INTO interacts VALUES(331361329568, 1, 'Blank', 2043, 252340, 1);
INSERT INTO interacts VALUES(331361329568, 1, 'Maple', 1056, 253713, 1);
INSERT INTO interacts VALUES(331361329568, 1, 'Maple', 1042, 254847, 1);
INSERT INTO interacts VALUES(331361329568, 1, 'Maple', 2003, 255599, 1);
INSERT INTO interacts VALUES(331361329568, 1, 'Karsa', 3711, 286479, 1);
INSERT INTO interacts VALUES(331361329568, 1, 'Karsa', 2043, 287091, 1);
INSERT INTO interacts VALUES(331361329568, 1, 'Duke', 1056, 290961, 1);
INSERT INTO interacts VALUES(331361329568, 1, 'Duke', 1082, 291285, 1);
INSERT INTO interacts VALUES(331361329568, 1, 'MMD', 3751, 344720, 1);
INSERT INTO interacts VALUES(331361329568, 1, 'Duke', 1028, 357349, 1);
INSERT INTO interacts VALUES(331361329568, 1, 'Bang', 1038, 376127, 1);
INSERT INTO interacts VALUES(331361329568, 1, 'Bang', 2043, 378131, 1);
INSERT INTO interacts VALUES(331361329568, 1, 'Wolf', 2049, 380745, 1);
INSERT INTO interacts VALUES(331361329568, 1, 'Wolf', 3341, 381426, 1);
INSERT INTO interacts VALUES(331361329568, 1, 'SwordArt', 3341, 398755, 1);
INSERT INTO interacts VALUES(331361329568, 1, 'NL', 3070, 399808, 1);
INSERT INTO interacts VALUES(331361329568, 1, 'SwordArt', 2049, 399908, 1);
INSERT INTO interacts VALUES(331361329568, 1, 'SwordArt', 2043, 400494, 1);
INSERT INTO interacts VALUES(331361329568, 1, 'NL', 1037, 401303, 1);
INSERT INTO interacts VALUES(331361329568, 1, 'Karsa', 1052, 431497, 1);
INSERT INTO interacts VALUES(331361329568, 1, 'Faker', 1026, 433027, 1);
INSERT INTO interacts VALUES(331361329568, 1, 'Faker', 2043, 433970, 1);
INSERT INTO interacts VALUES(331361329568, 1, 'Duke', 1001, 488833, 1);
INSERT INTO interacts VALUES(331361329568, 1, 'Duke', 1029, 489803, 1);
INSERT INTO interacts VALUES(331361329568, 1, 'Maple', 3101, 515440, 1);
INSERT INTO interacts VALUES(331361329568, 1, 'MMD', 1033, 516150, 1);
INSERT INTO interacts VALUES(331361329568, 1, 'MMD', 1028, 516383, 1);
INSERT INTO interacts VALUES(331361329568, 1, 'Maple', 1033, 517634, 1);
INSERT INTO interacts VALUES(331361329568, 1, 'MMD', 2043, 518385, 1);
INSERT INTO interacts VALUES(331361329568, 1, 'Maple', 2031, 518791, 1);
INSERT INTO interacts VALUES(331361329568, 1, 'Maple', 2043, 519231, 1);
INSERT INTO interacts VALUES(331361329568, 1, 'Blank', 1408, 563054, 1);
INSERT INTO interacts VALUES(331361329568, 1, 'Karsa', 3113, 565558, 1);
INSERT INTO interacts VALUES(331361329568, 1, 'Karsa', 1001, 566047, 1);
INSERT INTO interacts VALUES(331361329568, 1, 'Karsa', 2043, 566343, 1);
INSERT INTO interacts VALUES(331361329568, 1, 'Faker', 1057, 573502, 1);
INSERT INTO interacts VALUES(331361329568, 1, 'Faker', 2043, 574483, 1);
INSERT INTO interacts VALUES(331361329568, 1, 'MMD', 3211, 611523, 1);
INSERT INTO interacts VALUES(331361329568, 1, 'MMD', 1001, 612437, 1);
INSERT INTO interacts VALUES(331361329568, 1, 'Duke', 3751, 642578, 1);
INSERT INTO interacts VALUES(331361329568, 1, 'NL', 3057, 657242, 1);
INSERT INTO interacts VALUES(331361329568, 1, 'SwordArt', 1001, 657309, 1);
INSERT INTO interacts VALUES(331361329568, 1, 'NL', 1001, 657729, 1);
INSERT INTO interacts VALUES(331361329568, 1, 'SwordArt', 2043, 658925, 1);
INSERT INTO interacts VALUES(331361329568, 1, 'NL', 2010, 658958, 1);
INSERT INTO interacts VALUES(331361329568, 1, 'NL', 2010, 659088, 1);
INSERT INTO interacts VALUES(331361329568, 1, 'SwordArt', 1028, 661654, 1);
INSERT INTO interacts VALUES(331361329568, 1, 'Wolf', 3009, 664326, 1);
INSERT INTO interacts VALUES(331361329568, 1, 'Bang', 3133, 672276, 1);
INSERT INTO interacts VALUES(331361329568, 1, 'Bang', 3158, 677418, 1);
INSERT INTO interacts VALUES(331361329568, 1, 'Blank', 1001, 685874, 1);
INSERT INTO interacts VALUES(331361329568, 1, 'Blank', 1036, 688022, 1);
INSERT INTO interacts VALUES(331361329568, 1, 'Blank', 3341, 688737, 1);
INSERT INTO interacts VALUES(331361329568, 1, 'Karsa', 1410, 717794, 1);
INSERT INTO interacts VALUES(331361329568, 1, 'Karsa', 3341, 719022, 1);
INSERT INTO interacts VALUES(331361329568, 1, 'Blank', 2043, 767297, 1);
INSERT INTO interacts VALUES(331361329568, 1, 'Karsa', 3009, 771302, 1);
INSERT INTO interacts VALUES(331361329568, 1, 'Karsa', 2043, 771720, 1);
INSERT INTO interacts VALUES(331361329568, 1, 'Karsa', 3364, 771999, 1);
INSERT INTO interacts VALUES(331361329568, 1, 'Duke', 1031, 773397, 1);
INSERT INTO interacts VALUES(331361329568, 1, 'Faker', 3001, 774670, 1);
INSERT INTO interacts VALUES(331361329568, 1, 'Duke', 3363, 775142, 1);
INSERT INTO interacts VALUES(331361329568, 1, 'Faker', 1052, 778657, 1);
INSERT INTO interacts VALUES(331361329568, 1, 'SwordArt', 3009, 785007, 1);
INSERT INTO interacts VALUES(331361329568, 1, 'Wolf', 2043, 787256, 1);
INSERT INTO interacts VALUES(331361329568, 1, 'Wolf', 2043, 787442, 1);
INSERT INTO interacts VALUES(331361329568, 1, 'Wolf', 2031, 787720, 1);
INSERT INTO interacts VALUES(331361329568, 1, 'SwordArt', 3117, 789051, 1);
INSERT INTO interacts VALUES(331361329568, 1, 'Maple', 1057, 795095, 1);
INSERT INTO interacts VALUES(331361329568, 1, 'Maple', 1026, 796264, 1);
INSERT INTO interacts VALUES(331361329568, 1, 'Maple', 2031, 798343, 0);
INSERT INTO interacts VALUES(331361329568, 1, 'Maple', 1001, 799917, 1);
INSERT INTO interacts VALUES(331361329568, 1, 'MMD', 3009, 824282, 1);
INSERT INTO interacts VALUES(331361329568, 1, 'MMD', 1029, 826329, 1);
INSERT INTO interacts VALUES(331361329568, 1, 'Duke', 3068, 844729, 1);
INSERT INTO interacts VALUES(331361329568, 1, 'Duke', 2043, 846359, 1);
INSERT INTO interacts VALUES(331361329568, 1, 'Bang', 3508, 888988, 1);
INSERT INTO interacts VALUES(331361329568, 1, 'Bang', 2010, 901388, 1);
INSERT INTO interacts VALUES(331361329568, 1, 'NL', 3004, 901714, 1);
INSERT INTO interacts VALUES(331361329568, 1, 'Bang', 3363, 901879, 1);
INSERT INTO interacts VALUES(331361329568, 1, 'NL', 3158, 903539, 1);
INSERT INTO interacts VALUES(331361329568, 1, 'NL', 3363, 904647, 1);
INSERT INTO interacts VALUES(331361329568, 1, 'SwordArt', 3097, 911315, 1);
INSERT INTO interacts VALUES(331361329568, 1, 'SwordArt', 2043, 911607, 1);
INSERT INTO interacts VALUES(331361329568, 1, 'Wolf', 3097, 941511, 1);
INSERT INTO interacts VALUES(331361329568, 1, 'Maple', 3001, 960193, 1);
INSERT INTO interacts VALUES(331361329568, 1, 'Maple', 2043, 961357, 1);
INSERT INTO interacts VALUES(331361329568, 1, 'Maple', 3363, 962075, 1);
INSERT INTO interacts VALUES(331361329568, 1, 'Karsa', 3105, 963546, 1);
INSERT INTO interacts VALUES(331361329568, 1, 'Karsa', 2031, 964626, 0);
INSERT INTO interacts VALUES(331361329568, 1, 'Karsa', 2043, 965800, 1);
INSERT INTO interacts VALUES(331361329568, 1, 'Faker', 1323, 987178, 1);
INSERT INTO interacts VALUES(331361329568, 1, 'Faker', 2043, 990281, 1);
INSERT INTO interacts VALUES(331361329568, 1, 'Blank', 3364, 1051501, 1);
INSERT INTO interacts VALUES(331361329568, 1, 'Karsa', 1028, 1054106, 1);
INSERT INTO interacts VALUES(331361329568, 1, 'Karsa', 2043, 1054558, 1);
INSERT INTO interacts VALUES(331361329568, 1, 'Karsa', 2003, 1054820, 1);
INSERT INTO interacts VALUES(331361329568, 1, 'Blank', 3155, 1055145, 1);
INSERT INTO interacts VALUES(331361329568, 1, 'Blank', 3086, 1062784, 1);
INSERT INTO interacts VALUES(331361329568, 1, 'MMD', 3068, 1066219, 1);
INSERT INTO interacts VALUES(331361329568, 1, 'SwordArt', 2303, 1067903, 1);
INSERT INTO interacts VALUES(331361329568, 1, 'SwordArt', 2043, 1068417, 1);
INSERT INTO interacts VALUES(331361329568, 1, 'MMD', 1027, 1069310, 1);
INSERT INTO interacts VALUES(331361329568, 1, 'Duke', 3009, 1092024, 1);
INSERT INTO interacts VALUES(331361329568, 1, 'Duke', 3211, 1094293, 1);
INSERT INTO interacts VALUES(331361329568, 1, 'Bang', 3086, 1117618, 1);
INSERT INTO interacts VALUES(331361329568, 1, 'Bang', 2043, 1118333, 1);
INSERT INTO interacts VALUES(331361329568, 1, 'Wolf', 2303, 1121232, 1);
INSERT INTO interacts VALUES(331361329568, 1, 'Wolf', 1054, 1123800, 1);
INSERT INTO interacts VALUES(331361329568, 1, 'Wolf', 1028, 1125100, 1);
INSERT INTO interacts VALUES(331361329568, 1, 'Wolf', 2043, 1126325, 1);
INSERT INTO interacts VALUES(331361329568, 1, 'Wolf', 2043, 1126423, 1);
INSERT INTO interacts VALUES(331361329568, 1, 'NL', 3024, 1144021, 1);
INSERT INTO interacts VALUES(331361329568, 1, 'NL', 1036, 1147324, 1);
INSERT INTO interacts VALUES(331361329568, 1, 'Faker', 3108, 1165277, 1);
INSERT INTO interacts VALUES(331361329568, 1, 'Faker', 3114, 1166520, 1);
INSERT INTO interacts VALUES(331361329568, 1, 'MMD', 3057, 1205830, 1);
INSERT INTO interacts VALUES(331361329568, 1, 'Karsa', 3190, 1222976, 1);
INSERT INTO interacts VALUES(331361329568, 1, 'Karsa', 2043, 1223728, 1);
INSERT INTO interacts VALUES(331361329568, 1, 'Maple', 3115, 1277897, 1);
INSERT INTO interacts VALUES(331361329568, 1, 'Maple', 2043, 1279747, 1);
INSERT INTO interacts VALUES(331361329568, 1, 'Faker', 3165, 1294921, 1);
INSERT INTO interacts VALUES(331361329568, 1, 'Faker', 1052, 1296094, 1);
INSERT INTO interacts VALUES(331361329568, 1, 'SwordArt', 3801, 1309812, 1);
INSERT INTO interacts VALUES(331361329568, 1, 'SwordArt', 1033, 1310201, 1);
INSERT INTO interacts VALUES(331361329568, 1, 'SwordArt', 2043, 1311143, 1);
INSERT INTO interacts VALUES(331361329568, 1, 'SwordArt', 3364, 1311404, 1);
INSERT INTO interacts VALUES(331361329568, 1, 'NL', 3025, 1312678, 1);
INSERT INTO interacts VALUES(331361329568, 1, 'NL', 2043, 1316367, 1);
INSERT INTO interacts VALUES(331361329568, 1, 'SwordArt', 2010, 1317737, 1);
INSERT INTO interacts VALUES(331361329568, 1, 'Wolf', 1033, 1325423, 1);
INSERT INTO interacts VALUES(331361329568, 1, 'Wolf', 3801, 1325682, 1);
INSERT INTO interacts VALUES(331361329568, 1, 'Wolf', 3364, 1326337, 1);
INSERT INTO interacts VALUES(331361329568, 1, 'Wolf', 2043, 1326535, 1);
INSERT INTO interacts VALUES(331361329568, 1, 'Wolf', 2043, 1326636, 1);
INSERT INTO interacts VALUES(331361329568, 1, 'Blank', 3046, 1373307, 1);
INSERT INTO interacts VALUES(331361329568, 1, 'Blank', 2031, 1374604, 0);
INSERT INTO interacts VALUES(331361329568, 1, 'Blank', 2043, 1377632, 1);
INSERT INTO interacts VALUES(331361329568, 1, 'Bang', 3094, 1385094, 1);
INSERT INTO interacts VALUES(331361329568, 1, 'Bang', 1036, 1386487, 1);
INSERT INTO interacts VALUES(331361329568, 1, 'Bang', 2010, 1388582, 1);
INSERT INTO interacts VALUES(331361329568, 1, 'Faker', 3191, 1416746, 1);
INSERT INTO interacts VALUES(331361329568, 1, 'Maple', 1058, 1422915, 1);
INSERT INTO interacts VALUES(331361329568, 1, 'SwordArt', 3105, 1426868, 1);
INSERT INTO interacts VALUES(331361329568, 1, 'SwordArt', 2010, 1430411, 1);
INSERT INTO interacts VALUES(331361329568, 1, 'Duke', 3065, 1436737, 1);
INSERT INTO interacts VALUES(331361329568, 1, 'Duke', 1308, 1437906, 1);
INSERT INTO interacts VALUES(331361329568, 1, 'MMD', 3025, 1438232, 1);
INSERT INTO interacts VALUES(331361329568, 1, 'MMD', 2043, 1438792, 1);
INSERT INTO interacts VALUES(331361329568, 1, 'Karsa', 3024, 1441711, 1);
INSERT INTO interacts VALUES(331361329568, 1, 'Karsa', 2043, 1442200, 1);
INSERT INTO interacts VALUES(331361329568, 1, 'Karsa', 2003, 1443859, 1);
INSERT INTO interacts VALUES(331361329568, 1, 'NL', 3035, 1456494, 1);
INSERT INTO interacts VALUES(331361329568, 1, 'Maple', 3009, 1501747, 1);
INSERT INTO interacts VALUES(331361329568, 1, 'Karsa', 2043, 1509183, 1);
INSERT INTO interacts VALUES(331361329568, 1, 'Karsa', 2003, 1511927, 1);
INSERT INTO interacts VALUES(331361329568, 1, 'Karsa', 2003, 1512122, 1);
INSERT INTO interacts VALUES(331361329568, 1, 'Wolf', 3105, 1526165, 1);
INSERT INTO interacts VALUES(331361329568, 1, 'Wolf', 1028, 1526715, 1);
INSERT INTO interacts VALUES(331361329568, 1, 'Wolf', 2043, 1527729, 1);
INSERT INTO interacts VALUES(331361329568, 1, 'Blank', 3035, 1544954, 1);
INSERT INTO interacts VALUES(331361329568, 1, 'Blank', 2031, 1546190, 0);
INSERT INTO interacts VALUES(331361329568, 1, 'Blank', 2043, 1547554, 1);
INSERT INTO interacts VALUES(331361329568, 1, 'Bang', 3035, 1563101, 1);
INSERT INTO interacts VALUES(331361329568, 1, 'Karsa', 1029, 1630063, 1);
INSERT INTO interacts VALUES(331361329568, 1, 'Karsa', 1307, 1631266, 1);
INSERT INTO interacts VALUES(331361329568, 1, 'Karsa', 2043, 1631600, 1);
INSERT INTO interacts VALUES(331361329568, 1, 'Maple', 1056, 1632323, 0);
INSERT INTO interacts VALUES(331361329568, 1, 'Maple', 1011, 1633989, 1);
INSERT INTO interacts VALUES(331361329568, 1, 'SwordArt', 3190, 1639234, 1);
INSERT INTO interacts VALUES(331361329568, 1, 'NL', 3036, 1641204, 1);
INSERT INTO interacts VALUES(331361329568, 1, 'MMD', 3065, 1671646, 1);
INSERT INTO interacts VALUES(331361329568, 1, 'MMD', 2043, 1672948, 1);
INSERT INTO interacts VALUES(331361329568, 1, 'Wolf', 3190, 1674540, 1);
INSERT INTO interacts VALUES(331361329568, 1, 'Duke', 1082, 1686424, 0);
INSERT INTO interacts VALUES(331361329568, 1, 'Duke', 3082, 1688138, 1);
INSERT INTO interacts VALUES(331361329568, 1, 'Duke', 1056, 1690336, 0);
INSERT INTO interacts VALUES(331361329568, 1, 'Bang', 3036, 1697638, 1);
INSERT INTO interacts VALUES(331361329568, 1, 'Duke', 3024, 1699315, 1);
INSERT INTO interacts VALUES(331361329568, 1, 'Duke', 1056, 1703000, 0);
INSERT INTO interacts VALUES(331361329568, 1, 'Duke', 3057, 1704561, 1);
INSERT INTO interacts VALUES(331361329568, 1, 'Maple', 3116, 1704731, 1);
INSERT INTO interacts VALUES(331361329568, 1, 'Maple', 2003, 1706069, 1);
INSERT INTO interacts VALUES(331361329568, 1, 'Blank', 3134, 1706180, 1);
INSERT INTO interacts VALUES(331361329568, 1, 'Faker', 3157, 1736157, 1);
INSERT INTO interacts VALUES(331361329568, 1, 'Wolf', 2043, 1745638, 1);
INSERT INTO interacts VALUES(331361329568, 1, 'Wolf', 2043, 1745803, 1);
INSERT INTO interacts VALUES(331361329568, 1, 'Duke', 3025, 1749531, 1);
INSERT INTO interacts VALUES(331361329568, 1, 'Bang', 2140, 1752447, 1);
INSERT INTO interacts VALUES(331361329568, 1, 'NL', 3140, 1768044, 1);
INSERT INTO interacts VALUES(331361329568, 1, 'Karsa', 3110, 1769546, 1);
INSERT INTO interacts VALUES(331361329568, 1, 'Karsa', 2003, 1770397, 1);
INSERT INTO interacts VALUES(331361329568, 1, 'SwordArt', 1328, 1770889, 1);
INSERT INTO interacts VALUES(331361329568, 1, 'SwordArt', 1029, 1771843, 1);
INSERT INTO interacts VALUES(331361329568, 1, 'SwordArt', 2043, 1772315, 1);
INSERT INTO interacts VALUES(331361329568, 1, 'SwordArt', 2043, 1772431, 1);
INSERT INTO interacts VALUES(331361329568, 1, 'MMD', 1011, 1775998, 1);
INSERT INTO interacts VALUES(331361329568, 1, 'MMD', 1031, 1779931, 1);
INSERT INTO interacts VALUES(331361329568, 1, 'NL', 1055, 1829973, 0);
INSERT INTO interacts VALUES(331361329568, 1, 'NL', 1053, 1831959, 1);
INSERT INTO interacts VALUES(331361329568, 1, 'Karsa', 1028, 1832915, 1);
INSERT INTO interacts VALUES(331361329568, 1, 'Karsa', 2043, 1833601, 1);
INSERT INTO interacts VALUES(331361329568, 1, 'Karsa', 2043, 1833731, 1);
INSERT INTO interacts VALUES(331361329568, 1, 'SwordArt', 2138, 1835773, 1);
INSERT INTO interacts VALUES(331361329568, 1, 'Duke', 1028, 1836317, 1);
INSERT INTO interacts VALUES(331361329568, 1, 'Maple', 2003, 1848177, 0);
INSERT INTO interacts VALUES(331361329568, 1, 'Maple', 1026, 1848973, 1);
INSERT INTO interacts VALUES(331361329568, 1, 'Maple', 2139, 1849375, 1);
INSERT INTO interacts VALUES(331361329568, 1, 'MMD', 1308, 1880683, 1);
INSERT INTO interacts VALUES(331361329568, 1, 'Wolf', 1029, 1899509, 1);
INSERT INTO interacts VALUES(331361329568, 1, 'Wolf', 1029, 1899634, 1);
INSERT INTO interacts VALUES(331361329568, 1, 'Wolf', 2031, 1901206, 0);
INSERT INTO interacts VALUES(331361329568, 1, 'Wolf', 2043, 1902421, 1);
INSERT INTO interacts VALUES(331361329568, 1, 'Blank', 3156, 1903172, 1);
INSERT INTO interacts VALUES(331361329568, 1, 'Blank', 2043, 1904024, 1);
INSERT INTO interacts VALUES(331361329568, 1, 'Wolf', 2043, 1909644, 1);
INSERT INTO interacts VALUES(331361329568, 1, 'Faker', 1082, 1919162, 0);
INSERT INTO interacts VALUES(331361329568, 1, 'Faker', 1058, 1920127, 1);
INSERT INTO interacts VALUES(331361329568, 1, 'SwordArt', 1027, 1931211, 1);
INSERT INTO interacts VALUES(331361329568, 1, 'SwordArt', 2043, 1931596, 1);
INSERT INTO interacts VALUES(331361329568, 1, 'Karsa', 2043, 1941429, 1);
INSERT INTO interacts VALUES(331361329568, 1, 'Karsa', 2138, 1942690, 1);
INSERT INTO interacts VALUES(331361329568, 1, 'Duke', 1011, 1942818, 1);
INSERT INTO interacts VALUES(331361329568, 1, 'Duke', 3340, 1945544, 1);
INSERT INTO interacts VALUES(331361329568, 1, 'NL', 3144, 1954721, 1);
INSERT INTO interacts VALUES(331361329568, 1, 'Maple', 3135, 1962617, 1);
INSERT INTO interacts VALUES(331361329568, 1, 'Blank', 2140, 1983289, 1);
INSERT INTO interacts VALUES(331361329568, 1, 'Wolf', 3082, 1984316, 1);
INSERT INTO interacts VALUES(331361329568, 1, 'Bang', 1038, 2019498, 1);
INSERT INTO interacts VALUES(331361329568, 1, 'Bang', 1055, 2020342, 0);
INSERT INTO interacts VALUES(331361329568, 1, 'Bang', 1037, 2021123, 1);
INSERT INTO interacts VALUES(331361329568, 1, 'MMD', 2033, 2040496, 0);
INSERT INTO interacts VALUES(331361329568, 1, 'MMD', 3026, 2042433, 1);
INSERT INTO interacts VALUES(331361329568, 1, 'MMD', 2043, 2042926, 1);
INSERT INTO interacts VALUES(331361329568, 1, 'Maple', 2139, 2052119, 1);
INSERT INTO interacts VALUES(331361329568, 1, 'Karsa', 1011, 2060314, 1);
INSERT INTO interacts VALUES(331361329568, 1, 'Karsa', 2043, 2061105, 1);
INSERT INTO interacts VALUES(331361329568, 1, 'Karsa', 2043, 2061233, 1);
INSERT INTO interacts VALUES(331361329568, 1, 'SwordArt', 3024, 2081002, 1);
INSERT INTO interacts VALUES(331361329568, 1, 'SwordArt', 1029, 2082045, 1);
INSERT INTO interacts VALUES(331361329568, 1, 'Wolf', 1029, 2082636, 1);
INSERT INTO interacts VALUES(331361329568, 1, 'Wolf', 2043, 2084188, 1);
INSERT INTO interacts VALUES(331361329568, 1, 'Duke', 2033, 2097926, 0);
INSERT INTO interacts VALUES(331361329568, 1, 'Duke', 1057, 2099784, 1);
INSERT INTO interacts VALUES(331361329568, 1, 'MMD', 2138, 2122226, 1);
INSERT INTO interacts VALUES(331361329568, 1, 'Blank', 3111, 2158310, 1);
INSERT INTO interacts VALUES(331361329568, 1, 'SwordArt', 2043, 2159139, 1);
INSERT INTO interacts VALUES(331361329568, 1, 'MMD', 2043, 2160632, 1);
INSERT INTO interacts VALUES(331361329568, 1, 'Duke', 2138, 2162503, 1);
INSERT INTO interacts VALUES(331361329568, 1, 'Karsa', 2138, 2163191, 1);
INSERT INTO interacts VALUES(331361329568, 1, 'Blank', 2043, 2173760, 1);
INSERT INTO interacts VALUES(331361329568, 1, 'NL', 3153, 2178249, 1);
INSERT INTO interacts VALUES(331361329568, 1, 'Bang', 3031, 2184220, 1);
INSERT INTO interacts VALUES(331361329568, 1, 'Bang', 2043, 2184945, 1);
INSERT INTO interacts VALUES(331361329568, 1, 'Faker', 3089, 2213367, 1);
INSERT INTO interacts VALUES(331361329568, 1, 'Wolf', 3024, 2253614, 1);
INSERT INTO interacts VALUES(331361329568, 1, 'Karsa', 1011, 2290880, 1);
INSERT INTO interacts VALUES(331361329568, 1, 'SwordArt', 3110, 2291009, 1);
INSERT INTO interacts VALUES(331361329568, 1, 'MMD', 3155, 2291140, 1);
INSERT INTO interacts VALUES(331361329568, 1, 'Maple', 1056, 2291898, 0);
INSERT INTO interacts VALUES(331361329568, 1, 'SwordArt', 2043, 2292426, 1);
INSERT INTO interacts VALUES(331361329568, 1, 'NL', 2140, 2292684, 1);
INSERT INTO interacts VALUES(331361329568, 1, 'Maple', 1058, 2292998, 1);
INSERT INTO interacts VALUES(331361329568, 1, 'Karsa', 3082, 2293029, 1);
INSERT INTO interacts VALUES(331361329568, 1, 'Maple', 2139, 2293814, 1);
INSERT INTO interacts VALUES(331361329568, 1, 'Maple', 1306, 2295149, 1);
INSERT INTO interacts VALUES(331361329568, 1, 'Blank', 3033, 2333125, 1);
INSERT INTO interacts VALUES(331361329568, 1, 'Blank', 2043, 2333622, 1);
INSERT INTO interacts VALUES(331361329568, 1, 'Wolf', 2043, 2334150, 1);
INSERT INTO interacts VALUES(331361329568, 1, 'Wolf', 2138, 2334482, 1);
INSERT INTO interacts VALUES(331361329568, 1, 'Wolf', 2043, 2336718, 1);
INSERT INTO interacts VALUES(331361329568, 1, 'Faker', 2138, 2336763, 1);
INSERT INTO interacts VALUES(331361329568, 1, 'Duke', 3143, 2345424, 1);
INSERT INTO interacts VALUES(331361329568, 1, 'MMD', 2138, 2369664, 1);
INSERT INTO series VALUES(1005238731881, 1);
INSERT INTO organizes VALUES('msi_2016', 1005238731881, 'group_stage - CLG-vs-SUP');
INSERT INTO competes VALUES(1005238731881, 'CLG', 1);
INSERT INTO competes VALUES(1005238731881, 'SUP', 0);
INSERT INTO matches VALUES(1005238731881, 1, '2016-05-06');
INSERT INTO scores VALUES('CLG', 1005238731881, 1, 2, 10, 2, 1, 2, 1);
INSERT INTO scores VALUES('SUP', 1005238731881, 1, 0, 2, 1, 0, 2, 0);
INSERT INTO bans VALUES(1005238731881, 1, 105, 1);
INSERT INTO bans VALUES(1005238731881, 1, 4, 3);
INSERT INTO bans VALUES(1005238731881, 1, 432, 5);
INSERT INTO bans VALUES(1005238731881, 1, 51, 2);
INSERT INTO bans VALUES(1005238731881, 1, 13, 4);
INSERT INTO bans VALUES(1005238731881, 1, 76, 6);
INSERT INTO plays VALUES(1005238731881, 1, 'Darshan', 57, 'Top', 3, 1, 6, 6673, 13, 3, 185, 0, 0, 11579);
INSERT INTO plays VALUES(1005238731881, 1, 'Xmithie', 203, 'Jungle', 1, 3, 8, 14302, 27, 15, 44, 69, 30, 11401);
INSERT INTO plays VALUES(1005238731881, 1, 'Huhi', 268, 'Mid', 3, 1, 12, 25863, 16, 4, 188, 16, 3, 12409);
INSERT INTO plays VALUES(1005238731881, 1, 'Stixxay', 429, 'ADC', 11, 1, 5, 20301, 13, 6, 244, 11, 8, 15103);
INSERT INTO plays VALUES(1005238731881, 1, 'aphromoo', 16, 'Support', 1, 3, 14, 2967, 28, 11, 17, 0, 0, 9428);
INSERT INTO plays VALUES(1005238731881, 1, 'fabFabulous', 245, 'Top', 1, 3, 3, 7239, 11, 6, 149, 1, 1, 9026);
INSERT INTO plays VALUES(1005238731881, 1, 'Stomaged', 104, 'Jungle', 2, 4, 3, 14056, 32, 11, 26, 68, 6, 9027);
INSERT INTO plays VALUES(1005238731881, 1, 'Naru', 7, 'Mid', 4, 5, 3, 12895, 15, 3, 192, 6, 5, 10114);
INSERT INTO plays VALUES(1005238731881, 1, 'Achuu', 236, 'ADC', 2, 3, 3, 20358, 11, 8, 258, 18, 1, 11822);
INSERT INTO plays VALUES(1005238731881, 1, 'Dumbledoge', 78, 'Support', 0, 4, 3, 6031, 43, 11, 37, 0, 0, 6660);
INSERT INTO interacts VALUES(1005238731881, 1, 'aphromoo', 3340, 1623, 1);
INSERT INTO interacts VALUES(1005238731881, 1, 'Huhi', 1056, 1735, 1);
INSERT INTO interacts VALUES(1005238731881, 1, 'Achuu', 1055, 1735, 1);
INSERT INTO interacts VALUES(1005238731881, 1, 'Stixxay', 3340, 1929, 1);
INSERT INTO interacts VALUES(1005238731881, 1, 'Huhi', 2010, 1929, 1);
INSERT INTO interacts VALUES(1005238731881, 1, 'Huhi', 2010, 2062, 1);
INSERT INTO interacts VALUES(1005238731881, 1, 'Achuu', 2010, 2093, 1);
INSERT INTO interacts VALUES(1005238731881, 1, 'Stixxay', 2010, 2192, 1);
INSERT INTO interacts VALUES(1005238731881, 1, 'Huhi', 3340, 2290, 1);
INSERT INTO interacts VALUES(1005238731881, 1, 'Achuu', 3340, 2409, 1);
INSERT INTO interacts VALUES(1005238731881, 1, 'Darshan', 1056, 2421, 1);
INSERT INTO interacts VALUES(1005238731881, 1, 'Stixxay', 2010, 2456, 1);
INSERT INTO interacts VALUES(1005238731881, 1, 'Darshan', 3340, 2748, 1);
INSERT INTO interacts VALUES(1005238731881, 1, 'Dumbledoge', 2010, 2780, 1);
INSERT INTO interacts VALUES(1005238731881, 1, 'Xmithie', 3340, 2977, 1);
INSERT INTO interacts VALUES(1005238731881, 1, 'Darshan', 2003, 3108, 1);
INSERT INTO interacts VALUES(1005238731881, 1, 'Dumbledoge', 2010, 3108, 1);
INSERT INTO interacts VALUES(1005238731881, 1, 'aphromoo', 3303, 3207, 1);
INSERT INTO interacts VALUES(1005238731881, 1, 'Darshan', 2003, 3274, 1);
INSERT INTO interacts VALUES(1005238731881, 1, 'Dumbledoge', 2010, 3460, 1);
INSERT INTO interacts VALUES(1005238731881, 1, 'aphromoo', 2010, 3609, 1);
INSERT INTO interacts VALUES(1005238731881, 1, 'aphromoo', 2010, 3740, 1);
INSERT INTO interacts VALUES(1005238731881, 1, 'aphromoo', 2010, 3838, 1);
INSERT INTO interacts VALUES(1005238731881, 1, 'Naru', 1056, 3871, 1);
INSERT INTO interacts VALUES(1005238731881, 1, 'Dumbledoge', 3302, 4035, 1);
INSERT INTO interacts VALUES(1005238731881, 1, 'Naru', 2003, 4133, 1);
INSERT INTO interacts VALUES(1005238731881, 1, 'Stixxay', 1055, 4263, 1);
INSERT INTO interacts VALUES(1005238731881, 1, 'Xmithie', 1039, 4429, 1);
INSERT INTO interacts VALUES(1005238731881, 1, 'Dumbledoge', 3340, 4564, 1);
INSERT INTO interacts VALUES(1005238731881, 1, 'Naru', 3340, 4623, 1);
INSERT INTO interacts VALUES(1005238731881, 1, 'fabFabulous', 2033, 4659, 1);
INSERT INTO interacts VALUES(1005238731881, 1, 'Xmithie', 2031, 4692, 1);
INSERT INTO interacts VALUES(1005238731881, 1, 'fabFabulous', 3340, 5131, 1);
INSERT INTO interacts VALUES(1005238731881, 1, 'Naru', 2003, 5697, 1);
INSERT INTO interacts VALUES(1005238731881, 1, 'Stomaged', 1039, 6391, 1);
INSERT INTO interacts VALUES(1005238731881, 1, 'Stomaged', 2031, 7531, 1);
INSERT INTO interacts VALUES(1005238731881, 1, 'Stomaged', 3340, 8082, 1);
INSERT INTO interacts VALUES(1005238731881, 1, 'Huhi', 1056, 182995, 1);
INSERT INTO interacts VALUES(1005238731881, 1, 'Huhi', 2010, 188196, 1);
INSERT INTO interacts VALUES(1005238731881, 1, 'Naru', 1056, 214257, 1);
INSERT INTO interacts VALUES(1005238731881, 1, 'Naru', 2003, 215589, 1);
INSERT INTO interacts VALUES(1005238731881, 1, 'Dumbledoge', 2043, 220510, 1);
INSERT INTO interacts VALUES(1005238731881, 1, 'Dumbledoge', 2010, 221673, 0);
INSERT INTO interacts VALUES(1005238731881, 1, 'Dumbledoge', 1028, 225691, 1);
INSERT INTO interacts VALUES(1005238731881, 1, 'Achuu', 1083, 227930, 1);
INSERT INTO interacts VALUES(1005238731881, 1, 'Achuu', 1036, 229608, 1);
INSERT INTO interacts VALUES(1005238731881, 1, 'Achuu', 2043, 230721, 1);
INSERT INTO interacts VALUES(1005238731881, 1, 'aphromoo', 1028, 231802, 1);
INSERT INTO interacts VALUES(1005238731881, 1, 'Stixxay', 1036, 234118, 1);
INSERT INTO interacts VALUES(1005238731881, 1, 'Stixxay', 1042, 235061, 1);
INSERT INTO interacts VALUES(1005238731881, 1, 'aphromoo', 2010, 236029, 0);
INSERT INTO interacts VALUES(1005238731881, 1, 'Stixxay', 2043, 236466, 1);
INSERT INTO interacts VALUES(1005238731881, 1, 'aphromoo', 2043, 236824, 1);
INSERT INTO interacts VALUES(1005238731881, 1, 'fabFabulous', 1082, 261261, 1);
INSERT INTO interacts VALUES(1005238731881, 1, 'fabFabulous', 1001, 262854, 1);
INSERT INTO interacts VALUES(1005238731881, 1, 'Darshan', 1001, 268771, 1);
INSERT INTO interacts VALUES(1005238731881, 1, 'Darshan', 1056, 271694, 1);
INSERT INTO interacts VALUES(1005238731881, 1, 'Xmithie', 3711, 277508, 1);
INSERT INTO interacts VALUES(1005238731881, 1, 'Xmithie', 1001, 277977, 1);
INSERT INTO interacts VALUES(1005238731881, 1, 'Xmithie', 2043, 282382, 1);
INSERT INTO interacts VALUES(1005238731881, 1, 'Stomaged', 3711, 290361, 1);
INSERT INTO interacts VALUES(1005238731881, 1, 'Stomaged', 1036, 292657, 1);
INSERT INTO interacts VALUES(1005238731881, 1, 'Stomaged', 1001, 297034, 1);
INSERT INTO interacts VALUES(1005238731881, 1, 'Stomaged', 2043, 297462, 1);
INSERT INTO interacts VALUES(1005238731881, 1, 'Naru', 1052, 334291, 1);
INSERT INTO interacts VALUES(1005238731881, 1, 'Naru', 2043, 335105, 1);
INSERT INTO interacts VALUES(1005238731881, 1, 'Naru', 2003, 335300, 1);
INSERT INTO interacts VALUES(1005238731881, 1, 'Naru', 2003, 335529, 1);
INSERT INTO interacts VALUES(1005238731881, 1, 'Achuu', 3133, 355443, 1);
INSERT INTO interacts VALUES(1005238731881, 1, 'Huhi', 1057, 359228, 1);
INSERT INTO interacts VALUES(1005238731881, 1, 'Stixxay', 1043, 361896, 1);
INSERT INTO interacts VALUES(1005238731881, 1, 'Huhi', 1042, 362077, 1);
INSERT INTO interacts VALUES(1005238731881, 1, 'aphromoo', 2049, 362155, 1);
INSERT INTO interacts VALUES(1005238731881, 1, 'Huhi', 2010, 362775, 1);
INSERT INTO interacts VALUES(1005238731881, 1, 'Dumbledoge', 2049, 362873, 1);
INSERT INTO interacts VALUES(1005238731881, 1, 'Huhi', 2010, 362873, 1);
INSERT INTO interacts VALUES(1005238731881, 1, 'Huhi', 2010, 363117, 1);
INSERT INTO interacts VALUES(1005238731881, 1, 'aphromoo', 3341, 364085, 1);
INSERT INTO interacts VALUES(1005238731881, 1, 'Dumbledoge', 2043, 364120, 1);
INSERT INTO interacts VALUES(1005238731881, 1, 'Dumbledoge', 3341, 364734, 1);
INSERT INTO interacts VALUES(1005238731881, 1, 'Stomaged', 1036, 395383, 1);
INSERT INTO interacts VALUES(1005238731881, 1, 'Stomaged', 2043, 395979, 1);
INSERT INTO interacts VALUES(1005238731881, 1, 'Naru', 3108, 421886, 1);
INSERT INTO interacts VALUES(1005238731881, 1, 'Naru', 1001, 424365, 1);
INSERT INTO interacts VALUES(1005238731881, 1, 'Huhi', 2010, 426816, 1);
INSERT INTO interacts VALUES(1005238731881, 1, 'Achuu', 1001, 430953, 1);
INSERT INTO interacts VALUES(1005238731881, 1, 'Stixxay', 1053, 474131, 1);
INSERT INTO interacts VALUES(1005238731881, 1, 'Stomaged', 3133, 477120, 1);
INSERT INTO interacts VALUES(1005238731881, 1, 'fabFabulous', 3751, 478428, 1);
INSERT INTO interacts VALUES(1005238731881, 1, 'Stixxay', 1036, 478699, 1);
INSERT INTO interacts VALUES(1005238731881, 1, 'Stixxay', 1001, 479601, 1);
INSERT INTO interacts VALUES(1005238731881, 1, 'fabFabulous', 1029, 480865, 1);
INSERT INTO interacts VALUES(1005238731881, 1, 'fabFabulous', 2043, 483618, 1);
INSERT INTO interacts VALUES(1005238731881, 1, 'aphromoo', 1001, 485813, 1);
INSERT INTO interacts VALUES(1005238731881, 1, 'Xmithie', 1043, 486973, 1);
INSERT INTO interacts VALUES(1005238731881, 1, 'aphromoo', 2043, 487138, 1);
INSERT INTO interacts VALUES(1005238731881, 1, 'aphromoo', 2010, 487339, 1);
INSERT INTO interacts VALUES(1005238731881, 1, 'Xmithie', 2043, 488318, 1);
INSERT INTO interacts VALUES(1005238731881, 1, 'Darshan', 3211, 492021, 1);
INSERT INTO interacts VALUES(1005238731881, 1, 'Darshan', 1028, 492504, 1);
INSERT INTO interacts VALUES(1005238731881, 1, 'Dumbledoge', 1001, 495458, 1);
INSERT INTO interacts VALUES(1005238731881, 1, 'Dumbledoge', 2043, 496003, 1);
INSERT INTO interacts VALUES(1005238731881, 1, 'Dumbledoge', 2010, 497173, 1);
INSERT INTO interacts VALUES(1005238731881, 1, 'Dumbledoge', 2010, 497447, 1);
INSERT INTO interacts VALUES(1005238731881, 1, 'Achuu', 1038, 524960, 1);
INSERT INTO interacts VALUES(1005238731881, 1, 'Huhi', 1026, 560526, 1);
INSERT INTO interacts VALUES(1005238731881, 1, 'Huhi', 2010, 560982, 1);
INSERT INTO interacts VALUES(1005238731881, 1, 'Huhi', 2010, 561112, 1);
INSERT INTO interacts VALUES(1005238731881, 1, 'Xmithie', 1411, 591867, 1);
INSERT INTO interacts VALUES(1005238731881, 1, 'Naru', 3114, 601012, 1);
INSERT INTO interacts VALUES(1005238731881, 1, 'Naru', 1052, 603718, 1);
INSERT INTO interacts VALUES(1005238731881, 1, 'Stixxay', 3144, 623459, 1);
INSERT INTO interacts VALUES(1005238731881, 1, 'Stixxay', 2010, 626763, 1);
INSERT INTO interacts VALUES(1005238731881, 1, 'Darshan', 3751, 639304, 1);
INSERT INTO interacts VALUES(1005238731881, 1, 'Darshan', 3009, 641355, 1);
INSERT INTO interacts VALUES(1005238731881, 1, 'Darshan', 2003, 642388, 0);
INSERT INTO interacts VALUES(1005238731881, 1, 'Darshan', 1029, 643781, 1);
INSERT INTO interacts VALUES(1005238731881, 1, 'fabFabulous', 1031, 673856, 1);
INSERT INTO interacts VALUES(1005238731881, 1, 'Stomaged', 1408, 674556, 1);
INSERT INTO interacts VALUES(1005238731881, 1, 'fabFabulous', 1028, 675032, 1);
INSERT INTO interacts VALUES(1005238731881, 1, 'Stomaged', 1036, 677351, 1);
INSERT INTO interacts VALUES(1005238731881, 1, 'Stomaged', 2043, 678003, 1);
INSERT INTO interacts VALUES(1005238731881, 1, 'Achuu', 3158, 698438, 1);
INSERT INTO interacts VALUES(1005238731881, 1, 'Dumbledoge', 3009, 701153, 1);
INSERT INTO interacts VALUES(1005238731881, 1, 'Dumbledoge', 2043, 701639, 1);
INSERT INTO interacts VALUES(1005238731881, 1, 'Dumbledoge', 2010, 702026, 1);
INSERT INTO interacts VALUES(1005238731881, 1, 'Naru', 3165, 705023, 1);
INSERT INTO interacts VALUES(1005238731881, 1, 'Naru', 2043, 706101, 1);
INSERT INTO interacts VALUES(1005238731881, 1, 'Naru', 2003, 706454, 1);
INSERT INTO interacts VALUES(1005238731881, 1, 'Naru', 2003, 706591, 1);
INSERT INTO interacts VALUES(1005238731881, 1, 'Naru', 2003, 706741, 1);
INSERT INTO interacts VALUES(1005238731881, 1, 'Achuu', 2010, 709465, 0);
INSERT INTO interacts VALUES(1005238731881, 1, 'Achuu', 1018, 711704, 1);
INSERT INTO interacts VALUES(1005238731881, 1, 'Huhi', 3001, 734872, 1);
INSERT INTO interacts VALUES(1005238731881, 1, 'Huhi', 1001, 736292, 1);
INSERT INTO interacts VALUES(1005238731881, 1, 'Huhi', 3363, 737441, 1);
INSERT INTO interacts VALUES(1005238731881, 1, 'Xmithie', 3009, 738868, 1);
INSERT INTO interacts VALUES(1005238731881, 1, 'Stixxay', 3153, 740406, 1);
INSERT INTO interacts VALUES(1005238731881, 1, 'Xmithie', 2032, 741242, 1);
INSERT INTO interacts VALUES(1005238731881, 1, 'Stixxay', 3006, 741814, 1);
INSERT INTO interacts VALUES(1005238731881, 1, 'Stixxay', 2010, 742682, 1);
INSERT INTO interacts VALUES(1005238731881, 1, 'aphromoo', 3158, 742876, 1);
INSERT INTO interacts VALUES(1005238731881, 1, 'aphromoo', 3098, 744287, 1);
INSERT INTO interacts VALUES(1005238731881, 1, 'aphromoo', 2043, 745331, 1);
INSERT INTO interacts VALUES(1005238731881, 1, 'Achuu', 3508, 811677, 1);
INSERT INTO interacts VALUES(1005238731881, 1, 'Achuu', 3363, 812499, 1);
INSERT INTO interacts VALUES(1005238731881, 1, 'Achuu', 3158, 815000, 1);
INSERT INTO interacts VALUES(1005238731881, 1, 'Achuu', 1042, 817482, 1);
INSERT INTO interacts VALUES(1005238731881, 1, 'Dumbledoge', 1033, 833415, 1);
INSERT INTO interacts VALUES(1005238731881, 1, 'Dumbledoge', 2043, 834626, 1);
INSERT INTO interacts VALUES(1005238731881, 1, 'Naru', 1026, 933903, 1);
INSERT INTO interacts VALUES(1005238731881, 1, 'Darshan', 3751, 939876, 1);
INSERT INTO interacts VALUES(1005238731881, 1, 'Darshan', 1031, 941275, 1);
INSERT INTO interacts VALUES(1005238731881, 1, 'aphromoo', 2301, 941698, 1);
INSERT INTO interacts VALUES(1005238731881, 1, 'aphromoo', 2043, 943071, 1);
INSERT INTO interacts VALUES(1005238731881, 1, 'aphromoo', 2010, 943237, 1);
INSERT INTO interacts VALUES(1005238731881, 1, 'aphromoo', 2010, 943427, 1);
INSERT INTO interacts VALUES(1005238731881, 1, 'Stomaged', 3009, 948891, 1);
INSERT INTO interacts VALUES(1005238731881, 1, 'Naru', 3363, 950185, 1);
INSERT INTO interacts VALUES(1005238731881, 1, 'Stomaged', 1033, 951227, 1);
INSERT INTO interacts VALUES(1005238731881, 1, 'Stomaged', 3364, 953385, 1);
INSERT INTO interacts VALUES(1005238731881, 1, 'Stomaged', 2043, 953688, 1);
INSERT INTO interacts VALUES(1005238731881, 1, 'Achuu', 2015, 955587, 1);
INSERT INTO interacts VALUES(1005238731881, 1, 'Achuu', 1042, 956044, 1);
INSERT INTO interacts VALUES(1005238731881, 1, 'Dumbledoge', 1028, 963241, 1);
INSERT INTO interacts VALUES(1005238731881, 1, 'Dumbledoge', 2043, 964482, 1);
INSERT INTO interacts VALUES(1005238731881, 1, 'Stixxay', 3086, 975277, 1);
INSERT INTO interacts VALUES(1005238731881, 1, 'fabFabulous', 3068, 975773, 1);
INSERT INTO interacts VALUES(1005238731881, 1, 'Stixxay', 3363, 976429, 1);
INSERT INTO interacts VALUES(1005238731881, 1, 'fabFabulous', 1033, 978223, 1);
INSERT INTO interacts VALUES(1005238731881, 1, 'Huhi', 3101, 993260, 1);
INSERT INTO interacts VALUES(1005238731881, 1, 'Huhi', 1052, 995623, 1);
INSERT INTO interacts VALUES(1005238731881, 1, 'Xmithie', 3155, 999093, 1);
INSERT INTO interacts VALUES(1005238731881, 1, 'Xmithie', 2043, 999728, 1);
INSERT INTO interacts VALUES(1005238731881, 1, 'Xmithie', 3364, 1000071, 1);
INSERT INTO interacts VALUES(1005238731881, 1, 'Xmithie', 1042, 1002502, 1);
INSERT INTO interacts VALUES(1005238731881, 1, 'Stomaged', 3155, 1034735, 1);
INSERT INTO interacts VALUES(1005238731881, 1, 'Dumbledoge', 3801, 1126962, 1);
INSERT INTO interacts VALUES(1005238731881, 1, 'Stomaged', 1042, 1132984, 1);
INSERT INTO interacts VALUES(1005238731881, 1, 'fabFabulous', 3211, 1133283, 1);
INSERT INTO interacts VALUES(1005238731881, 1, 'Stomaged', 2043, 1133612, 1);
INSERT INTO interacts VALUES(1005238731881, 1, 'fabFabulous', 1027, 1136227, 1);
INSERT INTO interacts VALUES(1005238731881, 1, 'Dumbledoge', 2043, 1139261, 1);
INSERT INTO interacts VALUES(1005238731881, 1, 'Achuu', 3086, 1143054, 1);
INSERT INTO interacts VALUES(1005238731881, 1, 'Xmithie', 1043, 1144982, 1);
INSERT INTO interacts VALUES(1005238731881, 1, 'Naru', 3001, 1156028, 1);
INSERT INTO interacts VALUES(1005238731881, 1, 'Naru', 2043, 1157005, 1);
INSERT INTO interacts VALUES(1005238731881, 1, 'Naru', 2043, 1157170, 1);
INSERT INTO interacts VALUES(1005238731881, 1, 'Xmithie', 2043, 1162784, 1);
INSERT INTO interacts VALUES(1005238731881, 1, 'Huhi', 1056, 1170131, 0);
INSERT INTO interacts VALUES(1005238731881, 1, 'Darshan', 3068, 1170891, 1);
INSERT INTO interacts VALUES(1005238731881, 1, 'Huhi', 3115, 1171517, 1);
INSERT INTO interacts VALUES(1005238731881, 1, 'aphromoo', 3801, 1171881, 1);
INSERT INTO interacts VALUES(1005238731881, 1, 'aphromoo', 1033, 1172491, 1);
INSERT INTO interacts VALUES(1005238731881, 1, 'Darshan', 3067, 1172592, 1);
INSERT INTO interacts VALUES(1005238731881, 1, 'aphromoo', 2043, 1174450, 1);
INSERT INTO interacts VALUES(1005238731881, 1, 'aphromoo', 2043, 1174698, 1);
INSERT INTO interacts VALUES(1005238731881, 1, 'aphromoo', 2010, 1175186, 1);
INSERT INTO interacts VALUES(1005238731881, 1, 'Darshan', 1056, 1177112, 0);
INSERT INTO interacts VALUES(1005238731881, 1, 'Darshan', 3065, 1178091, 1);
INSERT INTO interacts VALUES(1005238731881, 1, 'Achuu', 3094, 1204785, 1);
INSERT INTO interacts VALUES(1005238731881, 1, 'Dumbledoge', 3105, 1205698, 1);
INSERT INTO interacts VALUES(1005238731881, 1, 'Stixxay', 3085, 1207372, 1);
INSERT INTO interacts VALUES(1005238731881, 1, 'aphromoo', 3105, 1247396, 1);
INSERT INTO interacts VALUES(1005238731881, 1, 'Stomaged', 1051, 1255301, 1);
INSERT INTO interacts VALUES(1005238731881, 1, 'Stomaged', 2031, 1274941, 0);
INSERT INTO interacts VALUES(1005238731881, 1, 'Darshan', 1308, 1283678, 1);
INSERT INTO interacts VALUES(1005238731881, 1, 'Stomaged', 3086, 1284136, 1);
INSERT INTO interacts VALUES(1005238731881, 1, 'Dumbledoge', 2043, 1290190, 1);
INSERT INTO interacts VALUES(1005238731881, 1, 'Dumbledoge', 2010, 1290872, 1);
INSERT INTO interacts VALUES(1005238731881, 1, 'Dumbledoge', 2010, 1291201, 1);
INSERT INTO interacts VALUES(1005238731881, 1, 'Huhi', 3020, 1320684, 1);
INSERT INTO interacts VALUES(1005238731881, 1, 'Huhi', 2010, 1322796, 1);
INSERT INTO interacts VALUES(1005238731881, 1, 'aphromoo', 2010, 1326419, 1);
INSERT INTO interacts VALUES(1005238731881, 1, 'aphromoo', 2010, 1326552, 1);
INSERT INTO interacts VALUES(1005238731881, 1, 'aphromoo', 2010, 1326617, 1);
INSERT INTO interacts VALUES(1005238731881, 1, 'fabFabulous', 3111, 1327254, 1);
INSERT INTO interacts VALUES(1005238731881, 1, 'Stixxay', 1036, 1329578, 1);
INSERT INTO interacts VALUES(1005238731881, 1, 'Stixxay', 1033, 1329963, 1);
INSERT INTO interacts VALUES(1005238731881, 1, 'Xmithie', 3086, 1333137, 1);
INSERT INTO interacts VALUES(1005238731881, 1, 'Achuu', 1033, 1336584, 1);
INSERT INTO interacts VALUES(1005238731881, 1, 'Xmithie', 3085, 1416282, 1);
INSERT INTO interacts VALUES(1005238731881, 1, 'Achuu', 3140, 1426655, 1);
INSERT INTO interacts VALUES(1005238731881, 1, 'Stomaged', 1042, 1429340, 1);
INSERT INTO interacts VALUES(1005238731881, 1, 'Stomaged', 2043, 1430292, 1);
INSERT INTO interacts VALUES(1005238731881, 1, 'Xmithie', 2043, 1430553, 1);
INSERT INTO interacts VALUES(1005238731881, 1, 'Dumbledoge', 1028, 1449711, 1);
INSERT INTO interacts VALUES(1005238731881, 1, 'Darshan', 3082, 1476061, 1);
INSERT INTO interacts VALUES(1005238731881, 1, 'Achuu', 1083, 1492174, 0);
INSERT INTO interacts VALUES(1005238731881, 1, 'Achuu', 1037, 1496530, 1);
INSERT INTO interacts VALUES(1005238731881, 1, 'fabFabulous', 3057, 1509340, 1);
INSERT INTO interacts VALUES(1005238731881, 1, 'Darshan', 1029, 1514082, 1);
INSERT INTO interacts VALUES(1005238731881, 1, 'aphromoo', 3108, 1521215, 1);
INSERT INTO interacts VALUES(1005238731881, 1, 'aphromoo', 3364, 1523105, 1);
INSERT INTO interacts VALUES(1005238731881, 1, 'aphromoo', 2010, 1523956, 1);
INSERT INTO interacts VALUES(1005238731881, 1, 'aphromoo', 2010, 1524115, 1);
INSERT INTO interacts VALUES(1005238731881, 1, 'Huhi', 1011, 1532527, 1);
INSERT INTO interacts VALUES(1005238731881, 1, 'Huhi', 2010, 1533722, 1);
INSERT INTO interacts VALUES(1005238731881, 1, 'Huhi', 2010, 1533923, 1);
INSERT INTO interacts VALUES(1005238731881, 1, 'Stixxay', 3155, 1534119, 1);
INSERT INTO interacts VALUES(1005238731881, 1, 'Stixxay', 3134, 1536928, 1);
INSERT INTO interacts VALUES(1005238731881, 1, 'Naru', 3135, 1581191, 1);
INSERT INTO interacts VALUES(1005238731881, 1, 'Stomaged', 3046, 1582174, 1);
INSERT INTO interacts VALUES(1005238731881, 1, 'Stomaged', 2043, 1583348, 1);
INSERT INTO interacts VALUES(1005238731881, 1, 'Stomaged', 2043, 1583710, 1);
INSERT INTO interacts VALUES(1005238731881, 1, 'Dumbledoge', 3190, 1586726, 1);
INSERT INTO interacts VALUES(1005238731881, 1, 'Dumbledoge', 2010, 1588956, 1);
INSERT INTO interacts VALUES(1005238731881, 1, 'Dumbledoge', 2043, 1589345, 1);
INSERT INTO interacts VALUES(1005238731881, 1, 'fabFabulous', 1082, 1609744, 0);
INSERT INTO interacts VALUES(1005238731881, 1, 'fabFabulous', 3024, 1611287, 1);
INSERT INTO interacts VALUES(1005238731881, 1, 'Darshan', 3024, 1636917, 1);
INSERT INTO interacts VALUES(1005238731881, 1, 'Stixxay', 3156, 1637931, 1);
INSERT INTO interacts VALUES(1005238731881, 1, 'Xmithie', 3134, 1639245, 1);
INSERT INTO interacts VALUES(1005238731881, 1, 'aphromoo', 3060, 1642828, 1);
INSERT INTO interacts VALUES(1005238731881, 1, 'Stixxay', 1033, 1642989, 1);
INSERT INTO interacts VALUES(1005238731881, 1, 'aphromoo', 1057, 1649491, 1);
INSERT INTO interacts VALUES(1005238731881, 1, 'Huhi', 3116, 1657613, 1);
INSERT INTO interacts VALUES(1005238731881, 1, 'Huhi', 2010, 1658901, 1);
INSERT INTO interacts VALUES(1005238731881, 1, 'Dumbledoge', 1028, 1672355, 1);
INSERT INTO interacts VALUES(1005238731881, 1, 'Dumbledoge', 3364, 1672850, 1);
INSERT INTO interacts VALUES(1005238731881, 1, 'fabFabulous', 3025, 1673832, 1);
INSERT INTO interacts VALUES(1005238731881, 1, 'Achuu', 3035, 1760463, 1);
INSERT INTO interacts VALUES(1005238731881, 1, 'Stomaged', 1036, 1761861, 1);
INSERT INTO interacts VALUES(1005238731881, 1, 'Stomaged', 1036, 1762216, 1);
INSERT INTO interacts VALUES(1005238731881, 1, 'fabFabulous', 1323, 1771186, 1);
INSERT INTO interacts VALUES(1005238731881, 1, 'Dumbledoge', 3067, 1801932, 1);
INSERT INTO interacts VALUES(1005238731881, 1, 'Naru', 3020, 1806502, 1);
INSERT INTO series VALUES(16211550724, 1);
INSERT INTO organizes VALUES('msi_2016', 16211550724, 'group_stage - G2-vs-RNG');
INSERT INTO competes VALUES(16211550724, 'G2', 1);
INSERT INTO competes VALUES(16211550724, 'RNG', 0);
INSERT INTO matches VALUES(16211550724, 1, '2016-05-06');
INSERT INTO scores VALUES('G2', 16211550724, 1, 1, 7, 0, 0, 2, 0);
INSERT INTO scores VALUES('RNG', 16211550724, 1, 1, 9, 2, 1, 2, 1);
INSERT INTO bans VALUES(16211550724, 1, 29, 1);
INSERT INTO bans VALUES(16211550724, 1, 203, 3);
INSERT INTO bans VALUES(16211550724, 1, 57, 5);
INSERT INTO bans VALUES(16211550724, 1, 238, 2);
INSERT INTO bans VALUES(16211550724, 1, 432, 4);
INSERT INTO bans VALUES(16211550724, 1, 429, 6);
INSERT INTO plays VALUES(16211550724, 1, 'Kikis', 78, 'Top', 0, 1, 3, 11152, 20, 7, 271, 2, 1, 13260);
INSERT INTO plays VALUES(16211550724, 1, 'Trick', 76, 'Jungle', 2, 1, 3, 14006, 30, 22, 51, 120, 23, 13800);
INSERT INTO plays VALUES(16211550724, 1, 'Perkz', 268, 'Mid', 1, 4, 1, 16304, 18, 11, 294, 19, 2, 13365);
INSERT INTO plays VALUES(16211550724, 1, 'Emperor', 236, 'ADC', 2, 3, 1, 12499, 18, 9, 314, 18, 1, 14701);
INSERT INTO plays VALUES(16211550724, 1, 'Hybrid', 12, 'Support', 0, 3, 4, 2142, 49, 11, 42, 0, 0, 9241);
INSERT INTO plays VALUES(16211550724, 1, 'Looper', 245, 'Top', 1, 0, 5, 9124, 23, 6, 280, 2, 4, 14424);
INSERT INTO plays VALUES(16211550724, 1, 'mlxg', 104, 'Jungle', 3, 0, 5, 15296, 33, 18, 53, 122, 30, 14972);
INSERT INTO plays VALUES(16211550724, 1, 'xiaohu', 7, 'Mid', 2, 3, 5, 22771, 24, 8, 300, 9, 2, 14707);
INSERT INTO plays VALUES(16211550724, 1, 'Wuxx', 15, 'ADC', 4, 1, 5, 26243, 15, 12, 360, 19, 2, 17504);
INSERT INTO plays VALUES(16211550724, 1, 'Mata', 201, 'Support', 2, 1, 5, 4439, 60, 17, 46, 0, 1, 10291);
INSERT INTO interacts VALUES(16211550724, 1, 'Mata', 3302, 1649, 1);
INSERT INTO interacts VALUES(16211550724, 1, 'Hybrid', 3302, 1976, 1);
INSERT INTO interacts VALUES(16211550724, 1, 'Mata', 3340, 2124, 1);
INSERT INTO interacts VALUES(16211550724, 1, 'Kikis', 2033, 2142, 1);
INSERT INTO interacts VALUES(16211550724, 1, 'Hybrid', 2010, 2206, 1);
INSERT INTO interacts VALUES(16211550724, 1, 'Wuxx', 1055, 2241, 1);
INSERT INTO interacts VALUES(16211550724, 1, 'Trick', 1039, 2337, 1);
INSERT INTO interacts VALUES(16211550724, 1, 'Hybrid', 2010, 2337, 1);
INSERT INTO interacts VALUES(16211550724, 1, 'Kikis', 3340, 2404, 1);
INSERT INTO interacts VALUES(16211550724, 1, 'Mata', 2010, 2404, 1);
INSERT INTO interacts VALUES(16211550724, 1, 'Wuxx', 2010, 2441, 1);
INSERT INTO interacts VALUES(16211550724, 1, 'Hybrid', 2010, 2503, 1);
INSERT INTO interacts VALUES(16211550724, 1, 'Trick', 2031, 2537, 1);
INSERT INTO interacts VALUES(16211550724, 1, 'Mata', 2010, 2569, 1);
INSERT INTO interacts VALUES(16211550724, 1, 'Perkz', 1056, 2668, 1);
INSERT INTO interacts VALUES(16211550724, 1, 'Mata', 2010, 2738, 1);
INSERT INTO interacts VALUES(16211550724, 1, 'Hybrid', 3340, 2738, 1);
INSERT INTO interacts VALUES(16211550724, 1, 'Wuxx', 3340, 2919, 1);
INSERT INTO interacts VALUES(16211550724, 1, 'Emperor', 1055, 2960, 1);
INSERT INTO interacts VALUES(16211550724, 1, 'Trick', 3340, 2994, 1);
INSERT INTO interacts VALUES(16211550724, 1, 'Looper', 3340, 3030, 1);
INSERT INTO interacts VALUES(16211550724, 1, 'Emperor', 2010, 3189, 1);
INSERT INTO interacts VALUES(16211550724, 1, 'Emperor', 3340, 3392, 1);
INSERT INTO interacts VALUES(16211550724, 1, 'Perkz', 2010, 3621, 1);
INSERT INTO interacts VALUES(16211550724, 1, 'Perkz', 2010, 3820, 1);
INSERT INTO interacts VALUES(16211550724, 1, 'Looper', 2033, 4051, 1);
INSERT INTO interacts VALUES(16211550724, 1, 'Perkz', 3340, 4181, 1);
INSERT INTO interacts VALUES(16211550724, 1, 'mlxg', 1039, 5992, 1);
INSERT INTO interacts VALUES(16211550724, 1, 'mlxg', 2031, 7044, 1);
INSERT INTO interacts VALUES(16211550724, 1, 'mlxg', 3340, 7406, 1);
INSERT INTO interacts VALUES(16211550724, 1, 'xiaohu', 1056, 9373, 1);
INSERT INTO interacts VALUES(16211550724, 1, 'xiaohu', 2003, 9762, 1);
INSERT INTO interacts VALUES(16211550724, 1, 'xiaohu', 2003, 10060, 1);
INSERT INTO interacts VALUES(16211550724, 1, 'xiaohu', 3340, 10493, 1);
INSERT INTO interacts VALUES(16211550724, 1, 'Perkz', 2043, 163017, 1);
INSERT INTO interacts VALUES(16211550724, 1, 'Perkz', 2010, 163402, 1);
INSERT INTO interacts VALUES(16211550724, 1, 'xiaohu', 1056, 187021, 1);
INSERT INTO interacts VALUES(16211550724, 1, 'xiaohu', 2043, 188330, 1);
INSERT INTO interacts VALUES(16211550724, 1, 'xiaohu', 2003, 190252, 1);
INSERT INTO interacts VALUES(16211550724, 1, 'Emperor', 1083, 209428, 1);
INSERT INTO interacts VALUES(16211550724, 1, 'Emperor', 2043, 210015, 1);
INSERT INTO interacts VALUES(16211550724, 1, 'Emperor', 2010, 210347, 1);
INSERT INTO interacts VALUES(16211550724, 1, 'Hybrid', 2043, 214066, 1);
INSERT INTO interacts VALUES(16211550724, 1, 'Wuxx', 1083, 214560, 1);
INSERT INTO interacts VALUES(16211550724, 1, 'Hybrid', 1028, 214652, 1);
INSERT INTO interacts VALUES(16211550724, 1, 'Wuxx', 1001, 215884, 1);
INSERT INTO interacts VALUES(16211550724, 1, 'Wuxx', 2043, 219956, 1);
INSERT INTO interacts VALUES(16211550724, 1, 'Perkz', 1056, 241428, 1);
INSERT INTO interacts VALUES(16211550724, 1, 'Mata', 1028, 249479, 1);
INSERT INTO interacts VALUES(16211550724, 1, 'Mata', 2043, 251371, 1);
INSERT INTO interacts VALUES(16211550724, 1, 'Looper', 1001, 253439, 1);
INSERT INTO interacts VALUES(16211550724, 1, 'Looper', 1082, 255005, 1);
INSERT INTO interacts VALUES(16211550724, 1, 'Kikis', 1001, 265486, 1);
INSERT INTO interacts VALUES(16211550724, 1, 'Kikis', 1033, 266948, 1);
INSERT INTO interacts VALUES(16211550724, 1, 'Perkz', 1033, 320897, 1);
INSERT INTO interacts VALUES(16211550724, 1, 'Perkz', 2043, 322041, 1);
INSERT INTO interacts VALUES(16211550724, 1, 'Perkz', 2010, 322303, 1);
INSERT INTO interacts VALUES(16211550724, 1, 'xiaohu', 3108, 336264, 1);
INSERT INTO interacts VALUES(16211550724, 1, 'xiaohu', 2003, 337812, 1);
INSERT INTO interacts VALUES(16211550724, 1, 'Emperor', 1036, 338089, 1);
INSERT INTO interacts VALUES(16211550724, 1, 'Emperor', 1036, 338252, 1);
INSERT INTO interacts VALUES(16211550724, 1, 'Trick', 3711, 342806, 1);
INSERT INTO interacts VALUES(16211550724, 1, 'Trick', 1052, 343198, 1);
INSERT INTO interacts VALUES(16211550724, 1, 'Hybrid', 2049, 343538, 1);
INSERT INTO interacts VALUES(16211550724, 1, 'Trick', 3113, 343978, 1);
INSERT INTO interacts VALUES(16211550724, 1, 'Wuxx', 1036, 344143, 1);
INSERT INTO interacts VALUES(16211550724, 1, 'Hybrid', 2043, 344791, 1);
INSERT INTO interacts VALUES(16211550724, 1, 'Trick', 2043, 344955, 1);
INSERT INTO interacts VALUES(16211550724, 1, 'Hybrid', 3341, 345219, 1);
INSERT INTO interacts VALUES(16211550724, 1, 'mlxg', 3711, 364907, 1);
INSERT INTO interacts VALUES(16211550724, 1, 'mlxg', 3133, 365957, 1);
INSERT INTO interacts VALUES(16211550724, 1, 'mlxg', 1004, 366664, 1);
INSERT INTO interacts VALUES(16211550724, 1, 'mlxg', 2043, 368818, 1);
INSERT INTO interacts VALUES(16211550724, 1, 'Mata', 2049, 373549, 1);
INSERT INTO interacts VALUES(16211550724, 1, 'Mata', 2043, 373937, 1);
INSERT INTO interacts VALUES(16211550724, 1, 'Mata', 3341, 375408, 1);
INSERT INTO interacts VALUES(16211550724, 1, 'Looper', 1028, 391750, 1);
INSERT INTO interacts VALUES(16211550724, 1, 'Looper', 1029, 392596, 1);
INSERT INTO interacts VALUES(16211550724, 1, 'Looper', 2043, 393414, 1);
INSERT INTO interacts VALUES(16211550724, 1, 'Kikis', 3211, 403590, 1);
INSERT INTO interacts VALUES(16211550724, 1, 'Kikis', 2043, 404078, 1);
INSERT INTO interacts VALUES(16211550724, 1, 'xiaohu', 3114, 479601, 1);
INSERT INTO interacts VALUES(16211550724, 1, 'xiaohu', 1001, 482147, 1);
INSERT INTO interacts VALUES(16211550724, 1, 'Emperor', 1038, 488240, 1);
INSERT INTO interacts VALUES(16211550724, 1, 'mlxg', 1408, 490515, 1);
INSERT INTO interacts VALUES(16211550724, 1, 'mlxg', 1001, 491749, 1);
INSERT INTO interacts VALUES(16211550724, 1, 'Kikis', 1028, 492365, 1);
INSERT INTO interacts VALUES(16211550724, 1, 'mlxg', 2043, 492794, 1);
INSERT INTO interacts VALUES(16211550724, 1, 'mlxg', 3341, 493896, 1);
INSERT INTO interacts VALUES(16211550724, 1, 'Hybrid', 1001, 497380, 1);
INSERT INTO interacts VALUES(16211550724, 1, 'Perkz', 3101, 497839, 1);
INSERT INTO interacts VALUES(16211550724, 1, 'Perkz', 2010, 498491, 1);
INSERT INTO interacts VALUES(16211550724, 1, 'Hybrid', 1028, 499599, 1);
INSERT INTO interacts VALUES(16211550724, 1, 'Mata', 1001, 507231, 1);
INSERT INTO interacts VALUES(16211550724, 1, 'Wuxx', 1038, 508211, 1);
INSERT INTO interacts VALUES(16211550724, 1, 'Mata', 2043, 509474, 1);
INSERT INTO interacts VALUES(16211550724, 1, 'Wuxx', 2010, 511559, 0);
INSERT INTO interacts VALUES(16211550724, 1, 'Wuxx', 3133, 515574, 1);
INSERT INTO interacts VALUES(16211550724, 1, 'Trick', 1410, 515963, 1);
INSERT INTO interacts VALUES(16211550724, 1, 'Trick', 1001, 516839, 1);
INSERT INTO interacts VALUES(16211550724, 1, 'Trick', 2043, 517101, 1);
INSERT INTO interacts VALUES(16211550724, 1, 'xiaohu', 1052, 548130, 1);
INSERT INTO interacts VALUES(16211550724, 1, 'Emperor', 3133, 564355, 1);
INSERT INTO interacts VALUES(16211550724, 1, 'mlxg', 3009, 577303, 1);
INSERT INTO interacts VALUES(16211550724, 1, 'Emperor', 1001, 577811, 1);
INSERT INTO interacts VALUES(16211550724, 1, 'Perkz', 1057, 597393, 1);
INSERT INTO interacts VALUES(16211550724, 1, 'Perkz', 1001, 597927, 1);
INSERT INTO interacts VALUES(16211550724, 1, 'Looper', 3751, 616901, 1);
INSERT INTO interacts VALUES(16211550724, 1, 'Looper', 1033, 618180, 1);
INSERT INTO interacts VALUES(16211550724, 1, 'Hybrid', 3009, 624800, 1);
INSERT INTO interacts VALUES(16211550724, 1, 'Hybrid', 2043, 625956, 1);
INSERT INTO interacts VALUES(16211550724, 1, 'Mata', 3009, 632005, 1);
INSERT INTO interacts VALUES(16211550724, 1, 'Trick', 3010, 656993, 1);
INSERT INTO interacts VALUES(16211550724, 1, 'Trick', 3364, 658415, 1);
INSERT INTO interacts VALUES(16211550724, 1, 'Kikis', 3751, 697100, 1);
INSERT INTO interacts VALUES(16211550724, 1, 'Kikis', 1029, 700430, 1);
INSERT INTO interacts VALUES(16211550724, 1, 'Hybrid', 2043, 753762, 1);
INSERT INTO interacts VALUES(16211550724, 1, 'xiaohu', 3165, 775355, 1);
INSERT INTO interacts VALUES(16211550724, 1, 'Looper', 3211, 777736, 1);
INSERT INTO interacts VALUES(16211550724, 1, 'xiaohu', 3363, 779284, 1);
INSERT INTO interacts VALUES(16211550724, 1, 'Wuxx', 3508, 780974, 1);
INSERT INTO interacts VALUES(16211550724, 1, 'Wuxx', 1042, 782441, 1);
INSERT INTO interacts VALUES(16211550724, 1, 'Wuxx', 3363, 783092, 1);
INSERT INTO interacts VALUES(16211550724, 1, 'Wuxx', 2043, 783394, 1);
INSERT INTO interacts VALUES(16211550724, 1, 'xiaohu', 1033, 786999, 1);
INSERT INTO interacts VALUES(16211550724, 1, 'xiaohu', 2043, 788236, 1);
INSERT INTO interacts VALUES(16211550724, 1, 'Mata', 3097, 791177, 1);
INSERT INTO interacts VALUES(16211550724, 1, 'mlxg', 1033, 792961, 1);
INSERT INTO interacts VALUES(16211550724, 1, 'mlxg', 1036, 793550, 1);
INSERT INTO interacts VALUES(16211550724, 1, 'mlxg', 2031, 794832, 0);
INSERT INTO interacts VALUES(16211550724, 1, 'mlxg', 1042, 795954, 1);
INSERT INTO interacts VALUES(16211550724, 1, 'Mata', 2043, 797039, 1);
INSERT INTO interacts VALUES(16211550724, 1, 'mlxg', 3364, 797231, 1);
INSERT INTO interacts VALUES(16211550724, 1, 'Kikis', 1031, 825068, 1);
INSERT INTO interacts VALUES(16211550724, 1, 'Trick', 1026, 831671, 1);
INSERT INTO interacts VALUES(16211550724, 1, 'Trick', 1082, 833104, 1);
INSERT INTO interacts VALUES(16211550724, 1, 'Emperor', 3508, 858990, 1);
INSERT INTO interacts VALUES(16211550724, 1, 'Emperor', 1042, 864064, 1);
INSERT INTO interacts VALUES(16211550724, 1, 'Emperor', 2010, 866224, 0);
INSERT INTO interacts VALUES(16211550724, 1, 'Emperor', 1042, 867259, 1);
INSERT INTO interacts VALUES(16211550724, 1, 'Emperor', 3363, 867944, 1);
INSERT INTO interacts VALUES(16211550724, 1, 'Kikis', 3068, 888269, 1);
INSERT INTO interacts VALUES(16211550724, 1, 'Kikis', 2043, 890219, 1);
INSERT INTO interacts VALUES(16211550724, 1, 'Emperor', 3006, 932234, 1);
INSERT INTO interacts VALUES(16211550724, 1, 'Looper', 3068, 951913, 1);
INSERT INTO interacts VALUES(16211550724, 1, 'Perkz', 3001, 971111, 1);
INSERT INTO interacts VALUES(16211550724, 1, 'Mata', 2303, 971178, 1);
INSERT INTO interacts VALUES(16211550724, 1, 'Mata', 2010, 972447, 1);
INSERT INTO interacts VALUES(16211550724, 1, 'Wuxx', 3086, 972834, 1);
INSERT INTO interacts VALUES(16211550724, 1, 'Wuxx', 1042, 973483, 1);
INSERT INTO interacts VALUES(16211550724, 1, 'Perkz', 3020, 979456, 1);
INSERT INTO interacts VALUES(16211550724, 1, 'Perkz', 2010, 979782, 1);
INSERT INTO interacts VALUES(16211550724, 1, 'mlxg', 3086, 982659, 1);
INSERT INTO interacts VALUES(16211550724, 1, 'mlxg', 2043, 985455, 1);
INSERT INTO interacts VALUES(16211550724, 1, 'Hybrid', 2303, 993582, 1);
INSERT INTO interacts VALUES(16211550724, 1, 'Hybrid', 2043, 995265, 1);
INSERT INTO interacts VALUES(16211550724, 1, 'Kikis', 3009, 1000764, 1);
INSERT INTO interacts VALUES(16211550724, 1, 'xiaohu', 3001, 1021083, 1);
INSERT INTO interacts VALUES(16211550724, 1, 'xiaohu', 2043, 1022991, 1);
INSERT INTO interacts VALUES(16211550724, 1, 'Trick', 3027, 1023882, 1);
INSERT INTO interacts VALUES(16211550724, 1, 'Trick', 1028, 1025451, 1);
INSERT INTO interacts VALUES(16211550724, 1, 'Emperor', 3086, 1046933, 1);
INSERT INTO interacts VALUES(16211550724, 1, 'Looper', 3009, 1058896, 1);
INSERT INTO interacts VALUES(16211550724, 1, 'Looper', 2043, 1061590, 1);
INSERT INTO interacts VALUES(16211550724, 1, 'Mata', 1033, 1126780, 1);
INSERT INTO interacts VALUES(16211550724, 1, 'Mata', 2043, 1127565, 1);
INSERT INTO interacts VALUES(16211550724, 1, 'Mata', 2010, 1130088, 1);
INSERT INTO interacts VALUES(16211550724, 1, 'Hybrid', 1033, 1152294, 1);
INSERT INTO interacts VALUES(16211550724, 1, 'Kikis', 3024, 1159892, 1);
INSERT INTO interacts VALUES(16211550724, 1, 'Trick', 1011, 1165936, 1);
INSERT INTO interacts VALUES(16211550724, 1, 'Trick', 2031, 1167305, 0);
INSERT INTO interacts VALUES(16211550724, 1, 'Trick', 2043, 1167892, 1);
INSERT INTO interacts VALUES(16211550724, 1, 'Wuxx', 3087, 1172041, 1);
INSERT INTO interacts VALUES(16211550724, 1, 'Wuxx', 2043, 1173215, 1);
INSERT INTO interacts VALUES(16211550724, 1, 'xiaohu', 3020, 1178281, 1);
INSERT INTO interacts VALUES(16211550724, 1, 'xiaohu', 2043, 1179254, 1);
INSERT INTO interacts VALUES(16211550724, 1, 'Looper', 1029, 1193369, 1);
INSERT INTO interacts VALUES(16211550724, 1, 'mlxg', 3046, 1207201, 1);
INSERT INTO interacts VALUES(16211550724, 1, 'mlxg', 2043, 1209991, 1);
INSERT INTO interacts VALUES(16211550724, 1, 'Emperor', 1083, 1289503, 0);
INSERT INTO interacts VALUES(16211550724, 1, 'Emperor', 3094, 1290123, 1);
INSERT INTO interacts VALUES(16211550724, 1, 'Emperor', 2010, 1292574, 1);
INSERT INTO interacts VALUES(16211550724, 1, 'Emperor', 2043, 1292900, 1);
INSERT INTO interacts VALUES(16211550724, 1, 'Hybrid', 3105, 1293512, 1);
INSERT INTO interacts VALUES(16211550724, 1, 'xiaohu', 2043, 1306345, 1);
INSERT INTO interacts VALUES(16211550724, 1, 'Mata', 3801, 1309394, 1);
INSERT INTO interacts VALUES(16211550724, 1, 'Perkz', 3115, 1315609, 1);
INSERT INTO interacts VALUES(16211550724, 1, 'Perkz', 3363, 1316483, 1);
INSERT INTO interacts VALUES(16211550724, 1, 'Perkz', 2043, 1317398, 1);
INSERT INTO interacts VALUES(16211550724, 1, 'Kikis', 3057, 1321698, 1);
INSERT INTO interacts VALUES(16211550724, 1, 'Looper', 3024, 1334152, 1);
INSERT INTO interacts VALUES(16211550724, 1, 'Wuxx', 1038, 1344510, 1);
INSERT INTO interacts VALUES(16211550724, 1, 'mlxg', 3155, 1372360, 1);
INSERT INTO interacts VALUES(16211550724, 1, 'mlxg', 1036, 1373640, 1);
INSERT INTO interacts VALUES(16211550724, 1, 'Hybrid', 1308, 1416889, 1);
INSERT INTO interacts VALUES(16211550724, 1, 'Perkz', 1028, 1417084, 1);
INSERT INTO interacts VALUES(16211550724, 1, 'Hybrid', 2031, 1418487, 1);
INSERT INTO interacts VALUES(16211550724, 1, 'Wuxx', 3006, 1421820, 1);
INSERT INTO interacts VALUES(16211550724, 1, 'Kikis', 3025, 1425347, 1);
INSERT INTO interacts VALUES(16211550724, 1, 'Kikis', 2043, 1425949, 1);
INSERT INTO interacts VALUES(16211550724, 1, 'Trick', 1058, 1428832, 1);
INSERT INTO interacts VALUES(16211550724, 1, 'Mata', 3105, 1433825, 1);
INSERT INTO interacts VALUES(16211550724, 1, 'Mata', 2043, 1434410, 1);
INSERT INTO interacts VALUES(16211550724, 1, 'xiaohu', 1026, 1438329, 1);
INSERT INTO interacts VALUES(16211550724, 1, 'xiaohu', 1056, 1439273, 0);
INSERT INTO interacts VALUES(16211550724, 1, 'xiaohu', 2043, 1441080, 1);
INSERT INTO interacts VALUES(16211550724, 1, 'Looper', 3025, 1444596, 1);
INSERT INTO interacts VALUES(16211550724, 1, 'Kikis', 1028, 1495066, 1);
INSERT INTO interacts VALUES(16211550724, 1, 'Looper', 1082, 1526423, 0);
INSERT INTO interacts VALUES(16211550724, 1, 'Looper', 3067, 1527817, 1);
INSERT INTO interacts VALUES(16211550724, 1, 'mlxg', 3133, 1550146, 1);
INSERT INTO interacts VALUES(16211550724, 1, 'Kikis', 3067, 1575722, 1);
INSERT INTO interacts VALUES(16211550724, 1, 'Mata', 3190, 1609814, 1);
INSERT INTO interacts VALUES(16211550724, 1, 'Mata', 2043, 1610506, 1);
INSERT INTO interacts VALUES(16211550724, 1, 'Mata', 3364, 1611992, 1);
INSERT INTO interacts VALUES(16211550724, 1, 'xiaohu', 1052, 1619238, 1);
INSERT INTO interacts VALUES(16211550724, 1, 'Hybrid', 3190, 1619371, 1);
INSERT INTO interacts VALUES(16211550724, 1, 'Hybrid', 3364, 1619994, 1);
INSERT INTO interacts VALUES(16211550724, 1, 'Hybrid', 2043, 1620591, 1);
INSERT INTO interacts VALUES(16211550724, 1, 'Emperor', 3156, 1622564, 1);
INSERT INTO interacts VALUES(16211550724, 1, 'Trick', 3116, 1632695, 1);
INSERT INTO interacts VALUES(16211550724, 1, 'Trick', 1057, 1634348, 1);
INSERT INTO interacts VALUES(16211550724, 1, 'xiaohu', 1058, 1635306, 1);
INSERT INTO interacts VALUES(16211550724, 1, 'xiaohu', 1052, 1642833, 1);
INSERT INTO interacts VALUES(16211550724, 1, 'Wuxx', 1083, 1644975, 0);
INSERT INTO interacts VALUES(16211550724, 1, 'Wuxx', 3031, 1645486, 1);
INSERT INTO interacts VALUES(16211550724, 1, 'Wuxx', 2043, 1646199, 1);
INSERT INTO interacts VALUES(16211550724, 1, 'Perkz', 1056, 1651490, 0);
INSERT INTO interacts VALUES(16211550724, 1, 'Looper', 3065, 1651783, 1);
INSERT INTO interacts VALUES(16211550724, 1, 'Looper', 2043, 1652240, 1);
INSERT INTO interacts VALUES(16211550724, 1, 'Perkz', 1058, 1653578, 1);
INSERT INTO interacts VALUES(16211550724, 1, 'Perkz', 1011, 1654038, 1);
INSERT INTO interacts VALUES(16211550724, 1, 'Kikis', 3065, 1681096, 1);
INSERT INTO interacts VALUES(16211550724, 1, 'Looper', 2043, 1683055, 1);
INSERT INTO interacts VALUES(16211550724, 1, 'xiaohu', 3135, 1713983, 1);
INSERT INTO interacts VALUES(16211550724, 1, 'xiaohu', 2139, 1715371, 1);
INSERT INTO interacts VALUES(16211550724, 1, 'Hybrid', 1029, 1760960, 1);
INSERT INTO interacts VALUES(16211550724, 1, 'Hybrid', 2043, 1761320, 1);
INSERT INTO interacts VALUES(16211550724, 1, 'Looper', 1029, 1764325, 1);
INSERT INTO interacts VALUES(16211550724, 1, 'Trick', 3158, 1764616, 1);
INSERT INTO interacts VALUES(16211550724, 1, 'Mata', 1029, 1776661, 1);
INSERT INTO interacts VALUES(16211550724, 1, 'Mata', 2043, 1777522, 1);
INSERT INTO interacts VALUES(16211550724, 1, 'Mata', 1029, 1779780, 1);
INSERT INTO interacts VALUES(16211550724, 1, 'Perkz', 3116, 1784994, 1);
INSERT INTO interacts VALUES(16211550724, 1, 'mlxg', 3812, 1788205, 1);
INSERT INTO interacts VALUES(16211550724, 1, 'mlxg', 2043, 1790053, 1);
INSERT INTO interacts VALUES(16211550724, 1, 'mlxg', 2043, 1790236, 1);
INSERT INTO interacts VALUES(16211550724, 1, 'xiaohu', 1056, 1796573, 0);
INSERT INTO interacts VALUES(16211550724, 1, 'xiaohu', 1026, 1797227, 1);
INSERT INTO interacts VALUES(16211550724, 1, 'Emperor', 2010, 1805051, 0);
INSERT INTO interacts VALUES(16211550724, 1, 'Emperor', 1038, 1809194, 1);
INSERT INTO interacts VALUES(16211550724, 1, 'Wuxx', 3155, 1832363, 1);
INSERT INTO interacts VALUES(16211550724, 1, 'Looper', 1031, 1843085, 1);
INSERT INTO interacts VALUES(16211550724, 1, 'Trick', 1331, 1882360, 1);
INSERT INTO interacts VALUES(16211550724, 1, 'Hybrid', 3024, 1891173, 1);
INSERT INTO interacts VALUES(16211550724, 1, 'xiaohu', 2043, 1908192, 1);
INSERT INTO interacts VALUES(16211550724, 1, 'Mata', 3024, 1925788, 1);
INSERT INTO interacts VALUES(16211550724, 1, 'Kikis', 3082, 1927557, 1);
INSERT INTO interacts VALUES(16211550724, 1, 'Mata', 2043, 1927722, 1);
INSERT INTO interacts VALUES(16211550724, 1, 'Mata', 2043, 1927854, 1);
INSERT INTO interacts VALUES(16211550724, 1, 'Trick', 2139, 1934589, 1);
INSERT INTO interacts VALUES(16211550724, 1, 'Looper', 2033, 1955193, 0);
INSERT INTO interacts VALUES(16211550724, 1, 'Looper', 1011, 1956472, 1);
INSERT INTO interacts VALUES(16211550724, 1, 'mlxg', 2043, 1965266, 1);
INSERT INTO interacts VALUES(16211550724, 1, 'xiaohu', 2043, 1976274, 0);
INSERT INTO interacts VALUES(16211550724, 1, 'xiaohu', 1058, 1977696, 1);
INSERT INTO interacts VALUES(16211550724, 1, 'Perkz', 1058, 2067455, 1);
INSERT INTO interacts VALUES(16211550724, 1, 'Hybrid', 1029, 2072974, 1);
INSERT INTO interacts VALUES(16211550724, 1, 'Looper', 1308, 2076289, 1);
INSERT INTO interacts VALUES(16211550724, 1, 'Wuxx', 3156, 2078581, 1);
INSERT INTO interacts VALUES(16211550724, 1, 'Mata', 3082, 2079599, 1);
INSERT INTO interacts VALUES(16211550724, 1, 'Mata', 2043, 2080820, 1);
INSERT INTO interacts VALUES(16211550724, 1, 'Wuxx', 1301, 2082395, 1);
INSERT INTO interacts VALUES(16211550724, 1, 'Emperor', 1055, 2100166, 0);
INSERT INTO interacts VALUES(16211550724, 1, 'Emperor', 3035, 2102640, 1);
INSERT INTO interacts VALUES(16211550724, 1, 'mlxg', 3156, 2121261, 1);
INSERT INTO interacts VALUES(16211550724, 1, 'Kikis', 3143, 2172779, 1);
INSERT INTO interacts VALUES(16211550724, 1, 'Kikis', 2033, 2176279, 0);
INSERT INTO interacts VALUES(16211550724, 1, 'Kikis', 2043, 2176808, 1);
INSERT INTO interacts VALUES(16211550724, 1, 'Looper', 3742, 2180597, 1);
INSERT INTO interacts VALUES(16211550724, 1, 'Looper', 2043, 2181424, 1);
INSERT INTO interacts VALUES(16211550724, 1, 'Hybrid', 3082, 2255503, 1);
INSERT INTO interacts VALUES(16211550724, 1, 'Trick', 3001, 2264947, 1);
INSERT INTO series VALUES(1001164819760, 1);
INSERT INTO organizes VALUES('msi_2016', 1001164819760, 'group_stage - G2-vs-SUP');
INSERT INTO competes VALUES(1001164819760, 'G2', 1);
INSERT INTO competes VALUES(1001164819760, 'SUP', 0);
INSERT INTO matches VALUES(1001164819760, 1, '2016-05-06');
INSERT INTO scores VALUES('G2', 1001164819760, 1, 4, 11, 1, 1, 2, 1);
INSERT INTO scores VALUES('SUP', 1001164819760, 1, 0, 3, 0, 0, 0, 0);
INSERT INTO bans VALUES(1001164819760, 1, 57, 1);
INSERT INTO bans VALUES(1001164819760, 1, 432, 3);
INSERT INTO bans VALUES(1001164819760, 1, 4, 5);
INSERT INTO bans VALUES(1001164819760, 1, 238, 2);
INSERT INTO bans VALUES(1001164819760, 1, 76, 4);
INSERT INTO bans VALUES(1001164819760, 1, 268, 6);
INSERT INTO plays VALUES(1001164819760, 1, 'Kikis', 78, 'Top', 2, 2, 9, 14008, 17, 7, 193, 5, 0, 12145);
INSERT INTO plays VALUES(1001164819760, 1, 'Trick', 104, 'Jungle', 6, 1, 8, 15573, 28, 9, 68, 89, 21, 14147);
INSERT INTO plays VALUES(1001164819760, 1, 'Perkz', 13, 'Mid', 6, 2, 7, 29739, 14, 2, 235, 9, 9, 13837);
INSERT INTO plays VALUES(1001164819760, 1, 'Emperor', 81, 'ADC', 4, 2, 8, 20000, 11, 3, 160, 15, 6, 12205);
INSERT INTO plays VALUES(1001164819760, 1, 'Hybrid', 201, 'Support', 1, 0, 8, 6322, 41, 12, 30, 0, 1, 8932);
INSERT INTO plays VALUES(1001164819760, 1, 'fabFabulous', 245, 'Top', 2, 4, 2, 10936, 15, 2, 189, 1, 0, 9691);
INSERT INTO plays VALUES(1001164819760, 1, 'Stomaged', 203, 'Jungle', 0, 5, 2, 12098, 28, 7, 21, 80, 9, 8898);
INSERT INTO plays VALUES(1001164819760, 1, 'Naru', 7, 'Mid', 5, 4, 1, 13637, 7, 10, 210, 7, 3, 11079);
INSERT INTO plays VALUES(1001164819760, 1, 'Achuu', 236, 'ADC', 0, 2, 3, 24094, 13, 8, 311, 17, 0, 12340);
INSERT INTO plays VALUES(1001164819760, 1, 'Dumbledoge', 16, 'Support', 0, 4, 2, 4955, 36, 9, 19, 0, 0, 6951);
INSERT INTO interacts VALUES(1001164819760, 1, 'Naru', 1056, 1610, 1);
INSERT INTO interacts VALUES(1001164819760, 1, 'Emperor', 1055, 1644, 1);
INSERT INTO interacts VALUES(1001164819760, 1, 'Emperor', 2010, 1854, 1);
INSERT INTO interacts VALUES(1001164819760, 1, 'Naru', 2003, 1904, 1);
INSERT INTO interacts VALUES(1001164819760, 1, 'Emperor', 3340, 2002, 1);
INSERT INTO interacts VALUES(1001164819760, 1, 'Naru', 2003, 2066, 1);
INSERT INTO interacts VALUES(1001164819760, 1, 'Hybrid', 3302, 2196, 1);
INSERT INTO interacts VALUES(1001164819760, 1, 'Perkz', 1056, 2229, 1);
INSERT INTO interacts VALUES(1001164819760, 1, 'Trick', 2031, 2325, 1);
INSERT INTO interacts VALUES(1001164819760, 1, 'Achuu', 1055, 2325, 1);
INSERT INTO interacts VALUES(1001164819760, 1, 'Naru', 3340, 2368, 1);
INSERT INTO interacts VALUES(1001164819760, 1, 'Hybrid', 2010, 2423, 1);
INSERT INTO interacts VALUES(1001164819760, 1, 'Perkz', 2010, 2553, 1);
INSERT INTO interacts VALUES(1001164819760, 1, 'Kikis', 2033, 2553, 1);
INSERT INTO interacts VALUES(1001164819760, 1, 'Hybrid', 2010, 2586, 1);
INSERT INTO interacts VALUES(1001164819760, 1, 'Achuu', 2010, 2625, 1);
INSERT INTO interacts VALUES(1001164819760, 1, 'Trick', 1039, 2683, 1);
INSERT INTO interacts VALUES(1001164819760, 1, 'Hybrid', 2010, 2715, 1);
INSERT INTO interacts VALUES(1001164819760, 1, 'Perkz', 2010, 2715, 1);
INSERT INTO interacts VALUES(1001164819760, 1, 'Kikis', 3340, 2811, 1);
INSERT INTO interacts VALUES(1001164819760, 1, 'Perkz', 3340, 2940, 1);
INSERT INTO interacts VALUES(1001164819760, 1, 'Hybrid', 3340, 2943, 1);
INSERT INTO interacts VALUES(1001164819760, 1, 'Trick', 3340, 3009, 1);
INSERT INTO interacts VALUES(1001164819760, 1, 'Achuu', 3340, 3145, 1);
INSERT INTO interacts VALUES(1001164819760, 1, 'fabFabulous', 2033, 4734, 1);
INSERT INTO interacts VALUES(1001164819760, 1, 'fabFabulous', 3340, 5253, 1);
INSERT INTO interacts VALUES(1001164819760, 1, 'Dumbledoge', 2010, 5640, 1);
INSERT INTO interacts VALUES(1001164819760, 1, 'Dumbledoge', 2010, 5964, 1);
INSERT INTO interacts VALUES(1001164819760, 1, 'Dumbledoge', 2010, 6290, 1);
INSERT INTO interacts VALUES(1001164819760, 1, 'Dumbledoge', 3303, 6973, 1);
INSERT INTO interacts VALUES(1001164819760, 1, 'Stomaged', 1039, 7365, 1);
INSERT INTO interacts VALUES(1001164819760, 1, 'Dumbledoge', 3340, 7853, 1);
INSERT INTO interacts VALUES(1001164819760, 1, 'Stomaged', 2031, 8150, 1);
INSERT INTO interacts VALUES(1001164819760, 1, 'Stomaged', 3340, 8614, 1);
INSERT INTO interacts VALUES(1001164819760, 1, 'Achuu', 1083, 194413, 1);
INSERT INTO interacts VALUES(1001164819760, 1, 'Achuu', 2010, 197985, 1);
INSERT INTO interacts VALUES(1001164819760, 1, 'Emperor', 1083, 201740, 1);
INSERT INTO interacts VALUES(1001164819760, 1, 'Dumbledoge', 2010, 202262, 0);
INSERT INTO interacts VALUES(1001164819760, 1, 'Emperor', 2010, 202556, 1);
INSERT INTO interacts VALUES(1001164819760, 1, 'Emperor', 2043, 202818, 1);
INSERT INTO interacts VALUES(1001164819760, 1, 'Dumbledoge', 1028, 203465, 1);
INSERT INTO interacts VALUES(1001164819760, 1, 'Hybrid', 1028, 206168, 1);
INSERT INTO interacts VALUES(1001164819760, 1, 'Perkz', 1027, 216213, 1);
INSERT INTO interacts VALUES(1001164819760, 1, 'Perkz', 2043, 217143, 1);
INSERT INTO interacts VALUES(1001164819760, 1, 'Perkz', 2010, 217409, 1);
INSERT INTO interacts VALUES(1001164819760, 1, 'Naru', 1026, 232118, 1);
INSERT INTO interacts VALUES(1001164819760, 1, 'Naru', 1001, 233331, 1);
INSERT INTO interacts VALUES(1001164819760, 1, 'Naru', 2003, 233538, 1);
INSERT INTO interacts VALUES(1001164819760, 1, 'fabFabulous', 1082, 235610, 1);
INSERT INTO interacts VALUES(1001164819760, 1, 'fabFabulous', 1001, 237020, 1);
INSERT INTO interacts VALUES(1001164819760, 1, 'Perkz', 3070, 257215, 1);
INSERT INTO interacts VALUES(1001164819760, 1, 'Stomaged', 3711, 292543, 1);
INSERT INTO interacts VALUES(1001164819760, 1, 'Stomaged', 1001, 294051, 1);
INSERT INTO interacts VALUES(1001164819760, 1, 'Stomaged', 2043, 294435, 1);
INSERT INTO interacts VALUES(1001164819760, 1, 'Naru', 1056, 323336, 1);
INSERT INTO interacts VALUES(1001164819760, 1, 'Kikis', 3211, 332077, 1);
INSERT INTO interacts VALUES(1001164819760, 1, 'Kikis', 2043, 332432, 1);
INSERT INTO interacts VALUES(1001164819760, 1, 'Trick', 3711, 353880, 1);
INSERT INTO interacts VALUES(1001164819760, 1, 'Trick', 3133, 354431, 1);
INSERT INTO interacts VALUES(1001164819760, 1, 'Trick', 2043, 356702, 1);
INSERT INTO interacts VALUES(1001164819760, 1, 'Kikis', 1001, 420319, 1);
INSERT INTO interacts VALUES(1001164819760, 1, 'Hybrid', 3341, 442082, 1);
INSERT INTO interacts VALUES(1001164819760, 1, 'Hybrid', 2049, 442638, 1);
INSERT INTO interacts VALUES(1001164819760, 1, 'Hybrid', 2043, 443063, 1);
INSERT INTO interacts VALUES(1001164819760, 1, 'Hybrid', 2010, 443311, 1);
INSERT INTO interacts VALUES(1001164819760, 1, 'Hybrid', 2010, 443424, 1);
INSERT INTO interacts VALUES(1001164819760, 1, 'Emperor', 3070, 446558, 1);
INSERT INTO interacts VALUES(1001164819760, 1, 'Emperor', 2010, 448089, 1);
INSERT INTO interacts VALUES(1001164819760, 1, 'Emperor', 2010, 448516, 1);
INSERT INTO interacts VALUES(1001164819760, 1, 'Dumbledoge', 1001, 465301, 1);
INSERT INTO interacts VALUES(1001164819760, 1, 'Achuu', 1038, 465676, 1);
INSERT INTO interacts VALUES(1001164819760, 1, 'Achuu', 2010, 466885, 1);
INSERT INTO interacts VALUES(1001164819760, 1, 'Dumbledoge', 2049, 466885, 1);
INSERT INTO interacts VALUES(1001164819760, 1, 'Achuu', 2043, 467243, 1);
INSERT INTO interacts VALUES(1001164819760, 1, 'Dumbledoge', 2043, 467535, 1);
INSERT INTO interacts VALUES(1001164819760, 1, 'Trick', 1408, 468092, 1);
INSERT INTO interacts VALUES(1001164819760, 1, 'Dumbledoge', 3341, 468194, 1);
INSERT INTO interacts VALUES(1001164819760, 1, 'Dumbledoge', 2010, 469231, 1);
INSERT INTO interacts VALUES(1001164819760, 1, 'Dumbledoge', 2010, 469526, 1);
INSERT INTO interacts VALUES(1001164819760, 1, 'Stomaged', 1042, 470439, 1);
INSERT INTO interacts VALUES(1001164819760, 1, 'Stomaged', 1042, 470571, 1);
INSERT INTO interacts VALUES(1001164819760, 1, 'Stomaged', 2043, 472086, 1);
INSERT INTO interacts VALUES(1001164819760, 1, 'Trick', 2043, 485284, 1);
INSERT INTO interacts VALUES(1001164819760, 1, 'Trick', 2043, 485424, 1);
INSERT INTO interacts VALUES(1001164819760, 1, 'fabFabulous', 3751, 487789, 1);
INSERT INTO interacts VALUES(1001164819760, 1, 'Naru', 1057, 488600, 1);
INSERT INTO interacts VALUES(1001164819760, 1, 'fabFabulous', 2043, 489216, 1);
INSERT INTO interacts VALUES(1001164819760, 1, 'Naru', 3114, 491150, 1);
INSERT INTO interacts VALUES(1001164819760, 1, 'Perkz', 1028, 496047, 1);
INSERT INTO interacts VALUES(1001164819760, 1, 'Perkz', 1027, 496437, 1);
INSERT INTO interacts VALUES(1001164819760, 1, 'Perkz', 1001, 497485, 1);
INSERT INTO interacts VALUES(1001164819760, 1, 'Perkz', 2010, 498748, 1);
INSERT INTO interacts VALUES(1001164819760, 1, 'Stomaged', 1043, 577356, 1);
INSERT INTO interacts VALUES(1001164819760, 1, 'Trick', 1001, 599250, 1);
INSERT INTO interacts VALUES(1001164819760, 1, 'Trick', 1033, 600814, 1);
INSERT INTO interacts VALUES(1001164819760, 1, 'Achuu', 1036, 601857, 1);
INSERT INTO interacts VALUES(1001164819760, 1, 'Achuu', 1036, 602118, 1);
INSERT INTO interacts VALUES(1001164819760, 1, 'Perkz', 3010, 630372, 1);
INSERT INTO interacts VALUES(1001164819760, 1, 'Perkz', 1033, 631715, 1);
INSERT INTO interacts VALUES(1001164819760, 1, 'Hybrid', 2043, 632095, 1);
INSERT INTO interacts VALUES(1001164819760, 1, 'Hybrid', 2010, 632385, 1);
INSERT INTO interacts VALUES(1001164819760, 1, 'Hybrid', 2010, 632515, 1);
INSERT INTO interacts VALUES(1001164819760, 1, 'Hybrid', 1001, 632874, 1);
INSERT INTO interacts VALUES(1001164819760, 1, 'Stomaged', 2031, 650985, 0);
INSERT INTO interacts VALUES(1001164819760, 1, 'Stomaged', 1411, 652452, 1);
INSERT INTO interacts VALUES(1001164819760, 1, 'Kikis', 3751, 667336, 1);
INSERT INTO interacts VALUES(1001164819760, 1, 'Kikis', 1029, 667932, 1);
INSERT INTO interacts VALUES(1001164819760, 1, 'fabFabulous', 1031, 668292, 1);
INSERT INTO interacts VALUES(1001164819760, 1, 'fabFabulous', 2043, 677310, 1);
INSERT INTO interacts VALUES(1001164819760, 1, 'Perkz', 3111, 685853, 1);
INSERT INTO interacts VALUES(1001164819760, 1, 'Perkz', 3363, 687192, 1);
INSERT INTO interacts VALUES(1001164819760, 1, 'Trick', 3009, 689219, 1);
INSERT INTO interacts VALUES(1001164819760, 1, 'Hybrid', 1028, 703124, 1);
INSERT INTO interacts VALUES(1001164819760, 1, 'Emperor', 3057, 703712, 1);
INSERT INTO interacts VALUES(1001164819760, 1, 'Emperor', 1001, 704825, 1);
INSERT INTO interacts VALUES(1001164819760, 1, 'Emperor', 2010, 712120, 1);
INSERT INTO interacts VALUES(1001164819760, 1, 'Naru', 3001, 725783, 1);
INSERT INTO interacts VALUES(1001164819760, 1, 'Dumbledoge', 3158, 727348, 1);
INSERT INTO interacts VALUES(1001164819760, 1, 'Dumbledoge', 2043, 728395, 1);
INSERT INTO interacts VALUES(1001164819760, 1, 'Dumbledoge', 2010, 728744, 1);
INSERT INTO interacts VALUES(1001164819760, 1, 'Naru', 1052, 728972, 1);
INSERT INTO interacts VALUES(1001164819760, 1, 'Dumbledoge', 2010, 732952, 1);
INSERT INTO interacts VALUES(1001164819760, 1, 'Achuu', 1036, 766332, 1);
INSERT INTO interacts VALUES(1001164819760, 1, 'Achuu', 3133, 769847, 1);
INSERT INTO interacts VALUES(1001164819760, 1, 'Achuu', 1001, 770533, 1);
INSERT INTO interacts VALUES(1001164819760, 1, 'Achuu', 2010, 771302, 1);
INSERT INTO interacts VALUES(1001164819760, 1, 'Stomaged', 3009, 774424, 1);
INSERT INTO interacts VALUES(1001164819760, 1, 'Trick', 3155, 779721, 1);
INSERT INTO interacts VALUES(1001164819760, 1, 'Trick', 2043, 780606, 1);
INSERT INTO interacts VALUES(1001164819760, 1, 'Trick', 3364, 780965, 1);
INSERT INTO interacts VALUES(1001164819760, 1, 'Dumbledoge', 2010, 783440, 1);
INSERT INTO interacts VALUES(1001164819760, 1, 'Dumbledoge', 2010, 783766, 1);
INSERT INTO interacts VALUES(1001164819760, 1, 'Kikis', 3009, 787832, 1);
INSERT INTO interacts VALUES(1001164819760, 1, 'Perkz', 1026, 788027, 1);
INSERT INTO interacts VALUES(1001164819760, 1, 'Perkz', 2043, 789167, 1);
INSERT INTO interacts VALUES(1001164819760, 1, 'Kikis', 2043, 791409, 1);
INSERT INTO interacts VALUES(1001164819760, 1, 'Hybrid', 3097, 823610, 1);
INSERT INTO interacts VALUES(1001164819760, 1, 'Hybrid', 2010, 825783, 0);
INSERT INTO interacts VALUES(1001164819760, 1, 'Hybrid', 1033, 826433, 1);
INSERT INTO interacts VALUES(1001164819760, 1, 'fabFabulous', 3068, 830758, 1);
INSERT INTO interacts VALUES(1001164819760, 1, 'fabFabulous', 1029, 832099, 1);
INSERT INTO interacts VALUES(1001164819760, 1, 'Naru', 3020, 839744, 1);
INSERT INTO interacts VALUES(1001164819760, 1, 'Emperor', 3004, 845951, 1);
INSERT INTO interacts VALUES(1001164819760, 1, 'Perkz', 3027, 871249, 1);
INSERT INTO interacts VALUES(1001164819760, 1, 'Naru', 3108, 875682, 1);
INSERT INTO interacts VALUES(1001164819760, 1, 'Perkz', 2010, 897522, 1);
INSERT INTO interacts VALUES(1001164819760, 1, 'Trick', 1036, 903786, 1);
INSERT INTO interacts VALUES(1001164819760, 1, 'Trick', 1036, 903943, 1);
INSERT INTO interacts VALUES(1001164819760, 1, 'Naru', 3364, 904557, 1);
INSERT INTO interacts VALUES(1001164819760, 1, 'Hybrid', 3801, 906487, 1);
INSERT INTO interacts VALUES(1001164819760, 1, 'Hybrid', 2043, 906908, 1);
INSERT INTO interacts VALUES(1001164819760, 1, 'Kikis', 1031, 935889, 1);
INSERT INTO interacts VALUES(1001164819760, 1, 'Achuu', 3508, 936282, 1);
INSERT INTO interacts VALUES(1001164819760, 1, 'Dumbledoge', 3801, 937454, 1);
INSERT INTO interacts VALUES(1001164819760, 1, 'Achuu', 1042, 938462, 1);
INSERT INTO interacts VALUES(1001164819760, 1, 'Achuu', 3363, 939208, 1);
INSERT INTO interacts VALUES(1001164819760, 1, 'fabFabulous', 1028, 940505, 1);
INSERT INTO interacts VALUES(1001164819760, 1, 'Kikis', 3068, 1025635, 1);
INSERT INTO interacts VALUES(1001164819760, 1, 'Kikis', 1027, 1028329, 1);
INSERT INTO interacts VALUES(1001164819760, 1, 'Emperor', 3024, 1028882, 1);
INSERT INTO interacts VALUES(1001164819760, 1, 'Emperor', 3363, 1032467, 1);
INSERT INTO interacts VALUES(1001164819760, 1, 'Dumbledoge', 2031, 1036545, 1);
INSERT INTO interacts VALUES(1001164819760, 1, 'Stomaged', 3052, 1039343, 1);
INSERT INTO interacts VALUES(1001164819760, 1, 'Stomaged', 2043, 1040331, 1);
INSERT INTO interacts VALUES(1001164819760, 1, 'Stomaged', 3364, 1040915, 1);
INSERT INTO interacts VALUES(1001164819760, 1, 'Hybrid', 3105, 1053185, 1);
INSERT INTO interacts VALUES(1001164819760, 1, 'Hybrid', 2043, 1053885, 1);
INSERT INTO interacts VALUES(1001164819760, 1, 'Hybrid', 2043, 1054016, 1);
INSERT INTO interacts VALUES(1001164819760, 1, 'fabFabulous', 3211, 1073610, 1);
INSERT INTO interacts VALUES(1001164819760, 1, 'Trick', 3156, 1077596, 1);
INSERT INTO interacts VALUES(1001164819760, 1, 'Trick', 2043, 1078409, 1);
INSERT INTO interacts VALUES(1001164819760, 1, 'Naru', 3165, 1084521, 1);
INSERT INTO interacts VALUES(1001164819760, 1, 'Naru', 2043, 1085146, 1);
INSERT INTO interacts VALUES(1001164819760, 1, 'Naru', 2043, 1085256, 1);
INSERT INTO interacts VALUES(1001164819760, 1, 'Achuu', 3086, 1147364, 1);
INSERT INTO interacts VALUES(1001164819760, 1, 'Achuu', 1042, 1148212, 1);
INSERT INTO interacts VALUES(1001164819760, 1, 'Dumbledoge', 1033, 1148212, 1);
INSERT INTO interacts VALUES(1001164819760, 1, 'Stomaged', 1036, 1192939, 1);
INSERT INTO interacts VALUES(1001164819760, 1, 'Stomaged', 1036, 1193246, 1);
INSERT INTO interacts VALUES(1001164819760, 1, 'Stomaged', 2043, 1194927, 1);
INSERT INTO interacts VALUES(1001164819760, 1, 'Stomaged', 2043, 1195191, 1);
INSERT INTO interacts VALUES(1001164819760, 1, 'Kikis', 3057, 1201482, 1);
INSERT INTO interacts VALUES(1001164819760, 1, 'Kikis', 1029, 1202689, 1);
INSERT INTO interacts VALUES(1001164819760, 1, 'Emperor', 3025, 1208713, 1);
INSERT INTO interacts VALUES(1001164819760, 1, 'Emperor', 3158, 1210018, 1);
INSERT INTO interacts VALUES(1001164819760, 1, 'Perkz', 1058, 1211228, 1);
INSERT INTO interacts VALUES(1001164819760, 1, 'Emperor', 1036, 1212009, 1);
INSERT INTO interacts VALUES(1001164819760, 1, 'Hybrid', 3190, 1212436, 1);
INSERT INTO interacts VALUES(1001164819760, 1, 'Hybrid', 2043, 1213415, 1);
INSERT INTO interacts VALUES(1001164819760, 1, 'Perkz', 1057, 1213513, 1);
INSERT INTO interacts VALUES(1001164819760, 1, 'fabFabulous', 3024, 1235014, 1);
INSERT INTO interacts VALUES(1001164819760, 1, 'Dumbledoge', 3105, 1236637, 1);
INSERT INTO interacts VALUES(1001164819760, 1, 'Dumbledoge', 2043, 1237778, 1);
INSERT INTO interacts VALUES(1001164819760, 1, 'Trick', 3086, 1244400, 1);
INSERT INTO interacts VALUES(1001164819760, 1, 'Hybrid', 2043, 1311698, 1);
INSERT INTO interacts VALUES(1001164819760, 1, 'Hybrid', 2043, 1311826, 1);
INSERT INTO interacts VALUES(1001164819760, 1, 'Dumbledoge', 2043, 1319191, 1);
INSERT INTO interacts VALUES(1001164819760, 1, 'Naru', 1058, 1327816, 1);
INSERT INTO interacts VALUES(1001164819760, 1, 'Achuu', 3094, 1328462, 1);
INSERT INTO interacts VALUES(1001164819760, 1, 'Trick', 2031, 1340053, 0);
INSERT INTO interacts VALUES(1001164819760, 1, 'Trick', 1042, 1340733, 1);
INSERT INTO interacts VALUES(1001164819760, 1, 'Trick', 1042, 1340831, 1);
INSERT INTO interacts VALUES(1001164819760, 1, 'Perkz', 3003, 1378916, 1);
INSERT INTO interacts VALUES(1001164819760, 1, 'Stomaged', 3053, 1429348, 1);
INSERT INTO interacts VALUES(1001164819760, 1, 'Stomaged', 1042, 1430016, 1);
INSERT INTO interacts VALUES(1001164819760, 1, 'Naru', 2139, 1442399, 1);
INSERT INTO interacts VALUES(1001164819760, 1, 'Kikis', 3025, 1456630, 1);
INSERT INTO interacts VALUES(1001164819760, 1, 'fabFabulous', 3111, 1459998, 1);
INSERT INTO interacts VALUES(1001164819760, 1, 'Kikis', 1028, 1461234, 1);
INSERT INTO interacts VALUES(1001164819760, 1, 'Trick', 3046, 1468960, 1);
INSERT INTO interacts VALUES(1001164819760, 1, 'Trick', 1036, 1470756, 1);
INSERT INTO interacts VALUES(1001164819760, 1, 'Trick', 1028, 1470990, 1);
INSERT INTO interacts VALUES(1001164819760, 1, 'Hybrid', 2303, 1471051, 1);
INSERT INTO interacts VALUES(1001164819760, 1, 'Hybrid', 3009, 1472919, 1);
INSERT INTO interacts VALUES(1001164819760, 1, 'Hybrid', 3364, 1474070, 1);
INSERT INTO interacts VALUES(1001164819760, 1, 'Hybrid', 2043, 1480383, 1);
INSERT INTO interacts VALUES(1001164819760, 1, 'Emperor', 3155, 1492814, 1);
INSERT INTO interacts VALUES(1001164819760, 1, 'Emperor', 1083, 1494758, 0);
INSERT INTO interacts VALUES(1001164819760, 1, 'Emperor', 3134, 1499070, 1);
INSERT INTO interacts VALUES(1001164819760, 1, 'Perkz', 3001, 1501992, 1);
INSERT INTO interacts VALUES(1001164819760, 1, 'Dumbledoge', 3190, 1508674, 1);
INSERT INTO interacts VALUES(1001164819760, 1, 'Dumbledoge', 3364, 1509199, 1);
INSERT INTO interacts VALUES(1001164819760, 1, 'Achuu', 1038, 1515059, 1);
INSERT INTO interacts VALUES(1001164819760, 1, 'Achuu', 3158, 1517642, 1);
INSERT INTO interacts VALUES(1001164819760, 1, 'Trick', 3044, 1593748, 1);
INSERT INTO interacts VALUES(1001164819760, 1, 'Trick', 1036, 1594227, 1);
INSERT INTO interacts VALUES(1001164819760, 1, 'fabFabulous', 1082, 1618173, 0);
INSERT INTO interacts VALUES(1001164819760, 1, 'fabFabulous', 3057, 1620008, 1);
INSERT INTO interacts VALUES(1001164819760, 1, 'Hybrid', 2043, 1622204, 1);
INSERT INTO interacts VALUES(1001164819760, 1, 'Hybrid', 1029, 1623340, 1);
INSERT INTO interacts VALUES(1001164819760, 1, 'Stomaged', 3086, 1626025, 1);
INSERT INTO interacts VALUES(1001164819760, 1, 'Kikis', 3067, 1626092, 1);
INSERT INTO interacts VALUES(1001164819760, 1, 'Dumbledoge', 2043, 1628720, 1);
INSERT INTO interacts VALUES(1001164819760, 1, 'Dumbledoge', 2043, 1629029, 1);
INSERT INTO interacts VALUES(1001164819760, 1, 'fabFabulous', 3025, 1674908, 1);
INSERT INTO interacts VALUES(1001164819760, 1, 'Naru', 1056, 1679330, 0);
INSERT INTO interacts VALUES(1001164819760, 1, 'Naru', 1026, 1680298, 1);
INSERT INTO interacts VALUES(1001164819760, 1, 'Dumbledoge', 3098, 1683336, 1);
INSERT INTO interacts VALUES(1001164819760, 1, 'Trick', 3133, 1691773, 1);
INSERT INTO interacts VALUES(1001164819760, 1, 'Hybrid', 1029, 1702589, 1);
INSERT INTO interacts VALUES(1001164819760, 1, 'Hybrid', 2043, 1702884, 1);
INSERT INTO interacts VALUES(1001164819760, 1, 'Emperor', 3156, 1722581, 1);
INSERT INTO interacts VALUES(1001164819760, 1, 'fabFabulous', 1028, 1732710, 1);
INSERT INTO interacts VALUES(1001164819760, 1, 'Kikis', 3065, 1733102, 1);
INSERT INTO interacts VALUES(1001164819760, 1, 'Kikis', 2043, 1733589, 1);
INSERT INTO interacts VALUES(1001164819760, 1, 'Perkz', 1058, 1738271, 1);
INSERT INTO interacts VALUES(1001164819760, 1, 'Emperor', 2010, 1748909, 1);
INSERT INTO interacts VALUES(1001164819760, 1, 'Stomaged', 1042, 1752394, 1);
INSERT INTO interacts VALUES(1001164819760, 1, 'Stomaged', 2043, 1753285, 1);
INSERT INTO interacts VALUES(1001164819760, 1, 'Stomaged', 2043, 1753543, 1);
INSERT INTO interacts VALUES(1001164819760, 1, 'Hybrid', 3024, 1771251, 1);
INSERT INTO interacts VALUES(1001164819760, 1, 'Trick', 3071, 1779202, 1);
INSERT INTO interacts VALUES(1001164819760, 1, 'Achuu', 3031, 1786699, 1);
INSERT INTO interacts VALUES(1001164819760, 1, 'Dumbledoge', 2301, 1804851, 1);
INSERT INTO interacts VALUES(1001164819760, 1, 'fabFabulous', 3067, 1851071, 1);
INSERT INTO interacts VALUES(1001164819760, 1, 'Naru', 1056, 1852224, 0);
INSERT INTO interacts VALUES(1001164819760, 1, 'Naru', 3089, 1852681, 1);
INSERT INTO interacts VALUES(1001164819760, 1, 'Trick', 2140, 1854815, 1);
INSERT INTO series VALUES(56092764824, 1);
INSERT INTO organizes VALUES('msi_2016', 56092764824, 'group_stage - RNG-vs-FW');
INSERT INTO competes VALUES(56092764824, 'RNG', 1);
INSERT INTO competes VALUES(56092764824, 'FW', 0);
INSERT INTO matches VALUES(56092764824, 1, '2016-05-06');
INSERT INTO scores VALUES('RNG', 56092764824, 1, 1, 11, 2, 1, 4, 1);
INSERT INTO scores VALUES('FW', 56092764824, 1, 0, 3, 0, 0, 0, 0);
INSERT INTO bans VALUES(56092764824, 1, 81, 1);
INSERT INTO bans VALUES(56092764824, 1, 201, 3);
INSERT INTO bans VALUES(56092764824, 1, 245, 5);
INSERT INTO bans VALUES(56092764824, 1, 29, 2);
INSERT INTO bans VALUES(56092764824, 1, 15, 4);
INSERT INTO bans VALUES(56092764824, 1, 203, 6);
INSERT INTO plays VALUES(56092764824, 1, 'Looper', 78, 'Top', 2, 0, 10, 7694, 15, 4, 169, 2, 5, 11536);
INSERT INTO plays VALUES(56092764824, 1, 'mlxg', 76, 'Jungle', 6, 0, 5, 11683, 28, 14, 32, 83, 42, 13628);
INSERT INTO plays VALUES(56092764824, 1, 'xiaohu', 268, 'Mid', 4, 0, 7, 18340, 19, 12, 264, 10, 4, 13391);
INSERT INTO plays VALUES(56092764824, 1, 'Wuxx', 236, 'ADC', 2, 2, 6, 7763, 16, 4, 236, 16, 1, 13006);
INSERT INTO plays VALUES(56092764824, 1, 'Mata', 12, 'Support', 0, 1, 7, 2035, 41, 9, 22, 0, 0, 7763);
INSERT INTO plays VALUES(56092764824, 1, 'MMD', 57, 'Top', 1, 3, 1, 7060, 14, 1, 144, 7, 0, 8435);
INSERT INTO plays VALUES(56092764824, 1, 'Karsa', 104, 'Jungle', 1, 2, 0, 7971, 11, 18, 74, 68, 11, 9164);
INSERT INTO plays VALUES(56092764824, 1, 'Maple', 13, 'Mid', 1, 3, 2, 11231, 17, 2, 220, 4, 1, 9512);
INSERT INTO plays VALUES(56092764824, 1, 'NL', 51, 'ADC', 0, 2, 2, 8297, 11, 6, 262, 13, 0, 11344);
INSERT INTO plays VALUES(56092764824, 1, 'SwordArt', 25, 'Support', 0, 4, 2, 1658, 36, 11, 12, 1, 1, 6281);
INSERT INTO interacts VALUES(56092764824, 1, 'Mata', 3302, 1471, 1);
INSERT INTO interacts VALUES(56092764824, 1, 'SwordArt', 3340, 1664, 1);
INSERT INTO interacts VALUES(56092764824, 1, 'Mata', 2010, 1729, 1);
INSERT INTO interacts VALUES(56092764824, 1, 'Mata', 2010, 1860, 1);
INSERT INTO interacts VALUES(56092764824, 1, 'Mata', 2010, 1990, 1);
INSERT INTO interacts VALUES(56092764824, 1, 'SwordArt', 3303, 2023, 1);
INSERT INTO interacts VALUES(56092764824, 1, 'NL', 1055, 2120, 1);
INSERT INTO interacts VALUES(56092764824, 1, 'Mata', 3340, 2184, 1);
INSERT INTO interacts VALUES(56092764824, 1, 'SwordArt', 2010, 2379, 1);
INSERT INTO interacts VALUES(56092764824, 1, 'Wuxx', 1055, 2443, 1);
INSERT INTO interacts VALUES(56092764824, 1, 'NL', 2010, 2476, 1);
INSERT INTO interacts VALUES(56092764824, 1, 'SwordArt', 2010, 2540, 1);
INSERT INTO interacts VALUES(56092764824, 1, 'NL', 3340, 2704, 1);
INSERT INTO interacts VALUES(56092764824, 1, 'SwordArt', 2010, 2704, 1);
INSERT INTO interacts VALUES(56092764824, 1, 'Maple', 1027, 2960, 1);
INSERT INTO interacts VALUES(56092764824, 1, 'Wuxx', 2010, 2994, 1);
INSERT INTO interacts VALUES(56092764824, 1, 'Wuxx', 3340, 3159, 1);
INSERT INTO interacts VALUES(56092764824, 1, 'xiaohu', 1056, 3518, 1);
INSERT INTO interacts VALUES(56092764824, 1, 'MMD', 1056, 3552, 1);
INSERT INTO interacts VALUES(56092764824, 1, 'MMD', 2003, 3779, 1);
INSERT INTO interacts VALUES(56092764824, 1, 'Looper', 2033, 3779, 1);
INSERT INTO interacts VALUES(56092764824, 1, 'Karsa', 1041, 3844, 1);
INSERT INTO interacts VALUES(56092764824, 1, 'MMD', 2003, 3878, 1);
INSERT INTO interacts VALUES(56092764824, 1, 'xiaohu', 2003, 4039, 1);
INSERT INTO interacts VALUES(56092764824, 1, 'Looper', 3340, 4073, 1);
INSERT INTO interacts VALUES(56092764824, 1, 'mlxg', 1039, 4073, 1);
INSERT INTO interacts VALUES(56092764824, 1, 'mlxg', 2031, 4495, 1);
INSERT INTO interacts VALUES(56092764824, 1, 'Karsa', 2031, 4559, 1);
INSERT INTO interacts VALUES(56092764824, 1, 'Karsa', 3340, 4889, 1);
INSERT INTO interacts VALUES(56092764824, 1, 'mlxg', 3340, 4962, 1);
INSERT INTO interacts VALUES(56092764824, 1, 'xiaohu', 3340, 5186, 1);
INSERT INTO interacts VALUES(56092764824, 1, 'xiaohu', 2003, 5639, 1);
INSERT INTO interacts VALUES(56092764824, 1, 'MMD', 3340, 5913, 1);
INSERT INTO interacts VALUES(56092764824, 1, 'Maple', 2003, 7325, 1);
INSERT INTO interacts VALUES(56092764824, 1, 'Maple', 2003, 7471, 1);
INSERT INTO interacts VALUES(56092764824, 1, 'Maple', 2003, 7604, 1);
INSERT INTO interacts VALUES(56092764824, 1, 'Maple', 3340, 7965, 1);
INSERT INTO interacts VALUES(56092764824, 1, 'SwordArt', 1028, 215646, 1);
INSERT INTO interacts VALUES(56092764824, 1, 'NL', 1083, 216655, 1);
INSERT INTO interacts VALUES(56092764824, 1, 'SwordArt', 2043, 216825, 1);
INSERT INTO interacts VALUES(56092764824, 1, 'NL', 1001, 217570, 1);
INSERT INTO interacts VALUES(56092764824, 1, 'NL', 2010, 222170, 1);
INSERT INTO interacts VALUES(56092764824, 1, 'Wuxx', 1083, 229969, 1);
INSERT INTO interacts VALUES(56092764824, 1, 'Wuxx', 1001, 231206, 1);
INSERT INTO interacts VALUES(56092764824, 1, 'Wuxx', 2010, 231500, 1);
INSERT INTO interacts VALUES(56092764824, 1, 'Wuxx', 2043, 231766, 1);
INSERT INTO interacts VALUES(56092764824, 1, 'Mata', 1028, 243758, 1);
INSERT INTO interacts VALUES(56092764824, 1, 'Mata', 2043, 244565, 1);
INSERT INTO interacts VALUES(56092764824, 1, 'Looper', 1028, 265792, 1);
INSERT INTO interacts VALUES(56092764824, 1, 'Looper', 1001, 267219, 1);
INSERT INTO interacts VALUES(56092764824, 1, 'MMD', 1056, 281843, 1);
INSERT INTO interacts VALUES(56092764824, 1, 'MMD', 1001, 282070, 1);
INSERT INTO interacts VALUES(56092764824, 1, 'MMD', 2043, 283471, 1);
INSERT INTO interacts VALUES(56092764824, 1, 'mlxg', 3711, 291243, 1);
INSERT INTO interacts VALUES(56092764824, 1, 'Maple', 3070, 291546, 1);
INSERT INTO interacts VALUES(56092764824, 1, 'mlxg', 1052, 293814, 1);
INSERT INTO interacts VALUES(56092764824, 1, 'Maple', 1028, 296031, 1);
INSERT INTO interacts VALUES(56092764824, 1, 'mlxg', 1052, 296194, 1);
INSERT INTO interacts VALUES(56092764824, 1, 'mlxg', 2043, 296616, 1);
INSERT INTO interacts VALUES(56092764824, 1, 'Maple', 2043, 296777, 1);
INSERT INTO interacts VALUES(56092764824, 1, 'Maple', 2003, 297198, 1);
INSERT INTO interacts VALUES(56092764824, 1, 'Maple', 2003, 298204, 1);
INSERT INTO interacts VALUES(56092764824, 1, 'xiaohu', 3101, 305209, 1);
INSERT INTO interacts VALUES(56092764824, 1, 'xiaohu', 3108, 308625, 1);
INSERT INTO interacts VALUES(56092764824, 1, 'xiaohu', 1042, 310040, 1);
INSERT INTO interacts VALUES(56092764824, 1, 'xiaohu', 2003, 311399, 1);
INSERT INTO interacts VALUES(56092764824, 1, 'xiaohu', 2043, 311819, 1);
INSERT INTO interacts VALUES(56092764824, 1, 'Karsa', 3715, 316584, 1);
INSERT INTO interacts VALUES(56092764824, 1, 'Karsa', 1036, 317534, 1);
INSERT INTO interacts VALUES(56092764824, 1, 'Karsa', 2032, 322167, 1);
INSERT INTO interacts VALUES(56092764824, 1, 'Maple', 1027, 333358, 1);
INSERT INTO interacts VALUES(56092764824, 1, 'SwordArt', 2010, 340808, 0);
INSERT INTO interacts VALUES(56092764824, 1, 'SwordArt', 2010, 341035, 0);
INSERT INTO interacts VALUES(56092764824, 1, 'SwordArt', 3341, 342275, 1);
INSERT INTO interacts VALUES(56092764824, 1, 'SwordArt', 2049, 342818, 1);
INSERT INTO interacts VALUES(56092764824, 1, 'Wuxx', 2043, 350619, 1);
INSERT INTO interacts VALUES(56092764824, 1, 'NL', 3009, 351141, 1);
INSERT INTO interacts VALUES(56092764824, 1, 'xiaohu', 1042, 361455, 1);
INSERT INTO interacts VALUES(56092764824, 1, 'Mata', 2049, 382687, 1);
INSERT INTO interacts VALUES(56092764824, 1, 'Mata', 2043, 383673, 1);
INSERT INTO interacts VALUES(56092764824, 1, 'mlxg', 3113, 387211, 1);
INSERT INTO interacts VALUES(56092764824, 1, 'mlxg', 2032, 388746, 1);
INSERT INTO interacts VALUES(56092764824, 1, 'Looper', 3751, 403068, 1);
INSERT INTO interacts VALUES(56092764824, 1, 'SwordArt', 1001, 457771, 1);
INSERT INTO interacts VALUES(56092764824, 1, 'SwordArt', 2043, 458647, 1);
INSERT INTO interacts VALUES(56092764824, 1, 'SwordArt', 2010, 458909, 1);
INSERT INTO interacts VALUES(56092764824, 1, 'Looper', 2043, 462969, 1);
INSERT INTO interacts VALUES(56092764824, 1, 'MMD', 3751, 466057, 1);
INSERT INTO interacts VALUES(56092764824, 1, 'NL', 1038, 485620, 1);
INSERT INTO interacts VALUES(56092764824, 1, 'Mata', 1001, 514922, 1);
INSERT INTO interacts VALUES(56092764824, 1, 'Wuxx', 1038, 516861, 1);
INSERT INTO interacts VALUES(56092764824, 1, 'Mata', 2031, 517512, 1);
INSERT INTO interacts VALUES(56092764824, 1, 'Wuxx', 3006, 524008, 1);
INSERT INTO interacts VALUES(56092764824, 1, 'mlxg', 1410, 550507, 1);
INSERT INTO interacts VALUES(56092764824, 1, 'mlxg', 1001, 551754, 1);
INSERT INTO interacts VALUES(56092764824, 1, 'mlxg', 2043, 552230, 1);
INSERT INTO interacts VALUES(56092764824, 1, 'mlxg', 3341, 552647, 1);
INSERT INTO interacts VALUES(56092764824, 1, 'Karsa', 1412, 569312, 1);
INSERT INTO interacts VALUES(56092764824, 1, 'Looper', 3111, 604695, 1);
INSERT INTO interacts VALUES(56092764824, 1, 'Maple', 1026, 629058, 1);
INSERT INTO interacts VALUES(56092764824, 1, 'Maple', 3010, 630297, 1);
INSERT INTO interacts VALUES(56092764824, 1, 'Maple', 1001, 631430, 1);
INSERT INTO interacts VALUES(56092764824, 1, 'Maple', 2031, 633774, 1);
INSERT INTO interacts VALUES(56092764824, 1, 'Maple', 2043, 633969, 1);
INSERT INTO interacts VALUES(56092764824, 1, 'MMD', 1028, 677415, 1);
INSERT INTO interacts VALUES(56092764824, 1, 'MMD', 1033, 677859, 1);
INSERT INTO interacts VALUES(56092764824, 1, 'SwordArt', 3158, 689841, 1);
INSERT INTO interacts VALUES(56092764824, 1, 'xiaohu', 3115, 690486, 1);
INSERT INTO interacts VALUES(56092764824, 1, 'SwordArt', 2043, 691164, 1);
INSERT INTO interacts VALUES(56092764824, 1, 'SwordArt', 2031, 691495, 1);
INSERT INTO interacts VALUES(56092764824, 1, 'xiaohu', 1001, 691979, 1);
INSERT INTO interacts VALUES(56092764824, 1, 'Karsa', 1001, 692239, 1);
INSERT INTO interacts VALUES(56092764824, 1, 'mlxg', 1057, 692468, 1);
INSERT INTO interacts VALUES(56092764824, 1, 'NL', 1037, 692729, 1);
INSERT INTO interacts VALUES(56092764824, 1, 'Karsa', 1039, 692857, 1);
INSERT INTO interacts VALUES(56092764824, 1, 'xiaohu', 1028, 693495, 1);
INSERT INTO interacts VALUES(56092764824, 1, 'mlxg', 3364, 693899, 1);
INSERT INTO interacts VALUES(56092764824, 1, 'mlxg', 2043, 694094, 1);
INSERT INTO interacts VALUES(56092764824, 1, 'NL', 2010, 694387, 1);
INSERT INTO interacts VALUES(56092764824, 1, 'Karsa', 1036, 694387, 1);
INSERT INTO interacts VALUES(56092764824, 1, 'Karsa', 2043, 695135, 1);
INSERT INTO interacts VALUES(56092764824, 1, 'xiaohu', 2043, 695168, 1);
INSERT INTO interacts VALUES(56092764824, 1, 'xiaohu', 3363, 699007, 1);
INSERT INTO interacts VALUES(56092764824, 1, 'Mata', 3009, 714338, 1);
INSERT INTO interacts VALUES(56092764824, 1, 'Looper', 1033, 747583, 1);
INSERT INTO interacts VALUES(56092764824, 1, 'Looper', 1028, 749219, 1);
INSERT INTO interacts VALUES(56092764824, 1, 'SwordArt', 2043, 780913, 1);
INSERT INTO interacts VALUES(56092764824, 1, 'Mata', 2043, 784320, 1);
INSERT INTO interacts VALUES(56092764824, 1, 'Mata', 3341, 785754, 1);
INSERT INTO interacts VALUES(56092764824, 1, 'Wuxx', 3133, 789465, 1);
INSERT INTO interacts VALUES(56092764824, 1, 'MMD', 3111, 793776, 1);
INSERT INTO interacts VALUES(56092764824, 1, 'Maple', 3027, 808840, 1);
INSERT INTO interacts VALUES(56092764824, 1, 'Maple', 2043, 810161, 1);
INSERT INTO interacts VALUES(56092764824, 1, 'xiaohu', 1011, 810208, 1);
INSERT INTO interacts VALUES(56092764824, 1, 'xiaohu', 2043, 811787, 1);
INSERT INTO interacts VALUES(56092764824, 1, 'Maple', 3363, 812111, 1);
INSERT INTO interacts VALUES(56092764824, 1, 'NL', 2010, 824091, 0);
INSERT INTO interacts VALUES(56092764824, 1, 'NL', 2010, 824220, 0);
INSERT INTO interacts VALUES(56092764824, 1, 'NL', 1018, 825849, 1);
INSERT INTO interacts VALUES(56092764824, 1, 'NL', 3363, 831258, 1);
INSERT INTO interacts VALUES(56092764824, 1, 'MMD', 3211, 875713, 1);
INSERT INTO interacts VALUES(56092764824, 1, 'xiaohu', 1033, 884713, 1);
INSERT INTO interacts VALUES(56092764824, 1, 'mlxg', 3001, 904443, 1);
INSERT INTO interacts VALUES(56092764824, 1, 'Karsa', 3155, 908251, 1);
INSERT INTO interacts VALUES(56092764824, 1, 'Karsa', 2043, 909243, 1);
INSERT INTO interacts VALUES(56092764824, 1, 'Karsa', 2043, 909406, 1);
INSERT INTO interacts VALUES(56092764824, 1, 'Karsa', 3364, 909830, 1);
INSERT INTO interacts VALUES(56092764824, 1, 'Wuxx', 3508, 943799, 1);
INSERT INTO interacts VALUES(56092764824, 1, 'Wuxx', 1051, 945531, 1);
INSERT INTO interacts VALUES(56092764824, 1, 'Wuxx', 3363, 946219, 1);
INSERT INTO interacts VALUES(56092764824, 1, 'Looper', 3211, 946769, 1);
INSERT INTO interacts VALUES(56092764824, 1, 'Wuxx', 2010, 948460, 0);
INSERT INTO interacts VALUES(56092764824, 1, 'Wuxx', 2010, 948593, 0);
INSERT INTO interacts VALUES(56092764824, 1, 'Wuxx', 2043, 948920, 1);
INSERT INTO interacts VALUES(56092764824, 1, 'Looper', 1031, 950667, 1);
INSERT INTO interacts VALUES(56092764824, 1, 'SwordArt', 3098, 951036, 1);
INSERT INTO interacts VALUES(56092764824, 1, 'SwordArt', 2043, 951603, 1);
INSERT INTO interacts VALUES(56092764824, 1, 'Maple', 3009, 962191, 1);
INSERT INTO interacts VALUES(56092764824, 1, 'Mata', 3097, 962251, 1);
INSERT INTO interacts VALUES(56092764824, 1, 'NL', 3031, 963362, 1);
INSERT INTO interacts VALUES(56092764824, 1, 'Mata', 2043, 963427, 1);
INSERT INTO interacts VALUES(56092764824, 1, 'MMD', 1323, 964489, 1);
INSERT INTO interacts VALUES(56092764824, 1, 'NL', 2015, 965021, 1);
INSERT INTO interacts VALUES(56092764824, 1, 'MMD', 2003, 965915, 1);
INSERT INTO interacts VALUES(56092764824, 1, 'NL', 2010, 966347, 1);
INSERT INTO interacts VALUES(56092764824, 1, 'mlxg', 3009, 997676, 1);
INSERT INTO interacts VALUES(56092764824, 1, 'Karsa', 3009, 1037248, 1);
INSERT INTO interacts VALUES(56092764824, 1, 'Wuxx', 3086, 1064971, 1);
INSERT INTO interacts VALUES(56092764824, 1, 'Wuxx', 1042, 1065895, 1);
INSERT INTO interacts VALUES(56092764824, 1, 'Mata', 2303, 1068319, 1);
INSERT INTO interacts VALUES(56092764824, 1, 'Mata', 1033, 1070435, 1);
INSERT INTO interacts VALUES(56092764824, 1, 'xiaohu', 3111, 1071986, 1);
INSERT INTO interacts VALUES(56092764824, 1, 'xiaohu', 1056, 1073430, 0);
INSERT INTO interacts VALUES(56092764824, 1, 'Mata', 1033, 1074228, 1);
INSERT INTO interacts VALUES(56092764824, 1, 'xiaohu', 1058, 1075915, 1);
INSERT INTO interacts VALUES(56092764824, 1, 'Looper', 3068, 1096850, 1);
INSERT INTO interacts VALUES(56092764824, 1, 'Looper', 2043, 1100270, 1);
INSERT INTO interacts VALUES(56092764824, 1, 'MMD', 1031, 1137450, 1);
INSERT INTO interacts VALUES(56092764824, 1, 'SwordArt', 2301, 1151593, 1);
INSERT INTO interacts VALUES(56092764824, 1, 'SwordArt', 2043, 1152406, 1);
INSERT INTO interacts VALUES(56092764824, 1, 'Wuxx', 2015, 1156840, 1);
INSERT INTO interacts VALUES(56092764824, 1, 'xiaohu', 1052, 1173031, 1);
INSERT INTO interacts VALUES(56092764824, 1, 'xiaohu', 2043, 1174580, 1);
INSERT INTO interacts VALUES(56092764824, 1, 'NL', 3086, 1196018, 1);
INSERT INTO interacts VALUES(56092764824, 1, 'mlxg', 3136, 1196872, 1);
INSERT INTO interacts VALUES(56092764824, 1, 'mlxg', 1026, 1197315, 1);
INSERT INTO interacts VALUES(56092764824, 1, 'Mata', 1028, 1207346, 1);
INSERT INTO interacts VALUES(56092764824, 1, 'Mata', 2043, 1208259, 1);
INSERT INTO interacts VALUES(56092764824, 1, 'Mata', 2043, 1208419, 1);
INSERT INTO interacts VALUES(56092764824, 1, 'Looper', 3024, 1209302, 1);
INSERT INTO interacts VALUES(56092764824, 1, 'MMD', 3068, 1223768, 1);
INSERT INTO interacts VALUES(56092764824, 1, 'MMD', 2043, 1226281, 1);
INSERT INTO interacts VALUES(56092764824, 1, 'xiaohu', 3116, 1238412, 1);
INSERT INTO interacts VALUES(56092764824, 1, 'Maple', 1058, 1246252, 1);
INSERT INTO interacts VALUES(56092764824, 1, 'Karsa', 3134, 1246525, 1);
INSERT INTO interacts VALUES(56092764824, 1, 'Wuxx', 3094, 1252551, 1);
INSERT INTO interacts VALUES(56092764824, 1, 'Wuxx', 2043, 1253540, 1);
INSERT INTO interacts VALUES(56092764824, 1, 'NL', 3087, 1333238, 1);
INSERT INTO interacts VALUES(56092764824, 1, 'xiaohu', 1026, 1350359, 1);
INSERT INTO interacts VALUES(56092764824, 1, 'mlxg', 3151, 1350558, 1);
INSERT INTO interacts VALUES(56092764824, 1, 'mlxg', 2043, 1351756, 1);
INSERT INTO interacts VALUES(56092764824, 1, 'mlxg', 2043, 1351890, 1);
INSERT INTO interacts VALUES(56092764824, 1, 'Mata', 3105, 1356551, 1);
INSERT INTO interacts VALUES(56092764824, 1, 'Wuxx', 1037, 1358737, 1);
INSERT INTO interacts VALUES(56092764824, 1, 'Karsa', 3156, 1380401, 1);
INSERT INTO interacts VALUES(56092764824, 1, 'Karsa', 2043, 1380927, 1);
INSERT INTO interacts VALUES(56092764824, 1, 'Karsa', 2043, 1381060, 1);
INSERT INTO interacts VALUES(56092764824, 1, 'Looper', 3025, 1385494, 1);
INSERT INTO interacts VALUES(56092764824, 1, 'SwordArt', 1033, 1385916, 1);
INSERT INTO interacts VALUES(56092764824, 1, 'SwordArt', 1028, 1386929, 1);
INSERT INTO interacts VALUES(56092764824, 1, 'SwordArt', 2043, 1387417, 1);
INSERT INTO interacts VALUES(56092764824, 1, 'SwordArt', 2043, 1387581, 1);
INSERT INTO interacts VALUES(56092764824, 1, 'MMD', 2043, 1396787, 0);
INSERT INTO interacts VALUES(56092764824, 1, 'MMD', 3067, 1398302, 1);
INSERT INTO interacts VALUES(56092764824, 1, 'MMD', 1056, 1403446, 0);
INSERT INTO interacts VALUES(56092764824, 1, 'MMD', 2043, 1403743, 1);
INSERT INTO interacts VALUES(56092764824, 1, 'Maple', 3003, 1406964, 1);
INSERT INTO interacts VALUES(56092764824, 1, 'Maple', 2043, 1408332, 1);
INSERT INTO interacts VALUES(56092764824, 1, 'NL', 3035, 1475411, 1);
INSERT INTO interacts VALUES(56092764824, 1, 'Karsa', 1042, 1552107, 1);
INSERT INTO interacts VALUES(56092764824, 1, 'Karsa', 1042, 1552299, 1);
INSERT INTO interacts VALUES(56092764824, 1, 'Wuxx', 1083, 1555034, 0);
INSERT INTO interacts VALUES(56092764824, 1, 'Wuxx', 1038, 1555852, 1);
INSERT INTO interacts VALUES(56092764824, 1, 'Mata', 1308, 1557411, 1);
INSERT INTO interacts VALUES(56092764824, 1, 'Mata', 1028, 1560220, 1);
INSERT INTO interacts VALUES(56092764824, 1, 'Mata', 2043, 1561189, 1);
INSERT INTO interacts VALUES(56092764824, 1, 'SwordArt', 2043, 1568040, 1);
INSERT INTO interacts VALUES(56092764824, 1, 'SwordArt', 3364, 1568452, 1);
INSERT INTO interacts VALUES(56092764824, 1, 'SwordArt', 3105, 1568919, 1);
INSERT INTO interacts VALUES(56092764824, 1, 'NL', 1083, 1569766, 0);
INSERT INTO interacts VALUES(56092764824, 1, 'NL', 1053, 1571895, 1);
INSERT INTO interacts VALUES(56092764824, 1, 'Maple', 1026, 1574875, 1);
INSERT INTO interacts VALUES(56092764824, 1, 'MMD', 3065, 1588241, 1);
INSERT INTO interacts VALUES(56092764824, 1, 'xiaohu', 3135, 1597312, 1);
INSERT INTO interacts VALUES(56092764824, 1, 'Maple', 2043, 1598318, 1);
INSERT INTO interacts VALUES(56092764824, 1, 'xiaohu', 1028, 1599991, 1);
INSERT INTO interacts VALUES(56092764824, 1, 'xiaohu', 2043, 1601005, 1);
INSERT INTO interacts VALUES(56092764824, 1, 'xiaohu', 2043, 1601229, 1);
INSERT INTO interacts VALUES(56092764824, 1, 'Looper', 3065, 1602895, 1);
INSERT INTO interacts VALUES(56092764824, 1, 'Looper', 2043, 1603940, 1);
INSERT INTO interacts VALUES(56092764824, 1, 'mlxg', 2032, 1630455, 0);
INSERT INTO interacts VALUES(56092764824, 1, 'mlxg', 3135, 1631237, 1);
INSERT INTO interacts VALUES(56092764824, 1, 'mlxg', 2043, 1633365, 1);
INSERT INTO interacts VALUES(56092764824, 1, 'mlxg', 2043, 1633502, 1);
INSERT INTO interacts VALUES(56092764824, 1, 'Karsa', 3086, 1740754, 1);
INSERT INTO series VALUES(85756761930, 1);
INSERT INTO organizes VALUES('msi_2016', 85756761930, 'group_stage - SKT-vs-CLG');
INSERT INTO competes VALUES(85756761930, 'SKT', 1);
INSERT INTO competes VALUES(85756761930, 'CLG', 0);
INSERT INTO matches VALUES(85756761930, 1, '2016-05-07');
INSERT INTO scores VALUES('SKT', 85756761930, 1, 1, 8, 0, 0, 0, 1);
INSERT INTO scores VALUES('CLG', 85756761930, 1, 0, 3, 0, 1, 3, 0);
INSERT INTO bans VALUES(85756761930, 1, 51, 1);
INSERT INTO bans VALUES(85756761930, 1, 268, 3);
INSERT INTO bans VALUES(85756761930, 1, 16, 5);
INSERT INTO bans VALUES(85756761930, 1, 12, 2);
INSERT INTO bans VALUES(85756761930, 1, 13, 4);
INSERT INTO bans VALUES(85756761930, 1, 57, 6);
INSERT INTO plays VALUES(85756761930, 1, 'Duke', 245, 'Top', 2, 1, 3, 15681, 15, 2, 288, 0, 0, 12740);
INSERT INTO plays VALUES(85756761930, 1, 'Blank', 104, 'Jungle', 5, 1, 5, 16071, 31, 20, 45, 99, 21, 12933);
INSERT INTO plays VALUES(85756761930, 1, 'Faker', 26, 'Mid', 2, 1, 6, 23565, 22, 11, 254, 6, 5, 12204);
INSERT INTO plays VALUES(85756761930, 1, 'Bang', 15, 'ADC', 3, 1, 9, 20016, 20, 5, 271, 17, 2, 14001);
INSERT INTO plays VALUES(85756761930, 1, 'Wolf', 201, 'Support', 0, 3, 9, 7873, 43, 12, 36, 0, 0, 8590);
INSERT INTO plays VALUES(85756761930, 1, 'Darshan', 78, 'Top', 0, 2, 4, 14926, 17, 4, 230, 3, 0, 10904);
INSERT INTO plays VALUES(85756761930, 1, 'Xmithie', 203, 'Jungle', 0, 3, 4, 9692, 25, 17, 38, 111, 14, 11224);
INSERT INTO plays VALUES(85756761930, 1, 'Huhi', 136, 'Mid', 2, 2, 3, 24006, 19, 10, 263, 9, 0, 11787);
INSERT INTO plays VALUES(85756761930, 1, 'Stixxay', 429, 'ADC', 5, 2, 1, 21867, 18, 12, 317, 2, 4, 13765);
INSERT INTO plays VALUES(85756761930, 1, 'aphromoo', 432, 'Support', 0, 3, 7, 8337, 32, 14, 20, 0, 0, 8577);
INSERT INTO interacts VALUES(85756761930, 1, 'Wolf', 3302, 1504, 1);
INSERT INTO interacts VALUES(85756761930, 1, 'Huhi', 1056, 1580, 1);
INSERT INTO interacts VALUES(85756761930, 1, 'Wolf', 2010, 1733, 1);
INSERT INTO interacts VALUES(85756761930, 1, 'Huhi', 2010, 1766, 1);
INSERT INTO interacts VALUES(85756761930, 1, 'aphromoo', 3340, 1798, 1);
INSERT INTO interacts VALUES(85756761930, 1, 'Wolf', 2010, 1864, 1);
INSERT INTO interacts VALUES(85756761930, 1, 'Huhi', 2010, 1897, 1);
INSERT INTO interacts VALUES(85756761930, 1, 'Wolf', 2010, 1993, 1);
INSERT INTO interacts VALUES(85756761930, 1, 'Blank', 1041, 2156, 1);
INSERT INTO interacts VALUES(85756761930, 1, 'Huhi', 3340, 2156, 1);
INSERT INTO interacts VALUES(85756761930, 1, 'aphromoo', 3303, 2190, 1);
INSERT INTO interacts VALUES(85756761930, 1, 'Wolf', 3340, 2222, 1);
INSERT INTO interacts VALUES(85756761930, 1, 'Darshan', 3340, 2416, 1);
INSERT INTO interacts VALUES(85756761930, 1, 'Blank', 3340, 2483, 1);
INSERT INTO interacts VALUES(85756761930, 1, 'Stixxay', 3340, 2546, 1);
INSERT INTO interacts VALUES(85756761930, 1, 'Darshan', 2033, 2644, 1);
INSERT INTO interacts VALUES(85756761930, 1, 'aphromoo', 2010, 2711, 1);
INSERT INTO interacts VALUES(85756761930, 1, 'Stixxay', 2010, 2777, 1);
INSERT INTO interacts VALUES(85756761930, 1, 'aphromoo', 2010, 2842, 1);
INSERT INTO interacts VALUES(85756761930, 1, 'Faker', 1056, 2889, 1);
INSERT INTO interacts VALUES(85756761930, 1, 'Stixxay', 1055, 3037, 1);
INSERT INTO interacts VALUES(85756761930, 1, 'aphromoo', 2010, 3146, 1);
INSERT INTO interacts VALUES(85756761930, 1, 'Duke', 2033, 3201, 1);
INSERT INTO interacts VALUES(85756761930, 1, 'Faker', 2003, 3201, 1);
INSERT INTO interacts VALUES(85756761930, 1, 'Xmithie', 3340, 3332, 1);
INSERT INTO interacts VALUES(85756761930, 1, 'Faker', 2003, 3495, 1);
INSERT INTO interacts VALUES(85756761930, 1, 'Blank', 2031, 3528, 1);
INSERT INTO interacts VALUES(85756761930, 1, 'Duke', 3340, 3722, 1);
INSERT INTO interacts VALUES(85756761930, 1, 'Faker', 3340, 3755, 1);
INSERT INTO interacts VALUES(85756761930, 1, 'Xmithie', 1039, 4377, 1);
INSERT INTO interacts VALUES(85756761930, 1, 'Xmithie', 2031, 4605, 1);
INSERT INTO interacts VALUES(85756761930, 1, 'Bang', 1055, 6286, 1);
INSERT INTO interacts VALUES(85756761930, 1, 'Bang', 2010, 6489, 1);
INSERT INTO interacts VALUES(85756761930, 1, 'Bang', 3340, 6683, 1);
INSERT INTO interacts VALUES(85756761930, 1, 'Huhi', 1056, 182371, 1);
INSERT INTO interacts VALUES(85756761930, 1, 'Huhi', 2010, 182631, 1);
INSERT INTO interacts VALUES(85756761930, 1, 'Blank', 3711, 241574, 1);
INSERT INTO interacts VALUES(85756761930, 1, 'Blank', 2043, 242253, 1);
INSERT INTO interacts VALUES(85756761930, 1, 'Xmithie', 3711, 282770, 1);
INSERT INTO interacts VALUES(85756761930, 1, 'Xmithie', 1001, 283289, 1);
INSERT INTO interacts VALUES(85756761930, 1, 'Darshan', 1028, 298058, 1);
INSERT INTO interacts VALUES(85756761930, 1, 'Darshan', 1033, 299590, 1);
INSERT INTO interacts VALUES(85756761930, 1, 'Duke', 3751, 319193, 1);
INSERT INTO interacts VALUES(85756761930, 1, 'Darshan', 3211, 346803, 1);
INSERT INTO interacts VALUES(85756761930, 1, 'Darshan', 2043, 347641, 1);
INSERT INTO interacts VALUES(85756761930, 1, 'Faker', 2053, 372035, 1);
INSERT INTO interacts VALUES(85756761930, 1, 'Faker', 3010, 375325, 1);
INSERT INTO interacts VALUES(85756761930, 1, 'Faker', 2043, 376104, 1);
INSERT INTO interacts VALUES(85756761930, 1, 'Bang', 1038, 378872, 1);
INSERT INTO interacts VALUES(85756761930, 1, 'Huhi', 1026, 384974, 1);
INSERT INTO interacts VALUES(85756761930, 1, 'Huhi', 2010, 386194, 1);
INSERT INTO interacts VALUES(85756761930, 1, 'Huhi', 2043, 386880, 1);
INSERT INTO interacts VALUES(85756761930, 1, 'Stixxay', 1043, 401061, 1);
INSERT INTO interacts VALUES(85756761930, 1, 'Stixxay', 1036, 402010, 1);
INSERT INTO interacts VALUES(85756761930, 1, 'Stixxay', 1036, 406177, 1);
INSERT INTO interacts VALUES(85756761930, 1, 'Wolf', 2049, 411706, 1);
INSERT INTO interacts VALUES(85756761930, 1, 'Wolf', 2043, 412784, 1);
INSERT INTO interacts VALUES(85756761930, 1, 'Wolf', 2010, 412978, 1);
INSERT INTO interacts VALUES(85756761930, 1, 'Wolf', 2010, 413111, 1);
INSERT INTO interacts VALUES(85756761930, 1, 'Wolf', 3341, 413798, 1);
INSERT INTO interacts VALUES(85756761930, 1, 'Blank', 1036, 418104, 1);
INSERT INTO interacts VALUES(85756761930, 1, 'Blank', 1036, 418202, 1);
INSERT INTO interacts VALUES(85756761930, 1, 'Blank', 1001, 420018, 1);
INSERT INTO interacts VALUES(85756761930, 1, 'aphromoo', 2049, 433247, 1);
INSERT INTO interacts VALUES(85756761930, 1, 'aphromoo', 2043, 433962, 1);
INSERT INTO interacts VALUES(85756761930, 1, 'aphromoo', 2010, 434253, 1);
INSERT INTO interacts VALUES(85756761930, 1, 'aphromoo', 3341, 435792, 1);
INSERT INTO interacts VALUES(85756761930, 1, 'Bang', 2010, 438466, 1);
INSERT INTO interacts VALUES(85756761930, 1, 'Bang', 2043, 439149, 1);
INSERT INTO interacts VALUES(85756761930, 1, 'Xmithie', 1042, 447638, 1);
INSERT INTO interacts VALUES(85756761930, 1, 'Xmithie', 2032, 448096, 1);
INSERT INTO interacts VALUES(85756761930, 1, 'Xmithie', 2043, 448487, 1);
INSERT INTO interacts VALUES(85756761930, 1, 'Huhi', 1028, 547458, 1);
INSERT INTO interacts VALUES(85756761930, 1, 'Huhi', 1027, 547713, 1);
INSERT INTO interacts VALUES(85756761930, 1, 'Huhi', 2010, 549103, 1);
INSERT INTO interacts VALUES(85756761930, 1, 'Huhi', 2010, 549217, 1);
INSERT INTO interacts VALUES(85756761930, 1, 'Huhi', 2010, 549630, 1);
INSERT INTO interacts VALUES(85756761930, 1, 'Duke', 3057, 554526, 1);
INSERT INTO interacts VALUES(85756761930, 1, 'Duke', 2043, 555460, 1);
INSERT INTO interacts VALUES(85756761930, 1, 'Darshan', 3751, 573360, 1);
INSERT INTO interacts VALUES(85756761930, 1, 'Stixxay', 3144, 602407, 1);
INSERT INTO interacts VALUES(85756761930, 1, 'Stixxay', 2010, 603736, 1);
INSERT INTO interacts VALUES(85756761930, 1, 'Bang', 1036, 603867, 1);
INSERT INTO interacts VALUES(85756761930, 1, 'Bang', 1083, 604064, 1);
INSERT INTO interacts VALUES(85756761930, 1, 'Stixxay', 2043, 604259, 1);
INSERT INTO interacts VALUES(85756761930, 1, 'Bang', 2010, 605173, 1);
INSERT INTO interacts VALUES(85756761930, 1, 'Darshan', 2043, 616669, 1);
INSERT INTO interacts VALUES(85756761930, 1, 'Duke', 1001, 633069, 1);
INSERT INTO interacts VALUES(85756761930, 1, 'Duke', 1082, 636345, 1);
INSERT INTO interacts VALUES(85756761930, 1, 'Wolf', 1001, 639023, 1);
INSERT INTO interacts VALUES(85756761930, 1, 'Wolf', 2043, 639840, 1);
INSERT INTO interacts VALUES(85756761930, 1, 'Wolf', 2043, 639971, 1);
INSERT INTO interacts VALUES(85756761930, 1, 'Wolf', 2031, 640197, 1);
INSERT INTO interacts VALUES(85756761930, 1, 'Xmithie', 1411, 644640, 1);
INSERT INTO interacts VALUES(85756761930, 1, 'aphromoo', 1001, 655727, 1);
INSERT INTO interacts VALUES(85756761930, 1, 'aphromoo', 2043, 656588, 1);
INSERT INTO interacts VALUES(85756761930, 1, 'aphromoo', 2010, 656814, 1);
INSERT INTO interacts VALUES(85756761930, 1, 'aphromoo', 2010, 656912, 1);
INSERT INTO interacts VALUES(85756761930, 1, 'aphromoo', 2010, 657041, 1);
INSERT INTO interacts VALUES(85756761930, 1, 'Huhi', 3010, 665581, 1);
INSERT INTO interacts VALUES(85756761930, 1, 'Huhi', 1001, 669011, 1);
INSERT INTO interacts VALUES(85756761930, 1, 'Huhi', 2010, 669850, 1);
INSERT INTO interacts VALUES(85756761930, 1, 'Huhi', 2010, 669964, 1);
INSERT INTO interacts VALUES(85756761930, 1, 'Blank', 1408, 677612, 1);
INSERT INTO interacts VALUES(85756761930, 1, 'Blank', 1055, 681255, 1);
INSERT INTO interacts VALUES(85756761930, 1, 'Blank', 1036, 684363, 1);
INSERT INTO interacts VALUES(85756761930, 1, 'Faker', 1026, 686584, 1);
INSERT INTO interacts VALUES(85756761930, 1, 'Faker', 3158, 688865, 1);
INSERT INTO interacts VALUES(85756761930, 1, 'Duke', 3009, 732056, 1);
INSERT INTO interacts VALUES(85756761930, 1, 'Darshan', 1001, 761188, 1);
INSERT INTO interacts VALUES(85756761930, 1, 'Darshan', 1028, 762297, 1);
INSERT INTO interacts VALUES(85756761930, 1, 'Huhi', 2010, 783745, 0);
INSERT INTO interacts VALUES(85756761930, 1, 'Huhi', 3027, 784675, 1);
INSERT INTO interacts VALUES(85756761930, 1, 'Huhi', 3363, 785671, 1);
INSERT INTO interacts VALUES(85756761930, 1, 'Stixxay', 3153, 795289, 1);
INSERT INTO interacts VALUES(85756761930, 1, 'Stixxay', 1001, 796039, 1);
INSERT INTO interacts VALUES(85756761930, 1, 'Stixxay', 2043, 797082, 1);
INSERT INTO interacts VALUES(85756761930, 1, 'Bang', 3133, 817413, 1);
INSERT INTO interacts VALUES(85756761930, 1, 'Bang', 1001, 818792, 1);
INSERT INTO interacts VALUES(85756761930, 1, 'Duke', 1027, 858294, 1);
INSERT INTO interacts VALUES(85756761930, 1, 'Faker', 3027, 873847, 1);
INSERT INTO interacts VALUES(85756761930, 1, 'Faker', 2043, 874695, 1);
INSERT INTO interacts VALUES(85756761930, 1, 'Faker', 3363, 877294, 1);
INSERT INTO interacts VALUES(85756761930, 1, 'Blank', 3086, 915639, 1);
INSERT INTO interacts VALUES(85756761930, 1, 'Blank', 3364, 916907, 1);
INSERT INTO interacts VALUES(85756761930, 1, 'Blank', 2043, 918803, 1);
INSERT INTO interacts VALUES(85756761930, 1, 'Darshan', 3009, 923704, 1);
INSERT INTO interacts VALUES(85756761930, 1, 'Darshan', 1029, 930565, 1);
INSERT INTO interacts VALUES(85756761930, 1, 'Wolf', 2303, 933266, 1);
INSERT INTO interacts VALUES(85756761930, 1, 'Stixxay', 3009, 933404, 1);
INSERT INTO interacts VALUES(85756761930, 1, 'Wolf', 2043, 934222, 1);
INSERT INTO interacts VALUES(85756761930, 1, 'Stixxay', 1042, 934940, 1);
INSERT INTO interacts VALUES(85756761930, 1, 'Stixxay', 3363, 935363, 1);
INSERT INTO interacts VALUES(85756761930, 1, 'Stixxay', 2043, 936668, 1);
INSERT INTO interacts VALUES(85756761930, 1, 'Xmithie', 3155, 943026, 1);
INSERT INTO interacts VALUES(85756761930, 1, 'Xmithie', 1042, 947002, 1);
INSERT INTO interacts VALUES(85756761930, 1, 'aphromoo', 2301, 947087, 1);
INSERT INTO interacts VALUES(85756761930, 1, 'Xmithie', 2043, 947350, 1);
INSERT INTO interacts VALUES(85756761930, 1, 'aphromoo', 2043, 948209, 1);
INSERT INTO interacts VALUES(85756761930, 1, 'aphromoo', 2010, 948537, 1);
INSERT INTO interacts VALUES(85756761930, 1, 'aphromoo', 2010, 948700, 1);
INSERT INTO interacts VALUES(85756761930, 1, 'Duke', 3024, 950302, 1);
INSERT INTO interacts VALUES(85756761930, 1, 'Xmithie', 3364, 951004, 1);
INSERT INTO interacts VALUES(85756761930, 1, 'Bang', 3009, 961485, 1);
INSERT INTO interacts VALUES(85756761930, 1, 'Huhi', 3111, 962698, 1);
INSERT INTO interacts VALUES(85756761930, 1, 'Huhi', 2010, 965487, 1);
INSERT INTO interacts VALUES(85756761930, 1, 'Huhi', 2010, 965589, 1);
INSERT INTO interacts VALUES(85756761930, 1, 'Huhi', 2043, 965981, 1);
INSERT INTO interacts VALUES(85756761930, 1, 'Huhi', 2010, 966401, 1);
INSERT INTO interacts VALUES(85756761930, 1, 'Bang', 2010, 966500, 1);
INSERT INTO interacts VALUES(85756761930, 1, 'Faker', 1026, 987866, 1);
INSERT INTO interacts VALUES(85756761930, 1, 'Bang', 3508, 1091339, 1);
INSERT INTO interacts VALUES(85756761930, 1, 'Bang', 1042, 1092119, 1);
INSERT INTO interacts VALUES(85756761930, 1, 'Bang', 3363, 1094629, 1);
INSERT INTO interacts VALUES(85756761930, 1, 'Stixxay', 1043, 1094716, 1);
INSERT INTO interacts VALUES(85756761930, 1, 'Bang', 2043, 1094932, 1);
INSERT INTO interacts VALUES(85756761930, 1, 'Stixxay', 2043, 1095926, 1);
INSERT INTO interacts VALUES(85756761930, 1, 'aphromoo', 3009, 1100471, 1);
INSERT INTO interacts VALUES(85756761930, 1, 'aphromoo', 2043, 1101387, 1);
INSERT INTO interacts VALUES(85756761930, 1, 'aphromoo', 2010, 1101674, 1);
INSERT INTO interacts VALUES(85756761930, 1, 'aphromoo', 2010, 1101769, 1);
INSERT INTO interacts VALUES(85756761930, 1, 'Wolf', 3009, 1103419, 1);
INSERT INTO interacts VALUES(85756761930, 1, 'Duke', 3025, 1136132, 1);
INSERT INTO interacts VALUES(85756761930, 1, 'Duke', 1028, 1137480, 1);
INSERT INTO interacts VALUES(85756761930, 1, 'Darshan', 3068, 1153895, 1);
INSERT INTO interacts VALUES(85756761930, 1, 'Darshan', 1027, 1156397, 1);
INSERT INTO interacts VALUES(85756761930, 1, 'Faker', 1058, 1196678, 1);
INSERT INTO interacts VALUES(85756761930, 1, 'Faker', 2043, 1198206, 1);
INSERT INTO interacts VALUES(85756761930, 1, 'Huhi', 1011, 1200423, 1);
INSERT INTO interacts VALUES(85756761930, 1, 'Huhi', 1052, 1201656, 1);
INSERT INTO interacts VALUES(85756761930, 1, 'Blank', 3046, 1201720, 1);
INSERT INTO interacts VALUES(85756761930, 1, 'Blank', 1033, 1204597, 1);
INSERT INTO interacts VALUES(85756761930, 1, 'Xmithie', 3086, 1206753, 1);
INSERT INTO interacts VALUES(85756761930, 1, 'Xmithie', 3009, 1209317, 1);
INSERT INTO interacts VALUES(85756761930, 1, 'Xmithie', 2043, 1213181, 1);
INSERT INTO interacts VALUES(85756761930, 1, 'Wolf', 2043, 1214859, 1);
INSERT INTO interacts VALUES(85756761930, 1, 'Wolf', 2043, 1215022, 1);
INSERT INTO interacts VALUES(85756761930, 1, 'Bang', 3086, 1217590, 1);
INSERT INTO interacts VALUES(85756761930, 1, 'Wolf', 1028, 1218191, 1);
INSERT INTO interacts VALUES(85756761930, 1, 'Wolf', 3364, 1218973, 1);
INSERT INTO interacts VALUES(85756761930, 1, 'aphromoo', 3364, 1236203, 1);
INSERT INTO interacts VALUES(85756761930, 1, 'aphromoo', 1028, 1237267, 1);
INSERT INTO interacts VALUES(85756761930, 1, 'aphromoo', 2043, 1238083, 1);
INSERT INTO interacts VALUES(85756761930, 1, 'Darshan', 3067, 1241947, 1);
INSERT INTO interacts VALUES(85756761930, 1, 'Duke', 3068, 1338702, 1);
INSERT INTO interacts VALUES(85756761930, 1, 'Bang', 3087, 1351839, 1);
INSERT INTO interacts VALUES(85756761930, 1, 'Bang', 2043, 1352727, 1);
INSERT INTO interacts VALUES(85756761930, 1, 'Stixxay', 3085, 1357792, 1);
INSERT INTO interacts VALUES(85756761930, 1, 'Darshan', 3065, 1359008, 1);
INSERT INTO interacts VALUES(85756761930, 1, 'Wolf', 1033, 1363946, 1);
INSERT INTO interacts VALUES(85756761930, 1, 'Wolf', 3801, 1364203, 1);
INSERT INTO interacts VALUES(85756761930, 1, 'Wolf', 2043, 1365296, 1);
INSERT INTO interacts VALUES(85756761930, 1, 'aphromoo', 3801, 1369965, 1);
INSERT INTO interacts VALUES(85756761930, 1, 'Blank', 3155, 1370392, 1);
INSERT INTO interacts VALUES(85756761930, 1, 'aphromoo', 2010, 1370913, 1);
INSERT INTO interacts VALUES(85756761930, 1, 'aphromoo', 2010, 1371274, 1);
INSERT INTO interacts VALUES(85756761930, 1, 'Blank', 2043, 1373266, 1);
INSERT INTO interacts VALUES(85756761930, 1, 'Xmithie', 3085, 1424919, 1);
INSERT INTO interacts VALUES(85756761930, 1, 'Duke', 3211, 1436133, 1);
INSERT INTO interacts VALUES(85756761930, 1, 'Bang', 1083, 1443089, 0);
INSERT INTO interacts VALUES(85756761930, 1, 'Bang', 1037, 1444319, 1);
INSERT INTO interacts VALUES(85756761930, 1, 'Xmithie', 2043, 1451985, 1);
INSERT INTO interacts VALUES(85756761930, 1, 'Darshan', 3057, 1458332, 1);
INSERT INTO interacts VALUES(85756761930, 1, 'Wolf', 3105, 1464245, 1);
INSERT INTO interacts VALUES(85756761930, 1, 'Huhi', 3116, 1466428, 1);
INSERT INTO interacts VALUES(85756761930, 1, 'Huhi', 2010, 1469201, 1);
INSERT INTO interacts VALUES(85756761930, 1, 'Huhi', 2010, 1469331, 1);
INSERT INTO interacts VALUES(85756761930, 1, 'Faker', 3089, 1470276, 1);
INSERT INTO interacts VALUES(85756761930, 1, 'Faker', 2043, 1470700, 1);
INSERT INTO interacts VALUES(85756761930, 1, 'Blank', 3111, 1476192, 1);
INSERT INTO interacts VALUES(85756761930, 1, 'Blank', 2031, 1478183, 0);
INSERT INTO interacts VALUES(85756761930, 1, 'Blank', 1036, 1479790, 1);
INSERT INTO interacts VALUES(85756761930, 1, 'aphromoo', 1033, 1482831, 1);
INSERT INTO interacts VALUES(85756761930, 1, 'aphromoo', 2010, 1484042, 1);
INSERT INTO interacts VALUES(85756761930, 1, 'Stixxay', 3155, 1498488, 1);
INSERT INTO interacts VALUES(85756761930, 1, 'Duke', 1308, 1499138, 1);
INSERT INTO interacts VALUES(85756761930, 1, 'Stixxay', 2043, 1499535, 1);
INSERT INTO interacts VALUES(85756761930, 1, 'Xmithie', 1036, 1572335, 1);
INSERT INTO interacts VALUES(85756761930, 1, 'Huhi', 2139, 1616229, 1);
INSERT INTO interacts VALUES(85756761930, 1, 'Wolf', 1028, 1629348, 1);
INSERT INTO interacts VALUES(85756761930, 1, 'Wolf', 2043, 1630134, 1);
INSERT INTO interacts VALUES(85756761930, 1, 'Wolf', 2043, 1630267, 1);
INSERT INTO interacts VALUES(85756761930, 1, 'Faker', 1026, 1640674, 1);
INSERT INTO interacts VALUES(85756761930, 1, 'Darshan', 1308, 1643550, 1);
INSERT INTO interacts VALUES(85756761930, 1, 'Darshan', 1029, 1645115, 1);
INSERT INTO interacts VALUES(85756761930, 1, 'aphromoo', 3105, 1651227, 1);
INSERT INTO interacts VALUES(85756761930, 1, 'aphromoo', 1028, 1653910, 1);
INSERT INTO interacts VALUES(85756761930, 1, 'aphromoo', 2043, 1655339, 1);
INSERT INTO interacts VALUES(85756761930, 1, 'aphromoo', 2043, 1655730, 1);
INSERT INTO interacts VALUES(85756761930, 1, 'aphromoo', 2010, 1655990, 1);
INSERT INTO interacts VALUES(85756761930, 1, 'Xmithie', 3134, 1656512, 1);
INSERT INTO interacts VALUES(85756761930, 1, 'Bang', 1038, 1660399, 1);
INSERT INTO interacts VALUES(85756761930, 1, 'Blank', 3044, 1663774, 1);
INSERT INTO interacts VALUES(85756761930, 1, 'Blank', 2043, 1665215, 1);
INSERT INTO interacts VALUES(85756761930, 1, 'Huhi', 1321, 1672333, 1);
INSERT INTO interacts VALUES(85756761930, 1, 'Huhi', 1052, 1674384, 1);
INSERT INTO interacts VALUES(85756761930, 1, 'Stixxay', 3134, 1692826, 1);
INSERT INTO interacts VALUES(85756761930, 1, 'aphromoo', 2010, 1699262, 1);
INSERT INTO interacts VALUES(85756761930, 1, 'aphromoo', 2010, 1699397, 1);
INSERT INTO interacts VALUES(85756761930, 1, 'Darshan', 2138, 1750120, 1);
INSERT INTO interacts VALUES(85756761930, 1, 'Duke', 3065, 1757100, 1);
INSERT INTO interacts VALUES(85756761930, 1, 'Wolf', 3190, 1758210, 1);
INSERT INTO interacts VALUES(85756761930, 1, 'Faker', 1333, 1770626, 1);
INSERT INTO interacts VALUES(85756761930, 1, 'Faker', 1052, 1771035, 1);
INSERT INTO interacts VALUES(85756761930, 1, 'Stixxay', 3156, 1793610, 1);
INSERT INTO interacts VALUES(85756761930, 1, 'Stixxay', 1033, 1795249, 1);
INSERT INTO interacts VALUES(85756761930, 1, 'Xmithie', 3156, 1799663, 1);
INSERT INTO interacts VALUES(85756761930, 1, 'Darshan', 3024, 1801070, 1);
INSERT INTO interacts VALUES(85756761930, 1, 'Huhi', 3191, 1802792, 1);
INSERT INTO interacts VALUES(85756761930, 1, 'aphromoo', 3190, 1802837, 1);
INSERT INTO interacts VALUES(85756761930, 1, 'Xmithie', 2043, 1811301, 1);
INSERT INTO interacts VALUES(85756761930, 1, 'Stixxay', 3140, 1842858, 1);
INSERT INTO interacts VALUES(85756761930, 1, 'aphromoo', 1029, 1856940, 1);
INSERT INTO interacts VALUES(85756761930, 1, 'aphromoo', 2010, 1857597, 1);
INSERT INTO interacts VALUES(85756761930, 1, 'Bang', 3031, 1857837, 1);
INSERT INTO interacts VALUES(85756761930, 1, 'Bang', 2043, 1858729, 1);
INSERT INTO interacts VALUES(85756761930, 1, 'Blank', 3156, 1869337, 1);
INSERT INTO interacts VALUES(85756761930, 1, 'Wolf', 3024, 1871754, 1);
INSERT INTO interacts VALUES(85756761930, 1, 'Wolf', 2043, 1873241, 1);
INSERT INTO interacts VALUES(85756761930, 1, 'Blank', 3133, 1875034, 1);
INSERT INTO interacts VALUES(85756761930, 1, 'Blank', 3156, 1877178, 1);
INSERT INTO interacts VALUES(85756761930, 1, 'Blank', 2043, 1877929, 1);
INSERT INTO interacts VALUES(85756761930, 1, 'Faker', 3135, 1878436, 1);
INSERT INTO interacts VALUES(85756761930, 1, 'Duke', 2033, 1889286, 0);
INSERT INTO interacts VALUES(85756761930, 1, 'Duke', 1011, 1890708, 1);
INSERT INTO interacts VALUES(85756761930, 1, 'Xmithie', 2043, 1958466, 0);
INSERT INTO interacts VALUES(85756761930, 1, 'Xmithie', 3052, 1962140, 1);
INSERT INTO interacts VALUES(85756761930, 1, 'Huhi', 2139, 1972103, 1);
INSERT INTO series VALUES(756870817869, 1);
INSERT INTO organizes VALUES('msi_2016', 756870817869, 'group_stage - FW-vs-G2');
INSERT INTO competes VALUES(756870817869, 'FW', 1);
INSERT INTO competes VALUES(756870817869, 'G2', 0);
INSERT INTO matches VALUES(756870817869, 1, '2016-05-07');
INSERT INTO scores VALUES('FW', 756870817869, 1, 3, 11, 0, 2, 5, 1);
INSERT INTO scores VALUES('G2', 756870817869, 1, 0, 4, 1, 0, 0, 0);
INSERT INTO bans VALUES(756870817869, 1, 15, 1);
INSERT INTO bans VALUES(756870817869, 1, 432, 3);
INSERT INTO bans VALUES(756870817869, 1, 13, 5);
INSERT INTO bans VALUES(756870817869, 1, 76, 2);
INSERT INTO bans VALUES(756870817869, 1, 78, 4);
INSERT INTO bans VALUES(756870817869, 1, 104, 6);
INSERT INTO plays VALUES(756870817869, 1, 'MMD', 245, 'Top', 5, 0, 7, 16169, 20, 2, 277, 9, 7, 16017);
INSERT INTO plays VALUES(756870817869, 1, 'Karsa', 203, 'Jungle', 3, 1, 8, 12111, 18, 31, 70, 76, 33, 15379);
INSERT INTO plays VALUES(756870817869, 1, 'Maple', 7, 'Mid', 3, 2, 11, 24402, 25, 12, 310, 19, 4, 16291);
INSERT INTO plays VALUES(756870817869, 1, 'NL', 81, 'ADC', 6, 2, 6, 38606, 14, 12, 353, 15, 10, 18809);
INSERT INTO plays VALUES(756870817869, 1, 'SwordArt', 12, 'Support', 0, 0, 11, 5840, 67, 12, 40, 0, 0, 10853);
INSERT INTO plays VALUES(756870817869, 1, 'Kikis', 57, 'Top', 2, 4, 2, 13291, 20, 9, 259, 1, 0, 12027);
INSERT INTO plays VALUES(756870817869, 1, 'Trick', 64, 'Jungle', 0, 5, 5, 6894, 42, 11, 28, 99, 8, 11642);
INSERT INTO plays VALUES(756870817869, 1, 'Perkz', 268, 'Mid', 1, 2, 2, 22903, 19, 9, 372, 30, 9, 15641);
INSERT INTO plays VALUES(756870817869, 1, 'Emperor', 236, 'ADC', 2, 3, 1, 20962, 18, 11, 350, 21, 1, 15109);
INSERT INTO plays VALUES(756870817869, 1, 'Hybrid', 201, 'Support', 0, 3, 3, 4752, 50, 7, 44, 0, 1, 9054);
INSERT INTO interacts VALUES(756870817869, 1, 'Maple', 1056, 1425, 1);
INSERT INTO interacts VALUES(756870817869, 1, 'Maple', 2003, 1622, 1);
INSERT INTO interacts VALUES(756870817869, 1, 'Emperor', 1055, 1721, 1);
INSERT INTO interacts VALUES(756870817869, 1, 'Maple', 2003, 1755, 1);
INSERT INTO interacts VALUES(756870817869, 1, 'Hybrid', 3302, 1870, 1);
INSERT INTO interacts VALUES(756870817869, 1, 'Trick', 1041, 1887, 1);
INSERT INTO interacts VALUES(756870817869, 1, 'SwordArt', 3340, 1887, 1);
INSERT INTO interacts VALUES(756870817869, 1, 'Maple', 3340, 1922, 1);
INSERT INTO interacts VALUES(756870817869, 1, 'Emperor', 2010, 1991, 1);
INSERT INTO interacts VALUES(756870817869, 1, 'Trick', 2031, 2085, 1);
INSERT INTO interacts VALUES(756870817869, 1, 'Hybrid', 2010, 2085, 1);
INSERT INTO interacts VALUES(756870817869, 1, 'Emperor', 3340, 2189, 1);
INSERT INTO interacts VALUES(756870817869, 1, 'SwordArt', 2010, 2215, 1);
INSERT INTO interacts VALUES(756870817869, 1, 'NL', 1055, 2249, 1);
INSERT INTO interacts VALUES(756870817869, 1, 'Trick', 3340, 2281, 1);
INSERT INTO interacts VALUES(756870817869, 1, 'SwordArt', 2010, 2346, 1);
INSERT INTO interacts VALUES(756870817869, 1, 'Hybrid', 2010, 2401, 1);
INSERT INTO interacts VALUES(756870817869, 1, 'SwordArt', 2010, 2482, 1);
INSERT INTO interacts VALUES(756870817869, 1, 'MMD', 3340, 2482, 1);
INSERT INTO interacts VALUES(756870817869, 1, 'Hybrid', 2010, 2543, 1);
INSERT INTO interacts VALUES(756870817869, 1, 'NL', 2010, 2577, 1);
INSERT INTO interacts VALUES(756870817869, 1, 'Karsa', 1041, 2609, 1);
INSERT INTO interacts VALUES(756870817869, 1, 'Perkz', 1056, 2737, 1);
INSERT INTO interacts VALUES(756870817869, 1, 'SwordArt', 3302, 2737, 1);
INSERT INTO interacts VALUES(756870817869, 1, 'NL', 3340, 2931, 1);
INSERT INTO interacts VALUES(756870817869, 1, 'Perkz', 2010, 2964, 1);
INSERT INTO interacts VALUES(756870817869, 1, 'Hybrid', 3340, 2998, 1);
INSERT INTO interacts VALUES(756870817869, 1, 'Perkz', 2010, 3125, 1);
INSERT INTO interacts VALUES(756870817869, 1, 'Karsa', 2031, 3223, 1);
INSERT INTO interacts VALUES(756870817869, 1, 'Karsa', 3340, 3519, 1);
INSERT INTO interacts VALUES(756870817869, 1, 'Perkz', 3340, 3584, 1);
INSERT INTO interacts VALUES(756870817869, 1, 'Kikis', 1056, 3747, 1);
INSERT INTO interacts VALUES(756870817869, 1, 'Kikis', 2003, 3961, 1);
INSERT INTO interacts VALUES(756870817869, 1, 'Kikis', 2003, 4104, 1);
INSERT INTO interacts VALUES(756870817869, 1, 'Kikis', 3340, 4299, 1);
INSERT INTO interacts VALUES(756870817869, 1, 'MMD', 2033, 4656, 1);
INSERT INTO interacts VALUES(756870817869, 1, 'Trick', 3711, 238989, 1);
INSERT INTO interacts VALUES(756870817869, 1, 'Trick', 2043, 240481, 1);
INSERT INTO interacts VALUES(756870817869, 1, 'MMD', 1001, 254041, 1);
INSERT INTO interacts VALUES(756870817869, 1, 'MMD', 3302, 254643, 1);
INSERT INTO interacts VALUES(756870817869, 1, 'MMD', 1082, 257167, 1);
INSERT INTO interacts VALUES(756870817869, 1, 'Perkz', 1056, 280137, 1);
INSERT INTO interacts VALUES(756870817869, 1, 'Perkz', 1033, 281667, 1);
INSERT INTO interacts VALUES(756870817869, 1, 'Perkz', 2043, 282742, 1);
INSERT INTO interacts VALUES(756870817869, 1, 'Kikis', 1056, 287927, 1);
INSERT INTO interacts VALUES(756870817869, 1, 'Kikis', 1033, 290239, 1);
INSERT INTO interacts VALUES(756870817869, 1, 'Kikis', 2043, 290654, 1);
INSERT INTO interacts VALUES(756870817869, 1, 'Kikis', 2003, 290934, 1);
INSERT INTO interacts VALUES(756870817869, 1, 'Kikis', 2003, 291099, 1);
INSERT INTO interacts VALUES(756870817869, 1, 'Karsa', 3715, 294746, 1);
INSERT INTO interacts VALUES(756870817869, 1, 'Karsa', 1042, 295083, 1);
INSERT INTO interacts VALUES(756870817869, 1, 'Maple', 1056, 304877, 1);
INSERT INTO interacts VALUES(756870817869, 1, 'Maple', 1033, 306035, 1);
INSERT INTO interacts VALUES(756870817869, 1, 'Maple', 1057, 309633, 1);
INSERT INTO interacts VALUES(756870817869, 1, 'Perkz', 1042, 360921, 1);
INSERT INTO interacts VALUES(756870817869, 1, 'Perkz', 2043, 361301, 1);
INSERT INTO interacts VALUES(756870817869, 1, 'Trick', 1036, 371559, 1);
INSERT INTO interacts VALUES(756870817869, 1, 'Trick', 1036, 371735, 1);
INSERT INTO interacts VALUES(756870817869, 1, 'Emperor', 1038, 376019, 1);
INSERT INTO interacts VALUES(756870817869, 1, 'Emperor', 1001, 376703, 1);
INSERT INTO interacts VALUES(756870817869, 1, 'Karsa', 2032, 377260, 1);
INSERT INTO interacts VALUES(756870817869, 1, 'Karsa', 2043, 378141, 1);
INSERT INTO interacts VALUES(756870817869, 1, 'Hybrid', 1028, 378977, 1);
INSERT INTO interacts VALUES(756870817869, 1, 'Hybrid', 1001, 379599, 1);
INSERT INTO interacts VALUES(756870817869, 1, 'SwordArt', 3341, 385149, 1);
INSERT INTO interacts VALUES(756870817869, 1, 'SwordArt', 2049, 386152, 1);
INSERT INTO interacts VALUES(756870817869, 1, 'MMD', 1028, 400624, 1);
INSERT INTO interacts VALUES(756870817869, 1, 'MMD', 1033, 401652, 1);
INSERT INTO interacts VALUES(756870817869, 1, 'NL', 3070, 402632, 1);
INSERT INTO interacts VALUES(756870817869, 1, 'NL', 3057, 403218, 1);
INSERT INTO interacts VALUES(756870817869, 1, 'Kikis', 3211, 426945, 1);
INSERT INTO interacts VALUES(756870817869, 1, 'SwordArt', 2043, 447681, 1);
INSERT INTO interacts VALUES(756870817869, 1, 'SwordArt', 2043, 449541, 1);
INSERT INTO interacts VALUES(756870817869, 1, 'Perkz', 1057, 481137, 1);
INSERT INTO interacts VALUES(756870817869, 1, 'Perkz', 2010, 483910, 1);
INSERT INTO interacts VALUES(756870817869, 1, 'Hybrid', 2049, 508902, 1);
INSERT INTO interacts VALUES(756870817869, 1, 'Hybrid', 2043, 509295, 1);
INSERT INTO interacts VALUES(756870817869, 1, 'Hybrid', 3341, 509749, 1);
INSERT INTO interacts VALUES(756870817869, 1, 'Emperor', 3133, 529214, 1);
INSERT INTO interacts VALUES(756870817869, 1, 'Kikis', 1028, 530376, 1);
INSERT INTO interacts VALUES(756870817869, 1, 'Emperor', 2043, 530476, 1);
INSERT INTO interacts VALUES(756870817869, 1, 'Emperor', 2010, 530736, 1);
INSERT INTO interacts VALUES(756870817869, 1, 'Maple', 1026, 532448, 1);
INSERT INTO interacts VALUES(756870817869, 1, 'Maple', 1001, 533706, 1);
INSERT INTO interacts VALUES(756870817869, 1, 'Maple', 2003, 534884, 1);
INSERT INTO interacts VALUES(756870817869, 1, 'Maple', 2003, 535016, 1);
INSERT INTO interacts VALUES(756870817869, 1, 'Trick', 3133, 535860, 1);
INSERT INTO interacts VALUES(756870817869, 1, 'Trick', 1001, 536598, 1);
INSERT INTO interacts VALUES(756870817869, 1, 'Trick', 2043, 537168, 1);
INSERT INTO interacts VALUES(756870817869, 1, 'MMD', 3211, 545743, 1);
INSERT INTO interacts VALUES(756870817869, 1, 'Kikis', 2043, 548410, 1);
INSERT INTO interacts VALUES(756870817869, 1, 'MMD', 3067, 548934, 1);
INSERT INTO interacts VALUES(756870817869, 1, 'Perkz', 1026, 574619, 1);
INSERT INTO interacts VALUES(756870817869, 1, 'Karsa', 1415, 575238, 1);
INSERT INTO interacts VALUES(756870817869, 1, 'Karsa', 2043, 576134, 1);
INSERT INTO interacts VALUES(756870817869, 1, 'Perkz', 2043, 577447, 0);
INSERT INTO interacts VALUES(756870817869, 1, 'Perkz', 1001, 578132, 1);
INSERT INTO interacts VALUES(756870817869, 1, 'SwordArt', 1001, 619537, 1);
INSERT INTO interacts VALUES(756870817869, 1, 'SwordArt', 2043, 621729, 1);
INSERT INTO interacts VALUES(756870817869, 1, 'SwordArt', 2010, 622173, 1);
INSERT INTO interacts VALUES(756870817869, 1, 'SwordArt', 2010, 622277, 1);
INSERT INTO interacts VALUES(756870817869, 1, 'SwordArt', 2010, 623742, 1);
INSERT INTO interacts VALUES(756870817869, 1, 'Hybrid', 3097, 691384, 1);
INSERT INTO interacts VALUES(756870817869, 1, 'Hybrid', 2043, 691712, 1);
INSERT INTO interacts VALUES(756870817869, 1, 'Perkz', 3001, 691712, 1);
INSERT INTO interacts VALUES(756870817869, 1, 'Hybrid', 2010, 692058, 1);
INSERT INTO interacts VALUES(756870817869, 1, 'Perkz', 2010, 692330, 1);
INSERT INTO interacts VALUES(756870817869, 1, 'Perkz', 3363, 692688, 1);
INSERT INTO interacts VALUES(756870817869, 1, 'Hybrid', 2010, 699230, 1);
INSERT INTO interacts VALUES(756870817869, 1, 'Emperor', 3006, 701059, 1);
INSERT INTO interacts VALUES(756870817869, 1, 'Kikis', 3067, 703036, 1);
INSERT INTO interacts VALUES(756870817869, 1, 'Kikis', 1001, 704155, 1);
INSERT INTO interacts VALUES(756870817869, 1, 'Kikis', 1029, 704813, 1);
INSERT INTO interacts VALUES(756870817869, 1, 'Maple', 3001, 723560, 1);
INSERT INTO interacts VALUES(756870817869, 1, 'Maple', 3158, 727612, 1);
INSERT INTO interacts VALUES(756870817869, 1, 'Maple', 2043, 728704, 1);
INSERT INTO interacts VALUES(756870817869, 1, 'Maple', 2003, 729550, 1);
INSERT INTO interacts VALUES(756870817869, 1, 'NL', 3004, 731214, 1);
INSERT INTO interacts VALUES(756870817869, 1, 'NL', 1001, 731966, 1);
INSERT INTO interacts VALUES(756870817869, 1, 'NL', 2010, 733796, 1);
INSERT INTO interacts VALUES(756870817869, 1, 'SwordArt', 3009, 736787, 1);
INSERT INTO interacts VALUES(756870817869, 1, 'MMD', 3751, 737072, 1);
INSERT INTO interacts VALUES(756870817869, 1, 'Trick', 1408, 744670, 1);
INSERT INTO interacts VALUES(756870817869, 1, 'Trick', 3158, 746209, 1);
INSERT INTO interacts VALUES(756870817869, 1, 'Karsa', 1001, 749079, 1);
INSERT INTO interacts VALUES(756870817869, 1, 'Karsa', 1033, 751811, 1);
INSERT INTO interacts VALUES(756870817869, 1, 'Trick', 1028, 829172, 1);
INSERT INTO interacts VALUES(756870817869, 1, 'Trick', 1028, 829589, 1);
INSERT INTO interacts VALUES(756870817869, 1, 'Emperor', 3508, 843702, 1);
INSERT INTO interacts VALUES(756870817869, 1, 'Kikis', 3065, 844352, 1);
INSERT INTO interacts VALUES(756870817869, 1, 'Emperor', 1042, 846293, 1);
INSERT INTO interacts VALUES(756870817869, 1, 'Kikis', 1028, 846649, 1);
INSERT INTO interacts VALUES(756870817869, 1, 'Hybrid', 1033, 867899, 1);
INSERT INTO interacts VALUES(756870817869, 1, 'Perkz', 3101, 870151, 1);
INSERT INTO interacts VALUES(756870817869, 1, 'Hybrid', 2010, 870713, 0);
INSERT INTO interacts VALUES(756870817869, 1, 'Perkz', 2010, 871954, 1);
INSERT INTO interacts VALUES(756870817869, 1, 'Hybrid', 3801, 873217, 1);
INSERT INTO interacts VALUES(756870817869, 1, 'NL', 3024, 876623, 1);
INSERT INTO interacts VALUES(756870817869, 1, 'NL', 3363, 878773, 1);
INSERT INTO interacts VALUES(756870817869, 1, 'SwordArt', 1308, 888361, 1);
INSERT INTO interacts VALUES(756870817869, 1, 'SwordArt', 2043, 889081, 1);
INSERT INTO interacts VALUES(756870817869, 1, 'SwordArt', 2043, 889243, 1);
INSERT INTO interacts VALUES(756870817869, 1, 'MMD', 3065, 899845, 1);
INSERT INTO interacts VALUES(756870817869, 1, 'MMD', 1029, 902632, 1);
INSERT INTO interacts VALUES(756870817869, 1, 'Emperor', 1051, 924175, 1);
INSERT INTO interacts VALUES(756870817869, 1, 'Emperor', 3363, 924777, 1);
INSERT INTO interacts VALUES(756870817869, 1, 'Emperor', 2010, 925600, 1);
INSERT INTO interacts VALUES(756870817869, 1, 'Maple', 3108, 926177, 1);
INSERT INTO interacts VALUES(756870817869, 1, 'Hybrid', 2010, 977565, 0);
INSERT INTO interacts VALUES(756870817869, 1, 'Hybrid', 2043, 978604, 1);
INSERT INTO interacts VALUES(756870817869, 1, 'Kikis', 3751, 995640, 1);
INSERT INTO interacts VALUES(756870817869, 1, 'Karsa', 3009, 1022504, 1);
INSERT INTO interacts VALUES(756870817869, 1, 'NL', 3025, 1022859, 1);
INSERT INTO interacts VALUES(756870817869, 1, 'Karsa', 3155, 1023939, 1);
INSERT INTO interacts VALUES(756870817869, 1, 'NL', 3158, 1024809, 1);
INSERT INTO interacts VALUES(756870817869, 1, 'Karsa', 1036, 1024809, 1);
INSERT INTO interacts VALUES(756870817869, 1, 'Karsa', 1042, 1026117, 1);
INSERT INTO interacts VALUES(756870817869, 1, 'Karsa', 2043, 1026314, 1);
INSERT INTO interacts VALUES(756870817869, 1, 'Karsa', 3364, 1028030, 1);
INSERT INTO interacts VALUES(756870817869, 1, 'NL', 1036, 1029064, 1);
INSERT INTO interacts VALUES(756870817869, 1, 'Trick', 3211, 1029939, 1);
INSERT INTO interacts VALUES(756870817869, 1, 'NL', 2010, 1032975, 1);
INSERT INTO interacts VALUES(756870817869, 1, 'NL', 2010, 1033114, 1);
INSERT INTO interacts VALUES(756870817869, 1, 'Kikis', 3009, 1041248, 1);
INSERT INTO interacts VALUES(756870817869, 1, 'Trick', 1011, 1047155, 1);
INSERT INTO interacts VALUES(756870817869, 1, 'Hybrid', 3105, 1055347, 1);
INSERT INTO interacts VALUES(756870817869, 1, 'Hybrid', 2043, 1056224, 1);
INSERT INTO interacts VALUES(756870817869, 1, 'SwordArt', 3097, 1056417, 1);
INSERT INTO interacts VALUES(756870817869, 1, 'Hybrid', 2010, 1056744, 1);
INSERT INTO interacts VALUES(756870817869, 1, 'SwordArt', 2043, 1056907, 1);
INSERT INTO interacts VALUES(756870817869, 1, 'SwordArt', 2043, 1057038, 1);
INSERT INTO interacts VALUES(756870817869, 1, 'SwordArt', 2010, 1057328, 1);
INSERT INTO interacts VALUES(756870817869, 1, 'MMD', 1031, 1063428, 1);
INSERT INTO interacts VALUES(756870817869, 1, 'Maple', 1056, 1068042, 0);
INSERT INTO interacts VALUES(756870817869, 1, 'Maple', 3165, 1069280, 1);
INSERT INTO interacts VALUES(756870817869, 1, 'Emperor', 3086, 1069510, 1);
INSERT INTO interacts VALUES(756870817869, 1, 'Emperor', 1042, 1070386, 1);
INSERT INTO interacts VALUES(756870817869, 1, 'Maple', 3363, 1071165, 1);
INSERT INTO interacts VALUES(756870817869, 1, 'Perkz', 3115, 1169584, 1);
INSERT INTO interacts VALUES(756870817869, 1, 'Kikis', 3024, 1170567, 1);
INSERT INTO interacts VALUES(756870817869, 1, 'Perkz', 2043, 1171188, 1);
INSERT INTO interacts VALUES(756870817869, 1, 'MMD', 3068, 1180071, 1);
INSERT INTO interacts VALUES(756870817869, 1, 'MMD', 1027, 1183466, 1);
INSERT INTO interacts VALUES(756870817869, 1, 'SwordArt', 2303, 1186046, 1);
INSERT INTO interacts VALUES(756870817869, 1, 'SwordArt', 2043, 1186965, 1);
INSERT INTO interacts VALUES(756870817869, 1, 'SwordArt', 2043, 1187130, 1);
INSERT INTO interacts VALUES(756870817869, 1, 'SwordArt', 2031, 1189744, 1);
INSERT INTO interacts VALUES(756870817869, 1, 'Hybrid', 2010, 1193406, 0);
INSERT INTO interacts VALUES(756870817869, 1, 'Hybrid', 3364, 1194872, 1);
INSERT INTO interacts VALUES(756870817869, 1, 'Hybrid', 3067, 1196762, 1);
INSERT INTO interacts VALUES(756870817869, 1, 'Karsa', 3086, 1198617, 1);
INSERT INTO interacts VALUES(756870817869, 1, 'Emperor', 3087, 1199453, 1);
INSERT INTO interacts VALUES(756870817869, 1, 'Karsa', 2043, 1199630, 1);
INSERT INTO interacts VALUES(756870817869, 1, 'Maple', 1026, 1203292, 1);
INSERT INTO interacts VALUES(756870817869, 1, 'Maple', 2043, 1204233, 1);
INSERT INTO interacts VALUES(756870817869, 1, 'Trick', 3082, 1219165, 1);
INSERT INTO interacts VALUES(756870817869, 1, 'NL', 2010, 1229374, 0);
INSERT INTO interacts VALUES(756870817869, 1, 'NL', 3140, 1231956, 1);
INSERT INTO interacts VALUES(756870817869, 1, 'SwordArt', 1033, 1323412, 1);
INSERT INTO interacts VALUES(756870817869, 1, 'SwordArt', 2043, 1330586, 1);
INSERT INTO interacts VALUES(756870817869, 1, 'MMD', 3057, 1342189, 1);
INSERT INTO interacts VALUES(756870817869, 1, 'Hybrid', 3190, 1342753, 1);
INSERT INTO interacts VALUES(756870817869, 1, 'MMD', 1082, 1344703, 0);
INSERT INTO interacts VALUES(756870817869, 1, 'Karsa', 2043, 1345142, 1);
INSERT INTO interacts VALUES(756870817869, 1, 'Maple', 2043, 1345274, 1);
INSERT INTO interacts VALUES(756870817869, 1, 'Karsa', 2043, 1345274, 1);
INSERT INTO interacts VALUES(756870817869, 1, 'MMD', 2043, 1345308, 1);
INSERT INTO interacts VALUES(756870817869, 1, 'Hybrid', 1029, 1347185, 1);
INSERT INTO interacts VALUES(756870817869, 1, 'NL', 1053, 1347591, 1);
INSERT INTO interacts VALUES(756870817869, 1, 'Trick', 3143, 1358525, 1);
INSERT INTO interacts VALUES(756870817869, 1, 'Perkz', 1058, 1360205, 1);
INSERT INTO interacts VALUES(756870817869, 1, 'Emperor', 1037, 1370166, 1);
INSERT INTO interacts VALUES(756870817869, 1, 'MMD', 3111, 1410086, 1);
INSERT INTO interacts VALUES(756870817869, 1, 'Karsa', 3046, 1410443, 1);
INSERT INTO interacts VALUES(756870817869, 1, 'SwordArt', 1028, 1411162, 1);
INSERT INTO interacts VALUES(756870817869, 1, 'Maple', 1058, 1418755, 1);
INSERT INTO interacts VALUES(756870817869, 1, 'Trick', 1028, 1438088, 1);
INSERT INTO interacts VALUES(756870817869, 1, 'Emperor', 2010, 1448818, 0);
INSERT INTO interacts VALUES(756870817869, 1, 'Emperor', 1018, 1450060, 1);
INSERT INTO interacts VALUES(756870817869, 1, 'Kikis', 3068, 1531218, 1);
INSERT INTO interacts VALUES(756870817869, 1, 'Hybrid', 2303, 1533922, 1);
INSERT INTO interacts VALUES(756870817869, 1, 'Hybrid', 2043, 1534630, 1);
INSERT INTO interacts VALUES(756870817869, 1, 'Hybrid', 2043, 1534737, 1);
INSERT INTO interacts VALUES(756870817869, 1, 'Karsa', 3134, 1558374, 1);
INSERT INTO interacts VALUES(756870817869, 1, 'Karsa', 2032, 1559355, 0);
INSERT INTO interacts VALUES(756870817869, 1, 'MMD', 3024, 1559617, 1);
INSERT INTO interacts VALUES(756870817869, 1, 'Karsa', 1306, 1560212, 1);
INSERT INTO interacts VALUES(756870817869, 1, 'SwordArt', 3105, 1561418, 1);
INSERT INTO interacts VALUES(756870817869, 1, 'Karsa', 2043, 1561516, 1);
INSERT INTO interacts VALUES(756870817869, 1, 'SwordArt', 2043, 1562149, 1);
INSERT INTO interacts VALUES(756870817869, 1, 'SwordArt', 2043, 1562303, 1);
INSERT INTO interacts VALUES(756870817869, 1, 'SwordArt', 3364, 1562577, 1);
INSERT INTO interacts VALUES(756870817869, 1, 'NL', 3153, 1570994, 1);
INSERT INTO interacts VALUES(756870817869, 1, 'Hybrid', 2043, 1596791, 1);
INSERT INTO interacts VALUES(756870817869, 1, 'MMD', 3025, 1598208, 1);
INSERT INTO interacts VALUES(756870817869, 1, 'Perkz', 3116, 1602622, 1);
INSERT INTO interacts VALUES(756870817869, 1, 'Trick', 3067, 1608904, 1);
INSERT INTO interacts VALUES(756870817869, 1, 'Trick', 2031, 1609815, 0);
INSERT INTO interacts VALUES(756870817869, 1, 'Trick', 2043, 1610113, 1);
INSERT INTO interacts VALUES(756870817869, 1, 'Maple', 3089, 1675821, 1);
INSERT INTO interacts VALUES(756870817869, 1, 'Maple', 2043, 1678783, 1);
INSERT INTO interacts VALUES(756870817869, 1, 'Perkz', 3111, 1690129, 1);
INSERT INTO interacts VALUES(756870817869, 1, 'Trick', 1028, 1690915, 1);
INSERT INTO interacts VALUES(756870817869, 1, 'Hybrid', 3009, 1700266, 1);
INSERT INTO interacts VALUES(756870817869, 1, 'NL', 1055, 1708166, 0);
INSERT INTO interacts VALUES(756870817869, 1, 'NL', 3035, 1709705, 1);
INSERT INTO interacts VALUES(756870817869, 1, 'Karsa', 3156, 1711852, 1);
INSERT INTO interacts VALUES(756870817869, 1, 'Karsa', 2043, 1712507, 1);
INSERT INTO interacts VALUES(756870817869, 1, 'Karsa', 2043, 1712637, 1);
INSERT INTO interacts VALUES(756870817869, 1, 'Karsa', 2003, 1712900, 1);
INSERT INTO interacts VALUES(756870817869, 1, 'SwordArt', 3190, 1713945, 1);
INSERT INTO interacts VALUES(756870817869, 1, 'MMD', 1323, 1716434, 1);
INSERT INTO interacts VALUES(756870817869, 1, 'Perkz', 1056, 1742089, 0);
INSERT INTO interacts VALUES(756870817869, 1, 'Emperor', 3031, 1742740, 1);
INSERT INTO interacts VALUES(756870817869, 1, 'Perkz', 1026, 1743395, 1);
INSERT INTO interacts VALUES(756870817869, 1, 'Emperor', 2010, 1745840, 1);
INSERT INTO interacts VALUES(756870817869, 1, 'Karsa', 2003, 1787256, 0);
INSERT INTO interacts VALUES(756870817869, 1, 'Karsa', 1028, 1787824, 1);
INSERT INTO interacts VALUES(756870817869, 1, 'NL', 2140, 1788930, 1);
INSERT INTO interacts VALUES(756870817869, 1, 'Hybrid', 2043, 1828840, 1);
INSERT INTO interacts VALUES(756870817869, 1, 'Hybrid', 1029, 1829169, 1);
INSERT INTO interacts VALUES(756870817869, 1, 'Hybrid', 2043, 1829560, 1);
INSERT INTO interacts VALUES(756870817869, 1, 'MMD', 1031, 1893365, 1);
INSERT INTO interacts VALUES(756870817869, 1, 'Trick', 3065, 1909214, 1);
INSERT INTO interacts VALUES(756870817869, 1, 'Kikis', 3110, 1979618, 1);
INSERT INTO interacts VALUES(756870817869, 1, 'SwordArt', 2043, 1980449, 1);
INSERT INTO interacts VALUES(756870817869, 1, 'SwordArt', 2043, 1980614, 1);
INSERT INTO interacts VALUES(756870817869, 1, 'Kikis', 1056, 1980614, 0);
INSERT INTO interacts VALUES(756870817869, 1, 'Kikis', 2043, 1981105, 1);
INSERT INTO interacts VALUES(756870817869, 1, 'NL', 3036, 1981105, 1);
INSERT INTO interacts VALUES(756870817869, 1, 'Karsa', 3052, 1982318, 1);
INSERT INTO interacts VALUES(756870817869, 1, 'SwordArt', 2138, 1982604, 1);
INSERT INTO interacts VALUES(756870817869, 1, 'Karsa', 2043, 1983468, 1);
INSERT INTO interacts VALUES(756870817869, 1, 'Karsa', 2043, 1983648, 1);
INSERT INTO interacts VALUES(756870817869, 1, 'Perkz', 1056, 1987886, 0);
INSERT INTO interacts VALUES(756870817869, 1, 'Perkz', 3135, 1988366, 1);
INSERT INTO interacts VALUES(756870817869, 1, 'Trick', 2043, 1998837, 1);
INSERT INTO interacts VALUES(756870817869, 1, 'Emperor', 2010, 2001984, 0);
INSERT INTO interacts VALUES(756870817869, 1, 'Emperor', 3155, 2003020, 1);
INSERT INTO interacts VALUES(756870817869, 1, 'Trick', 1011, 2084749, 1);
INSERT INTO interacts VALUES(756870817869, 1, 'NL', 2140, 2086711, 1);
INSERT INTO interacts VALUES(756870817869, 1, 'SwordArt', 1027, 2086851, 1);
INSERT INTO interacts VALUES(756870817869, 1, 'SwordArt', 2031, 2087904, 0);
INSERT INTO interacts VALUES(756870817869, 1, 'Karsa', 2140, 2088235, 1);
INSERT INTO interacts VALUES(756870817869, 1, 'SwordArt', 1029, 2088692, 1);
INSERT INTO interacts VALUES(756870817869, 1, 'SwordArt', 2043, 2088957, 1);
INSERT INTO interacts VALUES(756870817869, 1, 'Hybrid', 3024, 2094387, 1);
INSERT INTO interacts VALUES(756870817869, 1, 'Hybrid', 2043, 2095029, 1);
INSERT INTO interacts VALUES(756870817869, 1, 'MMD', 2033, 2095628, 0);
INSERT INTO interacts VALUES(756870817869, 1, 'MMD', 3026, 2096686, 1);
INSERT INTO interacts VALUES(756870817869, 1, 'Trick', 3211, 2103349, 1);
INSERT INTO interacts VALUES(756870817869, 1, 'Maple', 3135, 2103472, 1);
INSERT INTO interacts VALUES(756870817869, 1, 'Perkz', 2043, 2109891, 1);
INSERT INTO interacts VALUES(756870817869, 1, 'Perkz', 2139, 2110220, 1);
INSERT INTO interacts VALUES(756870817869, 1, 'Kikis', 3082, 2127980, 1);
INSERT INTO interacts VALUES(756870817869, 1, 'Trick', 2043, 2199084, 0);
INSERT INTO interacts VALUES(756870817869, 1, 'Emperor', 1055, 2200407, 0);
INSERT INTO interacts VALUES(756870817869, 1, 'Emperor', 3134, 2201310, 1);
INSERT INTO interacts VALUES(756870817869, 1, 'Karsa', 1037, 2206035, 1);
INSERT INTO interacts VALUES(756870817869, 1, 'NL', 1330, 2207627, 1);
INSERT INTO interacts VALUES(756870817869, 1, 'Maple', 2139, 2208268, 1);
INSERT INTO interacts VALUES(756870817869, 1, 'MMD', 3191, 2208331, 1);
INSERT INTO interacts VALUES(756870817869, 1, 'NL', 2140, 2208454, 1);
INSERT INTO interacts VALUES(756870817869, 1, 'SwordArt', 3024, 2235810, 1);
INSERT INTO interacts VALUES(756870817869, 1, 'SwordArt', 1029, 2236374, 1);
INSERT INTO interacts VALUES(756870817869, 1, 'SwordArt', 2138, 2238835, 1);
INSERT INTO interacts VALUES(756870817869, 1, 'SwordArt', 2043, 2239765, 1);
INSERT INTO interacts VALUES(756870817869, 1, 'Trick', 2043, 2275186, 0);
INSERT INTO interacts VALUES(756870817869, 1, 'Hybrid', 3082, 2275809, 1);
INSERT INTO interacts VALUES(756870817869, 1, 'Trick', 3801, 2276889, 1);
INSERT INTO interacts VALUES(756870817869, 1, 'Perkz', 1058, 2307715, 1);
INSERT INTO interacts VALUES(756870817869, 1, 'Emperor', 3156, 2309153, 1);
INSERT INTO interacts VALUES(756870817869, 1, 'Karsa', 3022, 2335002, 1);
INSERT INTO interacts VALUES(756870817869, 1, 'Karsa', 1037, 2336572, 1);
INSERT INTO series VALUES(675476379473, 1);
INSERT INTO organizes VALUES('msi_2016', 675476379473, 'group_stage - CLG-vs-RNG');
INSERT INTO competes VALUES(675476379473, 'CLG', 1);
INSERT INTO competes VALUES(675476379473, 'RNG', 0);
INSERT INTO matches VALUES(675476379473, 1, '2016-05-07');
INSERT INTO scores VALUES('CLG', 675476379473, 1, 1, 7, 0, 1, 1, 1);
INSERT INTO scores VALUES('RNG', 675476379473, 1, 2, 9, 1, 2, 4, 0);
INSERT INTO bans VALUES(675476379473, 1, 29, 1);
INSERT INTO bans VALUES(675476379473, 1, 12, 3);
INSERT INTO bans VALUES(675476379473, 1, 57, 5);
INSERT INTO bans VALUES(675476379473, 1, 51, 2);
INSERT INTO bans VALUES(675476379473, 1, 16, 4);
INSERT INTO bans VALUES(675476379473, 1, 432, 6);
INSERT INTO plays VALUES(675476379473, 1, 'Darshan', 78, 'Top', 1, 3, 9, 13128, 22, 4, 255, 10, 0, 14904);
INSERT INTO plays VALUES(675476379473, 1, 'Xmithie', 203, 'Jungle', 7, 4, 9, 22170, 34, 21, 86, 82, 19, 15690);
INSERT INTO plays VALUES(675476379473, 1, 'Huhi', 268, 'Mid', 2, 5, 6, 23809, 26, 10, 362, 20, 0, 16308);
INSERT INTO plays VALUES(675476379473, 1, 'Stixxay', 429, 'ADC', 11, 4, 7, 27609, 20, 15, 403, 11, 1, 20402);
INSERT INTO plays VALUES(675476379473, 1, 'aphromoo', 25, 'Support', 1, 4, 15, 8140, 54, 17, 27, 0, 0, 12074);
INSERT INTO plays VALUES(675476379473, 1, 'Looper', 245, 'Top', 3, 3, 7, 14408, 21, 9, 274, 4, 4, 15983);
INSERT INTO plays VALUES(675476379473, 1, 'mlxg', 76, 'Jungle', 7, 5, 9, 21587, 12, 21, 60, 121, 63, 19710);
INSERT INTO plays VALUES(675476379473, 1, 'xiaohu', 238, 'Mid', 5, 3, 5, 25586, 28, 7, 338, 21, 2, 18368);
INSERT INTO plays VALUES(675476379473, 1, 'Wuxx', 236, 'ADC', 5, 5, 6, 25782, 19, 17, 402, 17, 11, 19565);
INSERT INTO plays VALUES(675476379473, 1, 'Mata', 412, 'Support', 0, 6, 6, 4235, 62, 13, 32, 0, 1, 11051);
INSERT INTO interacts VALUES(675476379473, 1, 'aphromoo', 3340, 1520, 1);
INSERT INTO interacts VALUES(675476379473, 1, 'Mata', 3302, 1555, 1);
INSERT INTO interacts VALUES(675476379473, 1, 'Huhi', 1056, 1724, 1);
INSERT INTO interacts VALUES(675476379473, 1, 'Xmithie', 3340, 1791, 1);
INSERT INTO interacts VALUES(675476379473, 1, 'Mata', 2010, 1791, 1);
INSERT INTO interacts VALUES(675476379473, 1, 'aphromoo', 3303, 1826, 1);
INSERT INTO interacts VALUES(675476379473, 1, 'Wuxx', 1055, 1826, 1);
INSERT INTO interacts VALUES(675476379473, 1, 'Stixxay', 3340, 1902, 1);
INSERT INTO interacts VALUES(675476379473, 1, 'Mata', 2010, 1937, 1);
INSERT INTO interacts VALUES(675476379473, 1, 'Huhi', 2010, 1969, 1);
INSERT INTO interacts VALUES(675476379473, 1, 'Mata', 2010, 2033, 1);
INSERT INTO interacts VALUES(675476379473, 1, 'aphromoo', 2010, 2033, 1);
INSERT INTO interacts VALUES(675476379473, 1, 'Huhi', 2010, 2098, 1);
INSERT INTO interacts VALUES(675476379473, 1, 'Stixxay', 2010, 2098, 1);
INSERT INTO interacts VALUES(675476379473, 1, 'Mata', 3340, 2229, 1);
INSERT INTO interacts VALUES(675476379473, 1, 'aphromoo', 2010, 2229, 1);
INSERT INTO interacts VALUES(675476379473, 1, 'Stixxay', 1055, 2358, 1);
INSERT INTO interacts VALUES(675476379473, 1, 'Huhi', 3340, 2358, 1);
INSERT INTO interacts VALUES(675476379473, 1, 'Darshan', 2033, 2358, 1);
INSERT INTO interacts VALUES(675476379473, 1, 'aphromoo', 2010, 2424, 1);
INSERT INTO interacts VALUES(675476379473, 1, 'Wuxx', 2010, 2622, 1);
INSERT INTO interacts VALUES(675476379473, 1, 'Darshan', 3340, 2754, 1);
INSERT INTO interacts VALUES(675476379473, 1, 'Wuxx', 3340, 2818, 1);
INSERT INTO interacts VALUES(675476379473, 1, 'Looper', 3340, 3461, 1);
INSERT INTO interacts VALUES(675476379473, 1, 'mlxg', 1039, 3579, 1);
INSERT INTO interacts VALUES(675476379473, 1, 'xiaohu', 1036, 3908, 1);
INSERT INTO interacts VALUES(675476379473, 1, 'mlxg', 2031, 4171, 1);
INSERT INTO interacts VALUES(675476379473, 1, 'xiaohu', 2003, 4333, 1);
INSERT INTO interacts VALUES(675476379473, 1, 'mlxg', 3340, 4534, 1);
INSERT INTO interacts VALUES(675476379473, 1, 'xiaohu', 2003, 4595, 1);
INSERT INTO interacts VALUES(675476379473, 1, 'xiaohu', 2003, 4888, 1);
INSERT INTO interacts VALUES(675476379473, 1, 'Looper', 2033, 5117, 1);
INSERT INTO interacts VALUES(675476379473, 1, 'xiaohu', 3340, 5182, 1);
INSERT INTO interacts VALUES(675476379473, 1, 'Xmithie', 1039, 7743, 1);
INSERT INTO interacts VALUES(675476379473, 1, 'Xmithie', 2031, 8132, 1);
INSERT INTO interacts VALUES(675476379473, 1, 'Huhi', 2043, 147315, 1);
INSERT INTO interacts VALUES(675476379473, 1, 'Huhi', 2010, 147616, 1);
INSERT INTO interacts VALUES(675476379473, 1, 'xiaohu', 1036, 161470, 1);
INSERT INTO interacts VALUES(675476379473, 1, 'Wuxx', 1001, 175192, 1);
INSERT INTO interacts VALUES(675476379473, 1, 'Mata', 2043, 176167, 1);
INSERT INTO interacts VALUES(675476379473, 1, 'mlxg', 3715, 198784, 1);
INSERT INTO interacts VALUES(675476379473, 1, 'mlxg', 1001, 200008, 1);
INSERT INTO interacts VALUES(675476379473, 1, 'mlxg', 2043, 203186, 1);
INSERT INTO interacts VALUES(675476379473, 1, 'Huhi', 1029, 211730, 1);
INSERT INTO interacts VALUES(675476379473, 1, 'Looper', 1082, 231275, 1);
INSERT INTO interacts VALUES(675476379473, 1, 'Darshan', 1001, 242689, 1);
INSERT INTO interacts VALUES(675476379473, 1, 'Mata', 1001, 288929, 1);
INSERT INTO interacts VALUES(675476379473, 1, 'aphromoo', 1028, 291474, 1);
INSERT INTO interacts VALUES(675476379473, 1, 'aphromoo', 2010, 292915, 1);
INSERT INTO interacts VALUES(675476379473, 1, 'aphromoo', 2010, 293045, 1);
INSERT INTO interacts VALUES(675476379473, 1, 'Huhi', 1056, 307364, 1);
INSERT INTO interacts VALUES(675476379473, 1, 'mlxg', 3113, 313184, 1);
INSERT INTO interacts VALUES(675476379473, 1, 'Stixxay', 1036, 319944, 1);
INSERT INTO interacts VALUES(675476379473, 1, 'Stixxay', 1036, 320041, 1);
INSERT INTO interacts VALUES(675476379473, 1, 'Xmithie', 3711, 320366, 1);
INSERT INTO interacts VALUES(675476379473, 1, 'Stixxay', 1042, 321311, 1);
INSERT INTO interacts VALUES(675476379473, 1, 'Stixxay', 1042, 321496, 1);
INSERT INTO interacts VALUES(675476379473, 1, 'Xmithie', 2032, 322192, 1);
INSERT INTO interacts VALUES(675476379473, 1, 'Stixxay', 2010, 322324, 1);
INSERT INTO interacts VALUES(675476379473, 1, 'Xmithie', 1042, 322681, 1);
INSERT INTO interacts VALUES(675476379473, 1, 'Xmithie', 2043, 325951, 1);
INSERT INTO interacts VALUES(675476379473, 1, 'Wuxx', 1038, 351029, 1);
INSERT INTO interacts VALUES(675476379473, 1, 'Wuxx', 2010, 351347, 1);
INSERT INTO interacts VALUES(675476379473, 1, 'Darshan', 1028, 351641, 1);
INSERT INTO interacts VALUES(675476379473, 1, 'Looper', 1001, 374007, 1);
INSERT INTO interacts VALUES(675476379473, 1, 'Looper', 1027, 376116, 1);
INSERT INTO interacts VALUES(675476379473, 1, 'mlxg', 2043, 425158, 1);
INSERT INTO interacts VALUES(675476379473, 1, 'aphromoo', 2049, 449874, 1);
INSERT INTO interacts VALUES(675476379473, 1, 'aphromoo', 3341, 451959, 1);
INSERT INTO interacts VALUES(675476379473, 1, 'aphromoo', 2043, 454431, 1);
INSERT INTO interacts VALUES(675476379473, 1, 'Xmithie', 1411, 556162, 1);
INSERT INTO interacts VALUES(675476379473, 1, 'Xmithie', 2043, 557560, 1);
INSERT INTO interacts VALUES(675476379473, 1, 'xiaohu', 3134, 568597, 1);
INSERT INTO interacts VALUES(675476379473, 1, 'xiaohu', 3155, 570098, 1);
INSERT INTO interacts VALUES(675476379473, 1, 'xiaohu', 1001, 571440, 1);
INSERT INTO interacts VALUES(675476379473, 1, 'xiaohu', 1036, 572698, 1);
INSERT INTO interacts VALUES(675476379473, 1, 'xiaohu', 2043, 574129, 1);
INSERT INTO interacts VALUES(675476379473, 1, 'mlxg', 1414, 575299, 1);
INSERT INTO interacts VALUES(675476379473, 1, 'mlxg', 3009, 576954, 1);
INSERT INTO interacts VALUES(675476379473, 1, 'mlxg', 3341, 578999, 1);
INSERT INTO interacts VALUES(675476379473, 1, 'mlxg', 2043, 579422, 1);
INSERT INTO interacts VALUES(675476379473, 1, 'Darshan', 3211, 587637, 1);
INSERT INTO interacts VALUES(675476379473, 1, 'Darshan', 1028, 588315, 1);
INSERT INTO interacts VALUES(675476379473, 1, 'Huhi', 3191, 598634, 1);
INSERT INTO interacts VALUES(675476379473, 1, 'Huhi', 1042, 600612, 1);
INSERT INTO interacts VALUES(675476379473, 1, 'Huhi', 1042, 600741, 1);
INSERT INTO interacts VALUES(675476379473, 1, 'Looper', 3057, 606701, 1);
INSERT INTO interacts VALUES(675476379473, 1, 'Mata', 2049, 611869, 1);
INSERT INTO interacts VALUES(675476379473, 1, 'Looper', 1028, 612458, 1);
INSERT INTO interacts VALUES(675476379473, 1, 'Mata', 2043, 612621, 1);
INSERT INTO interacts VALUES(675476379473, 1, 'Mata', 2010, 612783, 1);
INSERT INTO interacts VALUES(675476379473, 1, 'Mata', 3341, 613820, 1);
INSERT INTO interacts VALUES(675476379473, 1, 'Looper', 2043, 614387, 1);
INSERT INTO interacts VALUES(675476379473, 1, 'Wuxx', 3133, 619405, 1);
INSERT INTO interacts VALUES(675476379473, 1, 'Wuxx', 2043, 635085, 1);
INSERT INTO interacts VALUES(675476379473, 1, 'Stixxay', 3153, 643760, 1);
INSERT INTO interacts VALUES(675476379473, 1, 'Stixxay', 2010, 646361, 1);
INSERT INTO interacts VALUES(675476379473, 1, 'aphromoo', 3158, 648709, 1);
INSERT INTO interacts VALUES(675476379473, 1, 'aphromoo', 2043, 649690, 1);
INSERT INTO interacts VALUES(675476379473, 1, 'Xmithie', 3009, 652282, 1);
INSERT INTO interacts VALUES(675476379473, 1, 'Huhi', 3101, 654783, 1);
INSERT INTO interacts VALUES(675476379473, 1, 'Xmithie', 3341, 654845, 1);
INSERT INTO interacts VALUES(675476379473, 1, 'Huhi', 2043, 656111, 1);
INSERT INTO interacts VALUES(675476379473, 1, 'Huhi', 2010, 656370, 1);
INSERT INTO interacts VALUES(675476379473, 1, 'Darshan', 1029, 657087, 1);
INSERT INTO interacts VALUES(675476379473, 1, 'xiaohu', 3133, 681309, 1);
INSERT INTO interacts VALUES(675476379473, 1, 'xiaohu', 1036, 687514, 1);
INSERT INTO interacts VALUES(675476379473, 1, 'xiaohu', 3009, 689378, 1);
INSERT INTO interacts VALUES(675476379473, 1, 'xiaohu', 3363, 690481, 1);
INSERT INTO interacts VALUES(675476379473, 1, 'Mata', 3117, 722450, 1);
INSERT INTO interacts VALUES(675476379473, 1, 'mlxg', 1058, 766099, 1);
INSERT INTO interacts VALUES(675476379473, 1, 'mlxg', 1028, 768547, 1);
INSERT INTO interacts VALUES(675476379473, 1, 'mlxg', 1052, 770474, 1);
INSERT INTO interacts VALUES(675476379473, 1, 'mlxg', 2031, 772338, 0);
INSERT INTO interacts VALUES(675476379473, 1, 'mlxg', 3364, 773464, 1);
INSERT INTO interacts VALUES(675476379473, 1, 'mlxg', 2043, 773669, 1);
INSERT INTO interacts VALUES(675476379473, 1, 'Looper', 1323, 777817, 1);
INSERT INTO interacts VALUES(675476379473, 1, 'Huhi', 1052, 779741, 1);
INSERT INTO interacts VALUES(675476379473, 1, 'Huhi', 2010, 794433, 1);
INSERT INTO interacts VALUES(675476379473, 1, 'Wuxx', 3508, 809075, 1);
INSERT INTO interacts VALUES(675476379473, 1, 'aphromoo', 3801, 813284, 1);
INSERT INTO interacts VALUES(675476379473, 1, 'aphromoo', 2043, 814219, 1);
INSERT INTO interacts VALUES(675476379473, 1, 'aphromoo', 2010, 814473, 1);
INSERT INTO interacts VALUES(675476379473, 1, 'aphromoo', 2010, 814617, 1);
INSERT INTO interacts VALUES(675476379473, 1, 'Mata', 2043, 815071, 1);
INSERT INTO interacts VALUES(675476379473, 1, 'Mata', 2031, 815366, 1);
INSERT INTO interacts VALUES(675476379473, 1, 'xiaohu', 3034, 815563, 1);
INSERT INTO interacts VALUES(675476379473, 1, 'Wuxx', 1042, 816189, 1);
INSERT INTO interacts VALUES(675476379473, 1, 'Stixxay', 3006, 817362, 1);
INSERT INTO interacts VALUES(675476379473, 1, 'xiaohu', 3133, 817428, 1);
INSERT INTO interacts VALUES(675476379473, 1, 'Wuxx', 1042, 818278, 1);
INSERT INTO interacts VALUES(675476379473, 1, 'xiaohu', 2043, 820529, 1);
INSERT INTO interacts VALUES(675476379473, 1, 'Stixxay', 3363, 830847, 1);
INSERT INTO interacts VALUES(675476379473, 1, 'Looper', 1029, 846744, 1);
INSERT INTO interacts VALUES(675476379473, 1, 'Darshan', 3751, 862304, 1);
INSERT INTO interacts VALUES(675476379473, 1, 'Darshan', 1031, 862886, 1);
INSERT INTO interacts VALUES(675476379473, 1, 'Xmithie', 3155, 891677, 1);
INSERT INTO interacts VALUES(675476379473, 1, 'Xmithie', 1036, 892498, 1);
INSERT INTO interacts VALUES(675476379473, 1, 'Looper', 3024, 918576, 1);
INSERT INTO interacts VALUES(675476379473, 1, 'mlxg', 3116, 933383, 1);
INSERT INTO interacts VALUES(675476379473, 1, 'mlxg', 1027, 936419, 1);
INSERT INTO interacts VALUES(675476379473, 1, 'xiaohu', 3142, 942897, 1);
INSERT INTO interacts VALUES(675476379473, 1, 'xiaohu', 1036, 945760, 1);
INSERT INTO interacts VALUES(675476379473, 1, 'xiaohu', 2043, 947312, 1);
INSERT INTO interacts VALUES(675476379473, 1, 'Huhi', 3115, 954390, 1);
INSERT INTO interacts VALUES(675476379473, 1, 'Huhi', 3363, 955928, 1);
INSERT INTO interacts VALUES(675476379473, 1, 'Stixxay', 3086, 956784, 1);
INSERT INTO interacts VALUES(675476379473, 1, 'Stixxay', 2043, 958137, 1);
INSERT INTO interacts VALUES(675476379473, 1, 'aphromoo', 3105, 974026, 1);
INSERT INTO interacts VALUES(675476379473, 1, 'aphromoo', 2043, 974908, 1);
INSERT INTO interacts VALUES(675476379473, 1, 'aphromoo', 2010, 976574, 1);
INSERT INTO interacts VALUES(675476379473, 1, 'Mata', 3097, 985008, 1);
INSERT INTO interacts VALUES(675476379473, 1, 'Mata', 2043, 986082, 1);
INSERT INTO interacts VALUES(675476379473, 1, 'Darshan', 3068, 998534, 1);
INSERT INTO interacts VALUES(675476379473, 1, 'Wuxx', 3086, 1000790, 1);
INSERT INTO interacts VALUES(675476379473, 1, 'Wuxx', 3363, 1001573, 1);
INSERT INTO interacts VALUES(675476379473, 1, 'Darshan', 2043, 1001775, 1);
INSERT INTO interacts VALUES(675476379473, 1, 'Wuxx', 2043, 1004608, 1);
INSERT INTO interacts VALUES(675476379473, 1, 'Looper', 3025, 1021933, 1);
INSERT INTO interacts VALUES(675476379473, 1, 'Stixxay', 1042, 1065001, 1);
INSERT INTO interacts VALUES(675476379473, 1, 'Stixxay', 1042, 1087549, 1);
INSERT INTO interacts VALUES(675476379473, 1, 'Xmithie', 1036, 1095704, 0);
INSERT INTO interacts VALUES(675476379473, 1, 'aphromoo', 2010, 1096558, 0);
INSERT INTO interacts VALUES(675476379473, 1, 'Huhi', 1001, 1098151, 1);
INSERT INTO interacts VALUES(675476379473, 1, 'aphromoo', 1028, 1098379, 1);
INSERT INTO interacts VALUES(675476379473, 1, 'aphromoo', 2043, 1099641, 1);
INSERT INTO interacts VALUES(675476379473, 1, 'Xmithie', 3086, 1099980, 1);
INSERT INTO interacts VALUES(675476379473, 1, 'Xmithie', 2043, 1100857, 1);
INSERT INTO interacts VALUES(675476379473, 1, 'Darshan', 3009, 1101315, 1);
INSERT INTO interacts VALUES(675476379473, 1, 'Xmithie', 3364, 1101347, 1);
INSERT INTO interacts VALUES(675476379473, 1, 'xiaohu', 3044, 1113988, 1);
INSERT INTO interacts VALUES(675476379473, 1, 'xiaohu', 3133, 1118049, 1);
INSERT INTO interacts VALUES(675476379473, 1, 'Mata', 2303, 1118439, 1);
INSERT INTO interacts VALUES(675476379473, 1, 'xiaohu', 1033, 1119208, 1);
INSERT INTO interacts VALUES(675476379473, 1, 'Wuxx', 3094, 1122605, 1);
INSERT INTO interacts VALUES(675476379473, 1, 'Mata', 1033, 1123007, 1);
INSERT INTO interacts VALUES(675476379473, 1, 'Wuxx', 1033, 1128223, 1);
INSERT INTO interacts VALUES(675476379473, 1, 'Wuxx', 2043, 1130694, 1);
INSERT INTO interacts VALUES(675476379473, 1, 'mlxg', 3057, 1157054, 1);
INSERT INTO interacts VALUES(675476379473, 1, 'mlxg', 3113, 1157500, 1);
INSERT INTO interacts VALUES(675476379473, 1, 'Looper', 3211, 1157628, 1);
INSERT INTO interacts VALUES(675476379473, 1, 'mlxg', 2043, 1159581, 1);
INSERT INTO interacts VALUES(675476379473, 1, 'Looper', 3067, 1159647, 1);
INSERT INTO interacts VALUES(675476379473, 1, 'mlxg', 2043, 1159744, 1);
INSERT INTO interacts VALUES(675476379473, 1, 'Stixxay', 3085, 1200835, 1);
INSERT INTO interacts VALUES(675476379473, 1, 'Stixxay', 2043, 1204029, 1);
INSERT INTO interacts VALUES(675476379473, 1, 'Huhi', 2010, 1206446, 0);
INSERT INTO interacts VALUES(675476379473, 1, 'Huhi', 1058, 1207869, 1);
INSERT INTO interacts VALUES(675476379473, 1, 'aphromoo', 3067, 1212361, 1);
INSERT INTO interacts VALUES(675476379473, 1, 'mlxg', 3100, 1260468, 1);
INSERT INTO interacts VALUES(675476379473, 1, 'mlxg', 2043, 1261582, 1);
INSERT INTO interacts VALUES(675476379473, 1, 'mlxg', 2003, 1261884, 1);
INSERT INTO interacts VALUES(675476379473, 1, 'mlxg', 2003, 1262022, 1);
INSERT INTO interacts VALUES(675476379473, 1, 'Mata', 1028, 1270126, 1);
INSERT INTO interacts VALUES(675476379473, 1, 'Mata', 2043, 1272472, 1);
INSERT INTO interacts VALUES(675476379473, 1, 'Xmithie', 3046, 1282767, 1);
INSERT INTO interacts VALUES(675476379473, 1, 'Looper', 3065, 1326497, 1);
INSERT INTO interacts VALUES(675476379473, 1, 'mlxg', 1305, 1327595, 1);
INSERT INTO interacts VALUES(675476379473, 1, 'Looper', 1029, 1328029, 1);
INSERT INTO interacts VALUES(675476379473, 1, 'Huhi', 3157, 1336101, 1);
INSERT INTO interacts VALUES(675476379473, 1, 'aphromoo', 3364, 1338108, 1);
INSERT INTO interacts VALUES(675476379473, 1, 'aphromoo', 3190, 1340493, 1);
INSERT INTO interacts VALUES(675476379473, 1, 'xiaohu', 3044, 1350278, 1);
INSERT INTO interacts VALUES(675476379473, 1, 'Darshan', 3057, 1350601, 1);
INSERT INTO interacts VALUES(675476379473, 1, 'xiaohu', 3140, 1352098, 1);
INSERT INTO interacts VALUES(675476379473, 1, 'Darshan', 1029, 1356116, 1);
INSERT INTO interacts VALUES(675476379473, 1, 'Wuxx', 1038, 1366513, 1);
INSERT INTO interacts VALUES(675476379473, 1, 'Wuxx', 3006, 1369505, 1);
INSERT INTO interacts VALUES(675476379473, 1, 'Looper', 3082, 1431570, 1);
INSERT INTO interacts VALUES(675476379473, 1, 'Stixxay', 3140, 1442881, 1);
INSERT INTO interacts VALUES(675476379473, 1, 'Stixxay', 1036, 1443732, 1);
INSERT INTO interacts VALUES(675476379473, 1, 'Huhi', 2139, 1446362, 1);
INSERT INTO interacts VALUES(675476379473, 1, 'Mata', 3028, 1455889, 1);
INSERT INTO interacts VALUES(675476379473, 1, 'Mata', 3222, 1456365, 1);
INSERT INTO interacts VALUES(675476379473, 1, 'Mata', 2043, 1457600, 1);
INSERT INTO interacts VALUES(675476379473, 1, 'Mata', 3364, 1458868, 1);
INSERT INTO interacts VALUES(675476379473, 1, 'xiaohu', 3071, 1466425, 1);
INSERT INTO interacts VALUES(675476379473, 1, 'xiaohu', 2043, 1467608, 1);
INSERT INTO interacts VALUES(675476379473, 1, 'xiaohu', 2043, 1467865, 1);
INSERT INTO interacts VALUES(675476379473, 1, 'Darshan', 3024, 1480155, 1);
INSERT INTO interacts VALUES(675476379473, 1, 'aphromoo', 3098, 1490039, 1);
INSERT INTO interacts VALUES(675476379473, 1, 'aphromoo', 2010, 1491199, 1);
INSERT INTO interacts VALUES(675476379473, 1, 'aphromoo', 2010, 1491406, 1);
INSERT INTO interacts VALUES(675476379473, 1, 'Xmithie', 3134, 1499665, 1);
INSERT INTO interacts VALUES(675476379473, 1, 'mlxg', 1058, 1516821, 1);
INSERT INTO interacts VALUES(675476379473, 1, 'mlxg', 2003, 1518785, 0);
INSERT INTO interacts VALUES(675476379473, 1, 'mlxg', 2003, 1518880, 0);
INSERT INTO interacts VALUES(675476379473, 1, 'mlxg', 2043, 1520245, 1);
INSERT INTO interacts VALUES(675476379473, 1, 'mlxg', 2139, 1521875, 1);
INSERT INTO interacts VALUES(675476379473, 1, 'Darshan', 3025, 1543168, 1);
INSERT INTO interacts VALUES(675476379473, 1, 'Darshan', 2043, 1544412, 1);
INSERT INTO interacts VALUES(675476379473, 1, 'Mata', 2043, 1549145, 1);
INSERT INTO interacts VALUES(675476379473, 1, 'Huhi', 1028, 1567889, 1);
INSERT INTO interacts VALUES(675476379473, 1, 'aphromoo', 2301, 1568938, 1);
INSERT INTO interacts VALUES(675476379473, 1, 'xiaohu', 1037, 1617650, 1);
INSERT INTO interacts VALUES(675476379473, 1, 'Huhi', 1011, 1624809, 1);
INSERT INTO interacts VALUES(675476379473, 1, 'Stixxay', 1053, 1625822, 1);
INSERT INTO interacts VALUES(675476379473, 1, 'Mata', 1033, 1644207, 1);
INSERT INTO interacts VALUES(675476379473, 1, 'Wuxx', 3031, 1653457, 1);
INSERT INTO interacts VALUES(675476379473, 1, 'aphromoo', 1331, 1666735, 1);
INSERT INTO interacts VALUES(675476379473, 1, 'Xmithie', 3156, 1682242, 1);
INSERT INTO interacts VALUES(675476379473, 1, 'Looper', 3143, 1682976, 1);
INSERT INTO interacts VALUES(675476379473, 1, 'Xmithie', 2043, 1683256, 1);
INSERT INTO interacts VALUES(675476379473, 1, 'Xmithie', 2043, 1683585, 1);
INSERT INTO interacts VALUES(675476379473, 1, 'mlxg', 3191, 1685152, 1);
INSERT INTO interacts VALUES(675476379473, 1, 'Stixxay', 3139, 1702186, 1);
INSERT INTO interacts VALUES(675476379473, 1, 'Darshan', 1308, 1703324, 1);
INSERT INTO interacts VALUES(675476379473, 1, 'Darshan', 3067, 1707202, 1);
INSERT INTO interacts VALUES(675476379473, 1, 'aphromoo', 2043, 1771944, 1);
INSERT INTO interacts VALUES(675476379473, 1, 'aphromoo', 2043, 1772108, 1);
INSERT INTO interacts VALUES(675476379473, 1, 'Huhi', 1056, 1813863, 0);
INSERT INTO interacts VALUES(675476379473, 1, 'Huhi', 1058, 1815427, 1);
INSERT INTO interacts VALUES(675476379473, 1, 'Stixxay', 1036, 1862059, 1);
INSERT INTO interacts VALUES(675476379473, 1, 'xiaohu', 3139, 1872865, 1);
INSERT INTO interacts VALUES(675476379473, 1, 'xiaohu', 3033, 1874962, 1);
INSERT INTO interacts VALUES(675476379473, 1, 'Looper', 3041, 1882624, 1);
INSERT INTO interacts VALUES(675476379473, 1, 'Looper', 2033, 1883804, 0);
INSERT INTO interacts VALUES(675476379473, 1, 'Mata', 3024, 1897333, 1);
INSERT INTO interacts VALUES(675476379473, 1, 'Looper', 1057, 1897963, 1);
INSERT INTO interacts VALUES(675476379473, 1, 'Xmithie', 2032, 1898325, 0);
INSERT INTO interacts VALUES(675476379473, 1, 'Mata', 2031, 1900103, 0);
INSERT INTO interacts VALUES(675476379473, 1, 'Xmithie', 3123, 1900551, 1);
INSERT INTO interacts VALUES(675476379473, 1, 'Mata', 3801, 1902245, 1);
INSERT INTO interacts VALUES(675476379473, 1, 'Wuxx', 3156, 1902932, 1);
INSERT INTO interacts VALUES(675476379473, 1, 'Mata', 2043, 1905055, 1);
INSERT INTO interacts VALUES(675476379473, 1, 'Mata', 2043, 1905259, 1);
INSERT INTO interacts VALUES(675476379473, 1, 'mlxg', 3157, 1905892, 1);
INSERT INTO interacts VALUES(675476379473, 1, 'aphromoo', 1029, 1905993, 1);
INSERT INTO interacts VALUES(675476379473, 1, 'aphromoo', 1027, 1906316, 1);
INSERT INTO interacts VALUES(675476379473, 1, 'mlxg', 1026, 1907139, 1);
INSERT INTO interacts VALUES(675476379473, 1, 'Stixxay', 3155, 1914346, 1);
INSERT INTO interacts VALUES(675476379473, 1, 'Huhi', 1056, 1928966, 0);
INSERT INTO interacts VALUES(675476379473, 1, 'Huhi', 3116, 1937259, 1);
INSERT INTO interacts VALUES(675476379473, 1, 'xiaohu', 3156, 2028246, 1);
INSERT INTO interacts VALUES(675476379473, 1, 'Wuxx', 1055, 2028538, 0);
INSERT INTO interacts VALUES(675476379473, 1, 'Mata', 3211, 2031984, 1);
INSERT INTO interacts VALUES(675476379473, 1, 'Wuxx', 1038, 2032145, 1);
INSERT INTO interacts VALUES(675476379473, 1, 'Mata', 3067, 2033094, 1);
INSERT INTO interacts VALUES(675476379473, 1, 'Mata', 2043, 2035638, 1);
INSERT INTO interacts VALUES(675476379473, 1, 'Mata', 2043, 2035804, 1);
INSERT INTO interacts VALUES(675476379473, 1, 'Mata', 2138, 2037956, 1);
INSERT INTO interacts VALUES(675476379473, 1, 'aphromoo', 3024, 2040316, 1);
INSERT INTO interacts VALUES(675476379473, 1, 'aphromoo', 2043, 2041197, 1);
INSERT INTO interacts VALUES(675476379473, 1, 'aphromoo', 2010, 2041456, 1);
INSERT INTO interacts VALUES(675476379473, 1, 'aphromoo', 2010, 2041593, 1);
INSERT INTO interacts VALUES(675476379473, 1, 'Darshan', 3065, 2045137, 1);
INSERT INTO interacts VALUES(675476379473, 1, 'Darshan', 1031, 2048268, 1);
INSERT INTO interacts VALUES(675476379473, 1, 'xiaohu', 3139, 2053982, 1);
INSERT INTO interacts VALUES(675476379473, 1, 'mlxg', 3135, 2067499, 1);
INSERT INTO interacts VALUES(675476379473, 1, 'Xmithie', 1037, 2069513, 1);
INSERT INTO interacts VALUES(675476379473, 1, 'Huhi', 2139, 2070230, 1);
INSERT INTO interacts VALUES(675476379473, 1, 'Huhi', 2010, 2072123, 1);
INSERT INTO interacts VALUES(675476379473, 1, 'Stixxay', 1055, 2079989, 0);
INSERT INTO interacts VALUES(675476379473, 1, 'Stixxay', 3134, 2081427, 1);
INSERT INTO interacts VALUES(675476379473, 1, 'Looper', 3026, 2122698, 1);
INSERT INTO interacts VALUES(675476379473, 1, 'Looper', 3041, 2176450, 0);
INSERT INTO interacts VALUES(675476379473, 1, 'Looper', 1031, 2178023, 1);
INSERT INTO interacts VALUES(675476379473, 1, 'aphromoo', 2010, 2178684, 0);
INSERT INTO interacts VALUES(675476379473, 1, 'aphromoo', 2010, 2178815, 0);
INSERT INTO interacts VALUES(675476379473, 1, 'aphromoo', 1052, 2180575, 1);
INSERT INTO interacts VALUES(675476379473, 1, 'aphromoo', 1052, 2180648, 1);
INSERT INTO interacts VALUES(675476379473, 1, 'Mata', 2043, 2182143, 1);
INSERT INTO interacts VALUES(675476379473, 1, 'Mata', 2043, 2182278, 1);
INSERT INTO interacts VALUES(675476379473, 1, 'xiaohu', 2140, 2182746, 1);
INSERT INTO interacts VALUES(675476379473, 1, 'Xmithie', 3033, 2185422, 1);
INSERT INTO interacts VALUES(675476379473, 1, 'Stixxay', 3156, 2194966, 1);
INSERT INTO interacts VALUES(675476379473, 1, 'Xmithie', 2043, 2197796, 1);
INSERT INTO interacts VALUES(675476379473, 1, 'Stixxay', 1037, 2198083, 1);
INSERT INTO interacts VALUES(675476379473, 1, 'Darshan', 2033, 2198904, 0);
INSERT INTO interacts VALUES(675476379473, 1, 'Darshan', 1057, 2200249, 1);
INSERT INTO interacts VALUES(675476379473, 1, 'mlxg', 2139, 2227501, 1);
INSERT INTO interacts VALUES(675476379473, 1, 'Looper', 2138, 2230398, 1);
INSERT INTO interacts VALUES(675476379473, 1, 'Darshan', 2138, 2237818, 1);
INSERT INTO interacts VALUES(675476379473, 1, 'Huhi', 1026, 2280199, 1);
INSERT INTO interacts VALUES(675476379473, 1, 'aphromoo', 3050, 2281542, 1);
INSERT INTO interacts VALUES(675476379473, 1, 'aphromoo', 2043, 2325189, 1);
INSERT INTO interacts VALUES(675476379473, 1, 'aphromoo', 2043, 2325328, 1);
INSERT INTO interacts VALUES(675476379473, 1, 'Stixxay', 3035, 2326849, 1);
INSERT INTO interacts VALUES(675476379473, 1, 'Stixxay', 1301, 2329031, 1);
INSERT INTO interacts VALUES(675476379473, 1, 'Stixxay', 2140, 2329623, 1);
INSERT INTO interacts VALUES(675476379473, 1, 'aphromoo', 2138, 2329721, 1);
INSERT INTO interacts VALUES(675476379473, 1, 'Huhi', 3135, 2333295, 1);
INSERT INTO interacts VALUES(675476379473, 1, 'Huhi', 2010, 2334522, 1);
INSERT INTO interacts VALUES(675476379473, 1, 'Xmithie', 2043, 2336039, 0);
INSERT INTO interacts VALUES(675476379473, 1, 'Xmithie', 3052, 2337692, 1);
INSERT INTO interacts VALUES(675476379473, 1, 'Darshan', 3026, 2360622, 1);
INSERT INTO interacts VALUES(675476379473, 1, 'Xmithie', 2140, 2420264, 1);
INSERT INTO interacts VALUES(675476379473, 1, 'Wuxx', 1038, 2428292, 0);
INSERT INTO interacts VALUES(675476379473, 1, 'Wuxx', 3139, 2428813, 1);
INSERT INTO interacts VALUES(675476379473, 1, 'Darshan', 2043, 2439109, 1);
INSERT INTO interacts VALUES(675476379473, 1, 'xiaohu', 3156, 2453805, 1);
INSERT INTO series VALUES(139078904979, 1);
INSERT INTO organizes VALUES('msi_2016', 139078904979, 'group_stage - SUP-vs-SKT');
INSERT INTO competes VALUES(139078904979, 'SUP', 1);
INSERT INTO competes VALUES(139078904979, 'SKT', 0);
INSERT INTO matches VALUES(139078904979, 1, '2016-05-07');
INSERT INTO scores VALUES('SUP', 139078904979, 1, 0, 1, 0, 0, 0, 0);
INSERT INTO scores VALUES('SKT', 139078904979, 1, 1, 10, 1, 1, 2, 1);
INSERT INTO bans VALUES(139078904979, 1, 13, 1);
INSERT INTO bans VALUES(139078904979, 1, 12, 3);
INSERT INTO bans VALUES(139078904979, 1, 76, 5);
INSERT INTO bans VALUES(139078904979, 1, 432, 2);
INSERT INTO bans VALUES(139078904979, 1, 7, 4);
INSERT INTO bans VALUES(139078904979, 1, 105, 6);
INSERT INTO plays VALUES(139078904979, 1, 'fabFabulous', 57, 'Top', 0, 4, 2, 11685, 10, 2, 159, 5, 0, 7803);
INSERT INTO plays VALUES(139078904979, 1, 'Stomaged', 104, 'Jungle', 3, 5, 4, 10410, 28, 9, 24, 54, 0, 8097);
INSERT INTO plays VALUES(139078904979, 1, 'Naru', 127, 'Mid', 2, 3, 3, 11154, 12, 5, 226, 20, 3, 10058);
INSERT INTO plays VALUES(139078904979, 1, 'Achuu', 236, 'ADC', 2, 3, 2, 17902, 14, 4, 250, 5, 1, 10437);
INSERT INTO plays VALUES(139078904979, 1, 'Dumbledoge', 412, 'Support', 0, 7, 6, 4971, 31, 13, 31, 0, 0, 6209);
INSERT INTO plays VALUES(139078904979, 1, 'Duke', 245, 'Top', 1, 0, 9, 18814, 13, 3, 248, 0, 2, 12074);
INSERT INTO plays VALUES(139078904979, 1, 'Blank', 203, 'Jungle', 10, 1, 7, 18800, 25, 21, 49, 63, 32, 13800);
INSERT INTO plays VALUES(139078904979, 1, 'Faker', 268, 'Mid', 7, 1, 5, 25332, 15, 4, 294, 15, 7, 15235);
INSERT INTO plays VALUES(139078904979, 1, 'Bang', 81, 'ADC', 4, 1, 13, 28335, 14, 4, 229, 7, 4, 13188);
INSERT INTO plays VALUES(139078904979, 1, 'Wolf', 201, 'Support', 0, 4, 15, 5925, 35, 8, 35, 0, 0, 8422);
INSERT INTO interacts VALUES(139078904979, 1, 'Naru', 1056, 1613, 1);
INSERT INTO interacts VALUES(139078904979, 1, 'Naru', 2010, 1847, 1);
INSERT INTO interacts VALUES(139078904979, 1, 'Achuu', 1055, 1847, 1);
INSERT INTO interacts VALUES(139078904979, 1, 'Naru', 2010, 2001, 1);
INSERT INTO interacts VALUES(139078904979, 1, 'Faker', 1056, 2065, 1);
INSERT INTO interacts VALUES(139078904979, 1, 'Wolf', 2010, 2068, 1);
INSERT INTO interacts VALUES(139078904979, 1, 'Achuu', 2010, 2133, 1);
INSERT INTO interacts VALUES(139078904979, 1, 'Wolf', 2010, 2230, 1);
INSERT INTO interacts VALUES(139078904979, 1, 'Naru', 3340, 2230, 1);
INSERT INTO interacts VALUES(139078904979, 1, 'Dumbledoge', 2010, 2230, 1);
INSERT INTO interacts VALUES(139078904979, 1, 'Wolf', 2010, 2427, 1);
INSERT INTO interacts VALUES(139078904979, 1, 'Achuu', 3340, 2460, 1);
INSERT INTO interacts VALUES(139078904979, 1, 'Faker', 2003, 2525, 1);
INSERT INTO interacts VALUES(139078904979, 1, 'Dumbledoge', 2010, 2558, 1);
INSERT INTO interacts VALUES(139078904979, 1, 'Bang', 1055, 2590, 1);
INSERT INTO interacts VALUES(139078904979, 1, 'Faker', 2003, 2654, 1);
INSERT INTO interacts VALUES(139078904979, 1, 'Bang', 2010, 2816, 1);
INSERT INTO interacts VALUES(139078904979, 1, 'Wolf', 3340, 2848, 1);
INSERT INTO interacts VALUES(139078904979, 1, 'Faker', 3340, 2848, 1);
INSERT INTO interacts VALUES(139078904979, 1, 'Dumbledoge', 2010, 2848, 1);
INSERT INTO interacts VALUES(139078904979, 1, 'Bang', 3340, 3076, 1);
INSERT INTO interacts VALUES(139078904979, 1, 'Dumbledoge', 3340, 3209, 1);
INSERT INTO interacts VALUES(139078904979, 1, 'Wolf', 3302, 3631, 1);
INSERT INTO interacts VALUES(139078904979, 1, 'Dumbledoge', 3302, 3676, 1);
INSERT INTO interacts VALUES(139078904979, 1, 'Stomaged', 1039, 3891, 1);
INSERT INTO interacts VALUES(139078904979, 1, 'Blank', 3340, 4215, 1);
INSERT INTO interacts VALUES(139078904979, 1, 'Stomaged', 2031, 4475, 1);
INSERT INTO interacts VALUES(139078904979, 1, 'Blank', 2031, 4899, 1);
INSERT INTO interacts VALUES(139078904979, 1, 'Stomaged', 3340, 5290, 1);
INSERT INTO interacts VALUES(139078904979, 1, 'Blank', 1039, 5290, 1);
INSERT INTO interacts VALUES(139078904979, 1, 'Duke', 2033, 5453, 1);
INSERT INTO interacts VALUES(139078904979, 1, 'Duke', 3340, 6168, 1);
INSERT INTO interacts VALUES(139078904979, 1, 'fabFabulous', 1056, 8839, 1);
INSERT INTO interacts VALUES(139078904979, 1, 'fabFabulous', 2003, 9102, 1);
INSERT INTO interacts VALUES(139078904979, 1, 'fabFabulous', 2003, 9249, 1);
INSERT INTO interacts VALUES(139078904979, 1, 'fabFabulous', 3340, 9496, 1);
INSERT INTO interacts VALUES(139078904979, 1, 'fabFabulous', 2033, 15289, 1);
INSERT INTO interacts VALUES(139078904979, 1, 'Stomaged', 3711, 235320, 1);
INSERT INTO interacts VALUES(139078904979, 1, 'Naru', 1028, 254390, 1);
INSERT INTO interacts VALUES(139078904979, 1, 'Naru', 1027, 254686, 1);
INSERT INTO interacts VALUES(139078904979, 1, 'Naru', 2010, 255369, 1);
INSERT INTO interacts VALUES(139078904979, 1, 'Naru', 2010, 255600, 1);
INSERT INTO interacts VALUES(139078904979, 1, 'Duke', 1056, 264304, 1);
INSERT INTO interacts VALUES(139078904979, 1, 'Duke', 1082, 264652, 1);
INSERT INTO interacts VALUES(139078904979, 1, 'Duke', 2043, 267843, 1);
INSERT INTO interacts VALUES(139078904979, 1, 'fabFabulous', 1082, 291166, 1);
INSERT INTO interacts VALUES(139078904979, 1, 'fabFabulous', 1056, 292147, 1);
INSERT INTO interacts VALUES(139078904979, 1, 'fabFabulous', 2043, 296174, 1);
INSERT INTO interacts VALUES(139078904979, 1, 'Faker', 1056, 305577, 1);
INSERT INTO interacts VALUES(139078904979, 1, 'Faker', 1042, 307145, 1);
INSERT INTO interacts VALUES(139078904979, 1, 'Faker', 1042, 307259, 1);
INSERT INTO interacts VALUES(139078904979, 1, 'Faker', 2043, 307880, 1);
INSERT INTO interacts VALUES(139078904979, 1, 'Blank', 3711, 329059, 1);
INSERT INTO interacts VALUES(139078904979, 1, 'Blank', 1042, 330243, 1);
INSERT INTO interacts VALUES(139078904979, 1, 'Blank', 2032, 331573, 1);
INSERT INTO interacts VALUES(139078904979, 1, 'Achuu', 1038, 344418, 1);
INSERT INTO interacts VALUES(139078904979, 1, 'Dumbledoge', 2010, 344973, 1);
INSERT INTO interacts VALUES(139078904979, 1, 'Achuu', 2043, 345848, 1);
INSERT INTO interacts VALUES(139078904979, 1, 'Achuu', 2010, 346300, 1);
INSERT INTO interacts VALUES(139078904979, 1, 'Dumbledoge', 2043, 347359, 1);
INSERT INTO interacts VALUES(139078904979, 1, 'Dumbledoge', 1028, 348049, 1);
INSERT INTO interacts VALUES(139078904979, 1, 'Dumbledoge', 2010, 348713, 1);
INSERT INTO interacts VALUES(139078904979, 1, 'Wolf', 2049, 375216, 1);
INSERT INTO interacts VALUES(139078904979, 1, 'Bang', 3070, 376353, 1);
INSERT INTO interacts VALUES(139078904979, 1, 'Wolf', 3341, 376946, 1);
INSERT INTO interacts VALUES(139078904979, 1, 'Bang', 1037, 380760, 1);
INSERT INTO interacts VALUES(139078904979, 1, 'Bang', 2010, 386046, 1);
INSERT INTO interacts VALUES(139078904979, 1, 'Blank', 1042, 420120, 1);
INSERT INTO interacts VALUES(139078904979, 1, 'Blank', 3341, 420646, 1);
INSERT INTO interacts VALUES(139078904979, 1, 'Blank', 2043, 421241, 1);
INSERT INTO interacts VALUES(139078904979, 1, 'fabFabulous', 1033, 455307, 1);
INSERT INTO interacts VALUES(139078904979, 1, 'fabFabulous', 1001, 456821, 1);
INSERT INTO interacts VALUES(139078904979, 1, 'Naru', 3010, 459572, 1);
INSERT INTO interacts VALUES(139078904979, 1, 'Naru', 1026, 460105, 1);
INSERT INTO interacts VALUES(139078904979, 1, 'Naru', 2010, 460803, 1);
INSERT INTO interacts VALUES(139078904979, 1, 'Naru', 2043, 461001, 1);
INSERT INTO interacts VALUES(139078904979, 1, 'Duke', 3057, 484077, 1);
INSERT INTO interacts VALUES(139078904979, 1, 'Duke', 1001, 488788, 1);
INSERT INTO interacts VALUES(139078904979, 1, 'Achuu', 1036, 530618, 1);
INSERT INTO interacts VALUES(139078904979, 1, 'Achuu', 1036, 530878, 1);
INSERT INTO interacts VALUES(139078904979, 1, 'Achuu', 2010, 533978, 1);
INSERT INTO interacts VALUES(139078904979, 1, 'Achuu', 2010, 534514, 1);
INSERT INTO interacts VALUES(139078904979, 1, 'Achuu', 2043, 535101, 1);
INSERT INTO interacts VALUES(139078904979, 1, 'Dumbledoge', 2010, 540457, 1);
INSERT INTO interacts VALUES(139078904979, 1, 'Dumbledoge', 2049, 541857, 1);
INSERT INTO interacts VALUES(139078904979, 1, 'Stomaged', 3133, 541857, 1);
INSERT INTO interacts VALUES(139078904979, 1, 'Dumbledoge', 3341, 542539, 1);
INSERT INTO interacts VALUES(139078904979, 1, 'Stomaged', 1001, 543258, 1);
INSERT INTO interacts VALUES(139078904979, 1, 'Dumbledoge', 2043, 543908, 1);
INSERT INTO interacts VALUES(139078904979, 1, 'Stomaged', 2043, 544069, 1);
INSERT INTO interacts VALUES(139078904979, 1, 'Dumbledoge', 2010, 544461, 1);
INSERT INTO interacts VALUES(139078904979, 1, 'Bang', 3004, 548877, 1);
INSERT INTO interacts VALUES(139078904979, 1, 'Bang', 2043, 551038, 1);
INSERT INTO interacts VALUES(139078904979, 1, 'Wolf', 1001, 555184, 1);
INSERT INTO interacts VALUES(139078904979, 1, 'Wolf', 2043, 555974, 1);
INSERT INTO interacts VALUES(139078904979, 1, 'Wolf', 2043, 556110, 1);
INSERT INTO interacts VALUES(139078904979, 1, 'Wolf', 2031, 563130, 1);
INSERT INTO interacts VALUES(139078904979, 1, 'Naru', 1001, 598513, 1);
INSERT INTO interacts VALUES(139078904979, 1, 'Naru', 2043, 599786, 1);
INSERT INTO interacts VALUES(139078904979, 1, 'Naru', 1033, 602032, 1);
INSERT INTO interacts VALUES(139078904979, 1, 'Naru', 2010, 604421, 1);
INSERT INTO interacts VALUES(139078904979, 1, 'Faker', 3101, 629290, 1);
INSERT INTO interacts VALUES(139078904979, 1, 'Faker', 3108, 630008, 1);
INSERT INTO interacts VALUES(139078904979, 1, 'Faker', 1001, 630429, 1);
INSERT INTO interacts VALUES(139078904979, 1, 'Blank', 1411, 639123, 1);
INSERT INTO interacts VALUES(139078904979, 1, 'Blank', 1001, 643428, 1);
INSERT INTO interacts VALUES(139078904979, 1, 'fabFabulous', 3211, 680206, 1);
INSERT INTO interacts VALUES(139078904979, 1, 'fabFabulous', 1028, 680922, 1);
INSERT INTO interacts VALUES(139078904979, 1, 'Duke', 3211, 729170, 1);
INSERT INTO interacts VALUES(139078904979, 1, 'Faker', 3115, 780448, 1);
INSERT INTO interacts VALUES(139078904979, 1, 'Faker', 2043, 781291, 1);
INSERT INTO interacts VALUES(139078904979, 1, 'Achuu', 3508, 806713, 1);
INSERT INTO interacts VALUES(139078904979, 1, 'Achuu', 2043, 808178, 1);
INSERT INTO interacts VALUES(139078904979, 1, 'Achuu', 2010, 809058, 1);
INSERT INTO interacts VALUES(139078904979, 1, 'Dumbledoge', 3117, 809807, 1);
INSERT INTO interacts VALUES(139078904979, 1, 'Bang', 3057, 823890, 1);
INSERT INTO interacts VALUES(139078904979, 1, 'Bang', 1001, 825051, 1);
INSERT INTO interacts VALUES(139078904979, 1, 'Bang', 2043, 826895, 1);
INSERT INTO interacts VALUES(139078904979, 1, 'Bang', 2010, 827490, 1);
INSERT INTO interacts VALUES(139078904979, 1, 'Bang', 2010, 827781, 1);
INSERT INTO interacts VALUES(139078904979, 1, 'Wolf', 3009, 834632, 1);
INSERT INTO interacts VALUES(139078904979, 1, 'Wolf', 2043, 834929, 1);
INSERT INTO interacts VALUES(139078904979, 1, 'Wolf', 2043, 835093, 1);
INSERT INTO interacts VALUES(139078904979, 1, 'fabFabulous', 3751, 837446, 1);
INSERT INTO interacts VALUES(139078904979, 1, 'Blank', 3155, 870515, 1);
INSERT INTO interacts VALUES(139078904979, 1, 'Blank', 3364, 872874, 1);
INSERT INTO interacts VALUES(139078904979, 1, 'Blank', 2043, 873236, 1);
INSERT INTO interacts VALUES(139078904979, 1, 'Stomaged', 1408, 882505, 1);
INSERT INTO interacts VALUES(139078904979, 1, 'Stomaged', 3009, 885336, 1);
INSERT INTO interacts VALUES(139078904979, 1, 'Stomaged', 2043, 887048, 1);
INSERT INTO interacts VALUES(139078904979, 1, 'Stomaged', 2043, 887327, 1);
INSERT INTO interacts VALUES(139078904979, 1, 'Stomaged', 3364, 887981, 1);
INSERT INTO interacts VALUES(139078904979, 1, 'Naru', 3027, 895615, 1);
INSERT INTO interacts VALUES(139078904979, 1, 'Naru', 1057, 896886, 1);
INSERT INTO interacts VALUES(139078904979, 1, 'Naru', 2043, 898272, 1);
INSERT INTO interacts VALUES(139078904979, 1, 'Naru', 2010, 898537, 1);
INSERT INTO interacts VALUES(139078904979, 1, 'Naru', 2010, 901208, 1);
INSERT INTO interacts VALUES(139078904979, 1, 'Naru', 2010, 901419, 1);
INSERT INTO interacts VALUES(139078904979, 1, 'Naru', 3363, 902387, 1);
INSERT INTO interacts VALUES(139078904979, 1, 'Dumbledoge', 2043, 953789, 1);
INSERT INTO interacts VALUES(139078904979, 1, 'Dumbledoge', 1028, 957805, 1);
INSERT INTO interacts VALUES(139078904979, 1, 'Dumbledoge', 2010, 958636, 1);
INSERT INTO interacts VALUES(139078904979, 1, 'Stomaged', 1036, 990518, 1);
INSERT INTO interacts VALUES(139078904979, 1, 'Stomaged', 1033, 991525, 1);
INSERT INTO interacts VALUES(139078904979, 1, 'Wolf', 3097, 991986, 1);
INSERT INTO interacts VALUES(139078904979, 1, 'Wolf', 2043, 992233, 1);
INSERT INTO interacts VALUES(139078904979, 1, 'Wolf', 2043, 992348, 1);
INSERT INTO interacts VALUES(139078904979, 1, 'Stomaged', 2043, 992549, 1);
INSERT INTO interacts VALUES(139078904979, 1, 'Naru', 1026, 1019022, 1);
INSERT INTO interacts VALUES(139078904979, 1, 'Blank', 2032, 1030069, 0);
INSERT INTO interacts VALUES(139078904979, 1, 'Blank', 3086, 1031508, 1);
INSERT INTO interacts VALUES(139078904979, 1, 'Blank', 2043, 1032452, 1);
INSERT INTO interacts VALUES(139078904979, 1, 'Achuu', 3086, 1078151, 1);
INSERT INTO interacts VALUES(139078904979, 1, 'Achuu', 1001, 1079261, 1);
INSERT INTO interacts VALUES(139078904979, 1, 'Achuu', 3363, 1080208, 1);
INSERT INTO interacts VALUES(139078904979, 1, 'Wolf', 2043, 1083673, 0);
INSERT INTO interacts VALUES(139078904979, 1, 'Wolf', 2303, 1085761, 1);
INSERT INTO interacts VALUES(139078904979, 1, 'Dumbledoge', 1033, 1086185, 1);
INSERT INTO interacts VALUES(139078904979, 1, 'Dumbledoge', 3801, 1086715, 1);
INSERT INTO interacts VALUES(139078904979, 1, 'Dumbledoge', 2043, 1087440, 1);
INSERT INTO interacts VALUES(139078904979, 1, 'Faker', 1058, 1102501, 1);
INSERT INTO interacts VALUES(139078904979, 1, 'Faker', 1011, 1102860, 1);
INSERT INTO interacts VALUES(139078904979, 1, 'Faker', 3020, 1104529, 1);
INSERT INTO interacts VALUES(139078904979, 1, 'Bang', 3025, 1106782, 1);
INSERT INTO interacts VALUES(139078904979, 1, 'Bang', 3363, 1107369, 1);
INSERT INTO interacts VALUES(139078904979, 1, 'Bang', 1036, 1115197, 1);
INSERT INTO interacts VALUES(139078904979, 1, 'Bang', 2010, 1115848, 1);
INSERT INTO interacts VALUES(139078904979, 1, 'Blank', 3009, 1117477, 1);
INSERT INTO interacts VALUES(139078904979, 1, 'Duke', 3025, 1127448, 1);
INSERT INTO interacts VALUES(139078904979, 1, 'fabFabulous', 3068, 1129146, 1);
INSERT INTO interacts VALUES(139078904979, 1, 'Duke', 1308, 1129507, 1);
INSERT INTO interacts VALUES(139078904979, 1, 'Stomaged', 3155, 1175309, 1);
INSERT INTO interacts VALUES(139078904979, 1, 'Stomaged', 1036, 1176772, 1);
INSERT INTO interacts VALUES(139078904979, 1, 'Naru', 3001, 1214635, 1);
INSERT INTO interacts VALUES(139078904979, 1, 'Naru', 1052, 1216358, 1);
INSERT INTO interacts VALUES(139078904979, 1, 'Achuu', 3094, 1255477, 1);
INSERT INTO interacts VALUES(139078904979, 1, 'Dumbledoge', 3364, 1256690, 1);
INSERT INTO interacts VALUES(139078904979, 1, 'Bang', 3158, 1256849, 1);
INSERT INTO interacts VALUES(139078904979, 1, 'Bang', 3140, 1257767, 1);
INSERT INTO interacts VALUES(139078904979, 1, 'Dumbledoge', 3105, 1259200, 1);
INSERT INTO interacts VALUES(139078904979, 1, 'Wolf', 1033, 1260281, 1);
INSERT INTO interacts VALUES(139078904979, 1, 'Wolf', 3801, 1260723, 1);
INSERT INTO interacts VALUES(139078904979, 1, 'Dumbledoge', 2010, 1262978, 1);
INSERT INTO interacts VALUES(139078904979, 1, 'Dumbledoge', 2010, 1263240, 1);
INSERT INTO interacts VALUES(139078904979, 1, 'Wolf', 2043, 1264769, 1);
INSERT INTO interacts VALUES(139078904979, 1, 'Wolf', 2043, 1274765, 1);
INSERT INTO interacts VALUES(139078904979, 1, 'Wolf', 3364, 1274990, 1);
INSERT INTO interacts VALUES(139078904979, 1, 'Duke', 3065, 1277009, 1);
INSERT INTO interacts VALUES(139078904979, 1, 'Blank', 3085, 1290177, 1);
INSERT INTO interacts VALUES(139078904979, 1, 'Blank', 1036, 1292749, 1);
INSERT INTO interacts VALUES(139078904979, 1, 'Blank', 2043, 1293011, 1);
INSERT INTO interacts VALUES(139078904979, 1, 'Faker', 3116, 1299762, 1);
INSERT INTO interacts VALUES(139078904979, 1, 'Faker', 1026, 1300236, 1);
INSERT INTO interacts VALUES(139078904979, 1, 'Dumbledoge', 2010, 1323460, 0);
INSERT INTO interacts VALUES(139078904979, 1, 'Dumbledoge', 2010, 1323597, 0);
INSERT INTO interacts VALUES(139078904979, 1, 'Dumbledoge', 1028, 1324797, 1);
INSERT INTO interacts VALUES(139078904979, 1, 'Achuu', 3158, 1337941, 1);
INSERT INTO interacts VALUES(139078904979, 1, 'Achuu', 2043, 1358559, 1);
INSERT INTO interacts VALUES(139078904979, 1, 'Duke', 1056, 1371582, 0);
INSERT INTO interacts VALUES(139078904979, 1, 'Duke', 1031, 1373248, 1);
INSERT INTO interacts VALUES(139078904979, 1, 'Stomaged', 3134, 1379139, 1);
INSERT INTO interacts VALUES(139078904979, 1, 'Stomaged', 2043, 1380169, 1);
INSERT INTO interacts VALUES(139078904979, 1, 'Stomaged', 2043, 1380465, 1);
INSERT INTO interacts VALUES(139078904979, 1, 'Naru', 1058, 1406648, 1);
INSERT INTO interacts VALUES(139078904979, 1, 'Bang', 3144, 1421373, 1);
INSERT INTO interacts VALUES(139078904979, 1, 'Blank', 3052, 1426859, 1);
INSERT INTO interacts VALUES(139078904979, 1, 'Blank', 1037, 1429662, 1);
INSERT INTO interacts VALUES(139078904979, 1, 'Wolf', 3105, 1439477, 1);
INSERT INTO interacts VALUES(139078904979, 1, 'Faker', 3135, 1439676, 1);
INSERT INTO interacts VALUES(139078904979, 1, 'Wolf', 1028, 1441460, 1);
INSERT INTO interacts VALUES(139078904979, 1, 'Wolf', 2043, 1442603, 1);
INSERT INTO interacts VALUES(139078904979, 1, 'fabFabulous', 3065, 1454002, 1);
INSERT INTO interacts VALUES(139078904979, 1, 'Wolf', 3067, 1472983, 1);
INSERT INTO interacts VALUES(139078904979, 1, 'Dumbledoge', 3190, 1476500, 1);
INSERT INTO interacts VALUES(139078904979, 1, 'Dumbledoge', 2010, 1478977, 1);
INSERT INTO interacts VALUES(139078904979, 1, 'Stomaged', 3156, 1485748, 1);
INSERT INTO interacts VALUES(139078904979, 1, 'Faker', 1056, 1490371, 0);
INSERT INTO interacts VALUES(139078904979, 1, 'Faker', 1058, 1492648, 1);
INSERT INTO interacts VALUES(139078904979, 1, 'Naru', 3158, 1536145, 1);
INSERT INTO interacts VALUES(139078904979, 1, 'Dumbledoge', 2010, 1561866, 1);
INSERT INTO interacts VALUES(139078904979, 1, 'Dumbledoge', 2010, 1562159, 1);
INSERT INTO interacts VALUES(139078904979, 1, 'Blank', 3022, 1563984, 1);
INSERT INTO interacts VALUES(139078904979, 1, 'Blank', 3134, 1566733, 1);
INSERT INTO interacts VALUES(139078904979, 1, 'Wolf', 3190, 1567265, 1);
INSERT INTO interacts VALUES(139078904979, 1, 'Wolf', 1029, 1568568, 1);
INSERT INTO interacts VALUES(139078904979, 1, 'Wolf', 2043, 1569390, 1);
INSERT INTO interacts VALUES(139078904979, 1, 'Wolf', 2043, 1569519, 1);
INSERT INTO interacts VALUES(139078904979, 1, 'Bang', 1055, 1570467, 0);
INSERT INTO interacts VALUES(139078904979, 1, 'Bang', 3153, 1571966, 1);
INSERT INTO interacts VALUES(139078904979, 1, 'Achuu', 1038, 1572518, 1);
INSERT INTO interacts VALUES(139078904979, 1, 'Naru', 2139, 1668992, 1);
INSERT INTO interacts VALUES(139078904979, 1, 'Achuu', 2043, 1670492, 0);
INSERT INTO interacts VALUES(139078904979, 1, 'Stomaged', 1042, 1670641, 1);
INSERT INTO interacts VALUES(139078904979, 1, 'Dumbledoge', 3097, 1670641, 1);
INSERT INTO interacts VALUES(139078904979, 1, 'Stomaged', 1042, 1670916, 1);
INSERT INTO interacts VALUES(139078904979, 1, 'Achuu', 1037, 1671730, 1);
INSERT INTO interacts VALUES(139078904979, 1, 'Naru', 1333, 1701656, 1);
INSERT INTO series VALUES(662682599034, 1);
INSERT INTO organizes VALUES('msi_2016', 662682599034, 'group_stage - RNG-vs-SUP');
INSERT INTO competes VALUES(662682599034, 'RNG', 1);
INSERT INTO competes VALUES(662682599034, 'SUP', 0);
INSERT INTO matches VALUES(662682599034, 1, '2016-05-07');
INSERT INTO scores VALUES('RNG', 662682599034, 1, 1, 10, 2, 1, 2, 1);
INSERT INTO scores VALUES('SUP', 662682599034, 1, 0, 2, 0, 0, 0, 0);
INSERT INTO bans VALUES(662682599034, 1, 4, 1);
INSERT INTO bans VALUES(662682599034, 1, 432, 3);
INSERT INTO bans VALUES(662682599034, 1, 203, 5);
INSERT INTO bans VALUES(662682599034, 1, 76, 2);
INSERT INTO bans VALUES(662682599034, 1, 12, 4);
INSERT INTO bans VALUES(662682599034, 1, 13, 6);
INSERT INTO plays VALUES(662682599034, 1, 'Looper', 245, 'Top', 4, 2, 5, 4838, 10, 4, 143, 1, 2, 10125);
INSERT INTO plays VALUES(662682599034, 1, 'mlxg', 104, 'Jungle', 3, 0, 9, 6083, 7, 9, 22, 67, 48, 10906);
INSERT INTO plays VALUES(662682599034, 1, 'xiaohu', 268, 'Mid', 4, 1, 4, 12210, 12, 4, 228, 6, 8, 11516);
INSERT INTO plays VALUES(662682599034, 1, 'Wuxx', 29, 'ADC', 4, 1, 10, 14043, 12, 8, 207, 8, 8, 12598);
INSERT INTO plays VALUES(662682599034, 1, 'Mata', 201, 'Support', 2, 2, 10, 3206, 31, 9, 28, 0, 1, 7519);
INSERT INTO plays VALUES(662682599034, 1, 'Thaldrin', 57, 'Top', 2, 4, 2, 4558, 10, 1, 108, 4, 0, 7015);
INSERT INTO plays VALUES(662682599034, 1, 'Stomaged', 60, 'Jungle', 2, 4, 2, 4541, 20, 5, 11, 41, 5, 6737);
INSERT INTO plays VALUES(662682599034, 1, 'Naru', 238, 'Mid', 2, 5, 2, 8117, 11, 5, 163, 3, 0, 8089);
INSERT INTO plays VALUES(662682599034, 1, 'Achuu', 236, 'ADC', 0, 2, 1, 8868, 9, 6, 219, 4, 0, 8717);
INSERT INTO plays VALUES(662682599034, 1, 'Dumbledoge', 412, 'Support', 0, 2, 5, 3431, 30, 9, 26, 0, 0, 5273);
INSERT INTO interacts VALUES(662682599034, 1, 'Wuxx', 1055, 2125, 1);
INSERT INTO interacts VALUES(662682599034, 1, 'Mata', 3302, 2191, 1);
INSERT INTO interacts VALUES(662682599034, 1, 'Achuu', 1055, 2191, 1);
INSERT INTO interacts VALUES(662682599034, 1, 'Naru', 1036, 2224, 1);
INSERT INTO interacts VALUES(662682599034, 1, 'Naru', 2003, 2485, 1);
INSERT INTO interacts VALUES(662682599034, 1, 'Wuxx', 3340, 2485, 1);
INSERT INTO interacts VALUES(662682599034, 1, 'Dumbledoge', 2010, 2517, 1);
INSERT INTO interacts VALUES(662682599034, 1, 'Mata', 2010, 2646, 1);
INSERT INTO interacts VALUES(662682599034, 1, 'Naru', 2003, 2679, 1);
INSERT INTO interacts VALUES(662682599034, 1, 'Wuxx', 2010, 2679, 1);
INSERT INTO interacts VALUES(662682599034, 1, 'Mata', 2010, 2778, 1);
INSERT INTO interacts VALUES(662682599034, 1, 'Dumbledoge', 2010, 2810, 1);
INSERT INTO interacts VALUES(662682599034, 1, 'Naru', 2003, 2810, 1);
INSERT INTO interacts VALUES(662682599034, 1, 'Mata', 2010, 2940, 1);
INSERT INTO interacts VALUES(662682599034, 1, 'Achuu', 3340, 3069, 1);
INSERT INTO interacts VALUES(662682599034, 1, 'Naru', 3340, 3069, 1);
INSERT INTO interacts VALUES(662682599034, 1, 'Mata', 3340, 3462, 1);
INSERT INTO interacts VALUES(662682599034, 1, 'Achuu', 2010, 3528, 1);
INSERT INTO interacts VALUES(662682599034, 1, 'Dumbledoge', 3302, 3670, 1);
INSERT INTO interacts VALUES(662682599034, 1, 'mlxg', 1039, 3790, 1);
INSERT INTO interacts VALUES(662682599034, 1, 'Dumbledoge', 3340, 4114, 1);
INSERT INTO interacts VALUES(662682599034, 1, 'Thaldrin', 1056, 4453, 1);
INSERT INTO interacts VALUES(662682599034, 1, 'mlxg', 2031, 4604, 1);
INSERT INTO interacts VALUES(662682599034, 1, 'mlxg', 3340, 4896, 1);
INSERT INTO interacts VALUES(662682599034, 1, 'Thaldrin', 2003, 4979, 1);
INSERT INTO interacts VALUES(662682599034, 1, 'Stomaged', 1039, 5063, 1);
INSERT INTO interacts VALUES(662682599034, 1, 'Thaldrin', 2003, 5128, 1);
INSERT INTO interacts VALUES(662682599034, 1, 'Thaldrin', 3340, 5390, 1);
INSERT INTO interacts VALUES(662682599034, 1, 'Looper', 1056, 5714, 1);
INSERT INTO interacts VALUES(662682599034, 1, 'Stomaged', 2031, 6278, 1);
INSERT INTO interacts VALUES(662682599034, 1, 'Looper', 2003, 6756, 1);
INSERT INTO interacts VALUES(662682599034, 1, 'Stomaged', 3340, 6954, 1);
INSERT INTO interacts VALUES(662682599034, 1, 'Looper', 2003, 7018, 1);
INSERT INTO interacts VALUES(662682599034, 1, 'Looper', 3340, 7343, 1);
INSERT INTO interacts VALUES(662682599034, 1, 'xiaohu', 1056, 7408, 1);
INSERT INTO interacts VALUES(662682599034, 1, 'xiaohu', 2003, 7764, 1);
INSERT INTO interacts VALUES(662682599034, 1, 'xiaohu', 2003, 8055, 1);
INSERT INTO interacts VALUES(662682599034, 1, 'xiaohu', 3340, 8361, 1);
INSERT INTO interacts VALUES(662682599034, 1, 'Thaldrin', 2003, 149972, 1);
INSERT INTO interacts VALUES(662682599034, 1, 'Wuxx', 1043, 220260, 1);
INSERT INTO interacts VALUES(662682599034, 1, 'Achuu', 1083, 220631, 1);
INSERT INTO interacts VALUES(662682599034, 1, 'Wuxx', 2043, 221304, 1);
INSERT INTO interacts VALUES(662682599034, 1, 'Achuu', 2043, 221847, 1);
INSERT INTO interacts VALUES(662682599034, 1, 'Wuxx', 2010, 222571, 1);
INSERT INTO interacts VALUES(662682599034, 1, 'Mata', 1028, 227542, 1);
INSERT INTO interacts VALUES(662682599034, 1, 'Mata', 2043, 228355, 1);
INSERT INTO interacts VALUES(662682599034, 1, 'Stomaged', 3711, 303671, 1);
INSERT INTO interacts VALUES(662682599034, 1, 'Mata', 2049, 304385, 1);
INSERT INTO interacts VALUES(662682599034, 1, 'Thaldrin', 1056, 304645, 1);
INSERT INTO interacts VALUES(662682599034, 1, 'Stomaged', 2043, 305492, 1);
INSERT INTO interacts VALUES(662682599034, 1, 'Stomaged', 1001, 305977, 1);
INSERT INTO interacts VALUES(662682599034, 1, 'Thaldrin', 3751, 306918, 1);
INSERT INTO interacts VALUES(662682599034, 1, 'Wuxx', 1001, 315189, 1);
INSERT INTO interacts VALUES(662682599034, 1, 'Wuxx', 1083, 316360, 1);
INSERT INTO interacts VALUES(662682599034, 1, 'Wuxx', 2010, 316914, 1);
INSERT INTO interacts VALUES(662682599034, 1, 'Naru', 3155, 317077, 1);
INSERT INTO interacts VALUES(662682599034, 1, 'Naru', 1036, 317401, 1);
INSERT INTO interacts VALUES(662682599034, 1, 'Naru', 2003, 318213, 1);
INSERT INTO interacts VALUES(662682599034, 1, 'Looper', 3057, 319806, 1);
INSERT INTO interacts VALUES(662682599034, 1, 'Looper', 1001, 321044, 1);
INSERT INTO interacts VALUES(662682599034, 1, 'Looper', 1028, 322507, 1);
INSERT INTO interacts VALUES(662682599034, 1, 'Looper', 2003, 323317, 1);
INSERT INTO interacts VALUES(662682599034, 1, 'Naru', 2003, 329912, 1);
INSERT INTO interacts VALUES(662682599034, 1, 'Dumbledoge', 2010, 331118, 1);
INSERT INTO interacts VALUES(662682599034, 1, 'xiaohu', 1056, 331445, 1);
INSERT INTO interacts VALUES(662682599034, 1, 'Dumbledoge', 2049, 332484, 1);
INSERT INTO interacts VALUES(662682599034, 1, 'xiaohu', 1029, 332682, 1);
INSERT INTO interacts VALUES(662682599034, 1, 'xiaohu', 1029, 333296, 1);
INSERT INTO interacts VALUES(662682599034, 1, 'Dumbledoge', 1001, 333425, 1);
INSERT INTO interacts VALUES(662682599034, 1, 'Dumbledoge', 3341, 334565, 1);
INSERT INTO interacts VALUES(662682599034, 1, 'xiaohu', 1042, 334728, 1);
INSERT INTO interacts VALUES(662682599034, 1, 'xiaohu', 2003, 336746, 1);
INSERT INTO interacts VALUES(662682599034, 1, 'Thaldrin', 2043, 347373, 1);
INSERT INTO interacts VALUES(662682599034, 1, 'Naru', 1001, 398845, 1);
INSERT INTO interacts VALUES(662682599034, 1, 'Naru', 2003, 415159, 1);
INSERT INTO interacts VALUES(662682599034, 1, 'Achuu', 1038, 430414, 1);
INSERT INTO interacts VALUES(662682599034, 1, 'Achuu', 1001, 433491, 1);
INSERT INTO interacts VALUES(662682599034, 1, 'mlxg', 1412, 470580, 1);
INSERT INTO interacts VALUES(662682599034, 1, 'mlxg', 1001, 472013, 1);
INSERT INTO interacts VALUES(662682599034, 1, 'xiaohu', 3101, 474737, 1);
INSERT INTO interacts VALUES(662682599034, 1, 'mlxg', 1036, 475002, 1);
INSERT INTO interacts VALUES(662682599034, 1, 'mlxg', 3341, 476439, 1);
INSERT INTO interacts VALUES(662682599034, 1, 'Mata', 3341, 477178, 1);
INSERT INTO interacts VALUES(662682599034, 1, 'xiaohu', 1001, 477439, 1);
INSERT INTO interacts VALUES(662682599034, 1, 'Wuxx', 3086, 478122, 1);
INSERT INTO interacts VALUES(662682599034, 1, 'mlxg', 2043, 478172, 1);
INSERT INTO interacts VALUES(662682599034, 1, 'Mata', 3117, 479226, 1);
INSERT INTO interacts VALUES(662682599034, 1, 'Looper', 1033, 482118, 1);
INSERT INTO interacts VALUES(662682599034, 1, 'Looper', 2043, 484015, 1);
INSERT INTO interacts VALUES(662682599034, 1, 'Dumbledoge', 3117, 495091, 1);
INSERT INTO interacts VALUES(662682599034, 1, 'Thaldrin', 1031, 509961, 1);
INSERT INTO interacts VALUES(662682599034, 1, 'Wuxx', 3085, 538880, 1);
INSERT INTO interacts VALUES(662682599034, 1, 'Wuxx', 2043, 539663, 1);
INSERT INTO interacts VALUES(662682599034, 1, 'Stomaged', 3113, 543994, 1);
INSERT INTO interacts VALUES(662682599034, 1, 'Stomaged', 1052, 544581, 1);
INSERT INTO interacts VALUES(662682599034, 1, 'Stomaged', 2043, 546203, 1);
INSERT INTO interacts VALUES(662682599034, 1, 'Stomaged', 2043, 546466, 1);
INSERT INTO interacts VALUES(662682599034, 1, 'Stomaged', 3341, 547115, 1);
INSERT INTO interacts VALUES(662682599034, 1, 'Dumbledoge', 2043, 547475, 1);
INSERT INTO interacts VALUES(662682599034, 1, 'Dumbledoge', 2010, 549128, 1);
INSERT INTO interacts VALUES(662682599034, 1, 'Mata', 2043, 606345, 1);
INSERT INTO interacts VALUES(662682599034, 1, 'Mata', 2010, 607101, 1);
INSERT INTO interacts VALUES(662682599034, 1, 'Dumbledoge', 2043, 617151, 1);
INSERT INTO interacts VALUES(662682599034, 1, 'Achuu', 2010, 646618, 0);
INSERT INTO interacts VALUES(662682599034, 1, 'Achuu', 3133, 647494, 1);
INSERT INTO interacts VALUES(662682599034, 1, 'Achuu', 2043, 648243, 1);
INSERT INTO interacts VALUES(662682599034, 1, 'Looper', 3211, 658157, 1);
INSERT INTO interacts VALUES(662682599034, 1, 'Looper', 3111, 660120, 1);
INSERT INTO interacts VALUES(662682599034, 1, 'Looper', 2003, 660718, 1);
INSERT INTO interacts VALUES(662682599034, 1, 'Naru', 3156, 671237, 1);
INSERT INTO interacts VALUES(662682599034, 1, 'Thaldrin', 3068, 681717, 1);
INSERT INTO interacts VALUES(662682599034, 1, 'Thaldrin', 2043, 682910, 1);
INSERT INTO interacts VALUES(662682599034, 1, 'Thaldrin', 2003, 683229, 1);
INSERT INTO interacts VALUES(662682599034, 1, 'xiaohu', 3191, 715648, 1);
INSERT INTO interacts VALUES(662682599034, 1, 'xiaohu', 3108, 718246, 1);
INSERT INTO interacts VALUES(662682599034, 1, 'Wuxx', 3134, 718455, 1);
INSERT INTO interacts VALUES(662682599034, 1, 'xiaohu', 3363, 720129, 1);
INSERT INTO interacts VALUES(662682599034, 1, 'Mata', 3097, 720988, 1);
INSERT INTO interacts VALUES(662682599034, 1, 'Mata', 2043, 721879, 1);
INSERT INTO interacts VALUES(662682599034, 1, 'mlxg', 3155, 732353, 1);
INSERT INTO interacts VALUES(662682599034, 1, 'mlxg', 3009, 733745, 1);
INSERT INTO interacts VALUES(662682599034, 1, 'mlxg', 3364, 735694, 1);
INSERT INTO interacts VALUES(662682599034, 1, 'mlxg', 2043, 735999, 1);
INSERT INTO interacts VALUES(662682599034, 1, 'Achuu', 3508, 792028, 1);
INSERT INTO interacts VALUES(662682599034, 1, 'Stomaged', 1410, 792094, 1);
INSERT INTO interacts VALUES(662682599034, 1, 'Achuu', 3363, 792646, 1);
INSERT INTO interacts VALUES(662682599034, 1, 'Stomaged', 3009, 794178, 1);
INSERT INTO interacts VALUES(662682599034, 1, 'Stomaged', 2043, 796489, 1);
INSERT INTO interacts VALUES(662682599034, 1, 'Dumbledoge', 2010, 798048, 1);
INSERT INTO interacts VALUES(662682599034, 1, 'Thaldrin', 1033, 802299, 1);
INSERT INTO interacts VALUES(662682599034, 1, 'Dumbledoge', 3801, 805514, 1);
INSERT INTO interacts VALUES(662682599034, 1, 'Naru', 1036, 824087, 1);
INSERT INTO interacts VALUES(662682599034, 1, 'Naru', 1036, 824250, 1);
INSERT INTO interacts VALUES(662682599034, 1, 'Naru', 2043, 825266, 1);
INSERT INTO interacts VALUES(662682599034, 1, 'Naru', 2003, 825522, 1);
INSERT INTO interacts VALUES(662682599034, 1, 'Naru', 2003, 825652, 1);
INSERT INTO interacts VALUES(662682599034, 1, 'xiaohu', 3115, 832831, 1);
INSERT INTO interacts VALUES(662682599034, 1, 'xiaohu', 1033, 838224, 1);
INSERT INTO interacts VALUES(662682599034, 1, 'Wuxx', 3133, 839916, 1);
INSERT INTO interacts VALUES(662682599034, 1, 'Wuxx', 3363, 841958, 1);
INSERT INTO interacts VALUES(662682599034, 1, 'Looper', 3024, 862828, 1);
INSERT INTO interacts VALUES(662682599034, 1, 'Looper', 2003, 864408, 1);
INSERT INTO interacts VALUES(662682599034, 1, 'Mata', 2303, 865726, 1);
INSERT INTO interacts VALUES(662682599034, 1, 'Mata', 2043, 867712, 1);
INSERT INTO interacts VALUES(662682599034, 1, 'Mata', 1033, 868888, 1);
INSERT INTO interacts VALUES(662682599034, 1, 'mlxg', 1042, 868888, 1);
INSERT INTO interacts VALUES(662682599034, 1, 'mlxg', 1051, 869505, 1);
INSERT INTO interacts VALUES(662682599034, 1, 'Mata', 2010, 870359, 1);
INSERT INTO interacts VALUES(662682599034, 1, 'mlxg', 2031, 870979, 0);
INSERT INTO interacts VALUES(662682599034, 1, 'mlxg', 2043, 872455, 1);
INSERT INTO interacts VALUES(662682599034, 1, 'mlxg', 2043, 872618, 1);
INSERT INTO interacts VALUES(662682599034, 1, 'Achuu', 3158, 873854, 1);
INSERT INTO interacts VALUES(662682599034, 1, 'Dumbledoge', 2043, 881371, 1);
INSERT INTO interacts VALUES(662682599034, 1, 'Thaldrin', 3211, 926947, 1);
INSERT INTO interacts VALUES(662682599034, 1, 'Dumbledoge', 1033, 1001870, 1);
INSERT INTO interacts VALUES(662682599034, 1, 'Dumbledoge', 2043, 1002857, 1);
INSERT INTO interacts VALUES(662682599034, 1, 'Naru', 3133, 1025950, 1);
INSERT INTO interacts VALUES(662682599034, 1, 'Naru', 1036, 1026932, 1);
INSERT INTO interacts VALUES(662682599034, 1, 'Naru', 1036, 1027237, 1);
INSERT INTO interacts VALUES(662682599034, 1, 'Naru', 2043, 1028778, 1);
INSERT INTO interacts VALUES(662682599034, 1, 'Naru', 3363, 1042105, 1);
INSERT INTO interacts VALUES(662682599034, 1, 'Wuxx', 3142, 1042269, 1);
INSERT INTO interacts VALUES(662682599034, 1, 'Wuxx', 3006, 1042563, 1);
INSERT INTO interacts VALUES(662682599034, 1, 'Mata', 3028, 1042756, 1);
INSERT INTO interacts VALUES(662682599034, 1, 'Mata', 2043, 1043604, 1);
INSERT INTO interacts VALUES(662682599034, 1, 'Wuxx', 2043, 1043604, 1);
INSERT INTO interacts VALUES(662682599034, 1, 'Stomaged', 1058, 1049370, 1);
INSERT INTO interacts VALUES(662682599034, 1, 'Stomaged', 2043, 1051620, 1);
INSERT INTO interacts VALUES(662682599034, 1, 'xiaohu', 3111, 1052534, 1);
INSERT INTO interacts VALUES(662682599034, 1, 'Stomaged', 3364, 1053937, 1);
INSERT INTO interacts VALUES(662682599034, 1, 'xiaohu', 1058, 1055305, 1);
INSERT INTO interacts VALUES(662682599034, 1, 'xiaohu', 1056, 1060980, 0);
INSERT INTO interacts VALUES(662682599034, 1, 'xiaohu', 2043, 1062256, 1);
INSERT INTO interacts VALUES(662682599034, 1, 'Thaldrin', 3363, 1070784, 1);
INSERT INTO interacts VALUES(662682599034, 1, 'Thaldrin', 3363, 1074094, 1);
INSERT INTO interacts VALUES(662682599034, 1, 'Thaldrin', 2043, 1075650, 0);
INSERT INTO interacts VALUES(662682599034, 1, 'Thaldrin', 1001, 1076496, 1);
INSERT INTO interacts VALUES(662682599034, 1, 'Dumbledoge', 3105, 1079426, 1);
INSERT INTO interacts VALUES(662682599034, 1, 'Dumbledoge', 2043, 1080438, 1);
INSERT INTO interacts VALUES(662682599034, 1, 'Achuu', 3086, 1112200, 1);
INSERT INTO interacts VALUES(662682599034, 1, 'mlxg', 3046, 1124550, 1);
INSERT INTO interacts VALUES(662682599034, 1, 'mlxg', 2043, 1125848, 1);
INSERT INTO interacts VALUES(662682599034, 1, 'mlxg', 2003, 1128798, 1);
INSERT INTO interacts VALUES(662682599034, 1, 'Looper', 3025, 1137507, 1);
INSERT INTO interacts VALUES(662682599034, 1, 'Looper', 3751, 1139004, 1);
INSERT INTO interacts VALUES(662682599034, 1, 'Looper', 2003, 1140049, 0);
INSERT INTO interacts VALUES(662682599034, 1, 'Looper', 2043, 1141825, 1);
INSERT INTO interacts VALUES(662682599034, 1, 'Stomaged', 1028, 1172073, 1);
INSERT INTO interacts VALUES(662682599034, 1, 'Thaldrin', 2003, 1172186, 0);
INSERT INTO interacts VALUES(662682599034, 1, 'Thaldrin', 2003, 1172352, 0);
INSERT INTO interacts VALUES(662682599034, 1, 'Dumbledoge', 2010, 1172770, 1);
INSERT INTO interacts VALUES(662682599034, 1, 'Thaldrin', 3082, 1175585, 1);
INSERT INTO interacts VALUES(662682599034, 1, 'Achuu', 2015, 1221399, 1);
INSERT INTO interacts VALUES(662682599034, 1, 'Looper', 1029, 1221651, 1);
INSERT INTO interacts VALUES(662682599034, 1, 'Mata', 3222, 1222997, 1);
INSERT INTO interacts VALUES(662682599034, 1, 'Mata', 3364, 1227761, 1);
INSERT INTO interacts VALUES(662682599034, 1, 'Wuxx', 3140, 1231066, 1);
INSERT INTO interacts VALUES(662682599034, 1, 'mlxg', 2043, 1237634, 0);
INSERT INTO interacts VALUES(662682599034, 1, 'Naru', 3134, 1240387, 1);
INSERT INTO interacts VALUES(662682599034, 1, 'mlxg', 2043, 1241923, 0);
INSERT INTO interacts VALUES(662682599034, 1, 'Naru', 1037, 1244359, 1);
INSERT INTO interacts VALUES(662682599034, 1, 'xiaohu', 3116, 1246338, 1);
INSERT INTO interacts VALUES(662682599034, 1, 'Naru', 2043, 1247228, 1);
INSERT INTO interacts VALUES(662682599034, 1, 'mlxg', 1037, 1247295, 1);
INSERT INTO interacts VALUES(662682599034, 1, 'xiaohu', 2043, 1247915, 1);
INSERT INTO interacts VALUES(662682599034, 1, 'xiaohu', 2043, 1248173, 1);
INSERT INTO interacts VALUES(662682599034, 1, 'Dumbledoge', 3097, 1251038, 1);
INSERT INTO interacts VALUES(662682599034, 1, 'Achuu', 3087, 1298375, 1);
INSERT INTO interacts VALUES(662682599034, 1, 'Thaldrin', 3009, 1335152, 1);
INSERT INTO interacts VALUES(662682599034, 1, 'Naru', 1036, 1339244, 1);
INSERT INTO interacts VALUES(662682599034, 1, 'Looper', 3068, 1364967, 1);
INSERT INTO interacts VALUES(662682599034, 1, 'Looper', 1031, 1367678, 1);
INSERT INTO interacts VALUES(662682599034, 1, 'Dumbledoge', 1028, 1376666, 1);
INSERT INTO interacts VALUES(662682599034, 1, 'Dumbledoge', 3364, 1377183, 1);
INSERT INTO series VALUES(86933215735, 1);
INSERT INTO organizes VALUES('msi_2016', 86933215735, 'group_stage - FW-vs-CLG');
INSERT INTO competes VALUES(86933215735, 'FW', 1);
INSERT INTO competes VALUES(86933215735, 'CLG', 0);
INSERT INTO matches VALUES(86933215735, 1, '2016-05-07');
INSERT INTO scores VALUES('FW', 86933215735, 1, 0, 3, 0, 0, 3, 0);
INSERT INTO scores VALUES('CLG', 86933215735, 1, 2, 9, 1, 1, 2, 1);
INSERT INTO bans VALUES(86933215735, 1, 136, 1);
INSERT INTO bans VALUES(86933215735, 1, 76, 3);
INSERT INTO bans VALUES(86933215735, 1, 268, 5);
INSERT INTO bans VALUES(86933215735, 1, 12, 2);
INSERT INTO bans VALUES(86933215735, 1, 57, 4);
INSERT INTO bans VALUES(86933215735, 1, 7, 6);
INSERT INTO plays VALUES(86933215735, 1, 'MMD', 78, 'Top', 1, 3, 4, 10648, 17, 4, 187, 8, 3, 11023);
INSERT INTO plays VALUES(86933215735, 1, 'Karsa', 203, 'Jungle', 3, 3, 2, 16687, 17, 19, 65, 99, 15, 12030);
INSERT INTO plays VALUES(86933215735, 1, 'Maple', 43, 'Mid', 1, 2, 5, 15422, 20, 11, 290, 11, 2, 12425);
INSERT INTO plays VALUES(86933215735, 1, 'NL', 81, 'ADC', 4, 1, 2, 34915, 15, 5, 251, 14, 3, 12461);
INSERT INTO plays VALUES(86933215735, 1, 'SwordArt', 432, 'Support', 0, 4, 6, 2921, 49, 14, 18, 0, 0, 8086);
INSERT INTO plays VALUES(86933215735, 1, 'Darshan', 245, 'Top', 3, 1, 4, 11652, 17, 4, 232, 0, 2, 12882);
INSERT INTO plays VALUES(86933215735, 1, 'Xmithie', 104, 'Jungle', 2, 2, 6, 10997, 31, 20, 46, 98, 13, 13235);
INSERT INTO plays VALUES(86933215735, 1, 'Huhi', 13, 'Mid', 5, 1, 6, 27404, 26, 6, 262, 22, 0, 14781);
INSERT INTO plays VALUES(86933215735, 1, 'Stixxay', 236, 'ADC', 3, 2, 3, 16086, 20, 13, 323, 10, 3, 15583);
INSERT INTO plays VALUES(86933215735, 1, 'aphromoo', 16, 'Support', 0, 3, 8, 3220, 37, 13, 13, 0, 0, 9785);
INSERT INTO interacts VALUES(86933215735, 1, 'aphromoo', 3340, 1433, 1);
INSERT INTO interacts VALUES(86933215735, 1, 'MMD', 3340, 1664, 1);
INSERT INTO interacts VALUES(86933215735, 1, 'Stixxay', 3340, 1664, 1);
INSERT INTO interacts VALUES(86933215735, 1, 'MMD', 2033, 1825, 1);
INSERT INTO interacts VALUES(86933215735, 1, 'Stixxay', 2010, 1893, 1);
INSERT INTO interacts VALUES(86933215735, 1, 'Stixxay', 1055, 2090, 1);
INSERT INTO interacts VALUES(86933215735, 1, 'Xmithie', 3340, 2090, 1);
INSERT INTO interacts VALUES(86933215735, 1, 'NL', 1055, 2142, 1);
INSERT INTO interacts VALUES(86933215735, 1, 'Maple', 1056, 2285, 1);
INSERT INTO interacts VALUES(86933215735, 1, 'NL', 2010, 2412, 1);
INSERT INTO interacts VALUES(86933215735, 1, 'Huhi', 1027, 2415, 1);
INSERT INTO interacts VALUES(86933215735, 1, 'Karsa', 1041, 2611, 1);
INSERT INTO interacts VALUES(86933215735, 1, 'SwordArt', 2010, 2664, 1);
INSERT INTO interacts VALUES(86933215735, 1, 'Maple', 2003, 2664, 1);
INSERT INTO interacts VALUES(86933215735, 1, 'NL', 3340, 2664, 1);
INSERT INTO interacts VALUES(86933215735, 1, 'Huhi', 2010, 2710, 1);
INSERT INTO interacts VALUES(86933215735, 1, 'aphromoo', 3303, 2710, 1);
INSERT INTO interacts VALUES(86933215735, 1, 'Maple', 2003, 2776, 1);
INSERT INTO interacts VALUES(86933215735, 1, 'SwordArt', 2010, 2808, 1);
INSERT INTO interacts VALUES(86933215735, 1, 'Huhi', 2010, 2842, 1);
INSERT INTO interacts VALUES(86933215735, 1, 'SwordArt', 2010, 2941, 1);
INSERT INTO interacts VALUES(86933215735, 1, 'Huhi', 2010, 3035, 1);
INSERT INTO interacts VALUES(86933215735, 1, 'aphromoo', 2010, 3136, 1);
INSERT INTO interacts VALUES(86933215735, 1, 'Maple', 3340, 3230, 1);
INSERT INTO interacts VALUES(86933215735, 1, 'aphromoo', 2010, 3268, 1);
INSERT INTO interacts VALUES(86933215735, 1, 'Huhi', 3340, 3299, 1);
INSERT INTO interacts VALUES(86933215735, 1, 'aphromoo', 2010, 3396, 1);
INSERT INTO interacts VALUES(86933215735, 1, 'Darshan', 2033, 3530, 1);
INSERT INTO interacts VALUES(86933215735, 1, 'SwordArt', 3303, 3596, 1);
INSERT INTO interacts VALUES(86933215735, 1, 'Karsa', 2031, 3790, 1);
INSERT INTO interacts VALUES(86933215735, 1, 'SwordArt', 3340, 3925, 1);
INSERT INTO interacts VALUES(86933215735, 1, 'Karsa', 3340, 4069, 1);
INSERT INTO interacts VALUES(86933215735, 1, 'Darshan', 3340, 4252, 1);
INSERT INTO interacts VALUES(86933215735, 1, 'Xmithie', 2031, 4565, 1);
INSERT INTO interacts VALUES(86933215735, 1, 'Xmithie', 1039, 5372, 1);
INSERT INTO interacts VALUES(86933215735, 1, 'SwordArt', 2043, 222869, 1);
INSERT INTO interacts VALUES(86933215735, 1, 'SwordArt', 2043, 224938, 1);
INSERT INTO interacts VALUES(86933215735, 1, 'SwordArt', 2010, 225214, 1);
INSERT INTO interacts VALUES(86933215735, 1, 'Xmithie', 3711, 262682, 1);
INSERT INTO interacts VALUES(86933215735, 1, 'Xmithie', 2043, 263534, 1);
INSERT INTO interacts VALUES(86933215735, 1, 'Huhi', 3070, 316306, 1);
INSERT INTO interacts VALUES(86933215735, 1, 'Huhi', 1028, 316962, 1);
INSERT INTO interacts VALUES(86933215735, 1, 'Huhi', 1001, 320167, 1);
INSERT INTO interacts VALUES(86933215735, 1, 'Karsa', 3715, 326198, 1);
INSERT INTO interacts VALUES(86933215735, 1, 'Karsa', 2032, 329386, 1);
INSERT INTO interacts VALUES(86933215735, 1, 'Karsa', 2043, 330425, 1);
INSERT INTO interacts VALUES(86933215735, 1, 'Maple', 3010, 335382, 1);
INSERT INTO interacts VALUES(86933215735, 1, 'Maple', 2043, 336624, 1);
INSERT INTO interacts VALUES(86933215735, 1, 'aphromoo', 1028, 349164, 1);
INSERT INTO interacts VALUES(86933215735, 1, 'aphromoo', 2043, 351653, 1);
INSERT INTO interacts VALUES(86933215735, 1, 'aphromoo', 2010, 351834, 1);
INSERT INTO interacts VALUES(86933215735, 1, 'aphromoo', 2010, 351969, 1);
INSERT INTO interacts VALUES(86933215735, 1, 'SwordArt', 1001, 362121, 1);
INSERT INTO interacts VALUES(86933215735, 1, 'SwordArt', 2043, 362949, 1);
INSERT INTO interacts VALUES(86933215735, 1, 'Darshan', 1082, 366202, 1);
INSERT INTO interacts VALUES(86933215735, 1, 'Darshan', 1028, 367340, 1);
INSERT INTO interacts VALUES(86933215735, 1, 'Huhi', 1027, 390612, 1);
INSERT INTO interacts VALUES(86933215735, 1, 'Huhi', 2043, 391955, 1);
INSERT INTO interacts VALUES(86933215735, 1, 'Xmithie', 1036, 403635, 1);
INSERT INTO interacts VALUES(86933215735, 1, 'Xmithie', 2032, 405235, 1);
INSERT INTO interacts VALUES(86933215735, 1, 'Xmithie', 2043, 406179, 1);
INSERT INTO interacts VALUES(86933215735, 1, 'NL', 3057, 410830, 1);
INSERT INTO interacts VALUES(86933215735, 1, 'NL', 3070, 411578, 1);
INSERT INTO interacts VALUES(86933215735, 1, 'NL', 2010, 412492, 1);
INSERT INTO interacts VALUES(86933215735, 1, 'Stixxay', 1038, 437318, 1);
INSERT INTO interacts VALUES(86933215735, 1, 'Stixxay', 1036, 438720, 1);
INSERT INTO interacts VALUES(86933215735, 1, 'Stixxay', 1036, 438872, 1);
INSERT INTO interacts VALUES(86933215735, 1, 'Karsa', 1042, 453793, 1);
INSERT INTO interacts VALUES(86933215735, 1, 'Karsa', 1042, 453987, 1);
INSERT INTO interacts VALUES(86933215735, 1, 'MMD', 3751, 454712, 1);
INSERT INTO interacts VALUES(86933215735, 1, 'MMD', 2043, 456013, 1);
INSERT INTO interacts VALUES(86933215735, 1, 'Huhi', 3010, 507245, 1);
INSERT INTO interacts VALUES(86933215735, 1, 'Huhi', 2010, 508779, 1);
INSERT INTO interacts VALUES(86933215735, 1, 'Darshan', 3751, 515339, 1);
INSERT INTO interacts VALUES(86933215735, 1, 'Darshan', 1001, 517037, 1);
INSERT INTO interacts VALUES(86933215735, 1, 'NL', 1037, 553283, 1);
INSERT INTO interacts VALUES(86933215735, 1, 'MMD', 1001, 556827, 1);
INSERT INTO interacts VALUES(86933215735, 1, 'Maple', 1026, 575573, 1);
INSERT INTO interacts VALUES(86933215735, 1, 'Maple', 1001, 576591, 1);
INSERT INTO interacts VALUES(86933215735, 1, 'Maple', 2043, 578087, 1);
INSERT INTO interacts VALUES(86933215735, 1, 'SwordArt', 3341, 587524, 1);
INSERT INTO interacts VALUES(86933215735, 1, 'SwordArt', 2049, 591240, 1);
INSERT INTO interacts VALUES(86933215735, 1, 'Darshan', 1027, 595911, 1);
INSERT INTO interacts VALUES(86933215735, 1, 'Darshan', 1029, 597128, 1);
INSERT INTO interacts VALUES(86933215735, 1, 'aphromoo', 2049, 601874, 1);
INSERT INTO interacts VALUES(86933215735, 1, 'aphromoo', 1001, 603266, 1);
INSERT INTO interacts VALUES(86933215735, 1, 'aphromoo', 2043, 604696, 1);
INSERT INTO interacts VALUES(86933215735, 1, 'aphromoo', 3341, 606883, 1);
INSERT INTO interacts VALUES(86933215735, 1, 'Stixxay', 3508, 611187, 1);
INSERT INTO interacts VALUES(86933215735, 1, 'Karsa', 1415, 612523, 1);
INSERT INTO interacts VALUES(86933215735, 1, 'Xmithie', 1408, 633937, 1);
INSERT INTO interacts VALUES(86933215735, 1, 'Huhi', 1026, 662104, 1);
INSERT INTO interacts VALUES(86933215735, 1, 'Huhi', 1033, 666099, 1);
INSERT INTO interacts VALUES(86933215735, 1, 'Xmithie', 1001, 675840, 1);
INSERT INTO interacts VALUES(86933215735, 1, 'Maple', 3027, 692627, 1);
INSERT INTO interacts VALUES(86933215735, 1, 'NL', 3004, 694527, 1);
INSERT INTO interacts VALUES(86933215735, 1, 'Maple', 3363, 694989, 1);
INSERT INTO interacts VALUES(86933215735, 1, 'NL', 3363, 695327, 1);
INSERT INTO interacts VALUES(86933215735, 1, 'NL', 2043, 696229, 1);
INSERT INTO interacts VALUES(86933215735, 1, 'SwordArt', 2043, 701696, 1);
INSERT INTO interacts VALUES(86933215735, 1, 'SwordArt', 2043, 701827, 1);
INSERT INTO interacts VALUES(86933215735, 1, 'MMD', 1028, 734328, 1);
INSERT INTO interacts VALUES(86933215735, 1, 'MMD', 1028, 734476, 1);
INSERT INTO interacts VALUES(86933215735, 1, 'Karsa', 3009, 762300, 1);
INSERT INTO interacts VALUES(86933215735, 1, 'Karsa', 2043, 762703, 1);
INSERT INTO interacts VALUES(86933215735, 1, 'Darshan', 3009, 780211, 1);
INSERT INTO interacts VALUES(86933215735, 1, 'Darshan', 3057, 786632, 1);
INSERT INTO interacts VALUES(86933215735, 1, 'MMD', 3009, 835208, 1);
INSERT INTO interacts VALUES(86933215735, 1, 'Maple', 3108, 838726, 1);
INSERT INTO interacts VALUES(86933215735, 1, 'Maple', 2003, 840437, 1);
INSERT INTO interacts VALUES(86933215735, 1, 'Huhi', 3027, 841480, 1);
INSERT INTO interacts VALUES(86933215735, 1, 'Huhi', 3111, 843964, 1);
INSERT INTO interacts VALUES(86933215735, 1, 'Huhi', 2010, 845390, 1);
INSERT INTO interacts VALUES(86933215735, 1, 'Stixxay', 3006, 845644, 1);
INSERT INTO interacts VALUES(86933215735, 1, 'Stixxay', 1042, 846799, 1);
INSERT INTO interacts VALUES(86933215735, 1, 'Stixxay', 2043, 847062, 1);
INSERT INTO interacts VALUES(86933215735, 1, 'Stixxay', 2010, 847256, 1);
INSERT INTO interacts VALUES(86933215735, 1, 'Huhi', 3363, 847480, 1);
INSERT INTO interacts VALUES(86933215735, 1, 'aphromoo', 3105, 864669, 1);
INSERT INTO interacts VALUES(86933215735, 1, 'aphromoo', 2043, 867377, 1);
INSERT INTO interacts VALUES(86933215735, 1, 'NL', 1001, 884399, 1);
INSERT INTO interacts VALUES(86933215735, 1, 'NL', 1029, 885964, 1);
INSERT INTO interacts VALUES(86933215735, 1, 'SwordArt', 3117, 887771, 1);
INSERT INTO interacts VALUES(86933215735, 1, 'SwordArt', 2043, 889414, 1);
INSERT INTO interacts VALUES(86933215735, 1, 'Karsa', 1033, 896207, 1);
INSERT INTO interacts VALUES(86933215735, 1, 'Karsa', 3364, 897167, 1);
INSERT INTO interacts VALUES(86933215735, 1, 'Karsa', 2043, 897441, 1);
INSERT INTO interacts VALUES(86933215735, 1, 'Xmithie', 3155, 912157, 1);
INSERT INTO interacts VALUES(86933215735, 1, 'Xmithie', 3364, 915411, 1);
INSERT INTO interacts VALUES(86933215735, 1, 'MMD', 3211, 936703, 1);
INSERT INTO interacts VALUES(86933215735, 1, 'Xmithie', 1042, 1000018, 1);
INSERT INTO interacts VALUES(86933215735, 1, 'Xmithie', 2043, 1000963, 1);
INSERT INTO interacts VALUES(86933215735, 1, 'SwordArt', 3098, 1012809, 1);
INSERT INTO interacts VALUES(86933215735, 1, 'aphromoo', 3098, 1019590, 1);
INSERT INTO interacts VALUES(86933215735, 1, 'Stixxay', 3086, 1019631, 1);
INSERT INTO interacts VALUES(86933215735, 1, 'Stixxay', 3363, 1020158, 1);
INSERT INTO interacts VALUES(86933215735, 1, 'Darshan', 3025, 1075322, 1);
INSERT INTO interacts VALUES(86933215735, 1, 'Maple', 3114, 1084786, 1);
INSERT INTO interacts VALUES(86933215735, 1, 'Maple', 3158, 1086430, 1);
INSERT INTO interacts VALUES(86933215735, 1, 'Maple', 2003, 1087478, 0);
INSERT INTO interacts VALUES(86933215735, 1, 'Maple', 2043, 1088742, 1);
INSERT INTO interacts VALUES(86933215735, 1, 'aphromoo', 2043, 1091716, 1);
INSERT INTO interacts VALUES(86933215735, 1, 'Karsa', 3155, 1092680, 1);
INSERT INTO interacts VALUES(86933215735, 1, 'aphromoo', 2010, 1092743, 1);
INSERT INTO interacts VALUES(86933215735, 1, 'Karsa', 1042, 1093598, 1);
INSERT INTO interacts VALUES(86933215735, 1, 'MMD', 3057, 1100000, 1);
INSERT INTO interacts VALUES(86933215735, 1, 'Huhi', 1058, 1107078, 1);
INSERT INTO interacts VALUES(86933215735, 1, 'Huhi', 2010, 1108538, 1);
INSERT INTO interacts VALUES(86933215735, 1, 'Huhi', 2010, 1108669, 1);
INSERT INTO interacts VALUES(86933215735, 1, 'Huhi', 2043, 1109090, 1);
INSERT INTO interacts VALUES(86933215735, 1, 'Huhi', 2010, 1109304, 1);
INSERT INTO interacts VALUES(86933215735, 1, 'NL', 3025, 1137461, 1);
INSERT INTO interacts VALUES(86933215735, 1, 'NL', 2043, 1138536, 1);
INSERT INTO interacts VALUES(86933215735, 1, 'Stixxay', 3087, 1243366, 1);
INSERT INTO interacts VALUES(86933215735, 1, 'aphromoo', 3158, 1245703, 1);
INSERT INTO interacts VALUES(86933215735, 1, 'aphromoo', 2010, 1246762, 1);
INSERT INTO interacts VALUES(86933215735, 1, 'aphromoo', 2043, 1247020, 1);
INSERT INTO interacts VALUES(86933215735, 1, 'Xmithie', 3009, 1255049, 1);
INSERT INTO interacts VALUES(86933215735, 1, 'Huhi', 1323, 1256941, 1);
INSERT INTO interacts VALUES(86933215735, 1, 'Stixxay', 2043, 1267907, 1);
INSERT INTO interacts VALUES(86933215735, 1, 'Stixxay', 2010, 1268178, 1);
INSERT INTO interacts VALUES(86933215735, 1, 'SwordArt', 2301, 1272776, 1);
INSERT INTO interacts VALUES(86933215735, 1, 'Karsa', 3086, 1273004, 1);
INSERT INTO interacts VALUES(86933215735, 1, 'Karsa', 2043, 1273634, 1);
INSERT INTO interacts VALUES(86933215735, 1, 'Karsa', 2043, 1273760, 1);
INSERT INTO interacts VALUES(86933215735, 1, 'MMD', 3067, 1274575, 1);
INSERT INTO interacts VALUES(86933215735, 1, 'SwordArt', 1033, 1275001, 1);
INSERT INTO interacts VALUES(86933215735, 1, 'SwordArt', 2043, 1275456, 1);
INSERT INTO interacts VALUES(86933215735, 1, 'Maple', 3165, 1289061, 1);
INSERT INTO interacts VALUES(86933215735, 1, 'Maple', 2043, 1289914, 1);
INSERT INTO interacts VALUES(86933215735, 1, 'NL', 3158, 1294428, 1);
INSERT INTO interacts VALUES(86933215735, 1, 'NL', 1036, 1295627, 1);
INSERT INTO interacts VALUES(86933215735, 1, 'NL', 1036, 1295773, 1);
INSERT INTO interacts VALUES(86933215735, 1, 'Darshan', 3068, 1314041, 1);
INSERT INTO interacts VALUES(86933215735, 1, 'MMD', 3065, 1328573, 1);
INSERT INTO interacts VALUES(86933215735, 1, 'Darshan', 2043, 1406524, 1);
INSERT INTO interacts VALUES(86933215735, 1, 'Huhi', 3003, 1414712, 1);
INSERT INTO interacts VALUES(86933215735, 1, 'Maple', 1058, 1439325, 1);
INSERT INTO interacts VALUES(86933215735, 1, 'Karsa', 2032, 1452518, 0);
INSERT INTO interacts VALUES(86933215735, 1, 'Karsa', 3046, 1454220, 1);
INSERT INTO interacts VALUES(86933215735, 1, 'aphromoo', 2301, 1461523, 1);
INSERT INTO interacts VALUES(86933215735, 1, 'aphromoo', 3364, 1463340, 1);
INSERT INTO interacts VALUES(86933215735, 1, 'aphromoo', 2043, 1465080, 1);
INSERT INTO interacts VALUES(86933215735, 1, 'aphromoo', 2010, 1465433, 1);
INSERT INTO interacts VALUES(86933215735, 1, 'aphromoo', 2010, 1465537, 1);
INSERT INTO interacts VALUES(86933215735, 1, 'NL', 3144, 1470475, 1);
INSERT INTO interacts VALUES(86933215735, 1, 'NL', 1042, 1471709, 1);
INSERT INTO interacts VALUES(86933215735, 1, 'SwordArt', 3364, 1472361, 1);
INSERT INTO interacts VALUES(86933215735, 1, 'SwordArt', 3105, 1474420, 1);
INSERT INTO interacts VALUES(86933215735, 1, 'Stixxay', 1038, 1485772, 1);
INSERT INTO interacts VALUES(86933215735, 1, 'Xmithie', 2032, 1488059, 0);
INSERT INTO interacts VALUES(86933215735, 1, 'Xmithie', 3046, 1490937, 1);
INSERT INTO interacts VALUES(86933215735, 1, 'Xmithie', 2043, 1492068, 1);
INSERT INTO interacts VALUES(86933215735, 1, 'MMD', 3024, 1493015, 1);
INSERT INTO interacts VALUES(86933215735, 1, 'Huhi', 1026, 1517114, 1);
INSERT INTO interacts VALUES(86933215735, 1, 'Huhi', 1052, 1519502, 1);
INSERT INTO interacts VALUES(86933215735, 1, 'Karsa', 3046, 1534300, 1);
INSERT INTO interacts VALUES(86933215735, 1, 'Darshan', 3211, 1534509, 1);
INSERT INTO interacts VALUES(86933215735, 1, 'Karsa', 2043, 1535185, 1);
INSERT INTO interacts VALUES(86933215735, 1, 'Karsa', 2043, 1535312, 1);
INSERT INTO interacts VALUES(86933215735, 1, 'SwordArt', 2043, 1537870, 1);
INSERT INTO interacts VALUES(86933215735, 1, 'SwordArt', 2043, 1538000, 1);
INSERT INTO interacts VALUES(86933215735, 1, 'SwordArt', 2010, 1538259, 1);
INSERT INTO interacts VALUES(86933215735, 1, 'MMD', 3025, 1626481, 1);
INSERT INTO interacts VALUES(86933215735, 1, 'Stixxay', 1037, 1628596, 1);
INSERT INTO interacts VALUES(86933215735, 1, 'aphromoo', 1028, 1630296, 1);
INSERT INTO interacts VALUES(86933215735, 1, 'aphromoo', 2043, 1631420, 1);
INSERT INTO interacts VALUES(86933215735, 1, 'aphromoo', 2043, 1631567, 1);
INSERT INTO interacts VALUES(86933215735, 1, 'aphromoo', 2010, 1631729, 1);
INSERT INTO interacts VALUES(86933215735, 1, 'SwordArt', 2043, 1635081, 1);
INSERT INTO interacts VALUES(86933215735, 1, 'Darshan', 1308, 1676865, 1);
INSERT INTO interacts VALUES(86933215735, 1, 'Karsa', 1306, 1678134, 1);
INSERT INTO interacts VALUES(86933215735, 1, 'Karsa', 2043, 1679042, 1);
INSERT INTO interacts VALUES(86933215735, 1, 'SwordArt', 1028, 1737730, 1);
INSERT INTO interacts VALUES(86933215735, 1, 'aphromoo', 3190, 1743790, 1);
INSERT INTO interacts VALUES(86933215735, 1, 'aphromoo', 2043, 1744508, 1);
INSERT INTO interacts VALUES(86933215735, 1, 'aphromoo', 2010, 1744770, 1);
INSERT INTO interacts VALUES(86933215735, 1, 'aphromoo', 2010, 1744899, 1);
INSERT INTO interacts VALUES(86933215735, 1, 'Darshan', 1082, 1753268, 0);
INSERT INTO interacts VALUES(86933215735, 1, 'Maple', 1026, 1753563, 1);
INSERT INTO interacts VALUES(86933215735, 1, 'NL', 3153, 1753689, 1);
INSERT INTO interacts VALUES(86933215735, 1, 'Darshan', 3067, 1754578, 1);
INSERT INTO interacts VALUES(86933215735, 1, 'Huhi', 3135, 1754987, 1);
INSERT INTO interacts VALUES(86933215735, 1, 'Huhi', 1029, 1763389, 1);
INSERT INTO interacts VALUES(86933215735, 1, 'Xmithie', 3156, 1766003, 1);
INSERT INTO interacts VALUES(86933215735, 1, 'Stixxay', 3031, 1778893, 1);
INSERT INTO interacts VALUES(86933215735, 1, 'Stixxay', 2043, 1779317, 1);
INSERT INTO interacts VALUES(86933215735, 1, 'MMD', 1031, 1789547, 1);
INSERT INTO interacts VALUES(86933215735, 1, 'Darshan', 2033, 1860424, 0);
INSERT INTO interacts VALUES(86933215735, 1, 'Darshan', 3065, 1861279, 1);
INSERT INTO interacts VALUES(86933215735, 1, 'Karsa', 3155, 1876472, 1);
INSERT INTO interacts VALUES(86933215735, 1, 'Karsa', 3134, 1877515, 1);
INSERT INTO interacts VALUES(86933215735, 1, 'NL', 1033, 1885983, 1);
INSERT INTO interacts VALUES(86933215735, 1, 'Huhi', 1031, 1886866, 1);
INSERT INTO interacts VALUES(86933215735, 1, 'MMD', 1308, 1905805, 1);
INSERT INTO interacts VALUES(86933215735, 1, 'SwordArt', 3190, 1908561, 1);
INSERT INTO interacts VALUES(86933215735, 1, 'SwordArt', 2043, 1908928, 1);
INSERT INTO interacts VALUES(86933215735, 1, 'aphromoo', 3024, 1909061, 1);
INSERT INTO interacts VALUES(86933215735, 1, 'aphromoo', 2010, 1910134, 1);
INSERT INTO interacts VALUES(86933215735, 1, 'aphromoo', 2043, 1910365, 1);
INSERT INTO interacts VALUES(86933215735, 1, 'Karsa', 2032, 1911634, 0);
INSERT INTO interacts VALUES(86933215735, 1, 'Karsa', 2043, 1912226, 1);
INSERT INTO interacts VALUES(86933215735, 1, 'Karsa', 2043, 1912357, 1);
INSERT INTO interacts VALUES(86933215735, 1, 'Xmithie', 3133, 1920504, 1);
INSERT INTO interacts VALUES(86933215735, 1, 'Xmithie', 2043, 1929690, 1);
INSERT INTO interacts VALUES(86933215735, 1, 'Xmithie', 2043, 1929801, 1);
INSERT INTO interacts VALUES(86933215735, 1, 'Stixxay', 3140, 1972822, 1);
INSERT INTO interacts VALUES(86933215735, 1, 'Stixxay', 2140, 1974657, 1);
INSERT INTO interacts VALUES(86933215735, 1, 'Karsa', 3156, 1974827, 1);
INSERT INTO interacts VALUES(86933215735, 1, 'Karsa', 2003, 1975983, 1);
INSERT INTO interacts VALUES(86933215735, 1, 'Darshan', 1011, 1976631, 1);
INSERT INTO interacts VALUES(86933215735, 1, 'aphromoo', 2010, 1980247, 1);
INSERT INTO interacts VALUES(86933215735, 1, 'Darshan', 1029, 1981230, 1);
INSERT INTO interacts VALUES(86933215735, 1, 'Huhi', 3026, 2006517, 1);
INSERT INTO interacts VALUES(86933215735, 1, 'Maple', 3089, 2006517, 1);
INSERT INTO interacts VALUES(86933215735, 1, 'Huhi', 2043, 2006976, 1);
INSERT INTO interacts VALUES(86933215735, 1, 'Maple', 2043, 2007598, 1);
INSERT INTO interacts VALUES(86933215735, 1, 'NL', 1033, 2045557, 0);
INSERT INTO interacts VALUES(86933215735, 1, 'NL', 3035, 2046732, 1);
INSERT INTO interacts VALUES(86933215735, 1, 'SwordArt', 3114, 2050409, 1);
INSERT INTO interacts VALUES(86933215735, 1, 'SwordArt', 2010, 2051551, 1);
INSERT INTO interacts VALUES(86933215735, 1, 'SwordArt', 2010, 2051684, 1);
INSERT INTO interacts VALUES(86933215735, 1, 'Karsa', 1028, 2082980, 1);
INSERT INTO interacts VALUES(86933215735, 1, 'Karsa', 2043, 2084318, 1);
INSERT INTO interacts VALUES(86933215735, 1, 'Stixxay', 1055, 2128002, 0);
INSERT INTO interacts VALUES(86933215735, 1, 'Darshan', 3082, 2128713, 1);
INSERT INTO interacts VALUES(86933215735, 1, 'Xmithie', 1053, 2129335, 1);
INSERT INTO interacts VALUES(86933215735, 1, 'Stixxay', 1053, 2129431, 1);
INSERT INTO interacts VALUES(86933215735, 1, 'aphromoo', 2043, 2130660, 1);
INSERT INTO interacts VALUES(86933215735, 1, 'SwordArt', 2043, 2130857, 1);
INSERT INTO interacts VALUES(86933215735, 1, 'aphromoo', 2010, 2131118, 1);
INSERT INTO interacts VALUES(86933215735, 1, 'aphromoo', 2010, 2131247, 1);
INSERT INTO interacts VALUES(86933215735, 1, 'MMD', 3068, 2131247, 1);
INSERT INTO interacts VALUES(86933215735, 1, 'Stixxay', 2140, 2131286, 1);
INSERT INTO interacts VALUES(86933215735, 1, 'aphromoo', 2010, 2131315, 1);
INSERT INTO interacts VALUES(86933215735, 1, 'aphromoo', 2010, 2131444, 1);
INSERT INTO interacts VALUES(86933215735, 1, 'aphromoo', 2139, 2133041, 1);
INSERT INTO interacts VALUES(86933215735, 1, 'Maple', 2043, 2133438, 0);
INSERT INTO interacts VALUES(86933215735, 1, 'Maple', 1026, 2134112, 1);
INSERT INTO interacts VALUES(86933215735, 1, 'Huhi', 2139, 2141052, 1);
INSERT INTO interacts VALUES(86933215735, 1, 'NL', 2140, 2142339, 1);
INSERT INTO interacts VALUES(86933215735, 1, 'Huhi', 2043, 2160249, 1);
INSERT INTO interacts VALUES(86933215735, 1, 'Karsa', 1036, 2206897, 1);
INSERT INTO interacts VALUES(86933215735, 1, 'SwordArt', 1033, 2211803, 1);
INSERT INTO series VALUES(444727203345, 1);
INSERT INTO organizes VALUES('msi_2016', 444727203345, 'group_stage - SKT-vs-G2');
INSERT INTO competes VALUES(444727203345, 'SKT', 1);
INSERT INTO competes VALUES(444727203345, 'G2', 0);
INSERT INTO matches VALUES(444727203345, 1, '2016-05-07');
INSERT INTO scores VALUES('SKT', 444727203345, 1, 1, 8, 1, 0, 3, 1);
INSERT INTO scores VALUES('G2', 444727203345, 1, 0, 0, 0, 0, 0, 0);
INSERT INTO bans VALUES(444727203345, 1, 432, 1);
INSERT INTO bans VALUES(444727203345, 1, 238, 3);
INSERT INTO bans VALUES(444727203345, 1, 57, 5);
INSERT INTO bans VALUES(444727203345, 1, 26, 2);
INSERT INTO bans VALUES(444727203345, 1, 12, 4);
INSERT INTO bans VALUES(444727203345, 1, 203, 6);
INSERT INTO plays VALUES(444727203345, 1, 'Duke', 245, 'Top', 5, 0, 5, 14252, 13, 3, 238, 2, 2, 12290);
INSERT INTO plays VALUES(444727203345, 1, 'Blank', 64, 'Jungle', 4, 2, 12, 10255, 28, 10, 19, 77, 10, 10673);
INSERT INTO plays VALUES(444727203345, 1, 'Faker', 13, 'Mid', 2, 2, 8, 13561, 16, 7, 220, 16, 8, 11861);
INSERT INTO plays VALUES(444727203345, 1, 'Bang', 15, 'ADC', 8, 0, 4, 22185, 15, 9, 282, 10, 11, 14855);
INSERT INTO plays VALUES(444727203345, 1, 'Wolf', 16, 'Support', 0, 0, 15, 6190, 25, 16, 24, 0, 1, 8234);
INSERT INTO plays VALUES(444727203345, 1, 'Kikis', 78, 'Top', 0, 3, 3, 11561, 16, 2, 211, 2, 0, 8822);
INSERT INTO plays VALUES(444727203345, 1, 'Trick', 104, 'Jungle', 0, 5, 3, 9838, 26, 8, 21, 87, 5, 8524);
INSERT INTO plays VALUES(444727203345, 1, 'Perkz', 268, 'Mid', 2, 5, 2, 17502, 13, 8, 238, 19, 0, 9897);
INSERT INTO plays VALUES(444727203345, 1, 'Emperor', 429, 'ADC', 2, 5, 0, 8722, 13, 1, 238, 3, 0, 9700);
INSERT INTO plays VALUES(444727203345, 1, 'Hybrid', 201, 'Support', 0, 1, 3, 6156, 33, 4, 34, 0, 0, 6109);
INSERT INTO interacts VALUES(444727203345, 1, 'Hybrid', 3302, 1851, 1);
INSERT INTO interacts VALUES(444727203345, 1, 'Hybrid', 2010, 2116, 1);
INSERT INTO interacts VALUES(444727203345, 1, 'Hybrid', 2010, 2247, 1);
INSERT INTO interacts VALUES(444727203345, 1, 'Hybrid', 2010, 2378, 1);
INSERT INTO interacts VALUES(444727203345, 1, 'Blank', 1041, 2480, 1);
INSERT INTO interacts VALUES(444727203345, 1, 'Kikis', 2033, 2708, 1);
INSERT INTO interacts VALUES(444727203345, 1, 'Bang', 1055, 2771, 1);
INSERT INTO interacts VALUES(444727203345, 1, 'Blank', 3340, 2837, 1);
INSERT INTO interacts VALUES(444727203345, 1, 'Kikis', 3340, 2953, 1);
INSERT INTO interacts VALUES(444727203345, 1, 'Perkz', 1056, 2969, 1);
INSERT INTO interacts VALUES(444727203345, 1, 'Bang', 2010, 2969, 1);
INSERT INTO interacts VALUES(444727203345, 1, 'Hybrid', 3340, 3031, 1);
INSERT INTO interacts VALUES(444727203345, 1, 'Blank', 2031, 3097, 1);
INSERT INTO interacts VALUES(444727203345, 1, 'Perkz', 2010, 3208, 1);
INSERT INTO interacts VALUES(444727203345, 1, 'Bang', 3340, 3260, 1);
INSERT INTO interacts VALUES(444727203345, 1, 'Emperor', 1055, 3294, 1);
INSERT INTO interacts VALUES(444727203345, 1, 'Perkz', 2010, 3357, 1);
INSERT INTO interacts VALUES(444727203345, 1, 'Faker', 1027, 3421, 1);
INSERT INTO interacts VALUES(444727203345, 1, 'Emperor', 2010, 3522, 1);
INSERT INTO interacts VALUES(444727203345, 1, 'Wolf', 3303, 3583, 1);
INSERT INTO interacts VALUES(444727203345, 1, 'Emperor', 3340, 3746, 1);
INSERT INTO interacts VALUES(444727203345, 1, 'Trick', 1039, 3746, 1);
INSERT INTO interacts VALUES(444727203345, 1, 'Faker', 2031, 3843, 1);
INSERT INTO interacts VALUES(444727203345, 1, 'Trick', 2031, 3991, 1);
INSERT INTO interacts VALUES(444727203345, 1, 'Perkz', 3340, 4138, 1);
INSERT INTO interacts VALUES(444727203345, 1, 'Wolf', 2010, 4201, 1);
INSERT INTO interacts VALUES(444727203345, 1, 'Duke', 2033, 4201, 1);
INSERT INTO interacts VALUES(444727203345, 1, 'Faker', 3340, 4201, 1);
INSERT INTO interacts VALUES(444727203345, 1, 'Wolf', 2010, 4301, 1);
INSERT INTO interacts VALUES(444727203345, 1, 'Trick', 3340, 4333, 1);
INSERT INTO interacts VALUES(444727203345, 1, 'Wolf', 2010, 4461, 1);
INSERT INTO interacts VALUES(444727203345, 1, 'Duke', 3340, 4691, 1);
INSERT INTO interacts VALUES(444727203345, 1, 'Wolf', 3340, 4887, 1);
INSERT INTO interacts VALUES(444727203345, 1, 'Blank', 1039, 192087, 1);
INSERT INTO interacts VALUES(444727203345, 1, 'Blank', 2043, 193131, 1);
INSERT INTO interacts VALUES(444727203345, 1, 'Trick', 3711, 269558, 1);
INSERT INTO interacts VALUES(444727203345, 1, 'Trick', 1001, 273111, 1);
INSERT INTO interacts VALUES(444727203345, 1, 'Kikis', 1028, 289981, 1);
INSERT INTO interacts VALUES(444727203345, 1, 'Kikis', 1029, 290280, 1);
INSERT INTO interacts VALUES(444727203345, 1, 'Perkz', 1056, 301628, 1);
INSERT INTO interacts VALUES(444727203345, 1, 'Perkz', 1042, 302486, 1);
INSERT INTO interacts VALUES(444727203345, 1, 'Perkz', 1042, 302599, 1);
INSERT INTO interacts VALUES(444727203345, 1, 'Perkz', 2043, 303274, 1);
INSERT INTO interacts VALUES(444727203345, 1, 'Duke', 1082, 315896, 1);
INSERT INTO interacts VALUES(444727203345, 1, 'Duke', 3751, 317160, 1);
INSERT INTO interacts VALUES(444727203345, 1, 'Faker', 3070, 340322, 1);
INSERT INTO interacts VALUES(444727203345, 1, 'Faker', 1028, 342400, 1);
INSERT INTO interacts VALUES(444727203345, 1, 'Faker', 1001, 342863, 1);
INSERT INTO interacts VALUES(444727203345, 1, 'Faker', 2043, 346124, 1);
INSERT INTO interacts VALUES(444727203345, 1, 'Blank', 3711, 372779, 1);
INSERT INTO interacts VALUES(444727203345, 1, 'Blank', 1036, 373561, 1);
INSERT INTO interacts VALUES(444727203345, 1, 'Blank', 1036, 373705, 1);
INSERT INTO interacts VALUES(444727203345, 1, 'Blank', 2043, 374354, 1);
INSERT INTO interacts VALUES(444727203345, 1, 'Trick', 1036, 387474, 1);
INSERT INTO interacts VALUES(444727203345, 1, 'Trick', 2043, 387972, 1);
INSERT INTO interacts VALUES(444727203345, 1, 'Duke', 1001, 435558, 1);
INSERT INTO interacts VALUES(444727203345, 1, 'Duke', 1027, 436744, 1);
INSERT INTO interacts VALUES(444727203345, 1, 'Bang', 1038, 439095, 1);
INSERT INTO interacts VALUES(444727203345, 1, 'Bang', 1036, 440805, 1);
INSERT INTO interacts VALUES(444727203345, 1, 'Bang', 1036, 440915, 1);
INSERT INTO interacts VALUES(444727203345, 1, 'Kikis', 3211, 455593, 1);
INSERT INTO interacts VALUES(444727203345, 1, 'Kikis', 2043, 456902, 1);
INSERT INTO interacts VALUES(444727203345, 1, 'Perkz', 3108, 511656, 1);
INSERT INTO interacts VALUES(444727203345, 1, 'Wolf', 2049, 518253, 1);
INSERT INTO interacts VALUES(444727203345, 1, 'Wolf', 1001, 519566, 1);
INSERT INTO interacts VALUES(444727203345, 1, 'Wolf', 2043, 520574, 1);
INSERT INTO interacts VALUES(444727203345, 1, 'Wolf', 3341, 520803, 1);
INSERT INTO interacts VALUES(444727203345, 1, 'Perkz', 2010, 525866, 1);
INSERT INTO interacts VALUES(444727203345, 1, 'Hybrid', 2049, 526759, 1);
INSERT INTO interacts VALUES(444727203345, 1, 'Hybrid', 1001, 527162, 1);
INSERT INTO interacts VALUES(444727203345, 1, 'Hybrid', 3341, 528223, 1);
INSERT INTO interacts VALUES(444727203345, 1, 'Hybrid', 2043, 529730, 1);
INSERT INTO interacts VALUES(444727203345, 1, 'Faker', 3010, 550589, 1);
INSERT INTO interacts VALUES(444727203345, 1, 'Faker', 2043, 551321, 1);
INSERT INTO interacts VALUES(444727203345, 1, 'Blank', 1408, 554512, 1);
INSERT INTO interacts VALUES(444727203345, 1, 'Blank', 2043, 556238, 1);
INSERT INTO interacts VALUES(444727203345, 1, 'Duke', 3057, 573018, 1);
INSERT INTO interacts VALUES(444727203345, 1, 'Duke', 1029, 573967, 1);
INSERT INTO interacts VALUES(444727203345, 1, 'Emperor', 3144, 586387, 1);
INSERT INTO interacts VALUES(444727203345, 1, 'Emperor', 1043, 586652, 1);
INSERT INTO interacts VALUES(444727203345, 1, 'Emperor', 2010, 588165, 1);
INSERT INTO interacts VALUES(444727203345, 1, 'Emperor', 2043, 588682, 1);
INSERT INTO interacts VALUES(444727203345, 1, 'Bang', 3133, 605700, 1);
INSERT INTO interacts VALUES(444727203345, 1, 'Bang', 1001, 606222, 1);
INSERT INTO interacts VALUES(444727203345, 1, 'Trick', 3133, 606384, 1);
INSERT INTO interacts VALUES(444727203345, 1, 'Trick', 2043, 607977, 1);
INSERT INTO interacts VALUES(444727203345, 1, 'Bang', 2043, 608043, 1);
INSERT INTO interacts VALUES(444727203345, 1, 'Faker', 1026, 665699, 1);
INSERT INTO interacts VALUES(444727203345, 1, 'Blank', 3009, 667653, 1);
INSERT INTO interacts VALUES(444727203345, 1, 'Perkz', 3115, 684665, 1);
INSERT INTO interacts VALUES(444727203345, 1, 'Perkz', 2010, 685079, 1);
INSERT INTO interacts VALUES(444727203345, 1, 'Perkz', 3363, 686245, 1);
INSERT INTO interacts VALUES(444727203345, 1, 'Kikis', 3751, 718894, 1);
INSERT INTO interacts VALUES(444727203345, 1, 'Kikis', 1001, 720067, 1);
INSERT INTO interacts VALUES(444727203345, 1, 'Emperor', 1001, 739096, 1);
INSERT INTO interacts VALUES(444727203345, 1, 'Emperor', 1042, 739615, 1);
INSERT INTO interacts VALUES(444727203345, 1, 'Trick', 1408, 741051, 1);
INSERT INTO interacts VALUES(444727203345, 1, 'Emperor', 2010, 742355, 1);
INSERT INTO interacts VALUES(444727203345, 1, 'Trick', 1028, 752615, 1);
INSERT INTO interacts VALUES(444727203345, 1, 'Hybrid', 3097, 760882, 1);
INSERT INTO interacts VALUES(444727203345, 1, 'Wolf', 3009, 762294, 1);
INSERT INTO interacts VALUES(444727203345, 1, 'Hybrid', 1028, 763334, 1);
INSERT INTO interacts VALUES(444727203345, 1, 'Duke', 3024, 766496, 1);
INSERT INTO interacts VALUES(444727203345, 1, 'Blank', 1028, 769884, 1);
INSERT INTO interacts VALUES(444727203345, 1, 'Wolf', 3009, 772361, 1);
INSERT INTO interacts VALUES(444727203345, 1, 'Wolf', 2043, 772946, 1);
INSERT INTO interacts VALUES(444727203345, 1, 'Blank', 1029, 773142, 1);
INSERT INTO interacts VALUES(444727203345, 1, 'Wolf', 2031, 773213, 1);
INSERT INTO interacts VALUES(444727203345, 1, 'Bang', 3009, 774319, 1);
INSERT INTO interacts VALUES(444727203345, 1, 'Blank', 2043, 774442, 1);
INSERT INTO interacts VALUES(444727203345, 1, 'Bang', 1051, 775493, 1);
INSERT INTO interacts VALUES(444727203345, 1, 'Bang', 2010, 777546, 1);
INSERT INTO interacts VALUES(444727203345, 1, 'Perkz', 1028, 835574, 1);
INSERT INTO interacts VALUES(444727203345, 1, 'Perkz', 1001, 836480, 1);
INSERT INTO interacts VALUES(444727203345, 1, 'Perkz', 2010, 836816, 1);
INSERT INTO interacts VALUES(444727203345, 1, 'Faker', 3027, 836912, 1);
INSERT INTO interacts VALUES(444727203345, 1, 'Faker', 2043, 839499, 1);
INSERT INTO interacts VALUES(444727203345, 1, 'Bang', 3086, 866560, 1);
INSERT INTO interacts VALUES(444727203345, 1, 'Bang', 3363, 867098, 1);
INSERT INTO interacts VALUES(444727203345, 1, 'Duke', 3025, 894049, 1);
INSERT INTO interacts VALUES(444727203345, 1, 'Kikis', 1031, 896485, 1);
INSERT INTO interacts VALUES(444727203345, 1, 'Duke', 1029, 897075, 1);
INSERT INTO interacts VALUES(444727203345, 1, 'Hybrid', 1033, 915186, 1);
INSERT INTO interacts VALUES(444727203345, 1, 'Hybrid', 2043, 916387, 1);
INSERT INTO interacts VALUES(444727203345, 1, 'Hybrid', 3364, 916857, 1);
INSERT INTO interacts VALUES(444727203345, 1, 'Emperor', 3153, 917383, 1);
INSERT INTO interacts VALUES(444727203345, 1, 'Emperor', 3363, 917920, 1);
INSERT INTO interacts VALUES(444727203345, 1, 'Emperor', 2010, 918376, 1);
INSERT INTO interacts VALUES(444727203345, 1, 'Emperor', 2043, 918769, 1);
INSERT INTO interacts VALUES(444727203345, 1, 'Emperor', 1051, 992963, 1);
INSERT INTO interacts VALUES(444727203345, 1, 'Blank', 1011, 994438, 1);
INSERT INTO interacts VALUES(444727203345, 1, 'Blank', 3082, 995906, 1);
INSERT INTO interacts VALUES(444727203345, 1, 'Perkz', 3020, 996425, 1);
INSERT INTO interacts VALUES(444727203345, 1, 'Blank', 2043, 997088, 1);
INSERT INTO interacts VALUES(444727203345, 1, 'Perkz', 1052, 997368, 1);
INSERT INTO interacts VALUES(444727203345, 1, 'Blank', 3364, 997368, 1);
INSERT INTO interacts VALUES(444727203345, 1, 'Trick', 3155, 1017927, 1);
INSERT INTO interacts VALUES(444727203345, 1, 'Trick', 2043, 1018810, 1);
INSERT INTO interacts VALUES(444727203345, 1, 'Trick', 3364, 1019232, 1);
INSERT INTO interacts VALUES(444727203345, 1, 'Hybrid', 3801, 1024966, 1);
INSERT INTO interacts VALUES(444727203345, 1, 'Bang', 3508, 1025743, 1);
INSERT INTO interacts VALUES(444727203345, 1, 'Hybrid', 2043, 1026136, 1);
INSERT INTO interacts VALUES(444727203345, 1, 'Bang', 1042, 1028518, 1);
INSERT INTO interacts VALUES(444727203345, 1, 'Wolf', 3303, 1028518, 0);
INSERT INTO interacts VALUES(444727203345, 1, 'Bang', 2010, 1030376, 1);
INSERT INTO interacts VALUES(444727203345, 1, 'Wolf', 3096, 1032269, 1);
INSERT INTO interacts VALUES(444727203345, 1, 'Wolf', 3114, 1032610, 1);
INSERT INTO interacts VALUES(444727203345, 1, 'Wolf', 2043, 1034492, 1);
INSERT INTO interacts VALUES(444727203345, 1, 'Wolf', 2043, 1034563, 1);
INSERT INTO interacts VALUES(444727203345, 1, 'Wolf', 3364, 1036062, 1);
INSERT INTO interacts VALUES(444727203345, 1, 'Duke', 1318, 1043014, 1);
INSERT INTO interacts VALUES(444727203345, 1, 'Duke', 1028, 1044558, 1);
INSERT INTO interacts VALUES(444727203345, 1, 'Kikis', 3068, 1054114, 1);
INSERT INTO interacts VALUES(444727203345, 1, 'Faker', 1058, 1055969, 1);
INSERT INTO interacts VALUES(444727203345, 1, 'Kikis', 1029, 1057210, 1);
INSERT INTO interacts VALUES(444727203345, 1, 'Kikis', 2043, 1058693, 1);
INSERT INTO interacts VALUES(444727203345, 1, 'Blank', 3364, 1112433, 1);
INSERT INTO interacts VALUES(444727203345, 1, 'Duke', 3211, 1175832, 1);
INSERT INTO interacts VALUES(444727203345, 1, 'Trick', 3044, 1180266, 1);
INSERT INTO interacts VALUES(444727203345, 1, 'Hybrid', 3105, 1201328, 1);
INSERT INTO interacts VALUES(444727203345, 1, 'Hybrid', 2043, 1201834, 1);
INSERT INTO interacts VALUES(444727203345, 1, 'Hybrid', 2043, 1202903, 1);
INSERT INTO interacts VALUES(444727203345, 1, 'Hybrid', 2031, 1203404, 1);
INSERT INTO interacts VALUES(444727203345, 1, 'Emperor', 3086, 1205387, 1);
INSERT INTO interacts VALUES(444727203345, 1, 'Emperor', 3009, 1209512, 1);
INSERT INTO interacts VALUES(444727203345, 1, 'Kikis', 3009, 1225903, 1);
INSERT INTO interacts VALUES(444727203345, 1, 'Wolf', 3069, 1226237, 1);
INSERT INTO interacts VALUES(444727203345, 1, 'Faker', 3003, 1227056, 1);
INSERT INTO interacts VALUES(444727203345, 1, 'Kikis', 1027, 1228400, 1);
INSERT INTO interacts VALUES(444727203345, 1, 'Faker', 1052, 1229634, 1);
INSERT INTO interacts VALUES(444727203345, 1, 'Faker', 2043, 1230751, 1);
INSERT INTO interacts VALUES(444727203345, 1, 'Perkz', 1056, 1286206, 0);
INSERT INTO interacts VALUES(444727203345, 1, 'Perkz', 1058, 1288755, 1);
INSERT INTO interacts VALUES(444727203345, 1, 'Bang', 3087, 1319687, 1);
INSERT INTO interacts VALUES(444727203345, 1, 'Bang', 1037, 1321407, 1);
INSERT INTO interacts VALUES(444727203345, 1, 'Trick', 3009, 1332671, 1);
INSERT INTO interacts VALUES(444727203345, 1, 'Wolf', 1033, 1334173, 1);
INSERT INTO interacts VALUES(444727203345, 1, 'Wolf', 2043, 1336265, 1);
INSERT INTO interacts VALUES(444727203345, 1, 'Wolf', 2043, 1336363, 1);
INSERT INTO interacts VALUES(444727203345, 1, 'Hybrid', 1028, 1338430, 1);
INSERT INTO interacts VALUES(444727203345, 1, 'Emperor', 1042, 1338498, 1);
INSERT INTO interacts VALUES(444727203345, 1, 'Emperor', 1042, 1338660, 1);
INSERT INTO interacts VALUES(444727203345, 1, 'Hybrid', 2031, 1339675, 0);
INSERT INTO interacts VALUES(444727203345, 1, 'Hybrid', 2043, 1340364, 1);
INSERT INTO interacts VALUES(444727203345, 1, 'Hybrid', 2043, 1340465, 1);
INSERT INTO interacts VALUES(444727203345, 1, 'Blank', 3143, 1343445, 1);
INSERT INTO interacts VALUES(444727203345, 1, 'Blank', 1033, 1345141, 1);
INSERT INTO interacts VALUES(444727203345, 1, 'Blank', 1028, 1348080, 1);
INSERT INTO interacts VALUES(444727203345, 1, 'Blank', 2031, 1349190, 0);
INSERT INTO interacts VALUES(444727203345, 1, 'Blank', 2043, 1350612, 1);
INSERT INTO interacts VALUES(444727203345, 1, 'Kikis', 3024, 1374031, 1);
INSERT INTO interacts VALUES(444727203345, 1, 'Kikis', 1027, 1375191, 1);
INSERT INTO interacts VALUES(444727203345, 1, 'Duke', 3068, 1379322, 1);
INSERT INTO interacts VALUES(444727203345, 1, 'Faker', 1313, 1385726, 1);
INSERT INTO interacts VALUES(444727203345, 1, 'Emperor', 3085, 1442507, 1);
INSERT INTO interacts VALUES(444727203345, 1, 'Trick', 1036, 1445469, 1);
INSERT INTO interacts VALUES(444727203345, 1, 'Blank', 3211, 1457751, 1);
INSERT INTO interacts VALUES(444727203345, 1, 'Blank', 1028, 1459347, 1);
INSERT INTO interacts VALUES(444727203345, 1, 'Hybrid', 3067, 1459542, 1);
INSERT INTO interacts VALUES(444727203345, 1, 'Faker', 1026, 1463315, 1);
INSERT INTO interacts VALUES(444727203345, 1, 'Blank', 2043, 1468830, 1);
INSERT INTO interacts VALUES(444727203345, 1, 'Kikis', 3057, 1478258, 1);
INSERT INTO interacts VALUES(444727203345, 1, 'Perkz', 3116, 1483966, 1);
INSERT INTO interacts VALUES(444727203345, 1, 'Hybrid', 3190, 1490260, 1);
INSERT INTO interacts VALUES(444727203345, 1, 'Bang', 3031, 1491274, 1);
INSERT INTO interacts VALUES(444727203345, 1, 'Duke', 3041, 1494022, 1);
INSERT INTO interacts VALUES(444727203345, 1, 'Wolf', 2043, 1503670, 1);
INSERT INTO interacts VALUES(444727203345, 1, 'Wolf', 3105, 1504111, 1);
INSERT INTO interacts VALUES(444727203345, 1, 'Trick', 3134, 1527918, 1);
INSERT INTO interacts VALUES(444727203345, 1, 'Kikis', 3025, 1587315, 1);
INSERT INTO interacts VALUES(444727203345, 1, 'Perkz', 1026, 1601373, 1);
INSERT INTO interacts VALUES(444727203345, 1, 'Emperor', 1053, 1604565, 1);
INSERT INTO interacts VALUES(444727203345, 1, 'Hybrid', 2043, 1609518, 1);
INSERT INTO interacts VALUES(444727203345, 1, 'Hybrid', 2043, 1609648, 1);
INSERT INTO interacts VALUES(444727203345, 1, 'Kikis', 2043, 1610660, 1);
INSERT INTO interacts VALUES(444727203345, 1, 'Wolf', 3190, 1620700, 1);
INSERT INTO interacts VALUES(444727203345, 1, 'Bang', 2010, 1620809, 0);
INSERT INTO interacts VALUES(444727203345, 1, 'Bang', 3035, 1622376, 1);
INSERT INTO interacts VALUES(444727203345, 1, 'Blank', 3102, 1640298, 1);
INSERT INTO interacts VALUES(444727203345, 1, 'Faker', 3135, 1669096, 1);
INSERT INTO interacts VALUES(444727203345, 1, 'Faker', 2043, 1672358, 1);
INSERT INTO interacts VALUES(444727203345, 1, 'Trick', 3156, 1728772, 1);
INSERT INTO interacts VALUES(444727203345, 1, 'Kikis', 1028, 1733014, 1);
INSERT INTO series VALUES(12646480173, 1);
INSERT INTO organizes VALUES('msi_2016', 12646480173, 'group_stage - SUP-vs-FW');
INSERT INTO competes VALUES(12646480173, 'SUP', 1);
INSERT INTO competes VALUES(12646480173, 'FW', 0);
INSERT INTO matches VALUES(12646480173, 1, '2016-05-07');
INSERT INTO scores VALUES('SUP', 12646480173, 1, 0, 4, 1, 0, 1, 0);
INSERT INTO scores VALUES('FW', 12646480173, 1, 1, 9, 2, 1, 4, 1);
INSERT INTO bans VALUES(12646480173, 1, 12, 1);
INSERT INTO bans VALUES(12646480173, 1, 13, 3);
INSERT INTO bans VALUES(12646480173, 1, 76, 5);
INSERT INTO bans VALUES(12646480173, 1, 432, 2);
INSERT INTO bans VALUES(12646480173, 1, 4, 4);
INSERT INTO bans VALUES(12646480173, 1, 203, 6);
INSERT INTO plays VALUES(12646480173, 1, 'Thaldrin', 245, 'Top', 0, 3, 3, 7918, 14, 11, 201, 8, 1, 10748);
INSERT INTO plays VALUES(12646480173, 1, 'Stomaged', 104, 'Jungle', 1, 1, 2, 11171, 30, 17, 54, 80, 18, 10752);
INSERT INTO plays VALUES(12646480173, 1, 'Naru', 268, 'Mid', 1, 4, 0, 13176, 22, 11, 296, 11, 0, 11982);
INSERT INTO plays VALUES(12646480173, 1, 'Achuu', 67, 'ADC', 0, 1, 2, 8846, 16, 12, 285, 24, 1, 12632);
INSERT INTO plays VALUES(12646480173, 1, 'Dumbledoge', 40, 'Support', 1, 1, 2, 2613, 43, 13, 17, 0, 0, 7998);
INSERT INTO plays VALUES(12646480173, 1, 'MMD', 57, 'Top', 2, 1, 5, 5438, 18, 15, 197, 26, 8, 12382);
INSERT INTO plays VALUES(12646480173, 1, 'Karsa', 64, 'Jungle', 0, 1, 7, 6197, 31, 17, 41, 58, 27, 11759);
INSERT INTO plays VALUES(12646480173, 1, 'Maple', 7, 'Mid', 5, 0, 1, 22697, 18, 7, 297, 10, 5, 14726);
INSERT INTO plays VALUES(12646480173, 1, 'NL', 18, 'ADC', 3, 1, 3, 15297, 12, 8, 334, 13, 16, 16438);
INSERT INTO plays VALUES(12646480173, 1, 'SwordArt', 201, 'Support', 0, 0, 6, 4199, 47, 14, 47, 0, 0, 9165);
INSERT INTO interacts VALUES(12646480173, 1, 'NL', 1055, 2069, 1);
INSERT INTO interacts VALUES(12646480173, 1, 'Dumbledoge', 2010, 2147, 1);
INSERT INTO interacts VALUES(12646480173, 1, 'Karsa', 1041, 2230, 1);
INSERT INTO interacts VALUES(12646480173, 1, 'NL', 2010, 2407, 1);
INSERT INTO interacts VALUES(12646480173, 1, 'Karsa', 2031, 2426, 1);
INSERT INTO interacts VALUES(12646480173, 1, 'Dumbledoge', 2010, 2460, 1);
INSERT INTO interacts VALUES(12646480173, 1, 'NL', 3340, 2621, 1);
INSERT INTO interacts VALUES(12646480173, 1, 'Karsa', 3340, 2671, 1);
INSERT INTO interacts VALUES(12646480173, 1, 'Dumbledoge', 2010, 2787, 1);
INSERT INTO interacts VALUES(12646480173, 1, 'Naru', 1056, 2932, 1);
INSERT INTO interacts VALUES(12646480173, 1, 'Stomaged', 1039, 3083, 1);
INSERT INTO interacts VALUES(12646480173, 1, 'Naru', 2010, 3147, 1);
INSERT INTO interacts VALUES(12646480173, 1, 'Dumbledoge', 3340, 3193, 1);
INSERT INTO interacts VALUES(12646480173, 1, 'SwordArt', 3340, 3249, 1);
INSERT INTO interacts VALUES(12646480173, 1, 'Naru', 2010, 3344, 1);
INSERT INTO interacts VALUES(12646480173, 1, 'SwordArt', 2010, 3539, 1);
INSERT INTO interacts VALUES(12646480173, 1, 'Naru', 3340, 3604, 1);
INSERT INTO interacts VALUES(12646480173, 1, 'SwordArt', 2010, 3720, 1);
INSERT INTO interacts VALUES(12646480173, 1, 'Achuu', 1055, 3720, 1);
INSERT INTO interacts VALUES(12646480173, 1, 'SwordArt', 2010, 3835, 1);
INSERT INTO interacts VALUES(12646480173, 1, 'Maple', 1056, 3835, 1);
INSERT INTO interacts VALUES(12646480173, 1, 'MMD', 3340, 3979, 1);
INSERT INTO interacts VALUES(12646480173, 1, 'Maple', 2003, 4066, 1);
INSERT INTO interacts VALUES(12646480173, 1, 'SwordArt', 3302, 4130, 1);
INSERT INTO interacts VALUES(12646480173, 1, 'Dumbledoge', 3303, 4130, 1);
INSERT INTO interacts VALUES(12646480173, 1, 'MMD', 1056, 4169, 1);
INSERT INTO interacts VALUES(12646480173, 1, 'Achuu', 2010, 4198, 1);
INSERT INTO interacts VALUES(12646480173, 1, 'Maple', 2003, 4258, 1);
INSERT INTO interacts VALUES(12646480173, 1, 'Stomaged', 2031, 4262, 1);
INSERT INTO interacts VALUES(12646480173, 1, 'MMD', 2003, 4392, 1);
INSERT INTO interacts VALUES(12646480173, 1, 'Maple', 3340, 4392, 1);
INSERT INTO interacts VALUES(12646480173, 1, 'Achuu', 3340, 4524, 1);
INSERT INTO interacts VALUES(12646480173, 1, 'MMD', 2003, 4561, 1);
INSERT INTO interacts VALUES(12646480173, 1, 'Stomaged', 3340, 4925, 1);
INSERT INTO interacts VALUES(12646480173, 1, 'Thaldrin', 2033, 5782, 1);
INSERT INTO interacts VALUES(12646480173, 1, 'Thaldrin', 3340, 6317, 1);
INSERT INTO interacts VALUES(12646480173, 1, 'SwordArt', 1001, 202043, 1);
INSERT INTO interacts VALUES(12646480173, 1, 'SwordArt', 2043, 203220, 1);
INSERT INTO interacts VALUES(12646480173, 1, 'NL', 1083, 206757, 1);
INSERT INTO interacts VALUES(12646480173, 1, 'NL', 2010, 207310, 1);
INSERT INTO interacts VALUES(12646480173, 1, 'NL', 2010, 207407, 1);
INSERT INTO interacts VALUES(12646480173, 1, 'Achuu', 1083, 213972, 1);
INSERT INTO interacts VALUES(12646480173, 1, 'Dumbledoge', 2043, 214551, 1);
INSERT INTO interacts VALUES(12646480173, 1, 'Achuu', 2043, 215198, 1);
INSERT INTO interacts VALUES(12646480173, 1, 'Dumbledoge', 2010, 216078, 0);
INSERT INTO interacts VALUES(12646480173, 1, 'Dumbledoge', 2010, 225400, 0);
INSERT INTO interacts VALUES(12646480173, 1, 'Dumbledoge', 1028, 226021, 1);
INSERT INTO interacts VALUES(12646480173, 1, 'Thaldrin', 1056, 239905, 1);
INSERT INTO interacts VALUES(12646480173, 1, 'Thaldrin', 2043, 240691, 1);
INSERT INTO interacts VALUES(12646480173, 1, 'Karsa', 3715, 242954, 1);
INSERT INTO interacts VALUES(12646480173, 1, 'Karsa', 2043, 243854, 1);
INSERT INTO interacts VALUES(12646480173, 1, 'Karsa', 2043, 243980, 1);
INSERT INTO interacts VALUES(12646480173, 1, 'MMD', 1001, 260416, 1);
INSERT INTO interacts VALUES(12646480173, 1, 'MMD', 1028, 261031, 1);
INSERT INTO interacts VALUES(12646480173, 1, 'MMD', 2043, 262120, 1);
INSERT INTO interacts VALUES(12646480173, 1, 'Achuu', 1042, 327738, 1);
INSERT INTO interacts VALUES(12646480173, 1, 'Achuu', 1042, 328223, 1);
INSERT INTO interacts VALUES(12646480173, 1, 'Maple', 1056, 332256, 1);
INSERT INTO interacts VALUES(12646480173, 1, 'Maple', 1026, 333748, 1);
INSERT INTO interacts VALUES(12646480173, 1, 'Maple', 2031, 335312, 1);
INSERT INTO interacts VALUES(12646480173, 1, 'Maple', 2043, 336691, 1);
INSERT INTO interacts VALUES(12646480173, 1, 'Naru', 1026, 340115, 1);
INSERT INTO interacts VALUES(12646480173, 1, 'Naru', 1033, 340491, 1);
INSERT INTO interacts VALUES(12646480173, 1, 'Naru', 2043, 342166, 1);
INSERT INTO interacts VALUES(12646480173, 1, 'Naru', 2010, 342688, 1);
INSERT INTO interacts VALUES(12646480173, 1, 'Naru', 2010, 342828, 1);
INSERT INTO interacts VALUES(12646480173, 1, 'NL', 1037, 353530, 1);
INSERT INTO interacts VALUES(12646480173, 1, 'SwordArt', 3117, 362961, 1);
INSERT INTO interacts VALUES(12646480173, 1, 'Karsa', 1036, 366385, 1);
INSERT INTO interacts VALUES(12646480173, 1, 'Dumbledoge', 2010, 366585, 1);
INSERT INTO interacts VALUES(12646480173, 1, 'Dumbledoge', 2049, 367994, 1);
INSERT INTO interacts VALUES(12646480173, 1, 'Thaldrin', 1082, 368598, 1);
INSERT INTO interacts VALUES(12646480173, 1, 'Dumbledoge', 3341, 368996, 1);
INSERT INTO interacts VALUES(12646480173, 1, 'Dumbledoge', 2043, 369709, 1);
INSERT INTO interacts VALUES(12646480173, 1, 'Thaldrin', 1001, 369709, 1);
INSERT INTO interacts VALUES(12646480173, 1, 'Karsa', 1036, 372719, 1);
INSERT INTO interacts VALUES(12646480173, 1, 'Thaldrin', 1027, 372817, 1);
INSERT INTO interacts VALUES(12646480173, 1, 'Dumbledoge', 2010, 376167, 1);
INSERT INTO interacts VALUES(12646480173, 1, 'Stomaged', 3711, 386590, 1);
INSERT INTO interacts VALUES(12646480173, 1, 'Stomaged', 3009, 389506, 1);
INSERT INTO interacts VALUES(12646480173, 1, 'Stomaged', 2043, 390672, 1);
INSERT INTO interacts VALUES(12646480173, 1, 'SwordArt', 2043, 418458, 1);
INSERT INTO interacts VALUES(12646480173, 1, 'NL', 1001, 421913, 1);
INSERT INTO interacts VALUES(12646480173, 1, 'Naru', 1057, 476587, 1);
INSERT INTO interacts VALUES(12646480173, 1, 'Naru', 1056, 477706, 1);
INSERT INTO interacts VALUES(12646480173, 1, 'Naru', 2010, 481721, 1);
INSERT INTO interacts VALUES(12646480173, 1, 'Achuu', 1043, 502775, 1);
INSERT INTO interacts VALUES(12646480173, 1, 'Achuu', 1001, 503553, 1);
INSERT INTO interacts VALUES(12646480173, 1, 'Achuu', 1036, 505199, 1);
INSERT INTO interacts VALUES(12646480173, 1, 'Dumbledoge', 1001, 506770, 1);
INSERT INTO interacts VALUES(12646480173, 1, 'MMD', 3751, 513779, 1);
INSERT INTO interacts VALUES(12646480173, 1, 'MMD', 1028, 514179, 1);
INSERT INTO interacts VALUES(12646480173, 1, 'Stomaged', 1036, 562499, 1);
INSERT INTO interacts VALUES(12646480173, 1, 'Stomaged', 1036, 562795, 1);
INSERT INTO interacts VALUES(12646480173, 1, 'Maple', 1057, 569126, 1);
INSERT INTO interacts VALUES(12646480173, 1, 'Maple', 1001, 570431, 1);
INSERT INTO interacts VALUES(12646480173, 1, 'Thaldrin', 3057, 578313, 1);
INSERT INTO interacts VALUES(12646480173, 1, 'Thaldrin', 1028, 579406, 1);
INSERT INTO interacts VALUES(12646480173, 1, 'Karsa', 1412, 598912, 1);
INSERT INTO interacts VALUES(12646480173, 1, 'Karsa', 2043, 599796, 1);
INSERT INTO interacts VALUES(12646480173, 1, 'Karsa', 2043, 599927, 1);
INSERT INTO interacts VALUES(12646480173, 1, 'SwordArt', 1028, 606240, 1);
INSERT INTO interacts VALUES(12646480173, 1, 'NL', 1038, 607122, 1);
INSERT INTO interacts VALUES(12646480173, 1, 'SwordArt', 2043, 607350, 1);
INSERT INTO interacts VALUES(12646480173, 1, 'SwordArt', 2010, 607594, 1);
INSERT INTO interacts VALUES(12646480173, 1, 'SwordArt', 2010, 610930, 1);
INSERT INTO interacts VALUES(12646480173, 1, 'MMD', 1031, 631302, 1);
INSERT INTO interacts VALUES(12646480173, 1, 'Naru', 3001, 632970, 1);
INSERT INTO interacts VALUES(12646480173, 1, 'Naru', 2010, 634236, 1);
INSERT INTO interacts VALUES(12646480173, 1, 'Naru', 2010, 634432, 1);
INSERT INTO interacts VALUES(12646480173, 1, 'Naru', 2010, 639332, 1);
INSERT INTO interacts VALUES(12646480173, 1, 'Maple', 3001, 663566, 1);
INSERT INTO interacts VALUES(12646480173, 1, 'Karsa', 3009, 740717, 1);
INSERT INTO interacts VALUES(12646480173, 1, 'Karsa', 2043, 741695, 1);
INSERT INTO interacts VALUES(12646480173, 1, 'Karsa', 2043, 741872, 1);
INSERT INTO interacts VALUES(12646480173, 1, 'SwordArt', 3341, 742314, 1);
INSERT INTO interacts VALUES(12646480173, 1, 'SwordArt', 2049, 742767, 1);
INSERT INTO interacts VALUES(12646480173, 1, 'NL', 2010, 743698, 0);
INSERT INTO interacts VALUES(12646480173, 1, 'SwordArt', 2043, 743813, 1);
INSERT INTO interacts VALUES(12646480173, 1, 'NL', 2010, 743813, 0);
INSERT INTO interacts VALUES(12646480173, 1, 'SwordArt', 2043, 743964, 1);
INSERT INTO interacts VALUES(12646480173, 1, 'NL', 3086, 745537, 1);
INSERT INTO interacts VALUES(12646480173, 1, 'MMD', 3068, 755602, 1);
INSERT INTO interacts VALUES(12646480173, 1, 'Stomaged', 1408, 756516, 1);
INSERT INTO interacts VALUES(12646480173, 1, 'Stomaged', 2043, 757039, 1);
INSERT INTO interacts VALUES(12646480173, 1, 'Achuu', 3153, 760332, 1);
INSERT INTO interacts VALUES(12646480173, 1, 'Dumbledoge', 3158, 762348, 1);
INSERT INTO interacts VALUES(12646480173, 1, 'Dumbledoge', 1082, 765167, 1);
INSERT INTO interacts VALUES(12646480173, 1, 'Thaldrin', 3751, 785302, 1);
INSERT INTO interacts VALUES(12646480173, 1, 'Naru', 3108, 812954, 1);
INSERT INTO interacts VALUES(12646480173, 1, 'Naru', 1001, 813886, 1);
INSERT INTO interacts VALUES(12646480173, 1, 'Naru', 1042, 817277, 1);
INSERT INTO interacts VALUES(12646480173, 1, 'Naru', 1042, 817441, 1);
INSERT INTO interacts VALUES(12646480173, 1, 'Naru', 1001, 819748, 1);
INSERT INTO interacts VALUES(12646480173, 1, 'Naru', 3363, 834122, 1);
INSERT INTO interacts VALUES(12646480173, 1, 'Dumbledoge', 2043, 837967, 1);
INSERT INTO interacts VALUES(12646480173, 1, 'Dumbledoge', 2010, 838489, 1);
INSERT INTO interacts VALUES(12646480173, 1, 'Maple', 3108, 839107, 1);
INSERT INTO interacts VALUES(12646480173, 1, 'Maple', 3158, 840133, 1);
INSERT INTO interacts VALUES(12646480173, 1, 'Karsa', 1028, 848350, 1);
INSERT INTO interacts VALUES(12646480173, 1, 'MMD', 3111, 860692, 1);
INSERT INTO interacts VALUES(12646480173, 1, 'NL', 3031, 873646, 1);
INSERT INTO interacts VALUES(12646480173, 1, 'NL', 1042, 874075, 1);
INSERT INTO interacts VALUES(12646480173, 1, 'NL', 3363, 874528, 1);
INSERT INTO interacts VALUES(12646480173, 1, 'SwordArt', 3097, 884621, 1);
INSERT INTO interacts VALUES(12646480173, 1, 'SwordArt', 2043, 887589, 1);
INSERT INTO interacts VALUES(12646480173, 1, 'SwordArt', 2010, 887965, 1);
INSERT INTO interacts VALUES(12646480173, 1, 'SwordArt', 2010, 888109, 1);
INSERT INTO interacts VALUES(12646480173, 1, 'Naru', 3101, 895936, 1);
INSERT INTO interacts VALUES(12646480173, 1, 'Naru', 2010, 897241, 1);
INSERT INTO interacts VALUES(12646480173, 1, 'Karsa', 2049, 897501, 1);
INSERT INTO interacts VALUES(12646480173, 1, 'Karsa', 3364, 898380, 1);
INSERT INTO interacts VALUES(12646480173, 1, 'MMD', 1323, 901389, 1);
INSERT INTO interacts VALUES(12646480173, 1, 'Achuu', 3006, 916704, 1);
INSERT INTO interacts VALUES(12646480173, 1, 'Achuu', 1042, 917570, 1);
INSERT INTO interacts VALUES(12646480173, 1, 'Achuu', 3363, 918674, 1);
INSERT INTO interacts VALUES(12646480173, 1, 'Naru', 2031, 965287, 1);
INSERT INTO interacts VALUES(12646480173, 1, 'NL', 3087, 1015269, 1);
INSERT INTO interacts VALUES(12646480173, 1, 'NL', 2043, 1016560, 1);
INSERT INTO interacts VALUES(12646480173, 1, 'MMD', 3211, 1016899, 1);
INSERT INTO interacts VALUES(12646480173, 1, 'SwordArt', 2303, 1017613, 1);
INSERT INTO interacts VALUES(12646480173, 1, 'MMD', 2043, 1022490, 1);
INSERT INTO interacts VALUES(12646480173, 1, 'SwordArt', 1028, 1023470, 1);
INSERT INTO interacts VALUES(12646480173, 1, 'Stomaged', 3155, 1038481, 1);
INSERT INTO interacts VALUES(12646480173, 1, 'Stomaged', 2043, 1040288, 1);
INSERT INTO interacts VALUES(12646480173, 1, 'Stomaged', 3364, 1040762, 1);
INSERT INTO interacts VALUES(12646480173, 1, 'Thaldrin', 3068, 1054636, 1);
INSERT INTO interacts VALUES(12646480173, 1, 'Thaldrin', 3363, 1056488, 1);
INSERT INTO interacts VALUES(12646480173, 1, 'Dumbledoge', 1033, 1057138, 1);
INSERT INTO interacts VALUES(12646480173, 1, 'Karsa', 1011, 1058470, 1);
INSERT INTO interacts VALUES(12646480173, 1, 'Karsa', 1029, 1058826, 1);
INSERT INTO interacts VALUES(12646480173, 1, 'Karsa', 2031, 1059652, 0);
INSERT INTO interacts VALUES(12646480173, 1, 'Dumbledoge', 2010, 1060267, 0);
INSERT INTO interacts VALUES(12646480173, 1, 'Dumbledoge', 2043, 1061341, 1);
INSERT INTO interacts VALUES(12646480173, 1, 'Karsa', 2043, 1061406, 1);
INSERT INTO interacts VALUES(12646480173, 1, 'Maple', 3165, 1077862, 1);
INSERT INTO interacts VALUES(12646480173, 1, 'MMD', 1028, 1078318, 1);
INSERT INTO interacts VALUES(12646480173, 1, 'Achuu', 3086, 1079001, 1);
INSERT INTO interacts VALUES(12646480173, 1, 'Maple', 2031, 1079226, 0);
INSERT INTO interacts VALUES(12646480173, 1, 'Achuu', 2010, 1080617, 0);
INSERT INTO interacts VALUES(12646480173, 1, 'Maple', 2043, 1081202, 1);
INSERT INTO interacts VALUES(12646480173, 1, 'Achuu', 2043, 1081463, 1);
INSERT INTO interacts VALUES(12646480173, 1, 'Maple', 3363, 1081463, 1);
INSERT INTO interacts VALUES(12646480173, 1, 'Naru', 1056, 1122849, 0);
INSERT INTO interacts VALUES(12646480173, 1, 'Naru', 3108, 1123939, 1);
INSERT INTO interacts VALUES(12646480173, 1, 'Maple', 1026, 1131726, 1);
INSERT INTO interacts VALUES(12646480173, 1, 'MMD', 3067, 1145271, 1);
INSERT INTO interacts VALUES(12646480173, 1, 'Karsa', 1031, 1166489, 1);
INSERT INTO interacts VALUES(12646480173, 1, 'Dumbledoge', 3801, 1170011, 1);
INSERT INTO interacts VALUES(12646480173, 1, 'NL', 3006, 1222815, 1);
INSERT INTO interacts VALUES(12646480173, 1, 'SwordArt', 1033, 1222815, 1);
INSERT INTO interacts VALUES(12646480173, 1, 'SwordArt', 3801, 1223154, 1);
INSERT INTO interacts VALUES(12646480173, 1, 'SwordArt', 2043, 1224196, 1);
INSERT INTO interacts VALUES(12646480173, 1, 'SwordArt', 3364, 1224462, 1);
INSERT INTO interacts VALUES(12646480173, 1, 'NL', 2043, 1226492, 0);
INSERT INTO interacts VALUES(12646480173, 1, 'NL', 1053, 1228305, 1);
INSERT INTO interacts VALUES(12646480173, 1, 'Thaldrin', 3111, 1256350, 1);
INSERT INTO interacts VALUES(12646480173, 1, 'Naru', 3115, 1270075, 1);
INSERT INTO interacts VALUES(12646480173, 1, 'Naru', 2043, 1270856, 1);
INSERT INTO interacts VALUES(12646480173, 1, 'Naru', 2043, 1271018, 1);
INSERT INTO interacts VALUES(12646480173, 1, 'MMD', 3065, 1287972, 1);
INSERT INTO interacts VALUES(12646480173, 1, 'Stomaged', 2031, 1296736, 0);
INSERT INTO interacts VALUES(12646480173, 1, 'Stomaged', 3086, 1299859, 1);
INSERT INTO interacts VALUES(12646480173, 1, 'Dumbledoge', 3105, 1305952, 1);
INSERT INTO interacts VALUES(12646480173, 1, 'Dumbledoge', 2043, 1306475, 1);
INSERT INTO interacts VALUES(12646480173, 1, 'Achuu', 3094, 1333427, 1);
INSERT INTO interacts VALUES(12646480173, 1, 'Karsa', 2043, 1350752, 1);
INSERT INTO interacts VALUES(12646480173, 1, 'Karsa', 2043, 1350915, 1);
INSERT INTO interacts VALUES(12646480173, 1, 'MMD', 1027, 1361400, 1);
INSERT INTO interacts VALUES(12646480173, 1, 'NL', 1083, 1384595, 0);
INSERT INTO interacts VALUES(12646480173, 1, 'NL', 1038, 1385246, 1);
INSERT INTO interacts VALUES(12646480173, 1, 'Stomaged', 3134, 1414703, 1);
INSERT INTO interacts VALUES(12646480173, 1, 'Maple', 1056, 1416565, 0);
INSERT INTO interacts VALUES(12646480173, 1, 'Maple', 1058, 1417284, 1);
INSERT INTO interacts VALUES(12646480173, 1, 'SwordArt', 3105, 1419999, 1);
INSERT INTO interacts VALUES(12646480173, 1, 'SwordArt', 2043, 1422340, 1);
INSERT INTO interacts VALUES(12646480173, 1, 'SwordArt', 2043, 1422516, 1);
INSERT INTO interacts VALUES(12646480173, 1, 'SwordArt', 2010, 1423850, 1);
INSERT INTO interacts VALUES(12646480173, 1, 'Dumbledoge', 3364, 1424427, 1);
INSERT INTO interacts VALUES(12646480173, 1, 'Dumbledoge', 2043, 1425184, 1);
INSERT INTO interacts VALUES(12646480173, 1, 'Dumbledoge', 3190, 1426977, 1);
INSERT INTO interacts VALUES(12646480173, 1, 'Thaldrin', 1056, 1432743, 0);
INSERT INTO interacts VALUES(12646480173, 1, 'Thaldrin', 3024, 1434676, 1);
INSERT INTO interacts VALUES(12646480173, 1, 'Achuu', 1033, 1440839, 1);
INSERT INTO interacts VALUES(12646480173, 1, 'Thaldrin', 3025, 1451705, 1);
INSERT INTO interacts VALUES(12646480173, 1, 'Karsa', 3742, 1526865, 1);
INSERT INTO interacts VALUES(12646480173, 1, 'Achuu', 3140, 1527158, 1);
INSERT INTO interacts VALUES(12646480173, 1, 'Karsa', 2003, 1527905, 1);
INSERT INTO interacts VALUES(12646480173, 1, 'Karsa', 2003, 1528071, 1);
INSERT INTO interacts VALUES(12646480173, 1, 'SwordArt', 1028, 1535115, 1);
INSERT INTO interacts VALUES(12646480173, 1, 'SwordArt', 2043, 1536107, 1);
INSERT INTO interacts VALUES(12646480173, 1, 'Dumbledoge', 3098, 1542284, 1);
INSERT INTO interacts VALUES(12646480173, 1, 'MMD', 3024, 1551751, 1);
INSERT INTO interacts VALUES(12646480173, 1, 'MMD', 2043, 1552712, 1);
INSERT INTO interacts VALUES(12646480173, 1, 'Stomaged', 3156, 1562674, 1);
INSERT INTO interacts VALUES(12646480173, 1, 'Maple', 3089, 1564387, 1);
INSERT INTO interacts VALUES(12646480173, 1, 'Naru', 1058, 1565966, 1);
INSERT INTO interacts VALUES(12646480173, 1, 'Naru', 2031, 1570577, 0);
INSERT INTO interacts VALUES(12646480173, 1, 'Naru', 3020, 1571128, 1);
INSERT INTO interacts VALUES(12646480173, 1, 'Thaldrin', 1033, 1584830, 1);
INSERT INTO interacts VALUES(12646480173, 1, 'NL', 3072, 1603891, 1);
INSERT INTO interacts VALUES(12646480173, 1, 'Maple', 2043, 1651980, 1);
INSERT INTO interacts VALUES(12646480173, 1, 'Dumbledoge', 2043, 1680848, 1);
INSERT INTO interacts VALUES(12646480173, 1, 'Stomaged', 2043, 1681924, 1);
INSERT INTO interacts VALUES(12646480173, 1, 'Stomaged', 2043, 1682185, 1);
INSERT INTO interacts VALUES(12646480173, 1, 'Stomaged', 1306, 1683712, 1);
INSERT INTO interacts VALUES(12646480173, 1, 'Thaldrin', 3211, 1687954, 1);
INSERT INTO interacts VALUES(12646480173, 1, 'Maple', 1026, 1724115, 1);
INSERT INTO interacts VALUES(12646480173, 1, 'MMD', 3082, 1724736, 1);
INSERT INTO interacts VALUES(12646480173, 1, 'SwordArt', 3190, 1726501, 1);
INSERT INTO interacts VALUES(12646480173, 1, 'SwordArt', 1029, 1728414, 1);
INSERT INTO interacts VALUES(12646480173, 1, 'SwordArt', 2043, 1728707, 1);
INSERT INTO interacts VALUES(12646480173, 1, 'SwordArt', 2043, 1728912, 1);
INSERT INTO interacts VALUES(12646480173, 1, 'Dumbledoge', 2301, 1736633, 1);
INSERT INTO interacts VALUES(12646480173, 1, 'Karsa', 3211, 1737768, 1);
INSERT INTO interacts VALUES(12646480173, 1, 'Karsa', 2043, 1738660, 1);
INSERT INTO interacts VALUES(12646480173, 1, 'Karsa', 2043, 1738786, 1);
INSERT INTO interacts VALUES(12646480173, 1, 'Dumbledoge', 2010, 1740405, 1);
INSERT INTO interacts VALUES(12646480173, 1, 'Achuu', 1083, 1749965, 0);
INSERT INTO interacts VALUES(12646480173, 1, 'Achuu', 1038, 1752305, 1);
INSERT INTO interacts VALUES(12646480173, 1, 'Thaldrin', 1082, 1752569, 0);
INSERT INTO interacts VALUES(12646480173, 1, 'Thaldrin', 3067, 1754234, 1);
INSERT INTO interacts VALUES(12646480173, 1, 'Naru', 1011, 1810202, 1);
INSERT INTO interacts VALUES(12646480173, 1, 'Dumbledoge', 3114, 1876764, 1);
INSERT INTO interacts VALUES(12646480173, 1, 'SwordArt', 3024, 1882073, 1);
INSERT INTO interacts VALUES(12646480173, 1, 'Maple', 2139, 1883902, 1);
INSERT INTO interacts VALUES(12646480173, 1, 'SwordArt', 2043, 1885307, 1);
INSERT INTO interacts VALUES(12646480173, 1, 'Naru', 3116, 1890221, 1);
INSERT INTO interacts VALUES(12646480173, 1, 'Naru', 2043, 1891248, 1);
INSERT INTO interacts VALUES(12646480173, 1, 'Naru', 2043, 1891393, 1);
INSERT INTO interacts VALUES(12646480173, 1, 'MMD', 3110, 1893594, 1);
INSERT INTO interacts VALUES(12646480173, 1, 'MMD', 2043, 1894152, 1);
INSERT INTO interacts VALUES(12646480173, 1, 'MMD', 2043, 1894280, 1);
INSERT INTO interacts VALUES(12646480173, 1, 'Stomaged', 3046, 1900948, 1);
INSERT INTO interacts VALUES(12646480173, 1, 'Karsa', 3067, 1903903, 1);
INSERT INTO interacts VALUES(12646480173, 1, 'NL', 3085, 1904429, 1);
INSERT INTO interacts VALUES(12646480173, 1, 'Stomaged', 2043, 1905943, 1);
INSERT INTO interacts VALUES(12646480173, 1, 'Thaldrin', 3065, 1946854, 1);
INSERT INTO interacts VALUES(12646480173, 1, 'Dumbledoge', 2043, 1988673, 1);
INSERT INTO interacts VALUES(12646480173, 1, 'Stomaged', 2043, 2000501, 1);
INSERT INTO interacts VALUES(12646480173, 1, 'Naru', 1052, 2041341, 1);
INSERT INTO interacts VALUES(12646480173, 1, 'Thaldrin', 1029, 2045778, 1);
INSERT INTO series VALUES(191647842265, 1);
INSERT INTO organizes VALUES('msi_2016', 191647842265, 'group_stage - G2-vs-CLG');
INSERT INTO competes VALUES(191647842265, 'G2', 1);
INSERT INTO competes VALUES(191647842265, 'CLG', 0);
INSERT INTO matches VALUES(191647842265, 1, '2016-05-08');
INSERT INTO scores VALUES('G2', 191647842265, 1, 0, 1, 0, 0, 0, 0);
INSERT INTO scores VALUES('CLG', 191647842265, 1, 1, 8, 0, 1, 2, 1);
INSERT INTO bans VALUES(191647842265, 1, 16, 1);
INSERT INTO bans VALUES(191647842265, 1, 51, 3);
INSERT INTO bans VALUES(191647842265, 1, 78, 5);
INSERT INTO bans VALUES(191647842265, 1, 76, 2);
INSERT INTO bans VALUES(191647842265, 1, 238, 4);
INSERT INTO bans VALUES(191647842265, 1, 48, 6);
INSERT INTO plays VALUES(191647842265, 1, 'Kikis', 245, 'Top', 0, 5, 2, 7351, 9, 2, 158, 0, 0, 6900);
INSERT INTO plays VALUES(191647842265, 1, 'Trick', 203, 'Jungle', 2, 3, 2, 7845, 18, 9, 18, 76, 6, 7806);
INSERT INTO plays VALUES(191647842265, 1, 'Perkz', 7, 'Mid', 3, 1, 1, 12434, 10, 4, 180, 6, 0, 8398);
INSERT INTO plays VALUES(191647842265, 1, 'Emperor', 429, 'ADC', 2, 3, 2, 6544, 9, 5, 181, 9, 0, 8142);
INSERT INTO plays VALUES(191647842265, 1, 'Hybrid', 432, 'Support', 1, 3, 6, 4665, 17, 2, 7, 0, 0, 5522);
INSERT INTO plays VALUES(191647842265, 1, 'Darshan', 57, 'Top', 5, 0, 5, 8613, 11, 2, 148, 0, 0, 9720);
INSERT INTO plays VALUES(191647842265, 1, 'Xmithie', 104, 'Jungle', 6, 1, 5, 10792, 15, 6, 31, 71, 8, 10343);
INSERT INTO plays VALUES(191647842265, 1, 'Huhi', 13, 'Mid', 0, 3, 7, 6520, 14, 3, 168, 11, 1, 8857);
INSERT INTO plays VALUES(191647842265, 1, 'Stixxay', 236, 'ADC', 3, 2, 10, 13915, 11, 7, 206, 1, 0, 10378);
INSERT INTO plays VALUES(191647842265, 1, 'aphromoo', 201, 'Support', 1, 2, 11, 5712, 19, 4, 29, 0, 0, 6984);
INSERT INTO interacts VALUES(191647842265, 1, 'aphromoo', 3340, 1394, 1);
INSERT INTO interacts VALUES(191647842265, 1, 'Perkz', 1056, 1691, 1);
INSERT INTO interacts VALUES(191647842265, 1, 'Darshan', 3340, 1787, 1);
INSERT INTO interacts VALUES(191647842265, 1, 'aphromoo', 3302, 1787, 1);
INSERT INTO interacts VALUES(191647842265, 1, 'Hybrid', 3303, 1829, 1);
INSERT INTO interacts VALUES(191647842265, 1, 'Xmithie', 3340, 1852, 1);
INSERT INTO interacts VALUES(191647842265, 1, 'Stixxay', 3340, 1917, 1);
INSERT INTO interacts VALUES(191647842265, 1, 'Perkz', 2010, 1917, 1);
INSERT INTO interacts VALUES(191647842265, 1, 'aphromoo', 2010, 1950, 1);
INSERT INTO interacts VALUES(191647842265, 1, 'Hybrid', 2010, 2092, 1);
INSERT INTO interacts VALUES(191647842265, 1, 'Emperor', 1055, 2092, 1);
INSERT INTO interacts VALUES(191647842265, 1, 'aphromoo', 2010, 2092, 1);
INSERT INTO interacts VALUES(191647842265, 1, 'Stixxay', 2010, 2113, 1);
INSERT INTO interacts VALUES(191647842265, 1, 'Darshan', 1056, 2113, 1);
INSERT INTO interacts VALUES(191647842265, 1, 'aphromoo', 2010, 2148, 1);
INSERT INTO interacts VALUES(191647842265, 1, 'Hybrid', 2010, 2212, 1);
INSERT INTO interacts VALUES(191647842265, 1, 'Perkz', 2010, 2244, 1);
INSERT INTO interacts VALUES(191647842265, 1, 'Stixxay', 1055, 2308, 1);
INSERT INTO interacts VALUES(191647842265, 1, 'Darshan', 2003, 2308, 1);
INSERT INTO interacts VALUES(191647842265, 1, 'Emperor', 2010, 2308, 1);
INSERT INTO interacts VALUES(191647842265, 1, 'Hybrid', 2010, 2376, 1);
INSERT INTO interacts VALUES(191647842265, 1, 'Darshan', 2003, 2471, 1);
INSERT INTO interacts VALUES(191647842265, 1, 'Emperor', 3340, 2504, 1);
INSERT INTO interacts VALUES(191647842265, 1, 'Perkz', 3340, 2611, 1);
INSERT INTO interacts VALUES(191647842265, 1, 'Hybrid', 3340, 2633, 1);
INSERT INTO interacts VALUES(191647842265, 1, 'Kikis', 2033, 3066, 1);
INSERT INTO interacts VALUES(191647842265, 1, 'Kikis', 3340, 3521, 1);
INSERT INTO interacts VALUES(191647842265, 1, 'Trick', 1039, 3555, 1);
INSERT INTO interacts VALUES(191647842265, 1, 'Trick', 2031, 3716, 1);
INSERT INTO interacts VALUES(191647842265, 1, 'Xmithie', 1039, 3814, 1);
INSERT INTO interacts VALUES(191647842265, 1, 'Huhi', 1027, 3975, 1);
INSERT INTO interacts VALUES(191647842265, 1, 'Trick', 3340, 4072, 1);
INSERT INTO interacts VALUES(191647842265, 1, 'Xmithie', 2031, 4168, 1);
INSERT INTO interacts VALUES(191647842265, 1, 'Huhi', 2010, 4365, 1);
INSERT INTO interacts VALUES(191647842265, 1, 'Huhi', 2010, 4463, 1);
INSERT INTO interacts VALUES(191647842265, 1, 'Huhi', 2010, 4593, 1);
INSERT INTO interacts VALUES(191647842265, 1, 'Huhi', 3340, 5017, 1);
INSERT INTO interacts VALUES(191647842265, 1, 'Huhi', 3070, 189576, 1);
INSERT INTO interacts VALUES(191647842265, 1, 'Huhi', 2010, 196132, 1);
INSERT INTO interacts VALUES(191647842265, 1, 'Trick', 3711, 216598, 1);
INSERT INTO interacts VALUES(191647842265, 1, 'Perkz', 1056, 248248, 1);
INSERT INTO interacts VALUES(191647842265, 1, 'Perkz', 2043, 248933, 1);
INSERT INTO interacts VALUES(191647842265, 1, 'Huhi', 1027, 272670, 1);
INSERT INTO interacts VALUES(191647842265, 1, 'Xmithie', 3711, 289015, 1);
INSERT INTO interacts VALUES(191647842265, 1, 'Xmithie', 2032, 292889, 1);
INSERT INTO interacts VALUES(191647842265, 1, 'Emperor', 1043, 317604, 1);
INSERT INTO interacts VALUES(191647842265, 1, 'Emperor', 2010, 319004, 1);
INSERT INTO interacts VALUES(191647842265, 1, 'Hybrid', 2043, 319179, 1);
INSERT INTO interacts VALUES(191647842265, 1, 'Emperor', 2043, 319525, 1);
INSERT INTO interacts VALUES(191647842265, 1, 'Hybrid', 2010, 319531, 1);
INSERT INTO interacts VALUES(191647842265, 1, 'Hybrid', 2010, 319680, 1);
INSERT INTO interacts VALUES(191647842265, 1, 'Hybrid', 1028, 320266, 1);
INSERT INTO interacts VALUES(191647842265, 1, 'Kikis', 3211, 338090, 1);
INSERT INTO interacts VALUES(191647842265, 1, 'Kikis', 2043, 339808, 1);
INSERT INTO interacts VALUES(191647842265, 1, 'aphromoo', 1028, 341510, 1);
INSERT INTO interacts VALUES(191647842265, 1, 'aphromoo', 2043, 342882, 1);
INSERT INTO interacts VALUES(191647842265, 1, 'Stixxay', 1038, 343009, 1);
INSERT INTO interacts VALUES(191647842265, 1, 'aphromoo', 2010, 343188, 1);
INSERT INTO interacts VALUES(191647842265, 1, 'aphromoo', 2010, 343275, 1);
INSERT INTO interacts VALUES(191647842265, 1, 'Stixxay', 2043, 343897, 1);
INSERT INTO interacts VALUES(191647842265, 1, 'Stixxay', 2010, 344125, 1);
INSERT INTO interacts VALUES(191647842265, 1, 'Darshan', 3211, 351123, 1);
INSERT INTO interacts VALUES(191647842265, 1, 'Trick', 1042, 379815, 1);
INSERT INTO interacts VALUES(191647842265, 1, 'Trick', 1042, 379921, 1);
INSERT INTO interacts VALUES(191647842265, 1, 'Trick', 2043, 380904, 1);
INSERT INTO interacts VALUES(191647842265, 1, 'Huhi', 1028, 382803, 1);
INSERT INTO interacts VALUES(191647842265, 1, 'Perkz', 1026, 417002, 1);
INSERT INTO interacts VALUES(191647842265, 1, 'Perkz', 1033, 418111, 1);
INSERT INTO interacts VALUES(191647842265, 1, 'Perkz', 2043, 420116, 1);
INSERT INTO interacts VALUES(191647842265, 1, 'Huhi', 3010, 489801, 1);
INSERT INTO interacts VALUES(191647842265, 1, 'Hybrid', 2049, 497891, 1);
INSERT INTO interacts VALUES(191647842265, 1, 'Hybrid', 2043, 498297, 1);
INSERT INTO interacts VALUES(191647842265, 1, 'Hybrid', 2010, 499110, 1);
INSERT INTO interacts VALUES(191647842265, 1, 'Hybrid', 3341, 499471, 1);
INSERT INTO interacts VALUES(191647842265, 1, 'Darshan', 3067, 504742, 1);
INSERT INTO interacts VALUES(191647842265, 1, 'Emperor', 1053, 505628, 1);
INSERT INTO interacts VALUES(191647842265, 1, 'Huhi', 2043, 505995, 1);
INSERT INTO interacts VALUES(191647842265, 1, 'Darshan', 1001, 506041, 1);
INSERT INTO interacts VALUES(191647842265, 1, 'Huhi', 2010, 506176, 1);
INSERT INTO interacts VALUES(191647842265, 1, 'Huhi', 2010, 506344, 1);
INSERT INTO interacts VALUES(191647842265, 1, 'Emperor', 1001, 506668, 1);
INSERT INTO interacts VALUES(191647842265, 1, 'Darshan', 2043, 506960, 1);
INSERT INTO interacts VALUES(191647842265, 1, 'Darshan', 2003, 508555, 1);
INSERT INTO interacts VALUES(191647842265, 1, 'Kikis', 1027, 518856, 1);
INSERT INTO interacts VALUES(191647842265, 1, 'Kikis', 1082, 519741, 1);
INSERT INTO interacts VALUES(191647842265, 1, 'Kikis', 2043, 522582, 1);
INSERT INTO interacts VALUES(191647842265, 1, 'Stixxay', 3133, 550347, 1);
INSERT INTO interacts VALUES(191647842265, 1, 'Stixxay', 2010, 551227, 1);
INSERT INTO interacts VALUES(191647842265, 1, 'Perkz', 3001, 559936, 1);
INSERT INTO interacts VALUES(191647842265, 1, 'Perkz', 2043, 562752, 0);
INSERT INTO interacts VALUES(191647842265, 1, 'Perkz', 2010, 563937, 1);
INSERT INTO interacts VALUES(191647842265, 1, 'Trick', 1411, 573980, 1);
INSERT INTO interacts VALUES(191647842265, 1, 'Xmithie', 1408, 576016, 1);
INSERT INTO interacts VALUES(191647842265, 1, 'Darshan', 3065, 670011, 1);
INSERT INTO interacts VALUES(191647842265, 1, 'Hybrid', 1028, 673799, 1);
INSERT INTO interacts VALUES(191647842265, 1, 'Hybrid', 2043, 675650, 1);
INSERT INTO interacts VALUES(191647842265, 1, 'Emperor', 3144, 697725, 1);
INSERT INTO interacts VALUES(191647842265, 1, 'Kikis', 3057, 700040, 1);
INSERT INTO interacts VALUES(191647842265, 1, 'Emperor', 2010, 700854, 0);
INSERT INTO interacts VALUES(191647842265, 1, 'Emperor', 1042, 701993, 1);
INSERT INTO interacts VALUES(191647842265, 1, 'Kikis', 1001, 702290, 1);
INSERT INTO interacts VALUES(191647842265, 1, 'Kikis', 2043, 702880, 1);
INSERT INTO interacts VALUES(191647842265, 1, 'Huhi', 1026, 727398, 1);
INSERT INTO interacts VALUES(191647842265, 1, 'Huhi', 1001, 728670, 1);
INSERT INTO interacts VALUES(191647842265, 1, 'Huhi', 2010, 729062, 1);
INSERT INTO interacts VALUES(191647842265, 1, 'Stixxay', 3508, 733200, 1);
INSERT INTO interacts VALUES(191647842265, 1, 'Stixxay', 1001, 734044, 1);
INSERT INTO interacts VALUES(191647842265, 1, 'Stixxay', 1042, 734368, 1);
INSERT INTO interacts VALUES(191647842265, 1, 'Stixxay', 2010, 734985, 1);
INSERT INTO interacts VALUES(191647842265, 1, 'aphromoo', 2049, 735408, 1);
INSERT INTO interacts VALUES(191647842265, 1, 'Trick', 3009, 746448, 1);
INSERT INTO interacts VALUES(191647842265, 1, 'Trick', 1042, 747784, 1);
INSERT INTO interacts VALUES(191647842265, 1, 'aphromoo', 3009, 750296, 1);
INSERT INTO interacts VALUES(191647842265, 1, 'Perkz', 3108, 751138, 1);
INSERT INTO interacts VALUES(191647842265, 1, 'Perkz', 1001, 752358, 1);
INSERT INTO interacts VALUES(191647842265, 1, 'aphromoo', 3097, 752555, 1);
INSERT INTO interacts VALUES(191647842265, 1, 'aphromoo', 2043, 753373, 1);
INSERT INTO interacts VALUES(191647842265, 1, 'aphromoo', 3341, 754314, 1);
INSERT INTO interacts VALUES(191647842265, 1, 'Perkz', 3363, 755097, 1);
INSERT INTO interacts VALUES(191647842265, 1, 'Perkz', 2010, 755567, 1);
INSERT INTO interacts VALUES(191647842265, 1, 'Darshan', 3009, 758841, 1);
INSERT INTO interacts VALUES(191647842265, 1, 'Xmithie', 3009, 798468, 1);
INSERT INTO interacts VALUES(191647842265, 1, 'Xmithie', 2043, 799119, 1);
INSERT INTO interacts VALUES(191647842265, 1, 'Xmithie', 3364, 799508, 1);
INSERT INTO interacts VALUES(191647842265, 1, 'Xmithie', 1036, 876299, 1);
INSERT INTO interacts VALUES(191647842265, 1, 'Emperor', 3153, 889946, 1);
INSERT INTO interacts VALUES(191647842265, 1, 'Emperor', 1042, 890700, 1);
INSERT INTO interacts VALUES(191647842265, 1, 'Emperor', 3363, 891382, 1);
INSERT INTO interacts VALUES(191647842265, 1, 'Emperor', 2010, 891771, 1);
INSERT INTO interacts VALUES(191647842265, 1, 'Huhi', 3027, 911023, 1);
INSERT INTO interacts VALUES(191647842265, 1, 'Huhi', 3363, 912311, 1);
INSERT INTO interacts VALUES(191647842265, 1, 'Huhi', 2010, 912517, 1);
INSERT INTO interacts VALUES(191647842265, 1, 'Hybrid', 1001, 923654, 1);
INSERT INTO interacts VALUES(191647842265, 1, 'Hybrid', 3364, 924009, 1);
INSERT INTO interacts VALUES(191647842265, 1, 'Perkz', 3020, 925119, 1);
INSERT INTO interacts VALUES(191647842265, 1, 'Hybrid', 3098, 925622, 1);
INSERT INTO interacts VALUES(191647842265, 1, 'Perkz', 2010, 926296, 1);
INSERT INTO interacts VALUES(191647842265, 1, 'Trick', 3155, 926516, 1);
INSERT INTO interacts VALUES(191647842265, 1, 'Stixxay', 3006, 926550, 1);
INSERT INTO interacts VALUES(191647842265, 1, 'Hybrid', 1033, 926941, 1);
INSERT INTO interacts VALUES(191647842265, 1, 'Stixxay', 1051, 928050, 1);
INSERT INTO interacts VALUES(191647842265, 1, 'Trick', 3364, 928083, 1);
INSERT INTO interacts VALUES(191647842265, 1, 'aphromoo', 2303, 928412, 1);
INSERT INTO interacts VALUES(191647842265, 1, 'Stixxay', 3363, 928607, 1);
INSERT INTO interacts VALUES(191647842265, 1, 'Hybrid', 2043, 929137, 1);
INSERT INTO interacts VALUES(191647842265, 1, 'aphromoo', 2010, 929552, 1);
INSERT INTO interacts VALUES(191647842265, 1, 'aphromoo', 2010, 929682, 1);
INSERT INTO interacts VALUES(191647842265, 1, 'aphromoo', 2010, 929798, 1);
INSERT INTO interacts VALUES(191647842265, 1, 'Trick', 2043, 931624, 1);
INSERT INTO interacts VALUES(191647842265, 1, 'Kikis', 2043, 940902, 0);
INSERT INTO interacts VALUES(191647842265, 1, 'Kikis', 3751, 942767, 1);
INSERT INTO interacts VALUES(191647842265, 1, 'Darshan', 3751, 971776, 1);
INSERT INTO interacts VALUES(191647842265, 1, 'Darshan', 1029, 972899, 1);
INSERT INTO interacts VALUES(191647842265, 1, 'Darshan', 2043, 976042, 1);
INSERT INTO interacts VALUES(191647842265, 1, 'Huhi', 3111, 1009628, 1);
INSERT INTO interacts VALUES(191647842265, 1, 'Huhi', 2043, 1014004, 1);
INSERT INTO interacts VALUES(191647842265, 1, 'Emperor', 3086, 1052932, 1);
INSERT INTO interacts VALUES(191647842265, 1, 'Kikis', 3111, 1055977, 1);
INSERT INTO interacts VALUES(191647842265, 1, 'Emperor', 1043, 1102445, 1);
INSERT INTO interacts VALUES(191647842265, 1, 'Emperor', 2010, 1104935, 1);
INSERT INTO interacts VALUES(191647842265, 1, 'Stixxay', 3086, 1105880, 1);
INSERT INTO interacts VALUES(191647842265, 1, 'aphromoo', 3801, 1106554, 1);
INSERT INTO interacts VALUES(191647842265, 1, 'aphromoo', 1033, 1106984, 1);
INSERT INTO interacts VALUES(191647842265, 1, 'Perkz', 3165, 1107136, 1);
INSERT INTO interacts VALUES(191647842265, 1, 'Trick', 3086, 1107181, 1);
INSERT INTO interacts VALUES(191647842265, 1, 'aphromoo', 3364, 1109596, 1);
INSERT INTO interacts VALUES(191647842265, 1, 'Stixxay', 1042, 1109596, 1);
INSERT INTO interacts VALUES(191647842265, 1, 'aphromoo', 2043, 1110184, 1);
INSERT INTO interacts VALUES(191647842265, 1, 'Hybrid', 3105, 1112145, 1);
INSERT INTO interacts VALUES(191647842265, 1, 'Hybrid', 1028, 1113937, 1);
INSERT INTO interacts VALUES(191647842265, 1, 'Hybrid', 2010, 1117579, 1);
INSERT INTO interacts VALUES(191647842265, 1, 'Stixxay', 2015, 1119572, 1);
INSERT INTO interacts VALUES(191647842265, 1, 'Stixxay', 2043, 1120517, 1);
INSERT INTO interacts VALUES(191647842265, 1, 'Trick', 2043, 1121345, 1);
INSERT INTO interacts VALUES(191647842265, 1, 'Xmithie', 3046, 1125998, 1);
INSERT INTO interacts VALUES(191647842265, 1, 'Huhi', 2043, 1126196, 1);
INSERT INTO interacts VALUES(191647842265, 1, 'Darshan', 3068, 1127827, 1);
INSERT INTO interacts VALUES(191647842265, 1, 'Darshan', 2043, 1128737, 1);
INSERT INTO interacts VALUES(191647842265, 1, 'Xmithie', 2043, 1129910, 1);
INSERT INTO interacts VALUES(191647842265, 1, 'Emperor', 3085, 1168353, 1);
INSERT INTO interacts VALUES(191647842265, 1, 'Xmithie', 3155, 1200129, 1);
INSERT INTO interacts VALUES(191647842265, 1, 'Xmithie', 2043, 1201678, 1);
INSERT INTO interacts VALUES(191647842265, 1, 'Kikis', 2033, 1233505, 0);
INSERT INTO interacts VALUES(191647842265, 1, 'Kikis', 3024, 1238118, 1);
INSERT INTO interacts VALUES(191647842265, 1, 'Hybrid', 3190, 1281158, 1);
INSERT INTO interacts VALUES(191647842265, 1, 'Huhi', 1058, 1286102, 1);
INSERT INTO interacts VALUES(191647842265, 1, 'Huhi', 1323, 1287924, 1);
INSERT INTO interacts VALUES(191647842265, 1, 'Emperor', 3009, 1299373, 1);
INSERT INTO interacts VALUES(191647842265, 1, 'Trick', 1042, 1309593, 1);
INSERT INTO interacts VALUES(191647842265, 1, 'Stixxay', 3087, 1310374, 1);
INSERT INTO interacts VALUES(191647842265, 1, 'Darshan', 3211, 1311518, 1);
INSERT INTO interacts VALUES(191647842265, 1, 'Xmithie', 2140, 1312166, 1);
INSERT INTO interacts VALUES(191647842265, 1, 'Darshan', 1028, 1313052, 1);
INSERT INTO interacts VALUES(191647842265, 1, 'aphromoo', 3105, 1313521, 1);
INSERT INTO interacts VALUES(191647842265, 1, 'Stixxay', 1036, 1313885, 1);
INSERT INTO interacts VALUES(191647842265, 1, 'aphromoo', 3067, 1315346, 1);
INSERT INTO interacts VALUES(191647842265, 1, 'Perkz', 1026, 1315579, 1);
INSERT INTO interacts VALUES(191647842265, 1, 'aphromoo', 2010, 1316208, 1);
INSERT INTO interacts VALUES(191647842265, 1, 'Darshan', 3211, 1319885, 1);
INSERT INTO interacts VALUES(191647842265, 1, 'Darshan', 1028, 1320895, 1);
INSERT INTO interacts VALUES(191647842265, 1, 'Trick', 3046, 1372450, 1);
INSERT INTO interacts VALUES(191647842265, 1, 'Trick', 2043, 1373204, 1);
INSERT INTO interacts VALUES(191647842265, 1, 'Kikis', 3025, 1384389, 1);
INSERT INTO series VALUES(29154276475, 1);
INSERT INTO organizes VALUES('msi_2016', 29154276475, 'group_stage - RNG-vs-SKT');
INSERT INTO competes VALUES(29154276475, 'RNG', 1);
INSERT INTO competes VALUES(29154276475, 'SKT', 0);
INSERT INTO matches VALUES(29154276475, 1, '2016-05-08');
INSERT INTO scores VALUES('RNG', 29154276475, 1, 1, 9, 1, 1, 4, 0);
INSERT INTO scores VALUES('SKT', 29154276475, 1, 1, 8, 0, 1, 3, 1);
INSERT INTO bans VALUES(29154276475, 1, 201, 1);
INSERT INTO bans VALUES(29154276475, 1, 12, 3);
INSERT INTO bans VALUES(29154276475, 1, 203, 5);
INSERT INTO bans VALUES(29154276475, 1, 29, 2);
INSERT INTO bans VALUES(29154276475, 1, 76, 4);
INSERT INTO bans VALUES(29154276475, 1, 268, 6);
INSERT INTO plays VALUES(29154276475, 1, 'Looper', 245, 'Top', 6, 4, 9, 23180, 31, 8, 376, 7, 5, 19888);
INSERT INTO plays VALUES(29154276475, 1, 'mlxg', 64, 'Jungle', 7, 2, 12, 18644, 42, 25, 43, 127, 27, 19797);
INSERT INTO plays VALUES(29154276475, 1, 'xiaohu', 13, 'Mid', 6, 4, 10, 22874, 34, 10, 452, 30, 4, 22776);
INSERT INTO plays VALUES(29154276475, 1, 'Wuxx', 15, 'ADC', 5, 4, 13, 53933, 26, 24, 449, 27, 3, 22674);
INSERT INTO plays VALUES(29154276475, 1, 'Mata', 432, 'Support', 0, 3, 18, 13231, 90, 36, 45, 1, 0, 14837);
INSERT INTO plays VALUES(29154276475, 1, 'Duke', 57, 'Top', 5, 2, 9, 27390, 28, 3, 460, 3, 1, 20731);
INSERT INTO plays VALUES(29154276475, 1, 'Blank', 104, 'Jungle', 5, 5, 10, 36477, 49, 40, 95, 128, 24, 20079);
INSERT INTO plays VALUES(29154276475, 1, 'Faker', 117, 'Mid', 3, 5, 12, 21903, 21, 10, 381, 19, 5, 19810);
INSERT INTO plays VALUES(29154276475, 1, 'Bang', 236, 'ADC', 4, 5, 8, 52761, 34, 21, 461, 39, 3, 22474);
INSERT INTO plays VALUES(29154276475, 1, 'Wolf', 48, 'Support', 0, 7, 12, 8888, 83, 38, 79, 0, 1, 14388);
INSERT INTO interacts VALUES(29154276475, 1, 'Mata', 3303, 1710, 1);
INSERT INTO interacts VALUES(29154276475, 1, 'Mata', 2010, 1939, 1);
INSERT INTO interacts VALUES(29154276475, 1, 'Wuxx', 1055, 2004, 1);
INSERT INTO interacts VALUES(29154276475, 1, 'Mata', 2010, 2070, 1);
INSERT INTO interacts VALUES(29154276475, 1, 'Mata', 2010, 2169, 1);
INSERT INTO interacts VALUES(29154276475, 1, 'Wuxx', 2010, 2222, 1);
INSERT INTO interacts VALUES(29154276475, 1, 'Wuxx', 3340, 2384, 1);
INSERT INTO interacts VALUES(29154276475, 1, 'Mata', 3340, 2483, 1);
INSERT INTO interacts VALUES(29154276475, 1, 'Blank', 1041, 2712, 1);
INSERT INTO interacts VALUES(29154276475, 1, 'Bang', 1055, 3367, 1);
INSERT INTO interacts VALUES(29154276475, 1, 'Faker', 1056, 3432, 1);
INSERT INTO interacts VALUES(29154276475, 1, 'Wolf', 2033, 3529, 1);
INSERT INTO interacts VALUES(29154276475, 1, 'Bang', 2010, 3628, 1);
INSERT INTO interacts VALUES(29154276475, 1, 'Duke', 2033, 3825, 1);
INSERT INTO interacts VALUES(29154276475, 1, 'Bang', 3340, 3859, 1);
INSERT INTO interacts VALUES(29154276475, 1, 'Faker', 2003, 3891, 1);
INSERT INTO interacts VALUES(29154276475, 1, 'Faker', 2003, 4021, 1);
INSERT INTO interacts VALUES(29154276475, 1, 'Faker', 3340, 4510, 1);
INSERT INTO interacts VALUES(29154276475, 1, 'Duke', 3340, 4717, 1);
INSERT INTO interacts VALUES(29154276475, 1, 'mlxg', 1041, 5161, 1);
INSERT INTO interacts VALUES(29154276475, 1, 'mlxg', 2031, 5484, 1);
INSERT INTO interacts VALUES(29154276475, 1, 'Blank', 3340, 5495, 1);
INSERT INTO interacts VALUES(29154276475, 1, 'Looper', 3340, 5495, 1);
INSERT INTO interacts VALUES(29154276475, 1, 'mlxg', 3340, 5844, 1);
INSERT INTO interacts VALUES(29154276475, 1, 'Wolf', 3302, 5876, 1);
INSERT INTO interacts VALUES(29154276475, 1, 'Blank', 2031, 6233, 1);
INSERT INTO interacts VALUES(29154276475, 1, 'Wolf', 2010, 6462, 1);
INSERT INTO interacts VALUES(29154276475, 1, 'Wolf', 2010, 6598, 1);
INSERT INTO interacts VALUES(29154276475, 1, 'Wolf', 2010, 6729, 1);
INSERT INTO interacts VALUES(29154276475, 1, 'Looper', 2033, 6834, 1);
INSERT INTO interacts VALUES(29154276475, 1, 'Wolf', 3340, 7096, 1);
INSERT INTO interacts VALUES(29154276475, 1, 'Blank', 1039, 8985, 1);
INSERT INTO interacts VALUES(29154276475, 1, 'xiaohu', 1056, 9353, 1);
INSERT INTO interacts VALUES(29154276475, 1, 'xiaohu', 2003, 10456, 1);
INSERT INTO interacts VALUES(29154276475, 1, 'xiaohu', 2003, 10756, 1);
INSERT INTO interacts VALUES(29154276475, 1, 'xiaohu', 3340, 11549, 1);
INSERT INTO interacts VALUES(29154276475, 1, 'mlxg', 1039, 217720, 1);
INSERT INTO interacts VALUES(29154276475, 1, 'mlxg', 2043, 219871, 1);
INSERT INTO interacts VALUES(29154276475, 1, 'xiaohu', 3070, 278710, 1);
INSERT INTO interacts VALUES(29154276475, 1, 'Faker', 1026, 297961, 1);
INSERT INTO interacts VALUES(29154276475, 1, 'Faker', 1001, 299000, 1);
INSERT INTO interacts VALUES(29154276475, 1, 'Blank', 3711, 315841, 1);
INSERT INTO interacts VALUES(29154276475, 1, 'Blank', 1036, 318022, 1);
INSERT INTO interacts VALUES(29154276475, 1, 'Blank', 2043, 318585, 1);
INSERT INTO interacts VALUES(29154276475, 1, 'Looper', 1056, 319123, 1);
INSERT INTO interacts VALUES(29154276475, 1, 'Looper', 1082, 322519, 1);
INSERT INTO interacts VALUES(29154276475, 1, 'Looper', 1028, 324062, 1);
INSERT INTO interacts VALUES(29154276475, 1, 'Duke', 1056, 341723, 1);
INSERT INTO interacts VALUES(29154276475, 1, 'Duke', 1082, 342289, 1);
INSERT INTO interacts VALUES(29154276475, 1, 'Duke', 1028, 343420, 1);
INSERT INTO interacts VALUES(29154276475, 1, 'Duke', 2043, 344370, 1);
INSERT INTO interacts VALUES(29154276475, 1, 'mlxg', 3711, 383974, 1);
INSERT INTO interacts VALUES(29154276475, 1, 'mlxg', 1036, 386563, 1);
INSERT INTO interacts VALUES(29154276475, 1, 'mlxg', 1036, 386697, 1);
INSERT INTO interacts VALUES(29154276475, 1, 'Blank', 1036, 417922, 1);
INSERT INTO interacts VALUES(29154276475, 1, 'Blank', 2043, 427871, 1);
INSERT INTO interacts VALUES(29154276475, 1, 'Faker', 1057, 444594, 1);
INSERT INTO interacts VALUES(29154276475, 1, 'Wolf', 2049, 445797, 1);
INSERT INTO interacts VALUES(29154276475, 1, 'Wolf', 2043, 446512, 1);
INSERT INTO interacts VALUES(29154276475, 1, 'Wolf', 2031, 448244, 1);
INSERT INTO interacts VALUES(29154276475, 1, 'Wolf', 3341, 450939, 1);
INSERT INTO interacts VALUES(29154276475, 1, 'Mata', 2049, 468440, 1);
INSERT INTO interacts VALUES(29154276475, 1, 'Wuxx', 1038, 468640, 1);
INSERT INTO interacts VALUES(29154276475, 1, 'Mata', 1001, 469220, 1);
INSERT INTO interacts VALUES(29154276475, 1, 'Wuxx', 1001, 469878, 1);
INSERT INTO interacts VALUES(29154276475, 1, 'Mata', 2043, 470462, 1);
INSERT INTO interacts VALUES(29154276475, 1, 'Mata', 2031, 470870, 1);
INSERT INTO interacts VALUES(29154276475, 1, 'Wuxx', 2010, 471248, 1);
INSERT INTO interacts VALUES(29154276475, 1, 'Wuxx', 1036, 472718, 1);
INSERT INTO interacts VALUES(29154276475, 1, 'xiaohu', 3010, 481786, 1);
INSERT INTO interacts VALUES(29154276475, 1, 'xiaohu', 2043, 483483, 1);
INSERT INTO interacts VALUES(29154276475, 1, 'Looper', 3211, 494081, 1);
INSERT INTO interacts VALUES(29154276475, 1, 'Looper', 2043, 494616, 1);
INSERT INTO interacts VALUES(29154276475, 1, 'Bang', 1038, 495659, 1);
INSERT INTO interacts VALUES(29154276475, 1, 'Bang', 1036, 496376, 1);
INSERT INTO interacts VALUES(29154276475, 1, 'Bang', 1036, 496473, 1);
INSERT INTO interacts VALUES(29154276475, 1, 'Bang', 2010, 496798, 1);
INSERT INTO interacts VALUES(29154276475, 1, 'Duke', 3211, 515886, 1);
INSERT INTO interacts VALUES(29154276475, 1, 'Duke', 1001, 517544, 1);
INSERT INTO interacts VALUES(29154276475, 1, 'mlxg', 1408, 521172, 1);
INSERT INTO interacts VALUES(29154276475, 1, 'mlxg', 1001, 522564, 1);
INSERT INTO interacts VALUES(29154276475, 1, 'Looper', 1001, 552513, 1);
INSERT INTO interacts VALUES(29154276475, 1, 'Duke', 1028, 575565, 1);
INSERT INTO interacts VALUES(29154276475, 1, 'Faker', 3001, 599396, 1);
INSERT INTO interacts VALUES(29154276475, 1, 'Faker', 2043, 600488, 1);
INSERT INTO interacts VALUES(29154276475, 1, 'Blank', 1408, 608476, 1);
INSERT INTO interacts VALUES(29154276475, 1, 'Blank', 1001, 609737, 1);
INSERT INTO interacts VALUES(29154276475, 1, 'Blank', 2043, 610669, 1);
INSERT INTO interacts VALUES(29154276475, 1, 'Bang', 3133, 659076, 1);
INSERT INTO interacts VALUES(29154276475, 1, 'Bang', 1001, 659919, 1);
INSERT INTO interacts VALUES(29154276475, 1, 'Bang', 2010, 661285, 1);
INSERT INTO interacts VALUES(29154276475, 1, 'Bang', 2043, 661458, 1);
INSERT INTO interacts VALUES(29154276475, 1, 'Looper', 3111, 666429, 1);
INSERT INTO interacts VALUES(29154276475, 1, 'Wuxx', 3133, 697774, 1);
INSERT INTO interacts VALUES(29154276475, 1, 'Wuxx', 2010, 700101, 1);
INSERT INTO interacts VALUES(29154276475, 1, 'Wuxx', 2010, 700269, 1);
INSERT INTO interacts VALUES(29154276475, 1, 'Wuxx', 1042, 703293, 1);
INSERT INTO interacts VALUES(29154276475, 1, 'xiaohu', 1026, 732529, 1);
INSERT INTO interacts VALUES(29154276475, 1, 'xiaohu', 1001, 733974, 1);
INSERT INTO interacts VALUES(29154276475, 1, 'xiaohu', 3363, 736067, 1);
INSERT INTO interacts VALUES(29154276475, 1, 'xiaohu', 2043, 736541, 1);
INSERT INTO interacts VALUES(29154276475, 1, 'Mata', 3009, 747570, 1);
INSERT INTO interacts VALUES(29154276475, 1, 'Mata', 2043, 749607, 1);
INSERT INTO interacts VALUES(29154276475, 1, 'Mata', 3341, 751398, 1);
INSERT INTO interacts VALUES(29154276475, 1, 'Wolf', 3158, 757133, 1);
INSERT INTO interacts VALUES(29154276475, 1, 'Wolf', 2043, 757981, 1);
INSERT INTO interacts VALUES(29154276475, 1, 'Wolf', 2043, 758172, 1);
INSERT INTO interacts VALUES(29154276475, 1, 'mlxg', 3155, 770155, 1);
INSERT INTO interacts VALUES(29154276475, 1, 'mlxg', 2043, 771236, 1);
INSERT INTO interacts VALUES(29154276475, 1, 'mlxg', 3364, 771855, 1);
INSERT INTO interacts VALUES(29154276475, 1, 'mlxg', 2043, 772121, 1);
INSERT INTO interacts VALUES(29154276475, 1, 'Faker', 3108, 774821, 1);
INSERT INTO interacts VALUES(29154276475, 1, 'Faker', 3114, 776123, 1);
INSERT INTO interacts VALUES(29154276475, 1, 'Faker', 2043, 777910, 1);
INSERT INTO interacts VALUES(29154276475, 1, 'Blank', 3009, 785151, 1);
INSERT INTO interacts VALUES(29154276475, 1, 'Blank', 1033, 787539, 1);
INSERT INTO interacts VALUES(29154276475, 1, 'Blank', 3364, 790103, 1);
INSERT INTO interacts VALUES(29154276475, 1, 'Looper', 3057, 863085, 1);
INSERT INTO interacts VALUES(29154276475, 1, 'Faker', 3020, 873911, 1);
INSERT INTO interacts VALUES(29154276475, 1, 'Bang', 3508, 878897, 1);
INSERT INTO interacts VALUES(29154276475, 1, 'Mata', 3098, 879256, 1);
INSERT INTO interacts VALUES(29154276475, 1, 'Mata', 2043, 880101, 1);
INSERT INTO interacts VALUES(29154276475, 1, 'Bang', 3363, 880327, 1);
INSERT INTO interacts VALUES(29154276475, 1, 'Bang', 1042, 880782, 1);
INSERT INTO interacts VALUES(29154276475, 1, 'Duke', 3751, 882451, 1);
INSERT INTO interacts VALUES(29154276475, 1, 'Bang', 2010, 882871, 1);
INSERT INTO interacts VALUES(29154276475, 1, 'Wolf', 3097, 885583, 1);
INSERT INTO interacts VALUES(29154276475, 1, 'Wolf', 2043, 886275, 1);
INSERT INTO interacts VALUES(29154276475, 1, 'Wolf', 2043, 886419, 1);
INSERT INTO interacts VALUES(29154276475, 1, 'Duke', 3065, 888364, 1);
INSERT INTO interacts VALUES(29154276475, 1, 'Duke', 1028, 890401, 1);
INSERT INTO interacts VALUES(29154276475, 1, 'Wuxx', 3508, 907370, 1);
INSERT INTO interacts VALUES(29154276475, 1, 'Wuxx', 3363, 908907, 1);
INSERT INTO interacts VALUES(29154276475, 1, 'Wuxx', 2043, 909614, 1);
INSERT INTO interacts VALUES(29154276475, 1, 'mlxg', 3052, 963989, 1);
INSERT INTO interacts VALUES(29154276475, 1, 'Mata', 2301, 964120, 1);
INSERT INTO interacts VALUES(29154276475, 1, 'Blank', 3155, 965629, 1);
INSERT INTO interacts VALUES(29154276475, 1, 'Blank', 2043, 966839, 1);
INSERT INTO interacts VALUES(29154276475, 1, 'Wolf', 1028, 979757, 1);
INSERT INTO interacts VALUES(29154276475, 1, 'Bang', 3158, 981473, 1);
INSERT INTO interacts VALUES(29154276475, 1, 'Bang', 2010, 981897, 1);
INSERT INTO interacts VALUES(29154276475, 1, 'Bang', 2043, 982123, 1);
INSERT INTO interacts VALUES(29154276475, 1, 'xiaohu', 3027, 996562, 1);
INSERT INTO interacts VALUES(29154276475, 1, 'Duke', 3111, 998976, 1);
INSERT INTO interacts VALUES(29154276475, 1, 'xiaohu', 3111, 999170, 1);
INSERT INTO interacts VALUES(29154276475, 1, 'xiaohu', 2043, 1001623, 1);
INSERT INTO interacts VALUES(29154276475, 1, 'Faker', 3165, 1020387, 1);
INSERT INTO interacts VALUES(29154276475, 1, 'mlxg', 2031, 1056000, 0);
INSERT INTO interacts VALUES(29154276475, 1, 'mlxg', 3009, 1058309, 1);
INSERT INTO interacts VALUES(29154276475, 1, 'Mata', 1033, 1077974, 1);
INSERT INTO interacts VALUES(29154276475, 1, 'Wuxx', 3086, 1079669, 1);
INSERT INTO interacts VALUES(29154276475, 1, 'Mata', 2043, 1080899, 1);
INSERT INTO interacts VALUES(29154276475, 1, 'Mata', 1028, 1083743, 1);
INSERT INTO interacts VALUES(29154276475, 1, 'Mata', 2043, 1084398, 1);
INSERT INTO interacts VALUES(29154276475, 1, 'Wuxx', 3009, 1086166, 1);
INSERT INTO interacts VALUES(29154276475, 1, 'Wolf', 2303, 1107808, 1);
INSERT INTO interacts VALUES(29154276475, 1, 'Bang', 3086, 1115091, 1);
INSERT INTO interacts VALUES(29154276475, 1, 'Looper', 3025, 1115565, 1);
INSERT INTO interacts VALUES(29154276475, 1, 'Looper', 1056, 1117361, 0);
INSERT INTO interacts VALUES(29154276475, 1, 'Looper', 3067, 1118386, 1);
INSERT INTO interacts VALUES(29154276475, 1, 'Blank', 1042, 1123187, 1);
INSERT INTO interacts VALUES(29154276475, 1, 'Blank', 1051, 1123807, 1);
INSERT INTO interacts VALUES(29154276475, 1, 'Blank', 2031, 1124633, 0);
INSERT INTO interacts VALUES(29154276475, 1, 'Blank', 2043, 1125886, 1);
INSERT INTO interacts VALUES(29154276475, 1, 'Duke', 3751, 1128895, 1);
INSERT INTO interacts VALUES(29154276475, 1, 'Duke', 1323, 1131248, 1);
INSERT INTO interacts VALUES(29154276475, 1, 'Wolf', 1033, 1252421, 1);
INSERT INTO interacts VALUES(29154276475, 1, 'Wolf', 2043, 1253505, 1);
INSERT INTO interacts VALUES(29154276475, 1, 'Blank', 3086, 1255428, 1);
INSERT INTO interacts VALUES(29154276475, 1, 'Blank', 2043, 1256702, 1);
INSERT INTO interacts VALUES(29154276475, 1, 'Mata', 3801, 1258752, 1);
INSERT INTO interacts VALUES(29154276475, 1, 'Mata', 1033, 1259111, 1);
INSERT INTO interacts VALUES(29154276475, 1, 'Mata', 2043, 1260485, 1);
INSERT INTO interacts VALUES(29154276475, 1, 'mlxg', 3044, 1277958, 1);
INSERT INTO interacts VALUES(29154276475, 1, 'Wuxx', 3087, 1282953, 1);
INSERT INTO interacts VALUES(29154276475, 1, 'Faker', 1058, 1283014, 1);
INSERT INTO interacts VALUES(29154276475, 1, 'Wuxx', 2043, 1283733, 1);
INSERT INTO interacts VALUES(29154276475, 1, 'Faker', 2043, 1284775, 1);
INSERT INTO interacts VALUES(29154276475, 1, 'xiaohu', 3003, 1284909, 1);
INSERT INTO interacts VALUES(29154276475, 1, 'xiaohu', 2043, 1286378, 1);
INSERT INTO interacts VALUES(29154276475, 1, 'Looper', 3065, 1319610, 1);
INSERT INTO interacts VALUES(29154276475, 1, 'Looper', 1033, 1323372, 1);
INSERT INTO interacts VALUES(29154276475, 1, 'mlxg', 3053, 1328781, 1);
INSERT INTO interacts VALUES(29154276475, 1, 'mlxg', 2043, 1329932, 1);
INSERT INTO interacts VALUES(29154276475, 1, 'mlxg', 2003, 1330224, 1);
INSERT INTO interacts VALUES(29154276475, 1, 'Bang', 3094, 1366336, 1);
INSERT INTO interacts VALUES(29154276475, 1, 'Bang', 2043, 1366583, 1);
INSERT INTO interacts VALUES(29154276475, 1, 'Duke', 1082, 1375881, 0);
INSERT INTO interacts VALUES(29154276475, 1, 'Duke', 3068, 1377313, 1);
INSERT INTO interacts VALUES(29154276475, 1, 'Wolf', 2043, 1378586, 1);
INSERT INTO interacts VALUES(29154276475, 1, 'Wolf', 2043, 1378739, 1);
INSERT INTO interacts VALUES(29154276475, 1, 'Wolf', 3801, 1380167, 1);
INSERT INTO interacts VALUES(29154276475, 1, 'Blank', 1042, 1382383, 1);
INSERT INTO interacts VALUES(29154276475, 1, 'xiaohu', 1026, 1436026, 1);
INSERT INTO interacts VALUES(29154276475, 1, 'xiaohu', 2043, 1437140, 1);
INSERT INTO interacts VALUES(29154276475, 1, 'Looper', 3140, 1449770, 1);
INSERT INTO interacts VALUES(29154276475, 1, 'xiaohu', 1052, 1515287, 1);
INSERT INTO interacts VALUES(29154276475, 1, 'Bang', 1038, 1518242, 1);
INSERT INTO interacts VALUES(29154276475, 1, 'Wuxx', 1038, 1519366, 1);
INSERT INTO interacts VALUES(29154276475, 1, 'Wolf', 3105, 1521999, 1);
INSERT INTO interacts VALUES(29154276475, 1, 'Wolf', 1028, 1522268, 1);
INSERT INTO interacts VALUES(29154276475, 1, 'Wolf', 2043, 1522918, 1);
INSERT INTO interacts VALUES(29154276475, 1, 'Wolf', 3364, 1523082, 1);
INSERT INTO interacts VALUES(29154276475, 1, 'Mata', 3105, 1523702, 1);
INSERT INTO interacts VALUES(29154276475, 1, 'Mata', 3067, 1524425, 1);
INSERT INTO interacts VALUES(29154276475, 1, 'Wuxx', 2043, 1524777, 1);
INSERT INTO interacts VALUES(29154276475, 1, 'Mata', 2043, 1525236, 1);
INSERT INTO interacts VALUES(29154276475, 1, 'Mata', 2043, 1525466, 1);
INSERT INTO interacts VALUES(29154276475, 1, 'Faker', 2043, 1526541, 0);
INSERT INTO interacts VALUES(29154276475, 1, 'Faker', 1026, 1527906, 1);
INSERT INTO interacts VALUES(29154276475, 1, 'mlxg', 3082, 1537160, 1);
INSERT INTO interacts VALUES(29154276475, 1, 'Blank', 3046, 1549030, 1);
INSERT INTO interacts VALUES(29154276475, 1, 'Blank', 1037, 1550761, 1);
INSERT INTO interacts VALUES(29154276475, 1, 'Blank', 2043, 1551747, 1);
INSERT INTO interacts VALUES(29154276475, 1, 'Duke', 1057, 1557815, 1);
INSERT INTO interacts VALUES(29154276475, 1, 'Looper', 1082, 1568764, 0);
INSERT INTO interacts VALUES(29154276475, 1, 'Looper', 3082, 1574059, 1);
INSERT INTO interacts VALUES(29154276475, 1, 'Looper', 2033, 1574897, 0);
INSERT INTO interacts VALUES(29154276475, 1, 'Looper', 2043, 1576004, 1);
INSERT INTO interacts VALUES(29154276475, 1, 'Wolf', 3190, 1608280, 1);
INSERT INTO interacts VALUES(29154276475, 1, 'Wolf', 2043, 1609306, 1);
INSERT INTO interacts VALUES(29154276475, 1, 'mlxg', 1028, 1617002, 1);
INSERT INTO interacts VALUES(29154276475, 1, 'xiaohu', 1056, 1627513, 0);
INSERT INTO interacts VALUES(29154276475, 1, 'xiaohu', 3135, 1628175, 1);
INSERT INTO interacts VALUES(29154276475, 1, 'Faker', 3089, 1668790, 1);
INSERT INTO interacts VALUES(29154276475, 1, 'Faker', 2043, 1671013, 1);
INSERT INTO interacts VALUES(29154276475, 1, 'Duke', 3026, 1699082, 1);
INSERT INTO interacts VALUES(29154276475, 1, 'mlxg', 1011, 1719070, 1);
INSERT INTO interacts VALUES(29154276475, 1, 'Mata', 3190, 1736339, 1);
INSERT INTO interacts VALUES(29154276475, 1, 'Mata', 2043, 1738121, 1);
INSERT INTO interacts VALUES(29154276475, 1, 'Wolf', 2043, 1738632, 1);
INSERT INTO interacts VALUES(29154276475, 1, 'Wolf', 2043, 1738739, 1);
INSERT INTO interacts VALUES(29154276475, 1, 'Wolf', 1029, 1746120, 1);
INSERT INTO interacts VALUES(29154276475, 1, 'Mata', 1029, 1752785, 1);
INSERT INTO interacts VALUES(29154276475, 1, 'Bang', 1037, 1758592, 1);
INSERT INTO interacts VALUES(29154276475, 1, 'Blank', 3035, 1759049, 1);
INSERT INTO interacts VALUES(29154276475, 1, 'Blank', 2043, 1760303, 1);
INSERT INTO interacts VALUES(29154276475, 1, 'Blank', 1306, 1763885, 1);
INSERT INTO interacts VALUES(29154276475, 1, 'xiaohu', 1031, 1767964, 1);
INSERT INTO interacts VALUES(29154276475, 1, 'xiaohu', 2043, 1774267, 1);
INSERT INTO interacts VALUES(29154276475, 1, 'Looper', 3143, 1775549, 1);
INSERT INTO interacts VALUES(29154276475, 1, 'Duke', 1056, 1776170, 0);
INSERT INTO interacts VALUES(29154276475, 1, 'Duke', 1028, 1777444, 1);
INSERT INTO interacts VALUES(29154276475, 1, 'Wuxx', 3031, 1784941, 1);
INSERT INTO interacts VALUES(29154276475, 1, 'Wuxx', 2043, 1791105, 1);
INSERT INTO interacts VALUES(29154276475, 1, 'mlxg', 3143, 1801895, 1);
INSERT INTO interacts VALUES(29154276475, 1, 'Bang', 3031, 1834441, 1);
INSERT INTO interacts VALUES(29154276475, 1, 'Looper', 1323, 1879402, 1);
INSERT INTO interacts VALUES(29154276475, 1, 'Blank', 2043, 1905633, 1);
INSERT INTO interacts VALUES(29154276475, 1, 'Faker', 1026, 1906205, 1);
INSERT INTO interacts VALUES(29154276475, 1, 'Mata', 3024, 1914932, 1);
INSERT INTO interacts VALUES(29154276475, 1, 'mlxg', 1036, 1915000, 1);
INSERT INTO interacts VALUES(29154276475, 1, 'Mata', 2043, 1915915, 1);
INSERT INTO interacts VALUES(29154276475, 1, 'Mata', 2043, 1916013, 1);
INSERT INTO interacts VALUES(29154276475, 1, 'Mata', 3364, 1917260, 1);
INSERT INTO interacts VALUES(29154276475, 1, 'xiaohu', 3026, 1969119, 1);
INSERT INTO interacts VALUES(29154276475, 1, 'Blank', 3123, 1974698, 1);
INSERT INTO interacts VALUES(29154276475, 1, 'Duke', 1011, 1975677, 1);
INSERT INTO interacts VALUES(29154276475, 1, 'Duke', 2033, 1976902, 0);
INSERT INTO interacts VALUES(29154276475, 1, 'Duke', 3082, 1978067, 1);
INSERT INTO interacts VALUES(29154276475, 1, 'Wolf', 3024, 1982084, 1);
INSERT INTO interacts VALUES(29154276475, 1, 'Wolf', 2043, 1983065, 1);
INSERT INTO interacts VALUES(29154276475, 1, 'Wolf', 2043, 1983196, 1);
INSERT INTO interacts VALUES(29154276475, 1, 'Wuxx', 1053, 2005548, 1);
INSERT INTO interacts VALUES(29154276475, 1, 'Looper', 1011, 2019535, 1);
INSERT INTO interacts VALUES(29154276475, 1, 'Mata', 2043, 2024792, 1);
INSERT INTO interacts VALUES(29154276475, 1, 'Bang', 3105, 2056639, 1);
INSERT INTO interacts VALUES(29154276475, 1, 'Bang', 3140, 2059493, 1);
INSERT INTO interacts VALUES(29154276475, 1, 'xiaohu', 2139, 2116868, 1);
INSERT INTO interacts VALUES(29154276475, 1, 'mlxg', 3044, 2162078, 1);
INSERT INTO interacts VALUES(29154276475, 1, 'Wolf', 2031, 2162565, 0);
INSERT INTO interacts VALUES(29154276475, 1, 'Blank', 3033, 2163438, 1);
INSERT INTO interacts VALUES(29154276475, 1, 'Blank', 2043, 2164016, 1);
INSERT INTO interacts VALUES(29154276475, 1, 'Wolf', 3082, 2164572, 1);
INSERT INTO interacts VALUES(29154276475, 1, 'Mata', 3082, 2171878, 1);
INSERT INTO interacts VALUES(29154276475, 1, 'Mata', 2031, 2172779, 0);
INSERT INTO interacts VALUES(29154276475, 1, 'Mata', 2043, 2173898, 1);
INSERT INTO interacts VALUES(29154276475, 1, 'Mata', 2043, 2174025, 1);
INSERT INTO interacts VALUES(29154276475, 1, 'Faker', 1056, 2183533, 0);
INSERT INTO interacts VALUES(29154276475, 1, 'Faker', 3135, 2184019, 1);
INSERT INTO interacts VALUES(29154276475, 1, 'Bang', 1055, 2189650, 0);
INSERT INTO interacts VALUES(29154276475, 1, 'Bang', 3035, 2190512, 1);
INSERT INTO interacts VALUES(29154276475, 1, 'Duke', 3143, 2256336, 1);
INSERT INTO interacts VALUES(29154276475, 1, 'Wolf', 2043, 2280512, 1);
INSERT INTO interacts VALUES(29154276475, 1, 'Wolf', 2043, 2280684, 1);
INSERT INTO interacts VALUES(29154276475, 1, 'Duke', 3143, 2284387, 1);
INSERT INTO interacts VALUES(29154276475, 1, 'Duke', 3143, 2288602, 1);
INSERT INTO interacts VALUES(29154276475, 1, 'Duke', 1029, 2293342, 1);
INSERT INTO interacts VALUES(29154276475, 1, 'Mata', 3110, 2298954, 1);
INSERT INTO interacts VALUES(29154276475, 1, 'Mata', 2043, 2299645, 1);
INSERT INTO interacts VALUES(29154276475, 1, 'Mata', 2043, 2299764, 1);
INSERT INTO interacts VALUES(29154276475, 1, 'xiaohu', 1058, 2300471, 1);
INSERT INTO interacts VALUES(29154276475, 1, 'Wuxx', 3072, 2301864, 1);
INSERT INTO interacts VALUES(29154276475, 1, 'Blank', 1038, 2319700, 1);
INSERT INTO interacts VALUES(29154276475, 1, 'Faker', 3364, 2341180, 1);
INSERT INTO interacts VALUES(29154276475, 1, 'Looper', 3742, 2367311, 1);
INSERT INTO interacts VALUES(29154276475, 1, 'mlxg', 3071, 2367832, 1);
INSERT INTO interacts VALUES(29154276475, 1, 'Bang', 3036, 2374631, 1);
INSERT INTO interacts VALUES(29154276475, 1, 'Duke', 3024, 2379170, 1);
INSERT INTO interacts VALUES(29154276475, 1, 'Wuxx', 1055, 2383081, 0);
INSERT INTO interacts VALUES(29154276475, 1, 'Wuxx', 3035, 2384558, 1);
INSERT INTO interacts VALUES(29154276475, 1, 'Mata', 2043, 2388273, 1);
INSERT INTO interacts VALUES(29154276475, 1, 'Mata', 2043, 2388399, 1);
INSERT INTO interacts VALUES(29154276475, 1, 'Mata', 1033, 2391072, 1);
INSERT INTO interacts VALUES(29154276475, 1, 'Faker', 3057, 2400781, 1);
INSERT INTO interacts VALUES(29154276475, 1, 'Wolf', 3110, 2421462, 1);
INSERT INTO interacts VALUES(29154276475, 1, 'Wolf', 2043, 2423863, 1);
INSERT INTO interacts VALUES(29154276475, 1, 'mlxg', 1307, 2446029, 1);
INSERT INTO interacts VALUES(29154276475, 1, 'Mata', 3028, 2536210, 1);
INSERT INTO interacts VALUES(29154276475, 1, 'Mata', 2043, 2537489, 1);
INSERT INTO interacts VALUES(29154276475, 1, 'Mata', 2043, 2537605, 1);
INSERT INTO interacts VALUES(29154276475, 1, 'xiaohu', 3089, 2570402, 1);
INSERT INTO interacts VALUES(29154276475, 1, 'Wolf', 1029, 2576274, 1);
INSERT INTO interacts VALUES(29154276475, 1, 'Wolf', 2043, 2578690, 1);
INSERT INTO interacts VALUES(29154276475, 1, 'Wolf', 2138, 2579910, 1);
INSERT INTO interacts VALUES(29154276475, 1, 'Wuxx', 3033, 2582433, 1);
INSERT INTO interacts VALUES(29154276475, 1, 'Duke', 3110, 2587284, 1);
INSERT INTO interacts VALUES(29154276475, 1, 'Bang', 2140, 2593161, 1);
INSERT INTO interacts VALUES(29154276475, 1, 'Looper', 3139, 2648108, 1);
INSERT INTO interacts VALUES(29154276475, 1, 'Wuxx', 2140, 2693069, 1);
INSERT INTO interacts VALUES(29154276475, 1, 'xiaohu', 1323, 2694983, 1);
INSERT INTO interacts VALUES(29154276475, 1, 'Faker', 3100, 2739030, 1);
INSERT INTO interacts VALUES(29154276475, 1, 'Blank', 3031, 2761972, 1);
INSERT INTO interacts VALUES(29154276475, 1, 'Wolf', 3211, 2765648, 1);
INSERT INTO interacts VALUES(29154276475, 1, 'Wolf', 2043, 2766751, 1);
INSERT INTO interacts VALUES(29154276475, 1, 'Wolf', 2043, 2766887, 1);
INSERT INTO interacts VALUES(29154276475, 1, 'Wuxx', 1306, 2768373, 1);
INSERT INTO interacts VALUES(29154276475, 1, 'Blank', 3156, 2774552, 1);
INSERT INTO interacts VALUES(29154276475, 1, 'Blank', 3031, 2777028, 1);
INSERT INTO interacts VALUES(29154276475, 1, 'Bang', 3139, 2786254, 1);
INSERT INTO interacts VALUES(29154276475, 1, 'Blank', 3031, 2788563, 1);
INSERT INTO interacts VALUES(29154276475, 1, 'Mata', 3222, 2794020, 1);
INSERT INTO interacts VALUES(29154276475, 1, 'Mata', 2043, 2794803, 1);
INSERT INTO interacts VALUES(29154276475, 1, 'Blank', 3155, 2796176, 0);
INSERT INTO interacts VALUES(29154276475, 1, 'Duke', 2138, 2797122, 1);
INSERT INTO interacts VALUES(29154276475, 1, 'mlxg', 3155, 2799366, 0);
INSERT INTO interacts VALUES(29154276475, 1, 'Blank', 3140, 2800414, 1);
INSERT INTO interacts VALUES(29154276475, 1, 'Faker', 2139, 2800448, 1);
INSERT INTO interacts VALUES(29154276475, 1, 'mlxg', 3026, 2800448, 1);
INSERT INTO interacts VALUES(29154276475, 1, 'Looper', 3139, 2802163, 0);
INSERT INTO interacts VALUES(29154276475, 1, 'Looper', 3026, 2802809, 1);
INSERT INTO interacts VALUES(29154276475, 1, 'Blank', 2140, 2804613, 1);
INSERT INTO interacts VALUES(29154276475, 1, 'Looper', 1323, 2804989, 0);
INSERT INTO interacts VALUES(29154276475, 1, 'Looper', 1318, 2807605, 1);
INSERT INTO interacts VALUES(29154276475, 1, 'Bang', 2140, 2821002, 1);
INSERT INTO interacts VALUES(29154276475, 1, 'xiaohu', 2139, 2822870, 1);
INSERT INTO interacts VALUES(29154276475, 1, 'Wuxx', 3087, 2829259, 0);
INSERT INTO interacts VALUES(29154276475, 1, 'Wuxx', 3046, 2830432, 1);
INSERT INTO interacts VALUES(29154276475, 1, 'Looper', 2138, 2879446, 1);
INSERT INTO interacts VALUES(29154276475, 1, 'Wuxx', 2140, 2886188, 1);
INSERT INTO interacts VALUES(29154276475, 1, 'Wolf', 2138, 2901591, 1);
INSERT INTO interacts VALUES(29154276475, 1, 'Wolf', 2043, 2902749, 1);
INSERT INTO interacts VALUES(29154276475, 1, 'Duke', 2138, 2909616, 1);
INSERT INTO interacts VALUES(29154276475, 1, 'mlxg', 1408, 2956463, 0);
INSERT INTO interacts VALUES(29154276475, 1, 'mlxg', 3742, 2959238, 1);
INSERT INTO interacts VALUES(29154276475, 1, 'xiaohu', 2139, 2961171, 1);
INSERT INTO interacts VALUES(29154276475, 1, 'Mata', 1031, 2961593, 1);
INSERT INTO interacts VALUES(29154276475, 1, 'Wuxx', 2140, 3009299, 1);
INSERT INTO interacts VALUES(29154276475, 1, 'Looper', 2138, 3018155, 1);
INSERT INTO interacts VALUES(29154276475, 1, 'Duke', 3110, 3020960, 0);
INSERT INTO interacts VALUES(29154276475, 1, 'Duke', 3025, 3022497, 1);
INSERT INTO interacts VALUES(29154276475, 1, 'Faker', 2139, 3024219, 1);
INSERT INTO interacts VALUES(29154276475, 1, 'mlxg', 2140, 3047305, 1);
INSERT INTO interacts VALUES(29154276475, 1, 'Mata', 2138, 3054550, 1);
INSERT INTO interacts VALUES(29154276475, 1, 'Blank', 3139, 3058050, 1);
INSERT INTO interacts VALUES(29154276475, 1, 'Bang', 2140, 3064501, 1);
INSERT INTO interacts VALUES(29154276475, 1, 'Duke', 2138, 3074575, 1);
INSERT INTO interacts VALUES(29154276475, 1, 'xiaohu', 3026, 3076053, 0);
INSERT INTO interacts VALUES(29154276475, 1, 'Wolf', 2043, 3076642, 1);
INSERT INTO interacts VALUES(29154276475, 1, 'Wolf', 2138, 3077920, 1);
INSERT INTO interacts VALUES(29154276475, 1, 'xiaohu', 3157, 3079850, 1);
INSERT INTO interacts VALUES(29154276475, 1, 'Faker', 3001, 3090720, 0);
INSERT INTO interacts VALUES(29154276475, 1, 'Looper', 2138, 3096073, 1);
INSERT INTO series VALUES(784672718113, '5');
INSERT INTO organizes VALUES('msi_2016', 784672718113, 'bracket_stage - grand-final');
INSERT INTO competes VALUES(784672718113, 'CLG', 1);
INSERT INTO competes VALUES(784672718113, 'SKT', 0);
INSERT INTO matches VALUES(784672718113, 1, '2016-05-14');
INSERT INTO scores VALUES('CLG', 784672718113, 1, 0, 4, 0, 1, 1, 0);
INSERT INTO scores VALUES('SKT', 784672718113, 1, 1, 7, 1, 0, 3, 1);
INSERT INTO bans VALUES(784672718113, 1, 12, 1);
INSERT INTO bans VALUES(784672718113, 1, 15, 3);
INSERT INTO bans VALUES(784672718113, 1, 57, 5);
INSERT INTO bans VALUES(784672718113, 1, 136, 2);
INSERT INTO bans VALUES(784672718113, 1, 432, 4);
INSERT INTO bans VALUES(784672718113, 1, 13, 6);
INSERT INTO plays VALUES(784672718113, 1, 'Darshan', 78, 'Top', 2, 3, 2, 7862, 21, 2, 208, 2, 1, 11615);
INSERT INTO plays VALUES(784672718113, 1, 'Xmithie', 76, 'Jungle', 4, 5, 4, 13363, 31, 30, 45, 117, 25, 13375);
INSERT INTO plays VALUES(784672718113, 1, 'Huhi', 245, 'Mid', 2, 1, 2, 14050, 17, 9, 292, 5, 0, 12856);
INSERT INTO plays VALUES(784672718113, 1, 'Stixxay', 236, 'ADC', 1, 2, 4, 17782, 17, 14, 285, 20, 0, 13138);
INSERT INTO plays VALUES(784672718113, 1, 'aphromoo', 16, 'Support', 0, 5, 6, 2580, 38, 10, 14, 0, 2, 8518);
INSERT INTO plays VALUES(784672718113, 1, 'Duke', 48, 'Top', 2, 1, 8, 8853, 15, 4, 270, 6, 3, 12991);
INSERT INTO plays VALUES(784672718113, 1, 'Blank', 60, 'Jungle', 6, 1, 3, 11969, 33, 15, 36, 77, 12, 12357);
INSERT INTO plays VALUES(784672718113, 1, 'Faker', 268, 'Mid', 4, 3, 7, 34080, 20, 10, 289, 22, 3, 14558);
INSERT INTO plays VALUES(784672718113, 1, 'Bang', 81, 'ADC', 3, 2, 7, 28150, 19, 3, 244, 20, 7, 13347);
INSERT INTO plays VALUES(784672718113, 1, 'Wolf', 267, 'Support', 1, 2, 10, 3584, 49, 18, 26, 0, 0, 9314);
INSERT INTO interacts VALUES(784672718113, 1, 'Xmithie', 3340, 1755, 1);
INSERT INTO interacts VALUES(784672718113, 1, 'Blank', 1039, 1827, 1);
INSERT INTO interacts VALUES(784672718113, 1, 'Bang', 1055, 1827, 1);
INSERT INTO interacts VALUES(784672718113, 1, 'Wolf', 3303, 1827, 1);
INSERT INTO interacts VALUES(784672718113, 1, 'Huhi', 3340, 1917, 1);
INSERT INTO interacts VALUES(784672718113, 1, 'Stixxay', 3340, 2047, 1);
INSERT INTO interacts VALUES(784672718113, 1, 'Wolf', 2010, 2086, 1);
INSERT INTO interacts VALUES(784672718113, 1, 'Faker', 1056, 2111, 1);
INSERT INTO interacts VALUES(784672718113, 1, 'Bang', 2010, 2144, 1);
INSERT INTO interacts VALUES(784672718113, 1, 'Darshan', 3340, 2209, 1);
INSERT INTO interacts VALUES(784672718113, 1, 'Wolf', 2010, 2241, 1);
INSERT INTO interacts VALUES(784672718113, 1, 'Huhi', 2010, 2241, 1);
INSERT INTO interacts VALUES(784672718113, 1, 'aphromoo', 3340, 2274, 1);
INSERT INTO interacts VALUES(784672718113, 1, 'Stixxay', 2010, 2274, 1);
INSERT INTO interacts VALUES(784672718113, 1, 'Faker', 2003, 2346, 1);
INSERT INTO interacts VALUES(784672718113, 1, 'Wolf', 2010, 2346, 1);
INSERT INTO interacts VALUES(784672718113, 1, 'Bang', 3340, 2371, 1);
INSERT INTO interacts VALUES(784672718113, 1, 'Duke', 2033, 2404, 1);
INSERT INTO interacts VALUES(784672718113, 1, 'Darshan', 2033, 2436, 1);
INSERT INTO interacts VALUES(784672718113, 1, 'Huhi', 1056, 2469, 1);
INSERT INTO interacts VALUES(784672718113, 1, 'Stixxay', 1055, 2502, 1);
INSERT INTO interacts VALUES(784672718113, 1, 'Blank', 3340, 2535, 1);
INSERT INTO interacts VALUES(784672718113, 1, 'Faker', 3340, 2632, 1);
INSERT INTO interacts VALUES(784672718113, 1, 'Duke', 3340, 2761, 1);
INSERT INTO interacts VALUES(784672718113, 1, 'Huhi', 2010, 2926, 1);
INSERT INTO interacts VALUES(784672718113, 1, 'Xmithie', 1039, 3085, 1);
INSERT INTO interacts VALUES(784672718113, 1, 'Faker', 2003, 3282, 1);
INSERT INTO interacts VALUES(784672718113, 1, 'Blank', 2031, 3391, 1);
INSERT INTO interacts VALUES(784672718113, 1, 'Wolf', 3340, 3541, 1);
INSERT INTO interacts VALUES(784672718113, 1, 'aphromoo', 3303, 3704, 1);
INSERT INTO interacts VALUES(784672718113, 1, 'Xmithie', 2031, 3909, 1);
INSERT INTO interacts VALUES(784672718113, 1, 'aphromoo', 2010, 4190, 1);
INSERT INTO interacts VALUES(784672718113, 1, 'aphromoo', 2010, 4288, 1);
INSERT INTO interacts VALUES(784672718113, 1, 'aphromoo', 2010, 4354, 1);
INSERT INTO interacts VALUES(784672718113, 1, 'Huhi', 1056, 188990, 1);
INSERT INTO interacts VALUES(784672718113, 1, 'Huhi', 2010, 189382, 1);
INSERT INTO interacts VALUES(784672718113, 1, 'Xmithie', 1041, 210957, 1);
INSERT INTO interacts VALUES(784672718113, 1, 'Xmithie', 2043, 212314, 1);
INSERT INTO interacts VALUES(784672718113, 1, 'aphromoo', 1001, 217079, 1);
INSERT INTO interacts VALUES(784672718113, 1, 'aphromoo', 2010, 218186, 1);
INSERT INTO interacts VALUES(784672718113, 1, 'Faker', 3108, 224053, 1);
INSERT INTO interacts VALUES(784672718113, 1, 'Faker', 2043, 224740, 1);
INSERT INTO interacts VALUES(784672718113, 1, 'Blank', 1041, 245287, 1);
INSERT INTO interacts VALUES(784672718113, 1, 'Blank', 2043, 249136, 1);
INSERT INTO interacts VALUES(784672718113, 1, 'Duke', 1036, 254901, 1);
INSERT INTO interacts VALUES(784672718113, 1, 'Duke', 1036, 255031, 1);
INSERT INTO interacts VALUES(784672718113, 1, 'Duke', 2043, 257246, 1);
INSERT INTO interacts VALUES(784672718113, 1, 'Bang', 3070, 257246, 1);
INSERT INTO interacts VALUES(784672718113, 1, 'Bang', 1001, 258025, 1);
INSERT INTO interacts VALUES(784672718113, 1, 'Huhi', 1001, 276374, 1);
INSERT INTO interacts VALUES(784672718113, 1, 'Huhi', 2010, 277236, 1);
INSERT INTO interacts VALUES(784672718113, 1, 'aphromoo', 2043, 277336, 1);
INSERT INTO interacts VALUES(784672718113, 1, 'Huhi', 2010, 277402, 1);
INSERT INTO interacts VALUES(784672718113, 1, 'Stixxay', 1036, 279657, 1);
INSERT INTO interacts VALUES(784672718113, 1, 'Stixxay', 1036, 279773, 1);
INSERT INTO interacts VALUES(784672718113, 1, 'Stixxay', 2043, 280913, 1);
INSERT INTO interacts VALUES(784672718113, 1, 'Darshan', 1029, 283889, 1);
INSERT INTO interacts VALUES(784672718113, 1, 'Darshan', 1028, 284206, 1);
INSERT INTO interacts VALUES(784672718113, 1, 'Faker', 1042, 299595, 1);
INSERT INTO interacts VALUES(784672718113, 1, 'Faker', 2031, 301294, 1);
INSERT INTO interacts VALUES(784672718113, 1, 'Xmithie', 3711, 315771, 1);
INSERT INTO interacts VALUES(784672718113, 1, 'Xmithie', 1001, 317285, 1);
INSERT INTO interacts VALUES(784672718113, 1, 'Huhi', 1033, 398004, 1);
INSERT INTO interacts VALUES(784672718113, 1, 'Huhi', 2010, 398816, 1);
INSERT INTO interacts VALUES(784672718113, 1, 'Huhi', 2010, 398926, 1);
INSERT INTO interacts VALUES(784672718113, 1, 'Huhi', 2010, 399401, 1);
INSERT INTO interacts VALUES(784672718113, 1, 'Faker', 1042, 420370, 1);
INSERT INTO interacts VALUES(784672718113, 1, 'Faker', 1001, 420859, 1);
INSERT INTO interacts VALUES(784672718113, 1, 'Darshan', 1001, 428253, 1);
INSERT INTO interacts VALUES(784672718113, 1, 'Stixxay', 2010, 429947, 1);
INSERT INTO interacts VALUES(784672718113, 1, 'Duke', 3077, 457491, 1);
INSERT INTO interacts VALUES(784672718113, 1, 'Duke', 1001, 458689, 1);
INSERT INTO interacts VALUES(784672718113, 1, 'aphromoo', 2049, 469736, 1);
INSERT INTO interacts VALUES(784672718113, 1, 'aphromoo', 3341, 470964, 1);
INSERT INTO interacts VALUES(784672718113, 1, 'aphromoo', 2043, 471878, 1);
INSERT INTO interacts VALUES(784672718113, 1, 'aphromoo', 2010, 473569, 1);
INSERT INTO interacts VALUES(784672718113, 1, 'Bang', 3057, 476987, 1);
INSERT INTO interacts VALUES(784672718113, 1, 'Wolf', 2049, 476987, 1);
INSERT INTO interacts VALUES(784672718113, 1, 'Wolf', 1001, 477379, 1);
INSERT INTO interacts VALUES(784672718113, 1, 'Bang', 1029, 478096, 1);
INSERT INTO interacts VALUES(784672718113, 1, 'Wolf', 3341, 478746, 1);
INSERT INTO interacts VALUES(784672718113, 1, 'Stixxay', 1038, 513656, 1);
INSERT INTO interacts VALUES(784672718113, 1, 'Stixxay', 2010, 516430, 1);
INSERT INTO interacts VALUES(784672718113, 1, 'Blank', 3711, 518378, 1);
INSERT INTO interacts VALUES(784672718113, 1, 'Blank', 1052, 519300, 1);
INSERT INTO interacts VALUES(784672718113, 1, 'Blank', 3113, 519690, 1);
INSERT INTO interacts VALUES(784672718113, 1, 'Blank', 1052, 520409, 1);
INSERT INTO interacts VALUES(784672718113, 1, 'Xmithie', 1410, 539316, 1);
INSERT INTO interacts VALUES(784672718113, 1, 'Xmithie', 2043, 540964, 1);
INSERT INTO interacts VALUES(784672718113, 1, 'Huhi', 1057, 564828, 1);
INSERT INTO interacts VALUES(784672718113, 1, 'Huhi', 1026, 565124, 1);
INSERT INTO interacts VALUES(784672718113, 1, 'Huhi', 2010, 565765, 1);
INSERT INTO interacts VALUES(784672718113, 1, 'Huhi', 2010, 567180, 1);
INSERT INTO interacts VALUES(784672718113, 1, 'Huhi', 2010, 640343, 1);
INSERT INTO interacts VALUES(784672718113, 1, 'Huhi', 2010, 640454, 1);
INSERT INTO interacts VALUES(784672718113, 1, 'Wolf', 3009, 643245, 1);
INSERT INTO interacts VALUES(784672718113, 1, 'Wolf', 2043, 644106, 1);
INSERT INTO interacts VALUES(784672718113, 1, 'Faker', 3115, 664307, 1);
INSERT INTO interacts VALUES(784672718113, 1, 'Faker', 2043, 665285, 1);
INSERT INTO interacts VALUES(784672718113, 1, 'Xmithie', 3111, 665285, 1);
INSERT INTO interacts VALUES(784672718113, 1, 'Duke', 1028, 666131, 1);
INSERT INTO interacts VALUES(784672718113, 1, 'Xmithie', 2043, 666453, 1);
INSERT INTO interacts VALUES(784672718113, 1, 'Duke', 1036, 667264, 1);
INSERT INTO interacts VALUES(784672718113, 1, 'Duke', 2043, 668961, 1);
INSERT INTO interacts VALUES(784672718113, 1, 'Blank', 1410, 672357, 1);
INSERT INTO interacts VALUES(784672718113, 1, 'Blank', 1001, 674281, 1);
INSERT INTO interacts VALUES(784672718113, 1, 'Blank', 2043, 675450, 1);
INSERT INTO interacts VALUES(784672718113, 1, 'Bang', 3025, 698761, 1);
INSERT INTO interacts VALUES(784672718113, 1, 'Bang', 2010, 699221, 1);
INSERT INTO interacts VALUES(784672718113, 1, 'Bang', 3363, 700317, 1);
INSERT INTO interacts VALUES(784672718113, 1, 'Bang', 2043, 700589, 1);
INSERT INTO interacts VALUES(784672718113, 1, 'Darshan', 3009, 725137, 1);
INSERT INTO interacts VALUES(784672718113, 1, 'Darshan', 3751, 728165, 1);
INSERT INTO interacts VALUES(784672718113, 1, 'Darshan', 1031, 728620, 1);
INSERT INTO interacts VALUES(784672718113, 1, 'Stixxay', 3133, 730626, 1);
INSERT INTO interacts VALUES(784672718113, 1, 'Darshan', 2043, 730831, 1);
INSERT INTO interacts VALUES(784672718113, 1, 'Stixxay', 3006, 732579, 1);
INSERT INTO interacts VALUES(784672718113, 1, 'Wolf', 2043, 740320, 1);
INSERT INTO interacts VALUES(784672718113, 1, 'Wolf', 2043, 740415, 1);
INSERT INTO interacts VALUES(784672718113, 1, 'aphromoo', 3158, 749949, 1);
INSERT INTO interacts VALUES(784672718113, 1, 'aphromoo', 2043, 751062, 1);
INSERT INTO interacts VALUES(784672718113, 1, 'aphromoo', 2010, 751290, 1);
INSERT INTO interacts VALUES(784672718113, 1, 'Huhi', 3001, 788632, 1);
INSERT INTO interacts VALUES(784672718113, 1, 'Huhi', 2010, 789125, 1);
INSERT INTO interacts VALUES(784672718113, 1, 'Huhi', 2010, 789315, 1);
INSERT INTO interacts VALUES(784672718113, 1, 'Huhi', 2043, 791865, 1);
INSERT INTO interacts VALUES(784672718113, 1, 'Blank', 3009, 794153, 1);
INSERT INTO interacts VALUES(784672718113, 1, 'Blank', 2043, 794903, 1);
INSERT INTO interacts VALUES(784672718113, 1, 'Blank', 3341, 795265, 1);
INSERT INTO interacts VALUES(784672718113, 1, 'Duke', 1037, 869424, 1);
INSERT INTO interacts VALUES(784672718113, 1, 'Duke', 3363, 871118, 1);
INSERT INTO interacts VALUES(784672718113, 1, 'aphromoo', 3098, 878389, 1);
INSERT INTO interacts VALUES(784672718113, 1, 'aphromoo', 2043, 879230, 1);
INSERT INTO interacts VALUES(784672718113, 1, 'Faker', 1058, 898964, 1);
INSERT INTO interacts VALUES(784672718113, 1, 'Faker', 2043, 900394, 1);
INSERT INTO interacts VALUES(784672718113, 1, 'Wolf', 3098, 906771, 1);
INSERT INTO interacts VALUES(784672718113, 1, 'Blank', 3364, 907076, 1);
INSERT INTO interacts VALUES(784672718113, 1, 'Blank', 1028, 908152, 1);
INSERT INTO interacts VALUES(784672718113, 1, 'Blank', 2043, 909208, 1);
INSERT INTO interacts VALUES(784672718113, 1, 'Bang', 1037, 930281, 1);
INSERT INTO interacts VALUES(784672718113, 1, 'Bang', 3158, 931680, 1);
INSERT INTO interacts VALUES(784672718113, 1, 'Darshan', 3068, 948339, 1);
INSERT INTO interacts VALUES(784672718113, 1, 'Stixxay', 3508, 948820, 1);
INSERT INTO interacts VALUES(784672718113, 1, 'Stixxay', 1042, 949324, 1);
INSERT INTO interacts VALUES(784672718113, 1, 'Stixxay', 3363, 949679, 1);
INSERT INTO interacts VALUES(784672718113, 1, 'Darshan', 1033, 949786, 1);
INSERT INTO interacts VALUES(784672718113, 1, 'Darshan', 2043, 950656, 1);
INSERT INTO interacts VALUES(784672718113, 1, 'aphromoo', 2010, 972379, 1);
INSERT INTO interacts VALUES(784672718113, 1, 'aphromoo', 2010, 972536, 1);
INSERT INTO interacts VALUES(784672718113, 1, 'aphromoo', 2010, 972603, 1);
INSERT INTO interacts VALUES(784672718113, 1, 'Duke', 1053, 991918, 1);
INSERT INTO interacts VALUES(784672718113, 1, 'Huhi', 3010, 992386, 1);
INSERT INTO interacts VALUES(784672718113, 1, 'Xmithie', 1026, 999896, 1);
INSERT INTO interacts VALUES(784672718113, 1, 'Xmithie', 1057, 1001393, 1);
INSERT INTO interacts VALUES(784672718113, 1, 'Xmithie', 2032, 1009961, 1);
INSERT INTO interacts VALUES(784672718113, 1, 'Xmithie', 2043, 1010415, 1);
INSERT INTO interacts VALUES(784672718113, 1, 'Xmithie', 3364, 1011196, 1);
INSERT INTO interacts VALUES(784672718113, 1, 'aphromoo', 2301, 1054598, 1);
INSERT INTO interacts VALUES(784672718113, 1, 'aphromoo', 2043, 1056373, 1);
INSERT INTO interacts VALUES(784672718113, 1, 'Bang', 3004, 1073044, 1);
INSERT INTO interacts VALUES(784672718113, 1, 'Blank', 3105, 1073470, 1);
INSERT INTO interacts VALUES(784672718113, 1, 'Bang', 1042, 1077087, 1);
INSERT INTO interacts VALUES(784672718113, 1, 'Huhi', 1026, 1080135, 1);
INSERT INTO interacts VALUES(784672718113, 1, 'Darshan', 3140, 1081308, 1);
INSERT INTO interacts VALUES(784672718113, 1, 'Wolf', 2301, 1082184, 1);
INSERT INTO interacts VALUES(784672718113, 1, 'Duke', 3074, 1082445, 1);
INSERT INTO interacts VALUES(784672718113, 1, 'Darshan', 2043, 1082804, 1);
INSERT INTO interacts VALUES(784672718113, 1, 'Stixxay', 3086, 1083166, 1);
INSERT INTO interacts VALUES(784672718113, 1, 'Wolf', 3114, 1083783, 1);
INSERT INTO interacts VALUES(784672718113, 1, 'Duke', 1029, 1084150, 1);
INSERT INTO interacts VALUES(784672718113, 1, 'Stixxay', 2043, 1084181, 1);
INSERT INTO interacts VALUES(784672718113, 1, 'Stixxay', 2010, 1084446, 1);
INSERT INTO interacts VALUES(784672718113, 1, 'Wolf', 2043, 1085854, 1);
INSERT INTO interacts VALUES(784672718113, 1, 'Duke', 3047, 1089867, 1);
INSERT INTO interacts VALUES(784672718113, 1, 'Faker', 3116, 1105293, 1);
INSERT INTO interacts VALUES(784672718113, 1, 'Faker', 2043, 1106070, 1);
INSERT INTO interacts VALUES(784672718113, 1, 'Xmithie', 3001, 1134712, 1);
INSERT INTO interacts VALUES(784672718113, 1, 'Xmithie', 2043, 1135545, 1);
INSERT INTO interacts VALUES(784672718113, 1, 'Duke', 1033, 1178024, 1);
INSERT INTO interacts VALUES(784672718113, 1, 'Wolf', 2043, 1228682, 1);
INSERT INTO interacts VALUES(784672718113, 1, 'Wolf', 2043, 1228771, 1);
INSERT INTO interacts VALUES(784672718113, 1, 'Wolf', 2010, 1231654, 1);
INSERT INTO interacts VALUES(784672718113, 1, 'Wolf', 2010, 1231778, 1);
INSERT INTO interacts VALUES(784672718113, 1, 'aphromoo', 1028, 1233644, 1);
INSERT INTO interacts VALUES(784672718113, 1, 'aphromoo', 2010, 1234786, 1);
INSERT INTO interacts VALUES(784672718113, 1, 'Duke', 3211, 1234989, 1);
INSERT INTO interacts VALUES(784672718113, 1, 'aphromoo', 2010, 1235059, 1);
INSERT INTO interacts VALUES(784672718113, 1, 'aphromoo', 2010, 1235194, 1);
INSERT INTO interacts VALUES(784672718113, 1, 'Duke', 1029, 1236432, 1);
INSERT INTO interacts VALUES(784672718113, 1, 'Blank', 3108, 1239521, 1);
INSERT INTO interacts VALUES(784672718113, 1, 'Blank', 2043, 1241875, 1);
INSERT INTO interacts VALUES(784672718113, 1, 'Bang', 1043, 1244321, 1);
INSERT INTO interacts VALUES(784672718113, 1, 'Bang', 2043, 1245085, 1);
INSERT INTO interacts VALUES(784672718113, 1, 'Stixxay', 1037, 1254546, 1);
INSERT INTO interacts VALUES(784672718113, 1, 'Stixxay', 2043, 1255620, 1);
INSERT INTO interacts VALUES(784672718113, 1, 'Huhi', 3027, 1264519, 1);
INSERT INTO interacts VALUES(784672718113, 1, 'Huhi', 2010, 1268582, 1);
INSERT INTO interacts VALUES(784672718113, 1, 'Huhi', 2010, 1268707, 1);
INSERT INTO interacts VALUES(784672718113, 1, 'Darshan', 3211, 1275153, 1);
INSERT INTO interacts VALUES(784672718113, 1, 'Darshan', 2043, 1276484, 1);
INSERT INTO interacts VALUES(784672718113, 1, 'Duke', 1027, 1303718, 1);
INSERT INTO interacts VALUES(784672718113, 1, 'Xmithie', 1058, 1366522, 1);
INSERT INTO interacts VALUES(784672718113, 1, 'aphromoo', 3801, 1375175, 1);
INSERT INTO interacts VALUES(784672718113, 1, 'aphromoo', 2010, 1376489, 1);
INSERT INTO interacts VALUES(784672718113, 1, 'aphromoo', 2010, 1376618, 1);
INSERT INTO interacts VALUES(784672718113, 1, 'aphromoo', 2043, 1378284, 1);
INSERT INTO interacts VALUES(784672718113, 1, 'Xmithie', 2043, 1381995, 1);
INSERT INTO interacts VALUES(784672718113, 1, 'Wolf', 3113, 1390535, 1);
INSERT INTO interacts VALUES(784672718113, 1, 'Faker', 3020, 1397615, 1);
INSERT INTO interacts VALUES(784672718113, 1, 'Bang', 1053, 1398043, 1);
INSERT INTO interacts VALUES(784672718113, 1, 'Faker', 1026, 1398404, 1);
INSERT INTO interacts VALUES(784672718113, 1, 'Blank', 3060, 1398434, 1);
INSERT INTO interacts VALUES(784672718113, 1, 'Huhi', 3111, 1402715, 1);
INSERT INTO interacts VALUES(784672718113, 1, 'Huhi', 3158, 1404537, 1);
INSERT INTO interacts VALUES(784672718113, 1, 'Huhi', 2010, 1405687, 1);
INSERT INTO interacts VALUES(784672718113, 1, 'Huhi', 2010, 1405804, 1);
INSERT INTO interacts VALUES(784672718113, 1, 'Duke', 3024, 1421262, 1);
INSERT INTO interacts VALUES(784672718113, 1, 'Duke', 3057, 1428830, 1);
INSERT INTO interacts VALUES(784672718113, 1, 'Darshan', 1308, 1450024, 1);
INSERT INTO interacts VALUES(784672718113, 1, 'Huhi', 1333, 1453976, 1);
INSERT INTO interacts VALUES(784672718113, 1, 'aphromoo', 1033, 1505946, 1);
INSERT INTO interacts VALUES(784672718113, 1, 'Stixxay', 3094, 1512168, 1);
INSERT INTO interacts VALUES(784672718113, 1, 'Stixxay', 2043, 1512877, 1);
INSERT INTO interacts VALUES(784672718113, 1, 'Huhi', 2139, 1525168, 1);
INSERT INTO interacts VALUES(784672718113, 1, 'Wolf', 3504, 1575306, 1);
INSERT INTO interacts VALUES(784672718113, 1, 'Wolf', 2043, 1575869, 1);
INSERT INTO interacts VALUES(784672718113, 1, 'Wolf', 2043, 1576020, 1);
INSERT INTO interacts VALUES(784672718113, 1, 'Wolf', 1028, 1580470, 1);
INSERT INTO interacts VALUES(784672718113, 1, 'Bang', 3153, 1600130, 1);
INSERT INTO interacts VALUES(784672718113, 1, 'Huhi', 3108, 1614446, 1);
INSERT INTO interacts VALUES(784672718113, 1, 'Bang', 1033, 1617478, 1);
INSERT INTO interacts VALUES(784672718113, 1, 'Darshan', 3065, 1619277, 1);
INSERT INTO interacts VALUES(784672718113, 1, 'Darshan', 2043, 1620204, 1);
INSERT INTO interacts VALUES(784672718113, 1, 'Blank', 2031, 1620920, 0);
INSERT INTO interacts VALUES(784672718113, 1, 'Duke', 3025, 1622029, 1);
INSERT INTO interacts VALUES(784672718113, 1, 'Duke', 1028, 1623918, 1);
INSERT INTO interacts VALUES(784672718113, 1, 'Blank', 1011, 1624048, 1);
INSERT INTO interacts VALUES(784672718113, 1, 'aphromoo', 3105, 1625978, 1);
INSERT INTO interacts VALUES(784672718113, 1, 'Blank', 2031, 1627419, 0);
INSERT INTO interacts VALUES(784672718113, 1, 'aphromoo', 3364, 1627774, 1);
INSERT INTO interacts VALUES(784672718113, 1, 'Xmithie', 3191, 1627805, 1);
INSERT INTO interacts VALUES(784672718113, 1, 'aphromoo', 2043, 1628459, 1);
INSERT INTO interacts VALUES(784672718113, 1, 'aphromoo', 2043, 1628584, 1);
INSERT INTO interacts VALUES(784672718113, 1, 'Blank', 1058, 1629078, 1);
INSERT INTO interacts VALUES(784672718113, 1, 'Blank', 1028, 1630773, 1);
INSERT INTO interacts VALUES(784672718113, 1, 'Faker', 3135, 1677186, 1);
INSERT INTO interacts VALUES(784672718113, 1, 'Wolf', 3801, 1678571, 1);
INSERT INTO interacts VALUES(784672718113, 1, 'Wolf', 3364, 1689712, 1);
INSERT INTO interacts VALUES(784672718113, 1, 'Blank', 1011, 1696459, 1);
INSERT INTO interacts VALUES(784672718113, 1, 'Blank', 2031, 1698128, 0);
INSERT INTO interacts VALUES(784672718113, 1, 'Blank', 2043, 1699338, 1);
INSERT INTO interacts VALUES(784672718113, 1, 'Faker', 3363, 1699436, 1);
INSERT INTO interacts VALUES(784672718113, 1, 'Stixxay', 3035, 1703611, 1);
INSERT INTO interacts VALUES(784672718113, 1, 'Xmithie', 3157, 1703907, 1);
INSERT INTO interacts VALUES(784672718113, 1, 'Stixxay', 1055, 1704429, 0);
INSERT INTO interacts VALUES(784672718113, 1, 'aphromoo', 3067, 1704496, 1);
INSERT INTO interacts VALUES(784672718113, 1, 'Darshan', 1029, 1705245, 1);
INSERT INTO interacts VALUES(784672718113, 1, 'Stixxay', 3033, 1705505, 1);
INSERT INTO interacts VALUES(784672718113, 1, 'Xmithie', 2043, 1705798, 1);
INSERT INTO interacts VALUES(784672718113, 1, 'Stixxay', 2043, 1706455, 1);
INSERT INTO interacts VALUES(784672718113, 1, 'Darshan', 1031, 1725574, 1);
INSERT INTO interacts VALUES(784672718113, 1, 'Blank', 2043, 1788916, 1);
INSERT INTO interacts VALUES(784672718113, 1, 'Bang', 3140, 1794756, 1);
INSERT INTO interacts VALUES(784672718113, 1, 'Wolf', 2043, 1795151, 1);
INSERT INTO interacts VALUES(784672718113, 1, 'Wolf', 1033, 1797050, 1);
INSERT INTO interacts VALUES(784672718113, 1, 'aphromoo', 3190, 1797970, 1);
INSERT INTO interacts VALUES(784672718113, 1, 'aphromoo', 2010, 1799543, 1);
INSERT INTO interacts VALUES(784672718113, 1, 'aphromoo', 2010, 1799622, 1);
INSERT INTO interacts VALUES(784672718113, 1, 'Huhi', 3165, 1812995, 1);
INSERT INTO interacts VALUES(784672718113, 1, 'Xmithie', 1058, 1814629, 1);
INSERT INTO interacts VALUES(784672718113, 1, 'Duke', 3065, 1818451, 1);
INSERT INTO interacts VALUES(784672718113, 1, 'Duke', 2043, 1820476, 1);
INSERT INTO interacts VALUES(784672718113, 1, 'aphromoo', 1029, 1887180, 1);
INSERT INTO interacts VALUES(784672718113, 1, 'aphromoo', 2010, 1889127, 1);
INSERT INTO interacts VALUES(784672718113, 1, 'Darshan', 2033, 1894818, 0);
INSERT INTO interacts VALUES(784672718113, 1, 'Darshan', 1057, 1896712, 1);
INSERT INTO interacts VALUES(784672718113, 1, 'Blank', 3116, 1900488, 1);
INSERT INTO interacts VALUES(784672718113, 1, 'Blank', 2043, 1902414, 1);
INSERT INTO interacts VALUES(784672718113, 1, 'Wolf', 3105, 1915083, 1);
INSERT INTO interacts VALUES(784672718113, 1, 'Wolf', 2043, 1917112, 1);
INSERT INTO interacts VALUES(784672718113, 1, 'Faker', 2031, 1929507, 0);
INSERT INTO interacts VALUES(784672718113, 1, 'Faker', 1058, 1930713, 1);
INSERT INTO interacts VALUES(784672718113, 1, 'Stixxay', 1038, 1931199, 1);
INSERT INTO interacts VALUES(784672718113, 1, 'Stixxay', 2043, 1932379, 1);
INSERT INTO interacts VALUES(784672718113, 1, 'Bang', 1055, 1939644, 0);
INSERT INTO interacts VALUES(784672718113, 1, 'Bang', 3035, 1940635, 1);
INSERT INTO interacts VALUES(784672718113, 1, 'Duke', 2043, 1959924, 0);
INSERT INTO interacts VALUES(784672718113, 1, 'Duke', 1011, 1961540, 1);
INSERT INTO interacts VALUES(784672718113, 1, 'Huhi', 1056, 1970158, 0);
INSERT INTO interacts VALUES(784672718113, 1, 'Huhi', 3191, 1970875, 1);
INSERT INTO interacts VALUES(784672718113, 1, 'Darshan', 2138, 2012831, 1);
INSERT INTO interacts VALUES(784672718113, 1, 'Xmithie', 2032, 2061507, 0);
INSERT INTO interacts VALUES(784672718113, 1, 'Xmithie', 1011, 2065223, 1);
INSERT INTO interacts VALUES(784672718113, 1, 'aphromoo', 3024, 2073901, 1);
INSERT INTO interacts VALUES(784672718113, 1, 'aphromoo', 2010, 2074813, 1);
INSERT INTO interacts VALUES(784672718113, 1, 'aphromoo', 2010, 2074909, 1);
INSERT INTO matches VALUES(784672718113, 2, '2016-05-14');
INSERT INTO scores VALUES('CLG', 784672718113, 2, 0, 4, 1, 0, 1, 0);
INSERT INTO scores VALUES('SKT', 784672718113, 2, 3, 11, 1, 1, 3, 1);
INSERT INTO bans VALUES(784672718113, 2, 12, 1);
INSERT INTO bans VALUES(784672718113, 2, 15, 3);
INSERT INTO bans VALUES(784672718113, 2, 57, 5);
INSERT INTO bans VALUES(784672718113, 2, 136, 2);
INSERT INTO bans VALUES(784672718113, 2, 432, 4);
INSERT INTO bans VALUES(784672718113, 2, 13, 6);
INSERT INTO plays VALUES(784672718113, 2, 'Darshan', 78, 'Top', 2, 2, 4, 12919, 16, 2, 182, 0, 0, 10826);
INSERT INTO plays VALUES(784672718113, 2, 'Xmithie', 76, 'Jungle', 1, 2, 3, 14766, 24, 22, 49, 109, 27, 11989);
INSERT INTO plays VALUES(784672718113, 2, 'Huhi', 245, 'Mid', 2, 5, 4, 20915, 17, 4, 204, 6, 0, 10807);
INSERT INTO plays VALUES(784672718113, 2, 'Stixxay', 236, 'ADC', 2, 3, 1, 16270, 15, 6, 283, 13, 0, 12972);
INSERT INTO plays VALUES(784672718113, 2, 'aphromoo', 16, 'Support', 0, 3, 4, 3784, 36, 6, 9, 1, 1, 7862);
INSERT INTO plays VALUES(784672718113, 2, 'Duke', 48, 'Top', 1, 2, 6, 10400, 15, 3, 264, 14, 3, 14427);
INSERT INTO plays VALUES(784672718113, 2, 'Blank', 60, 'Jungle', 2, 1, 8, 12636, 35, 12, 22, 61, 22, 11799);
INSERT INTO plays VALUES(784672718113, 2, 'Faker', 268, 'Mid', 8, 4, 5, 30894, 20, 6, 264, 18, 4, 15619);
INSERT INTO plays VALUES(784672718113, 2, 'Bang', 81, 'ADC', 4, 0, 7, 30363, 17, 7, 268, 17, 3, 14967);
INSERT INTO plays VALUES(784672718113, 2, 'Wolf', 267, 'Support', 0, 0, 11, 4082, 44, 17, 21, 0, 1, 9864);
INSERT INTO interacts VALUES(784672718113, 2, 'Huhi', 1056, 1440, 1);
INSERT INTO interacts VALUES(784672718113, 2, 'Stixxay', 3340, 1440, 1);
INSERT INTO interacts VALUES(784672718113, 2, 'Wolf', 3303, 1537, 1);
INSERT INTO interacts VALUES(784672718113, 2, 'Huhi', 2010, 1602, 1);
INSERT INTO interacts VALUES(784672718113, 2, 'Xmithie', 3340, 1635, 1);
INSERT INTO interacts VALUES(784672718113, 2, 'Stixxay', 2010, 1733, 1);
INSERT INTO interacts VALUES(784672718113, 2, 'Huhi', 2010, 1733, 1);
INSERT INTO interacts VALUES(784672718113, 2, 'Wolf', 2010, 1769, 1);
INSERT INTO interacts VALUES(784672718113, 2, 'aphromoo', 3340, 1801, 1);
INSERT INTO interacts VALUES(784672718113, 2, 'Duke', 2033, 1801, 1);
INSERT INTO interacts VALUES(784672718113, 2, 'Wolf', 2010, 1902, 1);
INSERT INTO interacts VALUES(784672718113, 2, 'Stixxay', 1055, 2000, 1);
INSERT INTO interacts VALUES(784672718113, 2, 'Duke', 3340, 2032, 1);
INSERT INTO interacts VALUES(784672718113, 2, 'Wolf', 2010, 2032, 1);
INSERT INTO interacts VALUES(784672718113, 2, 'Huhi', 3340, 2032, 1);
INSERT INTO interacts VALUES(784672718113, 2, 'Wolf', 3340, 2199, 1);
INSERT INTO interacts VALUES(784672718113, 2, 'Faker', 1056, 2296, 1);
INSERT INTO interacts VALUES(784672718113, 2, 'Darshan', 3340, 2394, 1);
INSERT INTO interacts VALUES(784672718113, 2, 'Faker', 3340, 2526, 1);
INSERT INTO interacts VALUES(784672718113, 2, 'Blank', 1039, 2641, 1);
INSERT INTO interacts VALUES(784672718113, 2, 'Xmithie', 1039, 2757, 1);
INSERT INTO interacts VALUES(784672718113, 2, 'Faker', 2003, 2790, 1);
INSERT INTO interacts VALUES(784672718113, 2, 'Darshan', 2033, 2821, 1);
INSERT INTO interacts VALUES(784672718113, 2, 'Bang', 1055, 2906, 1);
INSERT INTO interacts VALUES(784672718113, 2, 'aphromoo', 3303, 2906, 1);
INSERT INTO interacts VALUES(784672718113, 2, 'Faker', 2003, 2922, 1);
INSERT INTO interacts VALUES(784672718113, 2, 'Blank', 3340, 2952, 1);
INSERT INTO interacts VALUES(784672718113, 2, 'Xmithie', 2031, 3052, 1);
INSERT INTO interacts VALUES(784672718113, 2, 'Bang', 2010, 3086, 1);
INSERT INTO interacts VALUES(784672718113, 2, 'aphromoo', 2010, 3252, 1);
INSERT INTO interacts VALUES(784672718113, 2, 'Bang', 3340, 3315, 1);
INSERT INTO interacts VALUES(784672718113, 2, 'aphromoo', 2010, 3431, 1);
INSERT INTO interacts VALUES(784672718113, 2, 'aphromoo', 2010, 3479, 1);
INSERT INTO interacts VALUES(784672718113, 2, 'Blank', 2031, 4003, 1);
INSERT INTO interacts VALUES(784672718113, 2, 'Huhi', 1056, 191585, 1);
INSERT INTO interacts VALUES(784672718113, 2, 'Huhi', 2010, 191971, 1);
INSERT INTO interacts VALUES(784672718113, 2, 'Stixxay', 1083, 208165, 1);
INSERT INTO interacts VALUES(784672718113, 2, 'Stixxay', 2043, 209866, 1);
INSERT INTO interacts VALUES(784672718113, 2, 'aphromoo', 1028, 218680, 1);
INSERT INTO interacts VALUES(784672718113, 2, 'Bang', 1083, 220091, 1);
INSERT INTO interacts VALUES(784672718113, 2, 'Bang', 2043, 220893, 1);
INSERT INTO interacts VALUES(784672718113, 2, 'Wolf', 1028, 224581, 1);
INSERT INTO interacts VALUES(784672718113, 2, 'Wolf', 2010, 226469, 0);
INSERT INTO interacts VALUES(784672718113, 2, 'Wolf', 2043, 227450, 1);
INSERT INTO interacts VALUES(784672718113, 2, 'Duke', 1036, 270422, 1);
INSERT INTO interacts VALUES(784672718113, 2, 'Duke', 1036, 270628, 1);
INSERT INTO interacts VALUES(784672718113, 2, 'Duke', 2043, 271445, 1);
INSERT INTO interacts VALUES(784672718113, 2, 'Huhi', 1033, 276011, 1);
INSERT INTO interacts VALUES(784672718113, 2, 'Huhi', 2010, 277507, 1);
INSERT INTO interacts VALUES(784672718113, 2, 'Huhi', 2010, 277638, 1);
INSERT INTO interacts VALUES(784672718113, 2, 'Xmithie', 3711, 281535, 1);
INSERT INTO interacts VALUES(784672718113, 2, 'Blank', 3711, 282158, 1);
INSERT INTO interacts VALUES(784672718113, 2, 'Blank', 1052, 283074, 1);
INSERT INTO interacts VALUES(784672718113, 2, 'Xmithie', 2032, 283279, 1);
INSERT INTO interacts VALUES(784672718113, 2, 'Darshan', 3009, 286176, 1);
INSERT INTO interacts VALUES(784672718113, 2, 'Xmithie', 1001, 291179, 1);
INSERT INTO interacts VALUES(784672718113, 2, 'Faker', 1056, 305771, 1);
INSERT INTO interacts VALUES(784672718113, 2, 'Faker', 1042, 307126, 1);
INSERT INTO interacts VALUES(784672718113, 2, 'Faker', 1042, 307255, 1);
INSERT INTO interacts VALUES(784672718113, 2, 'Faker', 2043, 307936, 1);
INSERT INTO interacts VALUES(784672718113, 2, 'Faker', 2003, 308300, 1);
INSERT INTO interacts VALUES(784672718113, 2, 'Wolf', 3341, 337378, 1);
INSERT INTO interacts VALUES(784672718113, 2, 'Bang', 3070, 341095, 1);
INSERT INTO interacts VALUES(784672718113, 2, 'Wolf', 2049, 342428, 1);
INSERT INTO interacts VALUES(784672718113, 2, 'Faker', 1001, 364706, 1);
INSERT INTO interacts VALUES(784672718113, 2, 'Huhi', 3111, 390344, 1);
INSERT INTO interacts VALUES(784672718113, 2, 'Huhi', 2010, 391190, 1);
INSERT INTO interacts VALUES(784672718113, 2, 'Huhi', 2010, 391319, 1);
INSERT INTO interacts VALUES(784672718113, 2, 'Stixxay', 1038, 393960, 1);
INSERT INTO interacts VALUES(784672718113, 2, 'Darshan', 1028, 394121, 1);
INSERT INTO interacts VALUES(784672718113, 2, 'aphromoo', 2049, 396817, 1);
INSERT INTO interacts VALUES(784672718113, 2, 'aphromoo', 1001, 397922, 1);
INSERT INTO interacts VALUES(784672718113, 2, 'aphromoo', 2010, 398801, 1);
INSERT INTO interacts VALUES(784672718113, 2, 'aphromoo', 3341, 400561, 1);
INSERT INTO interacts VALUES(784672718113, 2, 'aphromoo', 2010, 401081, 1);
INSERT INTO interacts VALUES(784672718113, 2, 'Duke', 3077, 435195, 1);
INSERT INTO interacts VALUES(784672718113, 2, 'Duke', 1001, 436376, 1);
INSERT INTO interacts VALUES(784672718113, 2, 'Wolf', 1001, 454826, 1);
INSERT INTO interacts VALUES(784672718113, 2, 'Bang', 1001, 469058, 1);
INSERT INTO interacts VALUES(784672718113, 2, 'Blank', 3113, 493420, 1);
INSERT INTO interacts VALUES(784672718113, 2, 'Blank', 1052, 494309, 1);
INSERT INTO interacts VALUES(784672718113, 2, 'Blank', 2043, 495508, 1);
INSERT INTO interacts VALUES(784672718113, 2, 'Xmithie', 3113, 506987, 1);
INSERT INTO interacts VALUES(784672718113, 2, 'Xmithie', 2043, 508789, 1);
INSERT INTO interacts VALUES(784672718113, 2, 'Xmithie', 1410, 578816, 1);
INSERT INTO interacts VALUES(784672718113, 2, 'Xmithie', 2043, 580327, 1);
INSERT INTO interacts VALUES(784672718113, 2, 'Duke', 1053, 605621, 1);
INSERT INTO interacts VALUES(784672718113, 2, 'aphromoo', 3158, 617547, 1);
INSERT INTO interacts VALUES(784672718113, 2, 'Stixxay', 3133, 618332, 1);
INSERT INTO interacts VALUES(784672718113, 2, 'aphromoo', 2043, 618497, 1);
INSERT INTO interacts VALUES(784672718113, 2, 'aphromoo', 2010, 618744, 1);
INSERT INTO interacts VALUES(784672718113, 2, 'aphromoo', 2010, 618859, 1);
INSERT INTO interacts VALUES(784672718113, 2, 'Stixxay', 1018, 620716, 1);
INSERT INTO interacts VALUES(784672718113, 2, 'Huhi', 1026, 621657, 1);
INSERT INTO interacts VALUES(784672718113, 2, 'Huhi', 1028, 622050, 1);
INSERT INTO interacts VALUES(784672718113, 2, 'Stixxay', 2010, 624036, 1);
INSERT INTO interacts VALUES(784672718113, 2, 'Bang', 3057, 625611, 1);
INSERT INTO interacts VALUES(784672718113, 2, 'Bang', 2010, 626166, 1);
INSERT INTO interacts VALUES(784672718113, 2, 'Faker', 3101, 635323, 1);
INSERT INTO interacts VALUES(784672718113, 2, 'Faker', 3108, 635550, 1);
INSERT INTO interacts VALUES(784672718113, 2, 'Faker', 2043, 636884, 1);
INSERT INTO interacts VALUES(784672718113, 2, 'Huhi', 2010, 638188, 1);
INSERT INTO interacts VALUES(784672718113, 2, 'Wolf', 3009, 640728, 1);
INSERT INTO interacts VALUES(784672718113, 2, 'Blank', 1410, 648419, 1);
INSERT INTO interacts VALUES(784672718113, 2, 'Blank', 1001, 650261, 1);
INSERT INTO interacts VALUES(784672718113, 2, 'Blank', 2043, 652308, 1);
INSERT INTO interacts VALUES(784672718113, 2, 'Darshan', 3751, 655744, 1);
INSERT INTO interacts VALUES(784672718113, 2, 'Darshan', 1031, 656499, 1);
INSERT INTO interacts VALUES(784672718113, 2, 'Darshan', 2043, 658454, 1);
INSERT INTO interacts VALUES(784672718113, 2, 'Stixxay', 3508, 671614, 1);
INSERT INTO interacts VALUES(784672718113, 2, 'aphromoo', 3098, 756909, 1);
INSERT INTO interacts VALUES(784672718113, 2, 'aphromoo', 2043, 758037, 1);
INSERT INTO interacts VALUES(784672718113, 2, 'aphromoo', 2010, 758283, 1);
INSERT INTO interacts VALUES(784672718113, 2, 'Wolf', 2043, 769699, 1);
INSERT INTO interacts VALUES(784672718113, 2, 'Wolf', 2043, 769831, 1);
INSERT INTO interacts VALUES(784672718113, 2, 'Wolf', 2010, 770090, 1);
INSERT INTO interacts VALUES(784672718113, 2, 'Blank', 1028, 770356, 1);
INSERT INTO interacts VALUES(784672718113, 2, 'Blank', 1028, 770546, 1);
INSERT INTO interacts VALUES(784672718113, 2, 'Blank', 3341, 772810, 1);
INSERT INTO interacts VALUES(784672718113, 2, 'Bang', 2010, 788778, 0);
INSERT INTO interacts VALUES(784672718113, 2, 'Bang', 1037, 790796, 1);
INSERT INTO interacts VALUES(784672718113, 2, 'Faker', 3020, 815955, 1);
INSERT INTO interacts VALUES(784672718113, 2, 'Faker', 2043, 817127, 1);
INSERT INTO interacts VALUES(784672718113, 2, 'Darshan', 3068, 864575, 1);
INSERT INTO interacts VALUES(784672718113, 2, 'Huhi', 3010, 868022, 1);
INSERT INTO interacts VALUES(784672718113, 2, 'aphromoo', 2301, 877937, 1);
INSERT INTO interacts VALUES(784672718113, 2, 'Bang', 3004, 885709, 1);
INSERT INTO interacts VALUES(784672718113, 2, 'Bang', 1029, 886977, 1);
INSERT INTO interacts VALUES(784672718113, 2, 'Duke', 3074, 888344, 1);
INSERT INTO interacts VALUES(784672718113, 2, 'Duke', 1029, 889597, 1);
INSERT INTO interacts VALUES(784672718113, 2, 'Blank', 1033, 892122, 1);
INSERT INTO interacts VALUES(784672718113, 2, 'Wolf', 3098, 897808, 1);
INSERT INTO interacts VALUES(784672718113, 2, 'Wolf', 2031, 899110, 1);
INSERT INTO interacts VALUES(784672718113, 2, 'Xmithie', 3001, 929960, 1);
INSERT INTO interacts VALUES(784672718113, 2, 'Stixxay', 3009, 930874, 1);
INSERT INTO interacts VALUES(784672718113, 2, 'Xmithie', 2043, 930991, 1);
INSERT INTO interacts VALUES(784672718113, 2, 'Xmithie', 3364, 931923, 1);
INSERT INTO interacts VALUES(784672718113, 2, 'Stixxay', 1051, 934046, 1);
INSERT INTO interacts VALUES(784672718113, 2, 'Stixxay', 1042, 934731, 1);
INSERT INTO interacts VALUES(784672718113, 2, 'Stixxay', 3363, 935557, 1);
INSERT INTO interacts VALUES(784672718113, 2, 'Huhi', 1056, 959411, 0);
INSERT INTO interacts VALUES(784672718113, 2, 'Huhi', 3027, 968397, 1);
INSERT INTO interacts VALUES(784672718113, 2, 'Blank', 3105, 1007886, 1);
INSERT INTO interacts VALUES(784672718113, 2, 'Bang', 3025, 1010489, 1);
INSERT INTO interacts VALUES(784672718113, 2, 'Bang', 3363, 1011135, 1);
INSERT INTO interacts VALUES(784672718113, 2, 'Bang', 2043, 1011327, 1);
INSERT INTO interacts VALUES(784672718113, 2, 'Wolf', 2301, 1013050, 1);
INSERT INTO interacts VALUES(784672718113, 2, 'Bang', 2010, 1015289, 1);
INSERT INTO interacts VALUES(784672718113, 2, 'Faker', 3115, 1016309, 1);
INSERT INTO interacts VALUES(784672718113, 2, 'Faker', 1028, 1018009, 1);
INSERT INTO interacts VALUES(784672718113, 2, 'aphromoo', 1028, 1056665, 1);
INSERT INTO interacts VALUES(784672718113, 2, 'aphromoo', 2043, 1057909, 1);
INSERT INTO interacts VALUES(784672718113, 2, 'aphromoo', 2043, 1058166, 1);
INSERT INTO interacts VALUES(784672718113, 2, 'aphromoo', 2010, 1062857, 1);
INSERT INTO interacts VALUES(784672718113, 2, 'aphromoo', 2010, 1064003, 1);
INSERT INTO interacts VALUES(784672718113, 2, 'Faker', 2043, 1091422, 1);
INSERT INTO interacts VALUES(784672718113, 2, 'Huhi', 3108, 1094740, 1);
INSERT INTO interacts VALUES(784672718113, 2, 'Huhi', 1004, 1095900, 1);
INSERT INTO interacts VALUES(784672718113, 2, 'Huhi', 2010, 1096111, 1);
INSERT INTO interacts VALUES(784672718113, 2, 'Duke', 3024, 1102520, 1);
INSERT INTO interacts VALUES(784672718113, 2, 'Duke', 3009, 1105035, 1);
INSERT INTO interacts VALUES(784672718113, 2, 'Xmithie', 3009, 1105980, 1);
INSERT INTO interacts VALUES(784672718113, 2, 'Xmithie', 1028, 1109613, 1);
INSERT INTO interacts VALUES(784672718113, 2, 'Stixxay', 3086, 1111651, 1);
INSERT INTO interacts VALUES(784672718113, 2, 'Stixxay', 2015, 1112846, 1);
INSERT INTO interacts VALUES(784672718113, 2, 'Stixxay', 1053, 1117792, 1);
INSERT INTO interacts VALUES(784672718113, 2, 'Darshan', 3211, 1123487, 1);
INSERT INTO interacts VALUES(784672718113, 2, 'Darshan', 3140, 1124899, 1);
INSERT INTO interacts VALUES(784672718113, 2, 'Darshan', 1028, 1127591, 1);
INSERT INTO interacts VALUES(784672718113, 2, 'Blank', 3190, 1133104, 1);
INSERT INTO interacts VALUES(784672718113, 2, 'Blank', 3364, 1134768, 1);
INSERT INTO interacts VALUES(784672718113, 2, 'Blank', 2043, 1135065, 1);
INSERT INTO interacts VALUES(784672718113, 2, 'Bang', 3158, 1141765, 1);
INSERT INTO interacts VALUES(784672718113, 2, 'Huhi', 3114, 1177220, 1);
INSERT INTO interacts VALUES(784672718113, 2, 'Huhi', 2010, 1178292, 1);
INSERT INTO interacts VALUES(784672718113, 2, 'Huhi', 2010, 1179953, 1);
INSERT INTO interacts VALUES(784672718113, 2, 'Darshan', 3211, 1204871, 1);
INSERT INTO interacts VALUES(784672718113, 2, 'aphromoo', 3801, 1224165, 1);
INSERT INTO interacts VALUES(784672718113, 2, 'aphromoo', 2043, 1225913, 1);
INSERT INTO interacts VALUES(784672718113, 2, 'Wolf', 3114, 1234602, 1);
INSERT INTO interacts VALUES(784672718113, 2, 'Wolf', 2043, 1235336, 1);
INSERT INTO interacts VALUES(784672718113, 2, 'Wolf', 2043, 1235468, 1);
INSERT INTO interacts VALUES(784672718113, 2, 'Darshan', 2043, 1237685, 1);
INSERT INTO interacts VALUES(784672718113, 2, 'Blank', 2031, 1245405, 0);
INSERT INTO interacts VALUES(784672718113, 2, 'Blank', 3009, 1246885, 1);
INSERT INTO interacts VALUES(784672718113, 2, 'Faker', 1058, 1251357, 1);
INSERT INTO interacts VALUES(784672718113, 2, 'Duke', 3211, 1265866, 1);
INSERT INTO interacts VALUES(784672718113, 2, 'Huhi', 1052, 1348765, 1);
INSERT INTO interacts VALUES(784672718113, 2, 'Faker', 1011, 1358099, 1);
INSERT INTO interacts VALUES(784672718113, 2, 'Darshan', 1308, 1370045, 1);
INSERT INTO interacts VALUES(784672718113, 2, 'aphromoo', 1033, 1377318, 1);
INSERT INTO interacts VALUES(784672718113, 2, 'Duke', 1308, 1391670, 1);
INSERT INTO interacts VALUES(784672718113, 2, 'Wolf', 3113, 1394865, 1);
INSERT INTO interacts VALUES(784672718113, 2, 'Wolf', 2043, 1395454, 1);
INSERT INTO interacts VALUES(784672718113, 2, 'Wolf', 2043, 1395621, 1);
INSERT INTO interacts VALUES(784672718113, 2, 'Duke', 3067, 1395817, 1);
INSERT INTO interacts VALUES(784672718113, 2, 'Bang', 1083, 1395966, 0);
INSERT INTO interacts VALUES(784672718113, 2, 'Bang', 3144, 1397342, 1);
INSERT INTO interacts VALUES(784672718113, 2, 'Blank', 1029, 1404454, 1);
INSERT INTO interacts VALUES(784672718113, 2, 'Blank', 2043, 1405139, 1);
INSERT INTO interacts VALUES(784672718113, 2, 'Blank', 1028, 1406875, 1);
INSERT INTO interacts VALUES(784672718113, 2, 'Xmithie', 1011, 1412462, 1);
INSERT INTO interacts VALUES(784672718113, 2, 'Xmithie', 1058, 1412953, 1);
INSERT INTO interacts VALUES(784672718113, 2, 'Stixxay', 3094, 1415549, 1);
INSERT INTO interacts VALUES(784672718113, 2, 'Stixxay', 1083, 1418758, 0);
INSERT INTO interacts VALUES(784672718113, 2, 'Stixxay', 2043, 1419724, 1);
INSERT INTO interacts VALUES(784672718113, 2, 'Huhi', 3165, 1428268, 1);
INSERT INTO interacts VALUES(784672718113, 2, 'Huhi', 2043, 1429341, 1);
INSERT INTO interacts VALUES(784672718113, 2, 'Huhi', 2010, 1429961, 1);
INSERT INTO interacts VALUES(784672718113, 2, 'Huhi', 2010, 1432600, 1);
INSERT INTO interacts VALUES(784672718113, 2, 'Huhi', 2010, 1433737, 1);
INSERT INTO interacts VALUES(784672718113, 2, 'aphromoo', 3105, 1433773, 1);
INSERT INTO interacts VALUES(784672718113, 2, 'Faker', 3116, 1507804, 1);
INSERT INTO interacts VALUES(784672718113, 2, 'aphromoo', 3364, 1515735, 1);
INSERT INTO interacts VALUES(784672718113, 2, 'Wolf', 3364, 1517656, 1);
INSERT INTO interacts VALUES(784672718113, 2, 'Blank', 1011, 1518144, 1);
INSERT INTO interacts VALUES(784672718113, 2, 'aphromoo', 2043, 1522034, 1);
INSERT INTO interacts VALUES(784672718113, 2, 'aphromoo', 1028, 1524677, 1);
INSERT INTO interacts VALUES(784672718113, 2, 'Bang', 1043, 1528127, 1);
INSERT INTO interacts VALUES(784672718113, 2, 'Stixxay', 2043, 1535183, 0);
INSERT INTO interacts VALUES(784672718113, 2, 'Stixxay', 1038, 1535904, 1);
INSERT INTO interacts VALUES(784672718113, 2, 'Huhi', 3191, 1544249, 1);
INSERT INTO interacts VALUES(784672718113, 2, 'Faker', 1026, 1552022, 1);
INSERT INTO interacts VALUES(784672718113, 2, 'Darshan', 3065, 1567956, 1);
INSERT INTO interacts VALUES(784672718113, 2, 'Darshan', 2043, 1568359, 1);
INSERT INTO interacts VALUES(784672718113, 2, 'Bang', 3153, 1576461, 1);
INSERT INTO interacts VALUES(784672718113, 2, 'Bang', 2043, 1577510, 1);
INSERT INTO interacts VALUES(784672718113, 2, 'Blank', 3082, 1633311, 1);
INSERT INTO interacts VALUES(784672718113, 2, 'Blank', 2043, 1635404, 1);
INSERT INTO interacts VALUES(784672718113, 2, 'Huhi', 2010, 1638531, 1);
INSERT INTO interacts VALUES(784672718113, 2, 'Huhi', 2010, 1638772, 1);
INSERT INTO interacts VALUES(784672718113, 2, 'aphromoo', 3067, 1677533, 1);
INSERT INTO interacts VALUES(784672718113, 2, 'aphromoo', 2010, 1678967, 1);
INSERT INTO interacts VALUES(784672718113, 2, 'aphromoo', 2010, 1679080, 1);
INSERT INTO interacts VALUES(784672718113, 2, 'Wolf', 3504, 1710499, 1);
INSERT INTO interacts VALUES(784672718113, 2, 'Wolf', 1033, 1711785, 1);
INSERT INTO interacts VALUES(784672718113, 2, 'Wolf', 2043, 1712357, 1);
INSERT INTO interacts VALUES(784672718113, 2, 'Wolf', 2043, 1712491, 1);
INSERT INTO interacts VALUES(784672718113, 2, 'Blank', 2043, 1712491, 1);
INSERT INTO interacts VALUES(784672718113, 2, 'Darshan', 1029, 1714215, 1);
INSERT INTO interacts VALUES(784672718113, 2, 'Bang', 1033, 1728797, 1);
INSERT INTO interacts VALUES(784672718113, 2, 'Bang', 2140, 1729616, 1);
INSERT INTO interacts VALUES(784672718113, 2, 'Xmithie', 3116, 1734450, 1);
INSERT INTO interacts VALUES(784672718113, 2, 'Xmithie', 2043, 1735336, 1);
INSERT INTO interacts VALUES(784672718113, 2, 'Xmithie', 2043, 1735467, 1);
INSERT INTO interacts VALUES(784672718113, 2, 'Huhi', 2010, 1735891, 1);
INSERT INTO interacts VALUES(784672718113, 2, 'Xmithie', 2139, 1736436, 1);
INSERT INTO interacts VALUES(784672718113, 2, 'Duke', 3065, 1748558, 1);
INSERT INTO interacts VALUES(784672718113, 2, 'Duke', 3082, 1750869, 1);
INSERT INTO interacts VALUES(784672718113, 2, 'Stixxay', 1055, 1759171, 0);
INSERT INTO interacts VALUES(784672718113, 2, 'Faker', 3135, 1760492, 1);
INSERT INTO interacts VALUES(784672718113, 2, 'Stixxay', 1037, 1760688, 1);
INSERT INTO interacts VALUES(784672718113, 2, 'aphromoo', 3190, 1815558, 1);
INSERT INTO interacts VALUES(784672718113, 2, 'Darshan', 1031, 1818310, 1);
INSERT INTO interacts VALUES(784672718113, 2, 'aphromoo', 2043, 1821797, 1);
INSERT INTO interacts VALUES(784672718113, 2, 'aphromoo', 2010, 1822011, 1);
INSERT INTO interacts VALUES(784672718113, 2, 'Xmithie', 2043, 1825556, 1);
INSERT INTO interacts VALUES(784672718113, 2, 'Stixxay', 3035, 1845569, 1);
INSERT INTO interacts VALUES(784672718113, 2, 'Bang', 3140, 1848814, 1);
INSERT INTO interacts VALUES(784672718113, 2, 'Blank', 3143, 1856276, 1);
INSERT INTO interacts VALUES(784672718113, 2, 'Blank', 3098, 1859002, 1);
INSERT INTO interacts VALUES(784672718113, 2, 'Blank', 1026, 1861161, 1);
INSERT INTO interacts VALUES(784672718113, 2, 'Wolf', 3105, 1861389, 1);
INSERT INTO interacts VALUES(784672718113, 2, 'Wolf', 2043, 1862394, 1);
INSERT INTO interacts VALUES(784672718113, 2, 'Wolf', 2043, 1862474, 1);
INSERT INTO interacts VALUES(784672718113, 2, 'Duke', 3110, 1864223, 1);
INSERT INTO interacts VALUES(784672718113, 2, 'Duke', 1011, 1867376, 1);
INSERT INTO interacts VALUES(784672718113, 2, 'Faker', 1056, 1868945, 0);
INSERT INTO interacts VALUES(784672718113, 2, 'Faker', 1058, 1870064, 1);
INSERT INTO interacts VALUES(784672718113, 2, 'Xmithie', 2032, 1917691, 0);
INSERT INTO interacts VALUES(784672718113, 2, 'Xmithie', 1058, 1918934, 1);
INSERT INTO interacts VALUES(784672718113, 2, 'Darshan', 2138, 1947495, 1);
INSERT INTO interacts VALUES(784672718113, 2, 'Huhi', 1058, 2004048, 1);
INSERT INTO interacts VALUES(784672718113, 2, 'Stixxay', 3033, 2028789, 1);
INSERT INTO interacts VALUES(784672718113, 2, 'aphromoo', 3114, 2030032, 1);
INSERT INTO interacts VALUES(784672718113, 2, 'aphromoo', 2010, 2031810, 1);
INSERT INTO interacts VALUES(784672718113, 2, 'aphromoo', 2010, 2031942, 1);
INSERT INTO matches VALUES(784672718113, 3, '2016-05-14');
INSERT INTO scores VALUES('CLG', 784672718113, 3, 0, 1, 1, 0, 0, 0);
INSERT INTO scores VALUES('SKT', 784672718113, 3, 3, 11, 0, 2, 5, 1);
INSERT INTO bans VALUES(784672718113, 3, 12, 1);
INSERT INTO bans VALUES(784672718113, 3, 15, 3);
INSERT INTO bans VALUES(784672718113, 3, 81, 5);
INSERT INTO bans VALUES(784672718113, 3, 136, 2);
INSERT INTO bans VALUES(784672718113, 3, 432, 4);
INSERT INTO bans VALUES(784672718113, 3, 245, 6);
INSERT INTO plays VALUES(784672718113, 3, 'Darshan', 57, 'Top', 1, 5, 6, 12811, 19, 5, 199, 0, 0, 10531);
INSERT INTO plays VALUES(784672718113, 3, 'Xmithie', 203, 'Jungle', 1, 5, 6, 13902, 22, 22, 77, 76, 25, 11519);
INSERT INTO plays VALUES(784672718113, 3, 'Huhi', 69, 'Mid', 1, 5, 6, 19714, 22, 5, 242, 15, 0, 11169);
INSERT INTO plays VALUES(784672718113, 3, 'Stixxay', 51, 'ADC', 4, 3, 1, 27622, 18, 9, 305, 9, 2, 13979);
INSERT INTO plays VALUES(784672718113, 3, 'aphromoo', 16, 'Support', 0, 6, 6, 4180, 39, 6, 11, 0, 2, 8258);
INSERT INTO plays VALUES(784672718113, 3, 'Duke', 78, 'Top', 6, 2, 12, 19100, 19, 4, 288, 0, 2, 16646);
INSERT INTO plays VALUES(784672718113, 3, 'Blank', 60, 'Jungle', 1, 2, 12, 12568, 36, 21, 32, 49, 33, 12670);
INSERT INTO plays VALUES(784672718113, 3, 'Faker', 13, 'Mid', 6, 1, 8, 26348, 21, 10, 264, 20, 18, 16624);
INSERT INTO plays VALUES(784672718113, 3, 'Bang', 236, 'ADC', 10, 2, 9, 40757, 21, 9, 345, 19, 11, 19667);
INSERT INTO plays VALUES(784672718113, 3, 'Wolf', 267, 'Support', 1, 0, 20, 8365, 47, 20, 27, 0, 0, 11643);
INSERT INTO interacts VALUES(784672718113, 3, 'Stixxay', 3340, 1647, 1);
INSERT INTO interacts VALUES(784672718113, 3, 'Huhi', 1056, 1647, 1);
INSERT INTO interacts VALUES(784672718113, 3, 'Huhi', 2010, 1807, 1);
INSERT INTO interacts VALUES(784672718113, 3, 'Stixxay', 2010, 1905, 1);
INSERT INTO interacts VALUES(784672718113, 3, 'aphromoo', 3340, 1968, 1);
INSERT INTO interacts VALUES(784672718113, 3, 'Huhi', 2010, 1968, 1);
INSERT INTO interacts VALUES(784672718113, 3, 'Blank', 1039, 2034, 1);
INSERT INTO interacts VALUES(784672718113, 3, 'Stixxay', 1055, 2107, 1);
INSERT INTO interacts VALUES(784672718113, 3, 'Darshan', 3340, 2165, 1);
INSERT INTO interacts VALUES(784672718113, 3, 'Huhi', 3340, 2262, 1);
INSERT INTO interacts VALUES(784672718113, 3, 'Bang', 1055, 2295, 1);
INSERT INTO interacts VALUES(784672718113, 3, 'Duke', 2033, 2295, 1);
INSERT INTO interacts VALUES(784672718113, 3, 'Xmithie', 3340, 2328, 1);
INSERT INTO interacts VALUES(784672718113, 3, 'Blank', 3340, 2366, 1);
INSERT INTO interacts VALUES(784672718113, 3, 'Darshan', 1056, 2487, 1);
INSERT INTO interacts VALUES(784672718113, 3, 'Duke', 3340, 2520, 1);
INSERT INTO interacts VALUES(784672718113, 3, 'Bang', 2010, 2585, 1);
INSERT INTO interacts VALUES(784672718113, 3, 'Darshan', 2003, 2747, 1);
INSERT INTO interacts VALUES(784672718113, 3, 'Bang', 3340, 2812, 1);
INSERT INTO interacts VALUES(784672718113, 3, 'Darshan', 2003, 2941, 1);
INSERT INTO interacts VALUES(784672718113, 3, 'aphromoo', 3303, 3301, 1);
INSERT INTO interacts VALUES(784672718113, 3, 'Blank', 2031, 3301, 1);
INSERT INTO interacts VALUES(784672718113, 3, 'Faker', 1027, 3591, 1);
INSERT INTO interacts VALUES(784672718113, 3, 'aphromoo', 2010, 3688, 1);
INSERT INTO interacts VALUES(784672718113, 3, 'aphromoo', 2010, 3785, 1);
INSERT INTO interacts VALUES(784672718113, 3, 'Xmithie', 1039, 3818, 1);
INSERT INTO interacts VALUES(784672718113, 3, 'aphromoo', 2010, 3882, 1);
INSERT INTO interacts VALUES(784672718113, 3, 'Faker', 2031, 3920, 1);
INSERT INTO interacts VALUES(784672718113, 3, 'Xmithie', 2031, 4112, 1);
INSERT INTO interacts VALUES(784672718113, 3, 'Wolf', 3303, 4189, 1);
INSERT INTO interacts VALUES(784672718113, 3, 'Faker', 3340, 4307, 1);
INSERT INTO interacts VALUES(784672718113, 3, 'Wolf', 2010, 4706, 1);
INSERT INTO interacts VALUES(784672718113, 3, 'Wolf', 2010, 4829, 1);
INSERT INTO interacts VALUES(784672718113, 3, 'Wolf', 2010, 4991, 1);
INSERT INTO interacts VALUES(784672718113, 3, 'Wolf', 3340, 5254, 1);
INSERT INTO interacts VALUES(784672718113, 3, 'Bang', 1083, 215459, 1);
INSERT INTO interacts VALUES(784672718113, 3, 'Bang', 2043, 216445, 1);
INSERT INTO interacts VALUES(784672718113, 3, 'Stixxay', 1083, 219855, 1);
INSERT INTO interacts VALUES(784672718113, 3, 'Stixxay', 2043, 220246, 1);
INSERT INTO interacts VALUES(784672718113, 3, 'aphromoo', 1028, 226438, 1);
INSERT INTO interacts VALUES(784672718113, 3, 'Darshan', 1056, 240975, 1);
INSERT INTO interacts VALUES(784672718113, 3, 'Darshan', 2043, 242021, 1);
INSERT INTO interacts VALUES(784672718113, 3, 'Wolf', 1028, 281304, 1);
INSERT INTO interacts VALUES(784672718113, 3, 'Wolf', 2043, 282317, 1);
INSERT INTO interacts VALUES(784672718113, 3, 'Duke', 1033, 362589, 1);
INSERT INTO interacts VALUES(784672718113, 3, 'Duke', 1028, 362874, 1);
INSERT INTO interacts VALUES(784672718113, 3, 'Duke', 1001, 364372, 1);
INSERT INTO interacts VALUES(784672718113, 3, 'Duke', 2043, 365282, 1);
INSERT INTO interacts VALUES(784672718113, 3, 'Huhi', 3070, 372497, 1);
INSERT INTO interacts VALUES(784672718113, 3, 'Huhi', 1033, 373884, 1);
INSERT INTO interacts VALUES(784672718113, 3, 'Huhi', 2043, 375190, 1);
INSERT INTO interacts VALUES(784672718113, 3, 'Huhi', 2010, 375384, 1);
INSERT INTO interacts VALUES(784672718113, 3, 'Huhi', 2010, 375706, 1);
INSERT INTO interacts VALUES(784672718113, 3, 'Faker', 3070, 387126, 1);
INSERT INTO interacts VALUES(784672718113, 3, 'Faker', 3010, 387423, 1);
INSERT INTO interacts VALUES(784672718113, 3, 'Xmithie', 3711, 405305, 1);
INSERT INTO interacts VALUES(784672718113, 3, 'Xmithie', 1042, 406287, 1);
INSERT INTO interacts VALUES(784672718113, 3, 'Xmithie', 1042, 406448, 1);
INSERT INTO interacts VALUES(784672718113, 3, 'Blank', 3711, 408690, 1);
INSERT INTO interacts VALUES(784672718113, 3, 'Xmithie', 1001, 408758, 1);
INSERT INTO interacts VALUES(784672718113, 3, 'Xmithie', 2032, 409281, 1);
INSERT INTO interacts VALUES(784672718113, 3, 'Blank', 1052, 409621, 1);
INSERT INTO interacts VALUES(784672718113, 3, 'Xmithie', 2043, 410846, 1);
INSERT INTO interacts VALUES(784672718113, 3, 'Blank', 1028, 413779, 1);
INSERT INTO interacts VALUES(784672718113, 3, 'Stixxay', 1038, 431615, 1);
INSERT INTO interacts VALUES(784672718113, 3, 'aphromoo', 2049, 434870, 1);
INSERT INTO interacts VALUES(784672718113, 3, 'aphromoo', 3341, 436368, 1);
INSERT INTO interacts VALUES(784672718113, 3, 'aphromoo', 2043, 437417, 1);
INSERT INTO interacts VALUES(784672718113, 3, 'Wolf', 2049, 443758, 1);
INSERT INTO interacts VALUES(784672718113, 3, 'Wolf', 3341, 443998, 1);
INSERT INTO interacts VALUES(784672718113, 3, 'Wolf', 2043, 444281, 1);
INSERT INTO interacts VALUES(784672718113, 3, 'Bang', 1038, 461491, 1);
INSERT INTO interacts VALUES(784672718113, 3, 'Bang', 1036, 465166, 1);
INSERT INTO interacts VALUES(784672718113, 3, 'Darshan', 3751, 500677, 1);
INSERT INTO interacts VALUES(784672718113, 3, 'Darshan', 1001, 501774, 1);
INSERT INTO interacts VALUES(784672718113, 3, 'Darshan', 2043, 503255, 1);
INSERT INTO interacts VALUES(784672718113, 3, 'Huhi', 3111, 597517, 1);
INSERT INTO interacts VALUES(784672718113, 3, 'Duke', 3211, 602571, 1);
INSERT INTO interacts VALUES(784672718113, 3, 'Duke', 1028, 602897, 1);
INSERT INTO interacts VALUES(784672718113, 3, 'Stixxay', 3009, 603900, 1);
INSERT INTO interacts VALUES(784672718113, 3, 'Stixxay', 2043, 605367, 1);
INSERT INTO interacts VALUES(784672718113, 3, 'Duke', 1029, 605820, 1);
INSERT INTO interacts VALUES(784672718113, 3, 'Huhi', 1033, 616816, 1);
INSERT INTO interacts VALUES(784672718113, 3, 'Huhi', 2043, 617763, 1);
INSERT INTO interacts VALUES(784672718113, 3, 'Faker', 3009, 632455, 1);
INSERT INTO interacts VALUES(784672718113, 3, 'Faker', 1033, 634603, 1);
INSERT INTO interacts VALUES(784672718113, 3, 'Faker', 2043, 635335, 1);
INSERT INTO interacts VALUES(784672718113, 3, 'Darshan', 1031, 637746, 1);
INSERT INTO interacts VALUES(784672718113, 3, 'Bang', 3133, 638820, 1);
INSERT INTO interacts VALUES(784672718113, 3, 'Bang', 1001, 639699, 1);
INSERT INTO interacts VALUES(784672718113, 3, 'Bang', 2010, 640420, 1);
INSERT INTO interacts VALUES(784672718113, 3, 'Wolf', 1001, 646568, 1);
INSERT INTO interacts VALUES(784672718113, 3, 'Wolf', 2043, 647717, 1);
INSERT INTO interacts VALUES(784672718113, 3, 'Wolf', 2043, 647876, 1);
INSERT INTO interacts VALUES(784672718113, 3, 'Wolf', 2031, 648143, 1);
INSERT INTO interacts VALUES(784672718113, 3, 'Xmithie', 1411, 656416, 1);
INSERT INTO interacts VALUES(784672718113, 3, 'Xmithie', 2043, 657555, 1);
INSERT INTO interacts VALUES(784672718113, 3, 'Xmithie', 3341, 658333, 1);
INSERT INTO interacts VALUES(784672718113, 3, 'aphromoo', 1001, 661870, 1);
INSERT INTO interacts VALUES(784672718113, 3, 'aphromoo', 3098, 664220, 1);
INSERT INTO interacts VALUES(784672718113, 3, 'Blank', 2031, 673956, 0);
INSERT INTO interacts VALUES(784672718113, 3, 'Blank', 1410, 675239, 1);
INSERT INTO interacts VALUES(784672718113, 3, 'Huhi', 1057, 691945, 1);
INSERT INTO interacts VALUES(784672718113, 3, 'Faker', 1026, 750237, 1);
INSERT INTO interacts VALUES(784672718113, 3, 'Duke', 3751, 853238, 1);
INSERT INTO interacts VALUES(784672718113, 3, 'Duke', 1031, 854293, 1);
INSERT INTO interacts VALUES(784672718113, 3, 'Duke', 1029, 855825, 1);
INSERT INTO interacts VALUES(784672718113, 3, 'Xmithie', 1033, 861570, 1);
INSERT INTO interacts VALUES(784672718113, 3, 'Xmithie', 1036, 861962, 1);
INSERT INTO interacts VALUES(784672718113, 3, 'Xmithie', 2043, 863696, 1);
INSERT INTO interacts VALUES(784672718113, 3, 'Xmithie', 3364, 864155, 1);
INSERT INTO interacts VALUES(784672718113, 3, 'Bang', 3508, 866772, 1);
INSERT INTO interacts VALUES(784672718113, 3, 'Wolf', 3009, 867715, 1);
INSERT INTO interacts VALUES(784672718113, 3, 'Bang', 3158, 868057, 1);
INSERT INTO interacts VALUES(784672718113, 3, 'aphromoo', 3158, 868745, 1);
INSERT INTO interacts VALUES(784672718113, 3, 'Wolf', 2043, 869793, 1);
INSERT INTO interacts VALUES(784672718113, 3, 'Bang', 2010, 869997, 1);
INSERT INTO interacts VALUES(784672718113, 3, 'aphromoo', 2010, 870876, 1);
INSERT INTO interacts VALUES(784672718113, 3, 'Bang', 3363, 871815, 1);
INSERT INTO interacts VALUES(784672718113, 3, 'Stixxay', 3086, 878134, 1);
INSERT INTO interacts VALUES(784672718113, 3, 'Stixxay', 2010, 880603, 0);
INSERT INTO interacts VALUES(784672718113, 3, 'Stixxay', 1042, 883974, 1);
INSERT INTO interacts VALUES(784672718113, 3, 'Stixxay', 3363, 886672, 1);
INSERT INTO interacts VALUES(784672718113, 3, 'Darshan', 3068, 894042, 1);
INSERT INTO interacts VALUES(784672718113, 3, 'Darshan', 1033, 895395, 1);
INSERT INTO interacts VALUES(784672718113, 3, 'Faker', 3027, 895833, 1);
INSERT INTO interacts VALUES(784672718113, 3, 'Darshan', 2043, 896189, 1);
INSERT INTO interacts VALUES(784672718113, 3, 'Faker', 2043, 897438, 1);
INSERT INTO interacts VALUES(784672718113, 3, 'Blank', 3105, 950830, 1);
INSERT INTO interacts VALUES(784672718113, 3, 'Blank', 1001, 952136, 1);
INSERT INTO interacts VALUES(784672718113, 3, 'Blank', 3364, 953344, 1);
INSERT INTO interacts VALUES(784672718113, 3, 'Blank', 2043, 953763, 1);
INSERT INTO interacts VALUES(784672718113, 3, 'aphromoo', 2043, 960161, 1);
INSERT INTO interacts VALUES(784672718113, 3, 'aphromoo', 2010, 960989, 1);
INSERT INTO interacts VALUES(784672718113, 3, 'Huhi', 3001, 966433, 1);
INSERT INTO interacts VALUES(784672718113, 3, 'Huhi', 2010, 968601, 1);
INSERT INTO interacts VALUES(784672718113, 3, 'Bang', 2015, 971681, 1);
INSERT INTO interacts VALUES(784672718113, 3, 'Huhi', 2043, 971780, 1);
INSERT INTO interacts VALUES(784672718113, 3, 'Huhi', 3363, 973171, 1);
INSERT INTO interacts VALUES(784672718113, 3, 'Wolf', 3098, 975045, 1);
INSERT INTO interacts VALUES(784672718113, 3, 'Stixxay', 3085, 994027, 1);
INSERT INTO interacts VALUES(784672718113, 3, 'Duke', 3068, 1021950, 1);
INSERT INTO interacts VALUES(784672718113, 3, 'Duke', 3009, 1028364, 1);
INSERT INTO interacts VALUES(784672718113, 3, 'Xmithie', 3155, 1029669, 1);
INSERT INTO interacts VALUES(784672718113, 3, 'Duke', 2043, 1030190, 1);
INSERT INTO interacts VALUES(784672718113, 3, 'Xmithie', 1036, 1034590, 1);
INSERT INTO interacts VALUES(784672718113, 3, 'aphromoo', 2043, 1054049, 1);
INSERT INTO interacts VALUES(784672718113, 3, 'aphromoo', 2010, 1054246, 1);
INSERT INTO interacts VALUES(784672718113, 3, 'Faker', 1058, 1058990, 1);
INSERT INTO interacts VALUES(784672718113, 3, 'Darshan', 3111, 1061966, 1);
INSERT INTO interacts VALUES(784672718113, 3, 'Darshan', 1028, 1064675, 1);
INSERT INTO interacts VALUES(784672718113, 3, 'Blank', 3190, 1095178, 1);
INSERT INTO interacts VALUES(784672718113, 3, 'Blank', 2043, 1095840, 1);
INSERT INTO interacts VALUES(784672718113, 3, 'aphromoo', 2301, 1141973, 1);
INSERT INTO interacts VALUES(784672718113, 3, 'Wolf', 2301, 1163334, 1);
INSERT INTO interacts VALUES(784672718113, 3, 'Darshan', 1033, 1163759, 1);
INSERT INTO interacts VALUES(784672718113, 3, 'Wolf', 2043, 1164545, 1);
INSERT INTO interacts VALUES(784672718113, 3, 'Duke', 3024, 1167968, 1);
INSERT INTO interacts VALUES(784672718113, 3, 'Wolf', 1028, 1168714, 1);
INSERT INTO interacts VALUES(784672718113, 3, 'Bang', 1083, 1169111, 0);
INSERT INTO interacts VALUES(784672718113, 3, 'Bang', 3094, 1170526, 1);
INSERT INTO interacts VALUES(784672718113, 3, 'Duke', 1308, 1171542, 1);
INSERT INTO interacts VALUES(784672718113, 3, 'Xmithie', 3134, 1173887, 1);
INSERT INTO interacts VALUES(784672718113, 3, 'Huhi', 1011, 1203375, 1);
INSERT INTO interacts VALUES(784672718113, 3, 'Stixxay', 1037, 1204476, 1);
INSERT INTO interacts VALUES(784672718113, 3, 'Huhi', 2010, 1204577, 1);
INSERT INTO interacts VALUES(784672718113, 3, 'Huhi', 2010, 1204688, 1);
INSERT INTO interacts VALUES(784672718113, 3, 'Blank', 3158, 1205801, 1);
INSERT INTO interacts VALUES(784672718113, 3, 'aphromoo', 2043, 1209074, 1);
INSERT INTO interacts VALUES(784672718113, 3, 'Darshan', 3211, 1227428, 1);
INSERT INTO interacts VALUES(784672718113, 3, 'Faker', 3003, 1227657, 1);
INSERT INTO interacts VALUES(784672718113, 3, 'Darshan', 2043, 1228884, 1);
INSERT INTO interacts VALUES(784672718113, 3, 'Faker', 2043, 1233070, 1);
INSERT INTO interacts VALUES(784672718113, 3, 'Xmithie', 3009, 1260126, 1);
INSERT INTO interacts VALUES(784672718113, 3, 'Duke', 3057, 1294814, 1);
INSERT INTO interacts VALUES(784672718113, 3, 'aphromoo', 1028, 1321241, 1);
INSERT INTO interacts VALUES(784672718113, 3, 'aphromoo', 2043, 1322853, 1);
INSERT INTO interacts VALUES(784672718113, 3, 'aphromoo', 2010, 1323111, 1);
INSERT INTO interacts VALUES(784672718113, 3, 'Wolf', 1033, 1354171, 1);
INSERT INTO interacts VALUES(784672718113, 3, 'Bang', 1038, 1354205, 1);
INSERT INTO interacts VALUES(784672718113, 3, 'Wolf', 2043, 1354933, 1);
INSERT INTO interacts VALUES(784672718113, 3, 'Wolf', 2043, 1358609, 1);
INSERT INTO interacts VALUES(784672718113, 3, 'Blank', 1029, 1360449, 1);
INSERT INTO interacts VALUES(784672718113, 3, 'Blank', 2043, 1361722, 1);
INSERT INTO interacts VALUES(784672718113, 3, 'Darshan', 1028, 1362793, 1);
INSERT INTO interacts VALUES(784672718113, 3, 'Blank', 1028, 1363351, 1);
INSERT INTO interacts VALUES(784672718113, 3, 'Darshan', 1323, 1364195, 1);
INSERT INTO interacts VALUES(784672718113, 3, 'aphromoo', 2043, 1391600, 1);
INSERT INTO interacts VALUES(784672718113, 3, 'Faker', 3140, 1392445, 1);
INSERT INTO interacts VALUES(784672718113, 3, 'Stixxay', 3031, 1398713, 1);
INSERT INTO interacts VALUES(784672718113, 3, 'Duke', 3024, 1399442, 1);
INSERT INTO interacts VALUES(784672718113, 3, 'Xmithie', 3156, 1450380, 1);
INSERT INTO interacts VALUES(784672718113, 3, 'Xmithie', 2043, 1451483, 1);
INSERT INTO interacts VALUES(784672718113, 3, 'Huhi', 2010, 1477184, 0);
INSERT INTO interacts VALUES(784672718113, 3, 'Huhi', 1058, 1478396, 1);
INSERT INTO interacts VALUES(784672718113, 3, 'Darshan', 3067, 1498132, 1);
INSERT INTO interacts VALUES(784672718113, 3, 'Duke', 3025, 1502191, 1);
INSERT INTO interacts VALUES(784672718113, 3, 'Stixxay', 1051, 1526701, 1);
INSERT INTO interacts VALUES(784672718113, 3, 'aphromoo', 3801, 1526745, 1);
INSERT INTO interacts VALUES(784672718113, 3, 'aphromoo', 2043, 1528542, 1);
INSERT INTO interacts VALUES(784672718113, 3, 'aphromoo', 2010, 1528932, 1);
INSERT INTO interacts VALUES(784672718113, 3, 'Blank', 1011, 1550059, 1);
INSERT INTO interacts VALUES(784672718113, 3, 'Wolf', 3190, 1551459, 1);
INSERT INTO interacts VALUES(784672718113, 3, 'Blank', 2043, 1551523, 1);
INSERT INTO interacts VALUES(784672718113, 3, 'Blank', 2043, 1552015, 1);
INSERT INTO interacts VALUES(784672718113, 3, 'Wolf', 2043, 1553251, 1);
INSERT INTO interacts VALUES(784672718113, 3, 'Faker', 1026, 1577797, 1);
INSERT INTO interacts VALUES(784672718113, 3, 'Bang', 3031, 1582786, 1);
INSERT INTO interacts VALUES(784672718113, 3, 'Bang', 2140, 1583865, 1);
INSERT INTO interacts VALUES(784672718113, 3, 'Duke', 3067, 1591239, 1);
INSERT INTO interacts VALUES(784672718113, 3, 'aphromoo', 2010, 1597827, 1);
INSERT INTO interacts VALUES(784672718113, 3, 'aphromoo', 1033, 1599591, 1);
INSERT INTO interacts VALUES(784672718113, 3, 'Huhi', 3116, 1614548, 1);
INSERT INTO interacts VALUES(784672718113, 3, 'Huhi', 2010, 1616306, 1);
INSERT INTO interacts VALUES(784672718113, 3, 'Blank', 3082, 1672325, 1);
INSERT INTO interacts VALUES(784672718113, 3, 'Bang', 1033, 1674223, 1);
INSERT INTO interacts VALUES(784672718113, 3, 'Darshan', 3065, 1675522, 1);
INSERT INTO interacts VALUES(784672718113, 3, 'Stixxay', 3086, 1676271, 1);
INSERT INTO interacts VALUES(784672718113, 3, 'Xmithie', 3086, 1678063, 1);
INSERT INTO interacts VALUES(784672718113, 3, 'aphromoo', 3105, 1679791, 1);
INSERT INTO interacts VALUES(784672718113, 3, 'aphromoo', 2010, 1680670, 1);
INSERT INTO interacts VALUES(784672718113, 3, 'aphromoo', 2010, 1680816, 1);
INSERT INTO interacts VALUES(784672718113, 3, 'aphromoo', 3364, 1682091, 1);
INSERT INTO interacts VALUES(784672718113, 3, 'Darshan', 2043, 1693885, 1);
INSERT INTO interacts VALUES(784672718113, 3, 'Bang', 1055, 1696237, 0);
INSERT INTO interacts VALUES(784672718113, 3, 'Bang', 3140, 1697216, 1);
INSERT INTO interacts VALUES(784672718113, 3, 'Bang', 2043, 1698062, 1);
INSERT INTO interacts VALUES(784672718113, 3, 'Wolf', 3028, 1699039, 1);
INSERT INTO interacts VALUES(784672718113, 3, 'Wolf', 2043, 1700411, 1);
INSERT INTO interacts VALUES(784672718113, 3, 'Duke', 3065, 1700477, 1);
INSERT INTO interacts VALUES(784672718113, 3, 'Wolf', 3364, 1702291, 1);
INSERT INTO interacts VALUES(784672718113, 3, 'Duke', 1057, 1704510, 1);
INSERT INTO interacts VALUES(784672718113, 3, 'Faker', 3135, 1713025, 1);
INSERT INTO interacts VALUES(784672718113, 3, 'Faker', 1308, 1714752, 1);
INSERT INTO interacts VALUES(784672718113, 3, 'Blank', 2139, 1740166, 1);
INSERT INTO interacts VALUES(784672718113, 3, 'Huhi', 2139, 1749651, 1);
INSERT INTO interacts VALUES(784672718113, 3, 'Darshan', 2138, 1813226, 1);
INSERT INTO interacts VALUES(784672718113, 3, 'Xmithie', 2043, 1849244, 0);
INSERT INTO interacts VALUES(784672718113, 3, 'aphromoo', 3067, 1849882, 1);
INSERT INTO interacts VALUES(784672718113, 3, 'Xmithie', 1043, 1851428, 1);
INSERT INTO interacts VALUES(784672718113, 3, 'aphromoo', 2010, 1852123, 1);
INSERT INTO interacts VALUES(784672718113, 3, 'Bang', 1053, 1863801, 1);
INSERT INTO interacts VALUES(784672718113, 3, 'Stixxay', 3094, 1864651, 1);
INSERT INTO interacts VALUES(784672718113, 3, 'Duke', 2033, 1865759, 0);
INSERT INTO interacts VALUES(784672718113, 3, 'Stixxay', 1083, 1866409, 0);
INSERT INTO interacts VALUES(784672718113, 3, 'Duke', 3026, 1866833, 1);
INSERT INTO interacts VALUES(784672718113, 3, 'Bang', 1333, 1867087, 1);
INSERT INTO interacts VALUES(784672718113, 3, 'Stixxay', 1053, 1867451, 1);
INSERT INTO interacts VALUES(784672718113, 3, 'Faker', 2031, 1878180, 0);
INSERT INTO interacts VALUES(784672718113, 3, 'Faker', 1058, 1878803, 1);
INSERT INTO interacts VALUES(784672718113, 3, 'Darshan', 2043, 1880699, 1);
INSERT INTO interacts VALUES(784672718113, 3, 'Duke', 2043, 1881449, 1);
INSERT INTO interacts VALUES(784672718113, 3, 'Blank', 3143, 1883264, 1);
INSERT INTO interacts VALUES(784672718113, 3, 'Blank', 2043, 1884486, 1);
INSERT INTO interacts VALUES(784672718113, 3, 'Wolf', 2031, 1886742, 0);
INSERT INTO interacts VALUES(784672718113, 3, 'Wolf', 2043, 1888302, 0);
INSERT INTO interacts VALUES(784672718113, 3, 'Wolf', 3222, 1892036, 1);
INSERT INTO interacts VALUES(784672718113, 3, 'Xmithie', 3085, 1892347, 1);
INSERT INTO interacts VALUES(784672718113, 3, 'Stixxay', 2140, 1916927, 1);
INSERT INTO interacts VALUES(784672718113, 3, 'aphromoo', 3190, 1951215, 1);
INSERT INTO interacts VALUES(784672718113, 3, 'aphromoo', 2043, 1952197, 1);
INSERT INTO interacts VALUES(784672718113, 3, 'aphromoo', 2010, 1952426, 1);
INSERT INTO interacts VALUES(784672718113, 3, 'Huhi', 1058, 2022478, 1);
INSERT INTO interacts VALUES(784672718113, 3, 'Duke', 1011, 2030205, 1);
INSERT INTO interacts VALUES(784672718113, 3, 'aphromoo', 3114, 2053256, 1);
INSERT INTO interacts VALUES(784672718113, 3, 'aphromoo', 2010, 2054669, 1);
INSERT INTO interacts VALUES(784672718113, 3, 'Darshan', 1057, 2065004, 1);
INSERT INTO interacts VALUES(784672718113, 3, 'Blank', 3024, 2069370, 1);
INSERT INTO interacts VALUES(784672718113, 3, 'Wolf', 2031, 2069822, 0);
INSERT INTO interacts VALUES(784672718113, 3, 'Wolf', 3114, 2072186, 1);
INSERT INTO interacts VALUES(784672718113, 3, 'Huhi', 1056, 2073139, 0);
INSERT INTO interacts VALUES(784672718113, 3, 'Huhi', 2139, 2073714, 1);
INSERT INTO interacts VALUES(784672718113, 3, 'Wolf', 2043, 2074238, 1);
INSERT INTO interacts VALUES(784672718113, 3, 'Wolf', 2139, 2075983, 1);
INSERT INTO interacts VALUES(784672718113, 3, 'Bang', 3139, 2077491, 1);
INSERT INTO interacts VALUES(784672718113, 3, 'Bang', 2140, 2077919, 1);
INSERT INTO interacts VALUES(784672718113, 3, 'Blank', 2139, 2134082, 1);
INSERT INTO interacts VALUES(784672718113, 3, 'Stixxay', 1055, 2141362, 0);
INSERT INTO interacts VALUES(784672718113, 3, 'Stixxay', 3140, 2142908, 1);
INSERT INTO interacts VALUES(784672718113, 3, 'Darshan', 1056, 2143583, 0);
INSERT INTO interacts VALUES(784672718113, 3, 'Darshan', 1031, 2155487, 1);
INSERT INTO interacts VALUES(784672718113, 3, 'Xmithie', 3052, 2161477, 1);
INSERT INTO interacts VALUES(784672718113, 3, 'aphromoo', 2043, 2161855, 1);
INSERT INTO interacts VALUES(784672718113, 3, 'aphromoo', 2010, 2162412, 1);
INSERT INTO interacts VALUES(784672718113, 3, 'aphromoo', 2010, 2162556, 1);
INSERT INTO interacts VALUES(784672718113, 3, 'aphromoo', 2043, 2162956, 1);
INSERT INTO interacts VALUES(784672718113, 3, 'Stixxay', 2140, 2167272, 1);
INSERT INTO interacts VALUES(784672718113, 3, 'Faker', 3089, 2168563, 1);
INSERT INTO interacts VALUES(784672718113, 3, 'Xmithie', 2032, 2209144, 0);
INSERT INTO interacts VALUES(784672718113, 3, 'aphromoo', 2010, 2209271, 1);
INSERT INTO interacts VALUES(784672718113, 3, 'aphromoo', 2010, 2209437, 1);
INSERT INTO interacts VALUES(784672718113, 3, 'aphromoo', 2010, 2209486, 1);
INSERT INTO interacts VALUES(784672718113, 3, 'aphromoo', 2010, 2209587, 1);
INSERT INTO interacts VALUES(784672718113, 3, 'aphromoo', 2010, 2209728, 1);
INSERT INTO interacts VALUES(784672718113, 3, 'Xmithie', 2140, 2210103, 1);
