INSERT INTO tournaments VALUES('world_championship_2016', '2016', 'World Championship 2016', 'North America');
INSERT INTO teams VALUES('G2', 'EU', 'G2 Esports');
INSERT INTO participates VALUES('world_championship_2016', 'G2', 'UNKNOWN');
INSERT INTO teams VALUES('CLG', 'NA', 'Counter Logic Gaming');
INSERT INTO participates VALUES('world_championship_2016', 'CLG', 'UNKNOWN');
INSERT INTO series VALUES(657677234446, 1);
INSERT INTO organizes VALUES('world_championship_2016', 657677234446, 'group_a - G2-vs-CLG');
INSERT INTO competes VALUES(657677234446, 'G2', 1);
INSERT INTO competes VALUES(657677234446, 'CLG', 0);
INSERT INTO matches VALUES(657677234446, 1, '2016-09-29');
INSERT INTO scores VALUES('G2', 657677234446, 1, 0, 3, 0, 0, 0, 0);
INSERT INTO scores VALUES('CLG', 657677234446, 1, 1, 9, 0, 1, 3, 1);
INSERT INTO bans VALUES(657677234446, 1, 136, 1);
INSERT INTO bans VALUES(657677234446, 1, 421, 3);
INSERT INTO bans VALUES(657677234446, 1, 43, 5);
INSERT INTO bans VALUES(657677234446, 1, 76, 2);
INSERT INTO bans VALUES(657677234446, 1, 15, 4);
INSERT INTO bans VALUES(657677234446, 1, 16, 6);
INSERT INTO players VALUES('Expect', date('1970-01-01'));
INSERT INTO registers VALUES('Expect', 'G2', date('1970-01-01'), 'NULL');
INSERT INTO plays VALUES(657677234446, 1, 'Expect', 126, 'top', 3, 2, 0, 18919, 16, 4, 304, 5, 2, 13132);
INSERT INTO players VALUES('Trick', date('1970-01-01'));
INSERT INTO registers VALUES('Trick', 'G2', date('1970-01-01'), 'NULL');
INSERT INTO plays VALUES(657677234446, 1, 'Trick', 60, 'jungle', 1, 3, 2, 11965, 24, 11, 37, 84, 1, 10344);
INSERT INTO players VALUES('Perkz', date('1970-01-01'));
INSERT INTO registers VALUES('Perkz', 'G2', date('1970-01-01'), 'NULL');
INSERT INTO plays VALUES(657677234446, 1, 'Perkz', 134, 'mid', 0, 3, 0, 14441, 13, 5, 286, 21, 3, 11530);
INSERT INTO players VALUES('Zven', date('1970-01-01'));
INSERT INTO registers VALUES('Zven', 'G2', date('1970-01-01'), 'NULL');
INSERT INTO plays VALUES(657677234446, 1, 'Zven', 202, 'adc', 0, 2, 1, 15664, 13, 9, 278, 4, 0, 10841);
INSERT INTO players VALUES('mithy', date('1970-01-01'));
INSERT INTO registers VALUES('mithy', 'G2', date('1970-01-01'), 'NULL');
INSERT INTO plays VALUES(657677234446, 1, 'mithy', 201, 'support', 0, 4, 3, 4278, 50, 15, 42, 0, 0, 7681);
INSERT INTO players VALUES('Darshan', date('1970-01-01'));
INSERT INTO registers VALUES('Darshan', 'CLG', date('1970-01-01'), 'NULL');
INSERT INTO plays VALUES(657677234446, 1, 'Darshan', 78, 'top', 2, 2, 7, 8252, 17, 6, 217, 7, 1, 12402);
INSERT INTO players VALUES('Xmithie', date('1970-01-01'));
INSERT INTO registers VALUES('Xmithie', 'CLG', date('1970-01-01'), 'NULL');
INSERT INTO plays VALUES(657677234446, 1, 'Xmithie', 2, 'jungle', 6, 0, 5, 11931, 25, 16, 50, 70, 25, 12873);
INSERT INTO players VALUES('Huhi', date('1970-01-01'));
INSERT INTO registers VALUES('Huhi', 'CLG', date('1970-01-01'), 'NULL');
INSERT INTO plays VALUES(657677234446, 1, 'Huhi', 8, 'mid', 2, 0, 7, 16921, 21, 9, 305, 7, 5, 13918);
INSERT INTO players VALUES('Stixxay', date('1970-01-01'));
INSERT INTO registers VALUES('Stixxay', 'CLG', date('1970-01-01'), 'NULL');
INSERT INTO plays VALUES(657677234446, 1, 'Stixxay', 51, 'adc', 4, 1, 8, 18409, 12, 11, 329, 17, 16, 16122);
INSERT INTO players VALUES('aphromoo', date('1970-01-01'));
INSERT INTO registers VALUES('aphromoo', 'CLG', date('1970-01-01'), 'NULL');
INSERT INTO plays VALUES(657677234446, 1, 'aphromoo', 267, 'support', 0, 1, 13, 5120, 38, 12, 12, 0, 0, 9484);
INSERT INTO interacts VALUES(657677234446, 1, 'Stixxay', 3340, 1375, 1);
INSERT INTO interacts VALUES(657677234446, 1, 'Xmithie', 3340, 1471, 1);
INSERT INTO interacts VALUES(657677234446, 1, 'Stixxay', 2010, 1665, 1);
INSERT INTO interacts VALUES(657677234446, 1, 'Perkz', 1056, 1729, 1);
INSERT INTO interacts VALUES(657677234446, 1, 'Xmithie', 1039, 1923, 1);
INSERT INTO interacts VALUES(657677234446, 1, 'Perkz', 2010, 1956, 1);
INSERT INTO interacts VALUES(657677234446, 1, 'Stixxay', 1055, 1989, 1);
INSERT INTO interacts VALUES(657677234446, 1, 'aphromoo', 3340, 2022, 1);
INSERT INTO interacts VALUES(657677234446, 1, 'Perkz', 2010, 2117, 1);
INSERT INTO interacts VALUES(657677234446, 1, 'Huhi', 3340, 2150, 1);
INSERT INTO interacts VALUES(657677234446, 1, 'Darshan', 3340, 2214, 1);
INSERT INTO interacts VALUES(657677234446, 1, 'aphromoo', 3303, 2280, 1);
INSERT INTO interacts VALUES(657677234446, 1, 'Perkz', 3340, 2312, 1);
INSERT INTO interacts VALUES(657677234446, 1, 'Trick', 1039, 2442, 1);
INSERT INTO interacts VALUES(657677234446, 1, 'aphromoo', 2010, 2475, 1);
INSERT INTO interacts VALUES(657677234446, 1, 'Zven', 3340, 2539, 1);
INSERT INTO interacts VALUES(657677234446, 1, 'Huhi', 1001, 2539, 1);
INSERT INTO interacts VALUES(657677234446, 1, 'aphromoo', 2010, 2573, 1);
INSERT INTO interacts VALUES(657677234446, 1, 'aphromoo', 2010, 2636, 1);
INSERT INTO interacts VALUES(657677234446, 1, 'Trick', 2031, 2733, 1);
INSERT INTO interacts VALUES(657677234446, 1, 'Darshan', 2033, 2765, 1);
INSERT INTO interacts VALUES(657677234446, 1, 'Huhi', 2003, 2798, 1);
INSERT INTO interacts VALUES(657677234446, 1, 'Huhi', 2003, 2991, 1);
INSERT INTO interacts VALUES(657677234446, 1, 'Zven', 2003, 2991, 1);
INSERT INTO interacts VALUES(657677234446, 1, 'Xmithie', 2031, 3088, 1);
INSERT INTO interacts VALUES(657677234446, 1, 'Huhi', 2003, 3088, 1);
INSERT INTO interacts VALUES(657677234446, 1, 'Trick', 3340, 3128, 1);
INSERT INTO interacts VALUES(657677234446, 1, 'Huhi', 2003, 3219, 1);
INSERT INTO interacts VALUES(657677234446, 1, 'mithy', 3302, 3219, 1);
INSERT INTO interacts VALUES(657677234446, 1, 'Zven', 1055, 3252, 1);
INSERT INTO interacts VALUES(657677234446, 1, 'mithy', 2010, 3509, 1);
INSERT INTO interacts VALUES(657677234446, 1, 'Expect', 1055, 3509, 1);
INSERT INTO interacts VALUES(657677234446, 1, 'mithy', 2010, 3607, 1);
INSERT INTO interacts VALUES(657677234446, 1, 'mithy', 2010, 3768, 1);
INSERT INTO interacts VALUES(657677234446, 1, 'Expect', 2003, 3768, 1);
INSERT INTO interacts VALUES(657677234446, 1, 'mithy', 3340, 4122, 1);
INSERT INTO interacts VALUES(657677234446, 1, 'Expect', 3340, 4318, 1);
INSERT INTO interacts VALUES(657677234446, 1, 'Perkz', 1056, 189477, 1);
INSERT INTO interacts VALUES(657677234446, 1, 'Darshan', 1028, 248269, 1);
INSERT INTO interacts VALUES(657677234446, 1, 'Expect', 1036, 257739, 1);
INSERT INTO interacts VALUES(657677234446, 1, 'Expect', 1036, 257868, 1);
INSERT INTO interacts VALUES(657677234446, 1, 'Expect', 3134, 264256, 1);
INSERT INTO interacts VALUES(657677234446, 1, 'Darshan', 1029, 264745, 1);
INSERT INTO interacts VALUES(657677234446, 1, 'Trick', 3117, 280040, 1);
INSERT INTO interacts VALUES(657677234446, 1, 'Trick', 2043, 281473, 1);
INSERT INTO interacts VALUES(657677234446, 1, 'Xmithie', 3158, 307238, 1);
INSERT INTO interacts VALUES(657677234446, 1, 'Xmithie', 2032, 308250, 1);
INSERT INTO interacts VALUES(657677234446, 1, 'Xmithie', 2043, 314603, 1);
INSERT INTO interacts VALUES(657677234446, 1, 'Perkz', 3802, 333113, 1);
INSERT INTO interacts VALUES(657677234446, 1, 'Huhi', 3211, 341707, 1);
INSERT INTO interacts VALUES(657677234446, 1, 'Huhi', 2043, 342944, 1);
INSERT INTO interacts VALUES(657677234446, 1, 'Huhi', 2003, 343787, 1);
INSERT INTO interacts VALUES(657677234446, 1, 'Expect', 1036, 423508, 1);
INSERT INTO interacts VALUES(657677234446, 1, 'Expect', 1036, 423604, 1);
INSERT INTO interacts VALUES(657677234446, 1, 'Expect', 2031, 424779, 1);
INSERT INTO interacts VALUES(657677234446, 1, 'Expect', 2043, 425197, 1);
INSERT INTO interacts VALUES(657677234446, 1, 'Darshan', 1031, 435167, 1);
INSERT INTO interacts VALUES(657677234446, 1, 'Darshan', 1001, 436451, 1);
INSERT INTO interacts VALUES(657677234446, 1, 'Darshan', 2043, 437276, 1);
INSERT INTO interacts VALUES(657677234446, 1, 'Zven', 3134, 440963, 1);
INSERT INTO interacts VALUES(657677234446, 1, 'Zven', 1001, 441740, 1);
INSERT INTO interacts VALUES(657677234446, 1, 'Zven', 1036, 442193, 1);
INSERT INTO interacts VALUES(657677234446, 1, 'Stixxay', 1038, 464066, 1);
INSERT INTO interacts VALUES(657677234446, 1, 'aphromoo', 2049, 464455, 1);
INSERT INTO interacts VALUES(657677234446, 1, 'Stixxay', 1001, 465527, 1);
INSERT INTO interacts VALUES(657677234446, 1, 'aphromoo', 2043, 465886, 1);
INSERT INTO interacts VALUES(657677234446, 1, 'Stixxay', 1042, 465886, 1);
INSERT INTO interacts VALUES(657677234446, 1, 'Stixxay', 2043, 467353, 1);
INSERT INTO interacts VALUES(657677234446, 1, 'Stixxay', 2010, 467611, 1);
INSERT INTO interacts VALUES(657677234446, 1, 'aphromoo', 3341, 467654, 1);
INSERT INTO interacts VALUES(657677234446, 1, 'Trick', 3113, 473305, 1);
INSERT INTO interacts VALUES(657677234446, 1, 'mithy', 2049, 475943, 1);
INSERT INTO interacts VALUES(657677234446, 1, 'Trick', 3341, 476656, 1);
INSERT INTO interacts VALUES(657677234446, 1, 'mithy', 2010, 477665, 1);
INSERT INTO interacts VALUES(657677234446, 1, 'mithy', 2043, 478477, 1);
INSERT INTO interacts VALUES(657677234446, 1, 'mithy', 2043, 478609, 1);
INSERT INTO interacts VALUES(657677234446, 1, 'mithy', 3341, 478905, 1);
INSERT INTO interacts VALUES(657677234446, 1, 'Zven', 3009, 536816, 1);
INSERT INTO interacts VALUES(657677234446, 1, 'Zven', 2003, 537232, 1);
INSERT INTO interacts VALUES(657677234446, 1, 'Perkz', 3020, 555875, 1);
INSERT INTO interacts VALUES(657677234446, 1, 'Perkz', 2043, 559640, 1);
INSERT INTO interacts VALUES(657677234446, 1, 'Trick', 1041, 564512, 1);
INSERT INTO interacts VALUES(657677234446, 1, 'Darshan', 3751, 569378, 1);
INSERT INTO interacts VALUES(657677234446, 1, 'Huhi', 3067, 570628, 1);
INSERT INTO interacts VALUES(657677234446, 1, 'Darshan', 2043, 573497, 1);
INSERT INTO interacts VALUES(657677234446, 1, 'Huhi', 1033, 573952, 1);
INSERT INTO interacts VALUES(657677234446, 1, 'Huhi', 2003, 575222, 1);
INSERT INTO interacts VALUES(657677234446, 1, 'Expect', 3044, 585450, 1);
INSERT INTO interacts VALUES(657677234446, 1, 'aphromoo', 1001, 585709, 1);
INSERT INTO interacts VALUES(657677234446, 1, 'Stixxay', 3006, 586291, 1);
INSERT INTO interacts VALUES(657677234446, 1, 'aphromoo', 2010, 586729, 1);
INSERT INTO interacts VALUES(657677234446, 1, 'aphromoo', 2010, 586847, 1);
INSERT INTO interacts VALUES(657677234446, 1, 'aphromoo', 2010, 586993, 1);
INSERT INTO interacts VALUES(657677234446, 1, 'Stixxay', 1042, 587269, 1);
INSERT INTO interacts VALUES(657677234446, 1, 'Stixxay', 2010, 587560, 1);
INSERT INTO interacts VALUES(657677234446, 1, 'Expect', 3133, 590065, 1);
INSERT INTO interacts VALUES(657677234446, 1, 'Expect', 1001, 591332, 1);
INSERT INTO interacts VALUES(657677234446, 1, 'Expect', 1028, 593605, 1);
INSERT INTO interacts VALUES(657677234446, 1, 'Zven', 1036, 604584, 1);
INSERT INTO interacts VALUES(657677234446, 1, 'mithy', 1001, 607667, 1);
INSERT INTO interacts VALUES(657677234446, 1, 'mithy', 2043, 609453, 1);
INSERT INTO interacts VALUES(657677234446, 1, 'Xmithie', 3751, 634186, 1);
INSERT INTO interacts VALUES(657677234446, 1, 'Xmithie', 3706, 634514, 1);
INSERT INTO interacts VALUES(657677234446, 1, 'Xmithie', 2043, 635000, 1);
INSERT INTO interacts VALUES(657677234446, 1, 'Perkz', 1052, 676308, 1);
INSERT INTO interacts VALUES(657677234446, 1, 'Perkz', 2010, 697218, 1);
INSERT INTO interacts VALUES(657677234446, 1, 'Expect', 3142, 731506, 1);
INSERT INTO interacts VALUES(657677234446, 1, 'mithy', 3009, 733202, 1);
INSERT INTO interacts VALUES(657677234446, 1, 'mithy', 2010, 733678, 1);
INSERT INTO interacts VALUES(657677234446, 1, 'aphromoo', 3117, 740290, 1);
INSERT INTO interacts VALUES(657677234446, 1, 'aphromoo', 2043, 740942, 1);
INSERT INTO interacts VALUES(657677234446, 1, 'aphromoo', 2010, 741251, 1);
INSERT INTO interacts VALUES(657677234446, 1, 'aphromoo', 2010, 741335, 1);
INSERT INTO interacts VALUES(657677234446, 1, 'aphromoo', 2010, 742206, 1);
INSERT INTO interacts VALUES(657677234446, 1, 'Zven', 3133, 744189, 1);
INSERT INTO interacts VALUES(657677234446, 1, 'Trick', 3711, 744626, 1);
INSERT INTO interacts VALUES(657677234446, 1, 'Zven', 1036, 744902, 1);
INSERT INTO interacts VALUES(657677234446, 1, 'Trick', 1052, 745292, 1);
INSERT INTO interacts VALUES(657677234446, 1, 'Trick', 2043, 745875, 1);
INSERT INTO interacts VALUES(657677234446, 1, 'Darshan', 3068, 754903, 1);
INSERT INTO interacts VALUES(657677234446, 1, 'Huhi', 3065, 759091, 1);
INSERT INTO interacts VALUES(657677234446, 1, 'Huhi', 3158, 760749, 1);
INSERT INTO interacts VALUES(657677234446, 1, 'Huhi', 3111, 762241, 1);
INSERT INTO interacts VALUES(657677234446, 1, 'Huhi', 3363, 763510, 1);
INSERT INTO interacts VALUES(657677234446, 1, 'Huhi', 2043, 764290, 1);
INSERT INTO interacts VALUES(657677234446, 1, 'Huhi', 2003, 764581, 1);
INSERT INTO interacts VALUES(657677234446, 1, 'Huhi', 2003, 764812, 1);
INSERT INTO interacts VALUES(657677234446, 1, 'Xmithie', 1401, 769786, 1);
INSERT INTO interacts VALUES(657677234446, 1, 'Xmithie', 3364, 770619, 1);
INSERT INTO interacts VALUES(657677234446, 1, 'Xmithie', 2049, 771602, 1);
INSERT INTO interacts VALUES(657677234446, 1, 'Xmithie', 2043, 772057, 1);
INSERT INTO interacts VALUES(657677234446, 1, 'Stixxay', 3086, 796481, 1);
INSERT INTO interacts VALUES(657677234446, 1, 'Stixxay', 2010, 798666, 0);
INSERT INTO interacts VALUES(657677234446, 1, 'Stixxay', 1042, 799169, 1);
INSERT INTO interacts VALUES(657677234446, 1, 'Zven', 2003, 816958, 0);
INSERT INTO interacts VALUES(657677234446, 1, 'Zven', 1036, 818191, 1);
INSERT INTO interacts VALUES(657677234446, 1, 'Trick', 1410, 829053, 1);
INSERT INTO interacts VALUES(657677234446, 1, 'Trick', 2043, 830747, 1);
INSERT INTO interacts VALUES(657677234446, 1, 'mithy', 2043, 831579, 1);
INSERT INTO interacts VALUES(657677234446, 1, 'mithy', 2043, 831709, 1);
INSERT INTO interacts VALUES(657677234446, 1, 'Trick', 3364, 873669, 1);
INSERT INTO interacts VALUES(657677234446, 1, 'Stixxay', 3085, 911377, 1);
INSERT INTO interacts VALUES(657677234446, 1, 'Stixxay', 3363, 911961, 1);
INSERT INTO interacts VALUES(657677234446, 1, 'Trick', 1028, 913324, 1);
INSERT INTO interacts VALUES(657677234446, 1, 'mithy', 1028, 915952, 1);
INSERT INTO interacts VALUES(657677234446, 1, 'mithy', 2043, 916730, 1);
INSERT INTO interacts VALUES(657677234446, 1, 'mithy', 2010, 917994, 1);
INSERT INTO interacts VALUES(657677234446, 1, 'Darshan', 3111, 927984, 1);
INSERT INTO interacts VALUES(657677234446, 1, 'Darshan', 1028, 930532, 1);
INSERT INTO interacts VALUES(657677234446, 1, 'Darshan', 2043, 931527, 1);
INSERT INTO interacts VALUES(657677234446, 1, 'aphromoo', 2301, 947429, 1);
INSERT INTO interacts VALUES(657677234446, 1, 'aphromoo', 2043, 948474, 1);
INSERT INTO interacts VALUES(657677234446, 1, 'aphromoo', 2043, 948603, 1);
INSERT INTO interacts VALUES(657677234446, 1, 'aphromoo', 2010, 948834, 1);
INSERT INTO interacts VALUES(657677234446, 1, 'Expect', 3044, 959643, 1);
INSERT INTO interacts VALUES(657677234446, 1, 'Expect', 3047, 964292, 1);
INSERT INTO interacts VALUES(657677234446, 1, 'Perkz', 3165, 970228, 1);
INSERT INTO interacts VALUES(657677234446, 1, 'Xmithie', 1011, 971949, 1);
INSERT INTO interacts VALUES(657677234446, 1, 'Perkz', 1052, 972562, 1);
INSERT INTO interacts VALUES(657677234446, 1, 'Perkz', 2043, 973306, 1);
INSERT INTO interacts VALUES(657677234446, 1, 'Perkz', 3363, 974570, 1);
INSERT INTO interacts VALUES(657677234446, 1, 'Xmithie', 1031, 974797, 1);
INSERT INTO interacts VALUES(657677234446, 1, 'Xmithie', 2032, 975901, 0);
INSERT INTO interacts VALUES(657677234446, 1, 'Xmithie', 2043, 977492, 1);
INSERT INTO interacts VALUES(657677234446, 1, 'Zven', 3142, 977622, 1);
INSERT INTO interacts VALUES(657677234446, 1, 'Xmithie', 2043, 977655, 1);
INSERT INTO interacts VALUES(657677234446, 1, 'Zven', 2003, 980182, 1);
INSERT INTO interacts VALUES(657677234446, 1, 'Stixxay', 1037, 1002233, 1);
INSERT INTO interacts VALUES(657677234446, 1, 'mithy', 2045, 1003242, 1);
INSERT INTO interacts VALUES(657677234446, 1, 'Trick', 1011, 1004469, 1);
INSERT INTO interacts VALUES(657677234446, 1, 'mithy', 2010, 1004630, 1);
INSERT INTO interacts VALUES(657677234446, 1, 'Trick', 2043, 1005705, 1);
INSERT INTO interacts VALUES(657677234446, 1, 'Expect', 1036, 1008466, 1);
INSERT INTO interacts VALUES(657677234446, 1, 'Huhi', 3145, 1017102, 1);
INSERT INTO interacts VALUES(657677234446, 1, 'Huhi', 3067, 1017650, 1);
INSERT INTO interacts VALUES(657677234446, 1, 'Huhi', 2043, 1018720, 1);
INSERT INTO interacts VALUES(657677234446, 1, 'Huhi', 2043, 1019011, 1);
INSERT INTO interacts VALUES(657677234446, 1, 'mithy', 1028, 1146326, 1);
INSERT INTO interacts VALUES(657677234446, 1, 'Trick', 3067, 1146584, 1);
INSERT INTO interacts VALUES(657677234446, 1, 'mithy', 2010, 1147555, 1);
INSERT INTO interacts VALUES(657677234446, 1, 'mithy', 2043, 1148971, 1);
INSERT INTO interacts VALUES(657677234446, 1, 'Zven', 3134, 1150480, 1);
INSERT INTO interacts VALUES(657677234446, 1, 'Zven', 2043, 1152947, 1);
INSERT INTO interacts VALUES(657677234446, 1, 'Stixxay', 3031, 1184319, 1);
INSERT INTO interacts VALUES(657677234446, 1, 'Stixxay', 2043, 1185242, 1);
INSERT INTO interacts VALUES(657677234446, 1, 'Huhi', 3152, 1203175, 1);
INSERT INTO interacts VALUES(657677234446, 1, 'Huhi', 1029, 1204698, 1);
INSERT INTO interacts VALUES(657677234446, 1, 'Huhi', 2043, 1206196, 1);
INSERT INTO interacts VALUES(657677234446, 1, 'Huhi', 2003, 1206484, 1);
INSERT INTO interacts VALUES(657677234446, 1, 'Xmithie', 3742, 1206746, 1);
INSERT INTO interacts VALUES(657677234446, 1, 'Xmithie', 2043, 1207994, 1);
INSERT INTO interacts VALUES(657677234446, 1, 'Expect', 3133, 1208887, 1);
INSERT INTO interacts VALUES(657677234446, 1, 'aphromoo', 3801, 1209573, 1);
INSERT INTO interacts VALUES(657677234446, 1, 'aphromoo', 1033, 1210381, 1);
INSERT INTO interacts VALUES(657677234446, 1, 'aphromoo', 2043, 1210804, 1);
INSERT INTO interacts VALUES(657677234446, 1, 'aphromoo', 3364, 1212850, 1);
INSERT INTO interacts VALUES(657677234446, 1, 'Darshan', 3211, 1214543, 1);
INSERT INTO interacts VALUES(657677234446, 1, 'Darshan', 1031, 1215799, 1);
INSERT INTO interacts VALUES(657677234446, 1, 'Darshan', 1028, 1224281, 1);
INSERT INTO interacts VALUES(657677234446, 1, 'Perkz', 1058, 1284929, 1);
INSERT INTO interacts VALUES(657677234446, 1, 'Trick', 1033, 1290152, 1);
INSERT INTO interacts VALUES(657677234446, 1, 'mithy', 3067, 1304181, 1);
INSERT INTO interacts VALUES(657677234446, 1, 'mithy', 3364, 1305866, 1);
INSERT INTO interacts VALUES(657677234446, 1, 'aphromoo', 2010, 1307428, 0);
INSERT INTO interacts VALUES(657677234446, 1, 'mithy', 2043, 1307507, 1);
INSERT INTO interacts VALUES(657677234446, 1, 'mithy', 2010, 1307943, 1);
INSERT INTO interacts VALUES(657677234446, 1, 'aphromoo', 2010, 1311793, 0);
INSERT INTO interacts VALUES(657677234446, 1, 'aphromoo', 3105, 1315524, 1);
INSERT INTO interacts VALUES(657677234446, 1, 'Zven', 3035, 1316695, 1);
INSERT INTO interacts VALUES(657677234446, 1, 'Huhi', 1029, 1317411, 1);
INSERT INTO interacts VALUES(657677234446, 1, 'Zven', 3363, 1318391, 1);
INSERT INTO interacts VALUES(657677234446, 1, 'Huhi', 2043, 1318912, 1);
INSERT INTO interacts VALUES(657677234446, 1, 'Expect', 3071, 1325188, 1);
INSERT INTO interacts VALUES(657677234446, 1, 'Stixxay', 1051, 1325677, 1);
INSERT INTO interacts VALUES(657677234446, 1, 'Stixxay', 1033, 1328929, 1);
INSERT INTO interacts VALUES(657677234446, 1, 'Expect', 1036, 1329443, 1);
INSERT INTO interacts VALUES(657677234446, 1, 'Trick', 3105, 1427969, 1);
INSERT INTO interacts VALUES(657677234446, 1, 'Huhi', 3191, 1473423, 1);
INSERT INTO interacts VALUES(657677234446, 1, 'Huhi', 1052, 1474843, 1);
INSERT INTO interacts VALUES(657677234446, 1, 'Darshan', 1011, 1476868, 1);
INSERT INTO interacts VALUES(657677234446, 1, 'mithy', 1033, 1482194, 1);
INSERT INTO interacts VALUES(657677234446, 1, 'aphromoo', 3067, 1487842, 1);
INSERT INTO interacts VALUES(657677234446, 1, 'Expect', 2031, 1488399, 0);
INSERT INTO interacts VALUES(657677234446, 1, 'aphromoo', 2010, 1488980, 1);
INSERT INTO interacts VALUES(657677234446, 1, 'Expect', 1038, 1489918, 1);
INSERT INTO interacts VALUES(657677234446, 1, 'Expect', 1053, 1491357, 1);
INSERT INTO interacts VALUES(657677234446, 1, 'Stixxay', 3140, 1491777, 1);
INSERT INTO interacts VALUES(657677234446, 1, 'Stixxay', 1037, 1495645, 1);
INSERT INTO interacts VALUES(657677234446, 1, 'Xmithie', 2043, 1496292, 0);
INSERT INTO interacts VALUES(657677234446, 1, 'Xmithie', 1057, 1499344, 1);
INSERT INTO interacts VALUES(657677234446, 1, 'Xmithie', 1031, 1499603, 1);
INSERT INTO interacts VALUES(657677234446, 1, 'Perkz', 3116, 1501868, 1);
INSERT INTO interacts VALUES(657677234446, 1, 'Perkz', 1052, 1502510, 1);
INSERT INTO interacts VALUES(657677234446, 1, 'Trick', 3190, 1504894, 1);
INSERT INTO interacts VALUES(657677234446, 1, 'Trick', 1029, 1506253, 1);
INSERT INTO interacts VALUES(657677234446, 1, 'Darshan', 3742, 1512902, 1);
INSERT INTO interacts VALUES(657677234446, 1, 'Zven', 3033, 1528448, 1);
INSERT INTO interacts VALUES(657677234446, 1, 'mithy', 3097, 1540728, 1);
INSERT INTO interacts VALUES(657677234446, 1, 'Xmithie', 3026, 1669471, 1);
INSERT INTO interacts VALUES(657677234446, 1, 'aphromoo', 3190, 1670883, 1);
INSERT INTO interacts VALUES(657677234446, 1, 'Xmithie', 2043, 1671402, 1);
INSERT INTO interacts VALUES(657677234446, 1, 'Darshan', 1031, 1671503, 1);
INSERT INTO interacts VALUES(657677234446, 1, 'Xmithie', 2043, 1671538, 1);
INSERT INTO interacts VALUES(657677234446, 1, 'aphromoo', 2043, 1672085, 1);
INSERT INTO interacts VALUES(657677234446, 1, 'aphromoo', 2043, 1672236, 1);
INSERT INTO interacts VALUES(657677234446, 1, 'Darshan', 2033, 1672833, 0);
INSERT INTO interacts VALUES(657677234446, 1, 'Darshan', 1057, 1675201, 1);
INSERT INTO interacts VALUES(657677234446, 1, 'aphromoo', 1033, 1677437, 1);
INSERT INTO interacts VALUES(657677234446, 1, 'aphromoo', 1004, 1678842, 1);
INSERT INTO interacts VALUES(657677234446, 1, 'Stixxay', 3036, 1679360, 1);
INSERT INTO interacts VALUES(657677234446, 1, 'aphromoo', 2010, 1679685, 1);
INSERT INTO interacts VALUES(657677234446, 1, 'aphromoo', 2010, 1679782, 1);
INSERT INTO interacts VALUES(657677234446, 1, 'aphromoo', 2010, 1679879, 1);
INSERT INTO interacts VALUES(657677234446, 1, 'mithy', 3401, 1684612, 1);
INSERT INTO interacts VALUES(657677234446, 1, 'Huhi', 3157, 1691312, 1);
INSERT INTO interacts VALUES(657677234446, 1, 'Huhi', 2139, 1691931, 1);
INSERT INTO interacts VALUES(657677234446, 1, 'Huhi', 2043, 1692714, 1);
INSERT INTO interacts VALUES(657677234446, 1, 'mithy', 2043, 1701211, 1);
INSERT INTO interacts VALUES(657677234446, 1, 'Trick', 3082, 1728848, 1);
INSERT INTO interacts VALUES(657677234446, 1, 'Trick', 2031, 1730187, 0);
INSERT INTO interacts VALUES(657677234446, 1, 'Trick', 1028, 1731071, 1);
INSERT INTO interacts VALUES(657677234446, 1, 'Zven', 1037, 1747108, 1);
INSERT INTO interacts VALUES(657677234446, 1, 'Expect', 3072, 1750694, 1);
INSERT INTO interacts VALUES(657677234446, 1, 'aphromoo', 3114, 1820075, 1);
INSERT INTO interacts VALUES(657677234446, 1, 'Stixxay', 1055, 1824665, 0);
INSERT INTO interacts VALUES(657677234446, 1, 'Stixxay', 3086, 1825971, 1);
INSERT INTO interacts VALUES(657677234446, 1, 'Huhi', 1028, 1828301, 1);
INSERT INTO interacts VALUES(657677234446, 1, 'Huhi', 1052, 1829022, 1);
INSERT INTO interacts VALUES(657677234446, 1, 'Darshan', 3026, 1830098, 1);
INSERT INTO interacts VALUES(657677234446, 1, 'mithy', 2043, 1838228, 1);
INSERT INTO interacts VALUES(657677234446, 1, 'mithy', 2043, 1838366, 1);
INSERT INTO interacts VALUES(657677234446, 1, 'mithy', 2010, 1839279, 0);
INSERT INTO interacts VALUES(657677234446, 1, 'mithy', 1028, 1841083, 1);
INSERT INTO interacts VALUES(657677234446, 1, 'Xmithie', 3067, 1842153, 1);
INSERT INTO interacts VALUES(657677234446, 1, 'Expect', 1033, 1853699, 1);
INSERT INTO interacts VALUES(657677234446, 1, 'Trick', 1011, 1856447, 1);
INSERT INTO interacts VALUES(657677234446, 1, 'Perkz', 1056, 1856893, 0);
INSERT INTO interacts VALUES(657677234446, 1, 'Perkz', 1056, 1857911, 0);
INSERT INTO interacts VALUES(657677234446, 1, 'Perkz', 3135, 1858408, 1);
INSERT INTO interacts VALUES(657677234446, 1, 'Perkz', 2043, 1859089, 1);
INSERT INTO interacts VALUES(657677234446, 1, 'Perkz', 2010, 1859518, 1);
INSERT INTO interacts VALUES(657677234446, 1, 'mithy', 3801, 1945478, 1);
INSERT INTO interacts VALUES(657677234446, 1, 'Zven', 1055, 2013661, 0);
INSERT INTO interacts VALUES(657677234446, 1, 'Zven', 1038, 2014186, 1);
INSERT INTO teams VALUES('ROX', 'LCK', 'ROX Tigers');
INSERT INTO participates VALUES('world_championship_2016', 'ROX', 'UNKNOWN');
INSERT INTO teams VALUES('ANX', 'CIS', 'Albus NoX Luna');
INSERT INTO participates VALUES('world_championship_2016', 'ANX', 'UNKNOWN');
INSERT INTO series VALUES(1063494879584, 1);
INSERT INTO organizes VALUES('world_championship_2016', 1063494879584, 'group_a - ROX-vs-ANX');
INSERT INTO competes VALUES(1063494879584, 'ROX', 1);
INSERT INTO competes VALUES(1063494879584, 'ANX', 0);
INSERT INTO matches VALUES(1063494879584, 1, '2016-09-29');
INSERT INTO scores VALUES('ROX', 1063494879584, 1, 2, 10, 0, 1, 2, 1);
INSERT INTO scores VALUES('ANX', 1063494879584, 1, 0, 0, 0, 0, 0, 0);
INSERT INTO bans VALUES(1063494879584, 1, 63, 1);
INSERT INTO bans VALUES(1063494879584, 1, 43, 3);
INSERT INTO bans VALUES(1063494879584, 1, 421, 5);
INSERT INTO bans VALUES(1063494879584, 1, 15, 2);
INSERT INTO bans VALUES(1063494879584, 1, 76, 4);
INSERT INTO bans VALUES(1063494879584, 1, 81, 6);
INSERT INTO players VALUES('Smeb', date('1970-01-01'));
INSERT INTO registers VALUES('Smeb', 'ROX', date('1970-01-01'), 'NULL');
INSERT INTO plays VALUES(1063494879584, 1, 'Smeb', 68, 'top', 5, 2, 12, 20121, 13, 2, 235, 6, 4, 13395);
INSERT INTO players VALUES('Peanut', date('1970-01-01'));
INSERT INTO registers VALUES('Peanut', 'ROX', date('1970-01-01'), 'NULL');
INSERT INTO plays VALUES(1063494879584, 1, 'Peanut', 60, 'jungle', 5, 1, 11, 12883, 25, 4, 17, 64, 18, 11197);
INSERT INTO players VALUES('Kuro', date('1970-01-01'));
INSERT INTO registers VALUES('Kuro', 'ROX', date('1970-01-01'), 'NULL');
INSERT INTO plays VALUES(1063494879584, 1, 'Kuro', 126, 'mid', 4, 5, 12, 19013, 15, 4, 162, 11, 8, 11496);
INSERT INTO players VALUES('PraY', date('1970-01-01'));
INSERT INTO registers VALUES('PraY', 'ROX', date('1970-01-01'), 'NULL');
INSERT INTO plays VALUES(1063494879584, 1, 'PraY', 236, 'adc', 13, 1, 7, 25241, 10, 4, 254, 10, 2, 15826);
INSERT INTO players VALUES('GorillA', date('1970-01-01'));
INSERT INTO registers VALUES('GorillA', 'ROX', date('1970-01-01'), 'NULL');
INSERT INTO plays VALUES(1063494879584, 1, 'GorillA', 267, 'support', 1, 3, 24, 6657, 42, 8, 8, 0, 0, 9048);
INSERT INTO players VALUES('Smurf', date('1970-01-01'));
INSERT INTO registers VALUES('Smurf', 'ANX', date('1970-01-01'), 'NULL');
INSERT INTO plays VALUES(1063494879584, 1, 'Smurf', 98, 'top', 3, 4, 6, 8689, 12, 5, 174, 0, 0, 8918);
INSERT INTO players VALUES('PvPStejos', date('1970-01-01'));
INSERT INTO registers VALUES('PvPStejos', 'ANX', date('1970-01-01'), 'NULL');
INSERT INTO plays VALUES(1063494879584, 1, 'PvPStejos', 104, 'jungle', 4, 5, 5, 14069, 22, 6, 22, 76, 6, 8783);
INSERT INTO players VALUES('Kira', date('1970-01-01'));
INSERT INTO registers VALUES('Kira', 'ANX', date('1970-01-01'), 'NULL');
INSERT INTO plays VALUES(1063494879584, 1, 'Kira', 8, 'mid', 3, 7, 5, 16944, 14, 4, 175, 1, 0, 8675);
INSERT INTO players VALUES('aMiracle', date('1970-01-01'));
INSERT INTO registers VALUES('aMiracle', 'ANX', date('1970-01-01'), 'NULL');
INSERT INTO plays VALUES(1063494879584, 1, 'aMiracle', 202, 'adc', 2, 7, 5, 6856, 5, 0, 167, 0, 0, 8361);
INSERT INTO players VALUES('Likkrit', date('1970-01-01'));
INSERT INTO registers VALUES('Likkrit', 'ANX', date('1970-01-01'), 'NULL');
INSERT INTO plays VALUES(1063494879584, 1, 'Likkrit', 432, 'support', 0, 5, 3, 4384, 34, 12, 17, 0, 0, 5795);
INSERT INTO interacts VALUES(1063494879584, 1, 'GorillA', 3303, 2080, 1);
INSERT INTO interacts VALUES(1063494879584, 1, 'Likkrit', 3303, 2109, 1);
INSERT INTO interacts VALUES(1063494879584, 1, 'PvPStejos', 1041, 2172, 1);
INSERT INTO interacts VALUES(1063494879584, 1, 'aMiracle', 1055, 2270, 1);
INSERT INTO interacts VALUES(1063494879584, 1, 'Likkrit', 3340, 2342, 1);
INSERT INTO interacts VALUES(1063494879584, 1, 'GorillA', 2010, 2368, 1);
INSERT INTO interacts VALUES(1063494879584, 1, 'GorillA', 2010, 2431, 1);
INSERT INTO interacts VALUES(1063494879584, 1, 'aMiracle', 2010, 2464, 1);
INSERT INTO interacts VALUES(1063494879584, 1, 'Smurf', 1054, 2496, 1);
INSERT INTO interacts VALUES(1063494879584, 1, 'GorillA', 2010, 2599, 1);
INSERT INTO interacts VALUES(1063494879584, 1, 'Peanut', 1039, 2625, 1);
INSERT INTO interacts VALUES(1063494879584, 1, 'aMiracle', 3340, 2625, 1);
INSERT INTO interacts VALUES(1063494879584, 1, 'PvPStejos', 3340, 2690, 1);
INSERT INTO interacts VALUES(1063494879584, 1, 'Likkrit', 2003, 2785, 1);
INSERT INTO interacts VALUES(1063494879584, 1, 'Smurf', 2003, 2818, 1);
INSERT INTO interacts VALUES(1063494879584, 1, 'Likkrit', 2003, 2914, 1);
INSERT INTO interacts VALUES(1063494879584, 1, 'GorillA', 3340, 2948, 1);
INSERT INTO interacts VALUES(1063494879584, 1, 'Kira', 1054, 2948, 1);
INSERT INTO interacts VALUES(1063494879584, 1, 'Likkrit', 2003, 3077, 1);
INSERT INTO interacts VALUES(1063494879584, 1, 'Smurf', 3340, 3174, 1);
INSERT INTO interacts VALUES(1063494879584, 1, 'Kira', 2003, 3468, 1);
INSERT INTO interacts VALUES(1063494879584, 1, 'Kuro', 1036, 3637, 1);
INSERT INTO interacts VALUES(1063494879584, 1, 'Kira', 3340, 3795, 1);
INSERT INTO interacts VALUES(1063494879584, 1, 'PvPStejos', 2031, 3900, 1);
INSERT INTO interacts VALUES(1063494879584, 1, 'Kuro', 2010, 3990, 1);
INSERT INTO interacts VALUES(1063494879584, 1, 'Kuro', 2010, 4120, 1);
INSERT INTO interacts VALUES(1063494879584, 1, 'Kuro', 2010, 4217, 1);
INSERT INTO interacts VALUES(1063494879584, 1, 'Smeb', 1054, 4738, 1);
INSERT INTO interacts VALUES(1063494879584, 1, 'Smeb', 2003, 4938, 1);
INSERT INTO interacts VALUES(1063494879584, 1, 'PraY', 1055, 5125, 1);
INSERT INTO interacts VALUES(1063494879584, 1, 'Smeb', 3340, 5159, 1);
INSERT INTO interacts VALUES(1063494879584, 1, 'PraY', 3340, 5462, 1);
INSERT INTO interacts VALUES(1063494879584, 1, 'PraY', 2010, 5745, 1);
INSERT INTO interacts VALUES(1063494879584, 1, 'Peanut', 2031, 6004, 1);
INSERT INTO interacts VALUES(1063494879584, 1, 'Peanut', 3340, 6588, 1);
INSERT INTO interacts VALUES(1063494879584, 1, 'Peanut', 1041, 8534, 1);
INSERT INTO interacts VALUES(1063494879584, 1, 'Smeb', 1052, 240790, 1);
INSERT INTO interacts VALUES(1063494879584, 1, 'Kuro', 1036, 244638, 1);
INSERT INTO interacts VALUES(1063494879584, 1, 'Smeb', 2003, 248332, 1);
INSERT INTO interacts VALUES(1063494879584, 1, 'Smeb', 2003, 249097, 1);
INSERT INTO interacts VALUES(1063494879584, 1, 'Kuro', 2043, 250412, 1);
INSERT INTO interacts VALUES(1063494879584, 1, 'Kuro', 2010, 250805, 1);
INSERT INTO interacts VALUES(1063494879584, 1, 'Kuro', 2010, 251067, 1);
INSERT INTO interacts VALUES(1063494879584, 1, 'Kuro', 2010, 251229, 1);
INSERT INTO interacts VALUES(1063494879584, 1, 'PvPStejos', 3711, 269426, 1);
INSERT INTO interacts VALUES(1063494879584, 1, 'PvPStejos', 1036, 270106, 1);
INSERT INTO interacts VALUES(1063494879584, 1, 'PvPStejos', 2043, 271925, 1);
INSERT INTO interacts VALUES(1063494879584, 1, 'Kira', 1001, 277054, 1);
INSERT INTO interacts VALUES(1063494879584, 1, 'Kira', 1028, 280040, 1);
INSERT INTO interacts VALUES(1063494879584, 1, 'Kira', 2003, 280811, 1);
INSERT INTO interacts VALUES(1063494879584, 1, 'Kira', 2043, 281181, 1);
INSERT INTO interacts VALUES(1063494879584, 1, 'Peanut', 3711, 293017, 1);
INSERT INTO interacts VALUES(1063494879584, 1, 'Peanut', 1001, 293497, 1);
INSERT INTO interacts VALUES(1063494879584, 1, 'Smurf', 3211, 297229, 1);
INSERT INTO interacts VALUES(1063494879584, 1, 'Smurf', 1001, 301665, 1);
INSERT INTO interacts VALUES(1063494879584, 1, 'Smeb', 1028, 313971, 1);
INSERT INTO interacts VALUES(1063494879584, 1, 'Smeb', 2043, 315043, 1);
INSERT INTO interacts VALUES(1063494879584, 1, 'aMiracle', 3134, 354261, 1);
INSERT INTO interacts VALUES(1063494879584, 1, 'Kuro', 3134, 355106, 1);
INSERT INTO interacts VALUES(1063494879584, 1, 'Kuro', 1036, 356019, 1);
INSERT INTO interacts VALUES(1063494879584, 1, 'aMiracle', 2031, 361306, 1);
INSERT INTO interacts VALUES(1063494879584, 1, 'PvPStejos', 1036, 363729, 1);
INSERT INTO interacts VALUES(1063494879584, 1, 'PvPStejos', 1001, 364947, 1);
INSERT INTO interacts VALUES(1063494879584, 1, 'GorillA', 2049, 374209, 1);
INSERT INTO interacts VALUES(1063494879584, 1, 'GorillA', 3341, 375284, 1);
INSERT INTO interacts VALUES(1063494879584, 1, 'GorillA', 2010, 375442, 1);
INSERT INTO interacts VALUES(1063494879584, 1, 'PraY', 3134, 377814, 1);
INSERT INTO interacts VALUES(1063494879584, 1, 'PraY', 1083, 379407, 1);
INSERT INTO interacts VALUES(1063494879584, 1, 'PraY', 2010, 380151, 1);
INSERT INTO interacts VALUES(1063494879584, 1, 'GorillA', 2010, 383215, 1);
INSERT INTO interacts VALUES(1063494879584, 1, 'Likkrit', 3117, 390054, 1);
INSERT INTO interacts VALUES(1063494879584, 1, 'Likkrit', 2003, 391350, 1);
INSERT INTO interacts VALUES(1063494879584, 1, 'Likkrit', 2043, 393199, 1);
INSERT INTO interacts VALUES(1063494879584, 1, 'Kira', 3067, 393343, 1);
INSERT INTO interacts VALUES(1063494879584, 1, 'Kira', 2031, 393883, 1);
INSERT INTO interacts VALUES(1063494879584, 1, 'Peanut', 1052, 437419, 1);
INSERT INTO interacts VALUES(1063494879584, 1, 'Peanut', 2043, 440182, 1);
INSERT INTO interacts VALUES(1063494879584, 1, 'aMiracle', 1001, 443299, 1);
INSERT INTO interacts VALUES(1063494879584, 1, 'Smurf', 1028, 473343, 1);
INSERT INTO interacts VALUES(1063494879584, 1, 'Smurf', 1028, 474711, 1);
INSERT INTO interacts VALUES(1063494879584, 1, 'Smurf', 2031, 476215, 1);
INSERT INTO interacts VALUES(1063494879584, 1, 'Smeb', 3136, 488259, 1);
INSERT INTO interacts VALUES(1063494879584, 1, 'Smeb', 2003, 490114, 1);
INSERT INTO interacts VALUES(1063494879584, 1, 'Kuro', 3133, 518902, 1);
INSERT INTO interacts VALUES(1063494879584, 1, 'Kuro', 2010, 527351, 1);
INSERT INTO interacts VALUES(1063494879584, 1, 'Kuro', 2010, 527451, 1);
INSERT INTO interacts VALUES(1063494879584, 1, 'Kuro', 2010, 528072, 1);
INSERT INTO interacts VALUES(1063494879584, 1, 'GorillA', 1001, 528656, 1);
INSERT INTO interacts VALUES(1063494879584, 1, 'GorillA', 2043, 528988, 1);
INSERT INTO interacts VALUES(1063494879584, 1, 'PraY', 3133, 555629, 1);
INSERT INTO interacts VALUES(1063494879584, 1, 'PraY', 1001, 556640, 1);
INSERT INTO interacts VALUES(1063494879584, 1, 'Likkrit', 1028, 557319, 1);
INSERT INTO interacts VALUES(1063494879584, 1, 'PvPStejos', 1408, 561788, 1);
INSERT INTO interacts VALUES(1063494879584, 1, 'PvPStejos', 1042, 564847, 1);
INSERT INTO interacts VALUES(1063494879584, 1, 'PvPStejos', 2043, 567510, 1);
INSERT INTO interacts VALUES(1063494879584, 1, 'Smeb', 1001, 604743, 1);
INSERT INTO interacts VALUES(1063494879584, 1, 'Smeb', 2003, 606919, 1);
INSERT INTO interacts VALUES(1063494879584, 1, 'Peanut', 1410, 620844, 1);
INSERT INTO interacts VALUES(1063494879584, 1, 'Peanut', 2043, 703165, 1);
INSERT INTO interacts VALUES(1063494879584, 1, 'GorillA', 3158, 704304, 1);
INSERT INTO interacts VALUES(1063494879584, 1, 'GorillA', 2043, 704696, 1);
INSERT INTO interacts VALUES(1063494879584, 1, 'GorillA', 2010, 704986, 1);
INSERT INTO interacts VALUES(1063494879584, 1, 'aMiracle', 3133, 705343, 1);
INSERT INTO interacts VALUES(1063494879584, 1, 'GorillA', 2010, 713133, 1);
INSERT INTO interacts VALUES(1063494879584, 1, 'Likkrit', 2049, 713636, 1);
INSERT INTO interacts VALUES(1063494879584, 1, 'Kira', 3152, 713848, 1);
INSERT INTO interacts VALUES(1063494879584, 1, 'Likkrit', 3341, 714043, 1);
INSERT INTO interacts VALUES(1063494879584, 1, 'PvPStejos', 3086, 714078, 1);
INSERT INTO interacts VALUES(1063494879584, 1, 'Kuro', 3142, 714108, 1);
INSERT INTO interacts VALUES(1063494879584, 1, 'Likkrit', 2043, 714302, 1);
INSERT INTO interacts VALUES(1063494879584, 1, 'Likkrit', 1004, 714592, 1);
INSERT INTO interacts VALUES(1063494879584, 1, 'Kuro', 1001, 714601, 1);
INSERT INTO interacts VALUES(1063494879584, 1, 'Smurf', 3751, 715764, 1);
INSERT INTO interacts VALUES(1063494879584, 1, 'Kira', 1033, 715972, 1);
INSERT INTO interacts VALUES(1063494879584, 1, 'Kuro', 2043, 716493, 1);
INSERT INTO interacts VALUES(1063494879584, 1, 'Smeb', 1026, 729092, 1);
INSERT INTO interacts VALUES(1063494879584, 1, 'PraY', 3142, 729351, 1);
INSERT INTO interacts VALUES(1063494879584, 1, 'PraY', 1036, 729941, 1);
INSERT INTO interacts VALUES(1063494879584, 1, 'PraY', 1036, 730236, 1);
INSERT INTO interacts VALUES(1063494879584, 1, 'Kira', 3111, 820887, 1);
INSERT INTO interacts VALUES(1063494879584, 1, 'Smeb', 3151, 832669, 1);
INSERT INTO interacts VALUES(1063494879584, 1, 'GorillA', 2045, 834391, 1);
INSERT INTO interacts VALUES(1063494879584, 1, 'GorillA', 2043, 834716, 1);
INSERT INTO interacts VALUES(1063494879584, 1, 'GorillA', 1004, 834893, 1);
INSERT INTO interacts VALUES(1063494879584, 1, 'GorillA', 1004, 834941, 1);
INSERT INTO interacts VALUES(1063494879584, 1, 'Smeb', 1052, 835431, 1);
INSERT INTO interacts VALUES(1063494879584, 1, 'Smeb', 2043, 836829, 1);
INSERT INTO interacts VALUES(1063494879584, 1, 'Kira', 2043, 839788, 1);
INSERT INTO interacts VALUES(1063494879584, 1, 'Kira', 2043, 840052, 1);
INSERT INTO interacts VALUES(1063494879584, 1, 'PraY', 3006, 852592, 1);
INSERT INTO interacts VALUES(1063494879584, 1, 'PraY', 3363, 853630, 1);
INSERT INTO interacts VALUES(1063494879584, 1, 'Kuro', 3158, 869345, 1);
INSERT INTO interacts VALUES(1063494879584, 1, 'Kuro', 3363, 869864, 1);
INSERT INTO interacts VALUES(1063494879584, 1, 'Kuro', 1036, 870707, 1);
INSERT INTO interacts VALUES(1063494879584, 1, 'Peanut', 3020, 870966, 1);
INSERT INTO interacts VALUES(1063494879584, 1, 'Peanut', 1028, 872395, 1);
INSERT INTO interacts VALUES(1063494879584, 1, 'Peanut', 3364, 873431, 1);
INSERT INTO interacts VALUES(1063494879584, 1, 'PvPStejos', 3047, 885307, 1);
INSERT INTO interacts VALUES(1063494879584, 1, 'aMiracle', 3142, 885468, 1);
INSERT INTO interacts VALUES(1063494879584, 1, 'PvPStejos', 3364, 886971, 1);
INSERT INTO interacts VALUES(1063494879584, 1, 'PvPStejos', 2043, 887650, 1);
INSERT INTO interacts VALUES(1063494879584, 1, 'Smurf', 3111, 888238, 1);
INSERT INTO interacts VALUES(1063494879584, 1, 'Smurf', 2031, 893477, 0);
INSERT INTO interacts VALUES(1063494879584, 1, 'Smurf', 1031, 894875, 1);
INSERT INTO interacts VALUES(1063494879584, 1, 'Kuro', 1036, 964819, 1);
INSERT INTO interacts VALUES(1063494879584, 1, 'Kuro', 2010, 983466, 1);
INSERT INTO interacts VALUES(1063494879584, 1, 'Kira', 1029, 987337, 1);
INSERT INTO interacts VALUES(1063494879584, 1, 'Kira', 1029, 988184, 1);
INSERT INTO interacts VALUES(1063494879584, 1, 'Likkrit', 3801, 994806, 1);
INSERT INTO interacts VALUES(1063494879584, 1, 'PvPStejos', 1042, 995169, 1);
INSERT INTO interacts VALUES(1063494879584, 1, 'Likkrit', 2043, 995585, 1);
INSERT INTO interacts VALUES(1063494879584, 1, 'PraY', 3044, 999761, 1);
INSERT INTO interacts VALUES(1063494879584, 1, 'PraY', 3133, 1000215, 1);
INSERT INTO interacts VALUES(1063494879584, 1, 'GorillA', 3114, 1000249, 1);
INSERT INTO interacts VALUES(1063494879584, 1, 'GorillA', 1004, 1000508, 1);
INSERT INTO interacts VALUES(1063494879584, 1, 'GorillA', 1004, 1001224, 1);
INSERT INTO interacts VALUES(1063494879584, 1, 'GorillA', 2043, 1002851, 1);
INSERT INTO interacts VALUES(1063494879584, 1, 'aMiracle', 3009, 1006690, 1);
INSERT INTO interacts VALUES(1063494879584, 1, 'Kira', 3191, 1069751, 1);
INSERT INTO interacts VALUES(1063494879584, 1, 'Peanut', 3145, 1101048, 1);
INSERT INTO interacts VALUES(1063494879584, 1, 'Peanut', 3067, 1101470, 1);
INSERT INTO interacts VALUES(1063494879584, 1, 'Kuro', 3134, 1101597, 1);
INSERT INTO interacts VALUES(1063494879584, 1, 'Smeb', 3157, 1101890, 1);
INSERT INTO interacts VALUES(1063494879584, 1, 'Peanut', 1028, 1103717, 1);
INSERT INTO interacts VALUES(1063494879584, 1, 'Kuro', 1036, 1104111, 1);
INSERT INTO interacts VALUES(1063494879584, 1, 'GorillA', 3028, 1104401, 1);
INSERT INTO interacts VALUES(1063494879584, 1, 'Kuro', 2043, 1105606, 1);
INSERT INTO interacts VALUES(1063494879584, 1, 'Kuro', 2010, 1105929, 1);
INSERT INTO interacts VALUES(1063494879584, 1, 'Kuro', 2010, 1106061, 1);
INSERT INTO interacts VALUES(1063494879584, 1, 'PraY', 3071, 1109129, 1);
INSERT INTO interacts VALUES(1063494879584, 1, 'PraY', 1042, 1118809, 1);
INSERT INTO interacts VALUES(1063494879584, 1, 'PraY', 1053, 1123791, 1);
INSERT INTO interacts VALUES(1063494879584, 1, 'Smurf', 3068, 1130244, 1);
INSERT INTO interacts VALUES(1063494879584, 1, 'Smurf', 2043, 1131706, 1);
INSERT INTO interacts VALUES(1063494879584, 1, 'Likkrit', 3098, 1137648, 1);
INSERT INTO interacts VALUES(1063494879584, 1, 'aMiracle', 1036, 1159350, 1);
INSERT INTO interacts VALUES(1063494879584, 1, 'aMiracle', 1036, 1159482, 1);
INSERT INTO interacts VALUES(1063494879584, 1, 'aMiracle', 3363, 1159833, 1);
INSERT INTO interacts VALUES(1063494879584, 1, 'Peanut', 3152, 1197863, 1);
INSERT INTO interacts VALUES(1063494879584, 1, 'Kuro', 1037, 1198043, 1);
INSERT INTO interacts VALUES(1063494879584, 1, 'Smeb', 3111, 1201831, 1);
INSERT INTO interacts VALUES(1063494879584, 1, 'Smeb', 2043, 1203552, 1);
INSERT INTO interacts VALUES(1063494879584, 1, 'GorillA', 2043, 1212288, 1);
INSERT INTO interacts VALUES(1063494879584, 1, 'GorillA', 3364, 1213942, 1);
INSERT INTO interacts VALUES(1063494879584, 1, 'GorillA', 2043, 1214803, 1);
INSERT INTO interacts VALUES(1063494879584, 1, 'Likkrit', 1033, 1227677, 1);
INSERT INTO interacts VALUES(1063494879584, 1, 'PvPStejos', 3046, 1229559, 1);
INSERT INTO interacts VALUES(1063494879584, 1, 'PvPStejos', 2043, 1230958, 1);
INSERT INTO interacts VALUES(1063494879584, 1, 'PvPStejos', 1036, 1298898, 1);
INSERT INTO interacts VALUES(1063494879584, 1, 'Smurf', 3067, 1299514, 1);
INSERT INTO interacts VALUES(1063494879584, 1, 'Kira', 3108, 1300262, 1);
INSERT INTO interacts VALUES(1063494879584, 1, 'Likkrit', 3105, 1343198, 1);
INSERT INTO interacts VALUES(1063494879584, 1, 'Likkrit', 3364, 1343588, 1);
INSERT INTO interacts VALUES(1063494879584, 1, 'GorillA', 3222, 1345151, 1);
INSERT INTO interacts VALUES(1063494879584, 1, 'GorillA', 1028, 1346252, 1);
INSERT INTO interacts VALUES(1063494879584, 1, 'Smurf', 3065, 1346740, 1);
INSERT INTO interacts VALUES(1063494879584, 1, 'PraY', 1083, 1346740, 0);
INSERT INTO interacts VALUES(1063494879584, 1, 'GorillA', 2043, 1346969, 1);
INSERT INTO interacts VALUES(1063494879584, 1, 'Smeb', 1026, 1349957, 1);
INSERT INTO interacts VALUES(1063494879584, 1, 'aMiracle', 3155, 1350461, 1);
INSERT INTO interacts VALUES(1063494879584, 1, 'PraY', 3094, 1350800, 1);
INSERT INTO interacts VALUES(1063494879584, 1, 'GorillA', 2043, 1359190, 1);
INSERT INTO interacts VALUES(1063494879584, 1, 'Kira', 2031, 1364429, 0);
INSERT INTO interacts VALUES(1063494879584, 1, 'Kira', 3157, 1365861, 1);
INSERT INTO interacts VALUES(1063494879584, 1, 'Kuro', 3035, 1367168, 1);
INSERT INTO interacts VALUES(1063494879584, 1, 'PvPStejos', 3134, 1368306, 1);
INSERT INTO interacts VALUES(1063494879584, 1, 'Kuro', 3123, 1368825, 1);
INSERT INTO interacts VALUES(1063494879584, 1, 'Kuro', 2043, 1369808, 1);
INSERT INTO interacts VALUES(1063494879584, 1, 'Likkrit', 1028, 1383824, 1);
INSERT INTO interacts VALUES(1063494879584, 1, 'Smurf', 1029, 1385097, 1);
INSERT INTO interacts VALUES(1063494879584, 1, 'Peanut', 3108, 1394384, 1);
INSERT INTO interacts VALUES(1063494879584, 1, 'Peanut', 2031, 1397732, 0);
INSERT INTO interacts VALUES(1063494879584, 1, 'Peanut', 1011, 1401830, 1);
INSERT INTO interacts VALUES(1063494879584, 1, 'Peanut', 1058, 1403032, 1);
INSERT INTO interacts VALUES(1063494879584, 1, 'aMiracle', 3134, 1481250, 1);
INSERT INTO interacts VALUES(1063494879584, 1, 'Kira', 1052, 1493323, 1);
INSERT INTO interacts VALUES(1063494879584, 1, 'Likkrit', 3067, 1497102, 1);
INSERT INTO interacts VALUES(1063494879584, 1, 'PvPStejos', 1033, 1504340, 1);
INSERT INTO interacts VALUES(1063494879584, 1, 'Smurf', 1031, 1510923, 1);
INSERT INTO interacts VALUES(1063494879584, 1, 'GorillA', 3105, 1513497, 1);
INSERT INTO interacts VALUES(1063494879584, 1, 'PraY', 1055, 1513531, 0);
INSERT INTO interacts VALUES(1063494879584, 1, 'Kuro', 3033, 1513765, 1);
INSERT INTO interacts VALUES(1063494879584, 1, 'Peanut', 3116, 1513829, 1);
INSERT INTO interacts VALUES(1063494879584, 1, 'GorillA', 2043, 1514153, 1);
INSERT INTO interacts VALUES(1063494879584, 1, 'Peanut', 2043, 1516418, 1);
INSERT INTO interacts VALUES(1063494879584, 1, 'PraY', 3155, 1517547, 1);
INSERT INTO interacts VALUES(1063494879584, 1, 'PraY', 2140, 1518673, 1);
INSERT INTO interacts VALUES(1063494879584, 1, 'Kuro', 1036, 1518855, 1);
INSERT INTO interacts VALUES(1063494879584, 1, 'Kuro', 1036, 1518962, 1);
INSERT INTO interacts VALUES(1063494879584, 1, 'Smeb', 3135, 1522291, 1);
INSERT INTO interacts VALUES(1063494879584, 1, 'Smeb', 1058, 1523169, 1);
INSERT INTO interacts VALUES(1063494879584, 1, 'Likkrit', 3190, 1561923, 1);
INSERT INTO interacts VALUES(1063494879584, 1, 'Smurf', 1029, 1599653, 1);
INSERT INTO interacts VALUES(1063494879584, 1, 'aMiracle', 3156, 1602968, 1);
INSERT INTO teams VALUES('H2K', 'EU', 'H2K');
INSERT INTO participates VALUES('world_championship_2016', 'H2K', 'UNKNOWN');
INSERT INTO teams VALUES('AHQ', 'GPL', 'ahq e-Sports Club');
INSERT INTO participates VALUES('world_championship_2016', 'AHQ', 'UNKNOWN');
INSERT INTO series VALUES(492377425079, 1);
INSERT INTO organizes VALUES('world_championship_2016', 492377425079, 'group_c - H2K-vs-AHQ');
INSERT INTO competes VALUES(492377425079, 'H2K', 1);
INSERT INTO competes VALUES(492377425079, 'AHQ', 0);
INSERT INTO matches VALUES(492377425079, 1, '2016-09-29');
INSERT INTO scores VALUES('H2K', 492377425079, 1, 0, 4, 0, 0, 1, 0);
INSERT INTO scores VALUES('AHQ', 492377425079, 1, 2, 10, 0, 2, 4, 1);
INSERT INTO bans VALUES(492377425079, 1, 4, 1);
INSERT INTO bans VALUES(492377425079, 1, 223, 3);
INSERT INTO bans VALUES(492377425079, 1, 421, 5);
INSERT INTO bans VALUES(492377425079, 1, 76, 2);
INSERT INTO bans VALUES(492377425079, 1, 134, 4);
INSERT INTO bans VALUES(492377425079, 1, 43, 6);
INSERT INTO players VALUES('Odoamne', date('1970-01-01'));
INSERT INTO registers VALUES('Odoamne', 'H2K', date('1970-01-01'), 'NULL');
INSERT INTO plays VALUES(492377425079, 1, 'Odoamne', 150, 'top', 2, 3, 4, 19028, 21, 9, 351, 9, 3, 16940);
INSERT INTO players VALUES('Jankos', date('1970-01-01'));
INSERT INTO registers VALUES('Jankos', 'H2K', date('1970-01-01'), 'NULL');
INSERT INTO plays VALUES(492377425079, 1, 'Jankos', 60, 'jungle', 0, 3, 5, 16200, 52, 34, 63, 106, 18, 14795);
INSERT INTO players VALUES('Ryu', date('1970-01-01'));
INSERT INTO registers VALUES('Ryu', 'H2K', date('1970-01-01'), 'NULL');
INSERT INTO plays VALUES(492377425079, 1, 'Ryu', 69, 'mid', 5, 2, 4, 27816, 23, 10, 319, 21, 2, 16794);
INSERT INTO players VALUES('FORG1VEN', date('1970-01-01'));
INSERT INTO registers VALUES('FORG1VEN', 'H2K', date('1970-01-01'), 'NULL');
INSERT INTO plays VALUES(492377425079, 1, 'FORG1VEN', 51, 'adc', 3, 2, 2, 27950, 19, 20, 450, 27, 0, 19171);
INSERT INTO players VALUES('Vander', date('1970-01-01'));
INSERT INTO registers VALUES('Vander', 'H2K', date('1970-01-01'), 'NULL');
INSERT INTO plays VALUES(492377425079, 1, 'Vander', 201, 'support', 1, 4, 3, 9027, 69, 13, 53, 0, 0, 11057);
INSERT INTO players VALUES('Ziv', date('1970-01-01'));
INSERT INTO registers VALUES('Ziv', 'AHQ', date('1970-01-01'), 'NULL');
INSERT INTO plays VALUES(492377425079, 1, 'Ziv', 68, 'top', 5, 2, 6, 36896, 31, 6, 370, 21, 3, 19312);
INSERT INTO players VALUES('Mountain', date('1970-01-01'));
INSERT INTO registers VALUES('Mountain', 'AHQ', date('1970-01-01'), 'NULL');
INSERT INTO plays VALUES(492377425079, 1, 'Mountain', 2, 'jungle', 3, 3, 9, 17739, 36, 14, 44, 114, 24, 16945);
INSERT INTO players VALUES('Westdoor', date('1970-01-01'));
INSERT INTO registers VALUES('Westdoor', 'AHQ', date('1970-01-01'), 'NULL');
INSERT INTO plays VALUES(492377425079, 1, 'Westdoor', 90, 'mid', 2, 3, 6, 28079, 29, 12, 318, 23, 4, 17177);
INSERT INTO players VALUES('AN', date('1970-01-01'));
INSERT INTO registers VALUES('AN', 'AHQ', date('1970-01-01'), 'NULL');
INSERT INTO plays VALUES(492377425079, 1, 'AN', 222, 'adc', 2, 2, 6, 28021, 22, 18, 449, 26, 6, 21073);
INSERT INTO players VALUES('Albis', date('1970-01-01'));
INSERT INTO registers VALUES('Albis', 'AHQ', date('1970-01-01'), 'NULL');
INSERT INTO plays VALUES(492377425079, 1, 'Albis', 432, 'support', 2, 1, 9, 6122, 72, 32, 32, 0, 0, 13488);
INSERT INTO interacts VALUES(492377425079, 1, 'Odoamne', 3340, 1481, 1);
INSERT INTO interacts VALUES(492377425079, 1, 'Vander', 3340, 1739, 1);
INSERT INTO interacts VALUES(492377425079, 1, 'Vander', 2010, 1967, 1);
INSERT INTO interacts VALUES(492377425079, 1, 'FORG1VEN', 1055, 2064, 1);
INSERT INTO interacts VALUES(492377425079, 1, 'Ziv', 1054, 2102, 1);
INSERT INTO interacts VALUES(492377425079, 1, 'Odoamne', 1055, 2128, 1);
INSERT INTO interacts VALUES(492377425079, 1, 'Vander', 2010, 2128, 1);
INSERT INTO interacts VALUES(492377425079, 1, 'Vander', 2010, 2227, 1);
INSERT INTO interacts VALUES(492377425079, 1, 'AN', 1055, 2260, 1);
INSERT INTO interacts VALUES(492377425079, 1, 'Ziv', 2003, 2292, 1);
INSERT INTO interacts VALUES(492377425079, 1, 'Vander', 3302, 2389, 1);
INSERT INTO interacts VALUES(492377425079, 1, 'FORG1VEN', 2010, 2389, 1);
INSERT INTO interacts VALUES(492377425079, 1, 'Westdoor', 1056, 2422, 1);
INSERT INTO interacts VALUES(492377425079, 1, 'Ziv', 3340, 2455, 1);
INSERT INTO interacts VALUES(492377425079, 1, 'AN', 2010, 2487, 1);
INSERT INTO interacts VALUES(492377425079, 1, 'Ryu', 1056, 2487, 1);
INSERT INTO interacts VALUES(492377425079, 1, 'Odoamne', 2003, 2519, 1);
INSERT INTO interacts VALUES(492377425079, 1, 'Mountain', 1039, 2585, 1);
INSERT INTO interacts VALUES(492377425079, 1, 'AN', 3340, 2682, 1);
INSERT INTO interacts VALUES(492377425079, 1, 'Ryu', 2010, 2715, 1);
INSERT INTO interacts VALUES(492377425079, 1, 'FORG1VEN', 3340, 2746, 1);
INSERT INTO interacts VALUES(492377425079, 1, 'Westdoor', 2010, 2843, 1);
INSERT INTO interacts VALUES(492377425079, 1, 'Ryu', 2010, 2843, 1);
INSERT INTO interacts VALUES(492377425079, 1, 'Jankos', 1039, 2886, 1);
INSERT INTO interacts VALUES(492377425079, 1, 'Albis', 2010, 3006, 1);
INSERT INTO interacts VALUES(492377425079, 1, 'Westdoor', 2010, 3006, 1);
INSERT INTO interacts VALUES(492377425079, 1, 'Ryu', 3340, 3070, 1);
INSERT INTO interacts VALUES(492377425079, 1, 'Jankos', 3340, 3263, 1);
INSERT INTO interacts VALUES(492377425079, 1, 'Albis', 3303, 3328, 1);
INSERT INTO interacts VALUES(492377425079, 1, 'Westdoor', 3340, 3588, 1);
INSERT INTO interacts VALUES(492377425079, 1, 'Albis', 2010, 3685, 1);
INSERT INTO interacts VALUES(492377425079, 1, 'Mountain', 2031, 3813, 1);
INSERT INTO interacts VALUES(492377425079, 1, 'Albis', 2010, 3942, 1);
INSERT INTO interacts VALUES(492377425079, 1, 'Jankos', 2031, 4007, 1);
INSERT INTO interacts VALUES(492377425079, 1, 'Mountain', 3340, 4267, 1);
INSERT INTO interacts VALUES(492377425079, 1, 'Albis', 3340, 4267, 1);
INSERT INTO interacts VALUES(492377425079, 1, 'Odoamne', 1055, 252933, 1);
INSERT INTO interacts VALUES(492377425079, 1, 'Odoamne', 2031, 254194, 1);
INSERT INTO interacts VALUES(492377425079, 1, 'Ziv', 1052, 260282, 1);
INSERT INTO interacts VALUES(492377425079, 1, 'Ziv', 1028, 260627, 1);
INSERT INTO interacts VALUES(492377425079, 1, 'Mountain', 3158, 260627, 1);
INSERT INTO interacts VALUES(492377425079, 1, 'Mountain', 2032, 262217, 1);
INSERT INTO interacts VALUES(492377425079, 1, 'Ziv', 2003, 262251, 1);
INSERT INTO interacts VALUES(492377425079, 1, 'Ziv', 2043, 262896, 1);
INSERT INTO interacts VALUES(492377425079, 1, 'Odoamne', 2043, 263836, 1);
INSERT INTO interacts VALUES(492377425079, 1, 'Mountain', 2043, 263931, 1);
INSERT INTO interacts VALUES(492377425079, 1, 'Ziv', 2003, 269994, 1);
INSERT INTO interacts VALUES(492377425079, 1, 'Jankos', 3711, 305231, 1);
INSERT INTO interacts VALUES(492377425079, 1, 'Jankos', 1001, 306171, 1);
INSERT INTO interacts VALUES(492377425079, 1, 'Jankos', 2043, 306527, 1);
INSERT INTO interacts VALUES(492377425079, 1, 'Jankos', 3341, 307025, 1);
INSERT INTO interacts VALUES(492377425079, 1, 'Vander', 2010, 339924, 1);
INSERT INTO interacts VALUES(492377425079, 1, 'Vander', 1028, 341417, 1);
INSERT INTO interacts VALUES(492377425079, 1, 'Vander', 2043, 342037, 1);
INSERT INTO interacts VALUES(492377425079, 1, 'Ryu', 3070, 390507, 1);
INSERT INTO interacts VALUES(492377425079, 1, 'Ryu', 1033, 391937, 1);
INSERT INTO interacts VALUES(492377425079, 1, 'Ryu', 2043, 392719, 1);
INSERT INTO interacts VALUES(492377425079, 1, 'Ryu', 2010, 392946, 1);
INSERT INTO interacts VALUES(492377425079, 1, 'Jankos', 2043, 393022, 1);
INSERT INTO interacts VALUES(492377425079, 1, 'Westdoor', 3802, 422422, 1);
INSERT INTO interacts VALUES(492377425079, 1, 'Westdoor', 1001, 424455, 1);
INSERT INTO interacts VALUES(492377425079, 1, 'Westdoor', 2043, 426985, 1);
INSERT INTO interacts VALUES(492377425079, 1, 'Westdoor', 2031, 427795, 1);
INSERT INTO interacts VALUES(492377425079, 1, 'Ziv', 3136, 429710, 1);
INSERT INTO interacts VALUES(492377425079, 1, 'Odoamne', 1001, 460814, 1);
INSERT INTO interacts VALUES(492377425079, 1, 'Odoamne', 1033, 462243, 1);
INSERT INTO interacts VALUES(492377425079, 1, 'Odoamne', 1036, 462711, 1);
INSERT INTO interacts VALUES(492377425079, 1, 'Mountain', 1028, 463231, 1);
INSERT INTO interacts VALUES(492377425079, 1, 'Mountain', 2043, 470046, 1);
INSERT INTO interacts VALUES(492377425079, 1, 'Vander', 2049, 489751, 1);
INSERT INTO interacts VALUES(492377425079, 1, 'Vander', 1001, 491707, 1);
INSERT INTO interacts VALUES(492377425079, 1, 'Vander', 3341, 492774, 1);
INSERT INTO interacts VALUES(492377425079, 1, 'FORG1VEN', 1038, 494107, 1);
INSERT INTO interacts VALUES(492377425079, 1, 'FORG1VEN', 3006, 494851, 1);
INSERT INTO interacts VALUES(492377425079, 1, 'FORG1VEN', 2010, 496027, 1);
INSERT INTO interacts VALUES(492377425079, 1, 'FORG1VEN', 2043, 497326, 1);
INSERT INTO interacts VALUES(492377425079, 1, 'Albis', 2049, 503110, 1);
INSERT INTO interacts VALUES(492377425079, 1, 'Albis', 1001, 503665, 1);
INSERT INTO interacts VALUES(492377425079, 1, 'Albis', 3341, 505167, 1);
INSERT INTO interacts VALUES(492377425079, 1, 'AN', 1038, 507847, 1);
INSERT INTO interacts VALUES(492377425079, 1, 'AN', 1001, 508541, 1);
INSERT INTO interacts VALUES(492377425079, 1, 'AN', 1042, 509340, 1);
INSERT INTO interacts VALUES(492377425079, 1, 'AN', 2043, 511613, 1);
INSERT INTO interacts VALUES(492377425079, 1, 'AN', 2010, 511937, 1);
INSERT INTO interacts VALUES(492377425079, 1, 'Jankos', 3113, 517489, 1);
INSERT INTO interacts VALUES(492377425079, 1, 'Mountain', 3751, 580776, 1);
INSERT INTO interacts VALUES(492377425079, 1, 'Ryu', 3140, 602612, 1);
INSERT INTO interacts VALUES(492377425079, 1, 'Ryu', 1052, 603556, 1);
INSERT INTO interacts VALUES(492377425079, 1, 'Ryu', 2043, 604432, 1);
INSERT INTO interacts VALUES(492377425079, 1, 'Jankos', 1052, 608636, 1);
INSERT INTO interacts VALUES(492377425079, 1, 'Odoamne', 3155, 613058, 1);
INSERT INTO interacts VALUES(492377425079, 1, 'Odoamne', 1028, 614660, 1);
INSERT INTO interacts VALUES(492377425079, 1, 'Ziv', 1026, 641729, 1);
INSERT INTO interacts VALUES(492377425079, 1, 'Ziv', 1001, 643492, 1);
INSERT INTO interacts VALUES(492377425079, 1, 'Ziv', 2043, 710808, 1);
INSERT INTO interacts VALUES(492377425079, 1, 'Ziv', 2031, 711981, 1);
INSERT INTO interacts VALUES(492377425079, 1, 'Mountain', 3711, 715326, 1);
INSERT INTO interacts VALUES(492377425079, 1, 'Mountain', 2043, 717659, 1);
INSERT INTO interacts VALUES(492377425079, 1, 'Odoamne', 3052, 735734, 1);
INSERT INTO interacts VALUES(492377425079, 1, 'Westdoor', 3165, 764551, 1);
INSERT INTO interacts VALUES(492377425079, 1, 'Ryu', 3802, 790478, 1);
INSERT INTO interacts VALUES(492377425079, 1, 'Ryu', 3108, 791450, 1);
INSERT INTO interacts VALUES(492377425079, 1, 'Ryu', 2010, 792453, 1);
INSERT INTO interacts VALUES(492377425079, 1, 'Ryu', 2010, 796190, 1);
INSERT INTO interacts VALUES(492377425079, 1, 'Jankos', 1410, 837747, 1);
INSERT INTO interacts VALUES(492377425079, 1, 'Jankos', 3158, 839611, 1);
INSERT INTO interacts VALUES(492377425079, 1, 'Jankos', 2043, 840026, 1);
INSERT INTO interacts VALUES(492377425079, 1, 'Jankos', 2043, 840243, 1);
INSERT INTO interacts VALUES(492377425079, 1, 'Albis', 3117, 843789, 1);
INSERT INTO interacts VALUES(492377425079, 1, 'Albis', 2043, 844989, 1);
INSERT INTO interacts VALUES(492377425079, 1, 'Albis', 2043, 845279, 1);
INSERT INTO interacts VALUES(492377425079, 1, 'Albis', 2010, 845605, 1);
INSERT INTO interacts VALUES(492377425079, 1, 'Vander', 3111, 845735, 1);
INSERT INTO interacts VALUES(492377425079, 1, 'Albis', 2010, 845867, 1);
INSERT INTO interacts VALUES(492377425079, 1, 'Vander', 2010, 846936, 1);
INSERT INTO interacts VALUES(492377425079, 1, 'Vander', 2043, 848402, 1);
INSERT INTO interacts VALUES(492377425079, 1, 'AN', 3086, 848402, 1);
INSERT INTO interacts VALUES(492377425079, 1, 'AN', 3006, 849374, 1);
INSERT INTO interacts VALUES(492377425079, 1, 'AN', 1042, 851205, 1);
INSERT INTO interacts VALUES(492377425079, 1, 'FORG1VEN', 3086, 855038, 1);
INSERT INTO interacts VALUES(492377425079, 1, 'FORG1VEN', 1043, 855653, 1);
INSERT INTO interacts VALUES(492377425079, 1, 'FORG1VEN', 3363, 858090, 1);
INSERT INTO interacts VALUES(492377425079, 1, 'Mountain', 1409, 924980, 1);
INSERT INTO interacts VALUES(492377425079, 1, 'Ziv', 3151, 934957, 1);
INSERT INTO interacts VALUES(492377425079, 1, 'Jankos', 1033, 937650, 1);
INSERT INTO interacts VALUES(492377425079, 1, 'Mountain', 1028, 938074, 1);
INSERT INTO interacts VALUES(492377425079, 1, 'Jankos', 1057, 938691, 1);
INSERT INTO interacts VALUES(492377425079, 1, 'Mountain', 1033, 939568, 1);
INSERT INTO interacts VALUES(492377425079, 1, 'Jankos', 3364, 940570, 1);
INSERT INTO interacts VALUES(492377425079, 1, 'Mountain', 3364, 943879, 1);
INSERT INTO interacts VALUES(492377425079, 1, 'Mountain', 2043, 946806, 1);
INSERT INTO interacts VALUES(492377425079, 1, 'Ziv', 3020, 966918, 1);
INSERT INTO interacts VALUES(492377425079, 1, 'Ziv', 2043, 969289, 1);
INSERT INTO interacts VALUES(492377425079, 1, 'Odoamne', 3156, 995159, 1);
INSERT INTO interacts VALUES(492377425079, 1, 'AN', 3085, 1089165, 1);
INSERT INTO interacts VALUES(492377425079, 1, 'AN', 3363, 1090010, 1);
INSERT INTO interacts VALUES(492377425079, 1, 'AN', 2043, 1090302, 1);
INSERT INTO interacts VALUES(492377425079, 1, 'AN', 2010, 1091469, 1);
INSERT INTO interacts VALUES(492377425079, 1, 'AN', 2010, 1091604, 1);
INSERT INTO interacts VALUES(492377425079, 1, 'Albis', 2045, 1093131, 1);
INSERT INTO interacts VALUES(492377425079, 1, 'Albis', 2043, 1093796, 1);
INSERT INTO interacts VALUES(492377425079, 1, 'Albis', 2043, 1094048, 1);
INSERT INTO interacts VALUES(492377425079, 1, 'Albis', 3364, 1094458, 1);
INSERT INTO interacts VALUES(492377425079, 1, 'Westdoor', 1058, 1116555, 1);
INSERT INTO interacts VALUES(492377425079, 1, 'Westdoor', 3158, 1118226, 1);
INSERT INTO interacts VALUES(492377425079, 1, 'FORG1VEN', 3085, 1119010, 1);
INSERT INTO interacts VALUES(492377425079, 1, 'Westdoor', 2043, 1120229, 1);
INSERT INTO interacts VALUES(492377425079, 1, 'FORG1VEN', 1037, 1120423, 1);
INSERT INTO interacts VALUES(492377425079, 1, 'Vander', 2045, 1120423, 1);
INSERT INTO interacts VALUES(492377425079, 1, 'Vander', 1028, 1121367, 1);
INSERT INTO interacts VALUES(492377425079, 1, 'Vander', 3364, 1122279, 1);
INSERT INTO interacts VALUES(492377425079, 1, 'Vander', 2043, 1122532, 1);
INSERT INTO interacts VALUES(492377425079, 1, 'Vander', 2043, 1122924, 1);
INSERT INTO interacts VALUES(492377425079, 1, 'Ryu', 3165, 1137157, 1);
INSERT INTO interacts VALUES(492377425079, 1, 'Ryu', 1058, 1138507, 1);
INSERT INTO interacts VALUES(492377425079, 1, 'Ryu', 2043, 1141913, 1);
INSERT INTO interacts VALUES(492377425079, 1, 'Mountain', 3211, 1168357, 1);
INSERT INTO interacts VALUES(492377425079, 1, 'Mountain', 1028, 1171865, 1);
INSERT INTO interacts VALUES(492377425079, 1, 'Odoamne', 3022, 1173488, 1);
INSERT INTO interacts VALUES(492377425079, 1, 'Mountain', 2043, 1174719, 1);
INSERT INTO interacts VALUES(492377425079, 1, 'Ziv', 1058, 1174753, 1);
INSERT INTO interacts VALUES(492377425079, 1, 'Ziv', 2043, 1175367, 1);
INSERT INTO interacts VALUES(492377425079, 1, 'Vander', 2043, 1253136, 1);
INSERT INTO interacts VALUES(492377425079, 1, 'Vander', 3067, 1255934, 1);
INSERT INTO interacts VALUES(492377425079, 1, 'Vander', 2043, 1261535, 1);
INSERT INTO interacts VALUES(492377425079, 1, 'Ryu', 1057, 1263326, 1);
INSERT INTO interacts VALUES(492377425079, 1, 'FORG1VEN', 3031, 1276527, 1);
INSERT INTO interacts VALUES(492377425079, 1, 'Westdoor', 1011, 1289433, 1);
INSERT INTO interacts VALUES(492377425079, 1, 'Westdoor', 2031, 1290734, 0);
INSERT INTO interacts VALUES(492377425079, 1, 'Westdoor', 2043, 1293023, 1);
INSERT INTO interacts VALUES(492377425079, 1, 'Albis', 3067, 1293245, 1);
INSERT INTO interacts VALUES(492377425079, 1, 'Albis', 1028, 1293927, 1);
INSERT INTO interacts VALUES(492377425079, 1, 'Albis', 2043, 1294840, 1);
INSERT INTO interacts VALUES(492377425079, 1, 'Albis', 2043, 1295151, 1);
INSERT INTO interacts VALUES(492377425079, 1, 'Mountain', 1011, 1295270, 1);
INSERT INTO interacts VALUES(492377425079, 1, 'Ziv', 1028, 1301654, 1);
INSERT INTO interacts VALUES(492377425079, 1, 'AN', 1037, 1311799, 1);
INSERT INTO interacts VALUES(492377425079, 1, 'AN', 2010, 1312904, 0);
INSERT INTO interacts VALUES(492377425079, 1, 'AN', 2010, 1313032, 0);
INSERT INTO interacts VALUES(492377425079, 1, 'AN', 3086, 1315452, 1);
INSERT INTO interacts VALUES(492377425079, 1, 'Jankos', 3001, 1384458, 1);
INSERT INTO interacts VALUES(492377425079, 1, 'Jankos', 1028, 1385629, 1);
INSERT INTO interacts VALUES(492377425079, 1, 'Jankos', 2043, 1386080, 1);
INSERT INTO interacts VALUES(492377425079, 1, 'Jankos', 2043, 1386209, 1);
INSERT INTO interacts VALUES(492377425079, 1, 'Mountain', 3082, 1394827, 1);
INSERT INTO interacts VALUES(492377425079, 1, 'Odoamne', 3047, 1402006, 1);
INSERT INTO interacts VALUES(492377425079, 1, 'Odoamne', 2031, 1403616, 0);
INSERT INTO interacts VALUES(492377425079, 1, 'Odoamne', 1028, 1405540, 1);
INSERT INTO interacts VALUES(492377425079, 1, 'Ziv', 1011, 1410136, 1);
INSERT INTO interacts VALUES(492377425079, 1, 'Albis', 3303, 1411438, 0);
INSERT INTO interacts VALUES(492377425079, 1, 'Albis', 3301, 1412248, 1);
INSERT INTO interacts VALUES(492377425079, 1, 'Albis', 3801, 1413353, 1);
INSERT INTO interacts VALUES(492377425079, 1, 'Albis', 2043, 1414555, 1);
INSERT INTO interacts VALUES(492377425079, 1, 'Vander', 2010, 1421147, 0);
INSERT INTO interacts VALUES(492377425079, 1, 'Vander', 1033, 1422013, 1);
INSERT INTO interacts VALUES(492377425079, 1, 'Vander', 2043, 1423062, 1);
INSERT INTO interacts VALUES(492377425079, 1, 'Vander', 2043, 1423191, 1);
INSERT INTO interacts VALUES(492377425079, 1, 'Westdoor', 3116, 1436854, 1);
INSERT INTO interacts VALUES(492377425079, 1, 'Westdoor', 1052, 1439697, 1);
INSERT INTO interacts VALUES(492377425079, 1, 'Westdoor', 2043, 1440578, 1);
INSERT INTO interacts VALUES(492377425079, 1, 'Albis', 2043, 1525123, 1);
INSERT INTO interacts VALUES(492377425079, 1, 'Albis', 2043, 1525415, 1);
INSERT INTO interacts VALUES(492377425079, 1, 'Odoamne', 1011, 1525615, 1);
INSERT INTO interacts VALUES(492377425079, 1, 'Ziv', 3116, 1544239, 1);
INSERT INTO interacts VALUES(492377425079, 1, 'Ziv', 1052, 1546524, 1);
INSERT INTO interacts VALUES(492377425079, 1, 'Mountain', 3143, 1547177, 1);
INSERT INTO interacts VALUES(492377425079, 1, 'Mountain', 2043, 1548540, 1);
INSERT INTO interacts VALUES(492377425079, 1, 'AN', 3031, 1553097, 1);
INSERT INTO interacts VALUES(492377425079, 1, 'AN', 2043, 1554073, 1);
INSERT INTO interacts VALUES(492377425079, 1, 'Ryu', 3116, 1560824, 1);
INSERT INTO interacts VALUES(492377425079, 1, 'FORG1VEN', 3140, 1561217, 1);
INSERT INTO interacts VALUES(492377425079, 1, 'FORG1VEN', 2010, 1562255, 0);
INSERT INTO interacts VALUES(492377425079, 1, 'FORG1VEN', 1037, 1563495, 1);
INSERT INTO interacts VALUES(492377425079, 1, 'Jankos', 1011, 1570214, 1);
INSERT INTO interacts VALUES(492377425079, 1, 'Jankos', 2043, 1571343, 1);
INSERT INTO interacts VALUES(492377425079, 1, 'Jankos', 2043, 1571481, 1);
INSERT INTO interacts VALUES(492377425079, 1, 'Vander', 2043, 1573909, 1);
INSERT INTO interacts VALUES(492377425079, 1, 'Vander', 3105, 1678326, 1);
INSERT INTO interacts VALUES(492377425079, 1, 'Mountain', 2032, 1679062, 0);
INSERT INTO interacts VALUES(492377425079, 1, 'Ziv', 2031, 1680782, 0);
INSERT INTO interacts VALUES(492377425079, 1, 'Mountain', 3067, 1681821, 1);
INSERT INTO interacts VALUES(492377425079, 1, 'Ziv', 1026, 1681821, 1);
INSERT INTO interacts VALUES(492377425079, 1, 'Westdoor', 3136, 1682433, 1);
INSERT INTO interacts VALUES(492377425079, 1, 'Albis', 3190, 1683340, 1);
INSERT INTO interacts VALUES(492377425079, 1, 'Westdoor', 2043, 1683832, 1);
INSERT INTO interacts VALUES(492377425079, 1, 'Albis', 2043, 1683976, 1);
INSERT INTO interacts VALUES(492377425079, 1, 'Odoamne', 1055, 1683976, 0);
INSERT INTO interacts VALUES(492377425079, 1, 'Odoamne', 3082, 1685226, 1);
INSERT INTO interacts VALUES(492377425079, 1, 'AN', 2015, 1693104, 1);
INSERT INTO interacts VALUES(492377425079, 1, 'Jankos', 2043, 1701463, 1);
INSERT INTO interacts VALUES(492377425079, 1, 'Jankos', 2043, 1701559, 1);
INSERT INTO interacts VALUES(492377425079, 1, 'Mountain', 2043, 1752745, 1);
INSERT INTO interacts VALUES(492377425079, 1, 'Ryu', 1056, 1771541, 0);
INSERT INTO interacts VALUES(492377425079, 1, 'Vander', 3190, 1771602, 1);
INSERT INTO interacts VALUES(492377425079, 1, 'Vander', 2043, 1772384, 1);
INSERT INTO interacts VALUES(492377425079, 1, 'Vander', 2043, 1817694, 1);
INSERT INTO interacts VALUES(492377425079, 1, 'Vander', 2010, 1818054, 1);
INSERT INTO interacts VALUES(492377425079, 1, 'Jankos', 1058, 1850333, 1);
INSERT INTO interacts VALUES(492377425079, 1, 'AN', 3094, 1888707, 1);
INSERT INTO interacts VALUES(492377425079, 1, 'Albis', 3096, 1889423, 1);
INSERT INTO interacts VALUES(492377425079, 1, 'AN', 1037, 1890400, 1);
INSERT INTO interacts VALUES(492377425079, 1, 'Albis', 1029, 1890883, 1);
INSERT INTO interacts VALUES(492377425079, 1, 'Albis', 2043, 1891303, 1);
INSERT INTO interacts VALUES(492377425079, 1, 'Jankos', 2031, 1891370, 0);
INSERT INTO interacts VALUES(492377425079, 1, 'Albis', 2043, 1891533, 1);
INSERT INTO interacts VALUES(492377425079, 1, 'Jankos', 2043, 1891761, 1);
INSERT INTO interacts VALUES(492377425079, 1, 'Jankos', 2043, 1891886, 1);
INSERT INTO interacts VALUES(492377425079, 1, 'Mountain', 3065, 1892545, 1);
INSERT INTO interacts VALUES(492377425079, 1, 'Ziv', 3135, 1899272, 1);
INSERT INTO interacts VALUES(492377425079, 1, 'Odoamne', 3143, 1900800, 1);
INSERT INTO interacts VALUES(492377425079, 1, 'Odoamne', 1033, 1902073, 1);
INSERT INTO interacts VALUES(492377425079, 1, 'FORG1VEN', 3139, 1902559, 1);
INSERT INTO interacts VALUES(492377425079, 1, 'Westdoor', 3151, 1903175, 1);
INSERT INTO interacts VALUES(492377425079, 1, 'Vander', 2010, 1906870, 0);
INSERT INTO interacts VALUES(492377425079, 1, 'FORG1VEN', 1051, 1907160, 1);
INSERT INTO interacts VALUES(492377425079, 1, 'Mountain', 1029, 1907682, 1);
INSERT INTO interacts VALUES(492377425079, 1, 'Mountain', 2043, 1911324, 1);
INSERT INTO interacts VALUES(492377425079, 1, 'Vander', 1033, 1912854, 1);
INSERT INTO interacts VALUES(492377425079, 1, 'Vander', 2043, 1913731, 1);
INSERT INTO interacts VALUES(492377425079, 1, 'Ryu', 3003, 1956685, 1);
INSERT INTO interacts VALUES(492377425079, 1, 'Ryu', 3363, 1959942, 1);
INSERT INTO interacts VALUES(492377425079, 1, 'Odoamne', 1057, 1966996, 1);
INSERT INTO interacts VALUES(492377425079, 1, 'Albis', 1031, 1987762, 1);
INSERT INTO interacts VALUES(492377425079, 1, 'Albis', 2043, 1988769, 1);
INSERT INTO interacts VALUES(492377425079, 1, 'FORG1VEN', 3086, 2014845, 1);
INSERT INTO interacts VALUES(492377425079, 1, 'Vander', 2043, 2042803, 1);
INSERT INTO interacts VALUES(492377425079, 1, 'Ziv', 3191, 2070559, 1);
INSERT INTO interacts VALUES(492377425079, 1, 'Odoamne', 1055, 2075884, 0);
INSERT INTO interacts VALUES(492377425079, 1, 'Jankos', 3116, 2076865, 1);
INSERT INTO interacts VALUES(492377425079, 1, 'Odoamne', 1031, 2077093, 1);
INSERT INTO interacts VALUES(492377425079, 1, 'Jankos', 2043, 2077680, 1);
INSERT INTO interacts VALUES(492377425079, 1, 'Jankos', 2043, 2077803, 1);
INSERT INTO interacts VALUES(492377425079, 1, 'Albis', 2053, 2092721, 1);
INSERT INTO interacts VALUES(492377425079, 1, 'Albis', 2043, 2093340, 1);
INSERT INTO interacts VALUES(492377425079, 1, 'AN', 3036, 2104653, 1);
INSERT INTO interacts VALUES(492377425079, 1, 'AN', 1055, 2105672, 0);
INSERT INTO interacts VALUES(492377425079, 1, 'AN', 1053, 2108389, 1);
INSERT INTO interacts VALUES(492377425079, 1, 'Mountain', 1057, 2120234, 1);
INSERT INTO interacts VALUES(492377425079, 1, 'Mountain', 1031, 2120719, 1);
INSERT INTO interacts VALUES(492377425079, 1, 'AN', 3140, 2127241, 1);
INSERT INTO interacts VALUES(492377425079, 1, 'Westdoor', 1026, 2132621, 1);
INSERT INTO interacts VALUES(492377425079, 1, 'Westdoor', 2139, 2133590, 1);
INSERT INTO interacts VALUES(492377425079, 1, 'Albis', 3069, 2136916, 1);
INSERT INTO interacts VALUES(492377425079, 1, 'Ziv', 1054, 2137862, 0);
INSERT INTO interacts VALUES(492377425079, 1, 'Ziv', 3108, 2139203, 1);
INSERT INTO interacts VALUES(492377425079, 1, 'Odoamne', 3026, 2150924, 1);
INSERT INTO interacts VALUES(492377425079, 1, 'Jankos', 2043, 2208344, 1);
INSERT INTO interacts VALUES(492377425079, 1, 'Jankos', 1028, 2209590, 1);
INSERT INTO interacts VALUES(492377425079, 1, 'Ziv', 3157, 2237072, 1);
INSERT INTO interacts VALUES(492377425079, 1, 'Ziv', 2043, 2237568, 1);
INSERT INTO interacts VALUES(492377425079, 1, 'Albis', 1028, 2239286, 1);
INSERT INTO interacts VALUES(492377425079, 1, 'Ryu', 1056, 2242407, 0);
INSERT INTO interacts VALUES(492377425079, 1, 'FORG1VEN', 3094, 2244254, 1);
INSERT INTO interacts VALUES(492377425079, 1, 'Ryu', 3108, 2244686, 1);
INSERT INTO interacts VALUES(492377425079, 1, 'FORG1VEN', 2140, 2246508, 1);
INSERT INTO interacts VALUES(492377425079, 1, 'Vander', 1033, 2250965, 0);
INSERT INTO interacts VALUES(492377425079, 1, 'Vander', 3067, 2252176, 1);
INSERT INTO interacts VALUES(492377425079, 1, 'Vander', 2043, 2253547, 1);
INSERT INTO interacts VALUES(492377425079, 1, 'AN', 2140, 2253838, 1);
INSERT INTO interacts VALUES(492377425079, 1, 'Vander', 2043, 2253974, 1);
INSERT INTO interacts VALUES(492377425079, 1, 'Mountain', 3026, 2254461, 1);
INSERT INTO interacts VALUES(492377425079, 1, 'Mountain', 2043, 2255705, 1);
INSERT INTO interacts VALUES(492377425079, 1, 'Jankos', 1028, 2273188, 0);
INSERT INTO interacts VALUES(492377425079, 1, 'Jankos', 1031, 2274772, 1);
INSERT INTO interacts VALUES(492377425079, 1, 'Odoamne', 1011, 2275992, 1);
INSERT INTO interacts VALUES(492377425079, 1, 'Ziv', 2043, 2356177, 1);
INSERT INTO interacts VALUES(492377425079, 1, 'Albis', 2043, 2371236, 1);
INSERT INTO interacts VALUES(492377425079, 1, 'Albis', 2043, 2371498, 1);
INSERT INTO interacts VALUES(492377425079, 1, 'Jankos', 1057, 2409033, 1);
INSERT INTO interacts VALUES(492377425079, 1, 'Vander', 3401, 2410873, 1);
INSERT INTO interacts VALUES(492377425079, 1, 'Vander', 2043, 2412093, 1);
INSERT INTO interacts VALUES(492377425079, 1, 'Vander', 2043, 2412191, 1);
INSERT INTO interacts VALUES(492377425079, 1, 'Vander', 2010, 2412706, 1);
INSERT INTO interacts VALUES(492377425079, 1, 'Ziv', 1026, 2412961, 1);
INSERT INTO interacts VALUES(492377425079, 1, 'Ryu', 3001, 2416220, 1);
INSERT INTO interacts VALUES(492377425079, 1, 'Ryu', 2043, 2417724, 1);
INSERT INTO interacts VALUES(492377425079, 1, 'Ryu', 2043, 2417859, 1);
INSERT INTO interacts VALUES(492377425079, 1, 'Mountain', 2043, 2421214, 1);
INSERT INTO interacts VALUES(492377425079, 1, 'Mountain', 2138, 2422669, 1);
INSERT INTO interacts VALUES(492377425079, 1, 'Albis', 3067, 2478581, 1);
INSERT INTO interacts VALUES(492377425079, 1, 'Ryu', 2043, 2604913, 0);
INSERT INTO interacts VALUES(492377425079, 1, 'Ryu', 1026, 2606613, 1);
INSERT INTO interacts VALUES(492377425079, 1, 'FORG1VEN', 1055, 2613770, 0);
INSERT INTO interacts VALUES(492377425079, 1, 'Vander', 3114, 2618545, 1);
INSERT INTO interacts VALUES(492377425079, 1, 'FORG1VEN', 3036, 2618545, 1);
INSERT INTO interacts VALUES(492377425079, 1, 'Vander', 2043, 2619881, 1);
INSERT INTO interacts VALUES(492377425079, 1, 'Vander', 2043, 2620019, 1);
INSERT INTO interacts VALUES(492377425079, 1, 'Jankos', 3026, 2623948, 1);
INSERT INTO interacts VALUES(492377425079, 1, 'Jankos', 2043, 2628206, 1);
INSERT INTO interacts VALUES(492377425079, 1, 'Jankos', 2043, 2628316, 1);
INSERT INTO interacts VALUES(492377425079, 1, 'Albis', 3083, 2672968, 1);
INSERT INTO interacts VALUES(492377425079, 1, 'AN', 3139, 2673458, 1);
INSERT INTO interacts VALUES(492377425079, 1, 'Albis', 2043, 2673719, 1);
INSERT INTO interacts VALUES(492377425079, 1, 'Albis', 2043, 2674018, 1);
INSERT INTO interacts VALUES(492377425079, 1, 'AN', 2140, 2674596, 1);
INSERT INTO interacts VALUES(492377425079, 1, 'Westdoor', 3135, 2683839, 1);
INSERT INTO interacts VALUES(492377425079, 1, 'Westdoor', 1056, 2685313, 0);
INSERT INTO interacts VALUES(492377425079, 1, 'Ziv', 3089, 2686286, 1);
INSERT INTO interacts VALUES(492377425079, 1, 'Westdoor', 1058, 2686320, 1);
INSERT INTO interacts VALUES(492377425079, 1, 'Westdoor', 2139, 2686912, 1);
INSERT INTO interacts VALUES(492377425079, 1, 'FORG1VEN', 2140, 2691358, 1);
INSERT INTO interacts VALUES(492377425079, 1, 'Jankos', 2043, 2700475, 0);
INSERT INTO interacts VALUES(492377425079, 1, 'Jankos', 2043, 2703424, 1);
INSERT INTO interacts VALUES(492377425079, 1, 'Jankos', 2043, 2703522, 1);
INSERT INTO interacts VALUES(492377425079, 1, 'Jankos', 2138, 2704248, 1);
INSERT INTO interacts VALUES(492377425079, 1, 'Odoamne', 1011, 2711963, 0);
INSERT INTO interacts VALUES(492377425079, 1, 'Mountain', 3075, 2712488, 1);
INSERT INTO interacts VALUES(492377425079, 1, 'Odoamne', 3140, 2713838, 1);
INSERT INTO interacts VALUES(492377425079, 1, 'Mountain', 2138, 2714131, 1);
INSERT INTO interacts VALUES(492377425079, 1, 'Odoamne', 2138, 2718479, 1);
INSERT INTO interacts VALUES(492377425079, 1, 'Vander', 2043, 2795310, 1);
INSERT INTO interacts VALUES(492377425079, 1, 'Ziv', 2139, 2813890, 1);
INSERT INTO teams VALUES('ITZ', 'CBLoL', 'INTZ e-Sports');
INSERT INTO participates VALUES('world_championship_2016', 'ITZ', 'UNKNOWN');
INSERT INTO teams VALUES('EDG', 'LPL', 'Edward Gaming');
INSERT INTO participates VALUES('world_championship_2016', 'EDG', 'UNKNOWN');
INSERT INTO series VALUES(754195590657, 1);
INSERT INTO organizes VALUES('world_championship_2016', 754195590657, 'group_c - ITZ-vs-EDG');
INSERT INTO competes VALUES(754195590657, 'ITZ', 1);
INSERT INTO competes VALUES(754195590657, 'EDG', 0);
INSERT INTO matches VALUES(754195590657, 1, '2016-09-29');
INSERT INTO scores VALUES('ITZ', 754195590657, 1, 2, 10, 1, 2, 4, 1);
INSERT INTO scores VALUES('EDG', 754195590657, 1, 0, 3, 0, 0, 1, 0);
INSERT INTO bans VALUES(754195590657, 1, 126, 1);
INSERT INTO bans VALUES(754195590657, 1, 421, 3);
INSERT INTO bans VALUES(754195590657, 1, 68, 5);
INSERT INTO bans VALUES(754195590657, 1, 76, 2);
INSERT INTO bans VALUES(754195590657, 1, 60, 4);
INSERT INTO bans VALUES(754195590657, 1, 432, 6);
INSERT INTO players VALUES('Yang', date('1970-01-01'));
INSERT INTO registers VALUES('Yang', 'ITZ', date('1970-01-01'), 'NULL');
INSERT INTO plays VALUES(754195590657, 1, 'Yang', 150, 'top', 6, 2, 7, 29526, 24, 10, 309, 4, 6, 17356);
INSERT INTO players VALUES('Revolta', date('1970-01-01'));
INSERT INTO registers VALUES('Revolta', 'ITZ', date('1970-01-01'), 'NULL');
INSERT INTO plays VALUES(754195590657, 1, 'Revolta', 64, 'jungle', 3, 1, 11, 12193, 45, 28, 64, 81, 36, 16017);
INSERT INTO players VALUES('tockers', date('1970-01-01'));
INSERT INTO registers VALUES('tockers', 'ITZ', date('1970-01-01'), 'NULL');
INSERT INTO plays VALUES(754195590657, 1, 'tockers', 134, 'mid', 5, 0, 3, 20337, 19, 11, 393, 23, 9, 19270);
INSERT INTO players VALUES('micaO', date('1970-01-01'));
INSERT INTO registers VALUES('micaO', 'ITZ', date('1970-01-01'), 'NULL');
INSERT INTO plays VALUES(754195590657, 1, 'micaO', 22, 'adc', 4, 5, 7, 19513, 13, 6, 271, 24, 11, 17675);
INSERT INTO players VALUES('Jockster', date('1970-01-01'));
INSERT INTO registers VALUES('Jockster', 'ITZ', date('1970-01-01'), 'NULL');
INSERT INTO plays VALUES(754195590657, 1, 'Jockster', 201, 'support', 1, 4, 8, 4863, 78, 16, 51, 0, 1, 12240);
INSERT INTO players VALUES('Mouse', date('1970-01-01'));
INSERT INTO registers VALUES('Mouse', 'EDG', date('1970-01-01'), 'NULL');
INSERT INTO plays VALUES(754195590657, 1, 'Mouse', 39, 'top', 1, 7, 3, 9378, 18, 4, 289, 4, 0, 13485);
INSERT INTO players VALUES('Clearlove', date('1970-01-01'));
INSERT INTO registers VALUES('Clearlove', 'EDG', date('1970-01-01'), 'NULL');
INSERT INTO plays VALUES(754195590657, 1, 'Clearlove', 104, 'jungle', 1, 3, 7, 9757, 36, 20, 110, 116, 9, 13831);
INSERT INTO players VALUES('PawN', date('1970-01-01'));
INSERT INTO registers VALUES('PawN', 'EDG', date('1970-01-01'), 'NULL');
INSERT INTO plays VALUES(754195590657, 1, 'PawN', 8, 'mid', 5, 2, 4, 20346, 19, 7, 298, 20, 2, 14744);
INSERT INTO players VALUES('Deft', date('1970-01-01'));
INSERT INTO registers VALUES('Deft', 'EDG', date('1970-01-01'), 'NULL');
INSERT INTO plays VALUES(754195590657, 1, 'Deft', 81, 'adc', 3, 3, 7, 26536, 17, 5, 312, 18, 2, 15471);
INSERT INTO players VALUES('Meiko', date('1970-01-01'));
INSERT INTO registers VALUES('Meiko', 'EDG', date('1970-01-01'), 'NULL');
INSERT INTO plays VALUES(754195590657, 1, 'Meiko', 267, 'support', 2, 4, 8, 4302, 70, 25, 28, 0, 0, 10326);
INSERT INTO interacts VALUES(754195590657, 1, 'PawN', 1054, 1536, 1);
INSERT INTO interacts VALUES(754195590657, 1, 'PawN', 2003, 1732, 1);
INSERT INTO interacts VALUES(754195590657, 1, 'Revolta', 3340, 1989, 1);
INSERT INTO interacts VALUES(754195590657, 1, 'PawN', 3340, 1989, 1);
INSERT INTO interacts VALUES(754195590657, 1, 'Revolta', 2031, 2217, 1);
INSERT INTO interacts VALUES(754195590657, 1, 'Revolta', 1041, 2445, 1);
INSERT INTO interacts VALUES(754195590657, 1, 'Yang', 1055, 2801, 1);
INSERT INTO interacts VALUES(754195590657, 1, 'Meiko', 3303, 2835, 1);
INSERT INTO interacts VALUES(754195590657, 1, 'Mouse', 2033, 2900, 1);
INSERT INTO interacts VALUES(754195590657, 1, 'Clearlove', 1041, 2900, 1);
INSERT INTO interacts VALUES(754195590657, 1, 'tockers', 1056, 2900, 1);
INSERT INTO interacts VALUES(754195590657, 1, 'Meiko', 2010, 3029, 1);
INSERT INTO interacts VALUES(754195590657, 1, 'Yang', 2003, 3062, 1);
INSERT INTO interacts VALUES(754195590657, 1, 'Meiko', 2010, 3157, 1);
INSERT INTO interacts VALUES(754195590657, 1, 'tockers', 2003, 3254, 1);
INSERT INTO interacts VALUES(754195590657, 1, 'Meiko', 2010, 3254, 1);
INSERT INTO interacts VALUES(754195590657, 1, 'Yang', 3340, 3254, 1);
INSERT INTO interacts VALUES(754195590657, 1, 'Mouse', 3340, 3319, 1);
INSERT INTO interacts VALUES(754195590657, 1, 'tockers', 2003, 3391, 1);
INSERT INTO interacts VALUES(754195590657, 1, 'Meiko', 3340, 3448, 1);
INSERT INTO interacts VALUES(754195590657, 1, 'Clearlove', 2031, 3512, 1);
INSERT INTO interacts VALUES(754195590657, 1, 'micaO', 1055, 3708, 1);
INSERT INTO interacts VALUES(754195590657, 1, 'micaO', 2010, 3935, 1);
INSERT INTO interacts VALUES(754195590657, 1, 'Clearlove', 3340, 4000, 1);
INSERT INTO interacts VALUES(754195590657, 1, 'micaO', 3340, 4227, 1);
INSERT INTO interacts VALUES(754195590657, 1, 'tockers', 3340, 5519, 1);
INSERT INTO interacts VALUES(754195590657, 1, 'Deft', 1055, 6562, 1);
INSERT INTO interacts VALUES(754195590657, 1, 'Deft', 2010, 6787, 1);
INSERT INTO interacts VALUES(754195590657, 1, 'Jockster', 3302, 6982, 1);
INSERT INTO interacts VALUES(754195590657, 1, 'Deft', 3340, 6982, 1);
INSERT INTO interacts VALUES(754195590657, 1, 'Jockster', 2010, 7340, 1);
INSERT INTO interacts VALUES(754195590657, 1, 'Jockster', 2010, 7566, 1);
INSERT INTO interacts VALUES(754195590657, 1, 'Jockster', 2010, 7729, 1);
INSERT INTO interacts VALUES(754195590657, 1, 'Jockster', 3340, 8022, 1);
INSERT INTO interacts VALUES(754195590657, 1, 'Clearlove', 1039, 8119, 1);
INSERT INTO interacts VALUES(754195590657, 1, 'Clearlove', 2031, 8410, 1);
INSERT INTO interacts VALUES(754195590657, 1, 'Clearlove', 3340, 8797, 1);
INSERT INTO interacts VALUES(754195590657, 1, 'tockers', 1056, 250711, 1);
INSERT INTO interacts VALUES(754195590657, 1, 'tockers', 1001, 251092, 1);
INSERT INTO interacts VALUES(754195590657, 1, 'tockers', 2003, 259693, 1);
INSERT INTO interacts VALUES(754195590657, 1, 'PawN', 1033, 273394, 1);
INSERT INTO interacts VALUES(754195590657, 1, 'PawN', 1028, 274433, 1);
INSERT INTO interacts VALUES(754195590657, 1, 'PawN', 2003, 275388, 1);
INSERT INTO interacts VALUES(754195590657, 1, 'PawN', 2003, 279718, 1);
INSERT INTO interacts VALUES(754195590657, 1, 'Clearlove', 3711, 308988, 1);
INSERT INTO interacts VALUES(754195590657, 1, 'Meiko', 2049, 309571, 1);
INSERT INTO interacts VALUES(754195590657, 1, 'micaO', 1037, 309699, 1);
INSERT INTO interacts VALUES(754195590657, 1, 'Meiko', 1001, 309896, 1);
INSERT INTO interacts VALUES(754195590657, 1, 'Clearlove', 1042, 310457, 1);
INSERT INTO interacts VALUES(754195590657, 1, 'Meiko', 3341, 310476, 1);
INSERT INTO interacts VALUES(754195590657, 1, 'Mouse', 1055, 310512, 1);
INSERT INTO interacts VALUES(754195590657, 1, 'Jockster', 2049, 310639, 1);
INSERT INTO interacts VALUES(754195590657, 1, 'Jockster', 2043, 311233, 1);
INSERT INTO interacts VALUES(754195590657, 1, 'Jockster', 2010, 311648, 1);
INSERT INTO interacts VALUES(754195590657, 1, 'Mouse', 1042, 311843, 1);
INSERT INTO interacts VALUES(754195590657, 1, 'Mouse', 2043, 312135, 1);
INSERT INTO interacts VALUES(754195590657, 1, 'micaO', 2031, 312278, 1);
INSERT INTO interacts VALUES(754195590657, 1, 'Jockster', 3341, 312555, 1);
INSERT INTO interacts VALUES(754195590657, 1, 'Meiko', 2010, 314701, 1);
INSERT INTO interacts VALUES(754195590657, 1, 'Yang', 1028, 330227, 1);
INSERT INTO interacts VALUES(754195590657, 1, 'Yang', 1036, 330553, 1);
INSERT INTO interacts VALUES(754195590657, 1, 'Yang', 2031, 330747, 1);
INSERT INTO interacts VALUES(754195590657, 1, 'Yang', 2043, 331530, 1);
INSERT INTO interacts VALUES(754195590657, 1, 'Revolta', 3711, 339063, 1);
INSERT INTO interacts VALUES(754195590657, 1, 'Revolta', 1036, 340134, 1);
INSERT INTO interacts VALUES(754195590657, 1, 'Revolta', 2043, 340557, 1);
INSERT INTO interacts VALUES(754195590657, 1, 'Deft', 3057, 343807, 1);
INSERT INTO interacts VALUES(754195590657, 1, 'Deft', 3070, 345402, 1);
INSERT INTO interacts VALUES(754195590657, 1, 'Deft', 1027, 442388, 1);
INSERT INTO interacts VALUES(754195590657, 1, 'Deft', 2010, 443002, 1);
INSERT INTO interacts VALUES(754195590657, 1, 'Meiko', 2043, 447498, 1);
INSERT INTO interacts VALUES(754195590657, 1, 'Meiko', 2031, 447855, 1);
INSERT INTO interacts VALUES(754195590657, 1, 'Clearlove', 3006, 478007, 1);
INSERT INTO interacts VALUES(754195590657, 1, 'Clearlove', 1036, 480222, 1);
INSERT INTO interacts VALUES(754195590657, 1, 'Revolta', 1408, 483615, 1);
INSERT INTO interacts VALUES(754195590657, 1, 'Revolta', 2043, 484548, 1);
INSERT INTO interacts VALUES(754195590657, 1, 'micaO', 1038, 484974, 1);
INSERT INTO interacts VALUES(754195590657, 1, 'micaO', 1001, 485359, 1);
INSERT INTO interacts VALUES(754195590657, 1, 'PawN', 3211, 485844, 1);
INSERT INTO interacts VALUES(754195590657, 1, 'PawN', 3067, 486529, 1);
INSERT INTO interacts VALUES(754195590657, 1, 'PawN', 1001, 487774, 1);
INSERT INTO interacts VALUES(754195590657, 1, 'PawN', 2043, 489411, 1);
INSERT INTO interacts VALUES(754195590657, 1, 'PawN', 2003, 490886, 1);
INSERT INTO interacts VALUES(754195590657, 1, 'Jockster', 3117, 495221, 1);
INSERT INTO interacts VALUES(754195590657, 1, 'Jockster', 2043, 495775, 1);
INSERT INTO interacts VALUES(754195590657, 1, 'Jockster', 2010, 496258, 1);
INSERT INTO interacts VALUES(754195590657, 1, 'Mouse', 3101, 504731, 1);
INSERT INTO interacts VALUES(754195590657, 1, 'Mouse', 1029, 506392, 1);
INSERT INTO interacts VALUES(754195590657, 1, 'tockers', 3802, 507508, 1);
INSERT INTO interacts VALUES(754195590657, 1, 'tockers', 3020, 509285, 1);
INSERT INTO interacts VALUES(754195590657, 1, 'Yang', 3044, 512012, 1);
INSERT INTO interacts VALUES(754195590657, 1, 'Yang', 3133, 512337, 1);
INSERT INTO interacts VALUES(754195590657, 1, 'tockers', 2043, 512565, 1);
INSERT INTO interacts VALUES(754195590657, 1, 'Clearlove', 3133, 609155, 1);
INSERT INTO interacts VALUES(754195590657, 1, 'PawN', 3065, 611754, 1);
INSERT INTO interacts VALUES(754195590657, 1, 'Yang', 3071, 624997, 1);
INSERT INTO interacts VALUES(754195590657, 1, 'Yang', 2043, 626405, 1);
INSERT INTO interacts VALUES(754195590657, 1, 'Mouse', 1001, 640573, 1);
INSERT INTO interacts VALUES(754195590657, 1, 'Mouse', 1028, 641793, 1);
INSERT INTO interacts VALUES(754195590657, 1, 'tockers', 3108, 659545, 1);
INSERT INTO interacts VALUES(754195590657, 1, 'Deft', 3025, 660867, 1);
INSERT INTO interacts VALUES(754195590657, 1, 'tockers', 2031, 661514, 1);
INSERT INTO interacts VALUES(754195590657, 1, 'Meiko', 3117, 663004, 1);
INSERT INTO interacts VALUES(754195590657, 1, 'Deft', 2043, 663039, 1);
INSERT INTO interacts VALUES(754195590657, 1, 'Meiko', 2043, 663981, 1);
INSERT INTO interacts VALUES(754195590657, 1, 'Jockster', 2043, 669336, 1);
INSERT INTO interacts VALUES(754195590657, 1, 'Jockster', 1028, 669760, 1);
INSERT INTO interacts VALUES(754195590657, 1, 'Jockster', 2010, 670281, 1);
INSERT INTO interacts VALUES(754195590657, 1, 'Clearlove', 1408, 699243, 1);
INSERT INTO interacts VALUES(754195590657, 1, 'Clearlove', 3341, 700049, 1);
INSERT INTO interacts VALUES(754195590657, 1, 'Jockster', 2045, 711164, 1);
INSERT INTO interacts VALUES(754195590657, 1, 'micaO', 3086, 713110, 1);
INSERT INTO interacts VALUES(754195590657, 1, 'Mouse', 3047, 777187, 1);
INSERT INTO interacts VALUES(754195590657, 1, 'Mouse', 1036, 796587, 1);
INSERT INTO interacts VALUES(754195590657, 1, 'Deft', 1037, 799615, 1);
INSERT INTO interacts VALUES(754195590657, 1, 'Deft', 2043, 800846, 1);
INSERT INTO interacts VALUES(754195590657, 1, 'tockers', 3165, 807118, 1);
INSERT INTO interacts VALUES(754195590657, 1, 'tockers', 2043, 809112, 1);
INSERT INTO interacts VALUES(754195590657, 1, 'Yang', 3047, 812442, 1);
INSERT INTO interacts VALUES(754195590657, 1, 'Yang', 1028, 812878, 1);
INSERT INTO interacts VALUES(754195590657, 1, 'Yang', 2043, 813737, 1);
INSERT INTO interacts VALUES(754195590657, 1, 'Revolta', 3111, 814163, 1);
INSERT INTO interacts VALUES(754195590657, 1, 'Meiko', 3098, 814981, 1);
INSERT INTO interacts VALUES(754195590657, 1, 'Meiko', 2043, 815616, 1);
INSERT INTO interacts VALUES(754195590657, 1, 'Meiko', 1028, 818754, 1);
INSERT INTO interacts VALUES(754195590657, 1, 'Revolta', 1011, 819177, 1);
INSERT INTO interacts VALUES(754195590657, 1, 'Revolta', 1029, 820186, 1);
INSERT INTO interacts VALUES(754195590657, 1, 'Revolta', 2043, 820508, 1);
INSERT INTO interacts VALUES(754195590657, 1, 'Revolta', 2043, 820672, 1);
INSERT INTO interacts VALUES(754195590657, 1, 'Jockster', 1028, 823170, 1);
INSERT INTO interacts VALUES(754195590657, 1, 'Jockster', 2043, 823818, 1);
INSERT INTO interacts VALUES(754195590657, 1, 'Jockster', 2043, 823948, 1);
INSERT INTO interacts VALUES(754195590657, 1, 'PawN', 3067, 845349, 1);
INSERT INTO interacts VALUES(754195590657, 1, 'PawN', 3158, 846454, 1);
INSERT INTO interacts VALUES(754195590657, 1, 'PawN', 3363, 847864, 1);
INSERT INTO interacts VALUES(754195590657, 1, 'Clearlove', 3364, 903555, 1);
INSERT INTO interacts VALUES(754195590657, 1, 'Clearlove', 1036, 905019, 1);
INSERT INTO interacts VALUES(754195590657, 1, 'Clearlove', 1033, 905377, 1);
INSERT INTO interacts VALUES(754195590657, 1, 'Clearlove', 2043, 905892, 1);
INSERT INTO interacts VALUES(754195590657, 1, 'Mouse', 3044, 937543, 1);
INSERT INTO interacts VALUES(754195590657, 1, 'Meiko', 2043, 953923, 1);
INSERT INTO interacts VALUES(754195590657, 1, 'tockers', 1058, 963859, 1);
INSERT INTO interacts VALUES(754195590657, 1, 'PawN', 1052, 965909, 1);
INSERT INTO interacts VALUES(754195590657, 1, 'Revolta', 1031, 966072, 1);
INSERT INTO interacts VALUES(754195590657, 1, 'Revolta', 1028, 966653, 1);
INSERT INTO interacts VALUES(754195590657, 1, 'Revolta', 2031, 968666, 0);
INSERT INTO interacts VALUES(754195590657, 1, 'Revolta', 2043, 969157, 1);
INSERT INTO interacts VALUES(754195590657, 1, 'Jockster', 1033, 982612, 1);
INSERT INTO interacts VALUES(754195590657, 1, 'Jockster', 2043, 982999, 1);
INSERT INTO interacts VALUES(754195590657, 1, 'Jockster', 2043, 983128, 1);
INSERT INTO interacts VALUES(754195590657, 1, 'Yang', 3052, 986442, 1);
INSERT INTO interacts VALUES(754195590657, 1, 'Yang', 1028, 986729, 1);
INSERT INTO interacts VALUES(754195590657, 1, 'micaO', 3031, 991957, 1);
INSERT INTO interacts VALUES(754195590657, 1, 'micaO', 2043, 993348, 1);
INSERT INTO interacts VALUES(754195590657, 1, 'micaO', 3363, 995236, 1);
INSERT INTO interacts VALUES(754195590657, 1, 'Clearlove', 3155, 1009231, 1);
INSERT INTO interacts VALUES(754195590657, 1, 'Clearlove', 2043, 1010451, 1);
INSERT INTO interacts VALUES(754195590657, 1, 'Deft', 3004, 1024507, 1);
INSERT INTO interacts VALUES(754195590657, 1, 'Deft', 1001, 1026130, 1);
INSERT INTO interacts VALUES(754195590657, 1, 'Deft', 1033, 1027427, 1);
INSERT INTO interacts VALUES(754195590657, 1, 'Deft', 3363, 1028400, 1);
INSERT INTO interacts VALUES(754195590657, 1, 'Mouse', 1027, 1055348, 1);
INSERT INTO interacts VALUES(754195590657, 1, 'PawN', 3145, 1085281, 1);
INSERT INTO interacts VALUES(754195590657, 1, 'PawN', 2043, 1087585, 1);
INSERT INTO interacts VALUES(754195590657, 1, 'Jockster', 3105, 1091927, 1);
INSERT INTO interacts VALUES(754195590657, 1, 'micaO', 3006, 1096011, 1);
INSERT INTO interacts VALUES(754195590657, 1, 'Yang', 1011, 1099095, 1);
INSERT INTO interacts VALUES(754195590657, 1, 'tockers', 1056, 1104838, 0);
INSERT INTO interacts VALUES(754195590657, 1, 'tockers', 1011, 1106331, 1);
INSERT INTO interacts VALUES(754195590657, 1, 'Meiko', 2301, 1110866, 1);
INSERT INTO interacts VALUES(754195590657, 1, 'Revolta', 3742, 1110877, 1);
INSERT INTO interacts VALUES(754195590657, 1, 'Meiko', 2043, 1111079, 1);
INSERT INTO interacts VALUES(754195590657, 1, 'Clearlove', 1036, 1141163, 1);
INSERT INTO interacts VALUES(754195590657, 1, 'Clearlove', 1036, 1141457, 1);
INSERT INTO interacts VALUES(754195590657, 1, 'Clearlove', 2031, 1142429, 0);
INSERT INTO interacts VALUES(754195590657, 1, 'Clearlove', 2043, 1143272, 1);
INSERT INTO interacts VALUES(754195590657, 1, 'Deft', 3140, 1178165, 1);
INSERT INTO interacts VALUES(754195590657, 1, 'Deft', 2043, 1179313, 1);
INSERT INTO interacts VALUES(754195590657, 1, 'PawN', 3152, 1207816, 1);
INSERT INTO interacts VALUES(754195590657, 1, 'Mouse', 3078, 1233621, 1);
INSERT INTO interacts VALUES(754195590657, 1, 'Mouse', 2043, 1235410, 1);
INSERT INTO interacts VALUES(754195590657, 1, 'Yang', 3022, 1238048, 1);
INSERT INTO interacts VALUES(754195590657, 1, 'Jockster', 1028, 1240090, 1);
INSERT INTO interacts VALUES(754195590657, 1, 'Yang', 2043, 1240184, 1);
INSERT INTO interacts VALUES(754195590657, 1, 'Jockster', 2043, 1240604, 1);
INSERT INTO interacts VALUES(754195590657, 1, 'tockers', 3116, 1250534, 1);
INSERT INTO interacts VALUES(754195590657, 1, 'tockers', 3363, 1253588, 1);
INSERT INTO interacts VALUES(754195590657, 1, 'tockers', 2043, 1253976, 1);
INSERT INTO interacts VALUES(754195590657, 1, 'micaO', 1043, 1262167, 1);
INSERT INTO interacts VALUES(754195590657, 1, 'Revolta', 1033, 1264182, 1);
INSERT INTO interacts VALUES(754195590657, 1, 'Meiko', 3067, 1264575, 1);
INSERT INTO interacts VALUES(754195590657, 1, 'Meiko', 3364, 1265419, 1);
INSERT INTO interacts VALUES(754195590657, 1, 'Revolta', 2043, 1265419, 1);
INSERT INTO interacts VALUES(754195590657, 1, 'Meiko', 2043, 1265614, 1);
INSERT INTO interacts VALUES(754195590657, 1, 'Revolta', 2043, 1267982, 1);
INSERT INTO interacts VALUES(754195590657, 1, 'Jockster', 2043, 1306432, 1);
INSERT INTO interacts VALUES(754195590657, 1, 'Jockster', 2043, 1306596, 1);
INSERT INTO interacts VALUES(754195590657, 1, 'Mouse', 1033, 1306825, 1);
INSERT INTO interacts VALUES(754195590657, 1, 'Clearlove', 3134, 1317982, 1);
INSERT INTO interacts VALUES(754195590657, 1, 'Clearlove', 2043, 1319281, 1);
INSERT INTO interacts VALUES(754195590657, 1, 'Deft', 3158, 1329244, 1);
INSERT INTO interacts VALUES(754195590657, 1, 'micaO', 3085, 1331580, 1);
INSERT INTO interacts VALUES(754195590657, 1, 'micaO', 2043, 1332708, 1);
INSERT INTO interacts VALUES(754195590657, 1, 'Meiko', 1033, 1333259, 1);
INSERT INTO interacts VALUES(754195590657, 1, 'tockers', 2043, 1406769, 0);
INSERT INTO interacts VALUES(754195590657, 1, 'Jockster', 3067, 1407223, 1);
INSERT INTO interacts VALUES(754195590657, 1, 'tockers', 1026, 1408780, 1);
INSERT INTO interacts VALUES(754195590657, 1, 'Mouse', 3211, 1410136, 1);
INSERT INTO interacts VALUES(754195590657, 1, 'PawN', 1058, 1443223, 1);
INSERT INTO interacts VALUES(754195590657, 1, 'Meiko', 1028, 1443449, 1);
INSERT INTO interacts VALUES(754195590657, 1, 'Meiko', 2031, 1444589, 0);
INSERT INTO interacts VALUES(754195590657, 1, 'PawN', 2043, 1445011, 1);
INSERT INTO interacts VALUES(754195590657, 1, 'Meiko', 2043, 1445106, 1);
INSERT INTO interacts VALUES(754195590657, 1, 'Meiko', 3801, 1474628, 1);
INSERT INTO interacts VALUES(754195590657, 1, 'Deft', 1037, 1479238, 1);
INSERT INTO interacts VALUES(754195590657, 1, 'Jockster', 3190, 1485244, 1);
INSERT INTO interacts VALUES(754195590657, 1, 'Jockster', 2043, 1485720, 1);
INSERT INTO interacts VALUES(754195590657, 1, 'Revolta', 3190, 1486398, 1);
INSERT INTO interacts VALUES(754195590657, 1, 'Mouse', 1028, 1487210, 1);
INSERT INTO interacts VALUES(754195590657, 1, 'Yang', 2031, 1487210, 0);
INSERT INTO interacts VALUES(754195590657, 1, 'micaO', 3086, 1490072, 1);
INSERT INTO interacts VALUES(754195590657, 1, 'Yang', 3026, 1496208, 1);
INSERT INTO interacts VALUES(754195590657, 1, 'Clearlove', 3156, 1522968, 1);
INSERT INTO interacts VALUES(754195590657, 1, 'Clearlove', 3134, 1528710, 1);
INSERT INTO interacts VALUES(754195590657, 1, 'PawN', 1028, 1562827, 1);
INSERT INTO interacts VALUES(754195590657, 1, 'tockers', 3135, 1632844, 1);
INSERT INTO interacts VALUES(754195590657, 1, 'Jockster', 3097, 1634081, 1);
INSERT INTO interacts VALUES(754195590657, 1, 'Jockster', 1028, 1634907, 1);
INSERT INTO interacts VALUES(754195590657, 1, 'Jockster', 2043, 1636231, 1);
INSERT INTO interacts VALUES(754195590657, 1, 'PawN', 1011, 1643313, 1);
INSERT INTO interacts VALUES(754195590657, 1, 'Mouse', 3067, 1645424, 1);
INSERT INTO interacts VALUES(754195590657, 1, 'micaO', 2031, 1655265, 0);
INSERT INTO interacts VALUES(754195590657, 1, 'micaO', 1042, 1657310, 1);
INSERT INTO interacts VALUES(754195590657, 1, 'Revolta', 1031, 1666168, 1);
INSERT INTO interacts VALUES(754195590657, 1, 'Revolta', 2043, 1666784, 1);
INSERT INTO interacts VALUES(754195590657, 1, 'Revolta', 2043, 1666885, 1);
INSERT INTO interacts VALUES(754195590657, 1, 'Clearlove', 3035, 1698831, 1);
INSERT INTO interacts VALUES(754195590657, 1, 'Clearlove', 2043, 1700447, 1);
INSERT INTO interacts VALUES(754195590657, 1, 'Meiko', 3190, 1705765, 1);
INSERT INTO interacts VALUES(754195590657, 1, 'Meiko', 3028, 1708492, 1);
INSERT INTO interacts VALUES(754195590657, 1, 'Meiko', 2043, 1709400, 1);
INSERT INTO interacts VALUES(754195590657, 1, 'Yang', 1011, 1716248, 1);
INSERT INTO interacts VALUES(754195590657, 1, 'Deft', 3033, 1720278, 1);
INSERT INTO interacts VALUES(754195590657, 1, 'Mouse', 3065, 1724378, 1);
INSERT INTO interacts VALUES(754195590657, 1, 'Jockster', 2043, 1725596, 1);
INSERT INTO interacts VALUES(754195590657, 1, 'micaO', 3094, 1727064, 1);
INSERT INTO interacts VALUES(754195590657, 1, 'Jockster', 3364, 1727520, 1);
INSERT INTO interacts VALUES(754195590657, 1, 'PawN', 3116, 1742438, 1);
INSERT INTO interacts VALUES(754195590657, 1, 'tockers', 1056, 1743407, 0);
INSERT INTO interacts VALUES(754195590657, 1, 'PawN', 2043, 1743993, 1);
INSERT INTO interacts VALUES(754195590657, 1, 'tockers', 1058, 1744190, 1);
INSERT INTO interacts VALUES(754195590657, 1, 'Meiko', 2043, 1760038, 1);
INSERT INTO interacts VALUES(754195590657, 1, 'Meiko', 1004, 1762671, 1);
INSERT INTO interacts VALUES(754195590657, 1, 'Mouse', 1036, 1784276, 1);
INSERT INTO interacts VALUES(754195590657, 1, 'Jockster', 3067, 1817742, 1);
INSERT INTO interacts VALUES(754195590657, 1, 'Jockster', 2043, 1818102, 1);
INSERT INTO interacts VALUES(754195590657, 1, 'Meiko', 2043, 1841965, 1);
INSERT INTO interacts VALUES(754195590657, 1, 'micaO', 3123, 1845044, 1);
INSERT INTO interacts VALUES(754195590657, 1, 'Deft', 1055, 1866558, 0);
INSERT INTO interacts VALUES(754195590657, 1, 'Deft', 1043, 1868295, 1);
INSERT INTO interacts VALUES(754195590657, 1, 'PawN', 1026, 1878137, 1);
INSERT INTO interacts VALUES(754195590657, 1, 'Mouse', 3134, 1908293, 1);
INSERT INTO interacts VALUES(754195590657, 1, 'Yang', 1055, 1917237, 0);
INSERT INTO interacts VALUES(754195590657, 1, 'Yang', 3082, 1918324, 1);
INSERT INTO interacts VALUES(754195590657, 1, 'Yang', 1031, 1921296, 1);
INSERT INTO interacts VALUES(754195590657, 1, 'Revolta', 1057, 1929200, 1);
INSERT INTO interacts VALUES(754195590657, 1, 'Revolta', 2140, 1930414, 1);
INSERT INTO interacts VALUES(754195590657, 1, 'Yang', 3742, 1951713, 1);
INSERT INTO interacts VALUES(754195590657, 1, 'micaO', 1055, 1978174, 0);
INSERT INTO interacts VALUES(754195590657, 1, 'micaO', 3155, 1981561, 1);
INSERT INTO interacts VALUES(754195590657, 1, 'Meiko', 2043, 1998580, 1);
INSERT INTO interacts VALUES(754195590657, 1, 'Clearlove', 3036, 2063961, 1);
INSERT INTO interacts VALUES(754195590657, 1, 'Clearlove', 2043, 2064613, 1);
INSERT INTO interacts VALUES(754195590657, 1, 'Mouse', 1055, 2066440, 0);
INSERT INTO interacts VALUES(754195590657, 1, 'Mouse', 1036, 2068029, 1);
INSERT INTO interacts VALUES(754195590657, 1, 'Meiko', 3114, 2082510, 1);
INSERT INTO interacts VALUES(754195590657, 1, 'Meiko', 2043, 2083471, 1);
INSERT INTO interacts VALUES(754195590657, 1, 'Mouse', 3133, 2084482, 1);
INSERT INTO interacts VALUES(754195590657, 1, 'tockers', 3089, 2084995, 1);
INSERT INTO interacts VALUES(754195590657, 1, 'Revolta', 3026, 2085383, 1);
INSERT INTO interacts VALUES(754195590657, 1, 'Jockster', 3401, 2086787, 1);
INSERT INTO interacts VALUES(754195590657, 1, 'Revolta', 2043, 2087635, 1);
INSERT INTO interacts VALUES(754195590657, 1, 'Revolta', 2043, 2087734, 1);
INSERT INTO interacts VALUES(754195590657, 1, 'Yang', 1031, 2090834, 1);
INSERT INTO interacts VALUES(754195590657, 1, 'Jockster', 2043, 2091666, 1);
INSERT INTO interacts VALUES(754195590657, 1, 'Jockster', 2043, 2091763, 1);
INSERT INTO interacts VALUES(754195590657, 1, 'micaO', 2140, 2103703, 1);
INSERT INTO interacts VALUES(754195590657, 1, 'Jockster', 3028, 2104956, 1);
INSERT INTO interacts VALUES(754195590657, 1, 'PawN', 3135, 2138079, 1);
INSERT INTO interacts VALUES(754195590657, 1, 'Revolta', 1031, 2231770, 1);
INSERT INTO interacts VALUES(754195590657, 1, 'tockers', 2031, 2232422, 0);
INSERT INTO interacts VALUES(754195590657, 1, 'Jockster', 2043, 2232651, 1);
INSERT INTO interacts VALUES(754195590657, 1, 'Jockster', 2138, 2233287, 1);
INSERT INTO interacts VALUES(754195590657, 1, 'tockers', 1058, 2233364, 1);
INSERT INTO interacts VALUES(754195590657, 1, 'Meiko', 3222, 2237008, 1);
INSERT INTO interacts VALUES(754195590657, 1, 'PawN', 1054, 2238708, 0);
INSERT INTO interacts VALUES(754195590657, 1, 'PawN', 2139, 2239197, 1);
INSERT INTO interacts VALUES(754195590657, 1, 'PawN', 2043, 2242150, 1);
INSERT INTO interacts VALUES(754195590657, 1, 'Revolta', 2140, 2242297, 1);
INSERT INTO interacts VALUES(754195590657, 1, 'Mouse', 3142, 2252315, 1);
INSERT INTO interacts VALUES(754195590657, 1, 'Mouse', 2043, 2253627, 1);
INSERT INTO interacts VALUES(754195590657, 1, 'Yang', 2138, 2255642, 1);
INSERT INTO interacts VALUES(754195590657, 1, 'Deft', 3153, 2258634, 1);
INSERT INTO interacts VALUES(754195590657, 1, 'Mouse', 2043, 2303027, 0);
INSERT INTO interacts VALUES(754195590657, 1, 'Mouse', 1029, 2303914, 1);
INSERT INTO interacts VALUES(754195590657, 1, 'Meiko', 2043, 2311826, 1);
INSERT INTO interacts VALUES(754195590657, 1, 'Clearlove', 1038, 2341192, 1);
INSERT INTO interacts VALUES(754195590657, 1, 'Mouse', 1031, 2368340, 1);
INSERT INTO interacts VALUES(754195590657, 1, 'tockers', 3285, 2424541, 1);
INSERT INTO interacts VALUES(754195590657, 1, 'Yang', 3075, 2432989, 1);
INSERT INTO interacts VALUES(754195590657, 1, 'micaO', 3156, 2433307, 1);
INSERT INTO interacts VALUES(754195590657, 1, 'Meiko', 1033, 2435035, 1);
INSERT INTO interacts VALUES(754195590657, 1, 'Meiko', 2043, 2435946, 1);
INSERT INTO interacts VALUES(754195590657, 1, 'Meiko', 2043, 2436078, 1);
INSERT INTO interacts VALUES(754195590657, 1, 'Revolta', 2140, 2446854, 1);
INSERT INTO interacts VALUES(754195590657, 1, 'Jockster', 3222, 2465962, 1);
INSERT INTO interacts VALUES(754195590657, 1, 'Clearlove', 3147, 2476664, 1);
INSERT INTO interacts VALUES(754195590657, 1, 'Clearlove', 2043, 2477547, 1);
INSERT INTO interacts VALUES(754195590657, 1, 'PawN', 1058, 2482751, 1);
INSERT INTO interacts VALUES(754195590657, 1, 'Meiko', 2043, 2510388, 1);
INSERT INTO teams VALUES('SSG', 'LCK', 'Samsung Galaxy');
INSERT INTO participates VALUES('world_championship_2016', 'SSG', 'UNKNOWN');
INSERT INTO teams VALUES('SPY', 'EU', 'Splyce');
INSERT INTO participates VALUES('world_championship_2016', 'SPY', 'UNKNOWN');
INSERT INTO series VALUES(115943982931, 1);
INSERT INTO organizes VALUES('world_championship_2016', 115943982931, 'group_d - SSG-vs-SPY');
INSERT INTO competes VALUES(115943982931, 'SSG', 1);
INSERT INTO competes VALUES(115943982931, 'SPY', 0);
INSERT INTO matches VALUES(115943982931, 1, '2016-09-29');
INSERT INTO scores VALUES('SSG', 115943982931, 1, 2, 11, 0, 1, 2, 1);
INSERT INTO scores VALUES('SPY', 115943982931, 1, 0, 1, 0, 0, 0, 0);
INSERT INTO bans VALUES(115943982931, 1, 38, 1);
INSERT INTO bans VALUES(115943982931, 1, 136, 3);
INSERT INTO bans VALUES(115943982931, 1, 43, 5);
INSERT INTO bans VALUES(115943982931, 1, 76, 2);
INSERT INTO bans VALUES(115943982931, 1, 60, 4);
INSERT INTO bans VALUES(115943982931, 1, 134, 6);
INSERT INTO players VALUES('CuVee', date('1970-01-01'));
INSERT INTO registers VALUES('CuVee', 'SSG', date('1970-01-01'), 'NULL');
INSERT INTO plays VALUES(115943982931, 1, 'CuVee', 68, 'top', 4, 2, 8, 24814, 18, 5, 238, 3, 7, 13972);
INSERT INTO players VALUES('Ambition', date('1970-01-01'));
INSERT INTO registers VALUES('Ambition', 'SSG', date('1970-01-01'), 'NULL');
INSERT INTO plays VALUES(115943982931, 1, 'Ambition', 421, 'jungle', 2, 3, 14, 10277, 26, 19, 40, 69, 43, 13923);
INSERT INTO players VALUES('Crown', date('1970-01-01'));
INSERT INTO registers VALUES('Crown', 'SSG', date('1970-01-01'), 'NULL');
INSERT INTO plays VALUES(115943982931, 1, 'Crown', 112, 'mid', 9, 2, 7, 35090, 16, 6, 297, 33, 9, 17863);
INSERT INTO players VALUES('Ruler', date('1970-01-01'));
INSERT INTO registers VALUES('Ruler', 'SSG', date('1970-01-01'), 'NULL');
INSERT INTO plays VALUES(115943982931, 1, 'Ruler', 81, 'adc', 6, 3, 8, 30343, 11, 5, 248, 15, 7, 14856);
INSERT INTO players VALUES('Wraith', date('1970-01-01'));
INSERT INTO registers VALUES('Wraith', 'SSG', date('1970-01-01'), 'NULL');
INSERT INTO plays VALUES(115943982931, 1, 'Wraith', 267, 'support', 3, 4, 16, 7112, 38, 11, 13, 0, 0, 10620);
INSERT INTO players VALUES('Wunder', date('1970-01-01'));
INSERT INTO registers VALUES('Wunder', 'SPY', date('1970-01-01'), 'NULL');
INSERT INTO plays VALUES(115943982931, 1, 'Wunder', 240, 'top', 1, 6, 6, 13640, 14, 2, 241, 3, 0, 10965);
INSERT INTO players VALUES('Trashy', date('1970-01-01'));
INSERT INTO registers VALUES('Trashy', 'SPY', date('1970-01-01'), 'NULL');
INSERT INTO plays VALUES(115943982931, 1, 'Trashy', 104, 'jungle', 2, 4, 4, 9268, 24, 20, 78, 72, 7, 11203);
INSERT INTO players VALUES('Sencux', date('1970-01-01'));
INSERT INTO registers VALUES('Sencux', 'SPY', date('1970-01-01'), 'NULL');
INSERT INTO plays VALUES(115943982931, 1, 'Sencux', 69, 'mid', 7, 6, 3, 23254, 17, 1, 235, 6, 3, 12079);
INSERT INTO players VALUES('Kobbe', date('1970-01-01'));
INSERT INTO registers VALUES('Kobbe', 'SPY', date('1970-01-01'), 'NULL');
INSERT INTO plays VALUES(115943982931, 1, 'Kobbe', 222, 'adc', 3, 2, 5, 15271, 11, 11, 287, 22, 0, 12849);
INSERT INTO players VALUES('Mikyx', date('1970-01-01'));
INSERT INTO registers VALUES('Mikyx', 'SPY', date('1970-01-01'), 'NULL');
INSERT INTO plays VALUES(115943982931, 1, 'Mikyx', 223, 'support', 1, 6, 3, 6645, 39, 3, 35, 0, 0, 7721);
INSERT INTO interacts VALUES(115943982931, 1, 'Wraith', 3303, 1451, 1);
INSERT INTO interacts VALUES(115943982931, 1, 'Wraith', 2010, 1815, 1);
INSERT INTO interacts VALUES(115943982931, 1, 'Wraith', 2010, 1936, 1);
INSERT INTO interacts VALUES(115943982931, 1, 'Wraith', 2010, 2073, 1);
INSERT INTO interacts VALUES(115943982931, 1, 'CuVee', 1054, 2330, 1);
INSERT INTO interacts VALUES(115943982931, 1, 'Wraith', 3340, 2330, 1);
INSERT INTO interacts VALUES(115943982931, 1, 'Kobbe', 1055, 2356, 1);
INSERT INTO interacts VALUES(115943982931, 1, 'Ruler', 1055, 2452, 1);
INSERT INTO interacts VALUES(115943982931, 1, 'CuVee', 2003, 2517, 1);
INSERT INTO interacts VALUES(115943982931, 1, 'Sencux', 1056, 2615, 1);
INSERT INTO interacts VALUES(115943982931, 1, 'Kobbe', 2010, 2615, 1);
INSERT INTO interacts VALUES(115943982931, 1, 'CuVee', 3340, 2713, 1);
INSERT INTO interacts VALUES(115943982931, 1, 'Ruler', 2010, 2777, 1);
INSERT INTO interacts VALUES(115943982931, 1, 'Sencux', 2010, 2850, 1);
INSERT INTO interacts VALUES(115943982931, 1, 'Mikyx', 3302, 2906, 1);
INSERT INTO interacts VALUES(115943982931, 1, 'Kobbe', 3340, 2906, 1);
INSERT INTO interacts VALUES(115943982931, 1, 'Ruler', 3340, 2972, 1);
INSERT INTO interacts VALUES(115943982931, 1, 'Sencux', 2010, 3004, 1);
INSERT INTO interacts VALUES(115943982931, 1, 'Trashy', 1041, 3036, 1);
INSERT INTO interacts VALUES(115943982931, 1, 'Sencux', 3340, 3262, 1);
INSERT INTO interacts VALUES(115943982931, 1, 'Crown', 2003, 3584, 1);
INSERT INTO interacts VALUES(115943982931, 1, 'Crown', 2003, 3714, 1);
INSERT INTO interacts VALUES(115943982931, 1, 'Crown', 1056, 3941, 1);
INSERT INTO interacts VALUES(115943982931, 1, 'Mikyx', 2010, 4146, 1);
INSERT INTO interacts VALUES(115943982931, 1, 'Crown', 3340, 4201, 1);
INSERT INTO interacts VALUES(115943982931, 1, 'Mikyx', 2010, 4297, 1);
INSERT INTO interacts VALUES(115943982931, 1, 'Wunder', 1055, 4491, 1);
INSERT INTO interacts VALUES(115943982931, 1, 'Mikyx', 2010, 4588, 1);
INSERT INTO interacts VALUES(115943982931, 1, 'Trashy', 2031, 4781, 1);
INSERT INTO interacts VALUES(115943982931, 1, 'Wunder', 2003, 4813, 1);
INSERT INTO interacts VALUES(115943982931, 1, 'Wunder', 3340, 5104, 1);
INSERT INTO interacts VALUES(115943982931, 1, 'Trashy', 3340, 5300, 1);
INSERT INTO interacts VALUES(115943982931, 1, 'Mikyx', 3340, 5560, 1);
INSERT INTO interacts VALUES(115943982931, 1, 'Ambition', 1041, 6478, 1);
INSERT INTO interacts VALUES(115943982931, 1, 'Ambition', 2031, 7472, 1);
INSERT INTO interacts VALUES(115943982931, 1, 'Sencux', 3070, 273145, 1);
INSERT INTO interacts VALUES(115943982931, 1, 'Sencux', 2043, 274996, 1);
INSERT INTO interacts VALUES(115943982931, 1, 'Sencux', 2010, 275258, 1);
INSERT INTO interacts VALUES(115943982931, 1, 'Sencux', 2010, 275422, 1);
INSERT INTO interacts VALUES(115943982931, 1, 'Wunder', 1036, 345619, 1);
INSERT INTO interacts VALUES(115943982931, 1, 'Wunder', 1036, 345763, 1);
INSERT INTO interacts VALUES(115943982931, 1, 'Wunder', 1001, 346499, 1);
INSERT INTO interacts VALUES(115943982931, 1, 'Wunder', 2003, 346889, 1);
INSERT INTO interacts VALUES(115943982931, 1, 'Ambition', 3751, 350662, 1);
INSERT INTO interacts VALUES(115943982931, 1, 'Ambition', 1039, 352416, 1);
INSERT INTO interacts VALUES(115943982931, 1, 'Ambition', 2043, 353001, 1);
INSERT INTO interacts VALUES(115943982931, 1, 'CuVee', 3191, 354270, 1);
INSERT INTO interacts VALUES(115943982931, 1, 'CuVee', 2031, 355275, 1);
INSERT INTO interacts VALUES(115943982931, 1, 'CuVee', 2043, 355501, 1);
INSERT INTO interacts VALUES(115943982931, 1, 'Trashy', 3006, 355824, 1);
INSERT INTO interacts VALUES(115943982931, 1, 'Wunder', 2003, 358773, 1);
INSERT INTO interacts VALUES(115943982931, 1, 'Trashy', 1036, 362304, 1);
INSERT INTO interacts VALUES(115943982931, 1, 'Kobbe', 1038, 372771, 1);
INSERT INTO interacts VALUES(115943982931, 1, 'Kobbe', 2010, 373291, 1);
INSERT INTO interacts VALUES(115943982931, 1, 'Mikyx', 2049, 382988, 1);
INSERT INTO interacts VALUES(115943982931, 1, 'Mikyx', 3341, 383767, 1);
INSERT INTO interacts VALUES(115943982931, 1, 'Crown', 3196, 387949, 1);
INSERT INTO interacts VALUES(115943982931, 1, 'Crown', 2043, 389407, 1);
INSERT INTO interacts VALUES(115943982931, 1, 'Kobbe', 2010, 389572, 1);
INSERT INTO interacts VALUES(115943982931, 1, 'Crown', 2031, 389928, 1);
INSERT INTO interacts VALUES(115943982931, 1, 'Wraith', 2049, 401368, 1);
INSERT INTO interacts VALUES(115943982931, 1, 'Ruler', 3070, 402857, 1);
INSERT INTO interacts VALUES(115943982931, 1, 'Ruler', 3057, 403312, 1);
INSERT INTO interacts VALUES(115943982931, 1, 'Ruler', 2010, 403994, 1);
INSERT INTO interacts VALUES(115943982931, 1, 'Ruler', 2010, 404126, 1);
INSERT INTO interacts VALUES(115943982931, 1, 'Wraith', 2043, 405325, 1);
INSERT INTO interacts VALUES(115943982931, 1, 'Wraith', 2043, 405456, 1);
INSERT INTO interacts VALUES(115943982931, 1, 'Wraith', 2010, 405715, 1);
INSERT INTO interacts VALUES(115943982931, 1, 'Sencux', 1057, 418067, 1);
INSERT INTO interacts VALUES(115943982931, 1, 'Sencux', 2010, 419309, 1);
INSERT INTO interacts VALUES(115943982931, 1, 'Sencux', 2043, 421284, 1);
INSERT INTO interacts VALUES(115943982931, 1, 'Ruler', 1037, 533628, 1);
INSERT INTO interacts VALUES(115943982931, 1, 'Ruler', 2010, 534298, 1);
INSERT INTO interacts VALUES(115943982931, 1, 'Mikyx', 1001, 535145, 1);
INSERT INTO interacts VALUES(115943982931, 1, 'Mikyx', 2043, 536092, 1);
INSERT INTO interacts VALUES(115943982931, 1, 'Mikyx', 2010, 536446, 1);
INSERT INTO interacts VALUES(115943982931, 1, 'Wraith', 1001, 537031, 1);
INSERT INTO interacts VALUES(115943982931, 1, 'Wraith', 2043, 537650, 1);
INSERT INTO interacts VALUES(115943982931, 1, 'Wraith', 3341, 538200, 1);
INSERT INTO interacts VALUES(115943982931, 1, 'Wraith', 2010, 539016, 1);
INSERT INTO interacts VALUES(115943982931, 1, 'Ruler', 2043, 543189, 1);
INSERT INTO interacts VALUES(115943982931, 1, 'Ambition', 1409, 544772, 1);
INSERT INTO interacts VALUES(115943982931, 1, 'Ambition', 1001, 545486, 1);
INSERT INTO interacts VALUES(115943982931, 1, 'Ambition', 3341, 546557, 1);
INSERT INTO interacts VALUES(115943982931, 1, 'Ambition', 2043, 546946, 1);
INSERT INTO interacts VALUES(115943982931, 1, 'Trashy', 3711, 568344, 1);
INSERT INTO interacts VALUES(115943982931, 1, 'Trashy', 1036, 569256, 1);
INSERT INTO interacts VALUES(115943982931, 1, 'Trashy', 3341, 570293, 1);
INSERT INTO interacts VALUES(115943982931, 1, 'Wunder', 3077, 578554, 1);
INSERT INTO interacts VALUES(115943982931, 1, 'Kobbe', 3006, 578955, 1);
INSERT INTO interacts VALUES(115943982931, 1, 'Kobbe', 1042, 579659, 1);
INSERT INTO interacts VALUES(115943982931, 1, 'Wunder', 1036, 579994, 1);
INSERT INTO interacts VALUES(115943982931, 1, 'Wunder', 1036, 580110, 1);
INSERT INTO interacts VALUES(115943982931, 1, 'Kobbe', 2010, 581311, 1);
INSERT INTO interacts VALUES(115943982931, 1, 'CuVee', 3020, 609533, 1);
INSERT INTO interacts VALUES(115943982931, 1, 'CuVee', 2043, 610541, 1);
INSERT INTO interacts VALUES(115943982931, 1, 'Sencux', 3802, 615113, 1);
INSERT INTO interacts VALUES(115943982931, 1, 'Sencux', 1052, 616661, 1);
INSERT INTO interacts VALUES(115943982931, 1, 'Sencux', 2010, 617331, 1);
INSERT INTO interacts VALUES(115943982931, 1, 'Sencux', 2010, 617491, 1);
INSERT INTO interacts VALUES(115943982931, 1, 'Crown', 3197, 652245, 1);
INSERT INTO interacts VALUES(115943982931, 1, 'Crown', 1001, 653514, 1);
INSERT INTO interacts VALUES(115943982931, 1, 'Crown', 2043, 654196, 1);
INSERT INTO interacts VALUES(115943982931, 1, 'Crown', 3363, 654746, 1);
INSERT INTO interacts VALUES(115943982931, 1, 'Sencux', 3108, 714643, 1);
INSERT INTO interacts VALUES(115943982931, 1, 'Trashy', 1408, 746644, 1);
INSERT INTO interacts VALUES(115943982931, 1, 'Trashy', 2043, 748601, 1);
INSERT INTO interacts VALUES(115943982931, 1, 'Wunder', 3044, 751627, 1);
INSERT INTO interacts VALUES(115943982931, 1, 'Wunder', 2003, 761236, 1);
INSERT INTO interacts VALUES(115943982931, 1, 'Crown', 1058, 770539, 1);
INSERT INTO interacts VALUES(115943982931, 1, 'Crown', 1052, 772100, 1);
INSERT INTO interacts VALUES(115943982931, 1, 'Wraith', 3117, 775323, 1);
INSERT INTO interacts VALUES(115943982931, 1, 'Wraith', 2043, 780366, 1);
INSERT INTO interacts VALUES(115943982931, 1, 'Ruler', 3004, 780795, 1);
INSERT INTO interacts VALUES(115943982931, 1, 'Ruler', 1001, 781935, 1);
INSERT INTO interacts VALUES(115943982931, 1, 'Ruler', 1027, 782387, 1);
INSERT INTO interacts VALUES(115943982931, 1, 'CuVee', 1026, 787530, 1);
INSERT INTO interacts VALUES(115943982931, 1, 'CuVee', 1052, 787760, 1);
INSERT INTO interacts VALUES(115943982931, 1, 'Ambition', 3047, 808719, 1);
INSERT INTO interacts VALUES(115943982931, 1, 'Ambition', 1028, 809662, 1);
INSERT INTO interacts VALUES(115943982931, 1, 'Ambition', 2043, 810379, 1);
INSERT INTO interacts VALUES(115943982931, 1, 'Ambition', 3364, 811191, 1);
INSERT INTO interacts VALUES(115943982931, 1, 'Ambition', 1028, 811906, 1);
INSERT INTO interacts VALUES(115943982931, 1, 'Mikyx', 3117, 824091, 1);
INSERT INTO interacts VALUES(115943982931, 1, 'Mikyx', 1028, 824708, 1);
INSERT INTO interacts VALUES(115943982931, 1, 'Mikyx', 2043, 825194, 1);
INSERT INTO interacts VALUES(115943982931, 1, 'Kobbe', 1037, 827165, 1);
INSERT INTO interacts VALUES(115943982931, 1, 'Kobbe', 1043, 829456, 1);
INSERT INTO interacts VALUES(115943982931, 1, 'Wunder', 1028, 892266, 1);
INSERT INTO interacts VALUES(115943982931, 1, 'Crown', 3198, 895305, 1);
INSERT INTO interacts VALUES(115943982931, 1, 'CuVee', 3136, 915719, 1);
INSERT INTO interacts VALUES(115943982931, 1, 'Sencux', 3165, 939610, 1);
INSERT INTO interacts VALUES(115943982931, 1, 'Sencux', 2043, 941075, 1);
INSERT INTO interacts VALUES(115943982931, 1, 'Trashy', 1036, 947249, 1);
INSERT INTO interacts VALUES(115943982931, 1, 'Trashy', 1036, 947413, 1);
INSERT INTO interacts VALUES(115943982931, 1, 'Trashy', 2043, 948399, 1);
INSERT INTO interacts VALUES(115943982931, 1, 'Trashy', 3364, 951738, 1);
INSERT INTO interacts VALUES(115943982931, 1, 'Wraith', 3028, 957111, 1);
INSERT INTO interacts VALUES(115943982931, 1, 'Wraith', 2043, 958670, 1);
INSERT INTO interacts VALUES(115943982931, 1, 'Wraith', 2010, 959738, 1);
INSERT INTO interacts VALUES(115943982931, 1, 'Ruler', 3025, 1042408, 1);
INSERT INTO interacts VALUES(115943982931, 1, 'Ruler', 3158, 1043057, 1);
INSERT INTO interacts VALUES(115943982931, 1, 'Ruler', 3363, 1044078, 1);
INSERT INTO interacts VALUES(115943982931, 1, 'Ruler', 1036, 1045297, 1);
INSERT INTO interacts VALUES(115943982931, 1, 'Trashy', 2031, 1045519, 0);
INSERT INTO interacts VALUES(115943982931, 1, 'Trashy', 1033, 1046236, 1);
INSERT INTO interacts VALUES(115943982931, 1, 'Sencux', 1058, 1052009, 1);
INSERT INTO interacts VALUES(115943982931, 1, 'Wunder', 3052, 1054802, 1);
INSERT INTO interacts VALUES(115943982931, 1, 'Wunder', 3111, 1059289, 1);
INSERT INTO interacts VALUES(115943982931, 1, 'Wraith', 2045, 1060487, 1);
INSERT INTO interacts VALUES(115943982931, 1, 'Ambition', 3190, 1067592, 1);
INSERT INTO interacts VALUES(115943982931, 1, 'Mikyx', 2045, 1091229, 1);
INSERT INTO interacts VALUES(115943982931, 1, 'Kobbe', 3085, 1091268, 1);
INSERT INTO interacts VALUES(115943982931, 1, 'Mikyx', 3364, 1092006, 1);
INSERT INTO interacts VALUES(115943982931, 1, 'Kobbe', 3363, 1092006, 1);
INSERT INTO interacts VALUES(115943982931, 1, 'Mikyx', 1028, 1092865, 1);
INSERT INTO interacts VALUES(115943982931, 1, 'Mikyx', 2043, 1099027, 1);
INSERT INTO interacts VALUES(115943982931, 1, 'Mikyx', 2010, 1099743, 1);
INSERT INTO interacts VALUES(115943982931, 1, 'Crown', 3116, 1100781, 1);
INSERT INTO interacts VALUES(115943982931, 1, 'Crown', 3158, 1102211, 1);
INSERT INTO interacts VALUES(115943982931, 1, 'CuVee', 3151, 1104731, 1);
INSERT INTO interacts VALUES(115943982931, 1, 'CuVee', 1052, 1105079, 1);
INSERT INTO interacts VALUES(115943982931, 1, 'Wraith', 2010, 1172738, 1);
INSERT INTO interacts VALUES(115943982931, 1, 'Wraith', 3364, 1173032, 1);
INSERT INTO interacts VALUES(115943982931, 1, 'Mikyx', 3801, 1183549, 1);
INSERT INTO interacts VALUES(115943982931, 1, 'Mikyx', 2043, 1184392, 1);
INSERT INTO interacts VALUES(115943982931, 1, 'Wraith', 3364, 1187835, 1);
INSERT INTO interacts VALUES(115943982931, 1, 'Wraith', 1004, 1189732, 1);
INSERT INTO interacts VALUES(115943982931, 1, 'Wunder', 1028, 1193110, 1);
INSERT INTO interacts VALUES(115943982931, 1, 'Trashy', 3155, 1196419, 1);
INSERT INTO interacts VALUES(115943982931, 1, 'Trashy', 1036, 1196844, 1);
INSERT INTO interacts VALUES(115943982931, 1, 'Trashy', 2043, 1198340, 1);
INSERT INTO interacts VALUES(115943982931, 1, 'Crown', 1058, 1242346, 1);
INSERT INTO interacts VALUES(115943982931, 1, 'Crown', 2031, 1243209, 0);
INSERT INTO interacts VALUES(115943982931, 1, 'Crown', 2043, 1244814, 1);
INSERT INTO interacts VALUES(115943982931, 1, 'Wunder', 3748, 1245286, 1);
INSERT INTO interacts VALUES(115943982931, 1, 'Ambition', 3082, 1250220, 1);
INSERT INTO interacts VALUES(115943982931, 1, 'Ambition', 2043, 1252742, 1);
INSERT INTO interacts VALUES(115943982931, 1, 'Ruler', 3144, 1263727, 1);
INSERT INTO interacts VALUES(115943982931, 1, 'Ruler', 2010, 1264768, 0);
INSERT INTO interacts VALUES(115943982931, 1, 'Sencux', 1011, 1266690, 1);
INSERT INTO interacts VALUES(115943982931, 1, 'Ruler', 1042, 1266884, 1);
INSERT INTO interacts VALUES(115943982931, 1, 'CuVee', 3157, 1273152, 1);
INSERT INTO interacts VALUES(115943982931, 1, 'Wunder', 1036, 1310317, 1);
INSERT INTO interacts VALUES(115943982931, 1, 'Kobbe', 3031, 1332777, 1);
INSERT INTO interacts VALUES(115943982931, 1, 'Mikyx', 3105, 1341521, 1);
INSERT INTO interacts VALUES(115943982931, 1, 'Mikyx', 2043, 1345297, 1);
INSERT INTO interacts VALUES(115943982931, 1, 'Wraith', 3114, 1364809, 1);
INSERT INTO interacts VALUES(115943982931, 1, 'Trashy', 3134, 1383645, 1);
INSERT INTO interacts VALUES(115943982931, 1, 'Trashy', 2043, 1386280, 1);
INSERT INTO interacts VALUES(115943982931, 1, 'Ambition', 2031, 1387966, 0);
INSERT INTO interacts VALUES(115943982931, 1, 'Ambition', 1011, 1390037, 1);
INSERT INTO interacts VALUES(115943982931, 1, 'Ambition', 2043, 1390424, 1);
INSERT INTO interacts VALUES(115943982931, 1, 'Ambition', 2043, 1392504, 1);
INSERT INTO interacts VALUES(115943982931, 1, 'Sencux', 3116, 1393383, 1);
INSERT INTO interacts VALUES(115943982931, 1, 'Wunder', 1036, 1396510, 1);
INSERT INTO interacts VALUES(115943982931, 1, 'Crown', 3285, 1438026, 1);
INSERT INTO interacts VALUES(115943982931, 1, 'Crown', 2043, 1439112, 1);
INSERT INTO interacts VALUES(115943982931, 1, 'Crown', 2043, 1439291, 1);
INSERT INTO interacts VALUES(115943982931, 1, 'CuVee', 1026, 1465299, 1);
INSERT INTO interacts VALUES(115943982931, 1, 'Wraith', 3222, 1493263, 1);
INSERT INTO interacts VALUES(115943982931, 1, 'Mikyx', 1028, 1495375, 1);
INSERT INTO interacts VALUES(115943982931, 1, 'Kobbe', 3155, 1501633, 1);
INSERT INTO interacts VALUES(115943982931, 1, 'Wunder', 3133, 1504077, 1);
INSERT INTO interacts VALUES(115943982931, 1, 'Wunder', 1028, 1506556, 1);
INSERT INTO interacts VALUES(115943982931, 1, 'Trashy', 3156, 1537879, 1);
INSERT INTO interacts VALUES(115943982931, 1, 'Trashy', 3134, 1538268, 1);
INSERT INTO interacts VALUES(115943982931, 1, 'Trashy', 2043, 1539358, 1);
INSERT INTO interacts VALUES(115943982931, 1, 'Ambition', 2043, 1542817, 1);
INSERT INTO interacts VALUES(115943982931, 1, 'Sencux', 1056, 1554667, 0);
INSERT INTO interacts VALUES(115943982931, 1, 'Sencux', 3001, 1556210, 1);
INSERT INTO interacts VALUES(115943982931, 1, 'Kobbe', 1051, 1557680, 1);
INSERT INTO interacts VALUES(115943982931, 1, 'Wunder', 1055, 1572165, 0);
INSERT INTO interacts VALUES(115943982931, 1, 'Wunder', 3071, 1573068, 1);
INSERT INTO interacts VALUES(115943982931, 1, 'Ruler', 3153, 1582905, 1);
INSERT INTO interacts VALUES(115943982931, 1, 'Ruler', 2043, 1583796, 1);
INSERT INTO interacts VALUES(115943982931, 1, 'Mikyx', 3190, 1627427, 1);
INSERT INTO interacts VALUES(115943982931, 1, 'Mikyx', 2043, 1627984, 1);
INSERT INTO interacts VALUES(115943982931, 1, 'Ruler', 1033, 1674152, 1);
INSERT INTO interacts VALUES(115943982931, 1, 'Wraith', 3801, 1683128, 1);
INSERT INTO interacts VALUES(115943982931, 1, 'Wunder', 1033, 1687117, 1);
INSERT INTO interacts VALUES(115943982931, 1, 'Ambition', 3143, 1698245, 1);
INSERT INTO interacts VALUES(115943982931, 1, 'Ambition', 1029, 1701551, 1);
INSERT INTO interacts VALUES(115943982931, 1, 'Trashy', 2043, 1705964, 1);
INSERT INTO interacts VALUES(115943982931, 1, 'Trashy', 2140, 1706319, 1);
INSERT INTO interacts VALUES(115943982931, 1, 'Mikyx', 1028, 1709086, 1);
INSERT INTO interacts VALUES(115943982931, 1, 'Kobbe', 3086, 1719904, 1);
INSERT INTO interacts VALUES(115943982931, 1, 'Crown', 3135, 1735394, 1);
INSERT INTO interacts VALUES(115943982931, 1, 'CuVee', 2031, 1743593, 0);
INSERT INTO interacts VALUES(115943982931, 1, 'CuVee', 3135, 1745154, 1);
INSERT INTO interacts VALUES(115943982931, 1, 'Wunder', 3211, 1801987, 1);
INSERT INTO interacts VALUES(115943982931, 1, 'Wunder', 1028, 1805098, 1);
INSERT INTO interacts VALUES(115943982931, 1, 'Wunder', 1028, 1805229, 1);
INSERT INTO interacts VALUES(115943982931, 1, 'Mikyx', 3097, 1857680, 1);
INSERT INTO interacts VALUES(115943982931, 1, 'Mikyx', 2043, 1858789, 1);
INSERT INTO interacts VALUES(115943982931, 1, 'Ambition', 1031, 1860589, 1);
INSERT INTO interacts VALUES(115943982931, 1, 'CuVee', 1058, 1862581, 1);
INSERT INTO interacts VALUES(115943982931, 1, 'Ruler', 3140, 1866518, 1);
INSERT INTO interacts VALUES(115943982931, 1, 'Ruler', 1055, 1867784, 0);
INSERT INTO interacts VALUES(115943982931, 1, 'Wraith', 3105, 1868078, 1);
INSERT INTO interacts VALUES(115943982931, 1, 'Ruler', 1037, 1868599, 1);
INSERT INTO interacts VALUES(115943982931, 1, 'Wraith', 2043, 1870151, 1);
INSERT INTO interacts VALUES(115943982931, 1, 'Crown', 1056, 1872296, 0);
INSERT INTO interacts VALUES(115943982931, 1, 'Crown', 1058, 1872688, 1);
INSERT INTO interacts VALUES(115943982931, 1, 'Sencux', 1058, 1875793, 1);
INSERT INTO interacts VALUES(115943982931, 1, 'Mikyx', 2043, 1876769, 1);
INSERT INTO interacts VALUES(115943982931, 1, 'Kobbe', 3094, 1898681, 1);
INSERT INTO interacts VALUES(115943982931, 1, 'Trashy', 1038, 1945123, 1);
INSERT INTO interacts VALUES(115943982931, 1, 'Wunder', 2140, 1995846, 1);
INSERT INTO interacts VALUES(115943982931, 1, 'Trashy', 2043, 2007239, 1);
INSERT INTO interacts VALUES(115943982931, 1, 'Crown', 3089, 2031813, 1);
INSERT INTO teams VALUES('TSM', 'NA', 'TSM');
INSERT INTO participates VALUES('world_championship_2016', 'TSM', 'UNKNOWN');
INSERT INTO teams VALUES('RNG', 'LPL', 'Royal Never Give Up');
INSERT INTO participates VALUES('world_championship_2016', 'RNG', 'UNKNOWN');
INSERT INTO series VALUES(258337724517, 1);
INSERT INTO organizes VALUES('world_championship_2016', 258337724517, 'group_d - TSM-vs-RNG');
INSERT INTO competes VALUES(258337724517, 'TSM', 1);
INSERT INTO competes VALUES(258337724517, 'RNG', 0);
INSERT INTO matches VALUES(258337724517, 1, '2016-09-29');
INSERT INTO scores VALUES('TSM', 258337724517, 1, 0, 4, 0, 0, 2, 0);
INSERT INTO scores VALUES('RNG', 258337724517, 1, 1, 8, 0, 1, 2, 1);
INSERT INTO bans VALUES(258337724517, 1, 51, 1);
INSERT INTO bans VALUES(258337724517, 1, 126, 3);
INSERT INTO bans VALUES(258337724517, 1, 134, 5);
INSERT INTO bans VALUES(258337724517, 1, 76, 2);
INSERT INTO bans VALUES(258337724517, 1, 60, 4);
INSERT INTO bans VALUES(258337724517, 1, 421, 6);
INSERT INTO players VALUES('Hauntzer', date('1970-01-01'));
INSERT INTO registers VALUES('Hauntzer', 'TSM', date('1970-01-01'), 'NULL');
INSERT INTO plays VALUES(258337724517, 1, 'Hauntzer', 85, 'top', 1, 4, 3, 18666, 20, 7, 303, 6, 2, 13386);
INSERT INTO players VALUES('Svenskeren', date('1970-01-01'));
INSERT INTO registers VALUES('Svenskeren', 'TSM', date('1970-01-01'), 'NULL');
INSERT INTO plays VALUES(258337724517, 1, 'Svenskeren', 64, 'jungle', 3, 3, 3, 9113, 28, 13, 25, 88, 24, 12287);
INSERT INTO players VALUES('Bjergsen', date('1970-01-01'));
INSERT INTO registers VALUES('Bjergsen', 'TSM', date('1970-01-01'), 'NULL');
INSERT INTO plays VALUES(258337724517, 1, 'Bjergsen', 61, 'mid', 2, 2, 2, 9945, 14, 3, 366, 17, 4, 15170);
INSERT INTO players VALUES('Doublelift', date('1970-01-01'));
INSERT INTO registers VALUES('Doublelift', 'TSM', date('1970-01-01'), 'NULL');
INSERT INTO plays VALUES(258337724517, 1, 'Doublelift', 202, 'adc', 1, 5, 0, 12333, 17, 4, 305, 3, 0, 12714);
INSERT INTO players VALUES('Biofrost', date('1970-01-01'));
INSERT INTO registers VALUES('Biofrost', 'TSM', date('1970-01-01'), 'NULL');
INSERT INTO plays VALUES(258337724517, 1, 'Biofrost', 267, 'support', 0, 3, 3, 4773, 49, 20, 24, 0, 0, 8425);
INSERT INTO players VALUES('Looper', date('1970-01-01'));
INSERT INTO registers VALUES('Looper', 'RNG', date('1970-01-01'), 'NULL');
INSERT INTO plays VALUES(258337724517, 1, 'Looper', 68, 'top', 0, 1, 11, 12441, 25, 3, 303, 8, 0, 13803);
INSERT INTO players VALUES('Mlxg', date('1970-01-01'));
INSERT INTO registers VALUES('Mlxg', 'RNG', date('1970-01-01'), 'NULL');
INSERT INTO plays VALUES(258337724517, 1, 'Mlxg', 120, 'jungle', 3, 1, 9, 11578, 10, 22, 40, 90, 25, 13454);
INSERT INTO players VALUES('Xiaohu', date('1970-01-01'));
INSERT INTO registers VALUES('Xiaohu', 'RNG', date('1970-01-01'), 'NULL');
INSERT INTO plays VALUES(258337724517, 1, 'Xiaohu', 69, 'mid', 6, 2, 5, 9585, 22, 2, 270, 13, 3, 14602);
INSERT INTO players VALUES('Uzi', date('1970-01-01'));
INSERT INTO registers VALUES('Uzi', 'RNG', date('1970-01-01'), 'NULL');
INSERT INTO plays VALUES(258337724517, 1, 'Uzi', 15, 'adc', 7, 1, 9, 18451, 17, 14, 367, 29, 4, 18490);
INSERT INTO players VALUES('Mata', date('1970-01-01'));
INSERT INTO registers VALUES('Mata', 'RNG', date('1970-01-01'), 'NULL');
INSERT INTO plays VALUES(258337724517, 1, 'Mata', 12, 'support', 1, 2, 15, 6005, 51, 13, 36, 0, 4, 10001);
INSERT INTO interacts VALUES(258337724517, 1, 'Doublelift', 3340, 1416, 1);
INSERT INTO interacts VALUES(258337724517, 1, 'Biofrost', 3340, 1543, 1);
INSERT INTO interacts VALUES(258337724517, 1, 'Mata', 3302, 1641, 1);
INSERT INTO interacts VALUES(258337724517, 1, 'Svenskeren', 3340, 1641, 1);
INSERT INTO interacts VALUES(258337724517, 1, 'Doublelift', 1055, 1677, 1);
INSERT INTO interacts VALUES(258337724517, 1, 'Biofrost', 2010, 1737, 1);
INSERT INTO interacts VALUES(258337724517, 1, 'Mata', 2010, 1841, 1);
INSERT INTO interacts VALUES(258337724517, 1, 'Doublelift', 2010, 1868, 1);
INSERT INTO interacts VALUES(258337724517, 1, 'Biofrost', 2010, 1899, 1);
INSERT INTO interacts VALUES(258337724517, 1, 'Bjergsen', 3340, 1932, 1);
INSERT INTO interacts VALUES(258337724517, 1, 'Svenskeren', 1041, 1997, 1);
INSERT INTO interacts VALUES(258337724517, 1, 'Mata', 2010, 1997, 1);
INSERT INTO interacts VALUES(258337724517, 1, 'Uzi', 2010, 1997, 1);
INSERT INTO interacts VALUES(258337724517, 1, 'Xiaohu', 1056, 2063, 1);
INSERT INTO interacts VALUES(258337724517, 1, 'Mata', 2010, 2103, 1);
INSERT INTO interacts VALUES(258337724517, 1, 'Bjergsen', 2010, 2194, 1);
INSERT INTO interacts VALUES(258337724517, 1, 'Svenskeren', 2031, 2225, 1);
INSERT INTO interacts VALUES(258337724517, 1, 'Uzi', 3340, 2225, 1);
INSERT INTO interacts VALUES(258337724517, 1, 'Bjergsen', 2010, 2290, 1);
INSERT INTO interacts VALUES(258337724517, 1, 'Biofrost', 3303, 2290, 1);
INSERT INTO interacts VALUES(258337724517, 1, 'Xiaohu', 2010, 2418, 1);
INSERT INTO interacts VALUES(258337724517, 1, 'Hauntzer', 3340, 2418, 1);
INSERT INTO interacts VALUES(258337724517, 1, 'Mata', 3340, 2418, 1);
INSERT INTO interacts VALUES(258337724517, 1, 'Uzi', 1055, 2483, 1);
INSERT INTO interacts VALUES(258337724517, 1, 'Bjergsen', 1056, 2547, 1);
INSERT INTO interacts VALUES(258337724517, 1, 'Biofrost', 2010, 2620, 1);
INSERT INTO interacts VALUES(258337724517, 1, 'Xiaohu', 2010, 2710, 1);
INSERT INTO interacts VALUES(258337724517, 1, 'Hauntzer', 1055, 2774, 1);
INSERT INTO interacts VALUES(258337724517, 1, 'Hauntzer', 2003, 2969, 1);
INSERT INTO interacts VALUES(258337724517, 1, 'Mlxg', 1039, 3001, 1);
INSERT INTO interacts VALUES(258337724517, 1, 'Mlxg', 2031, 3261, 1);
INSERT INTO interacts VALUES(258337724517, 1, 'Xiaohu', 3340, 3294, 1);
INSERT INTO interacts VALUES(258337724517, 1, 'Looper', 1054, 3423, 1);
INSERT INTO interacts VALUES(258337724517, 1, 'Looper', 2003, 3781, 1);
INSERT INTO interacts VALUES(258337724517, 1, 'Mlxg', 3340, 3845, 1);
INSERT INTO interacts VALUES(258337724517, 1, 'Looper', 3340, 4072, 1);
INSERT INTO interacts VALUES(258337724517, 1, 'Xiaohu', 1056, 220145, 1);
INSERT INTO interacts VALUES(258337724517, 1, 'Xiaohu', 2043, 221894, 1);
INSERT INTO interacts VALUES(258337724517, 1, 'Xiaohu', 2010, 222346, 1);
INSERT INTO interacts VALUES(258337724517, 1, 'Xiaohu', 2010, 222606, 1);
INSERT INTO interacts VALUES(258337724517, 1, 'Uzi', 1083, 252204, 1);
INSERT INTO interacts VALUES(258337724517, 1, 'Bjergsen', 1056, 252538, 1);
INSERT INTO interacts VALUES(258337724517, 1, 'Uzi', 1036, 253244, 1);
INSERT INTO interacts VALUES(258337724517, 1, 'Bjergsen', 1001, 253320, 1);
INSERT INTO interacts VALUES(258337724517, 1, 'Uzi', 2010, 254056, 1);
INSERT INTO interacts VALUES(258337724517, 1, 'Bjergsen', 2031, 254315, 1);
INSERT INTO interacts VALUES(258337724517, 1, 'Mata', 1001, 254898, 1);
INSERT INTO interacts VALUES(258337724517, 1, 'Mlxg', 3715, 255579, 1);
INSERT INTO interacts VALUES(258337724517, 1, 'Mata', 2043, 256196, 1);
INSERT INTO interacts VALUES(258337724517, 1, 'Mlxg', 2043, 256434, 1);
INSERT INTO interacts VALUES(258337724517, 1, 'Biofrost', 1028, 308447, 1);
INSERT INTO interacts VALUES(258337724517, 1, 'Svenskeren', 3133, 309063, 1);
INSERT INTO interacts VALUES(258337724517, 1, 'Biofrost', 2043, 309128, 1);
INSERT INTO interacts VALUES(258337724517, 1, 'Doublelift', 3134, 309518, 1);
INSERT INTO interacts VALUES(258337724517, 1, 'Hauntzer', 3145, 327286, 1);
INSERT INTO interacts VALUES(258337724517, 1, 'Hauntzer', 2003, 327938, 1);
INSERT INTO interacts VALUES(258337724517, 1, 'Hauntzer', 2003, 328067, 1);
INSERT INTO interacts VALUES(258337724517, 1, 'Hauntzer', 2003, 328197, 1);
INSERT INTO interacts VALUES(258337724517, 1, 'Looper', 1052, 338711, 1);
INSERT INTO interacts VALUES(258337724517, 1, 'Looper', 1028, 339066, 1);
INSERT INTO interacts VALUES(258337724517, 1, 'Mata', 2043, 339650, 1);
INSERT INTO interacts VALUES(258337724517, 1, 'Looper', 2043, 341341, 1);
INSERT INTO interacts VALUES(258337724517, 1, 'Looper', 2031, 341697, 1);
INSERT INTO interacts VALUES(258337724517, 1, 'Uzi', 1036, 341827, 1);
INSERT INTO interacts VALUES(258337724517, 1, 'Uzi', 2043, 343463, 1);
INSERT INTO interacts VALUES(258337724517, 1, 'Mlxg', 1001, 406529, 1);
INSERT INTO interacts VALUES(258337724517, 1, 'Mlxg', 1028, 407045, 1);
INSERT INTO interacts VALUES(258337724517, 1, 'Mlxg', 1036, 407349, 1);
INSERT INTO interacts VALUES(258337724517, 1, 'Mlxg', 2043, 408181, 1);
INSERT INTO interacts VALUES(258337724517, 1, 'Mlxg', 3341, 408959, 1);
INSERT INTO interacts VALUES(258337724517, 1, 'Biofrost', 2049, 438197, 1);
INSERT INTO interacts VALUES(258337724517, 1, 'Biofrost', 3341, 439595, 1);
INSERT INTO interacts VALUES(258337724517, 1, 'Biofrost', 2043, 440148, 1);
INSERT INTO interacts VALUES(258337724517, 1, 'Bjergsen', 3802, 481050, 1);
INSERT INTO interacts VALUES(258337724517, 1, 'Bjergsen', 1052, 481700, 1);
INSERT INTO interacts VALUES(258337724517, 1, 'Xiaohu', 3070, 508558, 1);
INSERT INTO interacts VALUES(258337724517, 1, 'Xiaohu', 3070, 508852, 1);
INSERT INTO interacts VALUES(258337724517, 1, 'Xiaohu', 1057, 512325, 1);
INSERT INTO interacts VALUES(258337724517, 1, 'Xiaohu', 2043, 513425, 1);
INSERT INTO interacts VALUES(258337724517, 1, 'Xiaohu', 2010, 513783, 1);
INSERT INTO interacts VALUES(258337724517, 1, 'Doublelift', 3009, 553956, 1);
INSERT INTO interacts VALUES(258337724517, 1, 'Doublelift', 1036, 556941, 1);
INSERT INTO interacts VALUES(258337724517, 1, 'Doublelift', 2043, 557654, 1);
INSERT INTO interacts VALUES(258337724517, 1, 'Looper', 3145, 579877, 1);
INSERT INTO interacts VALUES(258337724517, 1, 'Mata', 2049, 580331, 1);
INSERT INTO interacts VALUES(258337724517, 1, 'Looper', 3067, 581078, 1);
INSERT INTO interacts VALUES(258337724517, 1, 'Mata', 2043, 581433, 1);
INSERT INTO interacts VALUES(258337724517, 1, 'Mata', 2043, 581562, 1);
INSERT INTO interacts VALUES(258337724517, 1, 'Looper', 1001, 581628, 1);
INSERT INTO interacts VALUES(258337724517, 1, 'Mlxg', 3044, 582085, 1);
INSERT INTO interacts VALUES(258337724517, 1, 'Mata', 3341, 582634, 1);
INSERT INTO interacts VALUES(258337724517, 1, 'Uzi', 2010, 582924, 0);
INSERT INTO interacts VALUES(258337724517, 1, 'Uzi', 2010, 583022, 0);
INSERT INTO interacts VALUES(258337724517, 1, 'Uzi', 1038, 583446, 1);
INSERT INTO interacts VALUES(258337724517, 1, 'Mlxg', 1027, 587381, 1);
INSERT INTO interacts VALUES(258337724517, 1, 'Biofrost', 1001, 591759, 1);
INSERT INTO interacts VALUES(258337724517, 1, 'Svenskeren', 1408, 592085, 1);
INSERT INTO interacts VALUES(258337724517, 1, 'Svenskeren', 1001, 592865, 1);
INSERT INTO interacts VALUES(258337724517, 1, 'Svenskeren', 2043, 594000, 1);
INSERT INTO interacts VALUES(258337724517, 1, 'Hauntzer', 3020, 611750, 1);
INSERT INTO interacts VALUES(258337724517, 1, 'Hauntzer', 1033, 612949, 1);
INSERT INTO interacts VALUES(258337724517, 1, 'Hauntzer', 2043, 613973, 1);
INSERT INTO interacts VALUES(258337724517, 1, 'Mata', 1028, 688623, 1);
INSERT INTO interacts VALUES(258337724517, 1, 'Looper', 1033, 689336, 1);
INSERT INTO interacts VALUES(258337724517, 1, 'Hauntzer', 1057, 689409, 1);
INSERT INTO interacts VALUES(258337724517, 1, 'Doublelift', 3133, 690183, 1);
INSERT INTO interacts VALUES(258337724517, 1, 'Mlxg', 2043, 691384, 1);
INSERT INTO interacts VALUES(258337724517, 1, 'Doublelift', 2043, 692326, 1);
INSERT INTO interacts VALUES(258337724517, 1, 'Mata', 1028, 694220, 1);
INSERT INTO interacts VALUES(258337724517, 1, 'Mata', 2010, 695117, 1);
INSERT INTO interacts VALUES(258337724517, 1, 'Biofrost', 2043, 712312, 1);
INSERT INTO interacts VALUES(258337724517, 1, 'Biofrost', 1028, 717970, 1);
INSERT INTO interacts VALUES(258337724517, 1, 'Uzi', 1001, 743220, 1);
INSERT INTO interacts VALUES(258337724517, 1, 'Uzi', 3009, 744355, 1);
INSERT INTO interacts VALUES(258337724517, 1, 'Looper', 3111, 754421, 1);
INSERT INTO interacts VALUES(258337724517, 1, 'Svenskeren', 3117, 765723, 1);
INSERT INTO interacts VALUES(258337724517, 1, 'Svenskeren', 1028, 766699, 1);
INSERT INTO interacts VALUES(258337724517, 1, 'Bjergsen', 3165, 774041, 1);
INSERT INTO interacts VALUES(258337724517, 1, 'Bjergsen', 1028, 774755, 1);
INSERT INTO interacts VALUES(258337724517, 1, 'Xiaohu', 3108, 788869, 1);
INSERT INTO interacts VALUES(258337724517, 1, 'Mlxg', 3057, 802118, 1);
INSERT INTO interacts VALUES(258337724517, 1, 'Mlxg', 3364, 804837, 1);
INSERT INTO interacts VALUES(258337724517, 1, 'Xiaohu', 3001, 896323, 1);
INSERT INTO interacts VALUES(258337724517, 1, 'Looper', 3152, 909580, 1);
INSERT INTO interacts VALUES(258337724517, 1, 'Looper', 2043, 910049, 1);
INSERT INTO interacts VALUES(258337724517, 1, 'Mlxg', 3009, 916120, 1);
INSERT INTO interacts VALUES(258337724517, 1, 'Hauntzer', 3152, 917454, 1);
INSERT INTO interacts VALUES(258337724517, 1, 'Hauntzer', 2043, 919984, 1);
INSERT INTO interacts VALUES(258337724517, 1, 'Bjergsen', 3020, 926495, 1);
INSERT INTO interacts VALUES(258337724517, 1, 'Bjergsen', 1011, 927793, 1);
INSERT INTO interacts VALUES(258337724517, 1, 'Doublelift', 3142, 949051, 1);
INSERT INTO interacts VALUES(258337724517, 1, 'Doublelift', 1036, 964784, 1);
INSERT INTO interacts VALUES(258337724517, 1, 'Biofrost', 2301, 965304, 1);
INSERT INTO interacts VALUES(258337724517, 1, 'Doublelift', 3363, 965443, 1);
INSERT INTO interacts VALUES(258337724517, 1, 'Looper', 1052, 980117, 1);
INSERT INTO interacts VALUES(258337724517, 1, 'Looper', 2043, 981974, 1);
INSERT INTO interacts VALUES(258337724517, 1, 'Mata', 3117, 988775, 1);
INSERT INTO interacts VALUES(258337724517, 1, 'Uzi', 3508, 988970, 1);
INSERT INTO interacts VALUES(258337724517, 1, 'Mata', 2045, 990041, 1);
INSERT INTO interacts VALUES(258337724517, 1, 'Mata', 2043, 990639, 1);
INSERT INTO interacts VALUES(258337724517, 1, 'Uzi', 1042, 990639, 1);
INSERT INTO interacts VALUES(258337724517, 1, 'Mata', 2043, 990753, 1);
INSERT INTO interacts VALUES(258337724517, 1, 'Uzi', 1051, 990895, 1);
INSERT INTO interacts VALUES(258337724517, 1, 'Uzi', 3363, 991338, 1);
INSERT INTO interacts VALUES(258337724517, 1, 'Mata', 2031, 991954, 1);
INSERT INTO interacts VALUES(258337724517, 1, 'Hauntzer', 1052, 999654, 1);
INSERT INTO interacts VALUES(258337724517, 1, 'Hauntzer', 2031, 1001054, 1);
INSERT INTO interacts VALUES(258337724517, 1, 'Svenskeren', 1011, 1003644, 1);
INSERT INTO interacts VALUES(258337724517, 1, 'Svenskeren', 1029, 1005105, 1);
INSERT INTO interacts VALUES(258337724517, 1, 'Svenskeren', 1033, 1006888, 1);
INSERT INTO interacts VALUES(258337724517, 1, 'Svenskeren', 2031, 1007965, 0);
INSERT INTO interacts VALUES(258337724517, 1, 'Svenskeren', 2043, 1008307, 1);
INSERT INTO interacts VALUES(258337724517, 1, 'Biofrost', 2043, 1044794, 1);
INSERT INTO interacts VALUES(258337724517, 1, 'Mlxg', 1042, 1054297, 1);
INSERT INTO interacts VALUES(258337724517, 1, 'Mlxg', 2031, 1057086, 0);
INSERT INTO interacts VALUES(258337724517, 1, 'Mlxg', 2043, 1058355, 1);
INSERT INTO interacts VALUES(258337724517, 1, 'Uzi', 3086, 1059690, 1);
INSERT INTO interacts VALUES(258337724517, 1, 'Uzi', 2043, 1060371, 1);
INSERT INTO interacts VALUES(258337724517, 1, 'Xiaohu', 1058, 1112099, 1);
INSERT INTO interacts VALUES(258337724517, 1, 'Xiaohu', 1028, 1113530, 1);
INSERT INTO interacts VALUES(258337724517, 1, 'Looper', 1026, 1162518, 1);
INSERT INTO interacts VALUES(258337724517, 1, 'Biofrost', 3158, 1186540, 1);
INSERT INTO interacts VALUES(258337724517, 1, 'Hauntzer', 2031, 1194331, 0);
INSERT INTO interacts VALUES(258337724517, 1, 'Hauntzer', 1026, 1196098, 1);
INSERT INTO interacts VALUES(258337724517, 1, 'Biofrost', 3067, 1198888, 1);
INSERT INTO interacts VALUES(258337724517, 1, 'Doublelift', 3155, 1203836, 1);
INSERT INTO interacts VALUES(258337724517, 1, 'Doublelift', 1036, 1204881, 1);
INSERT INTO interacts VALUES(258337724517, 1, 'Doublelift', 1036, 1204998, 1);
INSERT INTO interacts VALUES(258337724517, 1, 'Svenskeren', 3082, 1208416, 1);
INSERT INTO interacts VALUES(258337724517, 1, 'Uzi', 2043, 1211669, 1);
INSERT INTO interacts VALUES(258337724517, 1, 'Mlxg', 3078, 1223547, 1);
INSERT INTO interacts VALUES(258337724517, 1, 'Looper', 2031, 1225271, 0);
INSERT INTO interacts VALUES(258337724517, 1, 'Mlxg', 1033, 1226081, 1);
INSERT INTO interacts VALUES(258337724517, 1, 'Mata', 1033, 1226341, 1);
INSERT INTO interacts VALUES(258337724517, 1, 'Mata', 3801, 1226729, 1);
INSERT INTO interacts VALUES(258337724517, 1, 'Looper', 2043, 1226827, 1);
INSERT INTO interacts VALUES(258337724517, 1, 'Bjergsen', 3116, 1227506, 1);
INSERT INTO interacts VALUES(258337724517, 1, 'Xiaohu', 3116, 1228516, 1);
INSERT INTO interacts VALUES(258337724517, 1, 'Bjergsen', 2031, 1229002, 0);
INSERT INTO interacts VALUES(258337724517, 1, 'Bjergsen', 1052, 1229359, 1);
INSERT INTO interacts VALUES(258337724517, 1, 'Mata', 3364, 1229493, 1);
INSERT INTO interacts VALUES(258337724517, 1, 'Xiaohu', 2010, 1230077, 1);
INSERT INTO interacts VALUES(258337724517, 1, 'Mata', 2031, 1230398, 0);
INSERT INTO interacts VALUES(258337724517, 1, 'Mata', 2043, 1230855, 1);
INSERT INTO interacts VALUES(258337724517, 1, 'Mata', 2043, 1230961, 1);
INSERT INTO interacts VALUES(258337724517, 1, 'Xiaohu', 2043, 1233819, 1);
INSERT INTO interacts VALUES(258337724517, 1, 'Biofrost', 2043, 1240973, 1);
INSERT INTO interacts VALUES(258337724517, 1, 'Looper', 1028, 1274760, 1);
INSERT INTO interacts VALUES(258337724517, 1, 'Biofrost', 2043, 1322536, 1);
INSERT INTO interacts VALUES(258337724517, 1, 'Biofrost', 2043, 1323056, 1);
INSERT INTO interacts VALUES(258337724517, 1, 'Mlxg', 3211, 1331527, 1);
INSERT INTO interacts VALUES(258337724517, 1, 'Mlxg', 2003, 1332887, 1);
INSERT INTO interacts VALUES(258337724517, 1, 'Hauntzer', 3135, 1333113, 1);
INSERT INTO interacts VALUES(258337724517, 1, 'Hauntzer', 2043, 1335613, 1);
INSERT INTO interacts VALUES(258337724517, 1, 'Uzi', 1038, 1346830, 1);
INSERT INTO interacts VALUES(258337724517, 1, 'Uzi', 1083, 1347917, 0);
INSERT INTO interacts VALUES(258337724517, 1, 'Mata', 3105, 1348307, 1);
INSERT INTO interacts VALUES(258337724517, 1, 'Mata', 2043, 1348906, 1);
INSERT INTO interacts VALUES(258337724517, 1, 'Mata', 2043, 1349019, 1);
INSERT INTO interacts VALUES(258337724517, 1, 'Uzi', 1018, 1351067, 1);
INSERT INTO interacts VALUES(258337724517, 1, 'Doublelift', 3156, 1365232, 1);
INSERT INTO interacts VALUES(258337724517, 1, 'Doublelift', 2043, 1365885, 1);
INSERT INTO interacts VALUES(258337724517, 1, 'Biofrost', 1028, 1380910, 1);
INSERT INTO interacts VALUES(258337724517, 1, 'Svenskeren', 3143, 1381526, 1);
INSERT INTO interacts VALUES(258337724517, 1, 'Xiaohu', 1056, 1382789, 0);
INSERT INTO interacts VALUES(258337724517, 1, 'Svenskeren', 1028, 1382853, 1);
INSERT INTO interacts VALUES(258337724517, 1, 'Svenskeren', 2043, 1383540, 1);
INSERT INTO interacts VALUES(258337724517, 1, 'Xiaohu', 3108, 1384612, 1);
INSERT INTO interacts VALUES(258337724517, 1, 'Xiaohu', 2043, 1385795, 1);
INSERT INTO interacts VALUES(258337724517, 1, 'Xiaohu', 2043, 1386069, 1);
INSERT INTO interacts VALUES(258337724517, 1, 'Looper', 3151, 1389029, 1);
INSERT INTO interacts VALUES(258337724517, 1, 'Mata', 1028, 1468452, 1);
INSERT INTO interacts VALUES(258337724517, 1, 'Mata', 2043, 1468971, 1);
INSERT INTO interacts VALUES(258337724517, 1, 'Svenskeren', 3211, 1472959, 1);
INSERT INTO interacts VALUES(258337724517, 1, 'Looper', 1052, 1501516, 1);
INSERT INTO interacts VALUES(258337724517, 1, 'Looper', 2043, 1502034, 1);
INSERT INTO interacts VALUES(258337724517, 1, 'Biofrost', 3801, 1505093, 1);
INSERT INTO interacts VALUES(258337724517, 1, 'Biofrost', 3364, 1506133, 1);
INSERT INTO interacts VALUES(258337724517, 1, 'Doublelift', 1042, 1510484, 1);
INSERT INTO interacts VALUES(258337724517, 1, 'Doublelift', 1051, 1511182, 1);
INSERT INTO interacts VALUES(258337724517, 1, 'Hauntzer', 3191, 1514058, 1);
INSERT INTO interacts VALUES(258337724517, 1, 'Mlxg', 3067, 1517207, 1);
INSERT INTO interacts VALUES(258337724517, 1, 'Mlxg', 2043, 1517988, 1);
INSERT INTO interacts VALUES(258337724517, 1, 'Mlxg', 2043, 1518113, 1);
INSERT INTO interacts VALUES(258337724517, 1, 'Uzi', 3031, 1533889, 1);
INSERT INTO interacts VALUES(258337724517, 1, 'Uzi', 2043, 1534759, 1);
INSERT INTO interacts VALUES(258337724517, 1, 'Looper', 3108, 1583662, 1);
INSERT INTO interacts VALUES(258337724517, 1, 'Looper', 2043, 1584217, 1);
INSERT INTO interacts VALUES(258337724517, 1, 'Bjergsen', 3135, 1590716, 1);
INSERT INTO interacts VALUES(258337724517, 1, 'Bjergsen', 3363, 1591558, 1);
INSERT INTO interacts VALUES(258337724517, 1, 'Doublelift', 3086, 1592486, 1);
INSERT INTO interacts VALUES(258337724517, 1, 'Doublelift', 2043, 1592791, 1);
INSERT INTO interacts VALUES(258337724517, 1, 'Mata', 3190, 1616909, 1);
INSERT INTO interacts VALUES(258337724517, 1, 'Xiaohu', 3363, 1643335, 1);
INSERT INTO interacts VALUES(258337724517, 1, 'Xiaohu', 3157, 1648469, 1);
INSERT INTO interacts VALUES(258337724517, 1, 'Mlxg', 3065, 1767779, 1);
INSERT INTO interacts VALUES(258337724517, 1, 'Mlxg', 1029, 1769244, 1);
INSERT INTO interacts VALUES(258337724517, 1, 'Mata', 2043, 1769926, 1);
INSERT INTO interacts VALUES(258337724517, 1, 'Mlxg', 2043, 1770527, 1);
INSERT INTO interacts VALUES(258337724517, 1, 'Mlxg', 2043, 1770641, 1);
INSERT INTO interacts VALUES(258337724517, 1, 'Uzi', 3155, 1771225, 1);
INSERT INTO interacts VALUES(258337724517, 1, 'Biofrost', 3190, 1772555, 1);
INSERT INTO interacts VALUES(258337724517, 1, 'Mata', 1033, 1772555, 1);
INSERT INTO interacts VALUES(258337724517, 1, 'Bjergsen', 1056, 1775202, 0);
INSERT INTO interacts VALUES(258337724517, 1, 'Hauntzer', 3157, 1775838, 1);
INSERT INTO interacts VALUES(258337724517, 1, 'Bjergsen', 3108, 1776261, 1);
INSERT INTO interacts VALUES(258337724517, 1, 'Bjergsen', 1056, 1777232, 0);
INSERT INTO interacts VALUES(258337724517, 1, 'Bjergsen', 2043, 1778206, 1);
INSERT INTO interacts VALUES(258337724517, 1, 'Svenskeren', 3065, 1793132, 1);
INSERT INTO interacts VALUES(258337724517, 1, 'Doublelift', 3094, 1794186, 1);
INSERT INTO interacts VALUES(258337724517, 1, 'Doublelift', 2043, 1794778, 1);
INSERT INTO interacts VALUES(258337724517, 1, 'Svenskeren', 1028, 1796531, 1);
INSERT INTO interacts VALUES(258337724517, 1, 'Xiaohu', 1026, 1797310, 1);
INSERT INTO interacts VALUES(258337724517, 1, 'Xiaohu', 1056, 1798378, 0);
INSERT INTO interacts VALUES(258337724517, 1, 'Xiaohu', 2043, 1800049, 1);
INSERT INTO interacts VALUES(258337724517, 1, 'Xiaohu', 2043, 1800320, 1);
INSERT INTO interacts VALUES(258337724517, 1, 'Looper', 3157, 1852378, 1);
INSERT INTO interacts VALUES(258337724517, 1, 'Looper', 2043, 1852996, 1);
INSERT INTO interacts VALUES(258337724517, 1, 'Mlxg', 1031, 1870221, 1);
INSERT INTO interacts VALUES(258337724517, 1, 'Hauntzer', 1055, 1934421, 0);
INSERT INTO interacts VALUES(258337724517, 1, 'Hauntzer', 1058, 1935590, 1);
INSERT INTO interacts VALUES(258337724517, 1, 'Looper', 1054, 1956257, 0);
INSERT INTO interacts VALUES(258337724517, 1, 'Looper', 1026, 1957189, 1);
INSERT INTO interacts VALUES(258337724517, 1, 'Mata', 3028, 1957978, 1);
INSERT INTO interacts VALUES(258337724517, 1, 'Looper', 2043, 1959024, 1);
INSERT INTO interacts VALUES(258337724517, 1, 'Mata', 2043, 1959525, 1);
INSERT INTO interacts VALUES(258337724517, 1, 'Mata', 2043, 1959637, 1);
INSERT INTO interacts VALUES(258337724517, 1, 'Uzi', 3156, 1960583, 1);
INSERT INTO interacts VALUES(258337724517, 1, 'Biofrost', 3028, 1964841, 1);
INSERT INTO interacts VALUES(258337724517, 1, 'Svenskeren', 1057, 1976379, 1);
INSERT INTO interacts VALUES(258337724517, 1, 'Bjergsen', 3157, 1983936, 1);
INSERT INTO interacts VALUES(258337724517, 1, 'Doublelift', 1038, 2004812, 1);
INSERT INTO interacts VALUES(258337724517, 1, 'Hauntzer', 2139, 2062118, 1);
INSERT INTO interacts VALUES(258337724517, 1, 'Biofrost', 2043, 2110315, 1);
INSERT INTO interacts VALUES(258337724517, 1, 'Xiaohu', 3135, 2112169, 1);
INSERT INTO interacts VALUES(258337724517, 1, 'Xiaohu', 2043, 2114525, 1);
INSERT INTO interacts VALUES(258337724517, 1, 'Xiaohu', 2043, 2114750, 1);
INSERT INTO interacts VALUES(258337724517, 1, 'Uzi', 3094, 2118775, 1);
INSERT INTO interacts VALUES(258337724517, 1, 'Mata', 3222, 2119033, 1);
INSERT INTO interacts VALUES(258337724517, 1, 'Uzi', 1055, 2120022, 0);
INSERT INTO interacts VALUES(258337724517, 1, 'Uzi', 1053, 2122049, 1);
INSERT INTO interacts VALUES(258337724517, 1, 'Mlxg', 3026, 2123515, 1);
INSERT INTO interacts VALUES(258337724517, 1, 'Mlxg', 2043, 2124620, 0);
INSERT INTO interacts VALUES(258337724517, 1, 'Mlxg', 1011, 2126080, 1);
INSERT INTO interacts VALUES(258337724517, 1, 'Biofrost', 2043, 2145645, 1);
INSERT INTO interacts VALUES(258337724517, 1, 'Bjergsen', 1058, 2178335, 1);
INSERT INTO teams VALUES('C9', 'NA', 'Cloud9');
INSERT INTO participates VALUES('world_championship_2016', 'C9', 'UNKNOWN');
INSERT INTO series VALUES(585002082478, '5');
INSERT INTO organizes VALUES('world_championship_2016', 585002082478, 'elimination - R1M3');
INSERT INTO competes VALUES(585002082478, 'C9', 1);
INSERT INTO competes VALUES(585002082478, 'SSG', 0);
INSERT INTO matches VALUES(585002082478, 1, '2016-10-13');
INSERT INTO scores VALUES('C9', 585002082478, 1, 2, 11, 1, 1, 3, 1);
INSERT INTO scores VALUES('SSG', 585002082478, 1, 0, 0, 0, 0, 0, 0);
INSERT INTO bans VALUES(585002082478, 1, 13, 1);
INSERT INTO bans VALUES(585002082478, 1, 134, 3);
INSERT INTO bans VALUES(585002082478, 1, 85, 5);
INSERT INTO bans VALUES(585002082478, 1, 223, 2);
INSERT INTO bans VALUES(585002082478, 1, 112, 4);
INSERT INTO bans VALUES(585002082478, 1, 76, 6);
INSERT INTO plays VALUES(585002082478, 1, 'CuVee', 245, 'top', 8, 2, 4, 17466, 10, 3, 215, 0, 1, 12873);
INSERT INTO plays VALUES(585002082478, 1, 'Ambition', 2, 'jungle', 3, 1, 6, 9205, 20, 10, 31, 90, 14, 11384);
INSERT INTO plays VALUES(585002082478, 1, 'Crown', 69, 'mid', 4, 2, 5, 18240, 15, 6, 231, 8, 7, 12559);
INSERT INTO plays VALUES(585002082478, 1, 'Ruler', 202, 'adc', 5, 1, 7, 17146, 11, 5, 226, 6, 0, 12659);
INSERT INTO players VALUES('CoreJJ', date('1970-01-01'));
INSERT INTO registers VALUES('CoreJJ', 'C9', date('1970-01-01'), 'NULL');
INSERT INTO plays VALUES(585002082478, 1, 'CoreJJ', 43, 'support', 0, 0, 10, 9337, 41, 16, 24, 0, 1, 9157);
INSERT INTO players VALUES('Impact', date('1970-01-01'));
INSERT INTO registers VALUES('Impact', 'SSG', date('1970-01-01'), 'NULL');
INSERT INTO plays VALUES(585002082478, 1, 'Impact', 68, 'top', 2, 5, 1, 13777, 14, 2, 213, 10, 0, 9481);
INSERT INTO players VALUES('Meteos', date('1970-01-01'));
INSERT INTO registers VALUES('Meteos', 'SSG', date('1970-01-01'), 'NULL');
INSERT INTO plays VALUES(585002082478, 1, 'Meteos', 421, 'jungle', 1, 2, 1, 5088, 20, 13, 26, 95, 8, 8891);
INSERT INTO players VALUES('Jensen', date('1970-01-01'));
INSERT INTO registers VALUES('Jensen', 'SSG', date('1970-01-01'), 'NULL');
INSERT INTO plays VALUES(585002082478, 1, 'Jensen', 61, 'mid', 3, 2, 1, 13317, 11, 7, 250, 3, 0, 10366);
INSERT INTO players VALUES('Sneaky', date('1970-01-01'));
INSERT INTO registers VALUES('Sneaky', 'SSG', date('1970-01-01'), 'NULL');
INSERT INTO plays VALUES(585002082478, 1, 'Sneaky', 51, 'adc', 0, 6, 1, 11193, 10, 4, 204, 0, 0, 8525);
INSERT INTO players VALUES('Smoothie', date('1970-01-01'));
INSERT INTO registers VALUES('Smoothie', 'SSG', date('1970-01-01'), 'NULL');
INSERT INTO plays VALUES(585002082478, 1, 'Smoothie', 12, 'support', 0, 5, 2, 2487, 35, 4, 18, 0, 0, 5735);
INSERT INTO interacts VALUES(585002082478, 1, 'Sneaky', 3340, 1329, 1);
INSERT INTO interacts VALUES(585002082478, 1, 'Smoothie', 3302, 1523, 1);
INSERT INTO interacts VALUES(585002082478, 1, 'Impact', 3340, 1821, 1);
INSERT INTO interacts VALUES(585002082478, 1, 'Jensen', 3340, 1848, 1);
INSERT INTO interacts VALUES(585002082478, 1, 'Smoothie', 3340, 1977, 1);
INSERT INTO interacts VALUES(585002082478, 1, 'Meteos', 3340, 1977, 1);
INSERT INTO interacts VALUES(585002082478, 1, 'Sneaky', 1055, 2042, 1);
INSERT INTO interacts VALUES(585002082478, 1, 'Impact', 2003, 2081, 1);
INSERT INTO interacts VALUES(585002082478, 1, 'Sneaky', 2010, 2302, 1);
INSERT INTO interacts VALUES(585002082478, 1, 'Smoothie', 2010, 2431, 1);
INSERT INTO interacts VALUES(585002082478, 1, 'Meteos', 1041, 2431, 1);
INSERT INTO interacts VALUES(585002082478, 1, 'Ruler', 1055, 2464, 1);
INSERT INTO interacts VALUES(585002082478, 1, 'Impact', 1054, 2527, 1);
INSERT INTO interacts VALUES(585002082478, 1, 'Smoothie', 2010, 2560, 1);
INSERT INTO interacts VALUES(585002082478, 1, 'Jensen', 1056, 2560, 1);
INSERT INTO interacts VALUES(585002082478, 1, 'Meteos', 2031, 2656, 1);
INSERT INTO interacts VALUES(585002082478, 1, 'Smoothie', 2010, 2690, 1);
INSERT INTO interacts VALUES(585002082478, 1, 'CoreJJ', 3303, 2755, 1);
INSERT INTO interacts VALUES(585002082478, 1, 'Ruler', 2003, 2755, 1);
INSERT INTO interacts VALUES(585002082478, 1, 'CoreJJ', 2010, 2916, 1);
INSERT INTO interacts VALUES(585002082478, 1, 'CoreJJ', 2010, 3045, 1);
INSERT INTO interacts VALUES(585002082478, 1, 'CoreJJ', 2010, 3174, 1);
INSERT INTO interacts VALUES(585002082478, 1, 'Ruler', 3340, 3240, 1);
INSERT INTO interacts VALUES(585002082478, 1, 'CoreJJ', 3340, 3435, 1);
INSERT INTO interacts VALUES(585002082478, 1, 'Ambition', 1039, 4114, 1);
INSERT INTO interacts VALUES(585002082478, 1, 'Jensen', 2010, 4277, 1);
INSERT INTO interacts VALUES(585002082478, 1, 'Jensen', 2010, 4414, 1);
INSERT INTO interacts VALUES(585002082478, 1, 'Crown', 2003, 4600, 1);
INSERT INTO interacts VALUES(585002082478, 1, 'Crown', 2003, 4730, 1);
INSERT INTO interacts VALUES(585002082478, 1, 'CuVee', 2033, 4931, 1);
INSERT INTO interacts VALUES(585002082478, 1, 'Crown', 1056, 4957, 1);
INSERT INTO interacts VALUES(585002082478, 1, 'Ambition', 2031, 5086, 1);
INSERT INTO interacts VALUES(585002082478, 1, 'Crown', 3340, 5281, 1);
INSERT INTO interacts VALUES(585002082478, 1, 'CuVee', 3340, 5604, 1);
INSERT INTO interacts VALUES(585002082478, 1, 'CuVee', 1082, 266244, 1);
INSERT INTO interacts VALUES(585002082478, 1, 'CuVee', 1001, 268844, 1);
INSERT INTO interacts VALUES(585002082478, 1, 'Ambition', 3158, 275023, 1);
INSERT INTO interacts VALUES(585002082478, 1, 'Ambition', 2032, 278835, 1);
INSERT INTO interacts VALUES(585002082478, 1, 'Jensen', 3802, 303348, 1);
INSERT INTO interacts VALUES(585002082478, 1, 'Jensen', 2043, 303921, 1);
INSERT INTO interacts VALUES(585002082478, 1, 'Jensen', 2010, 304185, 1);
INSERT INTO interacts VALUES(585002082478, 1, 'Impact', 1052, 306622, 1);
INSERT INTO interacts VALUES(585002082478, 1, 'Impact', 1028, 307010, 1);
INSERT INTO interacts VALUES(585002082478, 1, 'Impact', 2043, 308341, 1);
INSERT INTO interacts VALUES(585002082478, 1, 'Impact', 2003, 311142, 1);
INSERT INTO interacts VALUES(585002082478, 1, 'Meteos', 3751, 316095, 1);
INSERT INTO interacts VALUES(585002082478, 1, 'Meteos', 2043, 316546, 1);
INSERT INTO interacts VALUES(585002082478, 1, 'Ruler', 3134, 319503, 1);
INSERT INTO interacts VALUES(585002082478, 1, 'Ruler', 2043, 320863, 1);
INSERT INTO interacts VALUES(585002082478, 1, 'Crown', 3070, 329183, 1);
INSERT INTO interacts VALUES(585002082478, 1, 'Crown', 1033, 330902, 1);
INSERT INTO interacts VALUES(585002082478, 1, 'Crown', 2043, 331547, 1);
INSERT INTO interacts VALUES(585002082478, 1, 'Sneaky', 1038, 341617, 1);
INSERT INTO interacts VALUES(585002082478, 1, 'CoreJJ', 2049, 355163, 1);
INSERT INTO interacts VALUES(585002082478, 1, 'CoreJJ', 3341, 356914, 1);
INSERT INTO interacts VALUES(585002082478, 1, 'CoreJJ', 2043, 358210, 1);
INSERT INTO interacts VALUES(585002082478, 1, 'Smoothie', 1028, 379408, 1);
INSERT INTO interacts VALUES(585002082478, 1, 'Smoothie', 2043, 379925, 1);
INSERT INTO interacts VALUES(585002082478, 1, 'Smoothie', 2010, 380187, 1);
INSERT INTO interacts VALUES(585002082478, 1, 'CuVee', 1056, 412646, 1);
INSERT INTO interacts VALUES(585002082478, 1, 'CuVee', 1033, 414181, 1);
INSERT INTO interacts VALUES(585002082478, 1, 'Crown', 3802, 460323, 1);
INSERT INTO interacts VALUES(585002082478, 1, 'Crown', 2043, 461945, 1);
INSERT INTO interacts VALUES(585002082478, 1, 'Impact', 3136, 465676, 1);
INSERT INTO interacts VALUES(585002082478, 1, 'Impact', 1001, 466940, 1);
INSERT INTO interacts VALUES(585002082478, 1, 'Jensen', 3108, 475080, 1);
INSERT INTO interacts VALUES(585002082478, 1, 'Jensen', 2010, 477111, 1);
INSERT INTO interacts VALUES(585002082478, 1, 'CuVee', 3111, 489861, 1);
INSERT INTO interacts VALUES(585002082478, 1, 'CuVee', 2043, 490577, 1);
INSERT INTO interacts VALUES(585002082478, 1, 'Ambition', 3751, 502383, 1);
INSERT INTO interacts VALUES(585002082478, 1, 'Ambition', 2043, 502818, 1);
INSERT INTO interacts VALUES(585002082478, 1, 'Smoothie', 2049, 506353, 1);
INSERT INTO interacts VALUES(585002082478, 1, 'Smoothie', 3341, 506876, 1);
INSERT INTO interacts VALUES(585002082478, 1, 'Smoothie', 2010, 508500, 1);
INSERT INTO interacts VALUES(585002082478, 1, 'Smoothie', 2043, 509054, 1);
INSERT INTO interacts VALUES(585002082478, 1, 'CoreJJ', 1001, 518257, 1);
INSERT INTO interacts VALUES(585002082478, 1, 'CoreJJ', 2010, 518516, 1);
INSERT INTO interacts VALUES(585002082478, 1, 'CoreJJ', 2043, 518760, 1);
INSERT INTO interacts VALUES(585002082478, 1, 'Ruler', 3133, 520322, 1);
INSERT INTO interacts VALUES(585002082478, 1, 'Sneaky', 3006, 552858, 1);
INSERT INTO interacts VALUES(585002082478, 1, 'Meteos', 1413, 553800, 1);
INSERT INTO interacts VALUES(585002082478, 1, 'Sneaky', 2010, 553898, 1);
INSERT INTO interacts VALUES(585002082478, 1, 'Meteos', 2043, 554159, 1);
INSERT INTO interacts VALUES(585002082478, 1, 'Sneaky', 2043, 558057, 1);
INSERT INTO interacts VALUES(585002082478, 1, 'Sneaky', 1042, 646045, 1);
INSERT INTO interacts VALUES(585002082478, 1, 'Sneaky', 2010, 647255, 1);
INSERT INTO interacts VALUES(585002082478, 1, 'Sneaky', 2010, 647386, 1);
INSERT INTO interacts VALUES(585002082478, 1, 'Smoothie', 1001, 677911, 1);
INSERT INTO interacts VALUES(585002082478, 1, 'Smoothie', 2010, 678255, 1);
INSERT INTO interacts VALUES(585002082478, 1, 'Smoothie', 2010, 678400, 1);
INSERT INTO interacts VALUES(585002082478, 1, 'Ruler', 3142, 679046, 1);
INSERT INTO interacts VALUES(585002082478, 1, 'CoreJJ', 2010, 679290, 0);
INSERT INTO interacts VALUES(585002082478, 1, 'Crown', 3108, 681388, 1);
INSERT INTO interacts VALUES(585002082478, 1, 'CoreJJ', 3158, 683206, 1);
INSERT INTO interacts VALUES(585002082478, 1, 'Crown', 3363, 684342, 1);
INSERT INTO interacts VALUES(585002082478, 1, 'Jensen', 3165, 685286, 1);
INSERT INTO interacts VALUES(585002082478, 1, 'Jensen', 1001, 686002, 1);
INSERT INTO interacts VALUES(585002082478, 1, 'Jensen', 2043, 686590, 1);
INSERT INTO interacts VALUES(585002082478, 1, 'Jensen', 3363, 688019, 1);
INSERT INTO interacts VALUES(585002082478, 1, 'Jensen', 2031, 689805, 1);
INSERT INTO interacts VALUES(585002082478, 1, 'Ambition', 1409, 721327, 1);
INSERT INTO interacts VALUES(585002082478, 1, 'Ambition', 2043, 722303, 1);
INSERT INTO interacts VALUES(585002082478, 1, 'Ambition', 3364, 722596, 1);
INSERT INTO interacts VALUES(585002082478, 1, 'CuVee', 3211, 726512, 1);
INSERT INTO interacts VALUES(585002082478, 1, 'CuVee', 2043, 727453, 1);
INSERT INTO interacts VALUES(585002082478, 1, 'Meteos', 2049, 727842, 1);
INSERT INTO interacts VALUES(585002082478, 1, 'Meteos', 2043, 728200, 1);
INSERT INTO interacts VALUES(585002082478, 1, 'Meteos', 3341, 728525, 1);
INSERT INTO interacts VALUES(585002082478, 1, 'Impact', 3151, 752428, 1);
INSERT INTO interacts VALUES(585002082478, 1, 'Impact', 2043, 753534, 1);
INSERT INTO interacts VALUES(585002082478, 1, 'Impact', 2031, 754025, 1);
INSERT INTO interacts VALUES(585002082478, 1, 'Sneaky', 3086, 863829, 1);
INSERT INTO interacts VALUES(585002082478, 1, 'Sneaky', 3363, 864803, 1);
INSERT INTO interacts VALUES(585002082478, 1, 'Sneaky', 2010, 865393, 1);
INSERT INTO interacts VALUES(585002082478, 1, 'Sneaky', 2043, 866352, 1);
INSERT INTO interacts VALUES(585002082478, 1, 'Smoothie', 3117, 868777, 1);
INSERT INTO interacts VALUES(585002082478, 1, 'Smoothie', 2043, 869329, 1);
INSERT INTO interacts VALUES(585002082478, 1, 'Smoothie', 2010, 869525, 1);
INSERT INTO interacts VALUES(585002082478, 1, 'Smoothie', 2010, 869686, 1);
INSERT INTO interacts VALUES(585002082478, 1, 'CoreJJ', 3098, 876385, 1);
INSERT INTO interacts VALUES(585002082478, 1, 'CoreJJ', 2043, 877102, 1);
INSERT INTO interacts VALUES(585002082478, 1, 'CoreJJ', 2043, 877236, 1);
INSERT INTO interacts VALUES(585002082478, 1, 'CoreJJ', 2010, 877461, 1);
INSERT INTO interacts VALUES(585002082478, 1, 'Ruler', 3134, 880837, 1);
INSERT INTO interacts VALUES(585002082478, 1, 'Ruler', 2043, 881487, 1);
INSERT INTO interacts VALUES(585002082478, 1, 'Ruler', 2003, 882170, 1);
INSERT INTO interacts VALUES(585002082478, 1, 'Ruler', 3363, 883696, 1);
INSERT INTO interacts VALUES(585002082478, 1, 'Impact', 1052, 901671, 1);
INSERT INTO interacts VALUES(585002082478, 1, 'Ambition', 3211, 906269, 1);
INSERT INTO interacts VALUES(585002082478, 1, 'CuVee', 2043, 906932, 0);
INSERT INTO interacts VALUES(585002082478, 1, 'CuVee', 3057, 908460, 1);
INSERT INTO interacts VALUES(585002082478, 1, 'Meteos', 3047, 918233, 1);
INSERT INTO interacts VALUES(585002082478, 1, 'Meteos', 2043, 918668, 1);
INSERT INTO interacts VALUES(585002082478, 1, 'Meteos', 3364, 918928, 1);
INSERT INTO interacts VALUES(585002082478, 1, 'Sneaky', 2010, 943647, 0);
INSERT INTO interacts VALUES(585002082478, 1, 'Sneaky', 1042, 944770, 1);
INSERT INTO interacts VALUES(585002082478, 1, 'Jensen', 3020, 988383, 1);
INSERT INTO interacts VALUES(585002082478, 1, 'Smoothie', 2043, 988933, 1);
INSERT INTO interacts VALUES(585002082478, 1, 'Smoothie', 2043, 989078, 1);
INSERT INTO interacts VALUES(585002082478, 1, 'Jensen', 1056, 990664, 0);
INSERT INTO interacts VALUES(585002082478, 1, 'Jensen', 1058, 992217, 1);
INSERT INTO interacts VALUES(585002082478, 1, 'Jensen', 2043, 992680, 1);
INSERT INTO interacts VALUES(585002082478, 1, 'CoreJJ', 2301, 1001225, 1);
INSERT INTO interacts VALUES(585002082478, 1, 'CoreJJ', 1004, 1002299, 1);
INSERT INTO interacts VALUES(585002082478, 1, 'CoreJJ', 1004, 1002463, 1);
INSERT INTO interacts VALUES(585002082478, 1, 'CoreJJ', 2043, 1003124, 1);
INSERT INTO interacts VALUES(585002082478, 1, 'CoreJJ', 2010, 1003274, 1);
INSERT INTO interacts VALUES(585002082478, 1, 'CoreJJ', 2010, 1003401, 1);
INSERT INTO interacts VALUES(585002082478, 1, 'Ruler', 1038, 1004685, 1);
INSERT INTO interacts VALUES(585002082478, 1, 'Ambition', 1028, 1008207, 1);
INSERT INTO interacts VALUES(585002082478, 1, 'Crown', 3001, 1014756, 1);
INSERT INTO interacts VALUES(585002082478, 1, 'Crown', 3108, 1016643, 1);
INSERT INTO interacts VALUES(585002082478, 1, 'Crown', 2003, 1018759, 1);
INSERT INTO interacts VALUES(585002082478, 1, 'Sneaky', 3085, 1111246, 1);
INSERT INTO interacts VALUES(585002082478, 1, 'Sneaky', 2010, 1112091, 1);
INSERT INTO interacts VALUES(585002082478, 1, 'Jensen', 1052, 1116680, 1);
INSERT INTO interacts VALUES(585002082478, 1, 'Jensen', 2043, 1117618, 1);
INSERT INTO interacts VALUES(585002082478, 1, 'Meteos', 1057, 1140650, 1);
INSERT INTO interacts VALUES(585002082478, 1, 'Meteos', 2043, 1141231, 1);
INSERT INTO interacts VALUES(585002082478, 1, 'CoreJJ', 3114, 1143505, 1);
INSERT INTO interacts VALUES(585002082478, 1, 'CoreJJ', 1028, 1144543, 1);
INSERT INTO interacts VALUES(585002082478, 1, 'Smoothie', 1028, 1147139, 1);
INSERT INTO interacts VALUES(585002082478, 1, 'Smoothie', 2043, 1148985, 1);
INSERT INTO interacts VALUES(585002082478, 1, 'Ruler', 3147, 1149503, 1);
INSERT INTO interacts VALUES(585002082478, 1, 'CoreJJ', 2043, 1150251, 1);
INSERT INTO interacts VALUES(585002082478, 1, 'Ruler', 1001, 1151357, 1);
INSERT INTO interacts VALUES(585002082478, 1, 'Ruler', 2043, 1152100, 1);
INSERT INTO interacts VALUES(585002082478, 1, 'Ambition', 3065, 1152624, 1);
INSERT INTO interacts VALUES(585002082478, 1, 'Crown', 3165, 1166032, 1);
INSERT INTO interacts VALUES(585002082478, 1, 'Crown', 2043, 1167004, 1);
INSERT INTO interacts VALUES(585002082478, 1, 'Crown', 2043, 1167169, 1);
INSERT INTO interacts VALUES(585002082478, 1, 'CuVee', 3078, 1199524, 1);
INSERT INTO interacts VALUES(585002082478, 1, 'Impact', 3020, 1216933, 1);
INSERT INTO interacts VALUES(585002082478, 1, 'Impact', 1026, 1218317, 1);
INSERT INTO interacts VALUES(585002082478, 1, 'Jensen', 1028, 1225345, 1);
INSERT INTO interacts VALUES(585002082478, 1, 'Smoothie', 2045, 1231766, 1);
INSERT INTO interacts VALUES(585002082478, 1, 'Smoothie', 2043, 1232430, 1);
INSERT INTO interacts VALUES(585002082478, 1, 'Sneaky', 2043, 1244520, 1);
INSERT INTO interacts VALUES(585002082478, 1, 'CoreJJ', 3067, 1247188, 1);
INSERT INTO interacts VALUES(585002082478, 1, 'CoreJJ', 3364, 1247809, 1);
INSERT INTO interacts VALUES(585002082478, 1, 'CoreJJ', 2043, 1248151, 1);
INSERT INTO interacts VALUES(585002082478, 1, 'CoreJJ', 2043, 1248262, 1);
INSERT INTO interacts VALUES(585002082478, 1, 'CuVee', 3041, 1251870, 1);
INSERT INTO interacts VALUES(585002082478, 1, 'Jensen', 2031, 1255118, 0);
INSERT INTO interacts VALUES(585002082478, 1, 'Jensen', 2043, 1255479, 1);
INSERT INTO interacts VALUES(585002082478, 1, 'Impact', 2031, 1256353, 0);
INSERT INTO interacts VALUES(585002082478, 1, 'Impact', 2043, 1257851, 1);
INSERT INTO interacts VALUES(585002082478, 1, 'Ruler', 3009, 1260208, 1);
INSERT INTO interacts VALUES(585002082478, 1, 'Ruler', 1036, 1260689, 1);
INSERT INTO interacts VALUES(585002082478, 1, 'Ambition', 1011, 1297972, 1);
INSERT INTO interacts VALUES(585002082478, 1, 'Ambition', 1029, 1298692, 1);
INSERT INTO interacts VALUES(585002082478, 1, 'CoreJJ', 3801, 1313858, 1);
INSERT INTO interacts VALUES(585002082478, 1, 'CuVee', 3041, 1350653, 0);
INSERT INTO interacts VALUES(585002082478, 1, 'CuVee', 3065, 1351760, 1);
INSERT INTO interacts VALUES(585002082478, 1, 'CuVee', 1029, 1367116, 1);
INSERT INTO interacts VALUES(585002082478, 1, 'Jensen', 3116, 1371478, 1);
INSERT INTO interacts VALUES(585002082478, 1, 'Crown', 3003, 1376419, 1);
INSERT INTO interacts VALUES(585002082478, 1, 'Ambition', 3082, 1376680, 1);
INSERT INTO interacts VALUES(585002082478, 1, 'Ruler', 3035, 1376729, 1);
INSERT INTO interacts VALUES(585002082478, 1, 'Crown', 1052, 1378211, 1);
INSERT INTO interacts VALUES(585002082478, 1, 'Crown', 2043, 1378893, 1);
INSERT INTO interacts VALUES(585002082478, 1, 'CuVee', 1031, 1390934, 1);
INSERT INTO interacts VALUES(585002082478, 1, 'Sneaky', 1037, 1419408, 1);
INSERT INTO interacts VALUES(585002082478, 1, 'Smoothie', 1028, 1433079, 1);
INSERT INTO interacts VALUES(585002082478, 1, 'Meteos', 3026, 1449527, 1);
INSERT INTO interacts VALUES(585002082478, 1, 'Meteos', 2043, 1449865, 1);
INSERT INTO interacts VALUES(585002082478, 1, 'Sneaky', 2043, 1479595, 0);
INSERT INTO interacts VALUES(585002082478, 1, 'Smoothie', 3364, 1479804, 1);
INSERT INTO interacts VALUES(585002082478, 1, 'Impact', 3135, 1484030, 1);
INSERT INTO interacts VALUES(585002082478, 1, 'Sneaky', 1018, 1485462, 1);
INSERT INTO interacts VALUES(585002082478, 1, 'Jensen', 1052, 1487831, 1);
INSERT INTO interacts VALUES(585002082478, 1, 'Ruler', 3036, 1528742, 1);
INSERT INTO interacts VALUES(585002082478, 1, 'Smoothie', 1033, 1531461, 1);
INSERT INTO interacts VALUES(585002082478, 1, 'Smoothie', 3801, 1531932, 1);
INSERT INTO interacts VALUES(585002082478, 1, 'Crown', 1058, 1539206, 1);
INSERT INTO interacts VALUES(585002082478, 1, 'Ruler', 1037, 1543821, 1);
INSERT INTO interacts VALUES(585002082478, 1, 'Meteos', 2045, 1550979, 1);
INSERT INTO interacts VALUES(585002082478, 1, 'CoreJJ', 3190, 1552861, 1);
INSERT INTO interacts VALUES(585002082478, 1, 'CoreJJ', 3114, 1555177, 1);
INSERT INTO interacts VALUES(585002082478, 1, 'CoreJJ', 3113, 1556428, 1);
INSERT INTO interacts VALUES(585002082478, 1, 'CuVee', 3742, 1560238, 1);
INSERT INTO interacts VALUES(585002082478, 1, 'CoreJJ', 2043, 1560238, 1);
INSERT INTO interacts VALUES(585002082478, 1, 'CoreJJ', 2043, 1560363, 1);
INSERT INTO interacts VALUES(585002082478, 1, 'Ruler', 1036, 1562563, 1);
INSERT INTO interacts VALUES(585002082478, 1, 'Ambition', 3143, 1564056, 1);
INSERT INTO interacts VALUES(585002082478, 1, 'CuVee', 3026, 1565641, 1);
INSERT INTO interacts VALUES(585002082478, 1, 'Smoothie', 3105, 1565937, 1);
INSERT INTO interacts VALUES(585002082478, 1, 'CuVee', 2139, 1568461, 1);
INSERT INTO interacts VALUES(585002082478, 1, 'Crown', 2139, 1569507, 1);
INSERT INTO interacts VALUES(585002082478, 1, 'Ambition', 1057, 1575843, 1);
INSERT INTO interacts VALUES(585002082478, 1, 'Impact', 3191, 1579775, 1);
INSERT INTO interacts VALUES(585002082478, 1, 'Sneaky', 3031, 1596734, 1);
INSERT INTO interacts VALUES(585002082478, 1, 'Impact', 2043, 1602529, 1);
INSERT INTO interacts VALUES(585002082478, 1, 'Jensen', 1026, 1610952, 1);
INSERT INTO interacts VALUES(585002082478, 1, 'Jensen', 2139, 1612707, 1);
INSERT INTO matches VALUES(585002082478, 2, '2016-10-13');
INSERT INTO scores VALUES('C9', 585002082478, 2, 0, 2, 0, 0, 2, 0);
INSERT INTO scores VALUES('SSG', 585002082478, 2, 1, 8, 0, 2, 2, 1);
INSERT INTO bans VALUES(585002082478, 2, 223, 1);
INSERT INTO bans VALUES(585002082478, 2, 112, 3);
INSERT INTO bans VALUES(585002082478, 2, 2, 5);
INSERT INTO bans VALUES(585002082478, 2, 76, 2);
INSERT INTO bans VALUES(585002082478, 2, 134, 4);
INSERT INTO bans VALUES(585002082478, 2, 13, 6);
INSERT INTO plays VALUES(585002082478, 2, 'Impact', 126, 'top', 0, 2, 1, 22636, 23, 5, 307, 4, 1, 12752);
INSERT INTO plays VALUES(585002082478, 2, 'Meteos', 421, 'jungle', 0, 3, 2, 6769, 27, 21, 24, 126, 18, 12352);
INSERT INTO plays VALUES(585002082478, 2, 'Jensen', 69, 'mid', 3, 2, 1, 13346, 16, 10, 354, 5, 5, 14308);
INSERT INTO plays VALUES(585002082478, 2, 'Sneaky', 202, 'adc', 1, 3, 3, 15512, 16, 7, 331, 3, 0, 13274);
INSERT INTO plays VALUES(585002082478, 2, 'Smoothie', 267, 'support', 0, 1, 4, 5185, 48, 14, 17, 0, 0, 8194);
INSERT INTO plays VALUES(585002082478, 2, 'CuVee', 85, 'top', 3, 1, 5, 17290, 17, 6, 273, 4, 4, 13997);
INSERT INTO plays VALUES(585002082478, 2, 'Ambition', 72, 'jungle', 0, 1, 7, 4934, 10, 21, 48, 123, 11, 14000);
INSERT INTO plays VALUES(585002082478, 2, 'Crown', 61, 'mid', 3, 2, 6, 13897, 20, 11, 333, 12, 5, 15684);
INSERT INTO plays VALUES(585002082478, 2, 'Ruler', 51, 'adc', 5, 0, 5, 26341, 11, 17, 368, 16, 6, 17847);
INSERT INTO plays VALUES(585002082478, 2, 'CoreJJ', 43, 'support', 0, 0, 10, 6778, 63, 23, 30, 0, 0, 10425);
INSERT INTO interacts VALUES(585002082478, 2, 'Sneaky', 3340, 1274, 1);
INSERT INTO interacts VALUES(585002082478, 2, 'Sneaky', 1055, 1600, 1);
INSERT INTO interacts VALUES(585002082478, 2, 'Smoothie', 3303, 1697, 1);
INSERT INTO interacts VALUES(585002082478, 2, 'Sneaky', 2010, 1860, 1);
INSERT INTO interacts VALUES(585002082478, 2, 'Impact', 2003, 1893, 1);
INSERT INTO interacts VALUES(585002082478, 2, 'Jensen', 3340, 1958, 1);
INSERT INTO interacts VALUES(585002082478, 2, 'Meteos', 3340, 1990, 1);
INSERT INTO interacts VALUES(585002082478, 2, 'Impact', 3340, 2119, 1);
INSERT INTO interacts VALUES(585002082478, 2, 'Smoothie', 3340, 2152, 1);
INSERT INTO interacts VALUES(585002082478, 2, 'Jensen', 1056, 2314, 1);
INSERT INTO interacts VALUES(585002082478, 2, 'Meteos', 1041, 2443, 1);
INSERT INTO interacts VALUES(585002082478, 2, 'Jensen', 2010, 2611, 1);
INSERT INTO interacts VALUES(585002082478, 2, 'Impact', 1055, 2611, 1);
INSERT INTO interacts VALUES(585002082478, 2, 'Smoothie', 2010, 2611, 1);
INSERT INTO interacts VALUES(585002082478, 2, 'Meteos', 2031, 2700, 1);
INSERT INTO interacts VALUES(585002082478, 2, 'Jensen', 2010, 2734, 1);
INSERT INTO interacts VALUES(585002082478, 2, 'Smoothie', 2010, 2766, 1);
INSERT INTO interacts VALUES(585002082478, 2, 'CuVee', 1055, 2766, 1);
INSERT INTO interacts VALUES(585002082478, 2, 'Ruler', 1055, 2829, 1);
INSERT INTO interacts VALUES(585002082478, 2, 'Smoothie', 2010, 2872, 1);
INSERT INTO interacts VALUES(585002082478, 2, 'CuVee', 2003, 2992, 1);
INSERT INTO interacts VALUES(585002082478, 2, 'CuVee', 3340, 3185, 1);
INSERT INTO interacts VALUES(585002082478, 2, 'CoreJJ', 3303, 3574, 1);
INSERT INTO interacts VALUES(585002082478, 2, 'Ruler', 2003, 3703, 1);
INSERT INTO interacts VALUES(585002082478, 2, 'CoreJJ', 2010, 3735, 1);
INSERT INTO interacts VALUES(585002082478, 2, 'CoreJJ', 2010, 3902, 1);
INSERT INTO interacts VALUES(585002082478, 2, 'CoreJJ', 2010, 4026, 1);
INSERT INTO interacts VALUES(585002082478, 2, 'Ruler', 3340, 4188, 1);
INSERT INTO interacts VALUES(585002082478, 2, 'CoreJJ', 3340, 4286, 1);
INSERT INTO interacts VALUES(585002082478, 2, 'Ambition', 1039, 5127, 1);
INSERT INTO interacts VALUES(585002082478, 2, 'Ambition', 2031, 5547, 1);
INSERT INTO interacts VALUES(585002082478, 2, 'Crown', 2010, 9143, 1);
INSERT INTO interacts VALUES(585002082478, 2, 'Crown', 2010, 9239, 1);
INSERT INTO interacts VALUES(585002082478, 2, 'Crown', 1056, 9529, 1);
INSERT INTO interacts VALUES(585002082478, 2, 'Crown', 3340, 9862, 1);
INSERT INTO interacts VALUES(585002082478, 2, 'Jensen', 1027, 220083, 1);
INSERT INTO interacts VALUES(585002082478, 2, 'Jensen', 2043, 223595, 1);
INSERT INTO interacts VALUES(585002082478, 2, 'Jensen', 2010, 223983, 1);
INSERT INTO interacts VALUES(585002082478, 2, 'Jensen', 2010, 224244, 1);
INSERT INTO interacts VALUES(585002082478, 2, 'Crown', 1056, 243509, 1);
INSERT INTO interacts VALUES(585002082478, 2, 'Crown', 2031, 245264, 1);
INSERT INTO interacts VALUES(585002082478, 2, 'Crown', 2043, 245591, 1);
INSERT INTO interacts VALUES(585002082478, 2, 'Jensen', 3070, 286227, 1);
INSERT INTO interacts VALUES(585002082478, 2, 'Ambition', 3751, 290766, 1);
INSERT INTO interacts VALUES(585002082478, 2, 'Meteos', 3077, 327026, 1);
INSERT INTO interacts VALUES(585002082478, 2, 'Meteos', 2043, 327414, 1);
INSERT INTO interacts VALUES(585002082478, 2, 'CoreJJ', 2049, 406174, 1);
INSERT INTO interacts VALUES(585002082478, 2, 'CoreJJ', 2043, 407372, 1);
INSERT INTO interacts VALUES(585002082478, 2, 'CoreJJ', 3341, 407830, 1);
INSERT INTO interacts VALUES(585002082478, 2, 'CuVee', 1055, 419921, 1);
INSERT INTO interacts VALUES(585002082478, 2, 'CuVee', 3145, 421444, 1);
INSERT INTO interacts VALUES(585002082478, 2, 'CuVee', 2003, 424170, 1);
INSERT INTO interacts VALUES(585002082478, 2, 'CuVee', 2003, 424622, 1);
INSERT INTO interacts VALUES(585002082478, 2, 'Jensen', 1057, 427091, 1);
INSERT INTO interacts VALUES(585002082478, 2, 'Jensen', 2043, 429866, 1);
INSERT INTO interacts VALUES(585002082478, 2, 'Smoothie', 2049, 432550, 1);
INSERT INTO interacts VALUES(585002082478, 2, 'Smoothie', 3341, 433199, 1);
INSERT INTO interacts VALUES(585002082478, 2, 'Smoothie', 2043, 433654, 1);
INSERT INTO interacts VALUES(585002082478, 2, 'Smoothie', 2010, 434203, 1);
INSERT INTO interacts VALUES(585002082478, 2, 'Impact', 3155, 434818, 1);
INSERT INTO interacts VALUES(585002082478, 2, 'Impact', 1036, 439013, 1);
INSERT INTO interacts VALUES(585002082478, 2, 'Impact', 2043, 439790, 1);
INSERT INTO interacts VALUES(585002082478, 2, 'Impact', 2031, 440310, 1);
INSERT INTO interacts VALUES(585002082478, 2, 'Sneaky', 3134, 442881, 1);
INSERT INTO interacts VALUES(585002082478, 2, 'Sneaky', 1036, 443763, 1);
INSERT INTO interacts VALUES(585002082478, 2, 'Sneaky', 1001, 445349, 1);
INSERT INTO interacts VALUES(585002082478, 2, 'Sneaky', 2010, 445834, 1);
INSERT INTO interacts VALUES(585002082478, 2, 'Sneaky', 2043, 446388, 1);
INSERT INTO interacts VALUES(585002082478, 2, 'Ruler', 1038, 462352, 1);
INSERT INTO interacts VALUES(585002082478, 2, 'Ruler', 1001, 462999, 1);
INSERT INTO interacts VALUES(585002082478, 2, 'CoreJJ', 2010, 465241, 1);
INSERT INTO interacts VALUES(585002082478, 2, 'Ruler', 1042, 465446, 1);
INSERT INTO interacts VALUES(585002082478, 2, 'CoreJJ', 2043, 465446, 1);
INSERT INTO interacts VALUES(585002082478, 2, 'Ruler', 2003, 465988, 1);
INSERT INTO interacts VALUES(585002082478, 2, 'Meteos', 3751, 528218, 1);
INSERT INTO interacts VALUES(585002082478, 2, 'Ambition', 1401, 529000, 1);
INSERT INTO interacts VALUES(585002082478, 2, 'Crown', 3802, 599808, 1);
INSERT INTO interacts VALUES(585002082478, 2, 'Crown', 3020, 601243, 1);
INSERT INTO interacts VALUES(585002082478, 2, 'Crown', 2043, 602383, 1);
INSERT INTO interacts VALUES(585002082478, 2, 'CuVee', 3020, 626337, 1);
INSERT INTO interacts VALUES(585002082478, 2, 'CuVee', 2043, 627237, 1);
INSERT INTO interacts VALUES(585002082478, 2, 'Impact', 3134, 637965, 1);
INSERT INTO interacts VALUES(585002082478, 2, 'Impact', 1001, 638808, 1);
INSERT INTO interacts VALUES(585002082478, 2, 'Sneaky', 3133, 645210, 1);
INSERT INTO interacts VALUES(585002082478, 2, 'Sneaky', 2010, 645957, 1);
INSERT INTO interacts VALUES(585002082478, 2, 'Sneaky', 2010, 646090, 1);
INSERT INTO interacts VALUES(585002082478, 2, 'Sneaky', 2043, 646736, 1);
INSERT INTO interacts VALUES(585002082478, 2, 'CoreJJ', 1001, 669140, 1);
INSERT INTO interacts VALUES(585002082478, 2, 'CoreJJ', 2010, 670018, 1);
INSERT INTO interacts VALUES(585002082478, 2, 'Ruler', 3006, 670018, 1);
INSERT INTO interacts VALUES(585002082478, 2, 'CoreJJ', 2043, 670244, 1);
INSERT INTO interacts VALUES(585002082478, 2, 'CoreJJ', 2043, 670374, 1);
INSERT INTO interacts VALUES(585002082478, 2, 'Ruler', 1042, 670929, 1);
INSERT INTO interacts VALUES(585002082478, 2, 'Ruler', 1042, 671062, 1);
INSERT INTO interacts VALUES(585002082478, 2, 'Ruler', 2003, 671807, 1);
INSERT INTO interacts VALUES(585002082478, 2, 'Ambition', 1028, 672810, 1);
INSERT INTO interacts VALUES(585002082478, 2, 'Ambition', 1001, 673689, 1);
INSERT INTO interacts VALUES(585002082478, 2, 'Ambition', 3341, 674730, 1);
INSERT INTO interacts VALUES(585002082478, 2, 'Ambition', 2043, 675091, 1);
INSERT INTO interacts VALUES(585002082478, 2, 'Smoothie', 1001, 682661, 1);
INSERT INTO interacts VALUES(585002082478, 2, 'Smoothie', 2043, 682855, 1);
INSERT INTO interacts VALUES(585002082478, 2, 'Smoothie', 2043, 683016, 1);
INSERT INTO interacts VALUES(585002082478, 2, 'Smoothie', 2010, 683355, 1);
INSERT INTO interacts VALUES(585002082478, 2, 'Smoothie', 2010, 683471, 1);
INSERT INTO interacts VALUES(585002082478, 2, 'CuVee', 1028, 736188, 1);
INSERT INTO interacts VALUES(585002082478, 2, 'CuVee', 2031, 737578, 1);
INSERT INTO interacts VALUES(585002082478, 2, 'Meteos', 3711, 740082, 1);
INSERT INTO interacts VALUES(585002082478, 2, 'Meteos', 1001, 740438, 1);
INSERT INTO interacts VALUES(585002082478, 2, 'Meteos', 2043, 740762, 1);
INSERT INTO interacts VALUES(585002082478, 2, 'Meteos', 3341, 741281, 1);
INSERT INTO interacts VALUES(585002082478, 2, 'Impact', 3111, 769816, 1);
INSERT INTO interacts VALUES(585002082478, 2, 'CuVee', 3067, 884063, 1);
INSERT INTO interacts VALUES(585002082478, 2, 'Jensen', 3001, 905620, 1);
INSERT INTO interacts VALUES(585002082478, 2, 'Impact', 3156, 906140, 1);
INSERT INTO interacts VALUES(585002082478, 2, 'Jensen', 1028, 909330, 1);
INSERT INTO interacts VALUES(585002082478, 2, 'Jensen', 1011, 910275, 1);
INSERT INTO interacts VALUES(585002082478, 2, 'Ambition', 1011, 915250, 1);
INSERT INTO interacts VALUES(585002082478, 2, 'Ambition', 2031, 917389, 0);
INSERT INTO interacts VALUES(585002082478, 2, 'Impact', 2043, 917713, 1);
INSERT INTO interacts VALUES(585002082478, 2, 'Ambition', 3111, 918947, 1);
INSERT INTO interacts VALUES(585002082478, 2, 'Ambition', 3364, 920929, 1);
INSERT INTO interacts VALUES(585002082478, 2, 'Crown', 3165, 928695, 1);
INSERT INTO interacts VALUES(585002082478, 2, 'Crown', 3363, 929639, 1);
INSERT INTO interacts VALUES(585002082478, 2, 'Crown', 2043, 929931, 1);
INSERT INTO interacts VALUES(585002082478, 2, 'Meteos', 1409, 948815, 1);
INSERT INTO interacts VALUES(585002082478, 2, 'Meteos', 1028, 952205, 1);
INSERT INTO interacts VALUES(585002082478, 2, 'Meteos', 2043, 952852, 1);
INSERT INTO interacts VALUES(585002082478, 2, 'Meteos', 3364, 953179, 1);
INSERT INTO interacts VALUES(585002082478, 2, 'Ruler', 3085, 1007022, 1);
INSERT INTO interacts VALUES(585002082478, 2, 'Ruler', 3363, 1007654, 1);
INSERT INTO interacts VALUES(585002082478, 2, 'CoreJJ', 3158, 1008112, 1);
INSERT INTO interacts VALUES(585002082478, 2, 'Ruler', 2043, 1008209, 1);
INSERT INTO interacts VALUES(585002082478, 2, 'CoreJJ', 3098, 1009798, 1);
INSERT INTO interacts VALUES(585002082478, 2, 'CoreJJ', 2043, 1010967, 1);
INSERT INTO interacts VALUES(585002082478, 2, 'CoreJJ', 1004, 1016810, 1);
INSERT INTO interacts VALUES(585002082478, 2, 'Sneaky', 3142, 1033225, 1);
INSERT INTO interacts VALUES(585002082478, 2, 'Sneaky', 1038, 1034001, 1);
INSERT INTO interacts VALUES(585002082478, 2, 'Smoothie', 3117, 1034263, 1);
INSERT INTO interacts VALUES(585002082478, 2, 'Sneaky', 3363, 1036258, 1);
INSERT INTO interacts VALUES(585002082478, 2, 'Smoothie', 2043, 1036391, 1);
INSERT INTO interacts VALUES(585002082478, 2, 'Smoothie', 2043, 1036549, 1);
INSERT INTO interacts VALUES(585002082478, 2, 'Smoothie', 2010, 1036742, 1);
INSERT INTO interacts VALUES(585002082478, 2, 'Smoothie', 2010, 1036873, 1);
INSERT INTO interacts VALUES(585002082478, 2, 'Jensen', 2043, 1050372, 1);
INSERT INTO interacts VALUES(585002082478, 2, 'Jensen', 3363, 1052120, 1);
INSERT INTO interacts VALUES(585002082478, 2, 'Jensen', 2010, 1053709, 0);
INSERT INTO interacts VALUES(585002082478, 2, 'Jensen', 2010, 1053839, 0);
INSERT INTO interacts VALUES(585002082478, 2, 'Jensen', 1052, 1056833, 1);
INSERT INTO interacts VALUES(585002082478, 2, 'Crown', 1058, 1082062, 1);
INSERT INTO interacts VALUES(585002082478, 2, 'Sneaky', 1036, 1100809, 1);
INSERT INTO interacts VALUES(585002082478, 2, 'Smoothie', 3364, 1109934, 1);
INSERT INTO interacts VALUES(585002082478, 2, 'Smoothie', 1028, 1110846, 1);
INSERT INTO interacts VALUES(585002082478, 2, 'Sneaky', 3009, 1119942, 1);
INSERT INTO interacts VALUES(585002082478, 2, 'Sneaky', 3009, 1123422, 1);
INSERT INTO interacts VALUES(585002082478, 2, 'Sneaky', 2010, 1124169, 1);
INSERT INTO interacts VALUES(585002082478, 2, 'CuVee', 3152, 1130812, 1);
INSERT INTO interacts VALUES(585002082478, 2, 'CuVee', 1026, 1132177, 1);
INSERT INTO interacts VALUES(585002082478, 2, 'Impact', 3044, 1142757, 1);
INSERT INTO interacts VALUES(585002082478, 2, 'Impact', 1036, 1143181, 1);
INSERT INTO interacts VALUES(585002082478, 2, 'Impact', 2031, 1144384, 0);
INSERT INTO interacts VALUES(585002082478, 2, 'Impact', 2043, 1145362, 1);
INSERT INTO interacts VALUES(585002082478, 2, 'CoreJJ', 2301, 1156701, 1);
INSERT INTO interacts VALUES(585002082478, 2, 'CoreJJ', 1028, 1158737, 1);
INSERT INTO interacts VALUES(585002082478, 2, 'CoreJJ', 3364, 1159418, 1);
INSERT INTO interacts VALUES(585002082478, 2, 'CoreJJ', 2010, 1159682, 1);
INSERT INTO interacts VALUES(585002082478, 2, 'Ruler', 1037, 1160557, 1);
INSERT INTO interacts VALUES(585002082478, 2, 'CoreJJ', 2043, 1165854, 1);
INSERT INTO interacts VALUES(585002082478, 2, 'Meteos', 3748, 1188536, 1);
INSERT INTO interacts VALUES(585002082478, 2, 'Crown', 2031, 1239639, 0);
INSERT INTO interacts VALUES(585002082478, 2, 'Crown', 1011, 1241798, 1);
INSERT INTO interacts VALUES(585002082478, 2, 'Jensen', 3116, 1266777, 1);
INSERT INTO interacts VALUES(585002082478, 2, 'Smoothie', 2045, 1267184, 1);
INSERT INTO interacts VALUES(585002082478, 2, 'Jensen', 2043, 1267301, 1);
INSERT INTO interacts VALUES(585002082478, 2, 'Smoothie', 1028, 1268461, 1);
INSERT INTO interacts VALUES(585002082478, 2, 'Smoothie', 2043, 1268987, 1);
INSERT INTO interacts VALUES(585002082478, 2, 'Smoothie', 2043, 1269132, 1);
INSERT INTO interacts VALUES(585002082478, 2, 'CoreJJ', 2043, 1279941, 1);
INSERT INTO interacts VALUES(585002082478, 2, 'CoreJJ', 2043, 1280072, 1);
INSERT INTO interacts VALUES(585002082478, 2, 'CoreJJ', 1004, 1280928, 1);
INSERT INTO interacts VALUES(585002082478, 2, 'Ambition', 3742, 1284666, 1);
INSERT INTO interacts VALUES(585002082478, 2, 'Ambition', 2043, 1285149, 1);
INSERT INTO interacts VALUES(585002082478, 2, 'Ruler', 3031, 1289375, 1);
INSERT INTO interacts VALUES(585002082478, 2, 'CuVee', 1055, 1290050, 0);
INSERT INTO interacts VALUES(585002082478, 2, 'CuVee', 3191, 1290796, 1);
INSERT INTO interacts VALUES(585002082478, 2, 'Impact', 3071, 1364639, 1);
INSERT INTO interacts VALUES(585002082478, 2, 'Impact', 2043, 1365517, 1);
INSERT INTO interacts VALUES(585002082478, 2, 'Meteos', 1031, 1369356, 1);
INSERT INTO interacts VALUES(585002082478, 2, 'Meteos', 2043, 1369972, 1);
INSERT INTO interacts VALUES(585002082478, 2, 'Ruler', 1042, 1447110, 1);
INSERT INTO interacts VALUES(585002082478, 2, 'Ruler', 1051, 1447337, 1);
INSERT INTO interacts VALUES(585002082478, 2, 'CoreJJ', 3114, 1449384, 1);
INSERT INTO interacts VALUES(585002082478, 2, 'CoreJJ', 2043, 1450415, 1);
INSERT INTO interacts VALUES(585002082478, 2, 'CoreJJ', 2043, 1452757, 1);
INSERT INTO interacts VALUES(585002082478, 2, 'Jensen', 3108, 1468644, 1);
INSERT INTO interacts VALUES(585002082478, 2, 'Jensen', 1052, 1468999, 1);
INSERT INTO interacts VALUES(585002082478, 2, 'Jensen', 1056, 1469975, 0);
INSERT INTO interacts VALUES(585002082478, 2, 'Jensen', 2043, 1471084, 1);
INSERT INTO interacts VALUES(585002082478, 2, 'Smoothie', 2043, 1473127, 1);
INSERT INTO interacts VALUES(585002082478, 2, 'Smoothie', 2043, 1473257, 1);
INSERT INTO interacts VALUES(585002082478, 2, 'Smoothie', 2010, 1474686, 0);
INSERT INTO interacts VALUES(585002082478, 2, 'Meteos', 2043, 1475076, 1);
INSERT INTO interacts VALUES(585002082478, 2, 'Smoothie', 1033, 1475567, 1);
INSERT INTO interacts VALUES(585002082478, 2, 'Smoothie', 3801, 1476023, 1);
INSERT INTO interacts VALUES(585002082478, 2, 'Sneaky', 3147, 1484317, 1);
INSERT INTO interacts VALUES(585002082478, 2, 'Sneaky', 2043, 1485014, 1);
INSERT INTO interacts VALUES(585002082478, 2, 'Crown', 3116, 1494752, 1);
INSERT INTO interacts VALUES(585002082478, 2, 'Crown', 1052, 1496115, 1);
INSERT INTO interacts VALUES(585002082478, 2, 'Crown', 1056, 1497894, 0);
INSERT INTO interacts VALUES(585002082478, 2, 'Crown', 2043, 1498934, 1);
INSERT INTO interacts VALUES(585002082478, 2, 'Crown', 2043, 1499048, 1);
INSERT INTO interacts VALUES(585002082478, 2, 'CuVee', 3135, 1574295, 1);
INSERT INTO interacts VALUES(585002082478, 2, 'Jensen', 3802, 1603607, 1);
INSERT INTO interacts VALUES(585002082478, 2, 'Jensen', 1052, 1604486, 1);
INSERT INTO interacts VALUES(585002082478, 2, 'Sneaky', 2010, 1606039, 0);
INSERT INTO interacts VALUES(585002082478, 2, 'Impact', 3134, 1606588, 1);
INSERT INTO interacts VALUES(585002082478, 2, 'Impact', 2043, 1607043, 1);
INSERT INTO interacts VALUES(585002082478, 2, 'Sneaky', 1033, 1607336, 1);
INSERT INTO interacts VALUES(585002082478, 2, 'Meteos', 3111, 1607661, 1);
INSERT INTO interacts VALUES(585002082478, 2, 'Meteos', 2043, 1608307, 1);
INSERT INTO interacts VALUES(585002082478, 2, 'Smoothie', 3105, 1613692, 1);
INSERT INTO interacts VALUES(585002082478, 2, 'Smoothie', 2043, 1614684, 1);
INSERT INTO interacts VALUES(585002082478, 2, 'Ambition', 3105, 1626137, 1);
INSERT INTO interacts VALUES(585002082478, 2, 'CuVee', 1055, 1627275, 0);
INSERT INTO interacts VALUES(585002082478, 2, 'Ambition', 1028, 1627308, 1);
INSERT INTO interacts VALUES(585002082478, 2, 'Ambition', 2043, 1627699, 1);
INSERT INTO interacts VALUES(585002082478, 2, 'Ambition', 2043, 1627957, 1);
INSERT INTO interacts VALUES(585002082478, 2, 'CuVee', 3108, 1628902, 1);
INSERT INTO interacts VALUES(585002082478, 2, 'CoreJJ', 3067, 1632708, 1);
INSERT INTO interacts VALUES(585002082478, 2, 'CoreJJ', 1052, 1635474, 1);
INSERT INTO interacts VALUES(585002082478, 2, 'CoreJJ', 2043, 1636448, 1);
INSERT INTO interacts VALUES(585002082478, 2, 'CoreJJ', 2043, 1636547, 1);
INSERT INTO interacts VALUES(585002082478, 2, 'Ruler', 3094, 1640809, 1);
INSERT INTO interacts VALUES(585002082478, 2, 'Crown', 3135, 1641381, 1);
INSERT INTO interacts VALUES(585002082478, 2, 'Ruler', 1036, 1641997, 1);
INSERT INTO interacts VALUES(585002082478, 2, 'Jensen', 3165, 1718302, 1);
INSERT INTO interacts VALUES(585002082478, 2, 'Ruler', 1055, 1760566, 0);
INSERT INTO interacts VALUES(585002082478, 2, 'CuVee', 3157, 1761246, 1);
INSERT INTO interacts VALUES(585002082478, 2, 'Ruler', 3140, 1761798, 1);
INSERT INTO interacts VALUES(585002082478, 2, 'CuVee', 1052, 1761926, 1);
INSERT INTO interacts VALUES(585002082478, 2, 'Ambition', 3190, 1763361, 1);
INSERT INTO interacts VALUES(585002082478, 2, 'Crown', 1026, 1763733, 1);
INSERT INTO interacts VALUES(585002082478, 2, 'CoreJJ', 3113, 1764773, 1);
INSERT INTO interacts VALUES(585002082478, 2, 'CoreJJ', 2043, 1765550, 1);
INSERT INTO interacts VALUES(585002082478, 2, 'Ambition', 1031, 1765894, 1);
INSERT INTO interacts VALUES(585002082478, 2, 'Ambition', 2043, 1766148, 1);
INSERT INTO interacts VALUES(585002082478, 2, 'Smoothie', 1028, 1769384, 1);
INSERT INTO interacts VALUES(585002082478, 2, 'Sneaky', 3155, 1774441, 1);
INSERT INTO interacts VALUES(585002082478, 2, 'CuVee', 2031, 1871322, 0);
INSERT INTO interacts VALUES(585002082478, 2, 'CuVee', 1058, 1871862, 1);
INSERT INTO interacts VALUES(585002082478, 2, 'Meteos', 2031, 1876535, 0);
INSERT INTO interacts VALUES(585002082478, 2, 'Crown', 1056, 1876701, 0);
INSERT INTO interacts VALUES(585002082478, 2, 'Meteos', 3026, 1877606, 1);
INSERT INTO interacts VALUES(585002082478, 2, 'Crown', 2043, 1879587, 1);
INSERT INTO interacts VALUES(585002082478, 2, 'Impact', 3133, 1880758, 1);
INSERT INTO interacts VALUES(585002082478, 2, 'CoreJJ', 3504, 1895458, 1);
INSERT INTO interacts VALUES(585002082478, 2, 'CoreJJ', 1028, 1896566, 1);
INSERT INTO interacts VALUES(585002082478, 2, 'Meteos', 2043, 1903399, 1);
INSERT INTO interacts VALUES(585002082478, 2, 'Smoothie', 3190, 1904826, 1);
INSERT INTO interacts VALUES(585002082478, 2, 'Impact', 3140, 1905086, 1);
INSERT INTO interacts VALUES(585002082478, 2, 'Smoothie', 2043, 1906029, 1);
INSERT INTO interacts VALUES(585002082478, 2, 'Ambition', 1057, 1909728, 1);
INSERT INTO interacts VALUES(585002082478, 2, 'Impact', 3133, 1920212, 1);
INSERT INTO interacts VALUES(585002082478, 2, 'Sneaky', 3134, 1924560, 1);
INSERT INTO interacts VALUES(585002082478, 2, 'Jensen', 1026, 1942865, 1);
INSERT INTO interacts VALUES(585002082478, 2, 'Jensen', 2043, 1943666, 1);
INSERT INTO interacts VALUES(585002082478, 2, 'Ruler', 3139, 1953465, 1);
INSERT INTO interacts VALUES(585002082478, 2, 'Ruler', 2043, 1954474, 1);
INSERT INTO interacts VALUES(585002082478, 2, 'CoreJJ', 2043, 1962204, 1);
INSERT INTO interacts VALUES(585002082478, 2, 'Crown', 1058, 1965247, 1);
INSERT INTO interacts VALUES(585002082478, 2, 'Sneaky', 3156, 2022533, 1);
INSERT INTO interacts VALUES(585002082478, 2, 'Sneaky', 2043, 2023908, 1);
INSERT INTO interacts VALUES(585002082478, 2, 'Jensen', 3135, 2050470, 1);
INSERT INTO interacts VALUES(585002082478, 2, 'Ruler', 1037, 2061929, 1);
INSERT INTO interacts VALUES(585002082478, 2, 'CoreJJ', 3067, 2063078, 1);
INSERT INTO interacts VALUES(585002082478, 2, 'CoreJJ', 2043, 2065761, 1);
INSERT INTO interacts VALUES(585002082478, 2, 'CoreJJ', 2043, 2065890, 1);
INSERT INTO interacts VALUES(585002082478, 2, 'CoreJJ', 3801, 2067740, 1);
INSERT INTO interacts VALUES(585002082478, 2, 'Smoothie', 2043, 2135083, 1);
INSERT INTO interacts VALUES(585002082478, 2, 'Smoothie', 2043, 2135226, 1);
INSERT INTO interacts VALUES(585002082478, 2, 'Smoothie', 3028, 2140066, 1);
INSERT INTO interacts VALUES(585002082478, 2, 'Impact', 3142, 2144182, 1);
INSERT INTO interacts VALUES(585002082478, 2, 'Impact', 2043, 2145609, 1);
INSERT INTO interacts VALUES(585002082478, 2, 'Ambition', 3026, 2156165, 1);
INSERT INTO interacts VALUES(585002082478, 2, 'Ambition', 2043, 2157397, 1);
INSERT INTO interacts VALUES(585002082478, 2, 'Ambition', 2043, 2157537, 1);
INSERT INTO interacts VALUES(585002082478, 2, 'Ruler', 3035, 2161747, 1);
INSERT INTO interacts VALUES(585002082478, 2, 'Meteos', 3082, 2161846, 1);
INSERT INTO interacts VALUES(585002082478, 2, 'Meteos', 2043, 2162301, 1);
INSERT INTO interacts VALUES(585002082478, 2, 'CoreJJ', 2043, 2167383, 1);
INSERT INTO interacts VALUES(585002082478, 2, 'Ruler', 2140, 2167821, 1);
INSERT INTO interacts VALUES(585002082478, 2, 'Sneaky', 3035, 2242123, 1);
INSERT INTO interacts VALUES(585002082478, 2, 'Impact', 1053, 2242319, 1);
INSERT INTO interacts VALUES(585002082478, 2, 'Impact', 1037, 2245541, 1);
INSERT INTO interacts VALUES(585002082478, 2, 'Meteos', 2043, 2254876, 0);
INSERT INTO interacts VALUES(585002082478, 2, 'Meteos', 1011, 2255749, 1);
INSERT INTO matches VALUES(585002082478, 3, '2016-10-13');
INSERT INTO scores VALUES('C9', 585002082478, 3, 4, 11, 0, 2, 3, 1);
INSERT INTO scores VALUES('SSG', 585002082478, 3, 0, 3, 0, 0, 0, 0);
INSERT INTO bans VALUES(585002082478, 3, 13, 1);
INSERT INTO bans VALUES(585002082478, 3, 134, 3);
INSERT INTO bans VALUES(585002082478, 3, 85, 5);
INSERT INTO bans VALUES(585002082478, 3, 112, 2);
INSERT INTO bans VALUES(585002082478, 3, 202, 4);
INSERT INTO bans VALUES(585002082478, 3, 76, 6);
INSERT INTO plays VALUES(585002082478, 3, 'CuVee', 78, 'top', 5, 2, 6, 22021, 19, 5, 275, 9, 3, 15932);
INSERT INTO plays VALUES(585002082478, 3, 'Ambition', 2, 'jungle', 4, 4, 8, 20227, 27, 19, 52, 79, 41, 15307);
INSERT INTO plays VALUES(585002082478, 3, 'Crown', 69, 'mid', 3, 1, 7, 25315, 24, 6, 303, 18, 5, 16511);
INSERT INTO plays VALUES(585002082478, 3, 'Ruler', 15, 'adc', 5, 3, 7, 36468, 11, 3, 364, 12, 17, 18559);
INSERT INTO plays VALUES(585002082478, 3, 'CoreJJ', 223, 'support', 5, 1, 13, 8938, 60, 16, 61, 1, 0, 13259);
INSERT INTO plays VALUES(585002082478, 3, 'Impact', 126, 'top', 4, 4, 2, 28757, 18, 4, 301, 7, 4, 14794);
INSERT INTO plays VALUES(585002082478, 3, 'Meteos', 154, 'jungle', 4, 4, 2, 24976, 15, 22, 51, 100, 10, 12991);
INSERT INTO plays VALUES(585002082478, 3, 'Jensen', 61, 'mid', 3, 2, 3, 31816, 18, 8, 387, 13, 3, 16377);
INSERT INTO plays VALUES(585002082478, 3, 'Sneaky', 51, 'adc', 0, 7, 6, 24908, 11, 14, 305, 3, 0, 13636);
INSERT INTO plays VALUES(585002082478, 3, 'Smoothie', 43, 'support', 0, 5, 6, 15524, 56, 13, 21, 0, 0, 10243);
INSERT INTO interacts VALUES(585002082478, 3, 'Sneaky', 3340, 1312, 1);
INSERT INTO interacts VALUES(585002082478, 3, 'Sneaky', 1055, 1597, 1);
INSERT INTO interacts VALUES(585002082478, 3, 'CuVee', 2033, 1760, 1);
INSERT INTO interacts VALUES(585002082478, 3, 'Sneaky', 2010, 1793, 1);
INSERT INTO interacts VALUES(585002082478, 3, 'Impact', 3340, 1922, 1);
INSERT INTO interacts VALUES(585002082478, 3, 'CuVee', 3340, 1922, 1);
INSERT INTO interacts VALUES(585002082478, 3, 'Smoothie', 3303, 1922, 1);
INSERT INTO interacts VALUES(585002082478, 3, 'Impact', 2003, 2148, 1);
INSERT INTO interacts VALUES(585002082478, 3, 'CoreJJ', 3302, 2213, 1);
INSERT INTO interacts VALUES(585002082478, 3, 'Meteos', 3340, 2278, 1);
INSERT INTO interacts VALUES(585002082478, 3, 'Smoothie', 3340, 2310, 1);
INSERT INTO interacts VALUES(585002082478, 3, 'Impact', 1055, 2406, 1);
INSERT INTO interacts VALUES(585002082478, 3, 'Crown', 2003, 2406, 1);
INSERT INTO interacts VALUES(585002082478, 3, 'Jensen', 3340, 2442, 1);
INSERT INTO interacts VALUES(585002082478, 3, 'Crown', 2003, 2537, 1);
INSERT INTO interacts VALUES(585002082478, 3, 'Smoothie', 2010, 2698, 1);
INSERT INTO interacts VALUES(585002082478, 3, 'Crown', 1056, 2762, 1);
INSERT INTO interacts VALUES(585002082478, 3, 'Meteos', 1039, 2762, 1);
INSERT INTO interacts VALUES(585002082478, 3, 'Smoothie', 2010, 2867, 1);
INSERT INTO interacts VALUES(585002082478, 3, 'Meteos', 2031, 2923, 1);
INSERT INTO interacts VALUES(585002082478, 3, 'Jensen', 1056, 2989, 1);
INSERT INTO interacts VALUES(585002082478, 3, 'Smoothie', 2010, 2989, 1);
INSERT INTO interacts VALUES(585002082478, 3, 'CoreJJ', 2010, 3020, 1);
INSERT INTO interacts VALUES(585002082478, 3, 'Crown', 3340, 3020, 1);
INSERT INTO interacts VALUES(585002082478, 3, 'Ruler', 1055, 3149, 1);
INSERT INTO interacts VALUES(585002082478, 3, 'CoreJJ', 2010, 3149, 1);
INSERT INTO interacts VALUES(585002082478, 3, 'CoreJJ', 2010, 3278, 1);
INSERT INTO interacts VALUES(585002082478, 3, 'Jensen', 2010, 3407, 1);
INSERT INTO interacts VALUES(585002082478, 3, 'Jensen', 2010, 3537, 1);
INSERT INTO interacts VALUES(585002082478, 3, 'Ruler', 2003, 3698, 1);
INSERT INTO interacts VALUES(585002082478, 3, 'CoreJJ', 3340, 3730, 1);
INSERT INTO interacts VALUES(585002082478, 3, 'Ruler', 3340, 3956, 1);
INSERT INTO interacts VALUES(585002082478, 3, 'Ambition', 1039, 4416, 1);
INSERT INTO interacts VALUES(585002082478, 3, 'Ambition', 2031, 5219, 1);
INSERT INTO interacts VALUES(585002082478, 3, 'Crown', 1056, 223620, 1);
INSERT INTO interacts VALUES(585002082478, 3, 'Crown', 2043, 224367, 1);
INSERT INTO interacts VALUES(585002082478, 3, 'Jensen', 1052, 244036, 1);
INSERT INTO interacts VALUES(585002082478, 3, 'Jensen', 1001, 244918, 1);
INSERT INTO interacts VALUES(585002082478, 3, 'Jensen', 2043, 245533, 1);
INSERT INTO interacts VALUES(585002082478, 3, 'Meteos', 3158, 294736, 1);
INSERT INTO interacts VALUES(585002082478, 3, 'Meteos', 2043, 295125, 1);
INSERT INTO interacts VALUES(585002082478, 3, 'Ambition', 3158, 338133, 1);
INSERT INTO interacts VALUES(585002082478, 3, 'CoreJJ', 3097, 340419, 1);
INSERT INTO interacts VALUES(585002082478, 3, 'CoreJJ', 2010, 341383, 1);
INSERT INTO interacts VALUES(585002082478, 3, 'CoreJJ', 2010, 341480, 1);
INSERT INTO interacts VALUES(585002082478, 3, 'CoreJJ', 2010, 341609, 1);
INSERT INTO interacts VALUES(585002082478, 3, 'Ambition', 2032, 342031, 1);
INSERT INTO interacts VALUES(585002082478, 3, 'Ruler', 3133, 342388, 1);
INSERT INTO interacts VALUES(585002082478, 3, 'Ambition', 2043, 342519, 1);
INSERT INTO interacts VALUES(585002082478, 3, 'CoreJJ', 2043, 343136, 1);
INSERT INTO interacts VALUES(585002082478, 3, 'Smoothie', 2049, 376695, 1);
INSERT INTO interacts VALUES(585002082478, 3, 'Smoothie', 3341, 377020, 1);
INSERT INTO interacts VALUES(585002082478, 3, 'Smoothie', 2043, 377378, 1);
INSERT INTO interacts VALUES(585002082478, 3, 'Sneaky', 1038, 377409, 1);
INSERT INTO interacts VALUES(585002082478, 3, 'Smoothie', 2010, 377611, 1);
INSERT INTO interacts VALUES(585002082478, 3, 'Smoothie', 2010, 377733, 1);
INSERT INTO interacts VALUES(585002082478, 3, 'Impact', 3044, 378160, 1);
INSERT INTO interacts VALUES(585002082478, 3, 'Impact', 1036, 378516, 1);
INSERT INTO interacts VALUES(585002082478, 3, 'Sneaky', 1001, 378610, 1);
INSERT INTO interacts VALUES(585002082478, 3, 'Sneaky', 2043, 379130, 1);
INSERT INTO interacts VALUES(585002082478, 3, 'Impact', 2003, 379648, 1);
INSERT INTO interacts VALUES(585002082478, 3, 'Sneaky', 2010, 379715, 1);
INSERT INTO interacts VALUES(585002082478, 3, 'Jensen', 3802, 392894, 1);
INSERT INTO interacts VALUES(585002082478, 3, 'CuVee', 3751, 393638, 1);
INSERT INTO interacts VALUES(585002082478, 3, 'Jensen', 1052, 393831, 1);
INSERT INTO interacts VALUES(585002082478, 3, 'CuVee', 1029, 394350, 1);
INSERT INTO interacts VALUES(585002082478, 3, 'Jensen', 2043, 395486, 1);
INSERT INTO interacts VALUES(585002082478, 3, 'Jensen', 2010, 397828, 1);
INSERT INTO interacts VALUES(585002082478, 3, 'CuVee', 1031, 399255, 1);
INSERT INTO interacts VALUES(585002082478, 3, 'Crown', 3070, 424419, 1);
INSERT INTO interacts VALUES(585002082478, 3, 'Crown', 2031, 429051, 1);
INSERT INTO interacts VALUES(585002082478, 3, 'CuVee', 2043, 453404, 1);
INSERT INTO interacts VALUES(585002082478, 3, 'Ruler', 1001, 454489, 1);
INSERT INTO interacts VALUES(585002082478, 3, 'Ruler', 1042, 455872, 1);
INSERT INTO interacts VALUES(585002082478, 3, 'Ruler', 2003, 456486, 1);
INSERT INTO interacts VALUES(585002082478, 3, 'CoreJJ', 1028, 463054, 1);
INSERT INTO interacts VALUES(585002082478, 3, 'Ambition', 3751, 478799, 1);
INSERT INTO interacts VALUES(585002082478, 3, 'Ambition', 2043, 479222, 1);
INSERT INTO interacts VALUES(585002082478, 3, 'Meteos', 3751, 578609, 1);
INSERT INTO interacts VALUES(585002082478, 3, 'Meteos', 3067, 582667, 1);
INSERT INTO interacts VALUES(585002082478, 3, 'Smoothie', 1001, 591476, 1);
INSERT INTO interacts VALUES(585002082478, 3, 'Smoothie', 2043, 591704, 1);
INSERT INTO interacts VALUES(585002082478, 3, 'Smoothie', 2043, 591834, 1);
INSERT INTO interacts VALUES(585002082478, 3, 'Smoothie', 2010, 591997, 1);
INSERT INTO interacts VALUES(585002082478, 3, 'Smoothie', 2010, 592159, 1);
INSERT INTO interacts VALUES(585002082478, 3, 'CoreJJ', 2049, 633701, 1);
INSERT INTO interacts VALUES(585002082478, 3, 'CoreJJ', 2043, 634584, 1);
INSERT INTO interacts VALUES(585002082478, 3, 'CoreJJ', 2043, 634679, 1);
INSERT INTO interacts VALUES(585002082478, 3, 'CoreJJ', 3341, 635600, 1);
INSERT INTO interacts VALUES(585002082478, 3, 'CoreJJ', 2010, 636896, 1);
INSERT INTO interacts VALUES(585002082478, 3, 'Ruler', 1038, 637566, 1);
INSERT INTO interacts VALUES(585002082478, 3, 'Ruler', 2003, 637824, 1);
INSERT INTO interacts VALUES(585002082478, 3, 'CuVee', 3068, 643055, 1);
INSERT INTO interacts VALUES(585002082478, 3, 'Sneaky', 3006, 653892, 1);
INSERT INTO interacts VALUES(585002082478, 3, 'Sneaky', 1042, 654995, 1);
INSERT INTO interacts VALUES(585002082478, 3, 'Sneaky', 1042, 655936, 1);
INSERT INTO interacts VALUES(585002082478, 3, 'Sneaky', 2010, 657418, 1);
INSERT INTO interacts VALUES(585002082478, 3, 'Sneaky', 2010, 658080, 1);
INSERT INTO interacts VALUES(585002082478, 3, 'Jensen', 3108, 661828, 1);
INSERT INTO interacts VALUES(585002082478, 3, 'Jensen', 3020, 662824, 1);
INSERT INTO interacts VALUES(585002082478, 3, 'Jensen', 2043, 664058, 1);
INSERT INTO interacts VALUES(585002082478, 3, 'Jensen', 2010, 664253, 1);
INSERT INTO interacts VALUES(585002082478, 3, 'Jensen', 3363, 665654, 1);
INSERT INTO interacts VALUES(585002082478, 3, 'Impact', 3071, 671105, 1);
INSERT INTO interacts VALUES(585002082478, 3, 'Impact', 2003, 677421, 1);
INSERT INTO interacts VALUES(585002082478, 3, 'Ambition', 3711, 686824, 1);
INSERT INTO interacts VALUES(585002082478, 3, 'Ambition', 1028, 688090, 1);
INSERT INTO interacts VALUES(585002082478, 3, 'Ambition', 3341, 690750, 1);
INSERT INTO interacts VALUES(585002082478, 3, 'Ambition', 2043, 691186, 1);
INSERT INTO interacts VALUES(585002082478, 3, 'Crown', 3108, 749617, 1);
INSERT INTO interacts VALUES(585002082478, 3, 'Crown', 1057, 750182, 1);
INSERT INTO interacts VALUES(585002082478, 3, 'Jensen', 1052, 781936, 1);
INSERT INTO interacts VALUES(585002082478, 3, 'Jensen', 2010, 783330, 1);
INSERT INTO interacts VALUES(585002082478, 3, 'Jensen', 2010, 783558, 1);
INSERT INTO interacts VALUES(585002082478, 3, 'CuVee', 3047, 816242, 1);
INSERT INTO interacts VALUES(585002082478, 3, 'CuVee', 2043, 821675, 1);
INSERT INTO interacts VALUES(585002082478, 3, 'CoreJJ', 1001, 823212, 1);
INSERT INTO interacts VALUES(585002082478, 3, 'CoreJJ', 1028, 823881, 1);
INSERT INTO interacts VALUES(585002082478, 3, 'CoreJJ', 2010, 824527, 1);
INSERT INTO interacts VALUES(585002082478, 3, 'Impact', 1036, 829655, 1);
INSERT INTO interacts VALUES(585002082478, 3, 'Impact', 1001, 830138, 1);
INSERT INTO interacts VALUES(585002082478, 3, 'Impact', 2043, 830527, 1);
INSERT INTO interacts VALUES(585002082478, 3, 'Impact', 2003, 830917, 1);
INSERT INTO interacts VALUES(585002082478, 3, 'Sneaky', 3086, 856273, 1);
INSERT INTO interacts VALUES(585002082478, 3, 'Smoothie', 3117, 863076, 1);
INSERT INTO interacts VALUES(585002082478, 3, 'Smoothie', 2043, 863731, 1);
INSERT INTO interacts VALUES(585002082478, 3, 'Smoothie', 2043, 863861, 1);
INSERT INTO interacts VALUES(585002082478, 3, 'Crown', 3001, 866946, 1);
INSERT INTO interacts VALUES(585002082478, 3, 'Meteos', 1401, 867753, 1);
INSERT INTO interacts VALUES(585002082478, 3, 'Crown', 2043, 868077, 1);
INSERT INTO interacts VALUES(585002082478, 3, 'Crown', 3363, 868725, 1);
INSERT INTO interacts VALUES(585002082478, 3, 'Meteos', 1029, 869246, 1);
INSERT INTO interacts VALUES(585002082478, 3, 'Meteos', 2043, 869796, 1);
INSERT INTO interacts VALUES(585002082478, 3, 'Jensen', 3165, 871419, 1);
INSERT INTO interacts VALUES(585002082478, 3, 'Ruler', 3508, 877983, 1);
INSERT INTO interacts VALUES(585002082478, 3, 'Ruler', 3363, 879575, 1);
INSERT INTO interacts VALUES(585002082478, 3, 'Ruler', 2003, 879933, 1);
INSERT INTO interacts VALUES(585002082478, 3, 'Ruler', 2003, 880063, 1);
INSERT INTO interacts VALUES(585002082478, 3, 'Ambition', 1409, 883255, 1);
INSERT INTO interacts VALUES(585002082478, 3, 'Ambition', 3364, 888020, 1);
INSERT INTO interacts VALUES(585002082478, 3, 'Ambition', 3067, 890287, 1);
INSERT INTO interacts VALUES(585002082478, 3, 'Sneaky', 1043, 934368, 1);
INSERT INTO interacts VALUES(585002082478, 3, 'Sneaky', 3363, 935021, 1);
INSERT INTO interacts VALUES(585002082478, 3, 'Ruler', 3006, 935342, 1);
INSERT INTO interacts VALUES(585002082478, 3, 'Smoothie', 3098, 936100, 1);
INSERT INTO interacts VALUES(585002082478, 3, 'Ruler', 2043, 936280, 1);
INSERT INTO interacts VALUES(585002082478, 3, 'Smoothie', 2043, 937417, 1);
INSERT INTO interacts VALUES(585002082478, 3, 'Impact', 1036, 948617, 1);
INSERT INTO interacts VALUES(585002082478, 3, 'Sneaky', 2043, 950861, 1);
INSERT INTO interacts VALUES(585002082478, 3, 'Ambition', 1033, 962016, 1);
INSERT INTO interacts VALUES(585002082478, 3, 'Ambition', 2043, 963289, 1);
INSERT INTO interacts VALUES(585002082478, 3, 'Jensen', 1052, 972173, 1);
INSERT INTO interacts VALUES(585002082478, 3, 'Jensen', 2010, 973016, 1);
INSERT INTO interacts VALUES(585002082478, 3, 'Jensen', 2043, 984120, 1);
INSERT INTO interacts VALUES(585002082478, 3, 'Meteos', 3211, 986332, 1);
INSERT INTO interacts VALUES(585002082478, 3, 'Meteos', 2031, 987113, 0);
INSERT INTO interacts VALUES(585002082478, 3, 'Meteos', 2043, 987604, 1);
INSERT INTO interacts VALUES(585002082478, 3, 'Crown', 3108, 1001110, 1);
INSERT INTO interacts VALUES(585002082478, 3, 'Crown', 2031, 1002018, 0);
INSERT INTO interacts VALUES(585002082478, 3, 'Crown', 2043, 1002883, 1);
INSERT INTO interacts VALUES(585002082478, 3, 'Crown', 2043, 1002998, 1);
INSERT INTO interacts VALUES(585002082478, 3, 'CoreJJ', 3009, 1003926, 1);
INSERT INTO interacts VALUES(585002082478, 3, 'CuVee', 3057, 1005434, 1);
INSERT INTO interacts VALUES(585002082478, 3, 'CoreJJ', 2045, 1005921, 1);
INSERT INTO interacts VALUES(585002082478, 3, 'CoreJJ', 2010, 1006341, 1);
INSERT INTO interacts VALUES(585002082478, 3, 'CoreJJ', 2010, 1006440, 1);
INSERT INTO interacts VALUES(585002082478, 3, 'CoreJJ', 2043, 1006697, 1);
INSERT INTO interacts VALUES(585002082478, 3, 'CuVee', 1033, 1007036, 1);
INSERT INTO interacts VALUES(585002082478, 3, 'Smoothie', 2301, 1017906, 1);
INSERT INTO interacts VALUES(585002082478, 3, 'Sneaky', 3085, 1022937, 1);
INSERT INTO interacts VALUES(585002082478, 3, 'Sneaky', 2010, 1024594, 1);
INSERT INTO interacts VALUES(585002082478, 3, 'Impact', 1053, 1049196, 1);
INSERT INTO interacts VALUES(585002082478, 3, 'Ruler', 1018, 1051497, 1);
INSERT INTO interacts VALUES(585002082478, 3, 'CoreJJ', 1028, 1160315, 1);
INSERT INTO interacts VALUES(585002082478, 3, 'CoreJJ', 3364, 1161200, 1);
INSERT INTO interacts VALUES(585002082478, 3, 'CoreJJ', 2043, 1161745, 1);
INSERT INTO interacts VALUES(585002082478, 3, 'CoreJJ', 2043, 1161876, 1);
INSERT INTO interacts VALUES(585002082478, 3, 'CuVee', 3211, 1165638, 1);
INSERT INTO interacts VALUES(585002082478, 3, 'Jensen', 1058, 1205336, 1);
INSERT INTO interacts VALUES(585002082478, 3, 'Jensen', 2043, 1206085, 1);
INSERT INTO interacts VALUES(585002082478, 3, 'Impact', 3035, 1207608, 1);
INSERT INTO interacts VALUES(585002082478, 3, 'Crown', 3191, 1241318, 1);
INSERT INTO interacts VALUES(585002082478, 3, 'Sneaky', 1037, 1258814, 1);
INSERT INTO interacts VALUES(585002082478, 3, 'Smoothie', 1033, 1270529, 1);
INSERT INTO interacts VALUES(585002082478, 3, 'Smoothie', 1028, 1270792, 1);
INSERT INTO interacts VALUES(585002082478, 3, 'Smoothie', 3364, 1272205, 1);
INSERT INTO interacts VALUES(585002082478, 3, 'Ambition', 3065, 1290096, 1);
INSERT INTO interacts VALUES(585002082478, 3, 'CoreJJ', 3401, 1290353, 1);
INSERT INTO interacts VALUES(585002082478, 3, 'Ruler', 1038, 1290610, 1);
INSERT INTO interacts VALUES(585002082478, 3, 'Meteos', 3065, 1291165, 1);
INSERT INTO interacts VALUES(585002082478, 3, 'Ambition', 1028, 1291331, 1);
INSERT INTO interacts VALUES(585002082478, 3, 'Ambition', 2043, 1291717, 1);
INSERT INTO interacts VALUES(585002082478, 3, 'Ambition', 2043, 1291913, 1);
INSERT INTO interacts VALUES(585002082478, 3, 'Meteos', 3082, 1292494, 1);
INSERT INTO interacts VALUES(585002082478, 3, 'Meteos', 2043, 1292885, 1);
INSERT INTO interacts VALUES(585002082478, 3, 'Ruler', 1042, 1293664, 1);
INSERT INTO interacts VALUES(585002082478, 3, 'Sneaky', 1018, 1294173, 1);
INSERT INTO interacts VALUES(585002082478, 3, 'Meteos', 3364, 1295420, 1);
INSERT INTO interacts VALUES(585002082478, 3, 'Impact', 3034, 1301897, 1);
INSERT INTO interacts VALUES(585002082478, 3, 'CuVee', 3025, 1385463, 1);
INSERT INTO interacts VALUES(585002082478, 3, 'CuVee', 2043, 1386338, 1);
INSERT INTO interacts VALUES(585002082478, 3, 'Smoothie', 3105, 1387471, 1);
INSERT INTO interacts VALUES(585002082478, 3, 'Meteos', 1028, 1388034, 1);
INSERT INTO interacts VALUES(585002082478, 3, 'Smoothie', 2043, 1388120, 1);
INSERT INTO interacts VALUES(585002082478, 3, 'Meteos', 2043, 1388479, 1);
INSERT INTO interacts VALUES(585002082478, 3, 'CoreJJ', 3067, 1400102, 1);
INSERT INTO interacts VALUES(585002082478, 3, 'CoreJJ', 2043, 1400912, 1);
INSERT INTO interacts VALUES(585002082478, 3, 'CoreJJ', 2043, 1401023, 1);
INSERT INTO interacts VALUES(585002082478, 3, 'CoreJJ', 2010, 1401950, 1);
INSERT INTO interacts VALUES(585002082478, 3, 'Crown', 3157, 1407286, 1);
INSERT INTO interacts VALUES(585002082478, 3, 'Crown', 1058, 1408423, 1);
INSERT INTO interacts VALUES(585002082478, 3, 'Impact', 3036, 1419566, 1);
INSERT INTO interacts VALUES(585002082478, 3, 'Sneaky', 3031, 1431703, 1);
INSERT INTO interacts VALUES(585002082478, 3, 'Sneaky', 2043, 1432610, 1);
INSERT INTO interacts VALUES(585002082478, 3, 'Impact', 3047, 1452639, 1);
INSERT INTO interacts VALUES(585002082478, 3, 'Impact', 3111, 1455957, 1);
INSERT INTO interacts VALUES(585002082478, 3, 'Ambition', 2032, 1464480, 0);
INSERT INTO interacts VALUES(585002082478, 3, 'Ambition', 3082, 1466167, 1);
INSERT INTO interacts VALUES(585002082478, 3, 'Ambition', 1011, 1467577, 1);
INSERT INTO interacts VALUES(585002082478, 3, 'Ambition', 2043, 1467922, 1);
INSERT INTO interacts VALUES(585002082478, 3, 'Jensen', 3116, 1471747, 1);
INSERT INTO interacts VALUES(585002082478, 3, 'Jensen', 1026, 1472724, 1);
INSERT INTO interacts VALUES(585002082478, 3, 'Jensen', 2043, 1473809, 1);
INSERT INTO interacts VALUES(585002082478, 3, 'Crown', 1056, 1505991, 0);
INSERT INTO interacts VALUES(585002082478, 3, 'Crown', 2043, 1507198, 1);
INSERT INTO interacts VALUES(585002082478, 3, 'Crown', 2043, 1507327, 1);
INSERT INTO interacts VALUES(585002082478, 3, 'CoreJJ', 2010, 1510309, 0);
INSERT INTO interacts VALUES(585002082478, 3, 'CoreJJ', 3801, 1511348, 1);
INSERT INTO interacts VALUES(585002082478, 3, 'CoreJJ', 2043, 1512002, 1);
INSERT INTO interacts VALUES(585002082478, 3, 'Ruler', 3031, 1537676, 1);
INSERT INTO interacts VALUES(585002082478, 3, 'Ruler', 2043, 1538985, 1);
INSERT INTO interacts VALUES(585002082478, 3, 'CuVee', 3065, 1549389, 1);
INSERT INTO interacts VALUES(585002082478, 3, 'CuVee', 2043, 1550020, 1);
INSERT INTO interacts VALUES(585002082478, 3, 'Impact', 1037, 1592676, 1);
INSERT INTO interacts VALUES(585002082478, 3, 'Crown', 3003, 1600659, 1);
INSERT INTO interacts VALUES(585002082478, 3, 'Smoothie', 3190, 1617471, 1);
INSERT INTO interacts VALUES(585002082478, 3, 'CoreJJ', 2043, 1617748, 1);
INSERT INTO interacts VALUES(585002082478, 3, 'CoreJJ', 2043, 1617879, 1);
INSERT INTO interacts VALUES(585002082478, 3, 'Smoothie', 2043, 1618106, 1);
INSERT INTO interacts VALUES(585002082478, 3, 'Ambition', 3143, 1624829, 1);
INSERT INTO interacts VALUES(585002082478, 3, 'Ambition', 2043, 1625837, 1);
INSERT INTO interacts VALUES(585002082478, 3, 'CuVee', 2043, 1693509, 0);
INSERT INTO interacts VALUES(585002082478, 3, 'CuVee', 1031, 1695017, 1);
INSERT INTO interacts VALUES(585002082478, 3, 'Ruler', 3086, 1702204, 1);
INSERT INTO interacts VALUES(585002082478, 3, 'Jensen', 3135, 1729042, 1);
INSERT INTO interacts VALUES(585002082478, 3, 'Jensen', 2043, 1731460, 1);
INSERT INTO interacts VALUES(585002082478, 3, 'Sneaky', 3035, 1745256, 1);
INSERT INTO interacts VALUES(585002082478, 3, 'Sneaky', 1036, 1745960, 1);
INSERT INTO interacts VALUES(585002082478, 3, 'CoreJJ', 3190, 1786421, 1);
INSERT INTO interacts VALUES(585002082478, 3, 'Crown', 1058, 1786421, 1);
INSERT INTO interacts VALUES(585002082478, 3, 'CoreJJ', 1029, 1787197, 1);
INSERT INTO interacts VALUES(585002082478, 3, 'CoreJJ', 2043, 1787768, 1);
INSERT INTO interacts VALUES(585002082478, 3, 'CoreJJ', 2043, 1787895, 1);
INSERT INTO interacts VALUES(585002082478, 3, 'Meteos', 3143, 1790991, 1);
INSERT INTO interacts VALUES(585002082478, 3, 'Ruler', 3094, 1793652, 1);
INSERT INTO interacts VALUES(585002082478, 3, 'Meteos', 1029, 1793701, 1);
INSERT INTO interacts VALUES(585002082478, 3, 'Meteos', 2043, 1793910, 1);
INSERT INTO interacts VALUES(585002082478, 3, 'Smoothie', 2043, 1797080, 1);
INSERT INTO interacts VALUES(585002082478, 3, 'Smoothie', 2043, 1797226, 1);
INSERT INTO interacts VALUES(585002082478, 3, 'Ambition', 1031, 1815265, 1);
INSERT INTO interacts VALUES(585002082478, 3, 'Smoothie', 3114, 1859951, 1);
INSERT INTO interacts VALUES(585002082478, 3, 'Impact', 3812, 1860234, 1);
INSERT INTO interacts VALUES(585002082478, 3, 'Jensen', 1026, 1860931, 1);
INSERT INTO interacts VALUES(585002082478, 3, 'Impact', 3139, 1864579, 1);
INSERT INTO interacts VALUES(585002082478, 3, 'Sneaky', 3034, 1867702, 1);
INSERT INTO interacts VALUES(585002082478, 3, 'CuVee', 2033, 1871120, 0);
INSERT INTO interacts VALUES(585002082478, 3, 'CuVee', 1011, 1872685, 1);
INSERT INTO interacts VALUES(585002082478, 3, 'Impact', 3812, 1879274, 1);
INSERT INTO interacts VALUES(585002082478, 3, 'CoreJJ', 3024, 1879338, 1);
INSERT INTO interacts VALUES(585002082478, 3, 'Smoothie', 2043, 1879630, 1);
INSERT INTO interacts VALUES(585002082478, 3, 'CoreJJ', 2043, 1880734, 1);
INSERT INTO interacts VALUES(585002082478, 3, 'Meteos', 1031, 1881320, 1);
INSERT INTO interacts VALUES(585002082478, 3, 'Impact', 2043, 1882622, 1);
INSERT INTO interacts VALUES(585002082478, 3, 'Crown', 1011, 1883627, 1);
INSERT INTO interacts VALUES(585002082478, 3, 'Ruler', 3035, 1891042, 1);
INSERT INTO interacts VALUES(585002082478, 3, 'Ruler', 2140, 1892442, 1);
INSERT INTO interacts VALUES(585002082478, 3, 'Impact', 2140, 1992703, 1);
INSERT INTO interacts VALUES(585002082478, 3, 'Crown', 3116, 2036145, 1);
INSERT INTO interacts VALUES(585002082478, 3, 'Crown', 1052, 2037024, 1);
INSERT INTO interacts VALUES(585002082478, 3, 'Ambition', 3075, 2046021, 1);
INSERT INTO interacts VALUES(585002082478, 3, 'Ambition', 2043, 2047093, 1);
INSERT INTO interacts VALUES(585002082478, 3, 'Ambition', 2043, 2047274, 1);
INSERT INTO interacts VALUES(585002082478, 3, 'CoreJJ', 3082, 2052550, 1);
INSERT INTO interacts VALUES(585002082478, 3, 'Smoothie', 1033, 2054639, 1);
INSERT INTO interacts VALUES(585002082478, 3, 'Smoothie', 2043, 2055253, 1);
INSERT INTO interacts VALUES(585002082478, 3, 'CuVee', 3742, 2056229, 1);
INSERT INTO interacts VALUES(585002082478, 3, 'CuVee', 1033, 2057731, 1);
INSERT INTO interacts VALUES(585002082478, 3, 'Ruler', 3036, 2058648, 1);
INSERT INTO interacts VALUES(585002082478, 3, 'Ruler', 2140, 2059806, 1);
INSERT INTO interacts VALUES(585002082478, 3, 'Sneaky', 3036, 2069770, 1);
INSERT INTO interacts VALUES(585002082478, 3, 'Jensen', 1056, 2070612, 0);
INSERT INTO interacts VALUES(585002082478, 3, 'Jensen', 1058, 2071593, 1);
INSERT INTO interacts VALUES(585002082478, 3, 'Sneaky', 1051, 2072591, 1);
INSERT INTO interacts VALUES(585002082478, 3, 'Impact', 2043, 2081622, 0);
INSERT INTO interacts VALUES(585002082478, 3, 'Crown', 1056, 2088046, 0);
INSERT INTO interacts VALUES(585002082478, 3, 'Crown', 2043, 2089776, 1);
INSERT INTO interacts VALUES(585002082478, 3, 'Crown', 2043, 2089908, 1);
INSERT INTO interacts VALUES(585002082478, 3, 'Impact', 1037, 2091866, 1);
INSERT INTO interacts VALUES(585002082478, 3, 'Impact', 1036, 2098651, 1);
INSERT INTO interacts VALUES(585002082478, 3, 'Impact', 3134, 2170612, 1);
INSERT INTO interacts VALUES(585002082478, 3, 'Meteos', 1029, 2205424, 1);
INSERT INTO interacts VALUES(585002082478, 3, 'Smoothie', 3028, 2211994, 1);
INSERT INTO interacts VALUES(585002082478, 3, 'Jensen', 2139, 2215292, 1);
INSERT INTO interacts VALUES(585002082478, 3, 'Impact', 2140, 2220376, 1);
INSERT INTO interacts VALUES(585002082478, 3, 'Sneaky', 3086, 2237708, 1);
INSERT INTO interacts VALUES(585002082478, 3, 'CuVee', 1057, 2266916, 1);
INSERT INTO interacts VALUES(585002082478, 3, 'CuVee', 2138, 2268180, 1);
INSERT INTO interacts VALUES(585002082478, 3, 'CoreJJ', 3110, 2290296, 1);
INSERT INTO interacts VALUES(585002082478, 3, 'Ruler', 1055, 2292573, 0);
INSERT INTO interacts VALUES(585002082478, 3, 'Ruler', 3046, 2293115, 1);
INSERT INTO interacts VALUES(585002082478, 3, 'CoreJJ', 2043, 2302174, 1);
INSERT INTO interacts VALUES(585002082478, 3, 'CoreJJ', 2043, 2302304, 1);
INSERT INTO interacts VALUES(585002082478, 3, 'Ambition', 2043, 2303505, 0);
INSERT INTO interacts VALUES(585002082478, 3, 'Ambition', 3105, 2307422, 1);
INSERT INTO interacts VALUES(585002082478, 3, 'Crown', 3135, 2314716, 1);
INSERT INTO interacts VALUES(585002082478, 3, 'Smoothie', 3222, 2315501, 1);
INSERT INTO interacts VALUES(585002082478, 3, 'Jensen', 3089, 2325744, 1);
INSERT INTO interacts VALUES(585002082478, 3, 'Impact', 1055, 2326562, 0);
INSERT INTO interacts VALUES(585002082478, 3, 'Jensen', 1052, 2326694, 1);
INSERT INTO interacts VALUES(585002082478, 3, 'Impact', 1038, 2328715, 1);
INSERT INTO interacts VALUES(585002082478, 3, 'Smoothie', 1052, 2331063, 1);
INSERT INTO interacts VALUES(585002082478, 3, 'CoreJJ', 2138, 2338403, 1);
INSERT INTO interacts VALUES(585002082478, 3, 'Meteos', 3075, 2360884, 1);
INSERT INTO interacts VALUES(585002082478, 3, 'Meteos', 1028, 2361791, 1);
INSERT INTO interacts VALUES(585002082478, 3, 'Ruler', 2140, 2378345, 1);
INSERT INTO teams VALUES('SKT', 'LCK', 'SK Telecom T1');
INSERT INTO participates VALUES('world_championship_2016', 'SKT', 'UNKNOWN');
INSERT INTO series VALUES(463839825480, '5');
INSERT INTO organizes VALUES('world_championship_2016', 463839825480, 'elimination - R1M2');
INSERT INTO competes VALUES(463839825480, 'SKT', 1);
INSERT INTO competes VALUES(463839825480, 'RNG', 0);
INSERT INTO matches VALUES(463839825480, 1, '2016-10-14');
INSERT INTO scores VALUES('SKT', 463839825480, 1, 0, 3, 0, 0, 0, 0);
INSERT INTO scores VALUES('RNG', 463839825480, 1, 1, 9, 0, 1, 4, 1);
INSERT INTO bans VALUES(463839825480, 1, 76, 1);
INSERT INTO bans VALUES(463839825480, 1, 51, 3);
INSERT INTO bans VALUES(463839825480, 1, 134, 5);
INSERT INTO bans VALUES(463839825480, 1, 2, 2);
INSERT INTO bans VALUES(463839825480, 1, 60, 4);
INSERT INTO bans VALUES(463839825480, 1, 13, 6);
INSERT INTO players VALUES('Duke', date('1970-01-01'));
INSERT INTO registers VALUES('Duke', 'SKT', date('1970-01-01'), 'NULL');
INSERT INTO plays VALUES(463839825480, 1, 'Duke', 78, 'top', 0, 5, 2, 9862, 26, 4, 413, 15, 0, 16996);
INSERT INTO players VALUES('Bengi', date('1970-01-01'));
INSERT INTO registers VALUES('Bengi', 'SKT', date('1970-01-01'), 'NULL');
INSERT INTO plays VALUES(463839825480, 1, 'Bengi', 64, 'jungle', 0, 1, 4, 8827, 45, 32, 45, 117, 16, 13775);
INSERT INTO players VALUES('Faker', date('1970-01-01'));
INSERT INTO registers VALUES('Faker', 'SKT', date('1970-01-01'), 'NULL');
INSERT INTO plays VALUES(463839825480, 1, 'Faker', 112, 'mid', 0, 3, 3, 35753, 22, 23, 455, 22, 7, 18199);
INSERT INTO players VALUES('Bang', date('1970-01-01'));
INSERT INTO registers VALUES('Bang', 'SKT', date('1970-01-01'), 'NULL');
INSERT INTO plays VALUES(463839825480, 1, 'Bang', 81, 'adc', 5, 1, 1, 42271, 23, 18, 469, 20, 5, 19473);
INSERT INTO players VALUES('Wolf', date('1970-01-01'));
INSERT INTO registers VALUES('Wolf', 'SKT', date('1970-01-01'), 'NULL');
INSERT INTO plays VALUES(463839825480, 1, 'Wolf', 43, 'support', 1, 2, 4, 9982, 75, 36, 45, 0, 0, 11386);
INSERT INTO plays VALUES(463839825480, 1, 'Looper', 126, 'top', 3, 1, 6, 27305, 29, 8, 422, 16, 10, 20281);
INSERT INTO plays VALUES(463839825480, 1, 'Mlxg', 421, 'jungle', 1, 2, 4, 9740, 36, 41, 94, 121, 13, 17110);
INSERT INTO plays VALUES(463839825480, 1, 'Xiaohu', 8, 'mid', 3, 0, 6, 24369, 27, 14, 394, 10, 6, 18551);
INSERT INTO plays VALUES(463839825480, 1, 'Uzi', 202, 'adc', 4, 1, 4, 27518, 21, 12, 405, 31, 0, 20015);
INSERT INTO plays VALUES(463839825480, 1, 'Mata', 143, 'support', 1, 2, 5, 19453, 83, 25, 38, 1, 1, 13130);
INSERT INTO interacts VALUES(463839825480, 1, 'Wolf', 3303, 1631, 1);
INSERT INTO interacts VALUES(463839825480, 1, 'Duke', 2033, 1760, 1);
INSERT INTO interacts VALUES(463839825480, 1, 'Wolf', 2010, 1857, 1);
INSERT INTO interacts VALUES(463839825480, 1, 'Bengi', 1041, 1954, 1);
INSERT INTO interacts VALUES(463839825480, 1, 'Faker', 1056, 1954, 1);
INSERT INTO interacts VALUES(463839825480, 1, 'Duke', 3340, 1954, 1);
INSERT INTO interacts VALUES(463839825480, 1, 'Wolf', 2010, 1987, 1);
INSERT INTO interacts VALUES(463839825480, 1, 'Xiaohu', 1054, 2116, 1);
INSERT INTO interacts VALUES(463839825480, 1, 'Wolf', 2010, 2116, 1);
INSERT INTO interacts VALUES(463839825480, 1, 'Bengi', 2031, 2149, 1);
INSERT INTO interacts VALUES(463839825480, 1, 'Faker', 2003, 2213, 1);
INSERT INTO interacts VALUES(463839825480, 1, 'Uzi', 1055, 2246, 1);
INSERT INTO interacts VALUES(463839825480, 1, 'Wolf', 3340, 2351, 1);
INSERT INTO interacts VALUES(463839825480, 1, 'Faker', 2003, 2377, 1);
INSERT INTO interacts VALUES(463839825480, 1, 'Bengi', 3340, 2408, 1);
INSERT INTO interacts VALUES(463839825480, 1, 'Xiaohu', 2003, 2440, 1);
INSERT INTO interacts VALUES(463839825480, 1, 'Uzi', 2010, 2474, 1);
INSERT INTO interacts VALUES(463839825480, 1, 'Mata', 3303, 2506, 1);
INSERT INTO interacts VALUES(463839825480, 1, 'Mlxg', 1041, 2608, 1);
INSERT INTO interacts VALUES(463839825480, 1, 'Uzi', 3340, 2701, 1);
INSERT INTO interacts VALUES(463839825480, 1, 'Faker', 3340, 2766, 1);
INSERT INTO interacts VALUES(463839825480, 1, 'Xiaohu', 3340, 3093, 1);
INSERT INTO interacts VALUES(463839825480, 1, 'Looper', 1055, 3132, 1);
INSERT INTO interacts VALUES(463839825480, 1, 'Mata', 2010, 3132, 1);
INSERT INTO interacts VALUES(463839825480, 1, 'Mlxg', 2031, 3158, 1);
INSERT INTO interacts VALUES(463839825480, 1, 'Mata', 2010, 3254, 1);
INSERT INTO interacts VALUES(463839825480, 1, 'Mata', 2010, 3416, 1);
INSERT INTO interacts VALUES(463839825480, 1, 'Looper', 2003, 3416, 1);
INSERT INTO interacts VALUES(463839825480, 1, 'Mlxg', 3340, 3512, 1);
INSERT INTO interacts VALUES(463839825480, 1, 'Looper', 3340, 3738, 1);
INSERT INTO interacts VALUES(463839825480, 1, 'Mata', 3340, 3908, 1);
INSERT INTO interacts VALUES(463839825480, 1, 'Bang', 1055, 4192, 1);
INSERT INTO interacts VALUES(463839825480, 1, 'Bang', 2010, 4426, 1);
INSERT INTO interacts VALUES(463839825480, 1, 'Bang', 3340, 4613, 1);
INSERT INTO interacts VALUES(463839825480, 1, 'Mata', 1028, 285248, 1);
INSERT INTO interacts VALUES(463839825480, 1, 'Uzi', 1036, 285279, 1);
INSERT INTO interacts VALUES(463839825480, 1, 'Uzi', 1036, 285419, 1);
INSERT INTO interacts VALUES(463839825480, 1, 'Uzi', 1001, 286249, 1);
INSERT INTO interacts VALUES(463839825480, 1, 'Mata', 2043, 286284, 1);
INSERT INTO interacts VALUES(463839825480, 1, 'Uzi', 2043, 287238, 1);
INSERT INTO interacts VALUES(463839825480, 1, 'Mata', 2010, 287261, 1);
INSERT INTO interacts VALUES(463839825480, 1, 'Bengi', 3711, 312235, 1);
INSERT INTO interacts VALUES(463839825480, 1, 'Wolf', 3098, 312955, 1);
INSERT INTO interacts VALUES(463839825480, 1, 'Bang', 3070, 313888, 1);
INSERT INTO interacts VALUES(463839825480, 1, 'Bengi', 1036, 313953, 1);
INSERT INTO interacts VALUES(463839825480, 1, 'Wolf', 2043, 314181, 1);
INSERT INTO interacts VALUES(463839825480, 1, 'Duke', 1054, 315315, 1);
INSERT INTO interacts VALUES(463839825480, 1, 'Duke', 1028, 315968, 1);
INSERT INTO interacts VALUES(463839825480, 1, 'Bengi', 2043, 316351, 1);
INSERT INTO interacts VALUES(463839825480, 1, 'Duke', 2043, 316613, 1);
INSERT INTO interacts VALUES(463839825480, 1, 'Xiaohu', 1033, 316613, 1);
INSERT INTO interacts VALUES(463839825480, 1, 'Bang', 2010, 317459, 1);
INSERT INTO interacts VALUES(463839825480, 1, 'Bang', 1001, 318150, 1);
INSERT INTO interacts VALUES(463839825480, 1, 'Xiaohu', 1001, 318593, 1);
INSERT INTO interacts VALUES(463839825480, 1, 'Xiaohu', 2031, 319442, 1);
INSERT INTO interacts VALUES(463839825480, 1, 'Xiaohu', 2043, 319759, 1);
INSERT INTO interacts VALUES(463839825480, 1, 'Mlxg', 3077, 329619, 1);
INSERT INTO interacts VALUES(463839825480, 1, 'Mlxg', 2043, 331143, 1);
INSERT INTO interacts VALUES(463839825480, 1, 'Faker', 3196, 334233, 1);
INSERT INTO interacts VALUES(463839825480, 1, 'Looper', 3044, 337442, 1);
INSERT INTO interacts VALUES(463839825480, 1, 'Looper', 1001, 339352, 1);
INSERT INTO interacts VALUES(463839825480, 1, 'Looper', 1036, 342346, 1);
INSERT INTO interacts VALUES(463839825480, 1, 'Looper', 2003, 343130, 1);
INSERT INTO interacts VALUES(463839825480, 1, 'Looper', 2003, 349162, 1);
INSERT INTO interacts VALUES(463839825480, 1, 'Duke', 1029, 411109, 1);
INSERT INTO interacts VALUES(463839825480, 1, 'Looper', 1036, 427876, 1);
INSERT INTO interacts VALUES(463839825480, 1, 'Looper', 2043, 428426, 1);
INSERT INTO interacts VALUES(463839825480, 1, 'Looper', 2003, 428752, 1);
INSERT INTO interacts VALUES(463839825480, 1, 'Uzi', 3134, 453436, 1);
INSERT INTO interacts VALUES(463839825480, 1, 'Uzi', 1036, 453695, 1);
INSERT INTO interacts VALUES(463839825480, 1, 'Uzi', 2010, 454804, 1);
INSERT INTO interacts VALUES(463839825480, 1, 'Uzi', 2010, 454964, 1);
INSERT INTO interacts VALUES(463839825480, 1, 'Mata', 2049, 456559, 1);
INSERT INTO interacts VALUES(463839825480, 1, 'Mata', 2043, 457448, 1);
INSERT INTO interacts VALUES(463839825480, 1, 'Mata', 2010, 458281, 1);
INSERT INTO interacts VALUES(463839825480, 1, 'Mlxg', 2031, 458281, 0);
INSERT INTO interacts VALUES(463839825480, 1, 'Mata', 3341, 459222, 1);
INSERT INTO interacts VALUES(463839825480, 1, 'Mlxg', 3711, 459554, 1);
INSERT INTO interacts VALUES(463839825480, 1, 'Mlxg', 3341, 460944, 1);
INSERT INTO interacts VALUES(463839825480, 1, 'Wolf', 1028, 470108, 1);
INSERT INTO interacts VALUES(463839825480, 1, 'Wolf', 2010, 471049, 1);
INSERT INTO interacts VALUES(463839825480, 1, 'Faker', 1001, 476375, 1);
INSERT INTO interacts VALUES(463839825480, 1, 'Faker', 1052, 481790, 1);
INSERT INTO interacts VALUES(463839825480, 1, 'Faker', 2043, 483222, 1);
INSERT INTO interacts VALUES(463839825480, 1, 'Xiaohu', 3211, 514294, 1);
INSERT INTO interacts VALUES(463839825480, 1, 'Xiaohu', 2043, 516054, 1);
INSERT INTO interacts VALUES(463839825480, 1, 'Bengi', 1408, 525240, 1);
INSERT INTO interacts VALUES(463839825480, 1, 'Mlxg', 1028, 565914, 1);
INSERT INTO interacts VALUES(463839825480, 1, 'Mlxg', 2043, 567083, 1);
INSERT INTO interacts VALUES(463839825480, 1, 'Bang', 3057, 590102, 1);
INSERT INTO interacts VALUES(463839825480, 1, 'Bang', 1029, 591758, 1);
INSERT INTO interacts VALUES(463839825480, 1, 'Wolf', 3341, 597207, 1);
INSERT INTO interacts VALUES(463839825480, 1, 'Wolf', 2049, 602899, 1);
INSERT INTO interacts VALUES(463839825480, 1, 'Uzi', 3133, 622353, 1);
INSERT INTO interacts VALUES(463839825480, 1, 'Mata', 1001, 622679, 1);
INSERT INTO interacts VALUES(463839825480, 1, 'Uzi', 3009, 623911, 1);
INSERT INTO interacts VALUES(463839825480, 1, 'Mata', 2043, 623944, 1);
INSERT INTO interacts VALUES(463839825480, 1, 'Mata', 2043, 624074, 1);
INSERT INTO interacts VALUES(463839825480, 1, 'Mata', 2031, 624300, 1);
INSERT INTO interacts VALUES(463839825480, 1, 'Uzi', 2043, 624431, 1);
INSERT INTO interacts VALUES(463839825480, 1, 'Duke', 3751, 642117, 1);
INSERT INTO interacts VALUES(463839825480, 1, 'Duke', 1001, 644433, 1);
INSERT INTO interacts VALUES(463839825480, 1, 'Duke', 1029, 645193, 1);
INSERT INTO interacts VALUES(463839825480, 1, 'Looper', 3071, 651649, 1);
INSERT INTO interacts VALUES(463839825480, 1, 'Looper', 2043, 652215, 1);
INSERT INTO interacts VALUES(463839825480, 1, 'Looper', 2003, 652565, 1);
INSERT INTO interacts VALUES(463839825480, 1, 'Xiaohu', 3158, 673836, 1);
INSERT INTO interacts VALUES(463839825480, 1, 'Xiaohu', 1028, 675165, 1);
INSERT INTO interacts VALUES(463839825480, 1, 'Xiaohu', 2043, 676382, 1);
INSERT INTO interacts VALUES(463839825480, 1, 'Faker', 3197, 691776, 1);
INSERT INTO interacts VALUES(463839825480, 1, 'Faker', 3108, 696935, 1);
INSERT INTO interacts VALUES(463839825480, 1, 'Faker', 3363, 697586, 1);
INSERT INTO interacts VALUES(463839825480, 1, 'Wolf', 1001, 706372, 1);
INSERT INTO interacts VALUES(463839825480, 1, 'Bang', 1037, 728796, 1);
INSERT INTO interacts VALUES(463839825480, 1, 'Bang', 2043, 729285, 1);
INSERT INTO interacts VALUES(463839825480, 1, 'Bengi', 3111, 732759, 1);
INSERT INTO interacts VALUES(463839825480, 1, 'Bengi', 2043, 733607, 1);
INSERT INTO interacts VALUES(463839825480, 1, 'Mata', 2043, 740220, 1);
INSERT INTO interacts VALUES(463839825480, 1, 'Mata', 2043, 740904, 1);
INSERT INTO interacts VALUES(463839825480, 1, 'Mlxg', 3751, 757137, 1);
INSERT INTO interacts VALUES(463839825480, 1, 'Mlxg', 1001, 757721, 1);
INSERT INTO interacts VALUES(463839825480, 1, 'Mlxg', 2043, 758565, 1);
INSERT INTO interacts VALUES(463839825480, 1, 'Duke', 3047, 842945, 1);
INSERT INTO interacts VALUES(463839825480, 1, 'Duke', 1031, 843883, 1);
INSERT INTO interacts VALUES(463839825480, 1, 'Duke', 2043, 845786, 1);
INSERT INTO interacts VALUES(463839825480, 1, 'Looper', 3158, 868667, 1);
INSERT INTO interacts VALUES(463839825480, 1, 'Looper', 1036, 871273, 1);
INSERT INTO interacts VALUES(463839825480, 1, 'Wolf', 3158, 906269, 1);
INSERT INTO interacts VALUES(463839825480, 1, 'Wolf', 2043, 910818, 1);
INSERT INTO interacts VALUES(463839825480, 1, 'Bang', 3004, 914981, 1);
INSERT INTO interacts VALUES(463839825480, 1, 'Bang', 3363, 916373, 1);
INSERT INTO interacts VALUES(463839825480, 1, 'Bang', 2010, 916667, 1);
INSERT INTO interacts VALUES(463839825480, 1, 'Bang', 2043, 916926, 1);
INSERT INTO interacts VALUES(463839825480, 1, 'Uzi', 3142, 921410, 1);
INSERT INTO interacts VALUES(463839825480, 1, 'Uzi', 1036, 921867, 1);
INSERT INTO interacts VALUES(463839825480, 1, 'Uzi', 1036, 922027, 1);
INSERT INTO interacts VALUES(463839825480, 1, 'Uzi', 2043, 922976, 1);
INSERT INTO interacts VALUES(463839825480, 1, 'Uzi', 3363, 923898, 1);
INSERT INTO interacts VALUES(463839825480, 1, 'Xiaohu', 3145, 923947, 1);
INSERT INTO interacts VALUES(463839825480, 1, 'Xiaohu', 3067, 924532, 1);
INSERT INTO interacts VALUES(463839825480, 1, 'Xiaohu', 1054, 925633, 0);
INSERT INTO interacts VALUES(463839825480, 1, 'Xiaohu', 3152, 926282, 1);
INSERT INTO interacts VALUES(463839825480, 1, 'Looper', 3134, 928071, 1);
INSERT INTO interacts VALUES(463839825480, 1, 'Looper', 2043, 928460, 1);
INSERT INTO interacts VALUES(463839825480, 1, 'Mata', 3020, 931348, 1);
INSERT INTO interacts VALUES(463839825480, 1, 'Xiaohu', 2043, 932067, 1);
INSERT INTO interacts VALUES(463839825480, 1, 'Faker', 3198, 964199, 1);
INSERT INTO interacts VALUES(463839825480, 1, 'Faker', 3158, 965700, 1);
INSERT INTO interacts VALUES(463839825480, 1, 'Faker', 2043, 966094, 1);
INSERT INTO interacts VALUES(463839825480, 1, 'Faker', 2003, 967524, 1);
INSERT INTO interacts VALUES(463839825480, 1, 'Bengi', 1011, 981748, 1);
INSERT INTO interacts VALUES(463839825480, 1, 'Bengi', 2043, 983377, 1);
INSERT INTO interacts VALUES(463839825480, 1, 'Duke', 3068, 1025170, 1);
INSERT INTO interacts VALUES(463839825480, 1, 'Duke', 2043, 1027833, 1);
INSERT INTO interacts VALUES(463839825480, 1, 'Mlxg', 1409, 1030400, 1);
INSERT INTO interacts VALUES(463839825480, 1, 'Mlxg', 3364, 1030782, 1);
INSERT INTO interacts VALUES(463839825480, 1, 'Mlxg', 3047, 1032139, 1);
INSERT INTO interacts VALUES(463839825480, 1, 'Mlxg', 1033, 1033952, 1);
INSERT INTO interacts VALUES(463839825480, 1, 'Mlxg', 2043, 1037553, 1);
INSERT INTO interacts VALUES(463839825480, 1, 'Wolf', 1028, 1043432, 1);
INSERT INTO interacts VALUES(463839825480, 1, 'Uzi', 1038, 1105177, 1);
INSERT INTO interacts VALUES(463839825480, 1, 'Mata', 3098, 1105731, 1);
INSERT INTO interacts VALUES(463839825480, 1, 'Mata', 2043, 1106454, 1);
INSERT INTO interacts VALUES(463839825480, 1, 'Mata', 2043, 1107646, 1);
INSERT INTO interacts VALUES(463839825480, 1, 'Bengi', 2043, 1118548, 1);
INSERT INTO interacts VALUES(463839825480, 1, 'Bengi', 1029, 1119746, 1);
INSERT INTO interacts VALUES(463839825480, 1, 'Wolf', 2043, 1126059, 1);
INSERT INTO interacts VALUES(463839825480, 1, 'Wolf', 2043, 1126207, 1);
INSERT INTO interacts VALUES(463839825480, 1, 'Looper', 3133, 1138329, 1);
INSERT INTO interacts VALUES(463839825480, 1, 'Looper', 2003, 1140466, 0);
INSERT INTO interacts VALUES(463839825480, 1, 'Looper', 2043, 1141034, 1);
INSERT INTO interacts VALUES(463839825480, 1, 'Faker', 1058, 1147527, 1);
INSERT INTO interacts VALUES(463839825480, 1, 'Duke', 1033, 1155730, 1);
INSERT INTO interacts VALUES(463839825480, 1, 'Duke', 1029, 1158138, 1);
INSERT INTO interacts VALUES(463839825480, 1, 'Bang', 3025, 1220572, 1);
INSERT INTO interacts VALUES(463839825480, 1, 'Mata', 2301, 1262789, 1);
INSERT INTO interacts VALUES(463839825480, 1, 'Duke', 3024, 1263438, 1);
INSERT INTO interacts VALUES(463839825480, 1, 'Mata', 2043, 1263598, 1);
INSERT INTO interacts VALUES(463839825480, 1, 'Mata', 2043, 1263748, 1);
INSERT INTO interacts VALUES(463839825480, 1, 'Wolf', 2045, 1265099, 1);
INSERT INTO interacts VALUES(463839825480, 1, 'Mata', 3364, 1265910, 1);
INSERT INTO interacts VALUES(463839825480, 1, 'Wolf', 2043, 1266007, 1);
INSERT INTO interacts VALUES(463839825480, 1, 'Wolf', 2010, 1267012, 1);
INSERT INTO interacts VALUES(463839825480, 1, 'Mlxg', 3105, 1290557, 1);
INSERT INTO interacts VALUES(463839825480, 1, 'Mlxg', 1028, 1290919, 1);
INSERT INTO interacts VALUES(463839825480, 1, 'Bang', 3158, 1292073, 1);
INSERT INTO interacts VALUES(463839825480, 1, 'Bang', 2043, 1292672, 1);
INSERT INTO interacts VALUES(463839825480, 1, 'Looper', 3142, 1295657, 1);
INSERT INTO interacts VALUES(463839825480, 1, 'Looper', 1036, 1296924, 1);
INSERT INTO interacts VALUES(463839825480, 1, 'Looper', 2003, 1297578, 1);
INSERT INTO interacts VALUES(463839825480, 1, 'Xiaohu', 3191, 1303522, 1);
INSERT INTO interacts VALUES(463839825480, 1, 'Xiaohu', 3108, 1306741, 1);
INSERT INTO interacts VALUES(463839825480, 1, 'Xiaohu', 2031, 1308967, 0);
INSERT INTO interacts VALUES(463839825480, 1, 'Xiaohu', 2043, 1309892, 1);
INSERT INTO interacts VALUES(463839825480, 1, 'Xiaohu', 2043, 1310150, 1);
INSERT INTO interacts VALUES(463839825480, 1, 'Uzi', 3147, 1420509, 1);
INSERT INTO interacts VALUES(463839825480, 1, 'Uzi', 1051, 1422489, 1);
INSERT INTO interacts VALUES(463839825480, 1, 'Uzi', 1042, 1422877, 1);
INSERT INTO interacts VALUES(463839825480, 1, 'Looper', 3155, 1425923, 1);
INSERT INTO interacts VALUES(463839825480, 1, 'Looper', 2043, 1426556, 1);
INSERT INTO interacts VALUES(463839825480, 1, 'Faker', 2003, 1445858, 0);
INSERT INTO interacts VALUES(463839825480, 1, 'Faker', 3116, 1452804, 1);
INSERT INTO interacts VALUES(463839825480, 1, 'Bengi', 3742, 1458457, 1);
INSERT INTO interacts VALUES(463839825480, 1, 'Wolf', 1054, 1467538, 1);
INSERT INTO interacts VALUES(463839825480, 1, 'Wolf', 1028, 1469004, 1);
INSERT INTO interacts VALUES(463839825480, 1, 'Wolf', 1033, 1470367, 1);
INSERT INTO interacts VALUES(463839825480, 1, 'Wolf', 3364, 1471535, 1);
INSERT INTO interacts VALUES(463839825480, 1, 'Wolf', 2043, 1471857, 1);
INSERT INTO interacts VALUES(463839825480, 1, 'Wolf', 2043, 1471989, 1);
INSERT INTO interacts VALUES(463839825480, 1, 'Mlxg', 3190, 1484123, 1);
INSERT INTO interacts VALUES(463839825480, 1, 'Mlxg', 1028, 1485573, 1);
INSERT INTO interacts VALUES(463839825480, 1, 'Mlxg', 2043, 1487186, 1);
INSERT INTO interacts VALUES(463839825480, 1, 'Mlxg', 2043, 1487312, 1);
INSERT INTO interacts VALUES(463839825480, 1, 'Looper', 1036, 1495271, 1);
INSERT INTO interacts VALUES(463839825480, 1, 'Xiaohu', 3157, 1498884, 1);
INSERT INTO interacts VALUES(463839825480, 1, 'Xiaohu', 1028, 1500259, 1);
INSERT INTO interacts VALUES(463839825480, 1, 'Xiaohu', 3363, 1501567, 1);
INSERT INTO interacts VALUES(463839825480, 1, 'Xiaohu', 2043, 1502835, 1);
INSERT INTO interacts VALUES(463839825480, 1, 'Duke', 3025, 1511503, 1);
INSERT INTO interacts VALUES(463839825480, 1, 'Mata', 1028, 1533175, 1);
INSERT INTO interacts VALUES(463839825480, 1, 'Mata', 1052, 1533493, 1);
INSERT INTO interacts VALUES(463839825480, 1, 'Mata', 2043, 1534864, 1);
INSERT INTO interacts VALUES(463839825480, 1, 'Mata', 2043, 1534993, 1);
INSERT INTO interacts VALUES(463839825480, 1, 'Uzi', 3086, 1541333, 1);
INSERT INTO interacts VALUES(463839825480, 1, 'Uzi', 1042, 1542996, 1);
INSERT INTO interacts VALUES(463839825480, 1, 'Bang', 3144, 1566208, 1);
INSERT INTO interacts VALUES(463839825480, 1, 'Bang', 1042, 1566501, 1);
INSERT INTO interacts VALUES(463839825480, 1, 'Mlxg', 1011, 1632770, 1);
INSERT INTO interacts VALUES(463839825480, 1, 'Xiaohu', 3067, 1636100, 1);
INSERT INTO interacts VALUES(463839825480, 1, 'Xiaohu', 2043, 1637236, 1);
INSERT INTO interacts VALUES(463839825480, 1, 'Xiaohu', 2043, 1637495, 1);
INSERT INTO interacts VALUES(463839825480, 1, 'Looper', 1055, 1643514, 0);
INSERT INTO interacts VALUES(463839825480, 1, 'Wolf', 3105, 1649162, 1);
INSERT INTO interacts VALUES(463839825480, 1, 'Wolf', 2043, 1649703, 1);
INSERT INTO interacts VALUES(463839825480, 1, 'Wolf', 2043, 1649835, 1);
INSERT INTO interacts VALUES(463839825480, 1, 'Mata', 3136, 1658827, 1);
INSERT INTO interacts VALUES(463839825480, 1, 'Mata', 2043, 1659319, 1);
INSERT INTO interacts VALUES(463839825480, 1, 'Mata', 2043, 1659484, 1);
INSERT INTO interacts VALUES(463839825480, 1, 'Bengi', 1057, 1666334, 1);
INSERT INTO interacts VALUES(463839825480, 1, 'Looper', 1037, 1666397, 1);
INSERT INTO interacts VALUES(463839825480, 1, 'Bengi', 2043, 1667615, 1);
INSERT INTO interacts VALUES(463839825480, 1, 'Faker', 3057, 1671991, 1);
INSERT INTO interacts VALUES(463839825480, 1, 'Duke', 3211, 1683571, 1);
INSERT INTO interacts VALUES(463839825480, 1, 'Looper', 3035, 1715207, 1);
INSERT INTO interacts VALUES(463839825480, 1, 'Uzi', 3094, 1715676, 1);
INSERT INTO interacts VALUES(463839825480, 1, 'Uzi', 2043, 1716455, 1);
INSERT INTO interacts VALUES(463839825480, 1, 'Uzi', 2043, 1719280, 1);
INSERT INTO interacts VALUES(463839825480, 1, 'Xiaohu', 3065, 1722692, 1);
INSERT INTO interacts VALUES(463839825480, 1, 'Wolf', 3067, 1776255, 1);
INSERT INTO interacts VALUES(463839825480, 1, 'Bengi', 1028, 1779017, 1);
INSERT INTO interacts VALUES(463839825480, 1, 'Bang', 3153, 1780612, 1);
INSERT INTO interacts VALUES(463839825480, 1, 'Bang', 1037, 1782202, 1);
INSERT INTO interacts VALUES(463839825480, 1, 'Mlxg', 1031, 1785708, 1);
INSERT INTO interacts VALUES(463839825480, 1, 'Mata', 1026, 1787694, 1);
INSERT INTO interacts VALUES(463839825480, 1, 'Mata', 2043, 1788437, 1);
INSERT INTO interacts VALUES(463839825480, 1, 'Mata', 2043, 1788569, 1);
INSERT INTO interacts VALUES(463839825480, 1, 'Duke', 3065, 1792719, 1);
INSERT INTO interacts VALUES(463839825480, 1, 'Xiaohu', 1052, 1801905, 1);
INSERT INTO interacts VALUES(463839825480, 1, 'Faker', 3057, 1810788, 0);
INSERT INTO interacts VALUES(463839825480, 1, 'Looper', 3034, 1873293, 1);
INSERT INTO interacts VALUES(463839825480, 1, 'Mata', 2043, 1950822, 1);
INSERT INTO interacts VALUES(463839825480, 1, 'Mata', 2043, 1950951, 1);
INSERT INTO interacts VALUES(463839825480, 1, 'Bang', 3035, 1951472, 1);
INSERT INTO interacts VALUES(463839825480, 1, 'Xiaohu', 1026, 1951670, 1);
INSERT INTO interacts VALUES(463839825480, 1, 'Wolf', 3190, 1952289, 1);
INSERT INTO interacts VALUES(463839825480, 1, 'Bang', 1055, 1952547, 0);
INSERT INTO interacts VALUES(463839825480, 1, 'Wolf', 1052, 1953941, 1);
INSERT INTO interacts VALUES(463839825480, 1, 'Bang', 3123, 1954620, 1);
INSERT INTO interacts VALUES(463839825480, 1, 'Wolf', 2043, 1955823, 1);
INSERT INTO interacts VALUES(463839825480, 1, 'Wolf', 2043, 1955951, 1);
INSERT INTO interacts VALUES(463839825480, 1, 'Uzi', 3035, 1963040, 1);
INSERT INTO interacts VALUES(463839825480, 1, 'Looper', 3036, 1970641, 1);
INSERT INTO interacts VALUES(463839825480, 1, 'Looper', 2043, 1971143, 1);
INSERT INTO interacts VALUES(463839825480, 1, 'Looper', 2043, 1971324, 1);
INSERT INTO interacts VALUES(463839825480, 1, 'Mlxg', 3742, 1992361, 1);
INSERT INTO interacts VALUES(463839825480, 1, 'Duke', 1054, 2015028, 0);
INSERT INTO interacts VALUES(463839825480, 1, 'Duke', 1031, 2017935, 1);
INSERT INTO interacts VALUES(463839825480, 1, 'Faker', 3100, 2018403, 1);
INSERT INTO interacts VALUES(463839825480, 1, 'Bengi', 3102, 2020746, 1);
INSERT INTO interacts VALUES(463839825480, 1, 'Bengi', 3364, 2021916, 1);
INSERT INTO interacts VALUES(463839825480, 1, 'Bengi', 1028, 2023993, 1);
INSERT INTO interacts VALUES(463839825480, 1, 'Bang', 3033, 2068012, 1);
INSERT INTO interacts VALUES(463839825480, 1, 'Bang', 2140, 2068374, 1);
INSERT INTO interacts VALUES(463839825480, 1, 'Wolf', 3113, 2070956, 1);
INSERT INTO interacts VALUES(463839825480, 1, 'Wolf', 2043, 2071286, 1);
INSERT INTO interacts VALUES(463839825480, 1, 'Wolf', 2043, 2071416, 1);
INSERT INTO interacts VALUES(463839825480, 1, 'Duke', 3026, 2078149, 1);
INSERT INTO interacts VALUES(463839825480, 1, 'Mata', 3151, 2081628, 1);
INSERT INTO interacts VALUES(463839825480, 1, 'Mata', 2043, 2082901, 1);
INSERT INTO interacts VALUES(463839825480, 1, 'Xiaohu', 3135, 2114694, 1);
INSERT INTO interacts VALUES(463839825480, 1, 'Looper', 1038, 2135386, 1);
INSERT INTO interacts VALUES(463839825480, 1, 'Uzi', 3036, 2190314, 1);
INSERT INTO interacts VALUES(463839825480, 1, 'Mlxg', 1057, 2192894, 1);
INSERT INTO interacts VALUES(463839825480, 1, 'Bengi', 1011, 2195571, 1);
INSERT INTO interacts VALUES(463839825480, 1, 'Mata', 2043, 2197789, 1);
INSERT INTO interacts VALUES(463839825480, 1, 'Mata', 1028, 2199741, 1);
INSERT INTO interacts VALUES(463839825480, 1, 'Wolf', 2043, 2213617, 1);
INSERT INTO interacts VALUES(463839825480, 1, 'Wolf', 2043, 2213749, 1);
INSERT INTO interacts VALUES(463839825480, 1, 'Faker', 3157, 2227725, 1);
INSERT INTO interacts VALUES(463839825480, 1, 'Bang', 3140, 2228444, 1);
INSERT INTO interacts VALUES(463839825480, 1, 'Mlxg', 2138, 2257048, 1);
INSERT INTO interacts VALUES(463839825480, 1, 'Uzi', 1055, 2258744, 0);
INSERT INTO interacts VALUES(463839825480, 1, 'Uzi', 1033, 2260063, 1);
INSERT INTO interacts VALUES(463839825480, 1, 'Looper', 3363, 2263442, 1);
INSERT INTO interacts VALUES(463839825480, 1, 'Mata', 2031, 2302536, 0);
INSERT INTO interacts VALUES(463839825480, 1, 'Mata', 1058, 2303713, 1);
INSERT INTO interacts VALUES(463839825480, 1, 'Bengi', 2031, 2307068, 0);
INSERT INTO interacts VALUES(463839825480, 1, 'Xiaohu', 1058, 2307762, 1);
INSERT INTO interacts VALUES(463839825480, 1, 'Bengi', 1029, 2308482, 1);
INSERT INTO interacts VALUES(463839825480, 1, 'Xiaohu', 2139, 2311554, 1);
INSERT INTO interacts VALUES(463839825480, 1, 'Wolf', 3114, 2314107, 1);
INSERT INTO interacts VALUES(463839825480, 1, 'Looper', 3156, 2318388, 1);
INSERT INTO interacts VALUES(463839825480, 1, 'Bang', 2140, 2349324, 1);
INSERT INTO interacts VALUES(463839825480, 1, 'Duke', 2033, 2360566, 0);
INSERT INTO interacts VALUES(463839825480, 1, 'Duke', 1011, 2363440, 1);
INSERT INTO interacts VALUES(463839825480, 1, 'Uzi', 3155, 2364677, 1);
INSERT INTO interacts VALUES(463839825480, 1, 'Uzi', 2140, 2365558, 1);
INSERT INTO interacts VALUES(463839825480, 1, 'Bengi', 3082, 2376229, 1);
INSERT INTO interacts VALUES(463839825480, 1, 'Mata', 2043, 2440005, 1);
INSERT INTO interacts VALUES(463839825480, 1, 'Mata', 2043, 2440201, 1);
INSERT INTO interacts VALUES(463839825480, 1, 'Mata', 1011, 2441343, 1);
INSERT INTO interacts VALUES(463839825480, 1, 'Mlxg', 3026, 2444950, 1);
INSERT INTO interacts VALUES(463839825480, 1, 'Wolf', 3504, 2514109, 1);
INSERT INTO interacts VALUES(463839825480, 1, 'Wolf', 2043, 2518433, 1);
INSERT INTO interacts VALUES(463839825480, 1, 'Wolf', 2043, 2520047, 1);
INSERT INTO interacts VALUES(463839825480, 1, 'Uzi', 3156, 2528686, 1);
INSERT INTO interacts VALUES(463839825480, 1, 'Bang', 3139, 2550141, 1);
INSERT INTO interacts VALUES(463839825480, 1, 'Faker', 1056, 2561681, 0);
INSERT INTO interacts VALUES(463839825480, 1, 'Faker', 3135, 2562462, 1);
INSERT INTO interacts VALUES(463839825480, 1, 'Looper', 3072, 2564655, 1);
INSERT INTO interacts VALUES(463839825480, 1, 'Bengi', 3143, 2580009, 1);
INSERT INTO interacts VALUES(463839825480, 1, 'Bengi', 2043, 2581283, 1);
INSERT INTO interacts VALUES(463839825480, 1, 'Uzi', 2140, 2589813, 1);
INSERT INTO interacts VALUES(463839825480, 1, 'Duke', 3143, 2590829, 1);
INSERT INTO interacts VALUES(463839825480, 1, 'Looper', 2140, 2648910, 1);
INSERT INTO interacts VALUES(463839825480, 1, 'Faker', 2139, 2663031, 1);
INSERT INTO interacts VALUES(463839825480, 1, 'Duke', 2138, 2663591, 1);
INSERT INTO interacts VALUES(463839825480, 1, 'Xiaohu', 3089, 2668127, 1);
INSERT INTO interacts VALUES(463839825480, 1, 'Mlxg', 3077, 2680091, 0);
INSERT INTO interacts VALUES(463839825480, 1, 'Mlxg', 3075, 2681149, 1);
INSERT INTO interacts VALUES(463839825480, 1, 'Mlxg', 2138, 2682453, 1);
INSERT INTO interacts VALUES(463839825480, 1, 'Mata', 3116, 2693851, 1);
INSERT INTO interacts VALUES(463839825480, 1, 'Mata', 2043, 2694728, 1);
INSERT INTO interacts VALUES(463839825480, 1, 'Mata', 2043, 2694858, 1);
INSERT INTO interacts VALUES(463839825480, 1, 'Wolf', 2043, 2786669, 1);
INSERT INTO interacts VALUES(463839825480, 1, 'Wolf', 2043, 2786800, 1);
INSERT INTO interacts VALUES(463839825480, 1, 'Bang', 2140, 2787582, 1);
INSERT INTO interacts VALUES(463839825480, 1, 'Bengi', 1011, 2790229, 1);
INSERT INTO matches VALUES(463839825480, 2, '2016-10-14');
INSERT INTO scores VALUES('SKT', 463839825480, 2, 0, 3, 0, 0, 0, 0);
INSERT INTO scores VALUES('RNG', 463839825480, 2, 3, 11, 1, 1, 5, 1);
INSERT INTO bans VALUES(463839825480, 2, 13, 1);
INSERT INTO bans VALUES(463839825480, 2, 126, 3);
INSERT INTO bans VALUES(463839825480, 2, 60, 5);
INSERT INTO bans VALUES(463839825480, 2, 76, 2);
INSERT INTO bans VALUES(463839825480, 2, 51, 4);
INSERT INTO bans VALUES(463839825480, 2, 134, 6);
INSERT INTO plays VALUES(463839825480, 2, 'Looper', 78, 'top', 1, 2, 2, 13229, 26, 7, 365, 2, 0, 14775);
INSERT INTO plays VALUES(463839825480, 2, 'Mlxg', 2, 'jungle', 1, 4, 2, 8880, 63, 30, 83, 79, 5, 12386);
INSERT INTO plays VALUES(463839825480, 2, 'Xiaohu', 112, 'mid', 0, 1, 1, 14038, 20, 10, 380, 19, 0, 14984);
INSERT INTO plays VALUES(463839825480, 2, 'Uzi', 81, 'adc', 1, 3, 1, 20856, 19, 11, 351, 35, 0, 15106);
INSERT INTO plays VALUES(463839825480, 2, 'Mata', 43, 'support', 0, 3, 1, 5478, 78, 30, 45, 0, 0, 9363);
INSERT INTO plays VALUES(463839825480, 2, 'Duke', 85, 'top', 2, 3, 2, 25223, 22, 4, 366, 7, 4, 17526);
INSERT INTO players VALUES('Blank', date('1970-01-01'));
INSERT INTO registers VALUES('Blank', 'RNG', date('1970-01-01'), 'NULL');
INSERT INTO plays VALUES(463839825480, 2, 'Blank', 154, 'jungle', 3, 0, 4, 10044, 42, 27, 71, 117, 38, 17422);
INSERT INTO plays VALUES(463839825480, 2, 'Faker', 110, 'mid', 4, 0, 3, 29703, 24, 11, 388, 15, 8, 18983);
INSERT INTO plays VALUES(463839825480, 2, 'Bang', 202, 'adc', 1, 0, 9, 21986, 19, 11, 339, 26, 8, 17688);
INSERT INTO plays VALUES(463839825480, 2, 'Wolf', 143, 'support', 3, 0, 9, 14794, 60, 47, 51, 0, 6, 14413);
INSERT INTO interacts VALUES(463839825480, 2, 'Duke', 1055, 1430, 1);
INSERT INTO interacts VALUES(463839825480, 2, 'Duke', 2003, 1623, 1);
INSERT INTO interacts VALUES(463839825480, 2, 'Duke', 3340, 1824, 1);
INSERT INTO interacts VALUES(463839825480, 2, 'Bang', 1055, 1824, 1);
INSERT INTO interacts VALUES(463839825480, 2, 'Uzi', 1055, 1913, 1);
INSERT INTO interacts VALUES(463839825480, 2, 'Xiaohu', 1056, 1947, 1);
INSERT INTO interacts VALUES(463839825480, 2, 'Bang', 2010, 2011, 1);
INSERT INTO interacts VALUES(463839825480, 2, 'Uzi', 2010, 2108, 1);
INSERT INTO interacts VALUES(463839825480, 2, 'Blank', 1039, 2108, 1);
INSERT INTO interacts VALUES(463839825480, 2, 'Bang', 3340, 2237, 1);
INSERT INTO interacts VALUES(463839825480, 2, 'Uzi', 3340, 2301, 1);
INSERT INTO interacts VALUES(463839825480, 2, 'Mlxg', 1039, 2301, 1);
INSERT INTO interacts VALUES(463839825480, 2, 'Xiaohu', 2010, 2301, 1);
INSERT INTO interacts VALUES(463839825480, 2, 'Blank', 3340, 2430, 1);
INSERT INTO interacts VALUES(463839825480, 2, 'Mlxg', 2031, 2527, 1);
INSERT INTO interacts VALUES(463839825480, 2, 'Xiaohu', 2010, 2599, 1);
INSERT INTO interacts VALUES(463839825480, 2, 'Mata', 3303, 2720, 1);
INSERT INTO interacts VALUES(463839825480, 2, 'Faker', 1055, 2720, 1);
INSERT INTO interacts VALUES(463839825480, 2, 'Mlxg', 3340, 2914, 1);
INSERT INTO interacts VALUES(463839825480, 2, 'Faker', 2003, 2914, 1);
INSERT INTO interacts VALUES(463839825480, 2, 'Xiaohu', 3340, 2948, 1);
INSERT INTO interacts VALUES(463839825480, 2, 'Mata', 2010, 2980, 1);
INSERT INTO interacts VALUES(463839825480, 2, 'Mata', 2010, 3114, 1);
INSERT INTO interacts VALUES(463839825480, 2, 'Faker', 3340, 3140, 1);
INSERT INTO interacts VALUES(463839825480, 2, 'Mata', 2010, 3238, 1);
INSERT INTO interacts VALUES(463839825480, 2, 'Blank', 2031, 3375, 1);
INSERT INTO interacts VALUES(463839825480, 2, 'Mata', 3340, 3593, 1);
INSERT INTO interacts VALUES(463839825480, 2, 'Wolf', 3303, 3853, 1);
INSERT INTO interacts VALUES(463839825480, 2, 'Wolf', 2010, 4531, 1);
INSERT INTO interacts VALUES(463839825480, 2, 'Wolf', 2010, 4667, 1);
INSERT INTO interacts VALUES(463839825480, 2, 'Wolf', 2010, 4791, 1);
INSERT INTO interacts VALUES(463839825480, 2, 'Wolf', 3340, 5050, 1);
INSERT INTO interacts VALUES(463839825480, 2, 'Looper', 2033, 5275, 1);
INSERT INTO interacts VALUES(463839825480, 2, 'Looper', 3340, 5598, 1);
INSERT INTO interacts VALUES(463839825480, 2, 'Mata', 2043, 192304, 1);
INSERT INTO interacts VALUES(463839825480, 2, 'Mata', 2010, 192694, 1);
INSERT INTO interacts VALUES(463839825480, 2, 'Wolf', 3098, 230772, 1);
INSERT INTO interacts VALUES(463839825480, 2, 'Blank', 3158, 243749, 1);
INSERT INTO interacts VALUES(463839825480, 2, 'Blank', 1041, 247577, 1);
INSERT INTO interacts VALUES(463839825480, 2, 'Faker', 3070, 250667, 1);
INSERT INTO interacts VALUES(463839825480, 2, 'Uzi', 3070, 252812, 1);
INSERT INTO interacts VALUES(463839825480, 2, 'Mlxg', 1028, 273485, 1);
INSERT INTO interacts VALUES(463839825480, 2, 'Mlxg', 2032, 273877, 1);
INSERT INTO interacts VALUES(463839825480, 2, 'Mlxg', 2043, 275802, 1);
INSERT INTO interacts VALUES(463839825480, 2, 'Bang', 3134, 283908, 1);
INSERT INTO interacts VALUES(463839825480, 2, 'Bang', 2010, 284233, 1);
INSERT INTO interacts VALUES(463839825480, 2, 'Looper', 1033, 301802, 1);
INSERT INTO interacts VALUES(463839825480, 2, 'Mata', 1028, 302062, 1);
INSERT INTO interacts VALUES(463839825480, 2, 'Looper', 1028, 302206, 1);
INSERT INTO interacts VALUES(463839825480, 2, 'Duke', 1055, 313777, 1);
INSERT INTO interacts VALUES(463839825480, 2, 'Duke', 1052, 317705, 1);
INSERT INTO interacts VALUES(463839825480, 2, 'Duke', 1001, 318780, 1);
INSERT INTO interacts VALUES(463839825480, 2, 'Blank', 3711, 387285, 1);
INSERT INTO interacts VALUES(463839825480, 2, 'Xiaohu', 3196, 389361, 1);
INSERT INTO interacts VALUES(463839825480, 2, 'Xiaohu', 2043, 391542, 1);
INSERT INTO interacts VALUES(463839825480, 2, 'Blank', 1028, 392191, 1);
INSERT INTO interacts VALUES(463839825480, 2, 'Faker', 1037, 419189, 1);
INSERT INTO interacts VALUES(463839825480, 2, 'Faker', 2043, 419874, 1);
INSERT INTO interacts VALUES(463839825480, 2, 'Duke', 3145, 442897, 1);
INSERT INTO interacts VALUES(463839825480, 2, 'Duke', 2003, 443934, 1);
INSERT INTO interacts VALUES(463839825480, 2, 'Looper', 3211, 467679, 1);
INSERT INTO interacts VALUES(463839825480, 2, 'Mata', 2049, 467932, 1);
INSERT INTO interacts VALUES(463839825480, 2, 'Looper', 1028, 468211, 1);
INSERT INTO interacts VALUES(463839825480, 2, 'Mata', 2043, 469546, 1);
INSERT INTO interacts VALUES(463839825480, 2, 'Looper', 2043, 469546, 1);
INSERT INTO interacts VALUES(463839825480, 2, 'Mata', 3341, 470744, 1);
INSERT INTO interacts VALUES(463839825480, 2, 'Mlxg', 2049, 484955, 1);
INSERT INTO interacts VALUES(463839825480, 2, 'Mlxg', 1028, 487035, 1);
INSERT INTO interacts VALUES(463839825480, 2, 'Mlxg', 2043, 487749, 1);
INSERT INTO interacts VALUES(463839825480, 2, 'Mlxg', 3341, 488138, 1);
INSERT INTO interacts VALUES(463839825480, 2, 'Uzi', 3057, 492431, 1);
INSERT INTO interacts VALUES(463839825480, 2, 'Uzi', 1001, 493082, 1);
INSERT INTO interacts VALUES(463839825480, 2, 'Wolf', 2049, 495190, 1);
INSERT INTO interacts VALUES(463839825480, 2, 'Bang', 3133, 495809, 1);
INSERT INTO interacts VALUES(463839825480, 2, 'Wolf', 1001, 496308, 1);
INSERT INTO interacts VALUES(463839825480, 2, 'Wolf', 2043, 497113, 1);
INSERT INTO interacts VALUES(463839825480, 2, 'Wolf', 2010, 497276, 1);
INSERT INTO interacts VALUES(463839825480, 2, 'Bang', 2010, 498191, 1);
INSERT INTO interacts VALUES(463839825480, 2, 'Bang', 2043, 498346, 1);
INSERT INTO interacts VALUES(463839825480, 2, 'Wolf', 3341, 499319, 1);
INSERT INTO interacts VALUES(463839825480, 2, 'Wolf', 2010, 500167, 1);
INSERT INTO interacts VALUES(463839825480, 2, 'Mata', 1001, 573664, 1);
INSERT INTO interacts VALUES(463839825480, 2, 'Mlxg', 1001, 574217, 1);
INSERT INTO interacts VALUES(463839825480, 2, 'Mlxg', 2043, 580853, 1);
INSERT INTO interacts VALUES(463839825480, 2, 'Wolf', 3117, 595440, 1);
INSERT INTO interacts VALUES(463839825480, 2, 'Wolf', 2043, 596218, 1);
INSERT INTO interacts VALUES(463839825480, 2, 'Faker', 3134, 598782, 1);
INSERT INTO interacts VALUES(463839825480, 2, 'Faker', 1001, 599823, 1);
INSERT INTO interacts VALUES(463839825480, 2, 'Faker', 2043, 600418, 1);
INSERT INTO interacts VALUES(463839825480, 2, 'Bang', 3142, 600937, 1);
INSERT INTO interacts VALUES(463839825480, 2, 'Bang', 2010, 602173, 1);
INSERT INTO interacts VALUES(463839825480, 2, 'Blank', 1409, 623773, 1);
INSERT INTO interacts VALUES(463839825480, 2, 'Blank', 3341, 625627, 1);
INSERT INTO interacts VALUES(463839825480, 2, 'Blank', 2043, 625916, 1);
INSERT INTO interacts VALUES(463839825480, 2, 'Xiaohu', 3198, 629624, 1);
INSERT INTO interacts VALUES(463839825480, 2, 'Mata', 2043, 641215, 1);
INSERT INTO interacts VALUES(463839825480, 2, 'Mata', 2043, 642198, 1);
INSERT INTO interacts VALUES(463839825480, 2, 'Uzi', 2010, 650247, 1);
INSERT INTO interacts VALUES(463839825480, 2, 'Uzi', 2043, 650657, 1);
INSERT INTO interacts VALUES(463839825480, 2, 'Looper', 3751, 669950, 1);
INSERT INTO interacts VALUES(463839825480, 2, 'Looper', 1001, 670499, 1);
INSERT INTO interacts VALUES(463839825480, 2, 'Duke', 3152, 701582, 1);
INSERT INTO interacts VALUES(463839825480, 2, 'Mlxg', 3751, 706565, 1);
INSERT INTO interacts VALUES(463839825480, 2, 'Mata', 2043, 725870, 1);
INSERT INTO interacts VALUES(463839825480, 2, 'Wolf', 2301, 729462, 1);
INSERT INTO interacts VALUES(463839825480, 2, 'Mata', 2031, 729930, 1);
INSERT INTO interacts VALUES(463839825480, 2, 'Uzi', 1037, 768556, 1);
INSERT INTO interacts VALUES(463839825480, 2, 'Uzi', 1027, 773035, 1);
INSERT INTO interacts VALUES(463839825480, 2, 'Duke', 1052, 784696, 1);
INSERT INTO interacts VALUES(463839825480, 2, 'Xiaohu', 3158, 810563, 1);
INSERT INTO interacts VALUES(463839825480, 2, 'Xiaohu', 2043, 812718, 1);
INSERT INTO interacts VALUES(463839825480, 2, 'Faker', 3004, 814424, 1);
INSERT INTO interacts VALUES(463839825480, 2, 'Faker', 1036, 817807, 1);
INSERT INTO interacts VALUES(463839825480, 2, 'Looper', 3111, 817871, 1);
INSERT INTO interacts VALUES(463839825480, 2, 'Faker', 1036, 817936, 1);
INSERT INTO interacts VALUES(463839825480, 2, 'Blank', 1033, 818260, 1);
INSERT INTO interacts VALUES(463839825480, 2, 'Bang', 3009, 818454, 1);
INSERT INTO interacts VALUES(463839825480, 2, 'Bang', 1036, 818973, 1);
INSERT INTO interacts VALUES(463839825480, 2, 'Bang', 3363, 819296, 1);
INSERT INTO interacts VALUES(463839825480, 2, 'Looper', 1029, 819329, 1);
INSERT INTO interacts VALUES(463839825480, 2, 'Blank', 2043, 820004, 1);
INSERT INTO interacts VALUES(463839825480, 2, 'Looper', 2043, 820143, 1);
INSERT INTO interacts VALUES(463839825480, 2, 'Wolf', 2043, 822123, 1);
INSERT INTO interacts VALUES(463839825480, 2, 'Wolf', 1028, 823369, 1);
INSERT INTO interacts VALUES(463839825480, 2, 'Mlxg', 3706, 831876, 1);
INSERT INTO interacts VALUES(463839825480, 2, 'Mlxg', 3364, 834568, 1);
INSERT INTO interacts VALUES(463839825480, 2, 'Mata', 1028, 906929, 1);
INSERT INTO interacts VALUES(463839825480, 2, 'Duke', 3020, 912281, 1);
INSERT INTO interacts VALUES(463839825480, 2, 'Duke', 2043, 913677, 1);
INSERT INTO interacts VALUES(463839825480, 2, 'Mlxg', 1401, 931936, 1);
INSERT INTO interacts VALUES(463839825480, 2, 'Mlxg', 1029, 933333, 1);
INSERT INTO interacts VALUES(463839825480, 2, 'Mlxg', 2043, 934684, 1);
INSERT INTO interacts VALUES(463839825480, 2, 'Looper', 1031, 953016, 1);
INSERT INTO interacts VALUES(463839825480, 2, 'Bang', 3134, 956987, 1);
INSERT INTO interacts VALUES(463839825480, 2, 'Bang', 2043, 959465, 1);
INSERT INTO interacts VALUES(463839825480, 2, 'Uzi', 3025, 986848, 1);
INSERT INTO interacts VALUES(463839825480, 2, 'Uzi', 3363, 987093, 1);
INSERT INTO interacts VALUES(463839825480, 2, 'Uzi', 2043, 988249, 1);
INSERT INTO interacts VALUES(463839825480, 2, 'Faker', 3142, 990104, 1);
INSERT INTO interacts VALUES(463839825480, 2, 'Faker', 2043, 991339, 1);
INSERT INTO interacts VALUES(463839825480, 2, 'Faker', 3363, 991773, 1);
INSERT INTO interacts VALUES(463839825480, 2, 'Mata', 3158, 999399, 1);
INSERT INTO interacts VALUES(463839825480, 2, 'Xiaohu', 1058, 1018756, 1);
INSERT INTO interacts VALUES(463839825480, 2, 'Duke', 1026, 1019669, 1);
INSERT INTO interacts VALUES(463839825480, 2, 'Xiaohu', 2043, 1020583, 1);
INSERT INTO interacts VALUES(463839825480, 2, 'Xiaohu', 3363, 1021881, 1);
INSERT INTO interacts VALUES(463839825480, 2, 'Blank', 3211, 1033105, 1);
INSERT INTO interacts VALUES(463839825480, 2, 'Blank', 3067, 1034695, 1);
INSERT INTO interacts VALUES(463839825480, 2, 'Wolf', 3136, 1035120, 1);
INSERT INTO interacts VALUES(463839825480, 2, 'Blank', 2043, 1036150, 1);
INSERT INTO interacts VALUES(463839825480, 2, 'Blank', 2043, 1036264, 1);
INSERT INTO interacts VALUES(463839825480, 2, 'Wolf', 2043, 1036493, 1);
INSERT INTO interacts VALUES(463839825480, 2, 'Blank', 3364, 1038313, 1);
INSERT INTO interacts VALUES(463839825480, 2, 'Mlxg', 3158, 1041814, 1);
INSERT INTO interacts VALUES(463839825480, 2, 'Mlxg', 2043, 1042824, 1);
INSERT INTO interacts VALUES(463839825480, 2, 'Mata', 2043, 1053664, 1);
INSERT INTO interacts VALUES(463839825480, 2, 'Looper', 3068, 1061921, 1);
INSERT INTO interacts VALUES(463839825480, 2, 'Looper', 1028, 1062395, 1);
INSERT INTO interacts VALUES(463839825480, 2, 'Looper', 2043, 1071142, 1);
INSERT INTO interacts VALUES(463839825480, 2, 'Bang', 1038, 1134837, 1);
INSERT INTO interacts VALUES(463839825480, 2, 'Xiaohu', 1028, 1142440, 1);
INSERT INTO interacts VALUES(463839825480, 2, 'Xiaohu', 2043, 1143868, 1);
INSERT INTO interacts VALUES(463839825480, 2, 'Xiaohu', 2043, 1144117, 1);
INSERT INTO interacts VALUES(463839825480, 2, 'Mata', 2043, 1168646, 1);
INSERT INTO interacts VALUES(463839825480, 2, 'Mata', 2045, 1170498, 1);
INSERT INTO interacts VALUES(463839825480, 2, 'Wolf', 2043, 1184676, 1);
INSERT INTO interacts VALUES(463839825480, 2, 'Wolf', 2043, 1184772, 1);
INSERT INTO interacts VALUES(463839825480, 2, 'Wolf', 2031, 1186948, 1);
INSERT INTO interacts VALUES(463839825480, 2, 'Mlxg', 2043, 1193940, 1);
INSERT INTO interacts VALUES(463839825480, 2, 'Blank', 3065, 1204098, 1);
INSERT INTO interacts VALUES(463839825480, 2, 'Uzi', 3004, 1204263, 1);
INSERT INTO interacts VALUES(463839825480, 2, 'Faker', 3134, 1205368, 1);
INSERT INTO interacts VALUES(463839825480, 2, 'Faker', 2043, 1206324, 1);
INSERT INTO interacts VALUES(463839825480, 2, 'Uzi', 2043, 1206440, 1);
INSERT INTO interacts VALUES(463839825480, 2, 'Blank', 1028, 1207153, 1);
INSERT INTO interacts VALUES(463839825480, 2, 'Uzi', 2010, 1207153, 1);
INSERT INTO interacts VALUES(463839825480, 2, 'Blank', 2043, 1208580, 1);
INSERT INTO interacts VALUES(463839825480, 2, 'Duke', 3135, 1212998, 1);
INSERT INTO interacts VALUES(463839825480, 2, 'Looper', 3057, 1272948, 1);
INSERT INTO interacts VALUES(463839825480, 2, 'Bang', 3147, 1276100, 1);
INSERT INTO interacts VALUES(463839825480, 2, 'Wolf', 1026, 1277043, 1);
INSERT INTO interacts VALUES(463839825480, 2, 'Wolf', 3364, 1279009, 1);
INSERT INTO interacts VALUES(463839825480, 2, 'Xiaohu', 1011, 1300147, 1);
INSERT INTO interacts VALUES(463839825480, 2, 'Mata', 1028, 1301932, 1);
INSERT INTO interacts VALUES(463839825480, 2, 'Mata', 2031, 1303038, 0);
INSERT INTO interacts VALUES(463839825480, 2, 'Mata', 2043, 1305118, 1);
INSERT INTO interacts VALUES(463839825480, 2, 'Mlxg', 3024, 1331096, 1);
INSERT INTO interacts VALUES(463839825480, 2, 'Duke', 3191, 1383231, 1);
INSERT INTO interacts VALUES(463839825480, 2, 'Mlxg', 3067, 1409402, 1);
INSERT INTO interacts VALUES(463839825480, 2, 'Mlxg', 2032, 1414182, 0);
INSERT INTO interacts VALUES(463839825480, 2, 'Mlxg', 1011, 1416293, 1);
INSERT INTO interacts VALUES(463839825480, 2, 'Xiaohu', 3116, 1424488, 1);
INSERT INTO interacts VALUES(463839825480, 2, 'Mata', 2043, 1427027, 1);
INSERT INTO interacts VALUES(463839825480, 2, 'Mata', 2043, 1427126, 1);
INSERT INTO interacts VALUES(463839825480, 2, 'Mata', 3801, 1429825, 1);
INSERT INTO interacts VALUES(463839825480, 2, 'Mlxg', 2043, 1431129, 1);
INSERT INTO interacts VALUES(463839825480, 2, 'Uzi', 3158, 1454592, 1);
INSERT INTO interacts VALUES(463839825480, 2, 'Looper', 3065, 1464765, 1);
INSERT INTO interacts VALUES(463839825480, 2, 'Looper', 2043, 1465255, 1);
INSERT INTO interacts VALUES(463839825480, 2, 'Faker', 3158, 1473978, 1);
INSERT INTO interacts VALUES(463839825480, 2, 'Uzi', 1053, 1475078, 1);
INSERT INTO interacts VALUES(463839825480, 2, 'Wolf', 3151, 1476306, 1);
INSERT INTO interacts VALUES(463839825480, 2, 'Xiaohu', 2043, 1476729, 1);
INSERT INTO interacts VALUES(463839825480, 2, 'Uzi', 1042, 1476988, 1);
INSERT INTO interacts VALUES(463839825480, 2, 'Xiaohu', 2043, 1477019, 1);
INSERT INTO interacts VALUES(463839825480, 2, 'Faker', 1055, 1477181, 0);
INSERT INTO interacts VALUES(463839825480, 2, 'Faker', 1038, 1477929, 1);
INSERT INTO interacts VALUES(463839825480, 2, 'Wolf', 1028, 1478576, 1);
INSERT INTO interacts VALUES(463839825480, 2, 'Faker', 2043, 1479061, 1);
INSERT INTO interacts VALUES(463839825480, 2, 'Wolf', 2043, 1480526, 1);
INSERT INTO interacts VALUES(463839825480, 2, 'Bang', 1037, 1499799, 1);
INSERT INTO interacts VALUES(463839825480, 2, 'Bang', 2043, 1501917, 1);
INSERT INTO interacts VALUES(463839825480, 2, 'Blank', 1011, 1503090, 1);
INSERT INTO interacts VALUES(463839825480, 2, 'Blank', 1031, 1504489, 1);
INSERT INTO interacts VALUES(463839825480, 2, 'Blank', 2031, 1505237, 0);
INSERT INTO interacts VALUES(463839825480, 2, 'Blank', 1004, 1506473, 1);
INSERT INTO interacts VALUES(463839825480, 2, 'Mata', 2043, 1508871, 1);
INSERT INTO interacts VALUES(463839825480, 2, 'Blank', 2043, 1509342, 1);
INSERT INTO interacts VALUES(463839825480, 2, 'Blank', 2043, 1509473, 1);
INSERT INTO interacts VALUES(463839825480, 2, 'Mata', 3364, 1510387, 1);
INSERT INTO interacts VALUES(463839825480, 2, 'Duke', 1055, 1510877, 0);
INSERT INTO interacts VALUES(463839825480, 2, 'Duke', 3108, 1511359, 1);
INSERT INTO interacts VALUES(463839825480, 2, 'Xiaohu', 1029, 1589255, 1);
INSERT INTO interacts VALUES(463839825480, 2, 'Mlxg', 3082, 1618651, 1);
INSERT INTO interacts VALUES(463839825480, 2, 'Wolf', 1011, 1667548, 1);
INSERT INTO interacts VALUES(463839825480, 2, 'Wolf', 2043, 1668262, 1);
INSERT INTO interacts VALUES(463839825480, 2, 'Mata', 2043, 1676902, 1);
INSERT INTO interacts VALUES(463839825480, 2, 'Mata', 3105, 1677944, 1);
INSERT INTO interacts VALUES(463839825480, 2, 'Mata', 2043, 1681776, 1);
INSERT INTO interacts VALUES(463839825480, 2, 'Bang', 3035, 1681906, 1);
INSERT INTO interacts VALUES(463839825480, 2, 'Bang', 3034, 1682229, 1);
INSERT INTO interacts VALUES(463839825480, 2, 'Duke', 3157, 1686948, 1);
INSERT INTO interacts VALUES(463839825480, 2, 'Uzi', 3144, 1687864, 1);
INSERT INTO interacts VALUES(463839825480, 2, 'Duke', 1033, 1688768, 1);
INSERT INTO interacts VALUES(463839825480, 2, 'Uzi', 1043, 1688866, 1);
INSERT INTO interacts VALUES(463839825480, 2, 'Blank', 2043, 1698421, 1);
INSERT INTO interacts VALUES(463839825480, 2, 'Blank', 2043, 1698550, 1);
INSERT INTO interacts VALUES(463839825480, 2, 'Faker', 3035, 1702553, 1);
INSERT INTO interacts VALUES(463839825480, 2, 'Looper', 3025, 1713379, 1);
INSERT INTO interacts VALUES(463839825480, 2, 'Looper', 2043, 1713970, 1);
INSERT INTO interacts VALUES(463839825480, 2, 'Xiaohu', 3191, 1784984, 1);
INSERT INTO interacts VALUES(463839825480, 2, 'Xiaohu', 2043, 1786753, 1);
INSERT INTO interacts VALUES(463839825480, 2, 'Mlxg', 3110, 1817126, 1);
INSERT INTO interacts VALUES(463839825480, 2, 'Uzi', 3153, 1838811, 1);
INSERT INTO interacts VALUES(463839825480, 2, 'Uzi', 2043, 1839493, 1);
INSERT INTO interacts VALUES(463839825480, 2, 'Uzi', 2043, 1840625, 1);
INSERT INTO interacts VALUES(463839825480, 2, 'Bang', 3036, 1840922, 1);
INSERT INTO interacts VALUES(463839825480, 2, 'Bang', 1051, 1841801, 1);
INSERT INTO interacts VALUES(463839825480, 2, 'Wolf', 2043, 1842612, 1);
INSERT INTO interacts VALUES(463839825480, 2, 'Blank', 3742, 1851440, 1);
INSERT INTO interacts VALUES(463839825480, 2, 'Blank', 1033, 1853170, 1);
INSERT INTO interacts VALUES(463839825480, 2, 'Blank', 2043, 1854661, 1);
INSERT INTO interacts VALUES(463839825480, 2, 'Blank', 2043, 1854759, 1);
INSERT INTO interacts VALUES(463839825480, 2, 'Mata', 2043, 1869354, 1);
INSERT INTO interacts VALUES(463839825480, 2, 'Mata', 2031, 1871178, 0);
INSERT INTO interacts VALUES(463839825480, 2, 'Mata', 1028, 1872909, 1);
INSERT INTO interacts VALUES(463839825480, 2, 'Duke', 1057, 1890101, 1);
INSERT INTO interacts VALUES(463839825480, 2, 'Duke', 1055, 1891012, 0);
INSERT INTO interacts VALUES(463839825480, 2, 'Duke', 3108, 1892411, 1);
INSERT INTO interacts VALUES(463839825480, 2, 'Faker', 3036, 1893841, 1);
INSERT INTO interacts VALUES(463839825480, 2, 'Mlxg', 2043, 1896413, 1);
INSERT INTO interacts VALUES(463839825480, 2, 'Mlxg', 2043, 1896528, 1);
INSERT INTO interacts VALUES(463839825480, 2, 'Looper', 1011, 1928914, 1);
INSERT INTO interacts VALUES(463839825480, 2, 'Wolf', 2031, 1955517, 0);
INSERT INTO interacts VALUES(463839825480, 2, 'Wolf', 1058, 1956850, 1);
INSERT INTO interacts VALUES(463839825480, 2, 'Wolf', 2043, 1958058, 1);
INSERT INTO interacts VALUES(463839825480, 2, 'Mata', 3190, 1986057, 1);
INSERT INTO interacts VALUES(463839825480, 2, 'Mata', 2043, 1987496, 1);
INSERT INTO interacts VALUES(463839825480, 2, 'Blank', 1031, 1989447, 1);
INSERT INTO interacts VALUES(463839825480, 2, 'Xiaohu', 2043, 2002814, 0);
INSERT INTO interacts VALUES(463839825480, 2, 'Xiaohu', 3157, 2008625, 1);
INSERT INTO interacts VALUES(463839825480, 2, 'Xiaohu', 2043, 2010898, 0);
INSERT INTO interacts VALUES(463839825480, 2, 'Xiaohu', 1026, 2011678, 1);
INSERT INTO interacts VALUES(463839825480, 2, 'Duke', 3001, 2042622, 1);
INSERT INTO interacts VALUES(463839825480, 2, 'Blank', 1057, 2091830, 1);
INSERT INTO interacts VALUES(463839825480, 2, 'Wolf', 3116, 2098696, 1);
INSERT INTO interacts VALUES(463839825480, 2, 'Uzi', 3140, 2106573, 1);
INSERT INTO interacts VALUES(463839825480, 2, 'Uzi', 1055, 2107306, 0);
INSERT INTO interacts VALUES(463839825480, 2, 'Mata', 1029, 2109145, 1);
INSERT INTO interacts VALUES(463839825480, 2, 'Uzi', 1037, 2116554, 1);
INSERT INTO interacts VALUES(463839825480, 2, 'Bang', 3094, 2117138, 1);
INSERT INTO interacts VALUES(463839825480, 2, 'Bang', 1055, 2118190, 0);
INSERT INTO interacts VALUES(463839825480, 2, 'Bang', 1033, 2119462, 1);
INSERT INTO interacts VALUES(463839825480, 2, 'Mlxg', 3082, 2126016, 1);
INSERT INTO interacts VALUES(463839825480, 2, 'Faker', 3072, 2136777, 1);
INSERT INTO interacts VALUES(463839825480, 2, 'Xiaohu', 3135, 2139481, 1);
INSERT INTO interacts VALUES(463839825480, 2, 'Blank', 3026, 2156110, 1);
INSERT INTO interacts VALUES(463839825480, 2, 'Blank', 2043, 2157526, 1);
INSERT INTO interacts VALUES(463839825480, 2, 'Uzi', 3035, 2168376, 1);
INSERT INTO interacts VALUES(463839825480, 2, 'Looper', 3143, 2177475, 1);
INSERT INTO interacts VALUES(463839825480, 2, 'Mata', 3024, 2289833, 1);
INSERT INTO interacts VALUES(463839825480, 2, 'Bang', 3155, 2311513, 1);
INSERT INTO interacts VALUES(463839825480, 2, 'Wolf', 1026, 2312235, 1);
INSERT INTO interacts VALUES(463839825480, 2, 'Bang', 2140, 2313337, 1);
INSERT INTO interacts VALUES(463839825480, 2, 'Duke', 1058, 2313579, 1);
INSERT INTO interacts VALUES(463839825480, 2, 'Wolf', 2043, 2313787, 1);
INSERT INTO interacts VALUES(463839825480, 2, 'Mlxg', 3143, 2342703, 1);
INSERT INTO interacts VALUES(463839825480, 2, 'Looper', 2033, 2343130, 0);
INSERT INTO interacts VALUES(463839825480, 2, 'Mlxg', 2043, 2343977, 1);
INSERT INTO interacts VALUES(463839825480, 2, 'Mlxg', 2043, 2344134, 1);
INSERT INTO interacts VALUES(463839825480, 2, 'Looper', 2043, 2344828, 1);
INSERT INTO interacts VALUES(463839825480, 2, 'Mata', 2043, 2353057, 1);
INSERT INTO interacts VALUES(463839825480, 2, 'Xiaohu', 3157, 2365836, 1);
INSERT INTO interacts VALUES(463839825480, 2, 'Blank', 3102, 2368601, 1);
INSERT INTO interacts VALUES(463839825480, 2, 'Xiaohu', 1056, 2369335, 0);
INSERT INTO interacts VALUES(463839825480, 2, 'Xiaohu', 2043, 2370709, 1);
INSERT INTO interacts VALUES(463839825480, 2, 'Looper', 1057, 2371813, 1);
INSERT INTO interacts VALUES(463839825480, 2, 'Uzi', 3033, 2383519, 1);
INSERT INTO interacts VALUES(463839825480, 2, 'Mlxg', 2043, 2459125, 0);
INSERT INTO interacts VALUES(463839825480, 2, 'Xiaohu', 1052, 2459485, 1);
INSERT INTO interacts VALUES(463839825480, 2, 'Mlxg', 1057, 2461437, 1);
INSERT INTO interacts VALUES(463839825480, 2, 'Mata', 3303, 2470168, 0);
INSERT INTO interacts VALUES(463839825480, 2, 'Mata', 3082, 2471410, 1);
INSERT INTO interacts VALUES(463839825480, 2, 'Mata', 2043, 2472524, 1);
INSERT INTO interacts VALUES(463839825480, 2, 'Duke', 3089, 2476467, 1);
INSERT INTO interacts VALUES(463839825480, 2, 'Faker', 3156, 2485815, 1);
INSERT INTO interacts VALUES(463839825480, 2, 'Faker', 2140, 2486571, 1);
INSERT INTO interacts VALUES(463839825480, 2, 'Wolf', 3135, 2486702, 1);
INSERT INTO interacts VALUES(463839825480, 2, 'Wolf', 2043, 2486928, 1);
INSERT INTO interacts VALUES(463839825480, 2, 'Blank', 2138, 2491074, 1);
INSERT INTO matches VALUES(463839825480, 3, '2016-10-14');
INSERT INTO scores VALUES('SKT', 463839825480, 3, 3, 11, 0, 2, 2, 1);
INSERT INTO scores VALUES('RNG', 463839825480, 3, 0, 0, 0, 0, 1, 0);
INSERT INTO bans VALUES(463839825480, 3, 51, 1);
INSERT INTO bans VALUES(463839825480, 3, 126, 3);
INSERT INTO bans VALUES(463839825480, 3, 85, 5);
INSERT INTO bans VALUES(463839825480, 3, 60, 2);
INSERT INTO bans VALUES(463839825480, 3, 13, 4);
INSERT INTO bans VALUES(463839825480, 3, 76, 6);
INSERT INTO plays VALUES(463839825480, 3, 'Duke', 150, 'top', 4, 0, 3, 21329, 16, 6, 257, 3, 10, 14096);
INSERT INTO plays VALUES(463839825480, 3, 'Blank', 2, 'jungle', 4, 1, 10, 8837, 24, 11, 34, 80, 25, 13355);
INSERT INTO plays VALUES(463839825480, 3, 'Faker', 134, 'mid', 6, 3, 4, 22301, 12, 3, 222, 20, 16, 14424);
INSERT INTO plays VALUES(463839825480, 3, 'Bang', 81, 'adc', 6, 2, 7, 24713, 11, 10, 275, 9, 1, 14776);
INSERT INTO plays VALUES(463839825480, 3, 'Wolf', 43, 'support', 1, 2, 12, 6000, 30, 24, 35, 0, 5, 9968);
INSERT INTO plays VALUES(463839825480, 3, 'Looper', 68, 'top', 4, 6, 2, 16355, 16, 5, 224, 9, 0, 10820);
INSERT INTO plays VALUES(463839825480, 3, 'Mlxg', 64, 'jungle', 0, 6, 6, 7583, 27, 8, 31, 80, 1, 8577);
INSERT INTO plays VALUES(463839825480, 3, 'Xiaohu', 8, 'mid', 2, 4, 3, 11052, 15, 1, 205, 0, 0, 9363);
INSERT INTO plays VALUES(463839825480, 3, 'Uzi', 202, 'adc', 1, 1, 6, 13074, 12, 1, 229, 1, 0, 9845);
INSERT INTO plays VALUES(463839825480, 3, 'Mata', 143, 'support', 1, 4, 6, 8159, 46, 16, 32, 0, 0, 7411);
INSERT INTO interacts VALUES(463839825480, 3, 'Duke', 1055, 1494, 1);
INSERT INTO interacts VALUES(463839825480, 3, 'Wolf', 3303, 1565, 1);
INSERT INTO interacts VALUES(463839825480, 3, 'Blank', 1039, 1656, 1);
INSERT INTO interacts VALUES(463839825480, 3, 'Duke', 2003, 1689, 1);
INSERT INTO interacts VALUES(463839825480, 3, 'Wolf', 2010, 1827, 1);
INSERT INTO interacts VALUES(463839825480, 3, 'Bang', 1055, 1884, 1);
INSERT INTO interacts VALUES(463839825480, 3, 'Duke', 3340, 1916, 1);
INSERT INTO interacts VALUES(463839825480, 3, 'Wolf', 2010, 2014, 1);
INSERT INTO interacts VALUES(463839825480, 3, 'Wolf', 2010, 2086, 1);
INSERT INTO interacts VALUES(463839825480, 3, 'Uzi', 1055, 2086, 1);
INSERT INTO interacts VALUES(463839825480, 3, 'Bang', 2010, 2086, 1);
INSERT INTO interacts VALUES(463839825480, 3, 'Mata', 3303, 2239, 1);
INSERT INTO interacts VALUES(463839825480, 3, 'Uzi', 2010, 2272, 1);
INSERT INTO interacts VALUES(463839825480, 3, 'Wolf', 3340, 2345, 1);
INSERT INTO interacts VALUES(463839825480, 3, 'Bang', 3340, 2345, 1);
INSERT INTO interacts VALUES(463839825480, 3, 'Uzi', 3340, 2498, 1);
INSERT INTO interacts VALUES(463839825480, 3, 'Blank', 2031, 2563, 1);
INSERT INTO interacts VALUES(463839825480, 3, 'Mata', 2010, 2660, 1);
INSERT INTO interacts VALUES(463839825480, 3, 'Faker', 1056, 2724, 1);
INSERT INTO interacts VALUES(463839825480, 3, 'Mata', 2010, 2821, 1);
INSERT INTO interacts VALUES(463839825480, 3, 'Mlxg', 1041, 2863, 1);
INSERT INTO interacts VALUES(463839825480, 3, 'Faker', 2003, 2918, 1);
INSERT INTO interacts VALUES(463839825480, 3, 'Mata', 2010, 2951, 1);
INSERT INTO interacts VALUES(463839825480, 3, 'Faker', 2003, 3049, 1);
INSERT INTO interacts VALUES(463839825480, 3, 'Mlxg', 2031, 3210, 1);
INSERT INTO interacts VALUES(463839825480, 3, 'Faker', 3340, 3275, 1);
INSERT INTO interacts VALUES(463839825480, 3, 'Mata', 3340, 3437, 1);
INSERT INTO interacts VALUES(463839825480, 3, 'Mlxg', 3340, 3665, 1);
INSERT INTO interacts VALUES(463839825480, 3, 'Xiaohu', 1054, 3697, 1);
INSERT INTO interacts VALUES(463839825480, 3, 'Looper', 1054, 3956, 1);
INSERT INTO interacts VALUES(463839825480, 3, 'Xiaohu', 2003, 4022, 1);
INSERT INTO interacts VALUES(463839825480, 3, 'Looper', 2003, 4253, 1);
INSERT INTO interacts VALUES(463839825480, 3, 'Xiaohu', 3340, 4382, 1);
INSERT INTO interacts VALUES(463839825480, 3, 'Looper', 3340, 4545, 1);
INSERT INTO interacts VALUES(463839825480, 3, 'Mlxg', 1036, 236864, 1);
INSERT INTO interacts VALUES(463839825480, 3, 'Mlxg', 1036, 237024, 1);
INSERT INTO interacts VALUES(463839825480, 3, 'Blank', 3158, 301337, 1);
INSERT INTO interacts VALUES(463839825480, 3, 'Blank', 2032, 302841, 1);
INSERT INTO interacts VALUES(463839825480, 3, 'Mata', 3341, 352724, 1);
INSERT INTO interacts VALUES(463839825480, 3, 'Mata', 2049, 356552, 1);
INSERT INTO interacts VALUES(463839825480, 3, 'Wolf', 2049, 375115, 1);
INSERT INTO interacts VALUES(463839825480, 3, 'Wolf', 3341, 375990, 1);
INSERT INTO interacts VALUES(463839825480, 3, 'Wolf', 2043, 376189, 1);
INSERT INTO interacts VALUES(463839825480, 3, 'Blank', 1028, 400015, 1);
INSERT INTO interacts VALUES(463839825480, 3, 'Duke', 3052, 400048, 1);
INSERT INTO interacts VALUES(463839825480, 3, 'Looper', 1052, 400567, 1);
INSERT INTO interacts VALUES(463839825480, 3, 'Looper', 1028, 401380, 1);
INSERT INTO interacts VALUES(463839825480, 3, 'Duke', 1001, 402251, 1);
INSERT INTO interacts VALUES(463839825480, 3, 'Looper', 1001, 402348, 1);
INSERT INTO interacts VALUES(463839825480, 3, 'Uzi', 3134, 402511, 1);
INSERT INTO interacts VALUES(463839825480, 3, 'Uzi', 1036, 402867, 1);
INSERT INTO interacts VALUES(463839825480, 3, 'Looper', 2043, 403485, 1);
INSERT INTO interacts VALUES(463839825480, 3, 'Looper', 2031, 403907, 1);
INSERT INTO interacts VALUES(463839825480, 3, 'Uzi', 2010, 404198, 1);
INSERT INTO interacts VALUES(463839825480, 3, 'Uzi', 2010, 404327, 1);
INSERT INTO interacts VALUES(463839825480, 3, 'Faker', 3802, 406795, 1);
INSERT INTO interacts VALUES(463839825480, 3, 'Faker', 1001, 407056, 1);
INSERT INTO interacts VALUES(463839825480, 3, 'Uzi', 2043, 409238, 1);
INSERT INTO interacts VALUES(463839825480, 3, 'Faker', 1056, 409398, 1);
INSERT INTO interacts VALUES(463839825480, 3, 'Bang', 3070, 413334, 1);
INSERT INTO interacts VALUES(463839825480, 3, 'Bang', 3057, 414469, 1);
INSERT INTO interacts VALUES(463839825480, 3, 'Bang', 2043, 416099, 1);
INSERT INTO interacts VALUES(463839825480, 3, 'Bang', 2031, 416806, 1);
INSERT INTO interacts VALUES(463839825480, 3, 'Xiaohu', 3211, 426446, 1);
INSERT INTO interacts VALUES(463839825480, 3, 'Xiaohu', 1001, 427738, 1);
INSERT INTO interacts VALUES(463839825480, 3, 'Xiaohu', 2031, 429233, 1);
INSERT INTO interacts VALUES(463839825480, 3, 'Xiaohu', 2043, 429527, 1);
INSERT INTO interacts VALUES(463839825480, 3, 'Mlxg', 3711, 462811, 1);
INSERT INTO interacts VALUES(463839825480, 3, 'Mlxg', 3133, 464279, 1);
INSERT INTO interacts VALUES(463839825480, 3, 'Mata', 1001, 467294, 1);
INSERT INTO interacts VALUES(463839825480, 3, 'Blank', 3751, 506510, 1);
INSERT INTO interacts VALUES(463839825480, 3, 'Blank', 2043, 508129, 1);
INSERT INTO interacts VALUES(463839825480, 3, 'Looper', 2043, 513115, 1);
INSERT INTO interacts VALUES(463839825480, 3, 'Mata', 1028, 521439, 1);
INSERT INTO interacts VALUES(463839825480, 3, 'Mata', 2043, 522073, 1);
INSERT INTO interacts VALUES(463839825480, 3, 'Duke', 1028, 530907, 1);
INSERT INTO interacts VALUES(463839825480, 3, 'Duke', 1036, 532012, 1);
INSERT INTO interacts VALUES(463839825480, 3, 'Bang', 1083, 533014, 1);
INSERT INTO interacts VALUES(463839825480, 3, 'Duke', 2043, 534573, 1);
INSERT INTO interacts VALUES(463839825480, 3, 'Bang', 1027, 536426, 1);
INSERT INTO interacts VALUES(463839825480, 3, 'Bang', 1001, 537543, 1);
INSERT INTO interacts VALUES(463839825480, 3, 'Wolf', 3158, 578043, 1);
INSERT INTO interacts VALUES(463839825480, 3, 'Mlxg', 1408, 579681, 1);
INSERT INTO interacts VALUES(463839825480, 3, 'Wolf', 2043, 580476, 1);
INSERT INTO interacts VALUES(463839825480, 3, 'Mlxg', 2043, 580541, 1);
INSERT INTO interacts VALUES(463839825480, 3, 'Mlxg', 3341, 580980, 1);
INSERT INTO interacts VALUES(463839825480, 3, 'Wolf', 2010, 582396, 1);
INSERT INTO interacts VALUES(463839825480, 3, 'Uzi', 1001, 582493, 1);
INSERT INTO interacts VALUES(463839825480, 3, 'Uzi', 1036, 583054, 1);
INSERT INTO interacts VALUES(463839825480, 3, 'Uzi', 2010, 583792, 1);
INSERT INTO interacts VALUES(463839825480, 3, 'Uzi', 2010, 583924, 1);
INSERT INTO interacts VALUES(463839825480, 3, 'Xiaohu', 3158, 605289, 1);
INSERT INTO interacts VALUES(463839825480, 3, 'Xiaohu', 2043, 606521, 1);
INSERT INTO interacts VALUES(463839825480, 3, 'Looper', 3136, 634215, 1);
INSERT INTO interacts VALUES(463839825480, 3, 'Looper', 2043, 634769, 1);
INSERT INTO interacts VALUES(463839825480, 3, 'Bang', 3024, 646466, 1);
INSERT INTO interacts VALUES(463839825480, 3, 'Blank', 1409, 656654, 1);
INSERT INTO interacts VALUES(463839825480, 3, 'Blank', 3341, 659674, 1);
INSERT INTO interacts VALUES(463839825480, 3, 'Faker', 3020, 667577, 1);
INSERT INTO interacts VALUES(463839825480, 3, 'Faker', 1052, 668546, 1);
INSERT INTO interacts VALUES(463839825480, 3, 'Faker', 2031, 669132, 1);
INSERT INTO interacts VALUES(463839825480, 3, 'Faker', 3363, 670107, 1);
INSERT INTO interacts VALUES(463839825480, 3, 'Xiaohu', 3067, 698148, 1);
INSERT INTO interacts VALUES(463839825480, 3, 'Looper', 2043, 711578, 1);
INSERT INTO interacts VALUES(463839825480, 3, 'Mata', 3117, 713007, 1);
INSERT INTO interacts VALUES(463839825480, 3, 'Looper', 1052, 713076, 1);
INSERT INTO interacts VALUES(463839825480, 3, 'Mata', 2010, 717305, 1);
INSERT INTO interacts VALUES(463839825480, 3, 'Duke', 3022, 729960, 1);
INSERT INTO interacts VALUES(463839825480, 3, 'Duke', 2031, 731827, 1);
INSERT INTO interacts VALUES(463839825480, 3, 'Blank', 3364, 777753, 1);
INSERT INTO interacts VALUES(463839825480, 3, 'Blank', 1033, 778469, 1);
INSERT INTO interacts VALUES(463839825480, 3, 'Blank', 1028, 780029, 1);
INSERT INTO interacts VALUES(463839825480, 3, 'Blank', 2043, 781226, 1);
INSERT INTO interacts VALUES(463839825480, 3, 'Mlxg', 3047, 875204, 1);
INSERT INTO interacts VALUES(463839825480, 3, 'Mlxg', 3364, 876472, 1);
INSERT INTO interacts VALUES(463839825480, 3, 'Mlxg', 2043, 876700, 1);
INSERT INTO interacts VALUES(463839825480, 3, 'Bang', 3025, 907977, 1);
INSERT INTO interacts VALUES(463839825480, 3, 'Bang', 1037, 910969, 1);
INSERT INTO interacts VALUES(463839825480, 3, 'Bang', 3363, 913019, 1);
INSERT INTO interacts VALUES(463839825480, 3, 'Wolf', 2045, 918290, 1);
INSERT INTO interacts VALUES(463839825480, 3, 'Wolf', 3801, 921974, 1);
INSERT INTO interacts VALUES(463839825480, 3, 'Wolf', 2043, 923502, 1);
INSERT INTO interacts VALUES(463839825480, 3, 'Wolf', 2043, 923633, 1);
INSERT INTO interacts VALUES(463839825480, 3, 'Faker', 3165, 929345, 1);
INSERT INTO interacts VALUES(463839825480, 3, 'Faker', 1052, 931847, 1);
INSERT INTO interacts VALUES(463839825480, 3, 'Looper', 3151, 933045, 1);
INSERT INTO interacts VALUES(463839825480, 3, 'Duke', 3044, 938669, 1);
INSERT INTO interacts VALUES(463839825480, 3, 'Duke', 2043, 939124, 1);
INSERT INTO interacts VALUES(463839825480, 3, 'Uzi', 3142, 943867, 1);
INSERT INTO interacts VALUES(463839825480, 3, 'Mata', 2045, 944011, 1);
INSERT INTO interacts VALUES(463839825480, 3, 'Mata', 2043, 944814, 1);
INSERT INTO interacts VALUES(463839825480, 3, 'Mata', 2043, 944908, 1);
INSERT INTO interacts VALUES(463839825480, 3, 'Uzi', 1036, 945307, 1);
INSERT INTO interacts VALUES(463839825480, 3, 'Uzi', 3363, 947509, 1);
INSERT INTO interacts VALUES(463839825480, 3, 'Uzi', 2043, 949334, 1);
INSERT INTO interacts VALUES(463839825480, 3, 'Xiaohu', 1054, 957136, 0);
INSERT INTO interacts VALUES(463839825480, 3, 'Blank', 3211, 958600, 1);
INSERT INTO interacts VALUES(463839825480, 3, 'Xiaohu', 2031, 958669, 0);
INSERT INTO interacts VALUES(463839825480, 3, 'Blank', 1057, 962023, 1);
INSERT INTO interacts VALUES(463839825480, 3, 'Blank', 2043, 963229, 1);
INSERT INTO interacts VALUES(463839825480, 3, 'Blank', 2043, 963360, 1);
INSERT INTO interacts VALUES(463839825480, 3, 'Xiaohu', 3152, 967420, 1);
INSERT INTO interacts VALUES(463839825480, 3, 'Mata', 1028, 1022801, 1);
INSERT INTO interacts VALUES(463839825480, 3, 'Mlxg', 1011, 1032654, 1);
INSERT INTO interacts VALUES(463839825480, 3, 'Uzi', 1036, 1034465, 1);
INSERT INTO interacts VALUES(463839825480, 3, 'Mlxg', 2031, 1036828, 0);
INSERT INTO interacts VALUES(463839825480, 3, 'Mlxg', 2043, 1037575, 1);
INSERT INTO interacts VALUES(463839825480, 3, 'Faker', 2031, 1038682, 0);
INSERT INTO interacts VALUES(463839825480, 3, 'Faker', 1058, 1039102, 1);
INSERT INTO interacts VALUES(463839825480, 3, 'Xiaohu', 1052, 1052881, 1);
INSERT INTO interacts VALUES(463839825480, 3, 'Duke', 3111, 1056977, 1);
INSERT INTO interacts VALUES(463839825480, 3, 'Looper', 2043, 1058237, 1);
INSERT INTO interacts VALUES(463839825480, 3, 'Duke', 1036, 1059636, 1);
INSERT INTO interacts VALUES(463839825480, 3, 'Xiaohu', 2043, 1062433, 1);
INSERT INTO interacts VALUES(463839825480, 3, 'Wolf', 3105, 1064985, 1);
INSERT INTO interacts VALUES(463839825480, 3, 'Wolf', 2043, 1065512, 1);
INSERT INTO interacts VALUES(463839825480, 3, 'Wolf', 3364, 1066653, 1);
INSERT INTO interacts VALUES(463839825480, 3, 'Bang', 3004, 1079370, 1);
INSERT INTO interacts VALUES(463839825480, 3, 'Bang', 3158, 1080869, 1);
INSERT INTO interacts VALUES(463839825480, 3, 'Bang', 1036, 1081989, 1);
INSERT INTO interacts VALUES(463839825480, 3, 'Blank', 3102, 1092657, 1);
INSERT INTO interacts VALUES(463839825480, 3, 'Blank', 1029, 1094446, 1);
INSERT INTO interacts VALUES(463839825480, 3, 'Wolf', 1028, 1150313, 1);
INSERT INTO interacts VALUES(463839825480, 3, 'Mlxg', 1031, 1189920, 1);
INSERT INTO interacts VALUES(463839825480, 3, 'Mlxg', 2043, 1198747, 1);
INSERT INTO interacts VALUES(463839825480, 3, 'Blank', 3082, 1208683, 1);
INSERT INTO interacts VALUES(463839825480, 3, 'Uzi', 3009, 1211033, 1);
INSERT INTO interacts VALUES(463839825480, 3, 'Looper', 1058, 1214046, 1);
INSERT INTO interacts VALUES(463839825480, 3, 'Uzi', 2043, 1214633, 1);
INSERT INTO interacts VALUES(463839825480, 3, 'Mata', 1033, 1218031, 1);
INSERT INTO interacts VALUES(463839825480, 3, 'Mata', 3801, 1218327, 1);
INSERT INTO interacts VALUES(463839825480, 3, 'Mata', 2043, 1219569, 1);
INSERT INTO interacts VALUES(463839825480, 3, 'Mata', 2043, 1219671, 1);
INSERT INTO interacts VALUES(463839825480, 3, 'Duke', 3071, 1220124, 1);
INSERT INTO interacts VALUES(463839825480, 3, 'Mata', 3364, 1220901, 1);
INSERT INTO interacts VALUES(463839825480, 3, 'Duke', 1033, 1221878, 1);
INSERT INTO interacts VALUES(463839825480, 3, 'Bang', 3144, 1237037, 1);
INSERT INTO interacts VALUES(463839825480, 3, 'Wolf', 3190, 1245289, 1);
INSERT INTO interacts VALUES(463839825480, 3, 'Faker', 3089, 1255649, 1);
INSERT INTO interacts VALUES(463839825480, 3, 'Faker', 1052, 1256949, 1);
INSERT INTO interacts VALUES(463839825480, 3, 'Faker', 3116, 1259296, 1);
INSERT INTO interacts VALUES(463839825480, 3, 'Faker', 1026, 1260303, 1);
INSERT INTO interacts VALUES(463839825480, 3, 'Mata', 3105, 1300537, 1);
INSERT INTO interacts VALUES(463839825480, 3, 'Wolf', 3114, 1332694, 1);
INSERT INTO interacts VALUES(463839825480, 3, 'Bang', 3153, 1332777, 1);
INSERT INTO interacts VALUES(463839825480, 3, 'Duke', 3211, 1333131, 1);
INSERT INTO interacts VALUES(463839825480, 3, 'Duke', 2031, 1334248, 0);
INSERT INTO interacts VALUES(463839825480, 3, 'Duke', 1029, 1335763, 1);
INSERT INTO interacts VALUES(463839825480, 3, 'Xiaohu', 1058, 1347660, 1);
INSERT INTO interacts VALUES(463839825480, 3, 'Blank', 3143, 1357144, 1);
INSERT INTO interacts VALUES(463839825480, 3, 'Uzi', 3035, 1364894, 1);
INSERT INTO interacts VALUES(463839825480, 3, 'Looper', 3116, 1443943, 1);
INSERT INTO interacts VALUES(463839825480, 3, 'Looper', 1052, 1445493, 1);
INSERT INTO interacts VALUES(463839825480, 3, 'Wolf', 3303, 1445493, 0);
INSERT INTO interacts VALUES(463839825480, 3, 'Wolf', 3028, 1447101, 1);
INSERT INTO interacts VALUES(463839825480, 3, 'Mlxg', 3742, 1491473, 1);
INSERT INTO interacts VALUES(463839825480, 3, 'Bang', 2031, 1495900, 0);
INSERT INTO interacts VALUES(463839825480, 3, 'Bang', 3140, 1496648, 1);
INSERT INTO interacts VALUES(463839825480, 3, 'Faker', 3135, 1509191, 1);
INSERT INTO interacts VALUES(463839825480, 3, 'Mlxg', 2043, 1510036, 1);
INSERT INTO interacts VALUES(463839825480, 3, 'Mata', 3190, 1510297, 1);
INSERT INTO interacts VALUES(463839825480, 3, 'Mata', 2043, 1510848, 1);
INSERT INTO interacts VALUES(463839825480, 3, 'Mata', 2043, 1510945, 1);
INSERT INTO interacts VALUES(463839825480, 3, 'Bang', 2140, 1521242, 1);
INSERT INTO interacts VALUES(463839825480, 3, 'Duke', 3026, 1529243, 1);
INSERT INTO interacts VALUES(463839825480, 3, 'Uzi', 3036, 1534183, 1);
INSERT INTO interacts VALUES(463839825480, 3, 'Uzi', 1036, 1535769, 1);
INSERT INTO interacts VALUES(463839825480, 3, 'Looper', 3111, 1536030, 1);
INSERT INTO interacts VALUES(463839825480, 3, 'Looper', 3020, 1540253, 1);
INSERT INTO interacts VALUES(463839825480, 3, 'Wolf', 3222, 1550727, 1);
INSERT INTO interacts VALUES(463839825480, 3, 'Blank', 2032, 1571819, 0);
INSERT INTO interacts VALUES(463839825480, 3, 'Blank', 1057, 1574287, 1);
INSERT INTO interacts VALUES(463839825480, 3, 'Xiaohu', 1011, 1575651, 1);
INSERT INTO interacts VALUES(463839825480, 3, 'Blank', 1031, 1575877, 1);
INSERT INTO interacts VALUES(463839825480, 3, 'Mlxg', 1033, 1577318, 1);
INSERT INTO interacts VALUES(463839825480, 3, 'Mlxg', 2043, 1579929, 1);
INSERT INTO interacts VALUES(463839825480, 3, 'Blank', 2138, 1580870, 1);
INSERT INTO interacts VALUES(463839825480, 3, 'Mlxg', 1057, 1652535, 1);
INSERT INTO interacts VALUES(463839825480, 3, 'Uzi', 3134, 1654119, 1);
INSERT INTO interacts VALUES(463839825480, 3, 'Duke', 1055, 1654248, 0);
INSERT INTO interacts VALUES(463839825480, 3, 'Uzi', 2043, 1654667, 1);
INSERT INTO interacts VALUES(463839825480, 3, 'Duke', 3067, 1655918, 1);
INSERT INTO interacts VALUES(463839825480, 3, 'Looper', 2031, 1690067, 0);
INSERT INTO interacts VALUES(463839825480, 3, 'Looper', 1026, 1690750, 1);
INSERT INTO interacts VALUES(463839825480, 3, 'Xiaohu', 3116, 1693243, 1);
INSERT INTO interacts VALUES(463839825480, 3, 'Wolf', 3114, 1703990, 1);
INSERT INTO interacts VALUES(463839825480, 3, 'Bang', 1055, 1705767, 0);
INSERT INTO interacts VALUES(463839825480, 3, 'Bang', 3035, 1706887, 1);
INSERT INTO interacts VALUES(463839825480, 3, 'Bang', 2140, 1707497, 1);
INSERT INTO interacts VALUES(463839825480, 3, 'Faker', 1056, 1710293, 0);
INSERT INTO interacts VALUES(463839825480, 3, 'Faker', 1058, 1710812, 1);
INSERT INTO interacts VALUES(463839825480, 3, 'Blank', 3026, 1710880, 1);
INSERT INTO interacts VALUES(463839825480, 3, 'Blank', 2043, 1712278, 1);
INSERT INTO interacts VALUES(463839825480, 3, 'Blank', 2043, 1712442, 1);
INSERT INTO interacts VALUES(463839825480, 3, 'Mata', 3098, 1715925, 1);
INSERT INTO interacts VALUES(463839825480, 3, 'Mata', 2043, 1716828, 1);
INSERT INTO interacts VALUES(463839825480, 3, 'Mata', 2043, 1716960, 1);
INSERT INTO interacts VALUES(463839825480, 3, 'Mlxg', 1028, 1755427, 1);
INSERT INTO interacts VALUES(463839825480, 3, 'Mlxg', 2043, 1756369, 1);
INSERT INTO interacts VALUES(463839825480, 3, 'Uzi', 2140, 1771105, 1);
INSERT INTO interacts VALUES(463839825480, 3, 'Uzi', 2043, 1775590, 0);
INSERT INTO interacts VALUES(463839825480, 3, 'Xiaohu', 1026, 1799136, 1);
INSERT INTO matches VALUES(463839825480, 4, '2016-10-14');
INSERT INTO scores VALUES('SKT', 463839825480, 4, 0, 1, 0, 0, 0, 0);
INSERT INTO scores VALUES('RNG', 463839825480, 4, 1, 9, 0, 1, 3, 1);
INSERT INTO bans VALUES(463839825480, 4, 13, 1);
INSERT INTO bans VALUES(463839825480, 4, 2, 3);
INSERT INTO bans VALUES(463839825480, 4, 134, 5);
INSERT INTO bans VALUES(463839825480, 4, 51, 2);
INSERT INTO bans VALUES(463839825480, 4, 76, 4);
INSERT INTO bans VALUES(463839825480, 4, 126, 6);
INSERT INTO plays VALUES(463839825480, 4, 'Looper', 85, 'top', 1, 5, 4, 14224, 15, 5, 207, 2, 0, 10035);
INSERT INTO plays VALUES(463839825480, 4, 'Mlxg', 64, 'jungle', 3, 5, 3, 10084, 35, 9, 26, 73, 4, 9515);
INSERT INTO plays VALUES(463839825480, 4, 'Xiaohu', 136, 'mid', 2, 5, 4, 10765, 16, 6, 236, 4, 1, 10302);
INSERT INTO plays VALUES(463839825480, 4, 'Uzi', 81, 'adc', 2, 2, 1, 12289, 14, 3, 267, 16, 0, 11238);
INSERT INTO plays VALUES(463839825480, 4, 'Mata', 43, 'support', 1, 5, 3, 6533, 46, 18, 32, 1, 0, 7413);
INSERT INTO plays VALUES(463839825480, 4, 'Duke', 39, 'top', 7, 1, 4, 15678, 15, 5, 240, 5, 4, 13652);
INSERT INTO plays VALUES(463839825480, 4, 'Blank', 60, 'jungle', 2, 1, 14, 10190, 26, 19, 41, 71, 20, 12329);
INSERT INTO plays VALUES(463839825480, 4, 'Faker', 90, 'mid', 6, 3, 10, 18536, 16, 6, 243, 10, 6, 14003);
INSERT INTO plays VALUES(463839825480, 4, 'Bang', 202, 'adc', 7, 1, 8, 17261, 13, 4, 246, 16, 1, 13882);
INSERT INTO plays VALUES(463839825480, 4, 'Wolf', 143, 'support', 0, 3, 14, 11404, 35, 26, 34, 0, 0, 9332);
INSERT INTO interacts VALUES(463839825480, 4, 'Uzi', 1055, 1491, 1);
INSERT INTO interacts VALUES(463839825480, 4, 'Mata', 3303, 1589, 1);
INSERT INTO interacts VALUES(463839825480, 4, 'Uzi', 3340, 1945, 1);
INSERT INTO interacts VALUES(463839825480, 4, 'Mata', 2010, 1945, 1);
INSERT INTO interacts VALUES(463839825480, 4, 'Mata', 2010, 2105, 1);
INSERT INTO interacts VALUES(463839825480, 4, 'Uzi', 2010, 2138, 1);
INSERT INTO interacts VALUES(463839825480, 4, 'Blank', 1039, 2202, 1);
INSERT INTO interacts VALUES(463839825480, 4, 'Mata', 2010, 2235, 1);
INSERT INTO interacts VALUES(463839825480, 4, 'Mata', 3340, 2396, 1);
INSERT INTO interacts VALUES(463839825480, 4, 'Mlxg', 1041, 2428, 1);
INSERT INTO interacts VALUES(463839825480, 4, 'Faker', 1056, 2525, 1);
INSERT INTO interacts VALUES(463839825480, 4, 'Xiaohu', 3340, 2623, 1);
INSERT INTO interacts VALUES(463839825480, 4, 'Mlxg', 2031, 2656, 1);
INSERT INTO interacts VALUES(463839825480, 4, 'Faker', 2003, 2949, 1);
INSERT INTO interacts VALUES(463839825480, 4, 'Mlxg', 3340, 3176, 1);
INSERT INTO interacts VALUES(463839825480, 4, 'Faker', 3340, 3176, 1);
INSERT INTO interacts VALUES(463839825480, 4, 'Blank', 2031, 3534, 1);
INSERT INTO interacts VALUES(463839825480, 4, 'Bang', 1055, 3824, 1);
INSERT INTO interacts VALUES(463839825480, 4, 'Faker', 2003, 3857, 1);
INSERT INTO interacts VALUES(463839825480, 4, 'Bang', 2010, 4019, 1);
INSERT INTO interacts VALUES(463839825480, 4, 'Bang', 3340, 4277, 1);
INSERT INTO interacts VALUES(463839825480, 4, 'Xiaohu', 2033, 4698, 1);
INSERT INTO interacts VALUES(463839825480, 4, 'Looper', 1055, 5313, 1);
INSERT INTO interacts VALUES(463839825480, 4, 'Looper', 2003, 5640, 1);
INSERT INTO interacts VALUES(463839825480, 4, 'Duke', 2033, 5897, 1);
INSERT INTO interacts VALUES(463839825480, 4, 'Looper', 3340, 5930, 1);
INSERT INTO interacts VALUES(463839825480, 4, 'Duke', 3340, 6092, 1);
INSERT INTO interacts VALUES(463839825480, 4, 'Wolf', 3303, 7062, 1);
INSERT INTO interacts VALUES(463839825480, 4, 'Wolf', 2010, 7676, 1);
INSERT INTO interacts VALUES(463839825480, 4, 'Wolf', 2010, 7805, 1);
INSERT INTO interacts VALUES(463839825480, 4, 'Wolf', 2010, 7934, 1);
INSERT INTO interacts VALUES(463839825480, 4, 'Wolf', 3340, 8191, 1);
INSERT INTO interacts VALUES(463839825480, 4, 'Looper', 1055, 224285, 1);
INSERT INTO interacts VALUES(463839825480, 4, 'Looper', 2043, 227083, 1);
INSERT INTO interacts VALUES(463839825480, 4, 'Looper', 2003, 227372, 1);
INSERT INTO interacts VALUES(463839825480, 4, 'Wolf', 1001, 241018, 1);
INSERT INTO interacts VALUES(463839825480, 4, 'Mlxg', 3711, 242739, 1);
INSERT INTO interacts VALUES(463839825480, 4, 'Wolf', 2043, 242910, 1);
INSERT INTO interacts VALUES(463839825480, 4, 'Xiaohu', 1082, 244296, 1);
INSERT INTO interacts VALUES(463839825480, 4, 'Wolf', 2031, 244916, 1);
INSERT INTO interacts VALUES(463839825480, 4, 'Xiaohu', 1001, 245663, 1);
INSERT INTO interacts VALUES(463839825480, 4, 'Mlxg', 2043, 246309, 1);
INSERT INTO interacts VALUES(463839825480, 4, 'Xiaohu', 2043, 246377, 1);
INSERT INTO interacts VALUES(463839825480, 4, 'Mata', 1028, 250984, 1);
INSERT INTO interacts VALUES(463839825480, 4, 'Mata', 2043, 252057, 1);
INSERT INTO interacts VALUES(463839825480, 4, 'Mata', 2031, 252442, 1);
INSERT INTO interacts VALUES(463839825480, 4, 'Duke', 1055, 253256, 1);
INSERT INTO interacts VALUES(463839825480, 4, 'Uzi', 3070, 253817, 1);
INSERT INTO interacts VALUES(463839825480, 4, 'Duke', 2043, 254077, 1);
INSERT INTO interacts VALUES(463839825480, 4, 'Mata', 2031, 255170, 1);
INSERT INTO interacts VALUES(463839825480, 4, 'Uzi', 1001, 255986, 1);
INSERT INTO interacts VALUES(463839825480, 4, 'Mata', 2010, 256831, 1);
INSERT INTO interacts VALUES(463839825480, 4, 'Mata', 2010, 256964, 1);
INSERT INTO interacts VALUES(463839825480, 4, 'Mata', 2010, 257254, 1);
INSERT INTO interacts VALUES(463839825480, 4, 'Uzi', 2010, 257315, 1);
INSERT INTO interacts VALUES(463839825480, 4, 'Mata', 2043, 258165, 1);
INSERT INTO interacts VALUES(463839825480, 4, 'Faker', 1056, 276597, 1);
INSERT INTO interacts VALUES(463839825480, 4, 'Faker', 1001, 276929, 1);
INSERT INTO interacts VALUES(463839825480, 4, 'Faker', 2043, 277501, 1);
INSERT INTO interacts VALUES(463839825480, 4, 'Blank', 3711, 309324, 1);
INSERT INTO interacts VALUES(463839825480, 4, 'Blank', 1001, 311236, 1);
INSERT INTO interacts VALUES(463839825480, 4, 'Bang', 1036, 314615, 1);
INSERT INTO interacts VALUES(463839825480, 4, 'Bang', 1036, 314743, 1);
INSERT INTO interacts VALUES(463839825480, 4, 'Bang', 1036, 317469, 1);
INSERT INTO interacts VALUES(463839825480, 4, 'Wolf', 1028, 387068, 1);
INSERT INTO interacts VALUES(463839825480, 4, 'Wolf', 2043, 387779, 1);
INSERT INTO interacts VALUES(463839825480, 4, 'Looper', 1001, 391485, 1);
INSERT INTO interacts VALUES(463839825480, 4, 'Looper', 1052, 393433, 1);
INSERT INTO interacts VALUES(463839825480, 4, 'Looper', 2003, 395862, 1);
INSERT INTO interacts VALUES(463839825480, 4, 'Duke', 1028, 402033, 1);
INSERT INTO interacts VALUES(463839825480, 4, 'Duke', 1036, 403005, 1);
INSERT INTO interacts VALUES(463839825480, 4, 'Uzi', 1037, 406609, 1);
INSERT INTO interacts VALUES(463839825480, 4, 'Mata', 2049, 407163, 1);
INSERT INTO interacts VALUES(463839825480, 4, 'Mata', 2043, 407489, 1);
INSERT INTO interacts VALUES(463839825480, 4, 'Uzi', 2010, 407811, 1);
INSERT INTO interacts VALUES(463839825480, 4, 'Mata', 3341, 408528, 1);
INSERT INTO interacts VALUES(463839825480, 4, 'Xiaohu', 3111, 422019, 1);
INSERT INTO interacts VALUES(463839825480, 4, 'Xiaohu', 1028, 423397, 1);
INSERT INTO interacts VALUES(463839825480, 4, 'Xiaohu', 2043, 427168, 1);
INSERT INTO interacts VALUES(463839825480, 4, 'Mlxg', 1036, 445349, 1);
INSERT INTO interacts VALUES(463839825480, 4, 'Mlxg', 1036, 445483, 1);
INSERT INTO interacts VALUES(463839825480, 4, 'Mlxg', 2043, 446261, 1);
INSERT INTO interacts VALUES(463839825480, 4, 'Mlxg', 2043, 448208, 1);
INSERT INTO interacts VALUES(463839825480, 4, 'Faker', 3802, 458377, 1);
INSERT INTO interacts VALUES(463839825480, 4, 'Faker', 2043, 459120, 1);
INSERT INTO interacts VALUES(463839825480, 4, 'Blank', 3113, 491929, 1);
INSERT INTO interacts VALUES(463839825480, 4, 'Blank', 2043, 493491, 1);
INSERT INTO interacts VALUES(463839825480, 4, 'Blank', 3341, 493773, 1);
INSERT INTO interacts VALUES(463839825480, 4, 'Mata', 1001, 505447, 1);
INSERT INTO interacts VALUES(463839825480, 4, 'Mata', 2010, 513357, 1);
INSERT INTO interacts VALUES(463839825480, 4, 'Bang', 3133, 547812, 1);
INSERT INTO interacts VALUES(463839825480, 4, 'Wolf', 2049, 547974, 1);
INSERT INTO interacts VALUES(463839825480, 4, 'Wolf', 3341, 548237, 1);
INSERT INTO interacts VALUES(463839825480, 4, 'Bang', 3134, 549620, 1);
INSERT INTO interacts VALUES(463839825480, 4, 'Bang', 2010, 550414, 1);
INSERT INTO interacts VALUES(463839825480, 4, 'Wolf', 1001, 555260, 1);
INSERT INTO interacts VALUES(463839825480, 4, 'Xiaohu', 3010, 574365, 1);
INSERT INTO interacts VALUES(463839825480, 4, 'Xiaohu', 2043, 576227, 1);
INSERT INTO interacts VALUES(463839825480, 4, 'Uzi', 3004, 576938, 1);
INSERT INTO interacts VALUES(463839825480, 4, 'Uzi', 2043, 577328, 1);
INSERT INTO interacts VALUES(463839825480, 4, 'Uzi', 2010, 579024, 1);
INSERT INTO interacts VALUES(463839825480, 4, 'Uzi', 2010, 579149, 1);
INSERT INTO interacts VALUES(463839825480, 4, 'Mata', 2043, 585402, 1);
INSERT INTO interacts VALUES(463839825480, 4, 'Looper', 3145, 614146, 1);
INSERT INTO interacts VALUES(463839825480, 4, 'Looper', 1028, 617754, 1);
INSERT INTO interacts VALUES(463839825480, 4, 'Blank', 1410, 640204, 1);
INSERT INTO interacts VALUES(463839825480, 4, 'Duke', 3155, 648506, 1);
INSERT INTO interacts VALUES(463839825480, 4, 'Duke', 1033, 653282, 1);
INSERT INTO interacts VALUES(463839825480, 4, 'Mlxg', 1408, 673721, 1);
INSERT INTO interacts VALUES(463839825480, 4, 'Mlxg', 2043, 674767, 1);
INSERT INTO interacts VALUES(463839825480, 4, 'Mlxg', 3341, 675185, 1);
INSERT INTO interacts VALUES(463839825480, 4, 'Xiaohu', 3145, 770021, 1);
INSERT INTO interacts VALUES(463839825480, 4, 'Faker', 3165, 770411, 1);
INSERT INTO interacts VALUES(463839825480, 4, 'Faker', 2031, 771289, 1);
INSERT INTO interacts VALUES(463839825480, 4, 'Faker', 2043, 771678, 1);
INSERT INTO interacts VALUES(463839825480, 4, 'Mata', 3158, 772977, 1);
INSERT INTO interacts VALUES(463839825480, 4, 'Mata', 2043, 773463, 1);
INSERT INTO interacts VALUES(463839825480, 4, 'Looper', 3152, 779994, 1);
INSERT INTO interacts VALUES(463839825480, 4, 'Duke', 3111, 780373, 1);
INSERT INTO interacts VALUES(463839825480, 4, 'Mlxg', 3111, 819550, 1);
INSERT INTO interacts VALUES(463839825480, 4, 'Mlxg', 3364, 820464, 1);
INSERT INTO interacts VALUES(463839825480, 4, 'Wolf', 3117, 830433, 1);
INSERT INTO interacts VALUES(463839825480, 4, 'Wolf', 2043, 831181, 1);
INSERT INTO interacts VALUES(463839825480, 4, 'Wolf', 2043, 832379, 1);
INSERT INTO interacts VALUES(463839825480, 4, 'Blank', 2031, 836011, 0);
INSERT INTO interacts VALUES(463839825480, 4, 'Blank', 3364, 837184, 1);
INSERT INTO interacts VALUES(463839825480, 4, 'Blank', 3105, 837932, 1);
INSERT INTO interacts VALUES(463839825480, 4, 'Uzi', 3057, 855675, 1);
INSERT INTO interacts VALUES(463839825480, 4, 'Uzi', 3363, 856158, 1);
INSERT INTO interacts VALUES(463839825480, 4, 'Uzi', 2010, 860500, 1);
INSERT INTO interacts VALUES(463839825480, 4, 'Uzi', 2010, 860630, 1);
INSERT INTO interacts VALUES(463839825480, 4, 'Uzi', 1027, 861108, 1);
INSERT INTO interacts VALUES(463839825480, 4, 'Bang', 3142, 887489, 1);
INSERT INTO interacts VALUES(463839825480, 4, 'Bang', 3009, 887781, 1);
INSERT INTO interacts VALUES(463839825480, 4, 'Bang', 1036, 888527, 1);
INSERT INTO interacts VALUES(463839825480, 4, 'Bang', 3363, 890252, 1);
INSERT INTO interacts VALUES(463839825480, 4, 'Blank', 2043, 897957, 1);
INSERT INTO interacts VALUES(463839825480, 4, 'Mata', 2043, 906930, 1);
INSERT INTO interacts VALUES(463839825480, 4, 'Mata', 2031, 907321, 1);
INSERT INTO interacts VALUES(463839825480, 4, 'Duke', 1036, 908653, 1);
INSERT INTO interacts VALUES(463839825480, 4, 'Wolf', 3098, 924776, 1);
INSERT INTO interacts VALUES(463839825480, 4, 'Looper', 1058, 927801, 1);
INSERT INTO interacts VALUES(463839825480, 4, 'Xiaohu', 3030, 928415, 1);
INSERT INTO interacts VALUES(463839825480, 4, 'Looper', 1028, 933827, 1);
INSERT INTO interacts VALUES(463839825480, 4, 'Mlxg', 3155, 943978, 1);
INSERT INTO interacts VALUES(463839825480, 4, 'Mlxg', 2043, 944317, 1);
INSERT INTO interacts VALUES(463839825480, 4, 'Uzi', 3158, 989091, 1);
INSERT INTO interacts VALUES(463839825480, 4, 'Uzi', 1029, 990366, 1);
INSERT INTO interacts VALUES(463839825480, 4, 'Mata', 3098, 994187, 1);
INSERT INTO interacts VALUES(463839825480, 4, 'Xiaohu', 1033, 999249, 1);
INSERT INTO interacts VALUES(463839825480, 4, 'Wolf', 2301, 1007472, 1);
INSERT INTO interacts VALUES(463839825480, 4, 'Wolf', 2043, 1007739, 1);
INSERT INTO interacts VALUES(463839825480, 4, 'Mlxg', 1028, 1016688, 1);
INSERT INTO interacts VALUES(463839825480, 4, 'Bang', 1038, 1027559, 1);
INSERT INTO interacts VALUES(463839825480, 4, 'Duke', 3044, 1028630, 1);
INSERT INTO interacts VALUES(463839825480, 4, 'Duke', 1042, 1035679, 1);
INSERT INTO interacts VALUES(463839825480, 4, 'Faker', 3116, 1051036, 1);
INSERT INTO interacts VALUES(463839825480, 4, 'Faker', 3363, 1053672, 1);
INSERT INTO interacts VALUES(463839825480, 4, 'Blank', 3190, 1061096, 1);
INSERT INTO interacts VALUES(463839825480, 4, 'Blank', 1028, 1062137, 1);
INSERT INTO interacts VALUES(463839825480, 4, 'Blank', 2043, 1067247, 1);
INSERT INTO interacts VALUES(463839825480, 4, 'Looper', 3111, 1150246, 1);
INSERT INTO interacts VALUES(463839825480, 4, 'Mlxg', 1011, 1155317, 1);
INSERT INTO interacts VALUES(463839825480, 4, 'Mata', 2301, 1173824, 1);
INSERT INTO interacts VALUES(463839825480, 4, 'Mata', 2043, 1174230, 1);
INSERT INTO interacts VALUES(463839825480, 4, 'Xiaohu', 3140, 1181633, 1);
INSERT INTO interacts VALUES(463839825480, 4, 'Uzi', 3025, 1181736, 1);
INSERT INTO interacts VALUES(463839825480, 4, 'Xiaohu', 1028, 1183228, 1);
INSERT INTO interacts VALUES(463839825480, 4, 'Uzi', 2043, 1183327, 1);
INSERT INTO interacts VALUES(463839825480, 4, 'Uzi', 2010, 1184432, 1);
INSERT INTO interacts VALUES(463839825480, 4, 'Faker', 3020, 1191578, 1);
INSERT INTO interacts VALUES(463839825480, 4, 'Bang', 3134, 1210043, 1);
INSERT INTO interacts VALUES(463839825480, 4, 'Duke', 3078, 1211049, 1);
INSERT INTO interacts VALUES(463839825480, 4, 'Wolf', 1052, 1211208, 1);
INSERT INTO interacts VALUES(463839825480, 4, 'Wolf', 1028, 1211572, 1);
INSERT INTO interacts VALUES(463839825480, 4, 'Duke', 2043, 1212557, 1);
INSERT INTO interacts VALUES(463839825480, 4, 'Wolf', 3364, 1213190, 1);
INSERT INTO interacts VALUES(463839825480, 4, 'Wolf', 2043, 1213385, 1);
INSERT INTO interacts VALUES(463839825480, 4, 'Blank', 3158, 1231182, 1);
INSERT INTO interacts VALUES(463839825480, 4, 'Blank', 1033, 1234846, 1);
INSERT INTO interacts VALUES(463839825480, 4, 'Blank', 1029, 1237570, 1);
INSERT INTO interacts VALUES(463839825480, 4, 'Blank', 2043, 1238937, 1);
INSERT INTO interacts VALUES(463839825480, 4, 'Blank', 2043, 1239130, 1);
INSERT INTO interacts VALUES(463839825480, 4, 'Looper', 1055, 1285879, 0);
INSERT INTO interacts VALUES(463839825480, 4, 'Looper', 1011, 1289432, 1);
INSERT INTO interacts VALUES(463839825480, 4, 'Looper', 1052, 1289872, 1);
INSERT INTO interacts VALUES(463839825480, 4, 'Mlxg', 2031, 1291514, 0);
INSERT INTO interacts VALUES(463839825480, 4, 'Mlxg', 1031, 1292813, 1);
INSERT INTO interacts VALUES(463839825480, 4, 'Mlxg', 2043, 1321493, 1);
INSERT INTO interacts VALUES(463839825480, 4, 'Mata', 1033, 1367275, 1);
INSERT INTO interacts VALUES(463839825480, 4, 'Mata', 1028, 1367495, 1);
INSERT INTO interacts VALUES(463839825480, 4, 'Mata', 2043, 1369023, 1);
INSERT INTO interacts VALUES(463839825480, 4, 'Mata', 3364, 1370747, 1);
INSERT INTO interacts VALUES(463839825480, 4, 'Faker', 2031, 1381190, 0);
INSERT INTO interacts VALUES(463839825480, 4, 'Faker', 1026, 1383232, 1);
INSERT INTO interacts VALUES(463839825480, 4, 'Wolf', 3136, 1391935, 1);
INSERT INTO interacts VALUES(463839825480, 4, 'Wolf', 2043, 1392567, 1);
INSERT INTO interacts VALUES(463839825480, 4, 'Wolf', 2043, 1392665, 1);
INSERT INTO interacts VALUES(463839825480, 4, 'Looper', 1055, 1394232, 0);
INSERT INTO interacts VALUES(463839825480, 4, 'Looper', 3116, 1395627, 1);
INSERT INTO interacts VALUES(463839825480, 4, 'Duke', 3067, 1397809, 1);
INSERT INTO interacts VALUES(463839825480, 4, 'Looper', 2043, 1398106, 1);
INSERT INTO interacts VALUES(463839825480, 4, 'Looper', 3363, 1398448, 1);
INSERT INTO interacts VALUES(463839825480, 4, 'Uzi', 3140, 1399487, 1);
INSERT INTO interacts VALUES(463839825480, 4, 'Uzi', 2043, 1400005, 1);
INSERT INTO interacts VALUES(463839825480, 4, 'Xiaohu', 2033, 1421385, 0);
INSERT INTO interacts VALUES(463839825480, 4, 'Xiaohu', 1058, 1423105, 1);
INSERT INTO interacts VALUES(463839825480, 4, 'Blank', 1011, 1424193, 1);
INSERT INTO interacts VALUES(463839825480, 4, 'Bang', 3147, 1424763, 1);
INSERT INTO interacts VALUES(463839825480, 4, 'Blank', 1031, 1426059, 1);
INSERT INTO interacts VALUES(463839825480, 4, 'Bang', 1037, 1426395, 1);
INSERT INTO interacts VALUES(463839825480, 4, 'Bang', 3035, 1427494, 1);
INSERT INTO interacts VALUES(463839825480, 4, 'Bang', 2043, 1430493, 1);
INSERT INTO interacts VALUES(463839825480, 4, 'Looper', 1052, 1455761, 1);
INSERT INTO interacts VALUES(463839825480, 4, 'Mlxg', 2043, 1455853, 1);
INSERT INTO interacts VALUES(463839825480, 4, 'Mlxg', 2043, 1455987, 1);
INSERT INTO interacts VALUES(463839825480, 4, 'Mata', 2043, 1464973, 1);
INSERT INTO interacts VALUES(463839825480, 4, 'Mata', 2043, 1465101, 1);
INSERT INTO interacts VALUES(463839825480, 4, 'Uzi', 1036, 1513310, 1);
INSERT INTO interacts VALUES(463839825480, 4, 'Mata', 3105, 1515371, 1);
INSERT INTO interacts VALUES(463839825480, 4, 'Xiaohu', 1011, 1517307, 1);
INSERT INTO interacts VALUES(463839825480, 4, 'Blank', 2043, 1550373, 1);
INSERT INTO interacts VALUES(463839825480, 4, 'Blank', 2043, 1550471, 1);
INSERT INTO interacts VALUES(463839825480, 4, 'Wolf', 1026, 1550698, 1);
INSERT INTO interacts VALUES(463839825480, 4, 'Wolf', 2043, 1551901, 1);
INSERT INTO interacts VALUES(463839825480, 4, 'Duke', 3065, 1559796, 1);
INSERT INTO interacts VALUES(463839825480, 4, 'Looper', 2043, 1567750, 1);
INSERT INTO interacts VALUES(463839825480, 4, 'Bang', 3036, 1569053, 1);
INSERT INTO interacts VALUES(463839825480, 4, 'Bang', 1033, 1570577, 1);
INSERT INTO interacts VALUES(463839825480, 4, 'Mlxg', 3742, 1601455, 1);
INSERT INTO interacts VALUES(463839825480, 4, 'Faker', 3135, 1605116, 1);
INSERT INTO interacts VALUES(463839825480, 4, 'Looper', 1026, 1624742, 1);
INSERT INTO interacts VALUES(463839825480, 4, 'Xiaohu', 3116, 1672859, 1);
INSERT INTO interacts VALUES(463839825480, 4, 'Bang', 3140, 1672892, 1);
INSERT INTO interacts VALUES(463839825480, 4, 'Faker', 1056, 1722257, 0);
INSERT INTO interacts VALUES(463839825480, 4, 'Faker', 1058, 1723399, 1);
INSERT INTO interacts VALUES(463839825480, 4, 'Mata', 3190, 1735529, 1);
INSERT INTO interacts VALUES(463839825480, 4, 'Mlxg', 1033, 1737444, 1);
INSERT INTO interacts VALUES(463839825480, 4, 'Wolf', 3151, 1737869, 1);
INSERT INTO interacts VALUES(463839825480, 4, 'Wolf', 1011, 1739749, 1);
INSERT INTO interacts VALUES(463839825480, 4, 'Uzi', 3155, 1740052, 1);
INSERT INTO interacts VALUES(463839825480, 4, 'Duke', 3156, 1741204, 1);
INSERT INTO interacts VALUES(463839825480, 4, 'Uzi', 1055, 1741464, 0);
INSERT INTO interacts VALUES(463839825480, 4, 'Duke', 1055, 1742213, 0);
INSERT INTO interacts VALUES(463839825480, 4, 'Uzi', 3134, 1743711, 1);
INSERT INTO interacts VALUES(463839825480, 4, 'Mlxg', 2043, 1744750, 1);
INSERT INTO interacts VALUES(463839825480, 4, 'Duke', 1029, 1744789, 1);
INSERT INTO interacts VALUES(463839825480, 4, 'Mlxg', 2043, 1746899, 1);
INSERT INTO interacts VALUES(463839825480, 4, 'Blank', 3742, 1747050, 1);
INSERT INTO interacts VALUES(463839825480, 4, 'Blank', 1057, 1748343, 1);
INSERT INTO interacts VALUES(463839825480, 4, 'Blank', 1031, 1749594, 1);
INSERT INTO interacts VALUES(463839825480, 4, 'Xiaohu', 1082, 1812164, 0);
INSERT INTO interacts VALUES(463839825480, 4, 'Xiaohu', 1026, 1813174, 1);
INSERT INTO interacts VALUES(463839825480, 4, 'Mata', 1033, 1835342, 1);
INSERT INTO interacts VALUES(463839825480, 4, 'Mata', 2043, 1836578, 1);
INSERT INTO series VALUES(940756779511, '5');
INSERT INTO organizes VALUES('world_championship_2016', 940756779511, 'elimination - R1M1');
INSERT INTO competes VALUES(940756779511, 'ROX', 1);
INSERT INTO competes VALUES(940756779511, 'EDG', 0);
INSERT INTO matches VALUES(940756779511, 1, '2016-10-15');
INSERT INTO scores VALUES('ROX', 940756779511, 1, 2, 10, 0, 1, 3, 1);
INSERT INTO scores VALUES('EDG', 940756779511, 1, 0, 1, 0, 0, 1, 0);
INSERT INTO bans VALUES(940756779511, 1, 421, 1);
INSERT INTO bans VALUES(940756779511, 1, 78, 3);
INSERT INTO bans VALUES(940756779511, 1, 134, 5);
INSERT INTO bans VALUES(940756779511, 1, 60, 2);
INSERT INTO bans VALUES(940756779511, 1, 76, 4);
INSERT INTO bans VALUES(940756779511, 1, 202, 6);
INSERT INTO plays VALUES(940756779511, 1, 'Smeb', 126, 'top', 2, 1, 10, 22807, 21, 8, 283, 15, 10, 14962);
INSERT INTO plays VALUES(940756779511, 1, 'Peanut', 64, 'jungle', 3, 1, 10, 7179, 31, 16, 26, 94, 20, 13884);
INSERT INTO plays VALUES(940756779511, 1, 'Kuro', 136, 'mid', 7, 0, 6, 20992, 19, 13, 273, 11, 4, 15137);
INSERT INTO plays VALUES(940756779511, 1, 'PraY', 51, 'adc', 5, 1, 6, 19220, 16, 11, 314, 13, 6, 16381);
INSERT INTO plays VALUES(940756779511, 1, 'GorillA', 143, 'support', 1, 1, 6, 10767, 56, 19, 27, 0, 0, 10143);
INSERT INTO players VALUES('Koro1', date('1970-01-01'));
INSERT INTO registers VALUES('Koro1', 'EDG', date('1970-01-01'), 'NULL');
INSERT INTO plays VALUES(940756779511, 1, 'Koro1', 68, 'top', 1, 7, 1, 13728, 18, 3, 267, 10, 0, 11444);
INSERT INTO plays VALUES(940756779511, 1, 'Clearlove', 2, 'jungle', 0, 3, 2, 5410, 37, 23, 42, 101, 2, 10348);
INSERT INTO players VALUES('Scout', date('1970-01-01'));
INSERT INTO registers VALUES('Scout', 'EDG', date('1970-01-01'), 'NULL');
INSERT INTO plays VALUES(940756779511, 1, 'Scout', 13, 'mid', 2, 3, 1, 11541, 19, 9, 301, 18, 0, 12605);
INSERT INTO plays VALUES(940756779511, 1, 'Deft', 81, 'adc', 1, 2, 2, 31670, 16, 8, 322, 14, 1, 12282);
INSERT INTO plays VALUES(940756779511, 1, 'Meiko', 43, 'support', 0, 3, 3, 6938, 51, 21, 33, 0, 0, 7591);
INSERT INTO interacts VALUES(940756779511, 1, 'Scout', 3340, 1779, 1);
INSERT INTO interacts VALUES(940756779511, 1, 'PraY', 1055, 1817, 1);
INSERT INTO interacts VALUES(940756779511, 1, 'Peanut', 1041, 1875, 1);
INSERT INTO interacts VALUES(940756779511, 1, 'Deft', 1055, 1908, 1);
INSERT INTO interacts VALUES(940756779511, 1, 'Scout', 1027, 2075, 1);
INSERT INTO interacts VALUES(940756779511, 1, 'Peanut', 2031, 2133, 1);
INSERT INTO interacts VALUES(940756779511, 1, 'PraY', 2003, 2133, 1);
INSERT INTO interacts VALUES(940756779511, 1, 'Deft', 3340, 2133, 1);
INSERT INTO interacts VALUES(940756779511, 1, 'Peanut', 3340, 2360, 1);
INSERT INTO interacts VALUES(940756779511, 1, 'PraY', 3340, 2457, 1);
INSERT INTO interacts VALUES(940756779511, 1, 'Scout', 2031, 2850, 1);
INSERT INTO interacts VALUES(940756779511, 1, 'Koro1', 1054, 3039, 1);
INSERT INTO interacts VALUES(940756779511, 1, 'GorillA', 3303, 3110, 1);
INSERT INTO interacts VALUES(940756779511, 1, 'Clearlove', 1039, 3170, 1);
INSERT INTO interacts VALUES(940756779511, 1, 'Deft', 2003, 3268, 1);
INSERT INTO interacts VALUES(940756779511, 1, 'Koro1', 2003, 3302, 1);
INSERT INTO interacts VALUES(940756779511, 1, 'Koro1', 3340, 3496, 1);
INSERT INTO interacts VALUES(940756779511, 1, 'GorillA', 2010, 3631, 1);
INSERT INTO interacts VALUES(940756779511, 1, 'Smeb', 1055, 3691, 1);
INSERT INTO interacts VALUES(940756779511, 1, 'GorillA', 2010, 3854, 1);
INSERT INTO interacts VALUES(940756779511, 1, 'Kuro', 2033, 3920, 1);
INSERT INTO interacts VALUES(940756779511, 1, 'Smeb', 2003, 3920, 1);
INSERT INTO interacts VALUES(940756779511, 1, 'GorillA', 2010, 3953, 1);
INSERT INTO interacts VALUES(940756779511, 1, 'Clearlove', 3340, 3953, 1);
INSERT INTO interacts VALUES(940756779511, 1, 'Smeb', 3340, 4154, 1);
INSERT INTO interacts VALUES(940756779511, 1, 'Kuro', 3340, 4372, 1);
INSERT INTO interacts VALUES(940756779511, 1, 'GorillA', 3340, 4413, 1);
INSERT INTO interacts VALUES(940756779511, 1, 'Clearlove', 2031, 4536, 1);
INSERT INTO interacts VALUES(940756779511, 1, 'Meiko', 3303, 5349, 1);
INSERT INTO interacts VALUES(940756779511, 1, 'Meiko', 2010, 5543, 1);
INSERT INTO interacts VALUES(940756779511, 1, 'Meiko', 2010, 5672, 1);
INSERT INTO interacts VALUES(940756779511, 1, 'Meiko', 2010, 5801, 1);
INSERT INTO interacts VALUES(940756779511, 1, 'Meiko', 3340, 6028, 1);
INSERT INTO interacts VALUES(940756779511, 1, 'Kuro', 1001, 181208, 1);
INSERT INTO interacts VALUES(940756779511, 1, 'Kuro', 2043, 182802, 1);
INSERT INTO interacts VALUES(940756779511, 1, 'Scout', 1001, 259165, 1);
INSERT INTO interacts VALUES(940756779511, 1, 'Scout', 3070, 259902, 1);
INSERT INTO interacts VALUES(940756779511, 1, 'Scout', 2043, 260294, 1);
INSERT INTO interacts VALUES(940756779511, 1, 'Clearlove', 2032, 262287, 1);
INSERT INTO interacts VALUES(940756779511, 1, 'Clearlove', 3711, 264543, 1);
INSERT INTO interacts VALUES(940756779511, 1, 'Deft', 3070, 270552, 1);
INSERT INTO interacts VALUES(940756779511, 1, 'Deft', 2043, 271903, 1);
INSERT INTO interacts VALUES(940756779511, 1, 'Kuro', 1082, 275020, 1);
INSERT INTO interacts VALUES(940756779511, 1, 'PraY', 1037, 291930, 1);
INSERT INTO interacts VALUES(940756779511, 1, 'GorillA', 1028, 292450, 1);
INSERT INTO interacts VALUES(940756779511, 1, 'Meiko', 1028, 292903, 1);
INSERT INTO interacts VALUES(940756779511, 1, 'PraY', 2003, 293489, 1);
INSERT INTO interacts VALUES(940756779511, 1, 'GorillA', 2043, 293783, 1);
INSERT INTO interacts VALUES(940756779511, 1, 'PraY', 2043, 293846, 1);
INSERT INTO interacts VALUES(940756779511, 1, 'GorillA', 2010, 293943, 1);
INSERT INTO interacts VALUES(940756779511, 1, 'GorillA', 2010, 294105, 1);
INSERT INTO interacts VALUES(940756779511, 1, 'Meiko', 2043, 294202, 1);
INSERT INTO interacts VALUES(940756779511, 1, 'Meiko', 2010, 294365, 1);
INSERT INTO interacts VALUES(940756779511, 1, 'Peanut', 3133, 304637, 1);
INSERT INTO interacts VALUES(940756779511, 1, 'Koro1', 3191, 397815, 1);
INSERT INTO interacts VALUES(940756779511, 1, 'Koro1', 2031, 398396, 1);
INSERT INTO interacts VALUES(940756779511, 1, 'Koro1', 2043, 399566, 1);
INSERT INTO interacts VALUES(940756779511, 1, 'Smeb', 3155, 402297, 1);
INSERT INTO interacts VALUES(940756779511, 1, 'Smeb', 1036, 402634, 1);
INSERT INTO interacts VALUES(940756779511, 1, 'Smeb', 2043, 404378, 1);
INSERT INTO interacts VALUES(940756779511, 1, 'Kuro', 3009, 421031, 1);
INSERT INTO interacts VALUES(940756779511, 1, 'Kuro', 1027, 422495, 1);
INSERT INTO interacts VALUES(940756779511, 1, 'GorillA', 2049, 475041, 1);
INSERT INTO interacts VALUES(940756779511, 1, 'GorillA', 3341, 475234, 1);
INSERT INTO interacts VALUES(940756779511, 1, 'GorillA', 2043, 475559, 1);
INSERT INTO interacts VALUES(940756779511, 1, 'GorillA', 2031, 475857, 1);
INSERT INTO interacts VALUES(940756779511, 1, 'PraY', 1001, 476114, 1);
INSERT INTO interacts VALUES(940756779511, 1, 'Koro1', 1001, 476340, 1);
INSERT INTO interacts VALUES(940756779511, 1, 'Clearlove', 3158, 477578, 1);
INSERT INTO interacts VALUES(940756779511, 1, 'Clearlove', 2043, 478847, 1);
INSERT INTO interacts VALUES(940756779511, 1, 'PraY', 1083, 481052, 1);
INSERT INTO interacts VALUES(940756779511, 1, 'PraY', 1042, 481699, 1);
INSERT INTO interacts VALUES(940756779511, 1, 'PraY', 2003, 482067, 1);
INSERT INTO interacts VALUES(940756779511, 1, 'Meiko', 2049, 485079, 1);
INSERT INTO interacts VALUES(940756779511, 1, 'Meiko', 3341, 485531, 1);
INSERT INTO interacts VALUES(940756779511, 1, 'Meiko', 2043, 485823, 1);
INSERT INTO interacts VALUES(940756779511, 1, 'Meiko', 2031, 486506, 1);
INSERT INTO interacts VALUES(940756779511, 1, 'Kuro', 1028, 487390, 1);
INSERT INTO interacts VALUES(940756779511, 1, 'Kuro', 2043, 489138, 1);
INSERT INTO interacts VALUES(940756779511, 1, 'Scout', 3158, 489172, 1);
INSERT INTO interacts VALUES(940756779511, 1, 'Scout', 3010, 494233, 1);
INSERT INTO interacts VALUES(940756779511, 1, 'Deft', 3057, 497413, 1);
INSERT INTO interacts VALUES(940756779511, 1, 'Deft', 1001, 498390, 1);
INSERT INTO interacts VALUES(940756779511, 1, 'Deft', 2003, 499106, 1);
INSERT INTO interacts VALUES(940756779511, 1, 'Peanut', 1408, 514149, 1);
INSERT INTO interacts VALUES(940756779511, 1, 'Peanut', 1001, 514765, 1);
INSERT INTO interacts VALUES(940756779511, 1, 'Koro1', 1028, 526470, 1);
INSERT INTO interacts VALUES(940756779511, 1, 'Peanut', 2043, 536757, 1);
INSERT INTO interacts VALUES(940756779511, 1, 'Smeb', 3134, 544638, 1);
INSERT INTO interacts VALUES(940756779511, 1, 'Smeb', 1001, 547465, 1);
INSERT INTO interacts VALUES(940756779511, 1, 'Smeb', 2031, 549432, 1);
INSERT INTO interacts VALUES(940756779511, 1, 'Kuro', 3010, 574599, 1);
INSERT INTO interacts VALUES(940756779511, 1, 'Kuro', 2043, 576487, 1);
INSERT INTO interacts VALUES(940756779511, 1, 'Smeb', 3156, 660706, 1);
INSERT INTO interacts VALUES(940756779511, 1, 'Smeb', 2043, 661748, 1);
INSERT INTO interacts VALUES(940756779511, 1, 'Scout', 1026, 663505, 1);
INSERT INTO interacts VALUES(940756779511, 1, 'GorillA', 1001, 680095, 1);
INSERT INTO interacts VALUES(940756779511, 1, 'GorillA', 2043, 680451, 1);
INSERT INTO interacts VALUES(940756779511, 1, 'GorillA', 1004, 680612, 1);
INSERT INTO interacts VALUES(940756779511, 1, 'Kuro', 1052, 688103, 1);
INSERT INTO interacts VALUES(940756779511, 1, 'Meiko', 1001, 694174, 1);
INSERT INTO interacts VALUES(940756779511, 1, 'Deft', 1037, 695017, 1);
INSERT INTO interacts VALUES(940756779511, 1, 'Koro1', 3136, 716774, 1);
INSERT INTO interacts VALUES(940756779511, 1, 'Koro1', 2043, 718721, 1);
INSERT INTO interacts VALUES(940756779511, 1, 'PraY', 2003, 719695, 0);
INSERT INTO interacts VALUES(940756779511, 1, 'PraY', 1038, 721399, 1);
INSERT INTO interacts VALUES(940756779511, 1, 'Clearlove', 3751, 747845, 1);
INSERT INTO interacts VALUES(940756779511, 1, 'Clearlove', 1029, 749144, 1);
INSERT INTO interacts VALUES(940756779511, 1, 'Clearlove', 3341, 749532, 1);
INSERT INTO interacts VALUES(940756779511, 1, 'Peanut', 3155, 803819, 1);
INSERT INTO interacts VALUES(940756779511, 1, 'Peanut', 1028, 806010, 1);
INSERT INTO interacts VALUES(940756779511, 1, 'Scout', 3027, 806794, 1);
INSERT INTO interacts VALUES(940756779511, 1, 'Peanut', 2043, 807131, 1);
INSERT INTO interacts VALUES(940756779511, 1, 'Scout', 2043, 807359, 1);
INSERT INTO interacts VALUES(940756779511, 1, 'Scout', 3363, 807910, 1);
INSERT INTO interacts VALUES(940756779511, 1, 'Meiko', 3158, 832447, 1);
INSERT INTO interacts VALUES(940756779511, 1, 'Meiko', 2043, 832786, 1);
INSERT INTO interacts VALUES(940756779511, 1, 'Kuro', 3145, 842480, 1);
INSERT INTO interacts VALUES(940756779511, 1, 'GorillA', 1004, 855192, 0);
INSERT INTO interacts VALUES(940756779511, 1, 'GorillA', 3020, 856491, 1);
INSERT INTO interacts VALUES(940756779511, 1, 'Clearlove', 1409, 861428, 1);
INSERT INTO interacts VALUES(940756779511, 1, 'Clearlove', 3364, 862788, 1);
INSERT INTO interacts VALUES(940756779511, 1, 'Clearlove', 2043, 863147, 1);
INSERT INTO interacts VALUES(940756779511, 1, 'GorillA', 2043, 863636, 1);
INSERT INTO interacts VALUES(940756779511, 1, 'Koro1', 1026, 864967, 1);
INSERT INTO interacts VALUES(940756779511, 1, 'Smeb', 3044, 874970, 1);
INSERT INTO interacts VALUES(940756779511, 1, 'Smeb', 2043, 877022, 1);
INSERT INTO interacts VALUES(940756779511, 1, 'Deft', 3004, 881610, 1);
INSERT INTO interacts VALUES(940756779511, 1, 'Deft', 3158, 883461, 1);
INSERT INTO interacts VALUES(940756779511, 1, 'Deft', 2003, 884207, 1);
INSERT INTO interacts VALUES(940756779511, 1, 'Deft', 3363, 884545, 1);
INSERT INTO interacts VALUES(940756779511, 1, 'PraY', 3031, 915682, 1);
INSERT INTO interacts VALUES(940756779511, 1, 'PraY', 2003, 917444, 1);
INSERT INTO interacts VALUES(940756779511, 1, 'PraY', 3363, 917870, 1);
INSERT INTO interacts VALUES(940756779511, 1, 'Kuro', 3030, 939288, 1);
INSERT INTO interacts VALUES(940756779511, 1, 'Kuro', 3363, 940067, 1);
INSERT INTO interacts VALUES(940756779511, 1, 'Kuro', 2043, 940395, 1);
INSERT INTO interacts VALUES(940756779511, 1, 'Scout', 1026, 961060, 1);
INSERT INTO interacts VALUES(940756779511, 1, 'Scout', 2043, 962655, 1);
INSERT INTO interacts VALUES(940756779511, 1, 'Koro1', 3151, 1007480, 1);
INSERT INTO interacts VALUES(940756779511, 1, 'Koro1', 2043, 1009328, 1);
INSERT INTO interacts VALUES(940756779511, 1, 'Meiko', 2045, 1032887, 1);
INSERT INTO interacts VALUES(940756779511, 1, 'GorillA', 3098, 1050021, 1);
INSERT INTO interacts VALUES(940756779511, 1, 'GorillA', 2043, 1050378, 1);
INSERT INTO interacts VALUES(940756779511, 1, 'Deft', 3024, 1066266, 1);
INSERT INTO interacts VALUES(940756779511, 1, 'Kuro', 1011, 1077545, 1);
INSERT INTO interacts VALUES(940756779511, 1, 'Kuro', 2043, 1078940, 1);
INSERT INTO interacts VALUES(940756779511, 1, 'PraY', 3086, 1091476, 1);
INSERT INTO interacts VALUES(940756779511, 1, 'Meiko', 2043, 1101750, 1);
INSERT INTO interacts VALUES(940756779511, 1, 'Meiko', 2043, 1101912, 1);
INSERT INTO interacts VALUES(940756779511, 1, 'Smeb', 3071, 1103404, 1);
INSERT INTO interacts VALUES(940756779511, 1, 'Scout', 2031, 1104677, 0);
INSERT INTO interacts VALUES(940756779511, 1, 'Scout', 1058, 1105132, 1);
INSERT INTO interacts VALUES(940756779511, 1, 'Smeb', 2043, 1105750, 1);
INSERT INTO interacts VALUES(940756779511, 1, 'Deft', 2003, 1116478, 0);
INSERT INTO interacts VALUES(940756779511, 1, 'Deft', 2043, 1117387, 1);
INSERT INTO interacts VALUES(940756779511, 1, 'Clearlove', 3211, 1117842, 1);
INSERT INTO interacts VALUES(940756779511, 1, 'Peanut', 3105, 1117973, 1);
INSERT INTO interacts VALUES(940756779511, 1, 'Peanut', 1028, 1118923, 1);
INSERT INTO interacts VALUES(940756779511, 1, 'Clearlove', 2043, 1119273, 1);
INSERT INTO interacts VALUES(940756779511, 1, 'Clearlove', 2043, 1119597, 1);
INSERT INTO interacts VALUES(940756779511, 1, 'Koro1', 3020, 1194071, 1);
INSERT INTO interacts VALUES(940756779511, 1, 'Scout', 2043, 1227166, 1);
INSERT INTO interacts VALUES(940756779511, 1, 'Smeb', 3111, 1229162, 1);
INSERT INTO interacts VALUES(940756779511, 1, 'Meiko', 1033, 1230255, 1);
INSERT INTO interacts VALUES(940756779511, 1, 'Deft', 3025, 1230322, 1);
INSERT INTO interacts VALUES(940756779511, 1, 'PraY', 3085, 1249801, 1);
INSERT INTO interacts VALUES(940756779511, 1, 'PraY', 1083, 1250938, 0);
INSERT INTO interacts VALUES(940756779511, 1, 'PraY', 3006, 1252592, 1);
INSERT INTO interacts VALUES(940756779511, 1, 'GorillA', 2301, 1259348, 1);
INSERT INTO interacts VALUES(940756779511, 1, 'GorillA', 1028, 1260476, 1);
INSERT INTO interacts VALUES(940756779511, 1, 'GorillA', 2043, 1261121, 1);
INSERT INTO interacts VALUES(940756779511, 1, 'Peanut', 3190, 1266250, 1);
INSERT INTO interacts VALUES(940756779511, 1, 'GorillA', 3364, 1267523, 1);
INSERT INTO interacts VALUES(940756779511, 1, 'Kuro', 1058, 1268789, 1);
INSERT INTO interacts VALUES(940756779511, 1, 'Peanut', 1028, 1269306, 1);
INSERT INTO interacts VALUES(940756779511, 1, 'Scout', 3003, 1332374, 1);
INSERT INTO interacts VALUES(940756779511, 1, 'Scout', 2043, 1332793, 1);
INSERT INTO interacts VALUES(940756779511, 1, 'GorillA', 1052, 1336503, 1);
INSERT INTO interacts VALUES(940756779511, 1, 'GorillA', 2043, 1337316, 1);
INSERT INTO interacts VALUES(940756779511, 1, 'Meiko', 1028, 1354931, 1);
INSERT INTO interacts VALUES(940756779511, 1, 'Meiko', 2031, 1355782, 0);
INSERT INTO interacts VALUES(940756779511, 1, 'Meiko', 3364, 1356568, 1);
INSERT INTO interacts VALUES(940756779511, 1, 'Kuro', 3116, 1356940, 1);
INSERT INTO interacts VALUES(940756779511, 1, 'Meiko', 2043, 1356940, 1);
INSERT INTO interacts VALUES(940756779511, 1, 'Meiko', 2043, 1357054, 1);
INSERT INTO interacts VALUES(940756779511, 1, 'Kuro', 1028, 1357864, 1);
INSERT INTO interacts VALUES(940756779511, 1, 'Clearlove', 1011, 1364843, 1);
INSERT INTO interacts VALUES(940756779511, 1, 'Koro1', 1026, 1386444, 1);
INSERT INTO interacts VALUES(940756779511, 1, 'Deft', 1053, 1442168, 1);
INSERT INTO interacts VALUES(940756779511, 1, 'Deft', 2043, 1443884, 1);
INSERT INTO interacts VALUES(940756779511, 1, 'Meiko', 3801, 1444242, 1);
INSERT INTO interacts VALUES(940756779511, 1, 'GorillA', 2043, 1465029, 1);
INSERT INTO interacts VALUES(940756779511, 1, 'GorillA', 2043, 1465126, 1);
INSERT INTO interacts VALUES(940756779511, 1, 'PraY', 3035, 1469251, 1);
INSERT INTO interacts VALUES(940756779511, 1, 'PraY', 2043, 1470671, 1);
INSERT INTO interacts VALUES(940756779511, 1, 'Smeb', 1038, 1472954, 1);
INSERT INTO interacts VALUES(940756779511, 1, 'Koro1', 2031, 1473439, 0);
INSERT INTO interacts VALUES(940756779511, 1, 'Koro1', 1052, 1474153, 1);
INSERT INTO interacts VALUES(940756779511, 1, 'Smeb', 2031, 1475552, 0);
INSERT INTO interacts VALUES(940756779511, 1, 'Koro1', 3363, 1477014, 1);
INSERT INTO interacts VALUES(940756779511, 1, 'Smeb', 2043, 1477674, 1);
INSERT INTO interacts VALUES(940756779511, 1, 'Scout', 1052, 1484803, 1);
INSERT INTO interacts VALUES(940756779511, 1, 'Scout', 2043, 1486692, 1);
INSERT INTO interacts VALUES(940756779511, 1, 'Clearlove', 3082, 1496800, 1);
INSERT INTO interacts VALUES(940756779511, 1, 'Clearlove', 2032, 1497808, 0);
INSERT INTO interacts VALUES(940756779511, 1, 'Clearlove', 2043, 1498691, 1);
INSERT INTO interacts VALUES(940756779511, 1, 'Clearlove', 2043, 1498916, 1);
INSERT INTO interacts VALUES(940756779511, 1, 'Scout', 2043, 1533627, 0);
INSERT INTO interacts VALUES(940756779511, 1, 'Scout', 3135, 1534459, 1);
INSERT INTO interacts VALUES(940756779511, 1, 'Meiko', 3105, 1571770, 1);
INSERT INTO interacts VALUES(940756779511, 1, 'Meiko', 2043, 1572228, 1);
INSERT INTO interacts VALUES(940756779511, 1, 'Meiko', 2043, 1572360, 1);
INSERT INTO interacts VALUES(940756779511, 1, 'GorillA', 3136, 1587530, 1);
INSERT INTO interacts VALUES(940756779511, 1, 'GorillA', 2043, 1588553, 1);
INSERT INTO interacts VALUES(940756779511, 1, 'Peanut', 3111, 1590580, 1);
INSERT INTO interacts VALUES(940756779511, 1, 'Peanut', 1011, 1591553, 1);
INSERT INTO interacts VALUES(940756779511, 1, 'Peanut', 2031, 1592658, 0);
INSERT INTO interacts VALUES(940756779511, 1, 'Peanut', 1031, 1594795, 1);
INSERT INTO interacts VALUES(940756779511, 1, 'Kuro', 3211, 1598054, 1);
INSERT INTO interacts VALUES(940756779511, 1, 'Smeb', 3133, 1602142, 1);
INSERT INTO interacts VALUES(940756779511, 1, 'PraY', 3036, 1608354, 1);
INSERT INTO interacts VALUES(940756779511, 1, 'PraY', 2003, 1610955, 1);
INSERT INTO interacts VALUES(940756779511, 1, 'Clearlove', 2043, 1616837, 1);
INSERT INTO interacts VALUES(940756779511, 1, 'Deft', 1043, 1622302, 1);
INSERT INTO interacts VALUES(940756779511, 1, 'Scout', 2043, 1636492, 1);
INSERT INTO interacts VALUES(940756779511, 1, 'Koro1', 3135, 1667130, 1);
INSERT INTO interacts VALUES(940756779511, 1, 'Koro1', 1052, 1667622, 1);
INSERT INTO interacts VALUES(940756779511, 1, 'Scout', 2043, 1693430, 1);
INSERT INTO interacts VALUES(940756779511, 1, 'Meiko', 1028, 1697703, 1);
INSERT INTO interacts VALUES(940756779511, 1, 'Kuro', 3102, 1709988, 1);
INSERT INTO interacts VALUES(940756779511, 1, 'Scout', 2043, 1742218, 1);
INSERT INTO interacts VALUES(940756779511, 1, 'Meiko', 3067, 1758398, 1);
INSERT INTO interacts VALUES(940756779511, 1, 'GorillA', 1026, 1761529, 1);
INSERT INTO interacts VALUES(940756779511, 1, 'GorillA', 2043, 1761789, 1);
INSERT INTO interacts VALUES(940756779511, 1, 'GorillA', 2043, 1761854, 1);
INSERT INTO interacts VALUES(940756779511, 1, 'Peanut', 3742, 1763800, 1);
INSERT INTO interacts VALUES(940756779511, 1, 'Peanut', 2043, 1765131, 1);
INSERT INTO interacts VALUES(940756779511, 1, 'Deft', 3153, 1770458, 1);
INSERT INTO interacts VALUES(940756779511, 1, 'Clearlove', 3143, 1779168, 1);
INSERT INTO interacts VALUES(940756779511, 1, 'Clearlove', 1029, 1780337, 1);
INSERT INTO interacts VALUES(940756779511, 1, 'Clearlove', 2043, 1780698, 1);
INSERT INTO interacts VALUES(940756779511, 1, 'Smeb', 1055, 1781832, 0);
INSERT INTO interacts VALUES(940756779511, 1, 'Smeb', 3134, 1783912, 1);
INSERT INTO interacts VALUES(940756779511, 1, 'PraY', 2003, 1784032, 0);
INSERT INTO interacts VALUES(940756779511, 1, 'Kuro', 2033, 1784991, 0);
INSERT INTO interacts VALUES(940756779511, 1, 'PraY', 3086, 1785794, 1);
INSERT INTO interacts VALUES(940756779511, 1, 'Kuro', 1058, 1785860, 1);
INSERT INTO interacts VALUES(940756779511, 1, 'Koro1', 3108, 1826284, 1);
INSERT INTO interacts VALUES(940756779511, 1, 'Scout', 1058, 1870904, 1);
INSERT INTO interacts VALUES(940756779511, 1, 'GorillA', 3151, 1903696, 1);
INSERT INTO interacts VALUES(940756779511, 1, 'Clearlove', 1031, 1903902, 1);
INSERT INTO interacts VALUES(940756779511, 1, 'GorillA', 2043, 1904065, 1);
INSERT INTO interacts VALUES(940756779511, 1, 'GorillA', 2043, 1904210, 1);
INSERT INTO interacts VALUES(940756779511, 1, 'Clearlove', 2043, 1904778, 1);
INSERT INTO interacts VALUES(940756779511, 1, 'Clearlove', 2043, 1905071, 1);
INSERT INTO interacts VALUES(940756779511, 1, 'Meiko', 3190, 1910862, 1);
INSERT INTO interacts VALUES(940756779511, 1, 'Meiko', 2043, 1913009, 1);
INSERT INTO interacts VALUES(940756779511, 1, 'Meiko', 1004, 1915515, 1);
INSERT INTO interacts VALUES(940756779511, 1, 'Deft', 1037, 1929686, 1);
INSERT INTO interacts VALUES(940756779511, 1, 'Koro1', 3157, 1962644, 1);
INSERT INTO interacts VALUES(940756779511, 1, 'Peanut', 3134, 1980264, 1);
INSERT INTO interacts VALUES(940756779511, 1, 'PraY', 3094, 1982841, 1);
INSERT INTO interacts VALUES(940756779511, 1, 'GorillA', 1011, 1983327, 1);
INSERT INTO interacts VALUES(940756779511, 1, 'PraY', 2140, 1985017, 1);
INSERT INTO interacts VALUES(940756779511, 1, 'Smeb', 3142, 1989565, 1);
INSERT INTO interacts VALUES(940756779511, 1, 'Smeb', 1036, 1990893, 1);
INSERT INTO interacts VALUES(940756779511, 1, 'Koro1', 2043, 2009282, 1);
INSERT INTO interacts VALUES(940756779511, 1, 'Deft', 3035, 2015109, 1);
INSERT INTO interacts VALUES(940756779511, 1, 'Deft', 2140, 2106932, 1);
INSERT INTO interacts VALUES(940756779511, 1, 'Meiko', 3028, 2108110, 1);
INSERT INTO interacts VALUES(940756779511, 1, 'Scout', 2043, 2109122, 0);
INSERT INTO interacts VALUES(940756779511, 1, 'Scout', 1026, 2109709, 1);
INSERT INTO interacts VALUES(940756779511, 1, 'Koro1', 1052, 2110035, 1);
INSERT INTO interacts VALUES(940756779511, 1, 'Clearlove', 1057, 2111603, 1);
INSERT INTO interacts VALUES(940756779511, 1, 'Meiko', 2043, 2132320, 1);
INSERT INTO matches VALUES(940756779511, 2, '2016-10-15');
INSERT INTO scores VALUES('ROX', 940756779511, 2, 0, 0, 0, 0, 0, 0);
INSERT INTO scores VALUES('EDG', 940756779511, 2, 1, 9, 0, 1, 2, 1);
INSERT INTO bans VALUES(940756779511, 2, 60, 1);
INSERT INTO bans VALUES(940756779511, 2, 126, 3);
INSERT INTO bans VALUES(940756779511, 2, 2, 5);
INSERT INTO bans VALUES(940756779511, 2, 134, 2);
INSERT INTO bans VALUES(940756779511, 2, 76, 4);
INSERT INTO bans VALUES(940756779511, 2, 421, 6);
INSERT INTO plays VALUES(940756779511, 2, 'Koro1', 85, 'top', 0, 5, 1, 10989, 8, 2, 192, 4, 0, 7753);
INSERT INTO plays VALUES(940756779511, 2, 'Clearlove', 120, 'jungle', 2, 3, 2, 5359, 13, 7, 21, 75, 2, 7455);
INSERT INTO plays VALUES(940756779511, 2, 'Scout', 13, 'mid', 1, 3, 1, 8540, 14, 1, 227, 1, 0, 8717);
INSERT INTO plays VALUES(940756779511, 2, 'Deft', 202, 'adc', 1, 3, 1, 8815, 11, 0, 148, 2, 0, 7459);
INSERT INTO plays VALUES(940756779511, 2, 'Meiko', 43, 'support', 1, 4, 4, 3810, 38, 10, 21, 4, 0, 5937);
INSERT INTO plays VALUES(940756779511, 2, 'Smeb', 57, 'top', 2, 1, 11, 7684, 14, 4, 228, 6, 8, 11142);
INSERT INTO plays VALUES(940756779511, 2, 'Peanut', 64, 'jungle', 5, 1, 5, 6618, 27, 5, 11, 55, 19, 10531);
INSERT INTO plays VALUES(940756779511, 2, 'Kuro', 136, 'mid', 4, 0, 12, 15967, 13, 3, 195, 9, 4, 11402);
INSERT INTO plays VALUES(940756779511, 2, 'PraY', 51, 'adc', 5, 1, 8, 10575, 11, 9, 224, 4, 5, 13101);
INSERT INTO plays VALUES(940756779511, 2, 'GorillA', 143, 'support', 2, 2, 8, 10879, 31, 10, 13, 0, 1, 8342);
INSERT INTO interacts VALUES(940756779511, 2, 'PraY', 1055, 1831, 1);
INSERT INTO interacts VALUES(940756779511, 2, 'Scout', 3340, 2020, 1);
INSERT INTO interacts VALUES(940756779511, 2, 'PraY', 2003, 2149, 1);
INSERT INTO interacts VALUES(940756779511, 2, 'Scout', 1027, 2278, 1);
INSERT INTO interacts VALUES(940756779511, 2, 'Peanut', 1041, 2278, 1);
INSERT INTO interacts VALUES(940756779511, 2, 'Koro1', 1055, 2605, 1);
INSERT INTO interacts VALUES(940756779511, 2, 'Peanut', 2031, 2665, 1);
INSERT INTO interacts VALUES(940756779511, 2, 'PraY', 3340, 2763, 1);
INSERT INTO interacts VALUES(940756779511, 2, 'Deft', 1055, 2763, 1);
INSERT INTO interacts VALUES(940756779511, 2, 'Koro1', 2003, 2828, 1);
INSERT INTO interacts VALUES(940756779511, 2, 'Peanut', 3340, 2894, 1);
INSERT INTO interacts VALUES(940756779511, 2, 'Scout', 2031, 2958, 1);
INSERT INTO interacts VALUES(940756779511, 2, 'Smeb', 1056, 3023, 1);
INSERT INTO interacts VALUES(940756779511, 2, 'Koro1', 3340, 3056, 1);
INSERT INTO interacts VALUES(940756779511, 2, 'Meiko', 3303, 3125, 1);
INSERT INTO interacts VALUES(940756779511, 2, 'GorillA', 3303, 3185, 1);
INSERT INTO interacts VALUES(940756779511, 2, 'Smeb', 2003, 3249, 1);
INSERT INTO interacts VALUES(940756779511, 2, 'Deft', 2003, 3387, 1);
INSERT INTO interacts VALUES(940756779511, 2, 'Smeb', 2003, 3410, 1);
INSERT INTO interacts VALUES(940756779511, 2, 'Deft', 3340, 3604, 1);
INSERT INTO interacts VALUES(940756779511, 2, 'Smeb', 3340, 3669, 1);
INSERT INTO interacts VALUES(940756779511, 2, 'GorillA', 2010, 3669, 1);
INSERT INTO interacts VALUES(940756779511, 2, 'GorillA', 2010, 3799, 1);
INSERT INTO interacts VALUES(940756779511, 2, 'Clearlove', 1039, 3832, 1);
INSERT INTO interacts VALUES(940756779511, 2, 'Meiko', 2010, 3832, 1);
INSERT INTO interacts VALUES(940756779511, 2, 'GorillA', 2010, 3929, 1);
INSERT INTO interacts VALUES(940756779511, 2, 'Meiko', 2010, 3963, 1);
INSERT INTO interacts VALUES(940756779511, 2, 'Meiko', 2010, 4092, 1);
INSERT INTO interacts VALUES(940756779511, 2, 'Clearlove', 2031, 4123, 1);
INSERT INTO interacts VALUES(940756779511, 2, 'GorillA', 3340, 4351, 1);
INSERT INTO interacts VALUES(940756779511, 2, 'Meiko', 3340, 4384, 1);
INSERT INTO interacts VALUES(940756779511, 2, 'Clearlove', 3340, 4805, 1);
INSERT INTO interacts VALUES(940756779511, 2, 'Kuro', 2033, 5982, 1);
INSERT INTO interacts VALUES(940756779511, 2, 'Kuro', 3340, 6625, 1);
INSERT INTO interacts VALUES(940756779511, 2, 'Scout', 3070, 191567, 1);
INSERT INTO interacts VALUES(940756779511, 2, 'Kuro', 1001, 214312, 1);
INSERT INTO interacts VALUES(940756779511, 2, 'Kuro', 2043, 217232, 1);
INSERT INTO interacts VALUES(940756779511, 2, 'Peanut', 1036, 247379, 1);
INSERT INTO interacts VALUES(940756779511, 2, 'Peanut', 1036, 247509, 1);
INSERT INTO interacts VALUES(940756779511, 2, 'Peanut', 2043, 248838, 1);
INSERT INTO interacts VALUES(940756779511, 2, 'Scout', 1001, 283629, 1);
INSERT INTO interacts VALUES(940756779511, 2, 'Scout', 2043, 283849, 1);
INSERT INTO interacts VALUES(940756779511, 2, 'Clearlove', 1001, 298815, 1);
INSERT INTO interacts VALUES(940756779511, 2, 'Kuro', 3009, 298980, 1);
INSERT INTO interacts VALUES(940756779511, 2, 'Clearlove', 2032, 299660, 1);
INSERT INTO interacts VALUES(940756779511, 2, 'Clearlove', 1028, 303315, 1);
INSERT INTO interacts VALUES(940756779511, 2, 'Clearlove', 2043, 307283, 1);
INSERT INTO interacts VALUES(940756779511, 2, 'Smeb', 1056, 322152, 1);
INSERT INTO interacts VALUES(940756779511, 2, 'Smeb', 2031, 323614, 1);
INSERT INTO interacts VALUES(940756779511, 2, 'Smeb', 1033, 328547, 1);
INSERT INTO interacts VALUES(940756779511, 2, 'Smeb', 2043, 329295, 1);
INSERT INTO interacts VALUES(940756779511, 2, 'Koro1', 3145, 329894, 1);
INSERT INTO interacts VALUES(940756779511, 2, 'Koro1', 2003, 334203, 1);
INSERT INTO interacts VALUES(940756779511, 2, 'Scout', 1027, 380065, 1);
INSERT INTO interacts VALUES(940756779511, 2, 'Smeb', 1028, 433148, 1);
INSERT INTO interacts VALUES(940756779511, 2, 'Meiko', 2049, 442020, 1);
INSERT INTO interacts VALUES(940756779511, 2, 'Meiko', 3341, 442991, 1);
INSERT INTO interacts VALUES(940756779511, 2, 'Meiko', 2043, 443512, 1);
INSERT INTO interacts VALUES(940756779511, 2, 'Meiko', 2010, 443804, 1);
INSERT INTO interacts VALUES(940756779511, 2, 'Meiko', 2010, 447128, 1);
INSERT INTO interacts VALUES(940756779511, 2, 'Clearlove', 1027, 463706, 1);
INSERT INTO interacts VALUES(940756779511, 2, 'Clearlove', 2043, 464326, 1);
INSERT INTO interacts VALUES(940756779511, 2, 'Koro1', 2031, 465692, 1);
INSERT INTO interacts VALUES(940756779511, 2, 'Koro1', 2043, 466092, 1);
INSERT INTO interacts VALUES(940756779511, 2, 'Koro1', 1028, 467799, 1);
INSERT INTO interacts VALUES(940756779511, 2, 'Scout', 3158, 470271, 1);
INSERT INTO interacts VALUES(940756779511, 2, 'Deft', 3134, 472017, 1);
INSERT INTO interacts VALUES(940756779511, 2, 'Deft', 1036, 473481, 1);
INSERT INTO interacts VALUES(940756779511, 2, 'Deft', 2003, 474519, 1);
INSERT INTO interacts VALUES(940756779511, 2, 'Kuro', 1082, 474585, 1);
INSERT INTO interacts VALUES(940756779511, 2, 'Deft', 2043, 474843, 1);
INSERT INTO interacts VALUES(940756779511, 2, 'Kuro', 1028, 476175, 1);
INSERT INTO interacts VALUES(940756779511, 2, 'Peanut', 3133, 476239, 1);
INSERT INTO interacts VALUES(940756779511, 2, 'Kuro', 2043, 476855, 1);
INSERT INTO interacts VALUES(940756779511, 2, 'Peanut', 3711, 477630, 1);
INSERT INTO interacts VALUES(940756779511, 2, 'Peanut', 1001, 478734, 1);
INSERT INTO interacts VALUES(940756779511, 2, 'GorillA', 2049, 486917, 1);
INSERT INTO interacts VALUES(940756779511, 2, 'GorillA', 3341, 488050, 1);
INSERT INTO interacts VALUES(940756779511, 2, 'GorillA', 2043, 488308, 1);
INSERT INTO interacts VALUES(940756779511, 2, 'GorillA', 2043, 488440, 1);
INSERT INTO interacts VALUES(940756779511, 2, 'GorillA', 1001, 488797, 1);
INSERT INTO interacts VALUES(940756779511, 2, 'GorillA', 2010, 489899, 1);
INSERT INTO interacts VALUES(940756779511, 2, 'PraY', 1038, 490998, 1);
INSERT INTO interacts VALUES(940756779511, 2, 'PraY', 1001, 492932, 1);
INSERT INTO interacts VALUES(940756779511, 2, 'PraY', 1083, 493665, 1);
INSERT INTO interacts VALUES(940756779511, 2, 'PraY', 2003, 496649, 1);
INSERT INTO interacts VALUES(940756779511, 2, 'Smeb', 3211, 579985, 1);
INSERT INTO interacts VALUES(940756779511, 2, 'Smeb', 1028, 580636, 1);
INSERT INTO interacts VALUES(940756779511, 2, 'Smeb', 1001, 582849, 1);
INSERT INTO interacts VALUES(940756779511, 2, 'Deft', 1036, 590520, 1);
INSERT INTO interacts VALUES(940756779511, 2, 'Deft', 2003, 591819, 1);
INSERT INTO interacts VALUES(940756779511, 2, 'Kuro', 1027, 593153, 1);
INSERT INTO interacts VALUES(940756779511, 2, 'Scout', 3010, 604842, 1);
INSERT INTO interacts VALUES(940756779511, 2, 'Scout', 2043, 606024, 1);
INSERT INTO interacts VALUES(940756779511, 2, 'Kuro', 3010, 607017, 1);
INSERT INTO interacts VALUES(940756779511, 2, 'Meiko', 1001, 611532, 1);
INSERT INTO interacts VALUES(940756779511, 2, 'Meiko', 2043, 612114, 1);
INSERT INTO interacts VALUES(940756779511, 2, 'Meiko', 2010, 613317, 1);
INSERT INTO interacts VALUES(940756779511, 2, 'Koro1', 3067, 613387, 1);
INSERT INTO interacts VALUES(940756779511, 2, 'Meiko', 2010, 613448, 1);
INSERT INTO interacts VALUES(940756779511, 2, 'Koro1', 1001, 615328, 1);
INSERT INTO interacts VALUES(940756779511, 2, 'Koro1', 2043, 617732, 1);
INSERT INTO interacts VALUES(940756779511, 2, 'GorillA', 2031, 617893, 1);
INSERT INTO interacts VALUES(940756779511, 2, 'PraY', 3006, 618493, 1);
INSERT INTO interacts VALUES(940756779511, 2, 'PraY', 1042, 620003, 1);
INSERT INTO interacts VALUES(940756779511, 2, 'PraY', 2043, 620459, 1);
INSERT INTO interacts VALUES(940756779511, 2, 'Clearlove', 3057, 626105, 1);
INSERT INTO interacts VALUES(940756779511, 2, 'Clearlove', 2043, 627212, 1);
INSERT INTO interacts VALUES(940756779511, 2, 'Peanut', 1408, 666960, 1);
INSERT INTO interacts VALUES(940756779511, 2, 'Peanut', 1028, 668231, 1);
INSERT INTO interacts VALUES(940756779511, 2, 'Peanut', 2043, 669220, 1);
INSERT INTO interacts VALUES(940756779511, 2, 'GorillA', 3020, 717652, 1);
INSERT INTO interacts VALUES(940756779511, 2, 'Koro1', 3152, 728184, 1);
INSERT INTO interacts VALUES(940756779511, 2, 'Meiko', 2010, 731675, 1);
INSERT INTO interacts VALUES(940756779511, 2, 'Meiko', 1028, 738356, 1);
INSERT INTO interacts VALUES(940756779511, 2, 'Clearlove', 3044, 762289, 1);
INSERT INTO interacts VALUES(940756779511, 2, 'Deft', 3133, 769987, 1);
INSERT INTO interacts VALUES(940756779511, 2, 'Deft', 1001, 771126, 1);
INSERT INTO interacts VALUES(940756779511, 2, 'Deft', 1036, 773243, 1);
INSERT INTO interacts VALUES(940756779511, 2, 'PraY', 3086, 775627, 1);
INSERT INTO interacts VALUES(940756779511, 2, 'PraY', 2003, 779845, 1);
INSERT INTO interacts VALUES(940756779511, 2, 'Scout', 1026, 785388, 1);
INSERT INTO interacts VALUES(940756779511, 2, 'Scout', 2043, 785839, 1);
INSERT INTO interacts VALUES(940756779511, 2, 'Scout', 3363, 787136, 1);
INSERT INTO interacts VALUES(940756779511, 2, 'Peanut', 3111, 808005, 1);
INSERT INTO interacts VALUES(940756779511, 2, 'Peanut', 2043, 809140, 1);
INSERT INTO interacts VALUES(940756779511, 2, 'Kuro', 3145, 811790, 1);
INSERT INTO interacts VALUES(940756779511, 2, 'Smeb', 3065, 814144, 1);
INSERT INTO interacts VALUES(940756779511, 2, 'Smeb', 1029, 817564, 1);
INSERT INTO interacts VALUES(940756779511, 2, 'Smeb', 2031, 880265, 0);
INSERT INTO interacts VALUES(940756779511, 2, 'Smeb', 3111, 881764, 1);
INSERT INTO interacts VALUES(940756779511, 2, 'Kuro', 3030, 935195, 1);
INSERT INTO interacts VALUES(940756779511, 2, 'Scout', 3027, 953885, 1);
INSERT INTO interacts VALUES(940756779511, 2, 'Scout', 2043, 957526, 1);
INSERT INTO interacts VALUES(940756779511, 2, 'Meiko', 3158, 964135, 1);
INSERT INTO interacts VALUES(940756779511, 2, 'Deft', 3009, 964815, 1);
INSERT INTO interacts VALUES(940756779511, 2, 'Meiko', 2043, 964896, 1);
INSERT INTO interacts VALUES(940756779511, 2, 'Meiko', 2010, 965077, 1);
INSERT INTO interacts VALUES(940756779511, 2, 'PraY', 3085, 972457, 1);
INSERT INTO interacts VALUES(940756779511, 2, 'GorillA', 3098, 972554, 1);
INSERT INTO interacts VALUES(940756779511, 2, 'GorillA', 2043, 973072, 1);
INSERT INTO interacts VALUES(940756779511, 2, 'Peanut', 1033, 973689, 1);
INSERT INTO interacts VALUES(940756779511, 2, 'PraY', 3363, 974046, 1);
INSERT INTO interacts VALUES(940756779511, 2, 'Peanut', 1036, 976337, 1);
INSERT INTO interacts VALUES(940756779511, 2, 'Clearlove', 1042, 1000791, 1);
INSERT INTO interacts VALUES(940756779511, 2, 'Clearlove', 3364, 1003570, 1);
INSERT INTO interacts VALUES(940756779511, 2, 'Smeb', 3024, 1004056, 1);
INSERT INTO interacts VALUES(940756779511, 2, 'Smeb', 2043, 1006198, 1);
INSERT INTO interacts VALUES(940756779511, 2, 'Meiko', 2043, 1045114, 1);
INSERT INTO interacts VALUES(940756779511, 2, 'Meiko', 2010, 1045308, 1);
INSERT INTO interacts VALUES(940756779511, 2, 'Koro1', 3020, 1059843, 1);
INSERT INTO interacts VALUES(940756779511, 2, 'Koro1', 1026, 1060920, 1);
INSERT INTO interacts VALUES(940756779511, 2, 'Koro1', 3364, 1063030, 1);
INSERT INTO interacts VALUES(940756779511, 2, 'Clearlove', 3078, 1109331, 1);
INSERT INTO interacts VALUES(940756779511, 2, 'Smeb', 1057, 1117116, 1);
INSERT INTO interacts VALUES(940756779511, 2, 'GorillA', 2301, 1122324, 1);
INSERT INTO interacts VALUES(940756779511, 2, 'Scout', 1058, 1122631, 1);
INSERT INTO interacts VALUES(940756779511, 2, 'Meiko', 2045, 1122858, 1);
INSERT INTO interacts VALUES(940756779511, 2, 'GorillA', 1028, 1124705, 1);
INSERT INTO interacts VALUES(940756779511, 2, 'GorillA', 2043, 1126138, 1);
INSERT INTO interacts VALUES(940756779511, 2, 'Kuro', 1058, 1132480, 1);
INSERT INTO interacts VALUES(940756779511, 2, 'Clearlove', 1028, 1188442, 1);
INSERT INTO interacts VALUES(940756779511, 2, 'Peanut', 3155, 1188699, 1);
INSERT INTO interacts VALUES(940756779511, 2, 'Clearlove', 2043, 1188930, 1);
INSERT INTO interacts VALUES(940756779511, 2, 'Peanut', 1011, 1190160, 1);
INSERT INTO interacts VALUES(940756779511, 2, 'Koro1', 1052, 1192372, 1);
INSERT INTO interacts VALUES(940756779511, 2, 'Deft', 3142, 1192549, 1);
INSERT INTO interacts VALUES(940756779511, 2, 'Deft', 2043, 1193867, 1);
INSERT INTO interacts VALUES(940756779511, 2, 'Deft', 3363, 1194284, 1);
INSERT INTO interacts VALUES(940756779511, 2, 'Scout', 2043, 1198055, 1);
INSERT INTO interacts VALUES(940756779511, 2, 'Meiko', 2043, 1202049, 1);
INSERT INTO interacts VALUES(940756779511, 2, 'Meiko', 2031, 1202448, 1);
INSERT INTO interacts VALUES(940756779511, 2, 'Peanut', 3105, 1204132, 1);
INSERT INTO interacts VALUES(940756779511, 2, 'Peanut', 2043, 1206206, 1);
INSERT INTO interacts VALUES(940756779511, 2, 'PraY', 3031, 1227432, 1);
INSERT INTO interacts VALUES(940756779511, 2, 'PraY', 1051, 1228683, 1);
INSERT INTO interacts VALUES(940756779511, 2, 'GorillA', 3136, 1232371, 1);
INSERT INTO interacts VALUES(940756779511, 2, 'GorillA', 3364, 1232705, 1);
INSERT INTO interacts VALUES(940756779511, 2, 'GorillA', 2043, 1232915, 1);
INSERT INTO interacts VALUES(940756779511, 2, 'GorillA', 2043, 1233026, 1);
INSERT INTO interacts VALUES(940756779511, 2, 'Kuro', 1011, 1234555, 1);
INSERT INTO interacts VALUES(940756779511, 2, 'Meiko', 1028, 1276976, 1);
INSERT INTO interacts VALUES(940756779511, 2, 'Smeb', 3026, 1296187, 1);
INSERT INTO interacts VALUES(940756779511, 2, 'Kuro', 3116, 1313576, 1);
INSERT INTO interacts VALUES(940756779511, 2, 'Deft', 3134, 1351025, 1);
INSERT INTO interacts VALUES(940756779511, 2, 'Scout', 2043, 1360759, 1);
INSERT INTO interacts VALUES(940756779511, 2, 'Scout', 3003, 1361114, 1);
INSERT INTO interacts VALUES(940756779511, 2, 'Clearlove', 3715, 1367421, 1);
INSERT INTO interacts VALUES(940756779511, 2, 'Clearlove', 2043, 1368032, 1);
INSERT INTO interacts VALUES(940756779511, 2, 'Koro1', 2031, 1385105, 0);
INSERT INTO interacts VALUES(940756779511, 2, 'Koro1', 3135, 1390586, 1);
INSERT INTO interacts VALUES(940756779511, 2, 'Clearlove', 2043, 1413064, 1);
INSERT INTO interacts VALUES(940756779511, 2, 'Meiko', 3801, 1424215, 1);
INSERT INTO interacts VALUES(940756779511, 2, 'Meiko', 1033, 1425306, 1);
INSERT INTO interacts VALUES(940756779511, 2, 'Meiko', 2031, 1428031, 0);
INSERT INTO interacts VALUES(940756779511, 2, 'Meiko', 2043, 1429850, 1);
INSERT INTO interacts VALUES(940756779511, 2, 'GorillA', 3151, 1430207, 1);
INSERT INTO interacts VALUES(940756779511, 2, 'Deft', 1036, 1431114, 1);
INSERT INTO interacts VALUES(940756779511, 2, 'PraY', 3094, 1444382, 1);
INSERT INTO interacts VALUES(940756779511, 2, 'PraY', 1083, 1445904, 0);
INSERT INTO interacts VALUES(940756779511, 2, 'GorillA', 2043, 1445938, 1);
INSERT INTO interacts VALUES(940756779511, 2, 'PraY', 1037, 1446946, 1);
INSERT INTO interacts VALUES(940756779511, 2, 'Kuro', 1058, 1447954, 1);
INSERT INTO interacts VALUES(940756779511, 2, 'Smeb', 1056, 1463653, 0);
INSERT INTO interacts VALUES(940756779511, 2, 'Smeb', 3025, 1464564, 1);
INSERT INTO interacts VALUES(940756779511, 2, 'Smeb', 2043, 1466719, 1);
INSERT INTO interacts VALUES(940756779511, 2, 'Peanut', 3190, 1470973, 1);
INSERT INTO interacts VALUES(940756779511, 2, 'Peanut', 2031, 1472926, 0);
INSERT INTO interacts VALUES(940756779511, 2, 'Peanut', 3133, 1475849, 1);
INSERT INTO interacts VALUES(940756779511, 2, 'Scout', 1026, 1477049, 1);
INSERT INTO interacts VALUES(940756779511, 2, 'Peanut', 3156, 1480651, 1);
INSERT INTO interacts VALUES(940756779511, 2, 'Peanut', 2031, 1481894, 0);
INSERT INTO interacts VALUES(940756779511, 2, 'Peanut', 1028, 1483542, 1);
INSERT INTO interacts VALUES(940756779511, 2, 'Clearlove', 3751, 1490538, 1);
INSERT INTO interacts VALUES(940756779511, 2, 'Clearlove', 2043, 1491154, 1);
INSERT INTO interacts VALUES(940756779511, 2, 'Koro1', 1052, 1538617, 1);
INSERT INTO interacts VALUES(940756779511, 2, 'Scout', 1052, 1543098, 1);
INSERT INTO interacts VALUES(940756779511, 2, 'Meiko', 3105, 1544251, 1);
INSERT INTO interacts VALUES(940756779511, 2, 'Meiko', 3364, 1544722, 1);
INSERT INTO interacts VALUES(940756779511, 2, 'Meiko', 2043, 1544986, 1);
INSERT INTO interacts VALUES(940756779511, 2, 'Smeb', 1011, 1562637, 1);
INSERT INTO matches VALUES(940756779511, 3, '2016-10-15');
INSERT INTO scores VALUES('ROX', 940756779511, 3, 0, 2, 0, 0, 1, 0);
INSERT INTO scores VALUES('EDG', 940756779511, 3, 2, 9, 0, 1, 2, 1);
INSERT INTO bans VALUES(940756779511, 3, 134, 1);
INSERT INTO bans VALUES(940756779511, 3, 78, 3);
INSERT INTO bans VALUES(940756779511, 3, 421, 5);
INSERT INTO bans VALUES(940756779511, 3, 60, 2);
INSERT INTO bans VALUES(940756779511, 3, 76, 4);
INSERT INTO bans VALUES(940756779511, 3, 126, 6);
INSERT INTO plays VALUES(940756779511, 3, 'Smeb', 114, 'top', 5, 7, 5, 12248, 16, 2, 255, 8, 0, 13401);
INSERT INTO plays VALUES(940756779511, 3, 'Peanut', 64, 'jungle', 3, 4, 6, 6996, 31, 14, 52, 97, 11, 11507);
INSERT INTO plays VALUES(940756779511, 3, 'Kuro', 13, 'mid', 4, 5, 6, 20919, 17, 6, 269, 9, 2, 12918);
INSERT INTO plays VALUES(940756779511, 3, 'PraY', 202, 'adc', 1, 4, 8, 16865, 14, 4, 266, 9, 0, 12217);
INSERT INTO plays VALUES(940756779511, 3, 'GorillA', 143, 'support', 2, 5, 6, 13837, 54, 25, 37, 0, 1, 9035);
INSERT INTO plays VALUES(940756779511, 3, 'Koro1', 68, 'top', 3, 5, 14, 17064, 17, 3, 242, 11, 4, 13842);
INSERT INTO plays VALUES(940756779511, 3, 'Clearlove', 2, 'jungle', 3, 1, 9, 9168, 26, 19, 49, 83, 18, 12942);
INSERT INTO plays VALUES(940756779511, 3, 'Scout', 136, 'mid', 7, 5, 12, 19329, 17, 5, 236, 12, 2, 14560);
INSERT INTO plays VALUES(940756779511, 3, 'Deft', 51, 'adc', 11, 1, 9, 31727, 16, 13, 317, 24, 8, 17916);
INSERT INTO plays VALUES(940756779511, 3, 'Meiko', 43, 'support', 1, 3, 16, 4818, 50, 14, 23, 0, 1, 10268);
INSERT INTO interacts VALUES(940756779511, 3, 'Scout', 3340, 1455, 1);
INSERT INTO interacts VALUES(940756779511, 3, 'Deft', 1055, 2069, 1);
INSERT INTO interacts VALUES(940756779511, 3, 'PraY', 1055, 2133, 1);
INSERT INTO interacts VALUES(940756779511, 3, 'Scout', 2033, 2262, 1);
INSERT INTO interacts VALUES(940756779511, 3, 'Deft', 2003, 2391, 1);
INSERT INTO interacts VALUES(940756779511, 3, 'Clearlove', 1039, 2456, 1);
INSERT INTO interacts VALUES(940756779511, 3, 'Deft', 3340, 2626, 1);
INSERT INTO interacts VALUES(940756779511, 3, 'Smeb', 1055, 2686, 1);
INSERT INTO interacts VALUES(940756779511, 3, 'Clearlove', 2031, 2782, 1);
INSERT INTO interacts VALUES(940756779511, 3, 'Meiko', 3303, 2782, 1);
INSERT INTO interacts VALUES(940756779511, 3, 'PraY', 2010, 2944, 1);
INSERT INTO interacts VALUES(940756779511, 3, 'Meiko', 2010, 2979, 1);
INSERT INTO interacts VALUES(940756779511, 3, 'Smeb', 2003, 3009, 1);
INSERT INTO interacts VALUES(940756779511, 3, 'Meiko', 2010, 3106, 1);
INSERT INTO interacts VALUES(940756779511, 3, 'Clearlove', 3340, 3205, 1);
INSERT INTO interacts VALUES(940756779511, 3, 'Meiko', 2010, 3237, 1);
INSERT INTO interacts VALUES(940756779511, 3, 'PraY', 3340, 3269, 1);
INSERT INTO interacts VALUES(940756779511, 3, 'Smeb', 3340, 3301, 1);
INSERT INTO interacts VALUES(940756779511, 3, 'Koro1', 1054, 3404, 1);
INSERT INTO interacts VALUES(940756779511, 3, 'Meiko', 3340, 3463, 1);
INSERT INTO interacts VALUES(940756779511, 3, 'Koro1', 2003, 3623, 1);
INSERT INTO interacts VALUES(940756779511, 3, 'Koro1', 3340, 3819, 1);
INSERT INTO interacts VALUES(940756779511, 3, 'GorillA', 3303, 4402, 1);
INSERT INTO interacts VALUES(940756779511, 3, 'GorillA', 2010, 4887, 1);
INSERT INTO interacts VALUES(940756779511, 3, 'GorillA', 2010, 5016, 1);
INSERT INTO interacts VALUES(940756779511, 3, 'GorillA', 2010, 5114, 1);
INSERT INTO interacts VALUES(940756779511, 3, 'GorillA', 3340, 5535, 1);
INSERT INTO interacts VALUES(940756779511, 3, 'Peanut', 1041, 5599, 1);
INSERT INTO interacts VALUES(940756779511, 3, 'Kuro', 1027, 5632, 1);
INSERT INTO interacts VALUES(940756779511, 3, 'Peanut', 2031, 6053, 1);
INSERT INTO interacts VALUES(940756779511, 3, 'Smeb', 2033, 6181, 1);
INSERT INTO interacts VALUES(940756779511, 3, 'Peanut', 3340, 6375, 1);
INSERT INTO interacts VALUES(940756779511, 3, 'Kuro', 2031, 6472, 1);
INSERT INTO interacts VALUES(940756779511, 3, 'Kuro', 3340, 6831, 1);
INSERT INTO interacts VALUES(940756779511, 3, 'Smeb', 3340, 7091, 1);
INSERT INTO interacts VALUES(940756779511, 3, 'Scout', 1001, 185766, 1);
INSERT INTO interacts VALUES(940756779511, 3, 'Kuro', 3070, 198019, 1);
INSERT INTO interacts VALUES(940756779511, 3, 'Clearlove', 1001, 249639, 1);
INSERT INTO interacts VALUES(940756779511, 3, 'Clearlove', 2032, 250556, 1);
INSERT INTO interacts VALUES(940756779511, 3, 'Clearlove', 2043, 252632, 1);
INSERT INTO interacts VALUES(940756779511, 3, 'PraY', 1036, 262412, 1);
INSERT INTO interacts VALUES(940756779511, 3, 'PraY', 1036, 262556, 1);
INSERT INTO interacts VALUES(940756779511, 3, 'GorillA', 1028, 265153, 1);
INSERT INTO interacts VALUES(940756779511, 3, 'GorillA', 2010, 266148, 1);
INSERT INTO interacts VALUES(940756779511, 3, 'GorillA', 2010, 266311, 1);
INSERT INTO interacts VALUES(940756779511, 3, 'Scout', 1082, 267449, 1);
INSERT INTO interacts VALUES(940756779511, 3, 'Scout', 2043, 267611, 1);
INSERT INTO interacts VALUES(940756779511, 3, 'Meiko', 2043, 280637, 1);
INSERT INTO interacts VALUES(940756779511, 3, 'Meiko', 2010, 280798, 1);
INSERT INTO interacts VALUES(940756779511, 3, 'Meiko', 1028, 282391, 1);
INSERT INTO interacts VALUES(940756779511, 3, 'Deft', 1037, 282497, 1);
INSERT INTO interacts VALUES(940756779511, 3, 'Deft', 2043, 284080, 1);
INSERT INTO interacts VALUES(940756779511, 3, 'Deft', 2003, 285379, 1);
INSERT INTO interacts VALUES(940756779511, 3, 'Kuro', 1001, 305244, 1);
INSERT INTO interacts VALUES(940756779511, 3, 'Kuro', 1027, 306320, 1);
INSERT INTO interacts VALUES(940756779511, 3, 'Peanut', 3009, 330872, 1);
INSERT INTO interacts VALUES(940756779511, 3, 'Peanut', 1036, 332827, 1);
INSERT INTO interacts VALUES(940756779511, 3, 'Peanut', 1036, 334191, 1);
INSERT INTO interacts VALUES(940756779511, 3, 'Smeb', 3077, 386434, 1);
INSERT INTO interacts VALUES(940756779511, 3, 'Smeb', 1033, 389622, 1);
INSERT INTO interacts VALUES(940756779511, 3, 'Smeb', 2043, 390886, 1);
INSERT INTO interacts VALUES(940756779511, 3, 'Koro1', 3136, 393392, 1);
INSERT INTO interacts VALUES(940756779511, 3, 'Kuro', 1028, 393884, 1);
INSERT INTO interacts VALUES(940756779511, 3, 'Koro1', 2003, 396707, 1);
INSERT INTO interacts VALUES(940756779511, 3, 'Scout', 3117, 431457, 1);
INSERT INTO interacts VALUES(940756779511, 3, 'Scout', 3009, 432879, 1);
INSERT INTO interacts VALUES(940756779511, 3, 'Scout', 1027, 433789, 1);
INSERT INTO interacts VALUES(940756779511, 3, 'Koro1', 2031, 444181, 1);
INSERT INTO interacts VALUES(940756779511, 3, 'Koro1', 2043, 449606, 1);
INSERT INTO interacts VALUES(940756779511, 3, 'Smeb', 1036, 465202, 1);
INSERT INTO interacts VALUES(940756779511, 3, 'Peanut', 3133, 465851, 1);
INSERT INTO interacts VALUES(940756779511, 3, 'Peanut', 1036, 467217, 1);
INSERT INTO interacts VALUES(940756779511, 3, 'Peanut', 1039, 470248, 1);
INSERT INTO interacts VALUES(940756779511, 3, 'Peanut', 2043, 471891, 1);
INSERT INTO interacts VALUES(940756779511, 3, 'PraY', 3134, 477647, 1);
INSERT INTO interacts VALUES(940756779511, 3, 'PraY', 1036, 478654, 1);
INSERT INTO interacts VALUES(940756779511, 3, 'PraY', 1001, 486911, 1);
INSERT INTO interacts VALUES(940756779511, 3, 'PraY', 2010, 487171, 1);
INSERT INTO interacts VALUES(940756779511, 3, 'Kuro', 3010, 500955, 1);
INSERT INTO interacts VALUES(940756779511, 3, 'Kuro', 2043, 502419, 1);
INSERT INTO interacts VALUES(940756779511, 3, 'Clearlove', 3751, 511515, 1);
INSERT INTO interacts VALUES(940756779511, 3, 'Meiko', 2049, 512002, 1);
INSERT INTO interacts VALUES(940756779511, 3, 'Clearlove', 2043, 512100, 1);
INSERT INTO interacts VALUES(940756779511, 3, 'Meiko', 3341, 512786, 1);
INSERT INTO interacts VALUES(940756779511, 3, 'Meiko', 1001, 513434, 1);
INSERT INTO interacts VALUES(940756779511, 3, 'Deft', 1038, 518899, 1);
INSERT INTO interacts VALUES(940756779511, 3, 'GorillA', 2049, 523808, 1);
INSERT INTO interacts VALUES(940756779511, 3, 'GorillA', 3341, 524493, 1);
INSERT INTO interacts VALUES(940756779511, 3, 'GorillA', 2043, 524719, 1);
INSERT INTO interacts VALUES(940756779511, 3, 'GorillA', 2031, 524879, 1);
INSERT INTO interacts VALUES(940756779511, 3, 'Smeb', 1001, 535895, 1);
INSERT INTO interacts VALUES(940756779511, 3, 'Scout', 1028, 552427, 1);
INSERT INTO interacts VALUES(940756779511, 3, 'Koro1', 1001, 552822, 1);
INSERT INTO interacts VALUES(940756779511, 3, 'Scout', 2043, 553029, 1);
INSERT INTO interacts VALUES(940756779511, 3, 'Meiko', 2043, 587661, 1);
INSERT INTO interacts VALUES(940756779511, 3, 'Meiko', 2031, 597276, 1);
INSERT INTO interacts VALUES(940756779511, 3, 'GorillA', 2043, 628620, 1);
INSERT INTO interacts VALUES(940756779511, 3, 'GorillA', 1001, 628910, 1);
INSERT INTO interacts VALUES(940756779511, 3, 'PraY', 3133, 644092, 1);
INSERT INTO interacts VALUES(940756779511, 3, 'PraY', 1036, 644843, 1);
INSERT INTO interacts VALUES(940756779511, 3, 'PraY', 2010, 645266, 1);
INSERT INTO interacts VALUES(940756779511, 3, 'PraY', 2010, 645525, 1);
INSERT INTO interacts VALUES(940756779511, 3, 'Smeb', 3111, 672354, 1);
INSERT INTO interacts VALUES(940756779511, 3, 'Koro1', 3020, 680313, 1);
INSERT INTO interacts VALUES(940756779511, 3, 'Deft', 1001, 682713, 1);
INSERT INTO interacts VALUES(940756779511, 3, 'Deft', 1042, 683427, 1);
INSERT INTO interacts VALUES(940756779511, 3, 'Deft', 1042, 683569, 1);
INSERT INTO interacts VALUES(940756779511, 3, 'Kuro', 1026, 685767, 1);
INSERT INTO interacts VALUES(940756779511, 3, 'Kuro', 2043, 686491, 1);
INSERT INTO interacts VALUES(940756779511, 3, 'Peanut', 1408, 693850, 1);
INSERT INTO interacts VALUES(940756779511, 3, 'Peanut', 1036, 694662, 1);
INSERT INTO interacts VALUES(940756779511, 3, 'Peanut', 1036, 702918, 1);
INSERT INTO interacts VALUES(940756779511, 3, 'Clearlove', 1409, 707966, 1);
INSERT INTO interacts VALUES(940756779511, 3, 'Clearlove', 3341, 708683, 1);
INSERT INTO interacts VALUES(940756779511, 3, 'Scout', 3010, 720514, 1);
INSERT INTO interacts VALUES(940756779511, 3, 'Scout', 3145, 725308, 1);
INSERT INTO interacts VALUES(940756779511, 3, 'Scout', 3030, 851249, 1);
INSERT INTO interacts VALUES(940756779511, 3, 'GorillA', 3020, 851994, 1);
INSERT INTO interacts VALUES(940756779511, 3, 'GorillA', 2043, 852639, 1);
INSERT INTO interacts VALUES(940756779511, 3, 'Kuro', 3027, 853551, 1);
INSERT INTO interacts VALUES(940756779511, 3, 'Meiko', 3158, 855912, 1);
INSERT INTO interacts VALUES(940756779511, 3, 'Scout', 2043, 855912, 1);
INSERT INTO interacts VALUES(940756779511, 3, 'Kuro', 3158, 857246, 1);
INSERT INTO interacts VALUES(940756779511, 3, 'PraY', 3142, 858170, 1);
INSERT INTO interacts VALUES(940756779511, 3, 'PraY', 2010, 858838, 1);
INSERT INTO interacts VALUES(940756779511, 3, 'Smeb', 1053, 859226, 1);
INSERT INTO interacts VALUES(940756779511, 3, 'Smeb', 1037, 859552, 1);
INSERT INTO interacts VALUES(940756779511, 3, 'Meiko', 2043, 861565, 1);
INSERT INTO interacts VALUES(940756779511, 3, 'Koro1', 3151, 870749, 1);
INSERT INTO interacts VALUES(940756779511, 3, 'Koro1', 1052, 872762, 1);
INSERT INTO interacts VALUES(940756779511, 3, 'Koro1', 2043, 874026, 1);
INSERT INTO interacts VALUES(940756779511, 3, 'Koro1', 3363, 874287, 1);
INSERT INTO interacts VALUES(940756779511, 3, 'Deft', 3031, 876139, 1);
INSERT INTO interacts VALUES(940756779511, 3, 'Deft', 1043, 878900, 1);
INSERT INTO interacts VALUES(940756779511, 3, 'Deft', 3363, 879907, 1);
INSERT INTO interacts VALUES(940756779511, 3, 'Clearlove', 3158, 885788, 1);
INSERT INTO interacts VALUES(940756779511, 3, 'Clearlove', 3364, 886630, 1);
INSERT INTO interacts VALUES(940756779511, 3, 'Clearlove', 1028, 888480, 1);
INSERT INTO interacts VALUES(940756779511, 3, 'Clearlove', 1028, 888770, 1);
INSERT INTO interacts VALUES(940756779511, 3, 'Clearlove', 2043, 898434, 1);
INSERT INTO interacts VALUES(940756779511, 3, 'Meiko', 3098, 948743, 1);
INSERT INTO interacts VALUES(940756779511, 3, 'Meiko', 2043, 949520, 1);
INSERT INTO interacts VALUES(940756779511, 3, 'Meiko', 2043, 949665, 1);
INSERT INTO interacts VALUES(940756779511, 3, 'Peanut', 3155, 967311, 1);
INSERT INTO interacts VALUES(940756779511, 3, 'Peanut', 2043, 968746, 1);
INSERT INTO interacts VALUES(940756779511, 3, 'GorillA', 3098, 970750, 1);
INSERT INTO interacts VALUES(940756779511, 3, 'GorillA', 2043, 971530, 1);
INSERT INTO interacts VALUES(940756779511, 3, 'PraY', 3134, 978599, 1);
INSERT INTO interacts VALUES(940756779511, 3, 'PraY', 2043, 979639, 1);
INSERT INTO interacts VALUES(940756779511, 3, 'PraY', 3363, 979997, 1);
INSERT INTO interacts VALUES(940756779511, 3, 'Scout', 1011, 1024781, 1);
INSERT INTO interacts VALUES(940756779511, 3, 'Scout', 2043, 1025202, 1);
INSERT INTO interacts VALUES(940756779511, 3, 'Scout', 3363, 1026245, 1);
INSERT INTO interacts VALUES(940756779511, 3, 'Deft', 3006, 1029423, 1);
INSERT INTO interacts VALUES(940756779511, 3, 'Deft', 2043, 1030496, 1);
INSERT INTO interacts VALUES(940756779511, 3, 'Deft', 2003, 1030872, 1);
INSERT INTO interacts VALUES(940756779511, 3, 'Smeb', 3074, 1072247, 1);
INSERT INTO interacts VALUES(940756779511, 3, 'Smeb', 1036, 1072833, 1);
INSERT INTO interacts VALUES(940756779511, 3, 'Smeb', 1028, 1074021, 1);
INSERT INTO interacts VALUES(940756779511, 3, 'GorillA', 2301, 1084654, 1);
INSERT INTO interacts VALUES(940756779511, 3, 'Koro1', 2043, 1090016, 0);
INSERT INTO interacts VALUES(940756779511, 3, 'Koro1', 1026, 1092455, 1);
INSERT INTO interacts VALUES(940756779511, 3, 'Peanut', 3134, 1104280, 1);
INSERT INTO interacts VALUES(940756779511, 3, 'Scout', 2043, 1134982, 1);
INSERT INTO interacts VALUES(940756779511, 3, 'Meiko', 2301, 1136184, 1);
INSERT INTO interacts VALUES(940756779511, 3, 'Meiko', 2043, 1136962, 1);
INSERT INTO interacts VALUES(940756779511, 3, 'Kuro', 1058, 1138611, 1);
INSERT INTO interacts VALUES(940756779511, 3, 'Deft', 3086, 1139434, 1);
INSERT INTO interacts VALUES(940756779511, 3, 'Kuro', 2043, 1139920, 1);
INSERT INTO interacts VALUES(940756779511, 3, 'Meiko', 3801, 1140173, 1);
INSERT INTO interacts VALUES(940756779511, 3, 'Deft', 2043, 1140518, 1);
INSERT INTO interacts VALUES(940756779511, 3, 'Clearlove', 1011, 1148387, 1);
INSERT INTO interacts VALUES(940756779511, 3, 'Clearlove', 1031, 1148874, 1);
INSERT INTO interacts VALUES(940756779511, 3, 'Koro1', 3135, 1164787, 1);
INSERT INTO interacts VALUES(940756779511, 3, 'Koro1', 2043, 1166747, 1);
INSERT INTO interacts VALUES(940756779511, 3, 'Scout', 2043, 1233679, 0);
INSERT INTO interacts VALUES(940756779511, 3, 'Scout', 1058, 1235106, 1);
INSERT INTO interacts VALUES(940756779511, 3, 'PraY', 1038, 1238228, 1);
INSERT INTO interacts VALUES(940756779511, 3, 'GorillA', 1028, 1238490, 1);
INSERT INTO interacts VALUES(940756779511, 3, 'PraY', 2043, 1239660, 1);
INSERT INTO interacts VALUES(940756779511, 3, 'Koro1', 1052, 1240112, 1);
INSERT INTO interacts VALUES(940756779511, 3, 'Meiko', 1033, 1248210, 1);
INSERT INTO interacts VALUES(940756779511, 3, 'GorillA', 2043, 1248733, 1);
INSERT INTO interacts VALUES(940756779511, 3, 'Meiko', 3364, 1249379, 1);
INSERT INTO interacts VALUES(940756779511, 3, 'Smeb', 3211, 1255648, 1);
INSERT INTO interacts VALUES(940756779511, 3, 'Smeb', 1028, 1257596, 1);
INSERT INTO interacts VALUES(940756779511, 3, 'Deft', 3085, 1258087, 1);
INSERT INTO interacts VALUES(940756779511, 3, 'Deft', 1042, 1259367, 1);
INSERT INTO interacts VALUES(940756779511, 3, 'Deft', 1042, 1261357, 1);
INSERT INTO interacts VALUES(940756779511, 3, 'Kuro', 3003, 1268057, 1);
INSERT INTO interacts VALUES(940756779511, 3, 'Kuro', 3363, 1269213, 1);
INSERT INTO interacts VALUES(940756779511, 3, 'Kuro', 2043, 1269544, 1);
INSERT INTO interacts VALUES(940756779511, 3, 'Peanut', 3156, 1271880, 1);
INSERT INTO interacts VALUES(940756779511, 3, 'Meiko', 3105, 1333545, 1);
INSERT INTO interacts VALUES(940756779511, 3, 'Clearlove', 3742, 1343175, 1);
INSERT INTO interacts VALUES(940756779511, 3, 'Kuro', 1057, 1361906, 1);
INSERT INTO interacts VALUES(940756779511, 3, 'Deft', 3086, 1376040, 1);
INSERT INTO interacts VALUES(940756779511, 3, 'GorillA', 1052, 1376558, 1);
INSERT INTO interacts VALUES(940756779511, 3, 'GorillA', 2043, 1377011, 1);
INSERT INTO interacts VALUES(940756779511, 3, 'GorillA', 3364, 1377212, 1);
INSERT INTO interacts VALUES(940756779511, 3, 'Smeb', 3044, 1377404, 1);
INSERT INTO interacts VALUES(940756779511, 3, 'Koro1', 3191, 1377991, 1);
INSERT INTO interacts VALUES(940756779511, 3, 'Smeb', 1036, 1378573, 1);
INSERT INTO interacts VALUES(940756779511, 3, 'Deft', 2015, 1378963, 1);
INSERT INTO interacts VALUES(940756779511, 3, 'Koro1', 2031, 1380754, 0);
INSERT INTO interacts VALUES(940756779511, 3, 'Koro1', 1052, 1381385, 1);
INSERT INTO interacts VALUES(940756779511, 3, 'PraY', 3147, 1388861, 1);
INSERT INTO interacts VALUES(940756779511, 3, 'PraY', 1036, 1390030, 1);
INSERT INTO interacts VALUES(940756779511, 3, 'Scout', 3116, 1408070, 1);
INSERT INTO interacts VALUES(940756779511, 3, 'Scout', 1029, 1408567, 1);
INSERT INTO interacts VALUES(940756779511, 3, 'PraY', 2043, 1409429, 1);
INSERT INTO interacts VALUES(940756779511, 3, 'Peanut', 1011, 1456109, 1);
INSERT INTO interacts VALUES(940756779511, 3, 'Peanut', 1029, 1457768, 1);
INSERT INTO interacts VALUES(940756779511, 3, 'GorillA', 3136, 1468918, 1);
INSERT INTO interacts VALUES(940756779511, 3, 'Scout', 1031, 1493549, 1);
INSERT INTO interacts VALUES(940756779511, 3, 'Smeb', 3133, 1503620, 1);
INSERT INTO interacts VALUES(940756779511, 3, 'Meiko', 1028, 1520253, 1);
INSERT INTO interacts VALUES(940756779511, 3, 'Meiko', 2043, 1520932, 1);
INSERT INTO interacts VALUES(940756779511, 3, 'Meiko', 2043, 1521094, 1);
INSERT INTO interacts VALUES(940756779511, 3, 'Deft', 3094, 1523528, 1);
INSERT INTO interacts VALUES(940756779511, 3, 'Deft', 2043, 1524598, 1);
INSERT INTO interacts VALUES(940756779511, 3, 'GorillA', 2043, 1533525, 1);
INSERT INTO interacts VALUES(940756779511, 3, 'PraY', 3009, 1533591, 1);
INSERT INTO interacts VALUES(940756779511, 3, 'PraY', 3158, 1537783, 1);
INSERT INTO interacts VALUES(940756779511, 3, 'Kuro', 2031, 1540605, 0);
INSERT INTO interacts VALUES(940756779511, 3, 'Kuro', 3108, 1541549, 1);
INSERT INTO interacts VALUES(940756779511, 3, 'Clearlove', 3211, 1550851, 1);
INSERT INTO interacts VALUES(940756779511, 3, 'Clearlove', 2043, 1553713, 1);
INSERT INTO interacts VALUES(940756779511, 3, 'Clearlove', 2043, 1553939, 1);
INSERT INTO interacts VALUES(940756779511, 3, 'Koro1', 3157, 1581649, 1);
INSERT INTO interacts VALUES(940756779511, 3, 'Koro1', 2043, 1590143, 1);
INSERT INTO interacts VALUES(940756779511, 3, 'GorillA', 1028, 1635012, 1);
INSERT INTO interacts VALUES(940756779511, 3, 'GorillA', 2043, 1636704, 1);
INSERT INTO interacts VALUES(940756779511, 3, 'Kuro', 3001, 1640054, 1);
INSERT INTO interacts VALUES(940756779511, 3, 'Kuro', 1052, 1641095, 1);
INSERT INTO interacts VALUES(940756779511, 3, 'Meiko', 3190, 1650496, 1);
INSERT INTO interacts VALUES(940756779511, 3, 'PraY', 1037, 1656945, 1);
INSERT INTO interacts VALUES(940756779511, 3, 'Peanut', 3742, 1684901, 1);
INSERT INTO interacts VALUES(940756779511, 3, 'Scout', 1082, 1691546, 0);
INSERT INTO interacts VALUES(940756779511, 3, 'Scout', 3026, 1692436, 1);
INSERT INTO interacts VALUES(940756779511, 3, 'PraY', 3035, 1716971, 1);
INSERT INTO interacts VALUES(940756779511, 3, 'Smeb', 3071, 1765607, 1);
INSERT INTO interacts VALUES(940756779511, 3, 'Smeb', 3065, 1767375, 1);
INSERT INTO interacts VALUES(940756779511, 3, 'Koro1', 1026, 1769354, 1);
INSERT INTO interacts VALUES(940756779511, 3, 'Smeb', 2043, 1770230, 1);
INSERT INTO interacts VALUES(940756779511, 3, 'GorillA', 1026, 1771594, 1);
INSERT INTO interacts VALUES(940756779511, 3, 'GorillA', 2031, 1772474, 0);
INSERT INTO interacts VALUES(940756779511, 3, 'GorillA', 2043, 1772959, 1);
INSERT INTO interacts VALUES(940756779511, 3, 'Scout', 1026, 1802500, 1);
INSERT INTO interacts VALUES(940756779511, 3, 'Kuro', 2043, 1803212, 0);
INSERT INTO interacts VALUES(940756779511, 3, 'Meiko', 2031, 1804188, 0);
INSERT INTO interacts VALUES(940756779511, 3, 'Kuro', 1026, 1804375, 1);
INSERT INTO interacts VALUES(940756779511, 3, 'Deft', 3140, 1804835, 1);
INSERT INTO interacts VALUES(940756779511, 3, 'Meiko', 1033, 1807079, 1);
INSERT INTO interacts VALUES(940756779511, 3, 'Koro1', 1058, 1807224, 1);
INSERT INTO interacts VALUES(940756779511, 3, 'Meiko', 3114, 1807334, 1);
INSERT INTO interacts VALUES(940756779511, 3, 'Clearlove', 3065, 1807886, 1);
INSERT INTO interacts VALUES(940756779511, 3, 'Deft', 3036, 1809055, 1);
INSERT INTO interacts VALUES(940756779511, 3, 'Clearlove', 1029, 1809314, 1);
INSERT INTO interacts VALUES(940756779511, 3, 'Clearlove', 2032, 1810810, 0);
INSERT INTO interacts VALUES(940756779511, 3, 'Clearlove', 2043, 1811561, 1);
INSERT INTO interacts VALUES(940756779511, 3, 'Clearlove', 2043, 1811820, 1);
INSERT INTO interacts VALUES(940756779511, 3, 'Peanut', 1028, 1814129, 1);
INSERT INTO interacts VALUES(940756779511, 3, 'GorillA', 3151, 1887974, 1);
INSERT INTO interacts VALUES(940756779511, 3, 'GorillA', 2043, 1888199, 1);
INSERT INTO interacts VALUES(940756779511, 3, 'Peanut', 2031, 1898617, 0);
INSERT INTO interacts VALUES(940756779511, 3, 'Peanut', 1029, 1899394, 1);
INSERT INTO interacts VALUES(940756779511, 3, 'PraY', 3036, 1906783, 1);
INSERT INTO interacts VALUES(940756779511, 3, 'Smeb', 2043, 1908517, 0);
INSERT INTO interacts VALUES(940756779511, 3, 'Smeb', 1038, 1910698, 1);
INSERT INTO interacts VALUES(940756779511, 3, 'Clearlove', 1057, 1967891, 1);
INSERT INTO interacts VALUES(940756779511, 3, 'Clearlove', 1031, 1968667, 1);
INSERT INTO interacts VALUES(940756779511, 3, 'Meiko', 3222, 1970054, 1);
INSERT INTO interacts VALUES(940756779511, 3, 'Meiko', 2043, 1972696, 1);
INSERT INTO interacts VALUES(940756779511, 3, 'Meiko', 2043, 1972859, 1);
INSERT INTO interacts VALUES(940756779511, 3, 'Deft', 1055, 1994068, 0);
INSERT INTO interacts VALUES(940756779511, 3, 'Deft', 3026, 1996199, 1);
INSERT INTO interacts VALUES(940756779511, 3, 'Deft', 2140, 1998377, 1);
INSERT INTO interacts VALUES(940756779511, 3, 'GorillA', 1011, 1998701, 1);
INSERT INTO interacts VALUES(940756779511, 3, 'Scout', 3135, 2003029, 1);
INSERT INTO interacts VALUES(940756779511, 3, 'Koro1', 1054, 2003258, 0);
INSERT INTO interacts VALUES(940756779511, 3, 'Koro1', 1011, 2005662, 1);
INSERT INTO interacts VALUES(940756779511, 3, 'Clearlove', 3026, 2008679, 1);
INSERT INTO interacts VALUES(940756779511, 3, 'Kuro', 3135, 2014762, 1);
INSERT INTO interacts VALUES(940756779511, 3, 'GorillA', 2043, 2015182, 1);
INSERT INTO interacts VALUES(940756779511, 3, 'PraY', 1037, 2027048, 1);
INSERT INTO interacts VALUES(940756779511, 3, 'Peanut', 1031, 2084036, 1);
INSERT INTO matches VALUES(940756779511, 4, '2016-10-15');
INSERT INTO scores VALUES('ROX', 940756779511, 4, 0, 2, 0, 0, 1, 0);
INSERT INTO scores VALUES('EDG', 940756779511, 4, 2, 10, 0, 1, 2, 1);
INSERT INTO bans VALUES(940756779511, 4, 60, 1);
INSERT INTO bans VALUES(940756779511, 4, 136, 3);
INSERT INTO bans VALUES(940756779511, 4, 143, 5);
INSERT INTO bans VALUES(940756779511, 4, 134, 2);
INSERT INTO bans VALUES(940756779511, 4, 76, 4);
INSERT INTO bans VALUES(940756779511, 4, 421, 6);
INSERT INTO plays VALUES(940756779511, 4, 'Koro1', 68, 'top', 1, 3, 2, 11289, 16, 4, 222, 3, 0, 10021);
INSERT INTO plays VALUES(940756779511, 4, 'Clearlove', 64, 'jungle', 0, 3, 3, 4396, 20, 11, 25, 80, 7, 9306);
INSERT INTO plays VALUES(940756779511, 4, 'Scout', 126, 'mid', 1, 3, 0, 16008, 12, 3, 232, 16, 0, 10495);
INSERT INTO plays VALUES(940756779511, 4, 'Deft', 51, 'adc', 1, 3, 2, 12012, 17, 11, 277, 6, 0, 11022);
INSERT INTO plays VALUES(940756779511, 4, 'Meiko', 267, 'support', 0, 4, 2, 4209, 56, 20, 23, 0, 1, 7280);
INSERT INTO plays VALUES(940756779511, 4, 'Smeb', 85, 'top', 3, 1, 5, 15481, 16, 4, 237, 9, 6, 13143);
INSERT INTO plays VALUES(940756779511, 4, 'Peanut', 2, 'jungle', 11, 0, 5, 15430, 13, 17, 41, 80, 24, 14120);
INSERT INTO plays VALUES(940756779511, 4, 'Kuro', 13, 'mid', 1, 1, 8, 7539, 16, 4, 260, 11, 15, 13600);
INSERT INTO plays VALUES(940756779511, 4, 'PraY', 202, 'adc', 1, 1, 10, 18795, 15, 3, 293, 9, 4, 13751);
INSERT INTO plays VALUES(940756779511, 4, 'GorillA', 43, 'support', 0, 0, 16, 7454, 45, 20, 22, 0, 2, 9720);
INSERT INTO interacts VALUES(940756779511, 4, 'Scout', 3340, 1505, 1);
INSERT INTO interacts VALUES(940756779511, 4, 'Scout', 1055, 1733, 1);
INSERT INTO interacts VALUES(940756779511, 4, 'Kuro', 1027, 1836, 1);
INSERT INTO interacts VALUES(940756779511, 4, 'GorillA', 3303, 1836, 1);
INSERT INTO interacts VALUES(940756779511, 4, 'Scout', 2003, 1894, 1);
INSERT INTO interacts VALUES(940756779511, 4, 'GorillA', 2010, 2023, 1);
INSERT INTO interacts VALUES(940756779511, 4, 'PraY', 1055, 2057, 1);
INSERT INTO interacts VALUES(940756779511, 4, 'GorillA', 2010, 2094, 1);
INSERT INTO interacts VALUES(940756779511, 4, 'GorillA', 2010, 2217, 1);
INSERT INTO interacts VALUES(940756779511, 4, 'Meiko', 3303, 2282, 1);
INSERT INTO interacts VALUES(940756779511, 4, 'Smeb', 1055, 2475, 1);
INSERT INTO interacts VALUES(940756779511, 4, 'Deft', 1055, 2508, 1);
INSERT INTO interacts VALUES(940756779511, 4, 'Clearlove', 1041, 2508, 1);
INSERT INTO interacts VALUES(940756779511, 4, 'GorillA', 3340, 2611, 1);
INSERT INTO interacts VALUES(940756779511, 4, 'PraY', 2010, 2669, 1);
INSERT INTO interacts VALUES(940756779511, 4, 'Meiko', 2010, 2737, 1);
INSERT INTO interacts VALUES(940756779511, 4, 'Deft', 2003, 2770, 1);
INSERT INTO interacts VALUES(940756779511, 4, 'Meiko', 2010, 2899, 1);
INSERT INTO interacts VALUES(940756779511, 4, 'Clearlove', 2031, 2899, 1);
INSERT INTO interacts VALUES(940756779511, 4, 'Smeb', 3340, 2899, 1);
INSERT INTO interacts VALUES(940756779511, 4, 'PraY', 3340, 2965, 1);
INSERT INTO interacts VALUES(940756779511, 4, 'Deft', 3340, 2996, 1);
INSERT INTO interacts VALUES(940756779511, 4, 'Meiko', 2010, 3031, 1);
INSERT INTO interacts VALUES(940756779511, 4, 'Smeb', 2003, 3287, 1);
INSERT INTO interacts VALUES(940756779511, 4, 'Clearlove', 3340, 3319, 1);
INSERT INTO interacts VALUES(940756779511, 4, 'Meiko', 3340, 3319, 1);
INSERT INTO interacts VALUES(940756779511, 4, 'Peanut', 1039, 3416, 1);
INSERT INTO interacts VALUES(940756779511, 4, 'Kuro', 2031, 3449, 1);
INSERT INTO interacts VALUES(940756779511, 4, 'Koro1', 1054, 3546, 1);
INSERT INTO interacts VALUES(940756779511, 4, 'Koro1', 2003, 3773, 1);
INSERT INTO interacts VALUES(940756779511, 4, 'Kuro', 3340, 3871, 1);
INSERT INTO interacts VALUES(940756779511, 4, 'Koro1', 3340, 4000, 1);
INSERT INTO interacts VALUES(940756779511, 4, 'Peanut', 2031, 4550, 1);
INSERT INTO interacts VALUES(940756779511, 4, 'Peanut', 3340, 4972, 1);
INSERT INTO interacts VALUES(940756779511, 4, 'Peanut', 1001, 258988, 1);
INSERT INTO interacts VALUES(940756779511, 4, 'Peanut', 2032, 260205, 1);
INSERT INTO interacts VALUES(940756779511, 4, 'Peanut', 1028, 260921, 1);
INSERT INTO interacts VALUES(940756779511, 4, 'Kuro', 3070, 368346, 1);
INSERT INTO interacts VALUES(940756779511, 4, 'Clearlove', 3711, 374692, 1);
INSERT INTO interacts VALUES(940756779511, 4, 'Clearlove', 1036, 375992, 1);
INSERT INTO interacts VALUES(940756779511, 4, 'Clearlove', 1036, 376285, 1);
INSERT INTO interacts VALUES(940756779511, 4, 'Clearlove', 2043, 377353, 1);
INSERT INTO interacts VALUES(940756779511, 4, 'Kuro', 3010, 381187, 1);
INSERT INTO interacts VALUES(940756779511, 4, 'Scout', 3134, 389445, 1);
INSERT INTO interacts VALUES(940756779511, 4, 'Scout', 1027, 391492, 1);
INSERT INTO interacts VALUES(940756779511, 4, 'Scout', 2003, 392819, 1);
INSERT INTO interacts VALUES(940756779511, 4, 'Scout', 2043, 392985, 1);
INSERT INTO interacts VALUES(940756779511, 4, 'Koro1', 3111, 395222, 1);
INSERT INTO interacts VALUES(940756779511, 4, 'Koro1', 2031, 397070, 1);
INSERT INTO interacts VALUES(940756779511, 4, 'Koro1', 2043, 397363, 1);
INSERT INTO interacts VALUES(940756779511, 4, 'Peanut', 3158, 407968, 1);
INSERT INTO interacts VALUES(940756779511, 4, 'Smeb', 3145, 411579, 1);
INSERT INTO interacts VALUES(940756779511, 4, 'Smeb', 1033, 414008, 1);
INSERT INTO interacts VALUES(940756779511, 4, 'Smeb', 2043, 414951, 1);
INSERT INTO interacts VALUES(940756779511, 4, 'Smeb', 2003, 416833, 0);
INSERT INTO interacts VALUES(940756779511, 4, 'Smeb', 2031, 417319, 1);
INSERT INTO interacts VALUES(940756779511, 4, 'Meiko', 2049, 429162, 1);
INSERT INTO interacts VALUES(940756779511, 4, 'Meiko', 3341, 430184, 1);
INSERT INTO interacts VALUES(940756779511, 4, 'Meiko', 2043, 430980, 1);
INSERT INTO interacts VALUES(940756779511, 4, 'Meiko', 2010, 431218, 1);
INSERT INTO interacts VALUES(940756779511, 4, 'Deft', 1038, 434780, 1);
INSERT INTO interacts VALUES(940756779511, 4, 'Deft', 1001, 435299, 1);
INSERT INTO interacts VALUES(940756779511, 4, 'Deft', 2003, 436176, 1);
INSERT INTO interacts VALUES(940756779511, 4, 'Deft', 2043, 436532, 1);
INSERT INTO interacts VALUES(940756779511, 4, 'GorillA', 2049, 438934, 1);
INSERT INTO interacts VALUES(940756779511, 4, 'GorillA', 3341, 439646, 1);
INSERT INTO interacts VALUES(940756779511, 4, 'GorillA', 2010, 439875, 1);
INSERT INTO interacts VALUES(940756779511, 4, 'GorillA', 2010, 439972, 1);
INSERT INTO interacts VALUES(940756779511, 4, 'PraY', 3134, 443742, 1);
INSERT INTO interacts VALUES(940756779511, 4, 'PraY', 1036, 446548, 1);
INSERT INTO interacts VALUES(940756779511, 4, 'PraY', 2010, 447936, 1);
INSERT INTO interacts VALUES(940756779511, 4, 'PraY', 2010, 448230, 1);
INSERT INTO interacts VALUES(940756779511, 4, 'PraY', 2043, 448631, 1);
INSERT INTO interacts VALUES(940756779511, 4, 'Peanut', 3751, 530603, 1);
INSERT INTO interacts VALUES(940756779511, 4, 'Peanut', 2043, 531638, 1);
INSERT INTO interacts VALUES(940756779511, 4, 'Deft', 3006, 587041, 1);
INSERT INTO interacts VALUES(940756779511, 4, 'Deft', 2003, 587826, 1);
INSERT INTO interacts VALUES(940756779511, 4, 'Meiko', 1001, 588245, 1);
INSERT INTO interacts VALUES(940756779511, 4, 'Clearlove', 1408, 588312, 1);
INSERT INTO interacts VALUES(940756779511, 4, 'Meiko', 2043, 588508, 1);
INSERT INTO interacts VALUES(940756779511, 4, 'Meiko', 2031, 588831, 1);
INSERT INTO interacts VALUES(940756779511, 4, 'Koro1', 1026, 595198, 1);
INSERT INTO interacts VALUES(940756779511, 4, 'Koro1', 1052, 595458, 1);
INSERT INTO interacts VALUES(940756779511, 4, 'Deft', 2043, 596352, 1);
INSERT INTO interacts VALUES(940756779511, 4, 'PraY', 3133, 600898, 1);
INSERT INTO interacts VALUES(940756779511, 4, 'PraY', 2010, 601640, 1);
INSERT INTO interacts VALUES(940756779511, 4, 'PraY', 2010, 602548, 1);
INSERT INTO interacts VALUES(940756779511, 4, 'Peanut', 1401, 602548, 1);
INSERT INTO interacts VALUES(940756779511, 4, 'GorillA', 1001, 603558, 1);
INSERT INTO interacts VALUES(940756779511, 4, 'Kuro', 1001, 605244, 1);
INSERT INTO interacts VALUES(940756779511, 4, 'Kuro', 1026, 606668, 1);
INSERT INTO interacts VALUES(940756779511, 4, 'Smeb', 3020, 606741, 1);
INSERT INTO interacts VALUES(940756779511, 4, 'Smeb', 2043, 608318, 1);
INSERT INTO interacts VALUES(940756779511, 4, 'Kuro', 2043, 609520, 1);
INSERT INTO interacts VALUES(940756779511, 4, 'GorillA', 2031, 610072, 1);
INSERT INTO interacts VALUES(940756779511, 4, 'GorillA', 2043, 610300, 1);
INSERT INTO interacts VALUES(940756779511, 4, 'GorillA', 2043, 610397, 1);
INSERT INTO interacts VALUES(940756779511, 4, 'GorillA', 1004, 612193, 1);
INSERT INTO interacts VALUES(940756779511, 4, 'Scout', 3133, 626680, 1);
INSERT INTO interacts VALUES(940756779511, 4, 'Scout', 3155, 627915, 1);
INSERT INTO interacts VALUES(940756779511, 4, 'Clearlove', 1001, 708519, 1);
INSERT INTO interacts VALUES(940756779511, 4, 'Clearlove', 1028, 709101, 1);
INSERT INTO interacts VALUES(940756779511, 4, 'Scout', 3070, 744460, 1);
INSERT INTO interacts VALUES(940756779511, 4, 'Kuro', 3027, 753628, 1);
INSERT INTO interacts VALUES(940756779511, 4, 'Kuro', 2043, 755185, 1);
INSERT INTO interacts VALUES(940756779511, 4, 'Kuro', 3363, 755542, 1);
INSERT INTO interacts VALUES(940756779511, 4, 'PraY', 3142, 760293, 1);
INSERT INTO interacts VALUES(940756779511, 4, 'GorillA', 3158, 762045, 1);
INSERT INTO interacts VALUES(940756779511, 4, 'Meiko', 3098, 768706, 1);
INSERT INTO interacts VALUES(940756779511, 4, 'Deft', 1043, 768799, 1);
INSERT INTO interacts VALUES(940756779511, 4, 'PraY', 2043, 769676, 1);
INSERT INTO interacts VALUES(940756779511, 4, 'Meiko', 2043, 777678, 1);
INSERT INTO interacts VALUES(940756779511, 4, 'Meiko', 2301, 854316, 1);
INSERT INTO interacts VALUES(940756779511, 4, 'Meiko', 2043, 854693, 1);
INSERT INTO interacts VALUES(940756779511, 4, 'Deft', 1037, 855477, 1);
INSERT INTO interacts VALUES(940756779511, 4, 'Deft', 2043, 857876, 1);
INSERT INTO interacts VALUES(940756779511, 4, 'Koro1', 3136, 860060, 1);
INSERT INTO interacts VALUES(940756779511, 4, 'Clearlove', 3111, 860481, 1);
INSERT INTO interacts VALUES(940756779511, 4, 'Koro1', 1052, 861941, 1);
INSERT INTO interacts VALUES(940756779511, 4, 'Clearlove', 3364, 863418, 1);
INSERT INTO interacts VALUES(940756779511, 4, 'Clearlove', 1028, 863937, 1);
INSERT INTO interacts VALUES(940756779511, 4, 'GorillA', 3098, 869693, 1);
INSERT INTO interacts VALUES(940756779511, 4, 'GorillA', 2043, 869953, 1);
INSERT INTO interacts VALUES(940756779511, 4, 'Scout', 3158, 876060, 1);
INSERT INTO interacts VALUES(940756779511, 4, 'Scout', 2043, 876838, 1);
INSERT INTO interacts VALUES(940756779511, 4, 'Peanut', 1011, 900587, 1);
INSERT INTO interacts VALUES(940756779511, 4, 'Peanut', 3082, 902098, 1);
INSERT INTO interacts VALUES(940756779511, 4, 'Smeb', 3152, 939935, 1);
INSERT INTO interacts VALUES(940756779511, 4, 'Kuro', 3158, 939998, 1);
INSERT INTO interacts VALUES(940756779511, 4, 'Kuro', 2043, 941095, 1);
INSERT INTO interacts VALUES(940756779511, 4, 'Smeb', 2043, 944869, 0);
INSERT INTO interacts VALUES(940756779511, 4, 'Smeb', 1052, 946610, 1);
INSERT INTO interacts VALUES(940756779511, 4, 'PraY', 1001, 961425, 1);
INSERT INTO interacts VALUES(940756779511, 4, 'PraY', 3134, 962536, 1);
INSERT INTO interacts VALUES(940756779511, 4, 'PraY', 2043, 963737, 1);
INSERT INTO interacts VALUES(940756779511, 4, 'PraY', 3341, 964027, 1);
INSERT INTO interacts VALUES(940756779511, 4, 'PraY', 3363, 964774, 1);
INSERT INTO interacts VALUES(940756779511, 4, 'Meiko', 2043, 982697, 1);
INSERT INTO interacts VALUES(940756779511, 4, 'Meiko', 1028, 983509, 1);
INSERT INTO interacts VALUES(940756779511, 4, 'Deft', 1018, 992073, 1);
INSERT INTO interacts VALUES(940756779511, 4, 'Deft', 3363, 994604, 1);
INSERT INTO interacts VALUES(940756779511, 4, 'Clearlove', 2043, 1005747, 1);
INSERT INTO interacts VALUES(940756779511, 4, 'Koro1', 3151, 1019395, 1);
INSERT INTO interacts VALUES(940756779511, 4, 'Koro1', 2043, 1023404, 1);
INSERT INTO interacts VALUES(940756779511, 4, 'Scout', 3133, 1091196, 1);
INSERT INTO interacts VALUES(940756779511, 4, 'Peanut', 3143, 1091552, 1);
INSERT INTO interacts VALUES(940756779511, 4, 'Peanut', 1029, 1095288, 1);
INSERT INTO interacts VALUES(940756779511, 4, 'GorillA', 2301, 1096492, 1);
INSERT INTO interacts VALUES(940756779511, 4, 'GorillA', 2043, 1096814, 1);
INSERT INTO interacts VALUES(940756779511, 4, 'Koro1', 3108, 1099608, 1);
INSERT INTO interacts VALUES(940756779511, 4, 'Kuro', 1058, 1100617, 1);
INSERT INTO interacts VALUES(940756779511, 4, 'Koro1', 1052, 1101754, 1);
INSERT INTO interacts VALUES(940756779511, 4, 'Meiko', 2043, 1121663, 1);
INSERT INTO interacts VALUES(940756779511, 4, 'Deft', 3031, 1128397, 1);
INSERT INTO interacts VALUES(940756779511, 4, 'Deft', 2043, 1129077, 1);
INSERT INTO interacts VALUES(940756779511, 4, 'Smeb', 3191, 1138091, 1);
INSERT INTO interacts VALUES(940756779511, 4, 'Clearlove', 1011, 1157834, 1);
INSERT INTO interacts VALUES(940756779511, 4, 'Clearlove', 2031, 1160206, 0);
INSERT INTO interacts VALUES(940756779511, 4, 'Clearlove', 1029, 1162510, 1);
INSERT INTO interacts VALUES(940756779511, 4, 'GorillA', 1028, 1167777, 1);
INSERT INTO interacts VALUES(940756779511, 4, 'GorillA', 2043, 1168406, 1);
INSERT INTO interacts VALUES(940756779511, 4, 'Meiko', 3117, 1195422, 1);
INSERT INTO interacts VALUES(940756779511, 4, 'Scout', 3142, 1224294, 1);
INSERT INTO interacts VALUES(940756779511, 4, 'Scout', 3363, 1225277, 1);
INSERT INTO interacts VALUES(940756779511, 4, 'Deft', 1042, 1244818, 1);
INSERT INTO interacts VALUES(940756779511, 4, 'Deft', 1051, 1249846, 1);
INSERT INTO interacts VALUES(940756779511, 4, 'PraY', 3147, 1289888, 1);
INSERT INTO interacts VALUES(940756779511, 4, 'GorillA', 3801, 1295393, 1);
INSERT INTO interacts VALUES(940756779511, 4, 'GorillA', 1033, 1295807, 1);
INSERT INTO interacts VALUES(940756779511, 4, 'Koro1', 2031, 1301422, 0);
INSERT INTO interacts VALUES(940756779511, 4, 'Kuro', 3003, 1302720, 1);
INSERT INTO interacts VALUES(940756779511, 4, 'Koro1', 1026, 1302884, 1);
INSERT INTO interacts VALUES(940756779511, 4, 'Meiko', 3364, 1302949, 1);
INSERT INTO interacts VALUES(940756779511, 4, 'Meiko', 2043, 1303208, 1);
INSERT INTO interacts VALUES(940756779511, 4, 'Kuro', 2043, 1303992, 1);
INSERT INTO interacts VALUES(940756779511, 4, 'Kuro', 1052, 1304446, 1);
INSERT INTO interacts VALUES(940756779511, 4, 'Koro1', 3363, 1304736, 1);
INSERT INTO interacts VALUES(940756779511, 4, 'Meiko', 3067, 1304834, 1);
INSERT INTO interacts VALUES(940756779511, 4, 'Clearlove', 1031, 1306243, 1);
INSERT INTO interacts VALUES(940756779511, 4, 'Smeb', 3157, 1307281, 1);
INSERT INTO interacts VALUES(940756779511, 4, 'Clearlove', 1033, 1308058, 1);
INSERT INTO interacts VALUES(940756779511, 4, 'Peanut', 3211, 1309510, 1);
INSERT INTO interacts VALUES(940756779511, 4, 'Smeb', 2031, 1309804, 0);
INSERT INTO interacts VALUES(940756779511, 4, 'Smeb', 2043, 1311845, 1);
INSERT INTO interacts VALUES(940756779511, 4, 'Scout', 1036, 1377777, 1);
INSERT INTO interacts VALUES(940756779511, 4, 'Deft', 3086, 1384830, 1);
INSERT INTO interacts VALUES(940756779511, 4, 'Deft', 2043, 1386644, 1);
INSERT INTO interacts VALUES(940756779511, 4, 'PraY', 1038, 1408335, 1);
INSERT INTO interacts VALUES(940756779511, 4, 'Kuro', 1026, 1409696, 1);
INSERT INTO interacts VALUES(940756779511, 4, 'Peanut', 1031, 1411320, 1);
INSERT INTO interacts VALUES(940756779511, 4, 'Peanut', 2032, 1413382, 0);
INSERT INTO interacts VALUES(940756779511, 4, 'Peanut', 3067, 1414861, 1);
INSERT INTO interacts VALUES(940756779511, 4, 'GorillA', 3105, 1420397, 1);
INSERT INTO interacts VALUES(940756779511, 4, 'GorillA', 1028, 1420608, 1);
INSERT INTO interacts VALUES(940756779511, 4, 'GorillA', 3364, 1421176, 1);
INSERT INTO interacts VALUES(940756779511, 4, 'GorillA', 2043, 1421387, 1);
INSERT INTO interacts VALUES(940756779511, 4, 'Smeb', 1026, 1424813, 1);
INSERT INTO interacts VALUES(940756779511, 4, 'Koro1', 1054, 1459156, 0);
INSERT INTO interacts VALUES(940756779511, 4, 'Koro1', 3135, 1460252, 1);
INSERT INTO interacts VALUES(940756779511, 4, 'Koro1', 2043, 1461338, 1);
INSERT INTO interacts VALUES(940756779511, 4, 'Scout', 3134, 1466638, 1);
INSERT INTO interacts VALUES(940756779511, 4, 'Meiko', 1033, 1478644, 1);
INSERT INTO interacts VALUES(940756779511, 4, 'Meiko', 2043, 1479516, 1);
INSERT INTO interacts VALUES(940756779511, 4, 'Meiko', 2043, 1479649, 1);
INSERT INTO interacts VALUES(940756779511, 4, 'Clearlove', 3742, 1551600, 1);
INSERT INTO interacts VALUES(940756779511, 4, 'Clearlove', 2043, 1552873, 1);
INSERT INTO interacts VALUES(940756779511, 4, 'Peanut', 3065, 1575624, 1);
INSERT INTO interacts VALUES(940756779511, 4, 'GorillA', 3190, 1575656, 1);
INSERT INTO interacts VALUES(940756779511, 4, 'GorillA', 1004, 1576303, 1);
INSERT INTO interacts VALUES(940756779511, 4, 'GorillA', 1004, 1576402, 1);
INSERT INTO interacts VALUES(940756779511, 4, 'GorillA', 2031, 1577113, 0);
INSERT INTO interacts VALUES(940756779511, 4, 'Peanut', 1028, 1577180, 1);
INSERT INTO interacts VALUES(940756779511, 4, 'GorillA', 2043, 1577639, 1);
INSERT INTO interacts VALUES(940756779511, 4, 'GorillA', 2043, 1577731, 1);
INSERT INTO interacts VALUES(940756779511, 4, 'Peanut', 3364, 1579620, 1);
INSERT INTO interacts VALUES(940756779511, 4, 'Kuro', 3135, 1586392, 1);
INSERT INTO interacts VALUES(940756779511, 4, 'Kuro', 2043, 1587247, 1);
INSERT INTO interacts VALUES(940756779511, 4, 'PraY', 3086, 1592836, 1);
INSERT INTO interacts VALUES(940756779511, 4, 'Deft', 1037, 1605191, 1);
INSERT INTO interacts VALUES(940756779511, 4, 'Koro1', 3108, 1605223, 1);
INSERT INTO interacts VALUES(940756779511, 4, 'Smeb', 3135, 1612207, 1);
INSERT INTO interacts VALUES(940756779511, 4, 'Scout', 3156, 1694256, 1);
INSERT INTO interacts VALUES(940756779511, 4, 'Meiko', 3801, 1696207, 1);
INSERT INTO interacts VALUES(940756779511, 4, 'Deft', 3035, 1696633, 1);
INSERT INTO interacts VALUES(940756779511, 4, 'Meiko', 2031, 1697057, 0);
INSERT INTO interacts VALUES(940756779511, 4, 'Meiko', 2043, 1698098, 1);
INSERT INTO interacts VALUES(940756779511, 4, 'Meiko', 2043, 1698229, 1);
INSERT INTO interacts VALUES(940756779511, 4, 'Deft', 3085, 1758438, 1);
INSERT INTO interacts VALUES(940756779511, 4, 'Meiko', 3105, 1769207, 1);
INSERT INTO interacts VALUES(940756779511, 4, 'Clearlove', 3211, 1770795, 1);
INSERT INTO interacts VALUES(940756779511, 4, 'Clearlove', 1028, 1771392, 1);
INSERT INTO interacts VALUES(940756779511, 4, 'Clearlove', 2043, 1773113, 1);
INSERT INTO interacts VALUES(940756779511, 4, 'Peanut', 3742, 1773628, 1);
INSERT INTO interacts VALUES(940756779511, 4, 'GorillA', 3028, 1780155, 1);
INSERT INTO interacts VALUES(940756779511, 4, 'Kuro', 1058, 1780512, 1);
INSERT INTO interacts VALUES(940756779511, 4, 'Kuro', 2031, 1781665, 0);
INSERT INTO interacts VALUES(940756779511, 4, 'GorillA', 3114, 1782707, 1);
INSERT INTO interacts VALUES(940756779511, 4, 'Kuro', 1026, 1782885, 1);
INSERT INTO interacts VALUES(940756779511, 4, 'PraY', 3094, 1784150, 1);
INSERT INTO interacts VALUES(940756779511, 4, 'PraY', 2140, 1785307, 1);
INSERT INTO interacts VALUES(940756779511, 4, 'GorillA', 3113, 1787014, 1);
INSERT INTO interacts VALUES(940756779511, 4, 'GorillA', 2043, 1788057, 1);
INSERT INTO interacts VALUES(940756779511, 4, 'GorillA', 2043, 1788219, 1);
INSERT INTO interacts VALUES(940756779511, 4, 'Smeb', 1055, 1792480, 0);
INSERT INTO interacts VALUES(940756779511, 4, 'Smeb', 1058, 1792933, 1);
INSERT INTO interacts VALUES(940756779511, 4, 'Smeb', 2139, 1796797, 1);
INSERT INTO interacts VALUES(940756779511, 4, 'Peanut', 2043, 1798647, 1);
INSERT INTO interacts VALUES(940756779511, 4, 'Peanut', 2043, 1798973, 1);
INSERT INTO interacts VALUES(940756779511, 4, 'Koro1', 1052, 1808175, 1);
INSERT INTO interacts VALUES(940756779511, 4, 'Meiko', 3190, 1832982, 1);
INSERT INTO interacts VALUES(940756779511, 4, 'Scout', 1036, 1875425, 1);
INSERT INTO interacts VALUES(940756779511, 4, 'Scout', 2140, 1875900, 1);
INSERT INTO interacts VALUES(940756779511, 4, 'Koro1', 3191, 1928528, 1);
INSERT INTO interacts VALUES(940756779511, 4, 'Meiko', 2043, 1936195, 1);
INSERT INTO interacts VALUES(940756779511, 4, 'Meiko', 1033, 1940620, 1);
INSERT INTO interacts VALUES(940756779511, 4, 'Kuro', 3089, 1946792, 1);
INSERT INTO interacts VALUES(940756779511, 4, 'Scout', 3133, 1946920, 1);
INSERT INTO interacts VALUES(940756779511, 4, 'Deft', 3036, 1947276, 1);
INSERT INTO series VALUES(80644416211, '5');
INSERT INTO organizes VALUES('world_championship_2016', 80644416211, 'elimination - R1M4');
INSERT INTO competes VALUES(80644416211, 'H2K', 1);
INSERT INTO competes VALUES(80644416211, 'ANX', 0);
INSERT INTO matches VALUES(80644416211, 1, '2016-10-16');
INSERT INTO scores VALUES('H2K', 80644416211, 1, 3, 10, 1, 0, 2, 1);
INSERT INTO scores VALUES('ANX', 80644416211, 1, 0, 0, 0, 1, 1, 0);
INSERT INTO bans VALUES(80644416211, 1, 63, 1);
INSERT INTO bans VALUES(80644416211, 1, 78, 3);
INSERT INTO bans VALUES(80644416211, 1, 202, 5);
INSERT INTO bans VALUES(80644416211, 1, 76, 2);
INSERT INTO bans VALUES(80644416211, 1, 13, 4);
INSERT INTO bans VALUES(80644416211, 1, 85, 6);
INSERT INTO plays VALUES(80644416211, 1, 'Odoamne', 126, 'top', 9, 3, 9, 26633, 18, 3, 277, 15, 2, 16605);
INSERT INTO plays VALUES(80644416211, 1, 'Jankos', 64, 'jungle', 5, 3, 11, 10884, 45, 17, 25, 91, 34, 13664);
INSERT INTO plays VALUES(80644416211, 1, 'Ryu', 8, 'mid', 9, 1, 8, 26515, 12, 7, 253, 5, 4, 14938);
INSERT INTO plays VALUES(80644416211, 1, 'FORG1VEN', 15, 'adc', 0, 1, 18, 21990, 14, 7, 329, 6, 12, 15427);
INSERT INTO plays VALUES(80644416211, 1, 'Vander', 143, 'support', 5, 0, 11, 18595, 46, 10, 22, 0, 0, 11429);
INSERT INTO plays VALUES(80644416211, 1, 'Smurf', 150, 'top', 1, 6, 3, 16067, 17, 3, 220, 13, 0, 10919);
INSERT INTO plays VALUES(80644416211, 1, 'PvPStejos', 2, 'jungle', 0, 5, 5, 12040, 27, 13, 40, 75, 3, 9675);
INSERT INTO plays VALUES(80644416211, 1, 'Kira', 134, 'mid', 3, 6, 3, 23987, 17, 5, 281, 13, 1, 12792);
INSERT INTO plays VALUES(80644416211, 1, 'aMiracle', 51, 'adc', 3, 5, 3, 18619, 9, 2, 292, 2, 0, 12312);
INSERT INTO plays VALUES(80644416211, 1, 'Likkrit', 432, 'support', 1, 6, 5, 7497, 44, 8, 23, 3, 0, 8434);
INSERT INTO interacts VALUES(80644416211, 1, 'Jankos', 3340, 1452, 1);
INSERT INTO interacts VALUES(80644416211, 1, 'Odoamne', 3340, 1582, 1);
INSERT INTO interacts VALUES(80644416211, 1, 'Ryu', 1054, 1645, 1);
INSERT INTO interacts VALUES(80644416211, 1, 'Jankos', 1041, 1710, 1);
INSERT INTO interacts VALUES(80644416211, 1, 'aMiracle', 1055, 1742, 1);
INSERT INTO interacts VALUES(80644416211, 1, 'Ryu', 2003, 1874, 1);
INSERT INTO interacts VALUES(80644416211, 1, 'Jankos', 2031, 1874, 1);
INSERT INTO interacts VALUES(80644416211, 1, 'Vander', 2010, 1969, 1);
INSERT INTO interacts VALUES(80644416211, 1, 'Odoamne', 1055, 1969, 1);
INSERT INTO interacts VALUES(80644416211, 1, 'aMiracle', 2010, 1969, 1);
INSERT INTO interacts VALUES(80644416211, 1, 'Likkrit', 3303, 2073, 1);
INSERT INTO interacts VALUES(80644416211, 1, 'Ryu', 3340, 2099, 1);
INSERT INTO interacts VALUES(80644416211, 1, 'Vander', 2010, 2131, 1);
INSERT INTO interacts VALUES(80644416211, 1, 'aMiracle', 3340, 2163, 1);
INSERT INTO interacts VALUES(80644416211, 1, 'Vander', 2010, 2227, 1);
INSERT INTO interacts VALUES(80644416211, 1, 'Odoamne', 2003, 2261, 1);
INSERT INTO interacts VALUES(80644416211, 1, 'Likkrit', 3340, 2336, 1);
INSERT INTO interacts VALUES(80644416211, 1, 'PvPStejos', 1039, 2358, 1);
INSERT INTO interacts VALUES(80644416211, 1, 'Vander', 3340, 2392, 1);
INSERT INTO interacts VALUES(80644416211, 1, 'Likkrit', 2010, 2521, 1);
INSERT INTO interacts VALUES(80644416211, 1, 'Likkrit', 2010, 2650, 1);
INSERT INTO interacts VALUES(80644416211, 1, 'Likkrit', 2010, 2812, 1);
INSERT INTO interacts VALUES(80644416211, 1, 'PvPStejos', 3340, 2853, 1);
INSERT INTO interacts VALUES(80644416211, 1, 'FORG1VEN', 1055, 2878, 1);
INSERT INTO interacts VALUES(80644416211, 1, 'FORG1VEN', 2010, 3233, 1);
INSERT INTO interacts VALUES(80644416211, 1, 'Kira', 1056, 3652, 1);
INSERT INTO interacts VALUES(80644416211, 1, 'Vander', 3303, 3781, 1);
INSERT INTO interacts VALUES(80644416211, 1, 'FORG1VEN', 3340, 3845, 1);
INSERT INTO interacts VALUES(80644416211, 1, 'PvPStejos', 2031, 3943, 1);
INSERT INTO interacts VALUES(80644416211, 1, 'Kira', 2003, 4149, 1);
INSERT INTO interacts VALUES(80644416211, 1, 'Kira', 2003, 4270, 1);
INSERT INTO interacts VALUES(80644416211, 1, 'Kira', 3340, 4498, 1);
INSERT INTO interacts VALUES(80644416211, 1, 'Smurf', 1054, 4532, 1);
INSERT INTO interacts VALUES(80644416211, 1, 'Smurf', 2003, 5826, 1);
INSERT INTO interacts VALUES(80644416211, 1, 'Smurf', 3340, 6184, 1);
INSERT INTO interacts VALUES(80644416211, 1, 'PvPStejos', 2032, 252942, 1);
INSERT INTO interacts VALUES(80644416211, 1, 'PvPStejos', 1001, 255309, 1);
INSERT INTO interacts VALUES(80644416211, 1, 'Jankos', 3009, 255407, 1);
INSERT INTO interacts VALUES(80644416211, 1, 'Smurf', 1029, 256673, 1);
INSERT INTO interacts VALUES(80644416211, 1, 'PvPStejos', 2043, 256908, 1);
INSERT INTO interacts VALUES(80644416211, 1, 'Smurf', 2031, 257582, 1);
INSERT INTO interacts VALUES(80644416211, 1, 'Jankos', 2043, 258846, 1);
INSERT INTO interacts VALUES(80644416211, 1, 'Jankos', 2043, 260470, 1);
INSERT INTO interacts VALUES(80644416211, 1, 'Odoamne', 3134, 260989, 1);
INSERT INTO interacts VALUES(80644416211, 1, 'Smurf', 2043, 261249, 1);
INSERT INTO interacts VALUES(80644416211, 1, 'Odoamne', 2043, 264036, 1);
INSERT INTO interacts VALUES(80644416211, 1, 'Odoamne', 2031, 264720, 1);
INSERT INTO interacts VALUES(80644416211, 1, 'Likkrit', 1028, 296569, 1);
INSERT INTO interacts VALUES(80644416211, 1, 'Likkrit', 2043, 298320, 1);
INSERT INTO interacts VALUES(80644416211, 1, 'Kira', 3802, 337001, 1);
INSERT INTO interacts VALUES(80644416211, 1, 'Kira', 2031, 338818, 1);
INSERT INTO interacts VALUES(80644416211, 1, 'Vander', 1028, 345271, 1);
INSERT INTO interacts VALUES(80644416211, 1, 'Vander', 2043, 346542, 1);
INSERT INTO interacts VALUES(80644416211, 1, 'Ryu', 3211, 365300, 1);
INSERT INTO interacts VALUES(80644416211, 1, 'Ryu', 2043, 366858, 1);
INSERT INTO interacts VALUES(80644416211, 1, 'Ryu', 2003, 367412, 1);
INSERT INTO interacts VALUES(80644416211, 1, 'Smurf', 1001, 388202, 1);
INSERT INTO interacts VALUES(80644416211, 1, 'Smurf', 1028, 395541, 1);
INSERT INTO interacts VALUES(80644416211, 1, 'Odoamne', 1036, 406313, 1);
INSERT INTO interacts VALUES(80644416211, 1, 'Odoamne', 1036, 406477, 1);
INSERT INTO interacts VALUES(80644416211, 1, 'Odoamne', 1001, 407707, 1);
INSERT INTO interacts VALUES(80644416211, 1, 'PvPStejos', 3711, 408457, 1);
INSERT INTO interacts VALUES(80644416211, 1, 'FORG1VEN', 1038, 411510, 1);
INSERT INTO interacts VALUES(80644416211, 1, 'FORG1VEN', 1001, 412611, 1);
INSERT INTO interacts VALUES(80644416211, 1, 'FORG1VEN', 2010, 415264, 1);
INSERT INTO interacts VALUES(80644416211, 1, 'aMiracle', 1038, 435350, 1);
INSERT INTO interacts VALUES(80644416211, 1, 'aMiracle', 1001, 435651, 1);
INSERT INTO interacts VALUES(80644416211, 1, 'aMiracle', 2010, 437395, 0);
INSERT INTO interacts VALUES(80644416211, 1, 'aMiracle', 2031, 438598, 1);
INSERT INTO interacts VALUES(80644416211, 1, 'Likkrit', 2049, 447884, 1);
INSERT INTO interacts VALUES(80644416211, 1, 'Likkrit', 3341, 448309, 1);
INSERT INTO interacts VALUES(80644416211, 1, 'Jankos', 1036, 449346, 1);
INSERT INTO interacts VALUES(80644416211, 1, 'Jankos', 1036, 449423, 1);
INSERT INTO interacts VALUES(80644416211, 1, 'Jankos', 2043, 451521, 1);
INSERT INTO interacts VALUES(80644416211, 1, 'Vander', 2049, 453476, 1);
INSERT INTO interacts VALUES(80644416211, 1, 'Vander', 2043, 454578, 1);
INSERT INTO interacts VALUES(80644416211, 1, 'Vander', 3341, 455296, 1);
INSERT INTO interacts VALUES(80644416211, 1, 'Likkrit', 2043, 523631, 1);
INSERT INTO interacts VALUES(80644416211, 1, 'Smurf', 3047, 583348, 1);
INSERT INTO interacts VALUES(80644416211, 1, 'Smurf', 1036, 585328, 1);
INSERT INTO interacts VALUES(80644416211, 1, 'PvPStejos', 3751, 592086, 1);
INSERT INTO interacts VALUES(80644416211, 1, 'Ryu', 3158, 668231, 1);
INSERT INTO interacts VALUES(80644416211, 1, 'Ryu', 3065, 670656, 1);
INSERT INTO interacts VALUES(80644416211, 1, 'FORG1VEN', 3006, 677816, 1);
INSERT INTO interacts VALUES(80644416211, 1, 'FORG1VEN', 1036, 680290, 1);
INSERT INTO interacts VALUES(80644416211, 1, 'FORG1VEN', 1036, 680580, 1);
INSERT INTO interacts VALUES(80644416211, 1, 'Kira', 3020, 689706, 1);
INSERT INTO interacts VALUES(80644416211, 1, 'Likkrit', 1001, 689961, 1);
INSERT INTO interacts VALUES(80644416211, 1, 'Kira', 3108, 693515, 1);
INSERT INTO interacts VALUES(80644416211, 1, 'Kira', 2043, 694072, 1);
INSERT INTO interacts VALUES(80644416211, 1, 'aMiracle', 3086, 701867, 1);
INSERT INTO interacts VALUES(80644416211, 1, 'Odoamne', 3142, 707290, 1);
INSERT INTO interacts VALUES(80644416211, 1, 'Odoamne', 1036, 708428, 1);
INSERT INTO interacts VALUES(80644416211, 1, 'Odoamne', 2043, 709664, 1);
INSERT INTO interacts VALUES(80644416211, 1, 'Vander', 3020, 715330, 1);
INSERT INTO interacts VALUES(80644416211, 1, 'Vander', 2043, 716287, 1);
INSERT INTO interacts VALUES(80644416211, 1, 'PvPStejos', 1409, 728902, 1);
INSERT INTO interacts VALUES(80644416211, 1, 'Jankos', 1408, 730039, 1);
INSERT INTO interacts VALUES(80644416211, 1, 'Jankos', 2043, 730411, 1);
INSERT INTO interacts VALUES(80644416211, 1, 'PvPStejos', 2043, 731890, 1);
INSERT INTO interacts VALUES(80644416211, 1, 'Smurf', 1028, 760410, 1);
INSERT INTO interacts VALUES(80644416211, 1, 'Smurf', 3052, 761878, 1);
INSERT INTO interacts VALUES(80644416211, 1, 'Smurf', 1011, 764731, 1);
INSERT INTO interacts VALUES(80644416211, 1, 'Odoamne', 3009, 871709, 1);
INSERT INTO interacts VALUES(80644416211, 1, 'Odoamne', 3134, 873637, 1);
INSERT INTO interacts VALUES(80644416211, 1, 'Odoamne', 3044, 877559, 1);
INSERT INTO interacts VALUES(80644416211, 1, 'Odoamne', 1036, 878280, 1);
INSERT INTO interacts VALUES(80644416211, 1, 'Jankos', 3155, 890880, 1);
INSERT INTO interacts VALUES(80644416211, 1, 'Jankos', 2043, 892632, 1);
INSERT INTO interacts VALUES(80644416211, 1, 'Likkrit', 1033, 919675, 1);
INSERT INTO interacts VALUES(80644416211, 1, 'Likkrit', 1028, 919935, 1);
INSERT INTO interacts VALUES(80644416211, 1, 'Likkrit', 2043, 921137, 1);
INSERT INTO interacts VALUES(80644416211, 1, 'PvPStejos', 3047, 928281, 1);
INSERT INTO interacts VALUES(80644416211, 1, 'Kira', 3165, 964841, 1);
INSERT INTO interacts VALUES(80644416211, 1, 'Kira', 1028, 965526, 1);
INSERT INTO interacts VALUES(80644416211, 1, 'Kira', 2043, 965848, 1);
INSERT INTO interacts VALUES(80644416211, 1, 'Likkrit', 2043, 1009182, 1);
INSERT INTO interacts VALUES(80644416211, 1, 'aMiracle', 3085, 1009506, 1);
INSERT INTO interacts VALUES(80644416211, 1, 'Likkrit', 3801, 1009910, 1);
INSERT INTO interacts VALUES(80644416211, 1, 'aMiracle', 3363, 1010432, 1);
INSERT INTO interacts VALUES(80644416211, 1, 'aMiracle', 1042, 1011989, 1);
INSERT INTO interacts VALUES(80644416211, 1, 'FORG1VEN', 3508, 1037211, 1);
INSERT INTO interacts VALUES(80644416211, 1, 'FORG1VEN', 1042, 1040063, 1);
INSERT INTO interacts VALUES(80644416211, 1, 'FORG1VEN', 1042, 1040326, 1);
INSERT INTO interacts VALUES(80644416211, 1, 'Vander', 2301, 1040684, 1);
INSERT INTO interacts VALUES(80644416211, 1, 'Smurf', 3022, 1041556, 1);
INSERT INTO interacts VALUES(80644416211, 1, 'Vander', 2043, 1041945, 1);
INSERT INTO interacts VALUES(80644416211, 1, 'Vander', 2043, 1042131, 1);
INSERT INTO interacts VALUES(80644416211, 1, 'FORG1VEN', 3363, 1042737, 1);
INSERT INTO interacts VALUES(80644416211, 1, 'Odoamne', 3071, 1057566, 1);
INSERT INTO interacts VALUES(80644416211, 1, 'Ryu', 3152, 1070362, 1);
INSERT INTO interacts VALUES(80644416211, 1, 'Ryu', 1001, 1071295, 1);
INSERT INTO interacts VALUES(80644416211, 1, 'Ryu', 2003, 1071616, 1);
INSERT INTO interacts VALUES(80644416211, 1, 'Jankos', 1011, 1073282, 1);
INSERT INTO interacts VALUES(80644416211, 1, 'Jankos', 2043, 1074244, 1);
INSERT INTO interacts VALUES(80644416211, 1, 'Jankos', 2043, 1074371, 1);
INSERT INTO interacts VALUES(80644416211, 1, 'Likkrit', 3105, 1154005, 1);
INSERT INTO interacts VALUES(80644416211, 1, 'Likkrit', 2043, 1156201, 1);
INSERT INTO interacts VALUES(80644416211, 1, 'PvPStejos', 3211, 1165849, 1);
INSERT INTO interacts VALUES(80644416211, 1, 'PvPStejos', 3364, 1167764, 1);
INSERT INTO interacts VALUES(80644416211, 1, 'aMiracle', 3006, 1181413, 1);
INSERT INTO interacts VALUES(80644416211, 1, 'PvPStejos', 1029, 1225108, 1);
INSERT INTO interacts VALUES(80644416211, 1, 'Jankos', 1029, 1230504, 1);
INSERT INTO interacts VALUES(80644416211, 1, 'Jankos', 2031, 1232741, 0);
INSERT INTO interacts VALUES(80644416211, 1, 'Jankos', 2043, 1233553, 1);
INSERT INTO interacts VALUES(80644416211, 1, 'Jankos', 2043, 1233649, 1);
INSERT INTO interacts VALUES(80644416211, 1, 'Vander', 1028, 1236886, 1);
INSERT INTO interacts VALUES(80644416211, 1, 'Vander', 1026, 1238720, 1);
INSERT INTO interacts VALUES(80644416211, 1, 'Vander', 1052, 1239853, 1);
INSERT INTO interacts VALUES(80644416211, 1, 'Odoamne', 1053, 1242279, 1);
INSERT INTO interacts VALUES(80644416211, 1, 'Vander', 3364, 1242440, 1);
INSERT INTO interacts VALUES(80644416211, 1, 'Vander', 2043, 1242639, 1);
INSERT INTO interacts VALUES(80644416211, 1, 'Ryu', 3158, 1243196, 1);
INSERT INTO interacts VALUES(80644416211, 1, 'Ryu', 1052, 1245139, 1);
INSERT INTO interacts VALUES(80644416211, 1, 'Likkrit', 3117, 1274868, 1);
INSERT INTO interacts VALUES(80644416211, 1, 'Likkrit', 3364, 1275950, 1);
INSERT INTO interacts VALUES(80644416211, 1, 'Smurf', 3044, 1280329, 1);
INSERT INTO interacts VALUES(80644416211, 1, 'Kira', 1058, 1293611, 1);
INSERT INTO interacts VALUES(80644416211, 1, 'Kira', 1011, 1294909, 1);
INSERT INTO interacts VALUES(80644416211, 1, 'aMiracle', 1037, 1297538, 1);
INSERT INTO interacts VALUES(80644416211, 1, 'FORG1VEN', 3046, 1344458, 1);
INSERT INTO interacts VALUES(80644416211, 1, 'Vander', 3136, 1344750, 1);
INSERT INTO interacts VALUES(80644416211, 1, 'Vander', 2043, 1347738, 1);
INSERT INTO interacts VALUES(80644416211, 1, 'FORG1VEN', 1037, 1350236, 1);
INSERT INTO interacts VALUES(80644416211, 1, 'Odoamne', 2031, 1352341, 0);
INSERT INTO interacts VALUES(80644416211, 1, 'Jankos', 3082, 1353510, 1);
INSERT INTO interacts VALUES(80644416211, 1, 'Jankos', 2043, 1353869, 1);
INSERT INTO interacts VALUES(80644416211, 1, 'Jankos', 2043, 1353964, 1);
INSERT INTO interacts VALUES(80644416211, 1, 'PvPStejos', 1031, 1355315, 1);
INSERT INTO interacts VALUES(80644416211, 1, 'Odoamne', 2043, 1357834, 1);
INSERT INTO interacts VALUES(80644416211, 1, 'Smurf', 1036, 1394188, 1);
INSERT INTO interacts VALUES(80644416211, 1, 'Jankos', 3143, 1442654, 1);
INSERT INTO interacts VALUES(80644416211, 1, 'Jankos', 2043, 1443466, 1);
INSERT INTO interacts VALUES(80644416211, 1, 'Kira', 3116, 1451351, 1);
INSERT INTO interacts VALUES(80644416211, 1, 'Kira', 2043, 1452788, 1);
INSERT INTO interacts VALUES(80644416211, 1, 'Smurf', 3133, 1459213, 1);
INSERT INTO interacts VALUES(80644416211, 1, 'PvPStejos', 1028, 1461062, 1);
INSERT INTO interacts VALUES(80644416211, 1, 'Likkrit', 3190, 1465800, 1);
INSERT INTO interacts VALUES(80644416211, 1, 'Likkrit', 2043, 1495463, 1);
INSERT INTO interacts VALUES(80644416211, 1, 'Vander', 3151, 1504092, 1);
INSERT INTO interacts VALUES(80644416211, 1, 'Vander', 2043, 1505166, 1);
INSERT INTO interacts VALUES(80644416211, 1, 'Ryu', 1054, 1505755, 0);
INSERT INTO interacts VALUES(80644416211, 1, 'Ryu', 3116, 1506211, 1);
INSERT INTO interacts VALUES(80644416211, 1, 'Ryu', 2043, 1507215, 1);
INSERT INTO interacts VALUES(80644416211, 1, 'Ryu', 2003, 1507701, 1);
INSERT INTO interacts VALUES(80644416211, 1, 'FORG1VEN', 1018, 1508285, 1);
INSERT INTO interacts VALUES(80644416211, 1, 'Ryu', 3364, 1509552, 1);
INSERT INTO interacts VALUES(80644416211, 1, 'FORG1VEN', 1055, 1511500, 0);
INSERT INTO interacts VALUES(80644416211, 1, 'FORG1VEN', 1033, 1512247, 1);
INSERT INTO interacts VALUES(80644416211, 1, 'Kira', 3363, 1516471, 1);
INSERT INTO interacts VALUES(80644416211, 1, 'Odoamne', 3072, 1519265, 1);
INSERT INTO interacts VALUES(80644416211, 1, 'Odoamne', 2043, 1520433, 1);
INSERT INTO interacts VALUES(80644416211, 1, 'aMiracle', 3031, 1532967, 1);
INSERT INTO interacts VALUES(80644416211, 1, 'aMiracle', 1042, 1535043, 1);
INSERT INTO interacts VALUES(80644416211, 1, 'Smurf', 3071, 1556090, 1);
INSERT INTO interacts VALUES(80644416211, 1, 'Jankos', 3134, 1626189, 1);
INSERT INTO interacts VALUES(80644416211, 1, 'Kira', 2043, 1628912, 0);
INSERT INTO interacts VALUES(80644416211, 1, 'Kira', 1026, 1630218, 1);
INSERT INTO interacts VALUES(80644416211, 1, 'PvPStejos', 1011, 1631234, 1);
INSERT INTO interacts VALUES(80644416211, 1, 'Kira', 2031, 1631545, 0);
INSERT INTO interacts VALUES(80644416211, 1, 'Kira', 1052, 1632610, 1);
INSERT INTO interacts VALUES(80644416211, 1, 'Likkrit', 3098, 1632836, 1);
INSERT INTO interacts VALUES(80644416211, 1, 'Smurf', 2043, 1633421, 1);
INSERT INTO interacts VALUES(80644416211, 1, 'Odoamne', 2043, 1651668, 0);
INSERT INTO interacts VALUES(80644416211, 1, 'Odoamne', 3052, 1656050, 1);
INSERT INTO interacts VALUES(80644416211, 1, 'Ryu', 3136, 1660240, 1);
INSERT INTO interacts VALUES(80644416211, 1, 'Ryu', 2043, 1661052, 1);
INSERT INTO interacts VALUES(80644416211, 1, 'FORG1VEN', 3155, 1675210, 1);
INSERT INTO interacts VALUES(80644416211, 1, 'Vander', 1011, 1675614, 1);
INSERT INTO interacts VALUES(80644416211, 1, 'Vander', 2010, 1676687, 1);
INSERT INTO interacts VALUES(80644416211, 1, 'Vander', 2043, 1676944, 1);
INSERT INTO interacts VALUES(80644416211, 1, 'Vander', 2043, 1677042, 1);
INSERT INTO interacts VALUES(80644416211, 1, 'FORG1VEN', 3035, 1677289, 1);
INSERT INTO interacts VALUES(80644416211, 1, 'Ryu', 2043, 1717246, 0);
INSERT INTO interacts VALUES(80644416211, 1, 'Ryu', 1026, 1718756, 1);
INSERT INTO interacts VALUES(80644416211, 1, 'Likkrit', 2301, 1721748, 1);
INSERT INTO interacts VALUES(80644416211, 1, 'Likkrit', 2043, 1731995, 1);
INSERT INTO interacts VALUES(80644416211, 1, 'Likkrit', 1004, 1750578, 1);
INSERT INTO interacts VALUES(80644416211, 1, 'Likkrit', 1004, 1750703, 1);
INSERT INTO interacts VALUES(80644416211, 1, 'Kira', 3135, 1751839, 1);
INSERT INTO interacts VALUES(80644416211, 1, 'Kira', 2043, 1752833, 1);
INSERT INTO interacts VALUES(80644416211, 1, 'Kira', 2043, 1752978, 1);
INSERT INTO interacts VALUES(80644416211, 1, 'Jankos', 3156, 1758632, 1);
INSERT INTO interacts VALUES(80644416211, 1, 'Smurf', 1057, 1760056, 1);
INSERT INTO interacts VALUES(80644416211, 1, 'Jankos', 1029, 1760251, 1);
INSERT INTO interacts VALUES(80644416211, 1, 'Jankos', 2043, 1761035, 1);
INSERT INTO interacts VALUES(80644416211, 1, 'Jankos', 2043, 1761172, 1);
INSERT INTO interacts VALUES(80644416211, 1, 'FORG1VEN', 3036, 1815663, 1);
INSERT INTO interacts VALUES(80644416211, 1, 'PvPStejos', 3742, 1818219, 1);
INSERT INTO interacts VALUES(80644416211, 1, 'PvPStejos', 2043, 1820682, 1);
INSERT INTO interacts VALUES(80644416211, 1, 'Vander', 1052, 1820943, 1);
INSERT INTO interacts VALUES(80644416211, 1, 'Vander', 2043, 1822446, 1);
INSERT INTO interacts VALUES(80644416211, 1, 'Vander', 2043, 1822605, 1);
INSERT INTO interacts VALUES(80644416211, 1, 'aMiracle', 3094, 1838463, 1);
INSERT INTO interacts VALUES(80644416211, 1, 'Odoamne', 3053, 1853183, 1);
INSERT INTO interacts VALUES(80644416211, 1, 'Likkrit', 3114, 1858108, 1);
INSERT INTO interacts VALUES(80644416211, 1, 'Likkrit', 2043, 1859511, 1);
INSERT INTO interacts VALUES(80644416211, 1, 'Likkrit', 1033, 1935697, 1);
INSERT INTO interacts VALUES(80644416211, 1, 'Jankos', 1031, 1938480, 1);
INSERT INTO interacts VALUES(80644416211, 1, 'Ryu', 3151, 1939133, 1);
INSERT INTO interacts VALUES(80644416211, 1, 'Ryu', 2043, 1940475, 1);
INSERT INTO interacts VALUES(80644416211, 1, 'Vander', 2043, 1940822, 1);
INSERT INTO interacts VALUES(80644416211, 1, 'Jankos', 2138, 1940965, 1);
INSERT INTO interacts VALUES(80644416211, 1, 'Kira', 2043, 1961522, 0);
INSERT INTO interacts VALUES(80644416211, 1, 'Kira', 1058, 1962763, 1);
INSERT INTO interacts VALUES(80644416211, 1, 'Smurf', 2031, 1980842, 0);
INSERT INTO interacts VALUES(80644416211, 1, 'Smurf', 3026, 1982352, 1);
INSERT INTO interacts VALUES(80644416211, 1, 'aMiracle', 2031, 1986948, 0);
INSERT INTO interacts VALUES(80644416211, 1, 'aMiracle', 1033, 1989941, 1);
INSERT INTO interacts VALUES(80644416211, 1, 'Jankos', 1057, 2040588, 1);
INSERT INTO interacts VALUES(80644416211, 1, 'aMiracle', 3155, 2042148, 1);
INSERT INTO interacts VALUES(80644416211, 1, 'Likkrit', 3028, 2049727, 1);
INSERT INTO interacts VALUES(80644416211, 1, 'Likkrit', 2043, 2050442, 1);
INSERT INTO interacts VALUES(80644416211, 1, 'Likkrit', 2043, 2050541, 1);
INSERT INTO matches VALUES(80644416211, 2, '2016-10-16');
INSERT INTO scores VALUES('H2K', 80644416211, 2, 0, 0, 0, 0, 0, 0);
INSERT INTO scores VALUES('ANX', 80644416211, 2, 1, 8, 1, 1, 2, 1);
INSERT INTO bans VALUES(80644416211, 2, 15, 1);
INSERT INTO bans VALUES(80644416211, 2, 2, 3);
INSERT INTO bans VALUES(80644416211, 2, 13, 5);
INSERT INTO bans VALUES(80644416211, 2, 63, 2);
INSERT INTO bans VALUES(80644416211, 2, 78, 4);
INSERT INTO bans VALUES(80644416211, 2, 76, 6);
INSERT INTO plays VALUES(80644416211, 2, 'Smurf', 150, 'top', 0, 3, 2, 6370, 12, 3, 151, 1, 0, 6592);
INSERT INTO plays VALUES(80644416211, 2, 'PvPStejos', 60, 'jungle', 0, 4, 1, 3468, 19, 1, 5, 61, 2, 5863);
INSERT INTO plays VALUES(80644416211, 2, 'Kira', 134, 'mid', 2, 4, 0, 9575, 13, 4, 181, 2, 0, 7620);
INSERT INTO plays VALUES(80644416211, 2, 'aMiracle', 51, 'adc', 0, 2, 1, 6584, 6, 4, 182, 0, 0, 6903);
INSERT INTO plays VALUES(80644416211, 2, 'Likkrit', 12, 'support', 0, 2, 2, 2799, 22, 4, 29, 2, 0, 4937);
INSERT INTO plays VALUES(80644416211, 2, 'Odoamne', 126, 'top', 5, 1, 8, 12956, 11, 1, 191, 15, 8, 12014);
INSERT INTO plays VALUES(80644416211, 2, 'Jankos', 64, 'jungle', 3, 1, 6, 5044, 24, 9, 20, 66, 22, 9816);
INSERT INTO plays VALUES(80644416211, 2, 'Ryu', 8, 'mid', 2, 0, 6, 7245, 10, 3, 168, 1, 3, 9370);
INSERT INTO plays VALUES(80644416211, 2, 'FORG1VEN', 236, 'adc', 3, 0, 4, 7466, 10, 1, 213, 0, 2, 10762);
INSERT INTO plays VALUES(80644416211, 2, 'Vander', 143, 'support', 2, 0, 5, 10204, 31, 6, 11, 0, 1, 7251);
INSERT INTO interacts VALUES(80644416211, 2, 'Odoamne', 3340, 1512, 1);
INSERT INTO interacts VALUES(80644416211, 2, 'aMiracle', 1055, 1515, 1);
INSERT INTO interacts VALUES(80644416211, 2, 'FORG1VEN', 1055, 1708, 1);
INSERT INTO interacts VALUES(80644416211, 2, 'aMiracle', 2010, 1741, 1);
INSERT INTO interacts VALUES(80644416211, 2, 'Odoamne', 1055, 1874, 1);
INSERT INTO interacts VALUES(80644416211, 2, 'FORG1VEN', 2010, 2037, 1);
INSERT INTO interacts VALUES(80644416211, 2, 'Vander', 2010, 2295, 1);
INSERT INTO interacts VALUES(80644416211, 2, 'aMiracle', 3340, 2360, 1);
INSERT INTO interacts VALUES(80644416211, 2, 'FORG1VEN', 3340, 2360, 1);
INSERT INTO interacts VALUES(80644416211, 2, 'Ryu', 1054, 2393, 1);
INSERT INTO interacts VALUES(80644416211, 2, 'PvPStejos', 1039, 2487, 1);
INSERT INTO interacts VALUES(80644416211, 2, 'Odoamne', 2003, 2593, 1);
INSERT INTO interacts VALUES(80644416211, 2, 'Ryu', 2003, 2619, 1);
INSERT INTO interacts VALUES(80644416211, 2, 'Vander', 2010, 2652, 1);
INSERT INTO interacts VALUES(80644416211, 2, 'Vander', 2010, 2781, 1);
INSERT INTO interacts VALUES(80644416211, 2, 'Ryu', 3340, 2814, 1);
INSERT INTO interacts VALUES(80644416211, 2, 'PvPStejos', 3340, 2944, 1);
INSERT INTO interacts VALUES(80644416211, 2, 'Vander', 3340, 3075, 1);
INSERT INTO interacts VALUES(80644416211, 2, 'Likkrit', 3340, 3270, 1);
INSERT INTO interacts VALUES(80644416211, 2, 'Smurf', 1054, 3496, 1);
INSERT INTO interacts VALUES(80644416211, 2, 'Jankos', 3340, 3820, 1);
INSERT INTO interacts VALUES(80644416211, 2, 'PvPStejos', 2031, 4015, 1);
INSERT INTO interacts VALUES(80644416211, 2, 'Jankos', 1041, 4081, 1);
INSERT INTO interacts VALUES(80644416211, 2, 'Jankos', 2031, 4274, 1);
INSERT INTO interacts VALUES(80644416211, 2, 'Smurf', 2003, 4339, 1);
INSERT INTO interacts VALUES(80644416211, 2, 'Smurf', 3340, 4857, 1);
INSERT INTO interacts VALUES(80644416211, 2, 'Vander', 3303, 4931, 1);
INSERT INTO interacts VALUES(80644416211, 2, 'Kira', 1056, 6345, 1);
INSERT INTO interacts VALUES(80644416211, 2, 'Kira', 2003, 6606, 1);
INSERT INTO interacts VALUES(80644416211, 2, 'Kira', 2003, 6769, 1);
INSERT INTO interacts VALUES(80644416211, 2, 'Likkrit', 3302, 6866, 1);
INSERT INTO interacts VALUES(80644416211, 2, 'Kira', 3340, 7028, 1);
INSERT INTO interacts VALUES(80644416211, 2, 'Likkrit', 2010, 7483, 1);
INSERT INTO interacts VALUES(80644416211, 2, 'Likkrit', 2010, 7646, 1);
INSERT INTO interacts VALUES(80644416211, 2, 'Likkrit', 2010, 7783, 1);
INSERT INTO interacts VALUES(80644416211, 2, 'PvPStejos', 3711, 288938, 1);
INSERT INTO interacts VALUES(80644416211, 2, 'PvPStejos', 1001, 290466, 1);
INSERT INTO interacts VALUES(80644416211, 2, 'PvPStejos', 2043, 293134, 1);
INSERT INTO interacts VALUES(80644416211, 2, 'Likkrit', 1028, 309229, 1);
INSERT INTO interacts VALUES(80644416211, 2, 'Likkrit', 2043, 309617, 1);
INSERT INTO interacts VALUES(80644416211, 2, 'Kira', 3802, 320345, 1);
INSERT INTO interacts VALUES(80644416211, 2, 'Kira', 2003, 320672, 1);
INSERT INTO interacts VALUES(80644416211, 2, 'Jankos', 3711, 328534, 1);
INSERT INTO interacts VALUES(80644416211, 2, 'Jankos', 1036, 331263, 1);
INSERT INTO interacts VALUES(80644416211, 2, 'Jankos', 2043, 332950, 1);
INSERT INTO interacts VALUES(80644416211, 2, 'Jankos', 2043, 333083, 1);
INSERT INTO interacts VALUES(80644416211, 2, 'Ryu', 1033, 333312, 1);
INSERT INTO interacts VALUES(80644416211, 2, 'Ryu', 1028, 333670, 1);
INSERT INTO interacts VALUES(80644416211, 2, 'Ryu', 2043, 335130, 1);
INSERT INTO interacts VALUES(80644416211, 2, 'Ryu', 2031, 335337, 1);
INSERT INTO interacts VALUES(80644416211, 2, 'FORG1VEN', 1083, 346332, 1);
INSERT INTO interacts VALUES(80644416211, 2, 'Vander', 1028, 346886, 1);
INSERT INTO interacts VALUES(80644416211, 2, 'FORG1VEN', 1036, 347176, 1);
INSERT INTO interacts VALUES(80644416211, 2, 'Odoamne', 1055, 348084, 1);
INSERT INTO interacts VALUES(80644416211, 2, 'Odoamne', 1036, 348473, 1);
INSERT INTO interacts VALUES(80644416211, 2, 'FORG1VEN', 1001, 348602, 1);
INSERT INTO interacts VALUES(80644416211, 2, 'Vander', 2043, 348841, 1);
INSERT INTO interacts VALUES(80644416211, 2, 'Vander', 2043, 348962, 1);
INSERT INTO interacts VALUES(80644416211, 2, 'Odoamne', 1036, 350484, 1);
INSERT INTO interacts VALUES(80644416211, 2, 'FORG1VEN', 2043, 351197, 1);
INSERT INTO interacts VALUES(80644416211, 2, 'Smurf', 1028, 352004, 1);
INSERT INTO interacts VALUES(80644416211, 2, 'Odoamne', 2003, 353144, 0);
INSERT INTO interacts VALUES(80644416211, 2, 'Odoamne', 2031, 353859, 1);
INSERT INTO interacts VALUES(80644416211, 2, 'Smurf', 1001, 353955, 1);
INSERT INTO interacts VALUES(80644416211, 2, 'Smurf', 1029, 354805, 1);
INSERT INTO interacts VALUES(80644416211, 2, 'Smurf', 2031, 355675, 1);
INSERT INTO interacts VALUES(80644416211, 2, 'Smurf', 2043, 357228, 1);
INSERT INTO interacts VALUES(80644416211, 2, 'aMiracle', 1038, 377617, 1);
INSERT INTO interacts VALUES(80644416211, 2, 'aMiracle', 2010, 379598, 0);
INSERT INTO interacts VALUES(80644416211, 2, 'aMiracle', 2031, 381905, 1);
INSERT INTO interacts VALUES(80644416211, 2, 'Ryu', 3211, 462793, 1);
INSERT INTO interacts VALUES(80644416211, 2, 'Ryu', 1001, 463897, 1);
INSERT INTO interacts VALUES(80644416211, 2, 'FORG1VEN', 3134, 502059, 1);
INSERT INTO interacts VALUES(80644416211, 2, 'FORG1VEN', 2010, 507133, 1);
INSERT INTO interacts VALUES(80644416211, 2, 'Likkrit', 2049, 520450, 1);
INSERT INTO interacts VALUES(80644416211, 2, 'Likkrit', 1001, 521814, 1);
INSERT INTO interacts VALUES(80644416211, 2, 'Likkrit', 3341, 522271, 1);
INSERT INTO interacts VALUES(80644416211, 2, 'Kira', 3020, 522689, 1);
INSERT INTO interacts VALUES(80644416211, 2, 'Likkrit', 2043, 524213, 1);
INSERT INTO interacts VALUES(80644416211, 2, 'Odoamne', 3134, 525021, 1);
INSERT INTO interacts VALUES(80644416211, 2, 'Kira', 2043, 526291, 1);
INSERT INTO interacts VALUES(80644416211, 2, 'Odoamne', 1036, 526325, 1);
INSERT INTO interacts VALUES(80644416211, 2, 'Odoamne', 1001, 526746, 1);
INSERT INTO interacts VALUES(80644416211, 2, 'Kira', 2031, 527304, 1);
INSERT INTO interacts VALUES(80644416211, 2, 'aMiracle', 1001, 528582, 1);
INSERT INTO interacts VALUES(80644416211, 2, 'aMiracle', 1042, 529018, 1);
INSERT INTO interacts VALUES(80644416211, 2, 'Smurf', 1036, 536511, 1);
INSERT INTO interacts VALUES(80644416211, 2, 'Smurf', 3047, 542139, 1);
INSERT INTO interacts VALUES(80644416211, 2, 'Vander', 2301, 564746, 1);
INSERT INTO interacts VALUES(80644416211, 2, 'Vander', 2049, 566192, 1);
INSERT INTO interacts VALUES(80644416211, 2, 'Vander', 3098, 573222, 1);
INSERT INTO interacts VALUES(80644416211, 2, 'Vander', 1001, 574410, 1);
INSERT INTO interacts VALUES(80644416211, 2, 'Vander', 2043, 575043, 1);
INSERT INTO interacts VALUES(80644416211, 2, 'Vander', 3341, 576171, 1);
INSERT INTO interacts VALUES(80644416211, 2, 'Vander', 2043, 576690, 1);
INSERT INTO interacts VALUES(80644416211, 2, 'Jankos', 1408, 588117, 1);
INSERT INTO interacts VALUES(80644416211, 2, 'Jankos', 1001, 588573, 1);
INSERT INTO interacts VALUES(80644416211, 2, 'PvPStejos', 3113, 603633, 1);
INSERT INTO interacts VALUES(80644416211, 2, 'PvPStejos', 1052, 608938, 1);
INSERT INTO interacts VALUES(80644416211, 2, 'Smurf', 1036, 666044, 1);
INSERT INTO interacts VALUES(80644416211, 2, 'PvPStejos', 1410, 676636, 1);
INSERT INTO interacts VALUES(80644416211, 2, 'Smurf', 2043, 681838, 1);
INSERT INTO interacts VALUES(80644416211, 2, 'Odoamne', 3142, 715362, 1);
INSERT INTO interacts VALUES(80644416211, 2, 'Odoamne', 1036, 719332, 1);
INSERT INTO interacts VALUES(80644416211, 2, 'Odoamne', 2043, 721531, 1);
INSERT INTO interacts VALUES(80644416211, 2, 'Kira', 3108, 733442, 1);
INSERT INTO interacts VALUES(80644416211, 2, 'Kira', 2043, 733991, 1);
INSERT INTO interacts VALUES(80644416211, 2, 'Ryu', 3065, 749840, 1);
INSERT INTO interacts VALUES(80644416211, 2, 'Jankos', 3111, 760405, 1);
INSERT INTO interacts VALUES(80644416211, 2, 'Jankos', 1011, 761968, 1);
INSERT INTO interacts VALUES(80644416211, 2, 'Vander', 2301, 795708, 1);
INSERT INTO interacts VALUES(80644416211, 2, 'Vander', 2010, 798764, 1);
INSERT INTO interacts VALUES(80644416211, 2, 'Vander', 2043, 799026, 1);
INSERT INTO interacts VALUES(80644416211, 2, 'Vander', 1028, 800192, 1);
INSERT INTO interacts VALUES(80644416211, 2, 'PvPStejos', 1028, 802729, 1);
INSERT INTO interacts VALUES(80644416211, 2, 'Likkrit', 3117, 808210, 1);
INSERT INTO interacts VALUES(80644416211, 2, 'Likkrit', 1028, 809240, 1);
INSERT INTO interacts VALUES(80644416211, 2, 'aMiracle', 3086, 836634, 1);
INSERT INTO interacts VALUES(80644416211, 2, 'aMiracle', 1042, 860628, 1);
INSERT INTO interacts VALUES(80644416211, 2, 'FORG1VEN', 3142, 869600, 1);
INSERT INTO interacts VALUES(80644416211, 2, 'FORG1VEN', 3006, 871058, 1);
INSERT INTO interacts VALUES(80644416211, 2, 'FORG1VEN', 3363, 874113, 1);
INSERT INTO interacts VALUES(80644416211, 2, 'Kira', 1052, 876396, 1);
INSERT INTO interacts VALUES(80644416211, 2, 'PvPStejos', 1029, 881675, 1);
INSERT INTO interacts VALUES(80644416211, 2, 'Odoamne', 3009, 891386, 1);
INSERT INTO interacts VALUES(80644416211, 2, 'Odoamne', 3044, 893695, 1);
INSERT INTO interacts VALUES(80644416211, 2, 'Ryu', 3145, 895026, 1);
INSERT INTO interacts VALUES(80644416211, 2, 'Ryu', 2043, 896165, 1);
INSERT INTO interacts VALUES(80644416211, 2, 'PvPStejos', 2043, 896165, 1);
INSERT INTO interacts VALUES(80644416211, 2, 'Vander', 3020, 897712, 1);
INSERT INTO interacts VALUES(80644416211, 2, 'Jankos', 3155, 906785, 1);
INSERT INTO interacts VALUES(80644416211, 2, 'Likkrit', 3801, 924281, 1);
INSERT INTO interacts VALUES(80644416211, 2, 'Likkrit', 2043, 924960, 1);
INSERT INTO interacts VALUES(80644416211, 2, 'Smurf', 1011, 926003, 1);
INSERT INTO interacts VALUES(80644416211, 2, 'Smurf', 3052, 926816, 1);
INSERT INTO interacts VALUES(80644416211, 2, 'Kira', 3165, 936228, 1);
INSERT INTO interacts VALUES(80644416211, 2, 'Kira', 2043, 940240, 1);
INSERT INTO interacts VALUES(80644416211, 2, 'aMiracle', 3085, 971921, 1);
INSERT INTO interacts VALUES(80644416211, 2, 'aMiracle', 3363, 972329, 1);
INSERT INTO interacts VALUES(80644416211, 2, 'PvPStejos', 3364, 1039089, 1);
INSERT INTO interacts VALUES(80644416211, 2, 'PvPStejos', 3047, 1043313, 1);
INSERT INTO interacts VALUES(80644416211, 2, 'Likkrit', 1033, 1054430, 1);
INSERT INTO interacts VALUES(80644416211, 2, 'Vander', 1052, 1101832, 1);
INSERT INTO interacts VALUES(80644416211, 2, 'Vander', 2043, 1102648, 1);
INSERT INTO interacts VALUES(80644416211, 2, 'Vander', 2043, 1102813, 1);
INSERT INTO interacts VALUES(80644416211, 2, 'FORG1VEN', 3044, 1105332, 1);
INSERT INTO interacts VALUES(80644416211, 2, 'FORG1VEN', 2010, 1106711, 0);
INSERT INTO interacts VALUES(80644416211, 2, 'FORG1VEN', 1033, 1108332, 1);
INSERT INTO interacts VALUES(80644416211, 2, 'Ryu', 3152, 1110006, 1);
INSERT INTO interacts VALUES(80644416211, 2, 'Ryu', 2043, 1110928, 1);
INSERT INTO interacts VALUES(80644416211, 2, 'Ryu', 3364, 1111771, 1);
INSERT INTO interacts VALUES(80644416211, 2, 'Smurf', 3022, 1122926, 1);
INSERT INTO interacts VALUES(80644416211, 2, 'Smurf', 2043, 1124578, 1);
INSERT INTO interacts VALUES(80644416211, 2, 'Odoamne', 2031, 1128122, 0);
INSERT INTO interacts VALUES(80644416211, 2, 'Odoamne', 3071, 1128575, 1);
INSERT INTO interacts VALUES(80644416211, 2, 'Jankos', 1031, 1130587, 1);
INSERT INTO interacts VALUES(80644416211, 2, 'Jankos', 2031, 1131790, 0);
INSERT INTO interacts VALUES(80644416211, 2, 'Jankos', 2043, 1132703, 1);
INSERT INTO interacts VALUES(80644416211, 2, 'Jankos', 2043, 1133489, 1);
INSERT INTO interacts VALUES(80644416211, 2, 'aMiracle', 3006, 1140013, 1);
INSERT INTO interacts VALUES(80644416211, 2, 'Likkrit', 3105, 1145663, 1);
INSERT INTO interacts VALUES(80644416211, 2, 'Likkrit', 2043, 1215507, 1);
INSERT INTO interacts VALUES(80644416211, 2, 'Likkrit', 3364, 1215896, 1);
INSERT INTO interacts VALUES(80644416211, 2, 'Kira', 1058, 1228665, 1);
INSERT INTO interacts VALUES(80644416211, 2, 'Kira', 2031, 1229744, 0);
INSERT INTO interacts VALUES(80644416211, 2, 'Kira', 1028, 1231880, 1);
INSERT INTO interacts VALUES(80644416211, 2, 'Kira', 1052, 1232237, 1);
INSERT INTO interacts VALUES(80644416211, 2, 'Smurf', 1028, 1234282, 1);
INSERT INTO interacts VALUES(80644416211, 2, 'Smurf', 1036, 1235938, 1);
INSERT INTO interacts VALUES(80644416211, 2, 'PvPStejos', 3067, 1258662, 1);
INSERT INTO interacts VALUES(80644416211, 2, 'PvPStejos', 1033, 1260529, 1);
INSERT INTO interacts VALUES(80644416211, 2, 'PvPStejos', 2043, 1262134, 1);
INSERT INTO interacts VALUES(80644416211, 2, 'FORG1VEN', 1083, 1299335, 0);
INSERT INTO interacts VALUES(80644416211, 2, 'Jankos', 3742, 1299566, 1);
INSERT INTO interacts VALUES(80644416211, 2, 'FORG1VEN', 3071, 1301091, 1);
INSERT INTO interacts VALUES(80644416211, 2, 'Vander', 3136, 1302525, 1);
INSERT INTO interacts VALUES(80644416211, 2, 'Vander', 2010, 1304018, 1);
INSERT INTO interacts VALUES(80644416211, 2, 'Vander', 2043, 1304215, 1);
INSERT INTO interacts VALUES(80644416211, 2, 'Vander', 3364, 1305188, 1);
INSERT INTO interacts VALUES(80644416211, 2, 'PvPStejos', 2031, 1372187, 0);
INSERT INTO interacts VALUES(80644416211, 2, 'PvPStejos', 1028, 1373235, 1);
INSERT INTO interacts VALUES(80644416211, 2, 'Likkrit', 3067, 1375100, 1);
INSERT INTO interacts VALUES(80644416211, 2, 'Kira', 2139, 1397731, 1);
INSERT INTO interacts VALUES(80644416211, 2, 'aMiracle', 1037, 1398643, 1);
INSERT INTO matches VALUES(80644416211, 3, '2016-10-16');
INSERT INTO scores VALUES('H2K', 80644416211, 3, 1, 9, 0, 1, 1, 1);
INSERT INTO scores VALUES('ANX', 80644416211, 3, 1, 3, 1, 0, 3, 0);
INSERT INTO bans VALUES(80644416211, 3, 63, 1);
INSERT INTO bans VALUES(80644416211, 3, 78, 3);
INSERT INTO bans VALUES(80644416211, 3, 202, 5);
INSERT INTO bans VALUES(80644416211, 3, 76, 2);
INSERT INTO bans VALUES(80644416211, 3, 15, 4);
INSERT INTO bans VALUES(80644416211, 3, 13, 6);
INSERT INTO plays VALUES(80644416211, 3, 'Odoamne', 126, 'top', 2, 4, 7, 17131, 18, 7, 291, 9, 6, 14884);
INSERT INTO plays VALUES(80644416211, 3, 'Jankos', 64, 'jungle', 2, 1, 6, 11297, 41, 14, 26, 82, 22, 12518);
INSERT INTO plays VALUES(80644416211, 3, 'Ryu', 134, 'mid', 7, 2, 5, 24886, 7, 10, 246, 14, 9, 14685);
INSERT INTO plays VALUES(80644416211, 3, 'FORG1VEN', 236, 'adc', 6, 1, 3, 19912, 15, 12, 313, 15, 6, 15789);
INSERT INTO plays VALUES(80644416211, 3, 'Vander', 143, 'support', 1, 3, 9, 16422, 49, 7, 15, 0, 0, 9825);
INSERT INTO plays VALUES(80644416211, 3, 'Smurf', 150, 'top', 2, 3, 2, 13239, 16, 5, 211, 8, 1, 10762);
INSERT INTO plays VALUES(80644416211, 3, 'PvPStejos', 2, 'jungle', 2, 2, 4, 8515, 25, 11, 43, 58, 8, 10006);
INSERT INTO plays VALUES(80644416211, 3, 'Kira', 26, 'mid', 2, 7, 5, 15145, 16, 5, 237, 9, 0, 11478);
INSERT INTO plays VALUES(80644416211, 3, 'aMiracle', 51, 'adc', 3, 0, 3, 15475, 9, 6, 259, 22, 1, 12523);
INSERT INTO plays VALUES(80644416211, 3, 'Likkrit', 432, 'support', 2, 6, 5, 6449, 49, 13, 22, 2, 0, 8626);
INSERT INTO interacts VALUES(80644416211, 3, 'aMiracle', 1055, 1505, 1);
INSERT INTO interacts VALUES(80644416211, 3, 'aMiracle', 2010, 1667, 1);
INSERT INTO interacts VALUES(80644416211, 3, 'FORG1VEN', 1055, 1667, 1);
INSERT INTO interacts VALUES(80644416211, 3, 'Ryu', 1056, 1732, 1);
INSERT INTO interacts VALUES(80644416211, 3, 'Odoamne', 3340, 1732, 1);
INSERT INTO interacts VALUES(80644416211, 3, 'aMiracle', 3340, 1863, 1);
INSERT INTO interacts VALUES(80644416211, 3, 'Ryu', 2010, 1927, 1);
INSERT INTO interacts VALUES(80644416211, 3, 'Vander', 2010, 1992, 1);
INSERT INTO interacts VALUES(80644416211, 3, 'FORG1VEN', 2010, 1992, 1);
INSERT INTO interacts VALUES(80644416211, 3, 'Ryu', 2010, 2026, 1);
INSERT INTO interacts VALUES(80644416211, 3, 'Odoamne', 1055, 2155, 1);
INSERT INTO interacts VALUES(80644416211, 3, 'Vander', 2010, 2155, 1);
INSERT INTO interacts VALUES(80644416211, 3, 'Ryu', 3340, 2252, 1);
INSERT INTO interacts VALUES(80644416211, 3, 'Vander', 2010, 2286, 1);
INSERT INTO interacts VALUES(80644416211, 3, 'Likkrit', 3303, 2319, 1);
INSERT INTO interacts VALUES(80644416211, 3, 'FORG1VEN', 3340, 2360, 1);
INSERT INTO interacts VALUES(80644416211, 3, 'Vander', 3340, 2480, 1);
INSERT INTO interacts VALUES(80644416211, 3, 'Odoamne', 2003, 2480, 1);
INSERT INTO interacts VALUES(80644416211, 3, 'PvPStejos', 1039, 2543, 1);
INSERT INTO interacts VALUES(80644416211, 3, 'Likkrit', 3340, 2614, 1);
INSERT INTO interacts VALUES(80644416211, 3, 'Likkrit', 2010, 2836, 1);
INSERT INTO interacts VALUES(80644416211, 3, 'Jankos', 3340, 2874, 1);
INSERT INTO interacts VALUES(80644416211, 3, 'Likkrit', 2010, 2965, 1);
INSERT INTO interacts VALUES(80644416211, 3, 'PvPStejos', 3340, 3031, 1);
INSERT INTO interacts VALUES(80644416211, 3, 'Likkrit', 2010, 3134, 1);
INSERT INTO interacts VALUES(80644416211, 3, 'Jankos', 1041, 3289, 1);
INSERT INTO interacts VALUES(80644416211, 3, 'Jankos', 2031, 3547, 1);
INSERT INTO interacts VALUES(80644416211, 3, 'Vander', 3303, 3968, 1);
INSERT INTO interacts VALUES(80644416211, 3, 'PvPStejos', 2031, 4096, 1);
INSERT INTO interacts VALUES(80644416211, 3, 'Kira', 1056, 4168, 1);
INSERT INTO interacts VALUES(80644416211, 3, 'Smurf', 1054, 4226, 1);
INSERT INTO interacts VALUES(80644416211, 3, 'Kira', 2003, 4486, 1);
INSERT INTO interacts VALUES(80644416211, 3, 'Kira', 2003, 4615, 1);
INSERT INTO interacts VALUES(80644416211, 3, 'Kira', 3340, 4945, 1);
INSERT INTO interacts VALUES(80644416211, 3, 'Smurf', 2003, 5037, 1);
INSERT INTO interacts VALUES(80644416211, 3, 'Smurf', 3340, 5392, 1);
INSERT INTO interacts VALUES(80644416211, 3, 'Kira', 1056, 213253, 1);
INSERT INTO interacts VALUES(80644416211, 3, 'Ryu', 3802, 217707, 1);
INSERT INTO interacts VALUES(80644416211, 3, 'Ryu', 2010, 222121, 1);
INSERT INTO interacts VALUES(80644416211, 3, 'FORG1VEN', 1083, 237793, 1);
INSERT INTO interacts VALUES(80644416211, 3, 'FORG1VEN', 2010, 238769, 1);
INSERT INTO interacts VALUES(80644416211, 3, 'FORG1VEN', 2043, 239136, 1);
INSERT INTO interacts VALUES(80644416211, 3, 'Likkrit', 1001, 276811, 1);
INSERT INTO interacts VALUES(80644416211, 3, 'Likkrit', 2043, 277613, 1);
INSERT INTO interacts VALUES(80644416211, 3, 'Vander', 1028, 292785, 1);
INSERT INTO interacts VALUES(80644416211, 3, 'Vander', 2043, 294572, 1);
INSERT INTO interacts VALUES(80644416211, 3, 'Jankos', 3009, 300512, 1);
INSERT INTO interacts VALUES(80644416211, 3, 'Jankos', 2043, 301874, 1);
INSERT INTO interacts VALUES(80644416211, 3, 'Jankos', 2043, 302012, 1);
INSERT INTO interacts VALUES(80644416211, 3, 'PvPStejos', 2032, 307474, 1);
INSERT INTO interacts VALUES(80644416211, 3, 'PvPStejos', 3711, 309700, 1);
INSERT INTO interacts VALUES(80644416211, 3, 'Odoamne', 1055, 315592, 1);
INSERT INTO interacts VALUES(80644416211, 3, 'Odoamne', 1036, 315947, 1);
INSERT INTO interacts VALUES(80644416211, 3, 'Odoamne', 1001, 318399, 1);
INSERT INTO interacts VALUES(80644416211, 3, 'Odoamne', 2043, 326791, 1);
INSERT INTO interacts VALUES(80644416211, 3, 'Smurf', 1029, 331599, 1);
INSERT INTO interacts VALUES(80644416211, 3, 'Smurf', 1001, 332942, 1);
INSERT INTO interacts VALUES(80644416211, 3, 'Smurf', 1028, 336471, 1);
INSERT INTO interacts VALUES(80644416211, 3, 'Kira', 1001, 367812, 1);
INSERT INTO interacts VALUES(80644416211, 3, 'Kira', 1028, 370640, 1);
INSERT INTO interacts VALUES(80644416211, 3, 'Kira', 2003, 379249, 1);
INSERT INTO interacts VALUES(80644416211, 3, 'Ryu', 3020, 391217, 1);
INSERT INTO interacts VALUES(80644416211, 3, 'Ryu', 2043, 392517, 1);
INSERT INTO interacts VALUES(80644416211, 3, 'Ryu', 2010, 392840, 1);
INSERT INTO interacts VALUES(80644416211, 3, 'Likkrit', 1028, 440718, 1);
INSERT INTO interacts VALUES(80644416211, 3, 'Likkrit', 2043, 441268, 1);
INSERT INTO interacts VALUES(80644416211, 3, 'aMiracle', 1038, 446519, 1);
INSERT INTO interacts VALUES(80644416211, 3, 'aMiracle', 1001, 446865, 1);
INSERT INTO interacts VALUES(80644416211, 3, 'aMiracle', 2031, 448492, 1);
INSERT INTO interacts VALUES(80644416211, 3, 'FORG1VEN', 3134, 461354, 1);
INSERT INTO interacts VALUES(80644416211, 3, 'Vander', 2049, 462555, 1);
INSERT INTO interacts VALUES(80644416211, 3, 'Vander', 2043, 463720, 1);
INSERT INTO interacts VALUES(80644416211, 3, 'Vander', 3341, 465384, 1);
INSERT INTO interacts VALUES(80644416211, 3, 'Smurf', 2031, 466795, 1);
INSERT INTO interacts VALUES(80644416211, 3, 'Odoamne', 3134, 501723, 1);
INSERT INTO interacts VALUES(80644416211, 3, 'Odoamne', 3133, 502565, 1);
INSERT INTO interacts VALUES(80644416211, 3, 'PvPStejos', 1001, 520155, 1);
INSERT INTO interacts VALUES(80644416211, 3, 'PvPStejos', 1028, 521779, 1);
INSERT INTO interacts VALUES(80644416211, 3, 'PvPStejos', 1029, 524005, 1);
INSERT INTO interacts VALUES(80644416211, 3, 'Jankos', 3711, 564402, 1);
INSERT INTO interacts VALUES(80644416211, 3, 'Jankos', 1036, 565290, 1);
INSERT INTO interacts VALUES(80644416211, 3, 'Jankos', 1036, 565387, 1);
INSERT INTO interacts VALUES(80644416211, 3, 'Jankos', 2043, 566230, 1);
INSERT INTO interacts VALUES(80644416211, 3, 'Ryu', 3108, 570225, 1);
INSERT INTO interacts VALUES(80644416211, 3, 'Ryu', 2043, 571529, 1);
INSERT INTO interacts VALUES(80644416211, 3, 'Ryu', 2010, 572013, 1);
INSERT INTO interacts VALUES(80644416211, 3, 'Ryu', 2010, 572141, 1);
INSERT INTO interacts VALUES(80644416211, 3, 'Ryu', 3341, 573020, 1);
INSERT INTO interacts VALUES(80644416211, 3, 'Kira', 1026, 597838, 1);
INSERT INTO interacts VALUES(80644416211, 3, 'Kira', 2003, 598812, 0);
INSERT INTO interacts VALUES(80644416211, 3, 'Kira', 2043, 599761, 1);
INSERT INTO interacts VALUES(80644416211, 3, 'Smurf', 1011, 618131, 1);
INSERT INTO interacts VALUES(80644416211, 3, 'Smurf', 1036, 619404, 1);
INSERT INTO interacts VALUES(80644416211, 3, 'Vander', 3098, 643509, 1);
INSERT INTO interacts VALUES(80644416211, 3, 'Vander', 1001, 644514, 1);
INSERT INTO interacts VALUES(80644416211, 3, 'FORG1VEN', 3133, 644697, 1);
INSERT INTO interacts VALUES(80644416211, 3, 'FORG1VEN', 1001, 646175, 1);
INSERT INTO interacts VALUES(80644416211, 3, 'Vander', 2043, 664209, 1);
INSERT INTO interacts VALUES(80644416211, 3, 'aMiracle', 3086, 674079, 1);
INSERT INTO interacts VALUES(80644416211, 3, 'Kira', 3010, 687294, 1);
INSERT INTO interacts VALUES(80644416211, 3, 'Likkrit', 2049, 694013, 1);
INSERT INTO interacts VALUES(80644416211, 3, 'Likkrit', 2043, 695655, 1);
INSERT INTO interacts VALUES(80644416211, 3, 'Odoamne', 3142, 695707, 1);
INSERT INTO interacts VALUES(80644416211, 3, 'Likkrit', 3341, 696194, 1);
INSERT INTO interacts VALUES(80644416211, 3, 'Odoamne', 2043, 696693, 1);
INSERT INTO interacts VALUES(80644416211, 3, 'Likkrit', 3117, 697483, 1);
INSERT INTO interacts VALUES(80644416211, 3, 'Ryu', 3165, 713812, 1);
INSERT INTO interacts VALUES(80644416211, 3, 'Ryu', 3364, 715342, 1);
INSERT INTO interacts VALUES(80644416211, 3, 'Ryu', 2010, 716983, 1);
INSERT INTO interacts VALUES(80644416211, 3, 'PvPStejos', 3047, 721779, 1);
INSERT INTO interacts VALUES(80644416211, 3, 'PvPStejos', 3751, 723229, 1);
INSERT INTO interacts VALUES(80644416211, 3, 'PvPStejos', 3341, 724955, 1);
INSERT INTO interacts VALUES(80644416211, 3, 'PvPStejos', 2043, 726809, 1);
INSERT INTO interacts VALUES(80644416211, 3, 'Jankos', 1408, 734902, 1);
INSERT INTO interacts VALUES(80644416211, 3, 'Jankos', 2043, 735864, 1);
INSERT INTO interacts VALUES(80644416211, 3, 'Smurf', 3047, 762954, 1);
INSERT INTO interacts VALUES(80644416211, 3, 'Smurf', 1028, 764438, 1);
INSERT INTO interacts VALUES(80644416211, 3, 'Vander', 2301, 802466, 1);
INSERT INTO interacts VALUES(80644416211, 3, 'Likkrit', 3098, 843064, 1);
INSERT INTO interacts VALUES(80644416211, 3, 'Ryu', 1058, 843256, 1);
INSERT INTO interacts VALUES(80644416211, 3, 'Likkrit', 1028, 843451, 1);
INSERT INTO interacts VALUES(80644416211, 3, 'Odoamne', 3044, 843485, 1);
INSERT INTO interacts VALUES(80644416211, 3, 'PvPStejos', 1409, 843808, 1);
INSERT INTO interacts VALUES(80644416211, 3, 'Likkrit', 2043, 843844, 1);
INSERT INTO interacts VALUES(80644416211, 3, 'Jankos', 1011, 843938, 1);
INSERT INTO interacts VALUES(80644416211, 3, 'Ryu', 1028, 846076, 1);
INSERT INTO interacts VALUES(80644416211, 3, 'Odoamne', 2043, 847440, 1);
INSERT INTO interacts VALUES(80644416211, 3, 'aMiracle', 3085, 851006, 1);
INSERT INTO interacts VALUES(80644416211, 3, 'aMiracle', 3363, 851462, 1);
INSERT INTO interacts VALUES(80644416211, 3, 'FORG1VEN', 3142, 854905, 1);
INSERT INTO interacts VALUES(80644416211, 3, 'FORG1VEN', 3006, 858028, 1);
INSERT INTO interacts VALUES(80644416211, 3, 'FORG1VEN', 3363, 860806, 1);
INSERT INTO interacts VALUES(80644416211, 3, 'Kira', 3027, 867881, 1);
INSERT INTO interacts VALUES(80644416211, 3, 'Kira', 2043, 869212, 1);
INSERT INTO interacts VALUES(80644416211, 3, 'Kira', 3363, 870687, 1);
INSERT INTO interacts VALUES(80644416211, 3, 'Vander', 3117, 920089, 1);
INSERT INTO interacts VALUES(80644416211, 3, 'Smurf', 3052, 923723, 1);
INSERT INTO interacts VALUES(80644416211, 3, 'Smurf', 1033, 926271, 1);
INSERT INTO interacts VALUES(80644416211, 3, 'aMiracle', 1042, 942790, 1);
INSERT INTO interacts VALUES(80644416211, 3, 'Likkrit', 1033, 992042, 1);
INSERT INTO interacts VALUES(80644416211, 3, 'PvPStejos', 1028, 998744, 1);
INSERT INTO interacts VALUES(80644416211, 3, 'PvPStejos', 1033, 1000240, 1);
INSERT INTO interacts VALUES(80644416211, 3, 'Jankos', 1031, 1037012, 1);
INSERT INTO interacts VALUES(80644416211, 3, 'Jankos', 2043, 1037953, 1);
INSERT INTO interacts VALUES(80644416211, 3, 'Jankos', 2043, 1038051, 1);
INSERT INTO interacts VALUES(80644416211, 3, 'Kira', 3108, 1038213, 1);
INSERT INTO interacts VALUES(80644416211, 3, 'Odoamne', 3133, 1039093, 1);
INSERT INTO interacts VALUES(80644416211, 3, 'Ryu', 3116, 1044035, 1);
INSERT INTO interacts VALUES(80644416211, 3, 'FORG1VEN', 3044, 1044136, 1);
INSERT INTO interacts VALUES(80644416211, 3, 'Ryu', 2043, 1046151, 1);
INSERT INTO interacts VALUES(80644416211, 3, 'Ryu', 2031, 1047065, 1);
INSERT INTO interacts VALUES(80644416211, 3, 'Vander', 1028, 1051184, 1);
INSERT INTO interacts VALUES(80644416211, 3, 'Kira', 1052, 1052446, 1);
INSERT INTO interacts VALUES(80644416211, 3, 'Vander', 1052, 1052481, 1);
INSERT INTO interacts VALUES(80644416211, 3, 'Vander', 2043, 1053617, 1);
INSERT INTO interacts VALUES(80644416211, 3, 'Vander', 2010, 1057689, 1);
INSERT INTO interacts VALUES(80644416211, 3, 'Smurf', 3022, 1075733, 1);
INSERT INTO interacts VALUES(80644416211, 3, 'aMiracle', 3006, 1095355, 1);
INSERT INTO interacts VALUES(80644416211, 3, 'PvPStejos', 3211, 1122384, 1);
INSERT INTO interacts VALUES(80644416211, 3, 'PvPStejos', 1029, 1123520, 1);
INSERT INTO interacts VALUES(80644416211, 3, 'Likkrit', 2043, 1142507, 1);
INSERT INTO interacts VALUES(80644416211, 3, 'Likkrit', 3801, 1142940, 1);
INSERT INTO interacts VALUES(80644416211, 3, 'Jankos', 2031, 1145893, 0);
INSERT INTO interacts VALUES(80644416211, 3, 'Ryu', 2031, 1147407, 0);
INSERT INTO interacts VALUES(80644416211, 3, 'Jankos', 1057, 1147570, 1);
INSERT INTO interacts VALUES(80644416211, 3, 'Vander', 2043, 1148838, 1);
INSERT INTO interacts VALUES(80644416211, 3, 'Ryu', 1026, 1148870, 1);
INSERT INTO interacts VALUES(80644416211, 3, 'Vander', 2043, 1149030, 1);
INSERT INTO interacts VALUES(80644416211, 3, 'FORG1VEN', 2010, 1150481, 0);
INSERT INTO interacts VALUES(80644416211, 3, 'FORG1VEN', 3133, 1156210, 1);
INSERT INTO interacts VALUES(80644416211, 3, 'Odoamne', 3071, 1159173, 1);
INSERT INTO interacts VALUES(80644416211, 3, 'Kira', 3802, 1187602, 1);
INSERT INTO interacts VALUES(80644416211, 3, 'aMiracle', 1037, 1189301, 1);
INSERT INTO interacts VALUES(80644416211, 3, 'Kira', 1056, 1189851, 0);
INSERT INTO interacts VALUES(80644416211, 3, 'Kira', 3020, 1191668, 1);
INSERT INTO interacts VALUES(80644416211, 3, 'Kira', 2043, 1192156, 1);
INSERT INTO interacts VALUES(80644416211, 3, 'Smurf', 3211, 1198846, 1);
INSERT INTO interacts VALUES(80644416211, 3, 'Likkrit', 3105, 1250920, 1);
INSERT INTO interacts VALUES(80644416211, 3, 'PvPStejos', 1031, 1276444, 1);
INSERT INTO interacts VALUES(80644416211, 3, 'Likkrit', 1028, 1304841, 1);
INSERT INTO interacts VALUES(80644416211, 3, 'FORG1VEN', 3071, 1311274, 1);
INSERT INTO interacts VALUES(80644416211, 3, 'Ryu', 2043, 1312540, 1);
INSERT INTO interacts VALUES(80644416211, 3, 'FORG1VEN', 1033, 1313275, 1);
INSERT INTO interacts VALUES(80644416211, 3, 'Vander', 3136, 1313386, 1);
INSERT INTO interacts VALUES(80644416211, 3, 'Vander', 2043, 1314519, 1);
INSERT INTO interacts VALUES(80644416211, 3, 'Vander', 2010, 1319451, 1);
INSERT INTO interacts VALUES(80644416211, 3, 'Odoamne', 3009, 1322732, 1);
INSERT INTO interacts VALUES(80644416211, 3, 'Odoamne', 1053, 1326855, 1);
INSERT INTO interacts VALUES(80644416211, 3, 'Jankos', 3026, 1339412, 1);
INSERT INTO interacts VALUES(80644416211, 3, 'Jankos', 2043, 1339821, 1);
INSERT INTO interacts VALUES(80644416211, 3, 'Jankos', 2043, 1339960, 1);
INSERT INTO interacts VALUES(80644416211, 3, 'Smurf', 1028, 1343506, 1);
INSERT INTO interacts VALUES(80644416211, 3, 'aMiracle', 2031, 1346843, 0);
INSERT INTO interacts VALUES(80644416211, 3, 'aMiracle', 1018, 1347898, 1);
INSERT INTO interacts VALUES(80644416211, 3, 'PvPStejos', 2043, 1348190, 1);
INSERT INTO interacts VALUES(80644416211, 3, 'Kira', 3165, 1350531, 1);
INSERT INTO interacts VALUES(80644416211, 3, 'Kira', 2043, 1353876, 1);
INSERT INTO interacts VALUES(80644416211, 3, 'PvPStejos', 1028, 1455005, 1);
INSERT INTO interacts VALUES(80644416211, 3, 'PvPStejos', 3364, 1457202, 1);
INSERT INTO interacts VALUES(80644416211, 3, 'Likkrit', 3190, 1457236, 1);
INSERT INTO interacts VALUES(80644416211, 3, 'aMiracle', 3031, 1460901, 1);
INSERT INTO interacts VALUES(80644416211, 3, 'Vander', 2010, 1483041, 1);
INSERT INTO interacts VALUES(80644416211, 3, 'Vander', 2043, 1483300, 1);
INSERT INTO interacts VALUES(80644416211, 3, 'Vander', 3364, 1484662, 1);
INSERT INTO interacts VALUES(80644416211, 3, 'Vander', 2043, 1485050, 1);
INSERT INTO interacts VALUES(80644416211, 3, 'FORG1VEN', 1083, 1494871, 0);
INSERT INTO interacts VALUES(80644416211, 3, 'FORG1VEN', 1038, 1495488, 1);
INSERT INTO interacts VALUES(80644416211, 3, 'Ryu', 3135, 1503204, 1);
INSERT INTO interacts VALUES(80644416211, 3, 'Smurf', 3044, 1511300, 1);
INSERT INTO interacts VALUES(80644416211, 3, 'Jankos', 1031, 1521549, 1);
INSERT INTO interacts VALUES(80644416211, 3, 'Likkrit', 2043, 1521679, 1);
INSERT INTO interacts VALUES(80644416211, 3, 'Jankos', 2043, 1521939, 1);
INSERT INTO interacts VALUES(80644416211, 3, 'Odoamne', 1055, 1535300, 0);
INSERT INTO interacts VALUES(80644416211, 3, 'Odoamne', 1038, 1535786, 1);
INSERT INTO interacts VALUES(80644416211, 3, 'Kira', 1026, 1539587, 1);
INSERT INTO interacts VALUES(80644416211, 3, 'Kira', 1052, 1672653, 1);
INSERT INTO interacts VALUES(80644416211, 3, 'Vander', 1026, 1674464, 1);
INSERT INTO interacts VALUES(80644416211, 3, 'Vander', 2010, 1676490, 1);
INSERT INTO interacts VALUES(80644416211, 3, 'Likkrit', 2043, 1681061, 1);
INSERT INTO interacts VALUES(80644416211, 3, 'PvPStejos', 2032, 1694982, 0);
INSERT INTO interacts VALUES(80644416211, 3, 'PvPStejos', 3065, 1696445, 1);
INSERT INTO interacts VALUES(80644416211, 3, 'Jankos', 2043, 1703522, 1);
INSERT INTO interacts VALUES(80644416211, 3, 'Jankos', 2043, 1703635, 1);
INSERT INTO interacts VALUES(80644416211, 3, 'FORG1VEN', 1055, 1704526, 0);
INSERT INTO interacts VALUES(80644416211, 3, 'FORG1VEN', 1037, 1706029, 1);
INSERT INTO interacts VALUES(80644416211, 3, 'Ryu', 1058, 1706059, 1);
INSERT INTO interacts VALUES(80644416211, 3, 'FORG1VEN', 3155, 1706498, 1);
INSERT INTO interacts VALUES(80644416211, 3, 'aMiracle', 3086, 1741058, 1);
INSERT INTO interacts VALUES(80644416211, 3, 'aMiracle', 1042, 1743301, 1);
INSERT INTO interacts VALUES(80644416211, 3, 'aMiracle', 1051, 1746070, 1);
INSERT INTO interacts VALUES(80644416211, 3, 'Likkrit', 2301, 1749487, 1);
INSERT INTO interacts VALUES(80644416211, 3, 'Likkrit', 2043, 1749976, 1);
INSERT INTO interacts VALUES(80644416211, 3, 'Likkrit', 1004, 1750495, 1);
INSERT INTO interacts VALUES(80644416211, 3, 'Smurf', 2031, 1755174, 0);
INSERT INTO interacts VALUES(80644416211, 3, 'Smurf', 3071, 1756440, 1);
INSERT INTO interacts VALUES(80644416211, 3, 'Odoamne', 3072, 1766299, 1);
INSERT INTO interacts VALUES(80644416211, 3, 'Jankos', 2138, 1820698, 1);
INSERT INTO interacts VALUES(80644416211, 3, 'Ryu', 1056, 1831518, 0);
INSERT INTO interacts VALUES(80644416211, 3, 'Ryu', 1026, 1833312, 1);
INSERT INTO interacts VALUES(80644416211, 3, 'Likkrit', 3114, 1898789, 1);
INSERT INTO interacts VALUES(80644416211, 3, 'Likkrit', 1033, 1899639, 1);
INSERT INTO interacts VALUES(80644416211, 3, 'Likkrit', 3364, 1900674, 1);
INSERT INTO interacts VALUES(80644416211, 3, 'Vander', 3151, 1900923, 1);
INSERT INTO interacts VALUES(80644416211, 3, 'Likkrit', 1004, 1900942, 1);
INSERT INTO interacts VALUES(80644416211, 3, 'Likkrit', 2043, 1902863, 1);
INSERT INTO interacts VALUES(80644416211, 3, 'Likkrit', 2043, 1903004, 1);
INSERT INTO interacts VALUES(80644416211, 3, 'Smurf', 1057, 1905392, 1);
INSERT INTO interacts VALUES(80644416211, 3, 'Odoamne', 1036, 1906536, 1);
INSERT INTO interacts VALUES(80644416211, 3, 'PvPStejos', 1011, 1907961, 1);
INSERT INTO interacts VALUES(80644416211, 3, 'PvPStejos', 1029, 1909595, 1);
INSERT INTO interacts VALUES(80644416211, 3, 'aMiracle', 3094, 1909791, 1);
INSERT INTO interacts VALUES(80644416211, 3, 'Kira', 3135, 1911008, 1);
INSERT INTO interacts VALUES(80644416211, 3, 'Vander', 1011, 1923426, 1);
INSERT INTO interacts VALUES(80644416211, 3, 'Vander', 2010, 1924435, 1);
INSERT INTO interacts VALUES(80644416211, 3, 'FORG1VEN', 3031, 1925477, 1);
INSERT INTO interacts VALUES(80644416211, 3, 'Jankos', 3742, 1926122, 1);
INSERT INTO interacts VALUES(80644416211, 3, 'Jankos', 2043, 1927062, 1);
INSERT INTO interacts VALUES(80644416211, 3, 'FORG1VEN', 3134, 1927322, 1);
INSERT INTO interacts VALUES(80644416211, 3, 'FORG1VEN', 1037, 1930621, 1);
INSERT INTO interacts VALUES(80644416211, 3, 'Smurf', 3102, 1965787, 1);
INSERT INTO interacts VALUES(80644416211, 3, 'aMiracle', 1051, 1965889, 0);
INSERT INTO interacts VALUES(80644416211, 3, 'aMiracle', 1053, 1968143, 1);
INSERT INTO interacts VALUES(80644416211, 3, 'Kira', 2043, 1968370, 1);
INSERT INTO interacts VALUES(80644416211, 3, 'Kira', 2043, 1968498, 1);
INSERT INTO interacts VALUES(80644416211, 3, 'PvPStejos', 1029, 1984967, 0);
INSERT INTO interacts VALUES(80644416211, 3, 'PvPStejos', 1029, 1990441, 0);
INSERT INTO interacts VALUES(80644416211, 3, 'PvPStejos', 1033, 1991254, 1);
INSERT INTO interacts VALUES(80644416211, 3, 'PvPStejos', 1057, 2054545, 1);
INSERT INTO interacts VALUES(80644416211, 3, 'Likkrit', 3028, 2056432, 1);
INSERT INTO series VALUES(607878614967, 1);
INSERT INTO organizes VALUES('world_championship_2016', 607878614967, 'group_b - SKT-vs-C9');
INSERT INTO competes VALUES(607878614967, 'SKT', 1);
INSERT INTO competes VALUES(607878614967, 'C9', 0);
INSERT INTO matches VALUES(607878614967, 1, '2016-09-30');
INSERT INTO scores VALUES('SKT', 607878614967, 1, 4, 11, 0, 1, 3, 1);
INSERT INTO scores VALUES('C9', 607878614967, 1, 0, 1, 0, 0, 1, 0);
INSERT INTO bans VALUES(607878614967, 1, 421, 1);
INSERT INTO bans VALUES(607878614967, 1, 150, 3);
INSERT INTO bans VALUES(607878614967, 1, 154, 5);
INSERT INTO bans VALUES(607878614967, 1, 76, 2);
INSERT INTO bans VALUES(607878614967, 1, 43, 4);
INSERT INTO bans VALUES(607878614967, 1, 8, 6);
INSERT INTO plays VALUES(607878614967, 1, 'Duke', 126, 'top', 0, 5, 8, 15077, 17, 4, 289, 13, 8, 14597);
INSERT INTO plays VALUES(607878614967, 1, 'Bengi', 60, 'jungle', 3, 1, 4, 13292, 27, 16, 25, 74, 27, 12730);
INSERT INTO plays VALUES(607878614967, 1, 'Faker', 134, 'mid', 5, 1, 4, 21133, 17, 10, 322, 15, 20, 16689);
INSERT INTO plays VALUES(607878614967, 1, 'Bang', 81, 'adc', 6, 1, 3, 25925, 17, 7, 294, 16, 4, 15774);
INSERT INTO plays VALUES(607878614967, 1, 'Wolf', 12, 'support', 3, 0, 7, 6057, 38, 11, 34, 0, 0, 10847);
INSERT INTO plays VALUES(607878614967, 1, 'Impact', 68, 'top', 4, 4, 3, 17479, 19, 4, 283, 2, 0, 12324);
INSERT INTO plays VALUES(607878614967, 1, 'Meteos', 64, 'jungle', 2, 2, 4, 11150, 35, 13, 51, 82, 10, 10378);
INSERT INTO plays VALUES(607878614967, 1, 'Jensen', 69, 'mid', 0, 6, 6, 11978, 10, 4, 250, 12, 3, 11079);
INSERT INTO plays VALUES(607878614967, 1, 'Sneaky', 15, 'adc', 2, 3, 3, 20189, 14, 7, 336, 2, 0, 12740);
INSERT INTO plays VALUES(607878614967, 1, 'Smoothie', 201, 'support', 0, 2, 3, 6265, 42, 12, 38, 0, 0, 7439);
INSERT INTO interacts VALUES(607878614967, 1, 'Sneaky', 3340, 1433, 1);
INSERT INTO interacts VALUES(607878614967, 1, 'Smoothie', 3302, 1627, 1);
INSERT INTO interacts VALUES(607878614967, 1, 'Sneaky', 1055, 1788, 1);
INSERT INTO interacts VALUES(607878614967, 1, 'Duke', 1055, 1788, 1);
INSERT INTO interacts VALUES(607878614967, 1, 'Smoothie', 2010, 1853, 1);
INSERT INTO interacts VALUES(607878614967, 1, 'Meteos', 3340, 1887, 1);
INSERT INTO interacts VALUES(607878614967, 1, 'Smoothie', 2010, 1983, 1);
INSERT INTO interacts VALUES(607878614967, 1, 'Bang', 1055, 1983, 1);
INSERT INTO interacts VALUES(607878614967, 1, 'Duke', 2003, 2050, 1);
INSERT INTO interacts VALUES(607878614967, 1, 'Wolf', 3302, 2090, 1);
INSERT INTO interacts VALUES(607878614967, 1, 'Smoothie', 2010, 2113, 1);
INSERT INTO interacts VALUES(607878614967, 1, 'Bang', 2010, 2209, 1);
INSERT INTO interacts VALUES(607878614967, 1, 'Wolf', 2010, 2274, 1);
INSERT INTO interacts VALUES(607878614967, 1, 'Bengi', 3340, 2274, 1);
INSERT INTO interacts VALUES(607878614967, 1, 'Duke', 3340, 2274, 1);
INSERT INTO interacts VALUES(607878614967, 1, 'Smoothie', 3340, 2373, 1);
INSERT INTO interacts VALUES(607878614967, 1, 'Meteos', 1041, 2373, 1);
INSERT INTO interacts VALUES(607878614967, 1, 'Jensen', 3340, 2403, 1);
INSERT INTO interacts VALUES(607878614967, 1, 'Bang', 3340, 2403, 1);
INSERT INTO interacts VALUES(607878614967, 1, 'Wolf', 2010, 2403, 1);
INSERT INTO interacts VALUES(607878614967, 1, 'Meteos', 2031, 2565, 1);
INSERT INTO interacts VALUES(607878614967, 1, 'Wolf', 2010, 2565, 1);
INSERT INTO interacts VALUES(607878614967, 1, 'Wolf', 3340, 2727, 1);
INSERT INTO interacts VALUES(607878614967, 1, 'Jensen', 1056, 2824, 1);
INSERT INTO interacts VALUES(607878614967, 1, 'Jensen', 2010, 3121, 1);
INSERT INTO interacts VALUES(607878614967, 1, 'Faker', 1056, 3211, 1);
INSERT INTO interacts VALUES(607878614967, 1, 'Jensen', 2010, 3244, 1);
INSERT INTO interacts VALUES(607878614967, 1, 'Sneaky', 2010, 3340, 1);
INSERT INTO interacts VALUES(607878614967, 1, 'Bengi', 2031, 3405, 1);
INSERT INTO interacts VALUES(607878614967, 1, 'Faker', 2003, 3405, 1);
INSERT INTO interacts VALUES(607878614967, 1, 'Faker', 2003, 3566, 1);
INSERT INTO interacts VALUES(607878614967, 1, 'Impact', 1029, 3566, 1);
INSERT INTO interacts VALUES(607878614967, 1, 'Faker', 3340, 3727, 1);
INSERT INTO interacts VALUES(607878614967, 1, 'Impact', 2003, 4018, 1);
INSERT INTO interacts VALUES(607878614967, 1, 'Impact', 2003, 4179, 1);
INSERT INTO interacts VALUES(607878614967, 1, 'Impact', 2003, 4309, 1);
INSERT INTO interacts VALUES(607878614967, 1, 'Impact', 2003, 4471, 1);
INSERT INTO interacts VALUES(607878614967, 1, 'Impact', 3340, 4862, 1);
INSERT INTO interacts VALUES(607878614967, 1, 'Bengi', 1041, 4896, 1);
INSERT INTO interacts VALUES(607878614967, 1, 'Jensen', 1056, 187883, 1);
INSERT INTO interacts VALUES(607878614967, 1, 'Jensen', 2010, 188110, 1);
INSERT INTO interacts VALUES(607878614967, 1, 'Faker', 1001, 217952, 1);
INSERT INTO interacts VALUES(607878614967, 1, 'Faker', 1027, 220582, 1);
INSERT INTO interacts VALUES(607878614967, 1, 'Bengi', 3711, 290974, 1);
INSERT INTO interacts VALUES(607878614967, 1, 'Bengi', 1001, 294124, 1);
INSERT INTO interacts VALUES(607878614967, 1, 'Bengi', 2043, 297701, 1);
INSERT INTO interacts VALUES(607878614967, 1, 'Meteos', 3711, 313780, 1);
INSERT INTO interacts VALUES(607878614967, 1, 'Meteos', 1036, 314517, 1);
INSERT INTO interacts VALUES(607878614967, 1, 'Meteos', 2043, 314908, 1);
INSERT INTO interacts VALUES(607878614967, 1, 'Jensen', 3070, 342039, 1);
INSERT INTO interacts VALUES(607878614967, 1, 'Jensen', 2010, 362710, 1);
INSERT INTO interacts VALUES(607878614967, 1, 'Faker', 3802, 370510, 1);
INSERT INTO interacts VALUES(607878614967, 1, 'Faker', 1052, 371452, 1);
INSERT INTO interacts VALUES(607878614967, 1, 'Sneaky', 1038, 378514, 1);
INSERT INTO interacts VALUES(607878614967, 1, 'Sneaky', 2010, 379901, 1);
INSERT INTO interacts VALUES(607878614967, 1, 'Sneaky', 2043, 380613, 1);
INSERT INTO interacts VALUES(607878614967, 1, 'Sneaky', 2010, 380904, 1);
INSERT INTO interacts VALUES(607878614967, 1, 'Smoothie', 2049, 384936, 1);
INSERT INTO interacts VALUES(607878614967, 1, 'Smoothie', 3341, 385226, 1);
INSERT INTO interacts VALUES(607878614967, 1, 'Smoothie', 2043, 385648, 1);
INSERT INTO interacts VALUES(607878614967, 1, 'Wolf', 2049, 399818, 1);
INSERT INTO interacts VALUES(607878614967, 1, 'Wolf', 3341, 401202, 1);
INSERT INTO interacts VALUES(607878614967, 1, 'Wolf', 2043, 401532, 1);
INSERT INTO interacts VALUES(607878614967, 1, 'Wolf', 2010, 401724, 1);
INSERT INTO interacts VALUES(607878614967, 1, 'Bang', 3070, 403318, 1);
INSERT INTO interacts VALUES(607878614967, 1, 'Wolf', 2010, 405205, 1);
INSERT INTO interacts VALUES(607878614967, 1, 'Bang', 1037, 405302, 1);
INSERT INTO interacts VALUES(607878614967, 1, 'Duke', 3155, 442605, 1);
INSERT INTO interacts VALUES(607878614967, 1, 'Duke', 1036, 442997, 1);
INSERT INTO interacts VALUES(607878614967, 1, 'Duke', 2003, 446975, 1);
INSERT INTO interacts VALUES(607878614967, 1, 'Duke', 2003, 447898, 1);
INSERT INTO interacts VALUES(607878614967, 1, 'Impact', 3191, 454191, 1);
INSERT INTO interacts VALUES(607878614967, 1, 'Impact', 1052, 454679, 1);
INSERT INTO interacts VALUES(607878614967, 1, 'Impact', 1028, 455035, 1);
INSERT INTO interacts VALUES(607878614967, 1, 'Impact', 2043, 455947, 1);
INSERT INTO interacts VALUES(607878614967, 1, 'Impact', 2003, 456207, 1);
INSERT INTO interacts VALUES(607878614967, 1, 'Jensen', 1033, 489359, 1);
INSERT INTO interacts VALUES(607878614967, 1, 'Jensen', 2043, 490138, 1);
INSERT INTO interacts VALUES(607878614967, 1, 'Jensen', 2043, 490204, 1);
INSERT INTO interacts VALUES(607878614967, 1, 'Jensen', 2010, 491572, 1);
INSERT INTO interacts VALUES(607878614967, 1, 'Jensen', 2010, 491700, 1);
INSERT INTO interacts VALUES(607878614967, 1, 'Faker', 3020, 531782, 1);
INSERT INTO interacts VALUES(607878614967, 1, 'Faker', 2043, 533213, 1);
INSERT INTO interacts VALUES(607878614967, 1, 'Faker', 2031, 533601, 1);
INSERT INTO interacts VALUES(607878614967, 1, 'Smoothie', 1001, 561902, 1);
INSERT INTO interacts VALUES(607878614967, 1, 'Smoothie', 2043, 562113, 1);
INSERT INTO interacts VALUES(607878614967, 1, 'Smoothie', 2010, 562435, 1);
INSERT INTO interacts VALUES(607878614967, 1, 'Smoothie', 2010, 562600, 1);
INSERT INTO interacts VALUES(607878614967, 1, 'Bang', 3004, 580702, 1);
INSERT INTO interacts VALUES(607878614967, 1, 'Bang', 2010, 582811, 1);
INSERT INTO interacts VALUES(607878614967, 1, 'Bengi', 3113, 583593, 1);
INSERT INTO interacts VALUES(607878614967, 1, 'Wolf', 1001, 583853, 1);
INSERT INTO interacts VALUES(607878614967, 1, 'Bengi', 1052, 583964, 1);
INSERT INTO interacts VALUES(607878614967, 1, 'Bengi', 2043, 584858, 1);
INSERT INTO interacts VALUES(607878614967, 1, 'Wolf', 2043, 584985, 1);
INSERT INTO interacts VALUES(607878614967, 1, 'Wolf', 2043, 585120, 1);
INSERT INTO interacts VALUES(607878614967, 1, 'Bang', 2043, 585216, 1);
INSERT INTO interacts VALUES(607878614967, 1, 'Wolf', 2031, 585280, 1);
INSERT INTO interacts VALUES(607878614967, 1, 'Sneaky', 3006, 587039, 1);
INSERT INTO interacts VALUES(607878614967, 1, 'Sneaky', 2010, 590153, 1);
INSERT INTO interacts VALUES(607878614967, 1, 'Sneaky', 2010, 590516, 1);
INSERT INTO interacts VALUES(607878614967, 1, 'Meteos', 1408, 615835, 1);
INSERT INTO interacts VALUES(607878614967, 1, 'Meteos', 1001, 617043, 1);
INSERT INTO interacts VALUES(607878614967, 1, 'Meteos', 2043, 617395, 1);
INSERT INTO interacts VALUES(607878614967, 1, 'Duke', 3134, 638699, 1);
INSERT INTO interacts VALUES(607878614967, 1, 'Duke', 1036, 638991, 1);
INSERT INTO interacts VALUES(607878614967, 1, 'Duke', 2043, 640290, 1);
INSERT INTO interacts VALUES(607878614967, 1, 'Impact', 3136, 673286, 1);
INSERT INTO interacts VALUES(607878614967, 1, 'Impact', 1001, 673804, 1);
INSERT INTO interacts VALUES(607878614967, 1, 'Jensen', 1057, 810124, 1);
INSERT INTO interacts VALUES(607878614967, 1, 'Jensen', 3108, 811512, 1);
INSERT INTO interacts VALUES(607878614967, 1, 'Jensen', 2010, 813160, 1);
INSERT INTO interacts VALUES(607878614967, 1, 'Jensen', 2010, 813323, 1);
INSERT INTO interacts VALUES(607878614967, 1, 'Jensen', 2010, 813420, 1);
INSERT INTO interacts VALUES(607878614967, 1, 'Bengi', 1410, 814136, 1);
INSERT INTO interacts VALUES(607878614967, 1, 'Jensen', 3363, 815531, 1);
INSERT INTO interacts VALUES(607878614967, 1, 'Bengi', 1011, 816443, 1);
INSERT INTO interacts VALUES(607878614967, 1, 'Bengi', 2043, 817743, 1);
INSERT INTO interacts VALUES(607878614967, 1, 'Meteos', 3111, 830284, 1);
INSERT INTO interacts VALUES(607878614967, 1, 'Meteos', 2043, 831429, 1);
INSERT INTO interacts VALUES(607878614967, 1, 'Faker', 3165, 838305, 1);
INSERT INTO interacts VALUES(607878614967, 1, 'Faker', 1028, 840215, 1);
INSERT INTO interacts VALUES(607878614967, 1, 'Faker', 2043, 840751, 1);
INSERT INTO interacts VALUES(607878614967, 1, 'Duke', 3133, 848409, 1);
INSERT INTO interacts VALUES(607878614967, 1, 'Duke', 1001, 849974, 1);
INSERT INTO interacts VALUES(607878614967, 1, 'Duke', 2031, 850750, 1);
INSERT INTO interacts VALUES(607878614967, 1, 'Impact', 3020, 873134, 1);
INSERT INTO interacts VALUES(607878614967, 1, 'Impact', 1052, 877260, 1);
INSERT INTO interacts VALUES(607878614967, 1, 'Impact', 1006, 879375, 1);
INSERT INTO interacts VALUES(607878614967, 1, 'Impact', 2043, 883459, 1);
INSERT INTO interacts VALUES(607878614967, 1, 'Impact', 2031, 883784, 1);
INSERT INTO interacts VALUES(607878614967, 1, 'Bang', 3057, 921490, 1);
INSERT INTO interacts VALUES(607878614967, 1, 'Bang', 3158, 922920, 1);
INSERT INTO interacts VALUES(607878614967, 1, 'Bang', 3363, 923895, 1);
INSERT INTO interacts VALUES(607878614967, 1, 'Bang', 2010, 924510, 1);
INSERT INTO interacts VALUES(607878614967, 1, 'Wolf', 3117, 929051, 1);
INSERT INTO interacts VALUES(607878614967, 1, 'Wolf', 1028, 930448, 1);
INSERT INTO interacts VALUES(607878614967, 1, 'Wolf', 2043, 931097, 1);
INSERT INTO interacts VALUES(607878614967, 1, 'Smoothie', 3117, 950637, 1);
INSERT INTO interacts VALUES(607878614967, 1, 'Smoothie', 2043, 951415, 1);
INSERT INTO interacts VALUES(607878614967, 1, 'Smoothie', 2043, 951544, 1);
INSERT INTO interacts VALUES(607878614967, 1, 'Smoothie', 1028, 952549, 1);
INSERT INTO interacts VALUES(607878614967, 1, 'Sneaky', 3133, 964782, 1);
INSERT INTO interacts VALUES(607878614967, 1, 'Sneaky', 1018, 965041, 1);
INSERT INTO interacts VALUES(607878614967, 1, 'Sneaky', 2043, 966150, 1);
INSERT INTO interacts VALUES(607878614967, 1, 'Sneaky', 3363, 966411, 1);
INSERT INTO interacts VALUES(607878614967, 1, 'Duke', 3142, 991608, 1);
INSERT INTO interacts VALUES(607878614967, 1, 'Duke', 1036, 992044, 1);
INSERT INTO interacts VALUES(607878614967, 1, 'Jensen', 3001, 1020345, 1);
INSERT INTO interacts VALUES(607878614967, 1, 'Jensen', 2010, 1024446, 0);
INSERT INTO interacts VALUES(607878614967, 1, 'Faker', 1058, 1049917, 1);
INSERT INTO interacts VALUES(607878614967, 1, 'Jensen', 1052, 1051839, 1);
INSERT INTO interacts VALUES(607878614967, 1, 'Jensen', 2043, 1052423, 1);
INSERT INTO interacts VALUES(607878614967, 1, 'Smoothie', 2045, 1055364, 1);
INSERT INTO interacts VALUES(607878614967, 1, 'Smoothie', 2043, 1057005, 1);
INSERT INTO interacts VALUES(607878614967, 1, 'Impact', 1026, 1059016, 1);
INSERT INTO interacts VALUES(607878614967, 1, 'Sneaky', 3508, 1064241, 1);
INSERT INTO interacts VALUES(607878614967, 1, 'Sneaky', 2010, 1065936, 1);
INSERT INTO interacts VALUES(607878614967, 1, 'Sneaky', 2010, 1066072, 1);
INSERT INTO interacts VALUES(607878614967, 1, 'Meteos', 1011, 1067857, 1);
INSERT INTO interacts VALUES(607878614967, 1, 'Meteos', 1029, 1068635, 1);
INSERT INTO interacts VALUES(607878614967, 1, 'Duke', 3134, 1070850, 1);
INSERT INTO interacts VALUES(607878614967, 1, 'Meteos', 2043, 1076693, 1);
INSERT INTO interacts VALUES(607878614967, 1, 'Bang', 3044, 1091469, 1);
INSERT INTO interacts VALUES(607878614967, 1, 'Bang', 1042, 1092731, 1);
INSERT INTO interacts VALUES(607878614967, 1, 'Wolf', 2045, 1104329, 1);
INSERT INTO interacts VALUES(607878614967, 1, 'Wolf', 3302, 1106148, 0);
INSERT INTO interacts VALUES(607878614967, 1, 'Wolf', 3096, 1107576, 1);
INSERT INTO interacts VALUES(607878614967, 1, 'Wolf', 2043, 1108358, 1);
INSERT INTO interacts VALUES(607878614967, 1, 'Wolf', 2043, 1108454, 1);
INSERT INTO interacts VALUES(607878614967, 1, 'Wolf', 3364, 1110890, 1);
INSERT INTO interacts VALUES(607878614967, 1, 'Wolf', 1029, 1112190, 1);
INSERT INTO interacts VALUES(607878614967, 1, 'Faker', 1056, 1140825, 0);
INSERT INTO interacts VALUES(607878614967, 1, 'Faker', 3116, 1141410, 1);
INSERT INTO interacts VALUES(607878614967, 1, 'Faker', 2043, 1143224, 1);
INSERT INTO interacts VALUES(607878614967, 1, 'Faker', 3363, 1143611, 1);
INSERT INTO interacts VALUES(607878614967, 1, 'Duke', 3156, 1169613, 1);
INSERT INTO interacts VALUES(607878614967, 1, 'Duke', 2043, 1177542, 1);
INSERT INTO interacts VALUES(607878614967, 1, 'Bengi', 3742, 1181732, 1);
INSERT INTO interacts VALUES(607878614967, 1, 'Bengi', 2031, 1183265, 0);
INSERT INTO interacts VALUES(607878614967, 1, 'Bengi', 3111, 1184627, 1);
INSERT INTO interacts VALUES(607878614967, 1, 'Bengi', 3364, 1185244, 1);
INSERT INTO interacts VALUES(607878614967, 1, 'Bang', 3078, 1240650, 1);
INSERT INTO interacts VALUES(607878614967, 1, 'Bang', 2043, 1241823, 1);
INSERT INTO interacts VALUES(607878614967, 1, 'Impact', 3151, 1262241, 1);
INSERT INTO interacts VALUES(607878614967, 1, 'Impact', 2043, 1262862, 1);
INSERT INTO interacts VALUES(607878614967, 1, 'Sneaky', 3086, 1288203, 1);
INSERT INTO interacts VALUES(607878614967, 1, 'Sneaky', 2043, 1289492, 1);
INSERT INTO interacts VALUES(607878614967, 1, 'Smoothie', 3364, 1302344, 1);
INSERT INTO interacts VALUES(607878614967, 1, 'Smoothie', 1033, 1302750, 1);
INSERT INTO interacts VALUES(607878614967, 1, 'Smoothie', 1028, 1303006, 1);
INSERT INTO interacts VALUES(607878614967, 1, 'Smoothie', 2010, 1304945, 0);
INSERT INTO interacts VALUES(607878614967, 1, 'Smoothie', 2043, 1305529, 1);
INSERT INTO interacts VALUES(607878614967, 1, 'Meteos', 3742, 1308992, 1);
INSERT INTO interacts VALUES(607878614967, 1, 'Jensen', 3108, 1319052, 1);
INSERT INTO interacts VALUES(607878614967, 1, 'Jensen', 3802, 1319767, 1);
INSERT INTO interacts VALUES(607878614967, 1, 'Jensen', 3108, 1332476, 1);
INSERT INTO interacts VALUES(607878614967, 1, 'Jensen', 3802, 1333193, 1);
INSERT INTO interacts VALUES(607878614967, 1, 'Duke', 3158, 1391707, 1);
INSERT INTO interacts VALUES(607878614967, 1, 'Duke', 3035, 1396868, 1);
INSERT INTO interacts VALUES(607878614967, 1, 'Meteos', 1057, 1403084, 1);
INSERT INTO interacts VALUES(607878614967, 1, 'Meteos', 2043, 1403640, 1);
INSERT INTO interacts VALUES(607878614967, 1, 'Wolf', 3069, 1413636, 1);
INSERT INTO interacts VALUES(607878614967, 1, 'Wolf', 1028, 1415019, 1);
INSERT INTO interacts VALUES(607878614967, 1, 'Smoothie', 2043, 1415713, 1);
INSERT INTO interacts VALUES(607878614967, 1, 'Wolf', 2043, 1416613, 1);
INSERT INTO interacts VALUES(607878614967, 1, 'Wolf', 2043, 1416756, 1);
INSERT INTO interacts VALUES(607878614967, 1, 'Impact', 3157, 1416874, 1);
INSERT INTO interacts VALUES(607878614967, 1, 'Bang', 3140, 1418774, 1);
INSERT INTO interacts VALUES(607878614967, 1, 'Impact', 2043, 1419105, 1);
INSERT INTO interacts VALUES(607878614967, 1, 'Bang', 1043, 1420260, 1);
INSERT INTO interacts VALUES(607878614967, 1, 'Faker', 3135, 1424320, 1);
INSERT INTO interacts VALUES(607878614967, 1, 'Wolf', 3801, 1485355, 1);
INSERT INTO interacts VALUES(607878614967, 1, 'Bengi', 3211, 1487970, 1);
INSERT INTO interacts VALUES(607878614967, 1, 'Bengi', 1057, 1488237, 1);
INSERT INTO interacts VALUES(607878614967, 1, 'Bengi', 2043, 1489826, 1);
INSERT INTO interacts VALUES(607878614967, 1, 'Bengi', 2043, 1489992, 1);
INSERT INTO interacts VALUES(607878614967, 1, 'Impact', 1026, 1554569, 1);
INSERT INTO interacts VALUES(607878614967, 1, 'Jensen', 3165, 1555578, 1);
INSERT INTO interacts VALUES(607878614967, 1, 'Jensen', 1028, 1556877, 1);
INSERT INTO interacts VALUES(607878614967, 1, 'Jensen', 1056, 1558632, 0);
INSERT INTO interacts VALUES(607878614967, 1, 'Jensen', 2043, 1559410, 1);
INSERT INTO interacts VALUES(607878614967, 1, 'Sneaky', 1038, 1610667, 1);
INSERT INTO interacts VALUES(607878614967, 1, 'Sneaky', 2043, 1611736, 1);
INSERT INTO interacts VALUES(607878614967, 1, 'Meteos', 2031, 1638816, 0);
INSERT INTO interacts VALUES(607878614967, 1, 'Meteos', 1031, 1639237, 1);
INSERT INTO interacts VALUES(607878614967, 1, 'Jensen', 1011, 1639987, 1);
INSERT INTO interacts VALUES(607878614967, 1, 'Impact', 1052, 1647527, 1);
INSERT INTO interacts VALUES(607878614967, 1, 'Smoothie', 3105, 1649063, 1);
INSERT INTO interacts VALUES(607878614967, 1, 'Smoothie', 1028, 1649838, 1);
INSERT INTO interacts VALUES(607878614967, 1, 'Smoothie', 2043, 1650517, 1);
INSERT INTO interacts VALUES(607878614967, 1, 'Faker', 1058, 1671934, 1);
INSERT INTO interacts VALUES(607878614967, 1, 'Bang', 1055, 1671997, 0);
INSERT INTO interacts VALUES(607878614967, 1, 'Bang', 3144, 1673735, 1);
INSERT INTO interacts VALUES(607878614967, 1, 'Wolf', 3105, 1675886, 1);
INSERT INTO interacts VALUES(607878614967, 1, 'Wolf', 2043, 1676181, 1);
INSERT INTO interacts VALUES(607878614967, 1, 'Wolf', 2043, 1676283, 1);
INSERT INTO interacts VALUES(607878614967, 1, 'Bengi', 3102, 1677092, 1);
INSERT INTO interacts VALUES(607878614967, 1, 'Bengi', 1028, 1679695, 1);
INSERT INTO interacts VALUES(607878614967, 1, 'Bengi', 3067, 1685933, 1);
INSERT INTO interacts VALUES(607878614967, 1, 'Duke', 3036, 1688601, 1);
INSERT INTO interacts VALUES(607878614967, 1, 'Duke', 2031, 1689578, 0);
INSERT INTO interacts VALUES(607878614967, 1, 'Duke', 3133, 1695268, 1);
INSERT INTO interacts VALUES(607878614967, 1, 'Bang', 3153, 1698461, 1);
INSERT INTO interacts VALUES(607878614967, 1, 'Bang', 2043, 1701157, 1);
INSERT INTO interacts VALUES(607878614967, 1, 'Meteos', 2043, 1765336, 1);
INSERT INTO interacts VALUES(607878614967, 1, 'Sneaky', 1037, 1772689, 1);
INSERT INTO interacts VALUES(607878614967, 1, 'Smoothie', 3190, 1773244, 1);
INSERT INTO interacts VALUES(607878614967, 1, 'Bang', 2140, 1781974, 1);
INSERT INTO interacts VALUES(607878614967, 1, 'Duke', 1055, 1800894, 0);
INSERT INTO interacts VALUES(607878614967, 1, 'Duke', 3044, 1802496, 1);
INSERT INTO interacts VALUES(607878614967, 1, 'Wolf', 3190, 1807243, 1);
INSERT INTO interacts VALUES(607878614967, 1, 'Smoothie', 2043, 1810045, 1);
INSERT INTO interacts VALUES(607878614967, 1, 'Faker', 3089, 1813984, 1);
INSERT INTO interacts VALUES(607878614967, 1, 'Bengi', 1011, 1822765, 1);
INSERT INTO interacts VALUES(607878614967, 1, 'Impact', 3135, 1841803, 1);
INSERT INTO interacts VALUES(607878614967, 1, 'Jensen', 1056, 1868513, 0);
INSERT INTO interacts VALUES(607878614967, 1, 'Jensen', 1058, 1869683, 1);
INSERT INTO interacts VALUES(607878614967, 1, 'Sneaky', 3031, 1870265, 1);
INSERT INTO interacts VALUES(607878614967, 1, 'Meteos', 3026, 1944685, 1);
INSERT INTO interacts VALUES(607878614967, 1, 'Meteos', 2043, 1945321, 1);
INSERT INTO interacts VALUES(607878614967, 1, 'Duke', 3071, 1951323, 1);
INSERT INTO interacts VALUES(607878614967, 1, 'Smoothie', 3067, 1958111, 1);
INSERT INTO interacts VALUES(607878614967, 1, 'Wolf', 2031, 1965674, 0);
INSERT INTO interacts VALUES(607878614967, 1, 'Wolf', 3024, 1968759, 1);
INSERT INTO interacts VALUES(607878614967, 1, 'Bang', 3035, 1972507, 1);
INSERT INTO interacts VALUES(607878614967, 1, 'Faker', 2031, 1992758, 0);
INSERT INTO interacts VALUES(607878614967, 1, 'Faker', 3136, 1994911, 1);
INSERT INTO interacts VALUES(607878614967, 1, 'Impact', 1058, 2011509, 1);
INSERT INTO interacts VALUES(607878614967, 1, 'Jensen', 3116, 2012256, 1);
INSERT INTO interacts VALUES(607878614967, 1, 'Sneaky', 3094, 2017593, 1);
INSERT INTO interacts VALUES(607878614967, 1, 'Meteos', 1028, 2017885, 1);
INSERT INTO interacts VALUES(607878614967, 1, 'Meteos', 2043, 2018375, 1);
INSERT INTO interacts VALUES(607878614967, 1, 'Duke', 1029, 2044167, 1);
INSERT INTO teams VALUES('FW', 'LMS', 'Flash Wolves');
INSERT INTO participates VALUES('world_championship_2016', 'FW', 'UNKNOWN');
INSERT INTO teams VALUES('IM', 'LPL', 'I May');
INSERT INTO participates VALUES('world_championship_2016', 'IM', 'UNKNOWN');
INSERT INTO series VALUES(362413558321, 1);
INSERT INTO organizes VALUES('world_championship_2016', 362413558321, 'group_b - FW-vs-IM');
INSERT INTO competes VALUES(362413558321, 'FW', 1);
INSERT INTO competes VALUES(362413558321, 'IM', 0);
INSERT INTO matches VALUES(362413558321, 1, '2016-09-30');
INSERT INTO scores VALUES('FW', 362413558321, 1, 0, 4, 1, 0, 3, 0);
INSERT INTO scores VALUES('IM', 362413558321, 1, 1, 8, 0, 1, 2, 1);
INSERT INTO bans VALUES(362413558321, 1, 2, 1);
INSERT INTO bans VALUES(362413558321, 1, 432, 3);
INSERT INTO bans VALUES(362413558321, 1, 60, 5);
INSERT INTO bans VALUES(362413558321, 1, 76, 2);
INSERT INTO bans VALUES(362413558321, 1, 68, 4);
INSERT INTO bans VALUES(362413558321, 1, 134, 6);
INSERT INTO players VALUES('MMD', date('1970-01-01'));
INSERT INTO registers VALUES('MMD', 'FW', date('1970-01-01'), 'NULL');
INSERT INTO plays VALUES(362413558321, 1, 'MMD', 150, 'top', 0, 2, 4, 26126, 30, 15, 370, 6, 15, 16684);
INSERT INTO players VALUES('Karsa', date('1970-01-01'));
INSERT INTO registers VALUES('Karsa', 'FW', date('1970-01-01'), 'NULL');
INSERT INTO plays VALUES(362413558321, 1, 'Karsa', 421, 'jungle', 1, 4, 4, 13086, 44, 43, 109, 75, 25, 14921);
INSERT INTO players VALUES('Maple', date('1970-01-01'));
INSERT INTO registers VALUES('Maple', 'FW', date('1970-01-01'), 'NULL');
INSERT INTO plays VALUES(362413558321, 1, 'Maple', 8, 'mid', 1, 3, 4, 27088, 30, 7, 362, 30, 0, 15873);
INSERT INTO players VALUES('NL', date('1970-01-01'));
INSERT INTO registers VALUES('NL', 'FW', date('1970-01-01'), 'NULL');
INSERT INTO plays VALUES(362413558321, 1, 'NL', 236, 'adc', 4, 1, 1, 38741, 20, 20, 432, 26, 8, 19603);
INSERT INTO players VALUES('SwordArt', date('1970-01-01'));
INSERT INTO registers VALUES('SwordArt', 'FW', date('1970-01-01'), 'NULL');
INSERT INTO plays VALUES(362413558321, 1, 'SwordArt', 43, 'support', 1, 3, 3, 7467, 73, 16, 18, 1, 0, 11103);
INSERT INTO players VALUES('AmazingJ', date('1970-01-01'));
INSERT INTO registers VALUES('AmazingJ', 'IM', date('1970-01-01'), 'NULL');
INSERT INTO plays VALUES(362413558321, 1, 'AmazingJ', 245, 'top', 2, 0, 6, 15321, 25, 6, 370, 19, 0, 17563);
INSERT INTO players VALUES('Avoidless', date('1970-01-01'));
INSERT INTO registers VALUES('Avoidless', 'IM', date('1970-01-01'), 'NULL');
INSERT INTO plays VALUES(362413558321, 1, 'Avoidless', 154, 'jungle', 2, 3, 9, 16314, 44, 34, 53, 114, 14, 16233);
INSERT INTO players VALUES('Athena', date('1970-01-01'));
INSERT INTO registers VALUES('Athena', 'IM', date('1970-01-01'), 'NULL');
INSERT INTO plays VALUES(362413558321, 1, 'Athena', 110, 'mid', 3, 1, 7, 55839, 29, 9, 450, 15, 1, 20075);
INSERT INTO players VALUES('Jinjiao', date('1970-01-01'));
INSERT INTO registers VALUES('Jinjiao', 'IM', date('1970-01-01'), 'NULL');
INSERT INTO plays VALUES(362413558321, 1, 'Jinjiao', 202, 'adc', 5, 1, 5, 33017, 15, 16, 345, 28, 3, 18281);
INSERT INTO players VALUES('Road', date('1970-01-01'));
INSERT INTO registers VALUES('Road', 'IM', date('1970-01-01'), 'NULL');
INSERT INTO plays VALUES(362413558321, 1, 'Road', 12, 'support', 1, 2, 11, 8245, 87, 31, 83, 0, 0, 13102);
INSERT INTO interacts VALUES(362413558321, 1, 'Maple', 1054, 1268, 1);
INSERT INTO interacts VALUES(362413558321, 1, 'Road', 3302, 1528, 1);
INSERT INTO interacts VALUES(362413558321, 1, 'Maple', 2003, 1625, 1);
INSERT INTO interacts VALUES(362413558321, 1, 'MMD', 1055, 1625, 1);
INSERT INTO interacts VALUES(362413558321, 1, 'Road', 2010, 1754, 1);
INSERT INTO interacts VALUES(362413558321, 1, 'Maple', 3340, 1787, 1);
INSERT INTO interacts VALUES(362413558321, 1, 'Road', 2010, 1884, 1);
INSERT INTO interacts VALUES(362413558321, 1, 'SwordArt', 3340, 1981, 1);
INSERT INTO interacts VALUES(362413558321, 1, 'Karsa', 1041, 1981, 1);
INSERT INTO interacts VALUES(362413558321, 1, 'Road', 2010, 2046, 1);
INSERT INTO interacts VALUES(362413558321, 1, 'MMD', 3340, 2208, 1);
INSERT INTO interacts VALUES(362413558321, 1, 'Avoidless', 1039, 2208, 1);
INSERT INTO interacts VALUES(362413558321, 1, 'Road', 3340, 2241, 1);
INSERT INTO interacts VALUES(362413558321, 1, 'Jinjiao', 1055, 2273, 1);
INSERT INTO interacts VALUES(362413558321, 1, 'SwordArt', 2010, 2273, 1);
INSERT INTO interacts VALUES(362413558321, 1, 'SwordArt', 2010, 2433, 1);
INSERT INTO interacts VALUES(362413558321, 1, 'Jinjiao', 2010, 2530, 1);
INSERT INTO interacts VALUES(362413558321, 1, 'NL', 1055, 2563, 1);
INSERT INTO interacts VALUES(362413558321, 1, 'Athena', 1055, 2563, 1);
INSERT INTO interacts VALUES(362413558321, 1, 'SwordArt', 2010, 2602, 1);
INSERT INTO interacts VALUES(362413558321, 1, 'Karsa', 2031, 2659, 1);
INSERT INTO interacts VALUES(362413558321, 1, 'Jinjiao', 3340, 2724, 1);
INSERT INTO interacts VALUES(362413558321, 1, 'NL', 2010, 2821, 1);
INSERT INTO interacts VALUES(362413558321, 1, 'SwordArt', 3303, 2889, 1);
INSERT INTO interacts VALUES(362413558321, 1, 'Karsa', 3340, 3015, 1);
INSERT INTO interacts VALUES(362413558321, 1, 'NL', 3340, 3048, 1);
INSERT INTO interacts VALUES(362413558321, 1, 'MMD', 2003, 3275, 1);
INSERT INTO interacts VALUES(362413558321, 1, 'AmazingJ', 2033, 4503, 1);
INSERT INTO interacts VALUES(362413558321, 1, 'AmazingJ', 3340, 4954, 1);
INSERT INTO interacts VALUES(362413558321, 1, 'Avoidless', 2031, 5406, 1);
INSERT INTO interacts VALUES(362413558321, 1, 'Athena', 2033, 5828, 1);
INSERT INTO interacts VALUES(362413558321, 1, 'Avoidless', 3340, 6602, 1);
INSERT INTO interacts VALUES(362413558321, 1, 'Athena', 3340, 6668, 1);
INSERT INTO interacts VALUES(362413558321, 1, 'Avoidless', 1028, 253798, 1);
INSERT INTO interacts VALUES(362413558321, 1, 'Avoidless', 1001, 256347, 1);
INSERT INTO interacts VALUES(362413558321, 1, 'AmazingJ', 1082, 285418, 1);
INSERT INTO interacts VALUES(362413558321, 1, 'AmazingJ', 1056, 285842, 1);
INSERT INTO interacts VALUES(362413558321, 1, 'AmazingJ', 2043, 286430, 1);
INSERT INTO interacts VALUES(362413558321, 1, 'MMD', 1055, 313238, 1);
INSERT INTO interacts VALUES(362413558321, 1, 'MMD', 1028, 314670, 1);
INSERT INTO interacts VALUES(362413558321, 1, 'MMD', 1036, 315056, 1);
INSERT INTO interacts VALUES(362413558321, 1, 'MMD', 2003, 316744, 1);
INSERT INTO interacts VALUES(362413558321, 1, 'Karsa', 3077, 331779, 1);
INSERT INTO interacts VALUES(362413558321, 1, 'Karsa', 2043, 332653, 1);
INSERT INTO interacts VALUES(362413558321, 1, 'Avoidless', 1029, 381984, 1);
INSERT INTO interacts VALUES(362413558321, 1, 'Avoidless', 2043, 384126, 1);
INSERT INTO interacts VALUES(362413558321, 1, 'Athena', 3070, 394885, 1);
INSERT INTO interacts VALUES(362413558321, 1, 'Athena', 1036, 396360, 1);
INSERT INTO interacts VALUES(362413558321, 1, 'Athena', 1036, 396556, 1);
INSERT INTO interacts VALUES(362413558321, 1, 'Athena', 2043, 397623, 1);
INSERT INTO interacts VALUES(362413558321, 1, 'Athena', 2043, 397751, 1);
INSERT INTO interacts VALUES(362413558321, 1, 'Maple', 1001, 422358, 1);
INSERT INTO interacts VALUES(362413558321, 1, 'Maple', 3067, 423664, 1);
INSERT INTO interacts VALUES(362413558321, 1, 'Maple', 3145, 424018, 1);
INSERT INTO interacts VALUES(362413558321, 1, 'Maple', 2003, 430555, 0);
INSERT INTO interacts VALUES(362413558321, 1, 'Maple', 2043, 431803, 1);
INSERT INTO interacts VALUES(362413558321, 1, 'MMD', 3052, 432733, 1);
INSERT INTO interacts VALUES(362413558321, 1, 'MMD', 2043, 433363, 1);
INSERT INTO interacts VALUES(362413558321, 1, 'AmazingJ', 1028, 460532, 1);
INSERT INTO interacts VALUES(362413558321, 1, 'AmazingJ', 1001, 462058, 1);
INSERT INTO interacts VALUES(362413558321, 1, 'Karsa', 1028, 528927, 1);
INSERT INTO interacts VALUES(362413558321, 1, 'Karsa', 3711, 529282, 1);
INSERT INTO interacts VALUES(362413558321, 1, 'Road', 2049, 530452, 1);
INSERT INTO interacts VALUES(362413558321, 1, 'Road', 1001, 530683, 1);
INSERT INTO interacts VALUES(362413558321, 1, 'Road', 3341, 531300, 1);
INSERT INTO interacts VALUES(362413558321, 1, 'Road', 2043, 531527, 1);
INSERT INTO interacts VALUES(362413558321, 1, 'Road', 2043, 531656, 1);
INSERT INTO interacts VALUES(362413558321, 1, 'Avoidless', 3047, 564353, 1);
INSERT INTO interacts VALUES(362413558321, 1, 'Avoidless', 3067, 567964, 1);
INSERT INTO interacts VALUES(362413558321, 1, 'Avoidless', 2043, 570917, 1);
INSERT INTO interacts VALUES(362413558321, 1, 'AmazingJ', 3751, 621632, 1);
INSERT INTO interacts VALUES(362413558321, 1, 'AmazingJ', 1029, 622415, 1);
INSERT INTO interacts VALUES(362413558321, 1, 'SwordArt', 2049, 658292, 1);
INSERT INTO interacts VALUES(362413558321, 1, 'SwordArt', 1001, 659638, 1);
INSERT INTO interacts VALUES(362413558321, 1, 'SwordArt', 2043, 661188, 1);
INSERT INTO interacts VALUES(362413558321, 1, 'SwordArt', 3098, 663725, 1);
INSERT INTO interacts VALUES(362413558321, 1, 'SwordArt', 3341, 664758, 1);
INSERT INTO interacts VALUES(362413558321, 1, 'Road', 3117, 703077, 1);
INSERT INTO interacts VALUES(362413558321, 1, 'Jinjiao', 3142, 709156, 1);
INSERT INTO interacts VALUES(362413558321, 1, 'Avoidless', 3711, 712769, 1);
INSERT INTO interacts VALUES(362413558321, 1, 'Maple', 3152, 718323, 1);
INSERT INTO interacts VALUES(362413558321, 1, 'Jinjiao', 1001, 719947, 1);
INSERT INTO interacts VALUES(362413558321, 1, 'Avoidless', 2043, 722933, 1);
INSERT INTO interacts VALUES(362413558321, 1, 'Avoidless', 3341, 724105, 1);
INSERT INTO interacts VALUES(362413558321, 1, 'Maple', 1052, 724743, 1);
INSERT INTO interacts VALUES(362413558321, 1, 'Maple', 1029, 724949, 1);
INSERT INTO interacts VALUES(362413558321, 1, 'Maple', 3364, 726152, 1);
INSERT INTO interacts VALUES(362413558321, 1, 'Maple', 1004, 727332, 1);
INSERT INTO interacts VALUES(362413558321, 1, 'Maple', 2043, 729850, 1);
INSERT INTO interacts VALUES(362413558321, 1, 'Karsa', 1409, 731412, 1);
INSERT INTO interacts VALUES(362413558321, 1, 'NL', 3142, 745131, 1);
INSERT INTO interacts VALUES(362413558321, 1, 'Athena', 3133, 746230, 1);
INSERT INTO interacts VALUES(362413558321, 1, 'Athena', 3158, 747933, 1);
INSERT INTO interacts VALUES(362413558321, 1, 'Athena', 1036, 748843, 1);
INSERT INTO interacts VALUES(362413558321, 1, 'Athena', 1036, 749004, 1);
INSERT INTO interacts VALUES(362413558321, 1, 'NL', 3006, 749914, 1);
INSERT INTO interacts VALUES(362413558321, 1, 'MMD', 3022, 770758, 1);
INSERT INTO interacts VALUES(362413558321, 1, 'SwordArt', 2301, 771278, 1);
INSERT INTO interacts VALUES(362413558321, 1, 'MMD', 1001, 771653, 1);
INSERT INTO interacts VALUES(362413558321, 1, 'SwordArt', 2043, 771653, 1);
INSERT INTO interacts VALUES(362413558321, 1, 'SwordArt', 2043, 771810, 1);
INSERT INTO interacts VALUES(362413558321, 1, 'MMD', 2043, 773038, 1);
INSERT INTO interacts VALUES(362413558321, 1, 'MMD', 2003, 773236, 1);
INSERT INTO interacts VALUES(362413558321, 1, 'AmazingJ', 3024, 776349, 1);
INSERT INTO interacts VALUES(362413558321, 1, 'Avoidless', 1028, 831369, 1);
INSERT INTO interacts VALUES(362413558321, 1, 'Avoidless', 3364, 833826, 1);
INSERT INTO interacts VALUES(362413558321, 1, 'AmazingJ', 3009, 844048, 1);
INSERT INTO interacts VALUES(362413558321, 1, 'Road', 1028, 888714, 1);
INSERT INTO interacts VALUES(362413558321, 1, 'Road', 2043, 890453, 1);
INSERT INTO interacts VALUES(362413558321, 1, 'Road', 2043, 890589, 1);
INSERT INTO interacts VALUES(362413558321, 1, 'Jinjiao', 3009, 893432, 1);
INSERT INTO interacts VALUES(362413558321, 1, 'NL', 3044, 928078, 1);
INSERT INTO interacts VALUES(362413558321, 1, 'NL', 2010, 929056, 1);
INSERT INTO interacts VALUES(362413558321, 1, 'NL', 3363, 929667, 1);
INSERT INTO interacts VALUES(362413558321, 1, 'NL', 2043, 930013, 1);
INSERT INTO interacts VALUES(362413558321, 1, 'SwordArt', 3158, 931870, 1);
INSERT INTO interacts VALUES(362413558321, 1, 'SwordArt', 2043, 932298, 1);
INSERT INTO interacts VALUES(362413558321, 1, 'Maple', 3191, 932398, 1);
INSERT INTO interacts VALUES(362413558321, 1, 'SwordArt', 2043, 932881, 1);
INSERT INTO interacts VALUES(362413558321, 1, 'Maple', 3020, 933388, 1);
INSERT INTO interacts VALUES(362413558321, 1, 'Maple', 2043, 935376, 1);
INSERT INTO interacts VALUES(362413558321, 1, 'Maple', 2031, 935733, 1);
INSERT INTO interacts VALUES(362413558321, 1, 'Karsa', 3047, 935898, 1);
INSERT INTO interacts VALUES(362413558321, 1, 'Karsa', 2043, 936588, 1);
INSERT INTO interacts VALUES(362413558321, 1, 'Karsa', 3364, 936939, 1);
INSERT INTO interacts VALUES(362413558321, 1, 'Karsa', 2043, 937200, 1);
INSERT INTO interacts VALUES(362413558321, 1, 'MMD', 3044, 943264, 1);
INSERT INTO interacts VALUES(362413558321, 1, 'MMD', 2043, 944449, 1);
INSERT INTO interacts VALUES(362413558321, 1, 'Athena', 3142, 951340, 1);
INSERT INTO interacts VALUES(362413558321, 1, 'Athena', 2043, 952878, 1);
INSERT INTO interacts VALUES(362413558321, 1, 'Road', 2045, 955946, 1);
INSERT INTO interacts VALUES(362413558321, 1, 'Jinjiao', 1036, 962332, 1);
INSERT INTO interacts VALUES(362413558321, 1, 'Jinjiao', 1036, 962523, 1);
INSERT INTO interacts VALUES(362413558321, 1, 'Avoidless', 3751, 963177, 1);
INSERT INTO interacts VALUES(362413558321, 1, 'Jinjiao', 3363, 964213, 1);
INSERT INTO interacts VALUES(362413558321, 1, 'Avoidless', 2043, 964506, 1);
INSERT INTO interacts VALUES(362413558321, 1, 'AmazingJ', 1056, 1008792, 0);
INSERT INTO interacts VALUES(362413558321, 1, 'AmazingJ', 3057, 1010617, 1);
INSERT INTO interacts VALUES(362413558321, 1, 'Athena', 3133, 1147881, 1);
INSERT INTO interacts VALUES(362413558321, 1, 'Athena', 2043, 1148688, 1);
INSERT INTO interacts VALUES(362413558321, 1, 'NL', 3133, 1162212, 1);
INSERT INTO interacts VALUES(362413558321, 1, 'NL', 2010, 1163057, 0);
INSERT INTO interacts VALUES(362413558321, 1, 'NL', 2010, 1163223, 0);
INSERT INTO interacts VALUES(362413558321, 1, 'SwordArt', 1004, 1163448, 1);
INSERT INTO interacts VALUES(362413558321, 1, 'SwordArt', 1004, 1163609, 1);
INSERT INTO interacts VALUES(362413558321, 1, 'AmazingJ', 3025, 1164228, 1);
INSERT INTO interacts VALUES(362413558321, 1, 'NL', 2043, 1164294, 1);
INSERT INTO interacts VALUES(362413558321, 1, 'SwordArt', 2043, 1164591, 1);
INSERT INTO interacts VALUES(362413558321, 1, 'SwordArt', 2043, 1164750, 1);
INSERT INTO interacts VALUES(362413558321, 1, 'AmazingJ', 1033, 1166926, 1);
INSERT INTO interacts VALUES(362413558321, 1, 'Maple', 1058, 1168886, 1);
INSERT INTO interacts VALUES(362413558321, 1, 'Road', 1033, 1174975, 1);
INSERT INTO interacts VALUES(362413558321, 1, 'Road', 2043, 1176340, 1);
INSERT INTO interacts VALUES(362413558321, 1, 'Road', 2043, 1176472, 1);
INSERT INTO interacts VALUES(362413558321, 1, 'Road', 3364, 1176632, 1);
INSERT INTO interacts VALUES(362413558321, 1, 'Jinjiao', 3155, 1177510, 1);
INSERT INTO interacts VALUES(362413558321, 1, 'Jinjiao', 2043, 1178257, 1);
INSERT INTO interacts VALUES(362413558321, 1, 'Maple', 2031, 1178386, 0);
INSERT INTO interacts VALUES(362413558321, 1, 'Maple', 2043, 1179977, 1);
INSERT INTO interacts VALUES(362413558321, 1, 'Avoidless', 1409, 1182416, 1);
INSERT INTO interacts VALUES(362413558321, 1, 'Avoidless', 1033, 1184004, 1);
INSERT INTO interacts VALUES(362413558321, 1, 'Avoidless', 2043, 1185624, 1);
INSERT INTO interacts VALUES(362413558321, 1, 'Karsa', 1011, 1185916, 1);
INSERT INTO interacts VALUES(362413558321, 1, 'Karsa', 1029, 1186209, 1);
INSERT INTO interacts VALUES(362413558321, 1, 'Karsa', 2031, 1187155, 0);
INSERT INTO interacts VALUES(362413558321, 1, 'Karsa', 2043, 1188119, 1);
INSERT INTO interacts VALUES(362413558321, 1, 'Karsa', 2043, 1188264, 1);
INSERT INTO interacts VALUES(362413558321, 1, 'MMD', 1055, 1207166, 0);
INSERT INTO interacts VALUES(362413558321, 1, 'MMD', 3071, 1208531, 1);
INSERT INTO interacts VALUES(362413558321, 1, 'MMD', 2043, 1210418, 1);
INSERT INTO interacts VALUES(362413558321, 1, 'Road', 2010, 1287637, 0);
INSERT INTO interacts VALUES(362413558321, 1, 'Road', 2010, 1287800, 0);
INSERT INTO interacts VALUES(362413558321, 1, 'Road', 2010, 1287928, 0);
INSERT INTO interacts VALUES(362413558321, 1, 'Road', 3801, 1289408, 1);
INSERT INTO interacts VALUES(362413558321, 1, 'NL', 3071, 1299815, 1);
INSERT INTO interacts VALUES(362413558321, 1, 'NL', 1042, 1300987, 1);
INSERT INTO interacts VALUES(362413558321, 1, 'SwordArt', 3114, 1305429, 1);
INSERT INTO interacts VALUES(362413558321, 1, 'SwordArt', 2043, 1306501, 1);
INSERT INTO interacts VALUES(362413558321, 1, 'SwordArt', 2043, 1306665, 1);
INSERT INTO interacts VALUES(362413558321, 1, 'SwordArt', 2010, 1309935, 1);
INSERT INTO interacts VALUES(362413558321, 1, 'AmazingJ', 3211, 1322355, 1);
INSERT INTO interacts VALUES(362413558321, 1, 'Jinjiao', 3134, 1344616, 1);
INSERT INTO interacts VALUES(362413558321, 1, 'Road', 2043, 1351955, 1);
INSERT INTO interacts VALUES(362413558321, 1, 'MMD', 3047, 1429113, 1);
INSERT INTO interacts VALUES(362413558321, 1, 'Karsa', 3082, 1430475, 1);
INSERT INTO interacts VALUES(362413558321, 1, 'Maple', 1026, 1431483, 1);
INSERT INTO interacts VALUES(362413558321, 1, 'MMD', 1028, 1440887, 1);
INSERT INTO interacts VALUES(362413558321, 1, 'Avoidless', 3065, 1457862, 1);
INSERT INTO interacts VALUES(362413558321, 1, 'Avoidless', 2043, 1460338, 1);
INSERT INTO interacts VALUES(362413558321, 1, 'Jinjiao', 3156, 1461272, 1);
INSERT INTO interacts VALUES(362413558321, 1, 'Athena', 3812, 1474344, 1);
INSERT INTO interacts VALUES(362413558321, 1, 'Karsa', 3143, 1495408, 1);
INSERT INTO interacts VALUES(362413558321, 1, 'NL', 3086, 1495866, 1);
INSERT INTO interacts VALUES(362413558321, 1, 'SwordArt', 3028, 1495866, 1);
INSERT INTO interacts VALUES(362413558321, 1, 'NL', 2015, 1496192, 1);
INSERT INTO interacts VALUES(362413558321, 1, 'SwordArt', 2043, 1496388, 1);
INSERT INTO interacts VALUES(362413558321, 1, 'SwordArt', 2043, 1496549, 1);
INSERT INTO interacts VALUES(362413558321, 1, 'Karsa', 2043, 1496776, 1);
INSERT INTO interacts VALUES(362413558321, 1, 'SwordArt', 3364, 1496873, 1);
INSERT INTO interacts VALUES(362413558321, 1, 'Karsa', 2003, 1496967, 1);
INSERT INTO interacts VALUES(362413558321, 1, 'Karsa', 2003, 1497098, 1);
INSERT INTO interacts VALUES(362413558321, 1, 'SwordArt', 2010, 1497782, 1);
INSERT INTO interacts VALUES(362413558321, 1, 'Road', 3105, 1538375, 1);
INSERT INTO interacts VALUES(362413558321, 1, 'Road', 2043, 1539918, 1);
INSERT INTO interacts VALUES(362413558321, 1, 'Road', 1028, 1540352, 1);
INSERT INTO interacts VALUES(362413558321, 1, 'Road', 2043, 1542273, 1);
INSERT INTO interacts VALUES(362413558321, 1, 'Athena', 2043, 1552656, 1);
INSERT INTO interacts VALUES(362413558321, 1, 'AmazingJ', 3065, 1581996, 1);
INSERT INTO interacts VALUES(362413558321, 1, 'Maple', 3089, 1590559, 1);
INSERT INTO interacts VALUES(362413558321, 1, 'Maple', 2043, 1591752, 1);
INSERT INTO interacts VALUES(362413558321, 1, 'MMD', 1031, 1592413, 1);
INSERT INTO interacts VALUES(362413558321, 1, 'NL', 3094, 1593388, 1);
INSERT INTO interacts VALUES(362413558321, 1, 'NL', 2043, 1594650, 1);
INSERT INTO interacts VALUES(362413558321, 1, 'MMD', 1055, 1594942, 0);
INSERT INTO interacts VALUES(362413558321, 1, 'Road', 2043, 1595645, 1);
INSERT INTO interacts VALUES(362413558321, 1, 'Road', 2043, 1595820, 1);
INSERT INTO interacts VALUES(362413558321, 1, 'MMD', 2043, 1596048, 1);
INSERT INTO interacts VALUES(362413558321, 1, 'Avoidless', 1031, 1601110, 1);
INSERT INTO interacts VALUES(362413558321, 1, 'SwordArt', 2043, 1602802, 1);
INSERT INTO interacts VALUES(362413558321, 1, 'SwordArt', 2043, 1602962, 1);
INSERT INTO interacts VALUES(362413558321, 1, 'Avoidless', 1028, 1603511, 1);
INSERT INTO interacts VALUES(362413558321, 1, 'SwordArt', 2010, 1603804, 1);
INSERT INTO interacts VALUES(362413558321, 1, 'Avoidless', 1029, 1604520, 1);
INSERT INTO interacts VALUES(362413558321, 1, 'Avoidless', 2031, 1605503, 0);
INSERT INTO interacts VALUES(362413558321, 1, 'Karsa', 2003, 1606384, 0);
INSERT INTO interacts VALUES(362413558321, 1, 'Karsa', 2003, 1606512, 0);
INSERT INTO interacts VALUES(362413558321, 1, 'Avoidless', 2043, 1607321, 1);
INSERT INTO interacts VALUES(362413558321, 1, 'Karsa', 1028, 1607647, 1);
INSERT INTO interacts VALUES(362413558321, 1, 'Karsa', 2043, 1608075, 1);
INSERT INTO interacts VALUES(362413558321, 1, 'Karsa', 2043, 1608236, 1);
INSERT INTO interacts VALUES(362413558321, 1, 'Jinjiao', 1036, 1616041, 1);
INSERT INTO interacts VALUES(362413558321, 1, 'Jinjiao', 1036, 1616219, 1);
INSERT INTO interacts VALUES(362413558321, 1, 'Athena', 3004, 1735970, 1);
INSERT INTO interacts VALUES(362413558321, 1, 'Athena', 2043, 1737897, 1);
INSERT INTO interacts VALUES(362413558321, 1, 'Athena', 2043, 1738058, 1);
INSERT INTO interacts VALUES(362413558321, 1, 'Road', 3190, 1741112, 1);
INSERT INTO interacts VALUES(362413558321, 1, 'Road', 2043, 1742188, 1);
INSERT INTO interacts VALUES(362413558321, 1, 'Road', 2043, 1742319, 1);
INSERT INTO interacts VALUES(362413558321, 1, 'Road', 1028, 1838751, 1);
INSERT INTO interacts VALUES(362413558321, 1, 'Karsa', 1031, 1841312, 1);
INSERT INTO interacts VALUES(362413558321, 1, 'NL', 1038, 1841925, 1);
INSERT INTO interacts VALUES(362413558321, 1, 'SwordArt', 3222, 1851145, 1);
INSERT INTO interacts VALUES(362413558321, 1, 'SwordArt', 2043, 1852091, 1);
INSERT INTO interacts VALUES(362413558321, 1, 'SwordArt', 2043, 1852221, 1);
INSERT INTO interacts VALUES(362413558321, 1, 'Avoidless', 3082, 1859582, 1);
INSERT INTO interacts VALUES(362413558321, 1, 'Avoidless', 1011, 1860023, 1);
INSERT INTO interacts VALUES(362413558321, 1, 'Avoidless', 2043, 1861444, 1);
INSERT INTO interacts VALUES(362413558321, 1, 'Avoidless', 2043, 1861674, 1);
INSERT INTO interacts VALUES(362413558321, 1, 'Jinjiao', 3134, 1867149, 1);
INSERT INTO interacts VALUES(362413558321, 1, 'Jinjiao', 1038, 1867801, 1);
INSERT INTO interacts VALUES(362413558321, 1, 'MMD', 3026, 1872152, 1);
INSERT INTO interacts VALUES(362413558321, 1, 'MMD', 2043, 1873352, 1);
INSERT INTO interacts VALUES(362413558321, 1, 'AmazingJ', 3068, 1876112, 1);
INSERT INTO interacts VALUES(362413558321, 1, 'Maple', 3157, 1876398, 1);
INSERT INTO interacts VALUES(362413558321, 1, 'Maple', 2043, 1877242, 1);
INSERT INTO interacts VALUES(362413558321, 1, 'Athena', 3123, 1886808, 1);
INSERT INTO interacts VALUES(362413558321, 1, 'Road', 3067, 1937140, 1);
INSERT INTO interacts VALUES(362413558321, 1, 'Road', 2043, 1938374, 1);
INSERT INTO interacts VALUES(362413558321, 1, 'Road', 2043, 1938533, 1);
INSERT INTO interacts VALUES(362413558321, 1, 'Karsa', 1011, 1995770, 1);
INSERT INTO interacts VALUES(362413558321, 1, 'SwordArt', 1028, 2002686, 1);
INSERT INTO interacts VALUES(362413558321, 1, 'SwordArt', 2043, 2003272, 1);
INSERT INTO interacts VALUES(362413558321, 1, 'SwordArt', 2010, 2004361, 1);
INSERT INTO interacts VALUES(362413558321, 1, 'SwordArt', 2010, 2004556, 1);
INSERT INTO interacts VALUES(362413558321, 1, 'SwordArt', 2010, 2004687, 1);
INSERT INTO interacts VALUES(362413558321, 1, 'SwordArt', 2010, 2004814, 1);
INSERT INTO interacts VALUES(362413558321, 1, 'Jinjiao', 3147, 2010805, 1);
INSERT INTO interacts VALUES(362413558321, 1, 'Jinjiao', 2043, 2011680, 1);
INSERT INTO interacts VALUES(362413558321, 1, 'Avoidless', 2043, 2012493, 1);
INSERT INTO interacts VALUES(362413558321, 1, 'Avoidless', 2043, 2012787, 1);
INSERT INTO interacts VALUES(362413558321, 1, 'MMD', 3082, 2031299, 1);
INSERT INTO interacts VALUES(362413558321, 1, 'MMD', 1011, 2031528, 1);
INSERT INTO interacts VALUES(362413558321, 1, 'Athena', 2033, 2040586, 0);
INSERT INTO interacts VALUES(362413558321, 1, 'Athena', 3035, 2041277, 1);
INSERT INTO interacts VALUES(362413558321, 1, 'Maple', 3211, 2047535, 1);
INSERT INTO interacts VALUES(362413558321, 1, 'Maple', 1054, 2048282, 0);
INSERT INTO interacts VALUES(362413558321, 1, 'Maple', 2043, 2050699, 1);
INSERT INTO interacts VALUES(362413558321, 1, 'Road', 2043, 2068938, 1);
INSERT INTO interacts VALUES(362413558321, 1, 'Road', 2043, 2069058, 1);
INSERT INTO interacts VALUES(362413558321, 1, 'NL', 3031, 2073945, 1);
INSERT INTO interacts VALUES(362413558321, 1, 'SwordArt', 3067, 2111559, 1);
INSERT INTO interacts VALUES(362413558321, 1, 'SwordArt', 2043, 2111953, 1);
INSERT INTO interacts VALUES(362413558321, 1, 'Road', 3097, 2135182, 1);
INSERT INTO interacts VALUES(362413558321, 1, 'Road', 2043, 2136142, 1);
INSERT INTO interacts VALUES(362413558321, 1, 'Avoidless', 3143, 2145304, 1);
INSERT INTO interacts VALUES(362413558321, 1, 'Avoidless', 1057, 2149233, 1);
INSERT INTO interacts VALUES(362413558321, 1, 'Karsa', 3742, 2154812, 1);
INSERT INTO interacts VALUES(362413558321, 1, 'MMD', 3143, 2166639, 1);
INSERT INTO interacts VALUES(362413558321, 1, 'Athena', 3033, 2188563, 1);
INSERT INTO interacts VALUES(362413558321, 1, 'Athena', 2043, 2190501, 1);
INSERT INTO interacts VALUES(362413558321, 1, 'Athena', 2043, 2190599, 1);
INSERT INTO interacts VALUES(362413558321, 1, 'AmazingJ', 2033, 2220046, 0);
INSERT INTO interacts VALUES(362413558321, 1, 'Road', 3401, 2235547, 1);
INSERT INTO interacts VALUES(362413558321, 1, 'Road', 2043, 2261536, 1);
INSERT INTO interacts VALUES(362413558321, 1, 'Road', 2010, 2261847, 1);
INSERT INTO interacts VALUES(362413558321, 1, 'MMD', 2043, 2268591, 1);
INSERT INTO interacts VALUES(362413558321, 1, 'NL', 1055, 2270535, 0);
INSERT INTO interacts VALUES(362413558321, 1, 'AmazingJ', 3026, 2271217, 1);
INSERT INTO interacts VALUES(362413558321, 1, 'SwordArt', 3801, 2272619, 1);
INSERT INTO interacts VALUES(362413558321, 1, 'Jinjiao', 3086, 2273239, 1);
INSERT INTO interacts VALUES(362413558321, 1, 'NL', 1053, 2274421, 1);
INSERT INTO interacts VALUES(362413558321, 1, 'Karsa', 2138, 2274714, 1);
INSERT INTO interacts VALUES(362413558321, 1, 'Karsa', 2003, 2276445, 1);
INSERT INTO interacts VALUES(362413558321, 1, 'SwordArt', 2043, 2276808, 1);
INSERT INTO interacts VALUES(362413558321, 1, 'Avoidless', 2043, 2280044, 1);
INSERT INTO interacts VALUES(362413558321, 1, 'Maple', 3065, 2281395, 1);
INSERT INTO interacts VALUES(362413558321, 1, 'SwordArt', 2043, 2344826, 1);
INSERT INTO interacts VALUES(362413558321, 1, 'Karsa', 2043, 2373965, 1);
INSERT INTO interacts VALUES(362413558321, 1, 'Karsa', 2043, 2374126, 1);
INSERT INTO interacts VALUES(362413558321, 1, 'Road', 1029, 2383460, 1);
INSERT INTO interacts VALUES(362413558321, 1, 'Maple', 2043, 2396587, 1);
INSERT INTO interacts VALUES(362413558321, 1, 'Jinjiao', 3094, 2397177, 1);
INSERT INTO interacts VALUES(362413558321, 1, 'AmazingJ', 1082, 2398246, 0);
INSERT INTO interacts VALUES(362413558321, 1, 'AmazingJ', 1011, 2401782, 1);
INSERT INTO interacts VALUES(362413558321, 1, 'Athena', 1038, 2410047, 1);
INSERT INTO interacts VALUES(362413558321, 1, 'Athena', 2140, 2411378, 1);
INSERT INTO interacts VALUES(362413558321, 1, 'Karsa', 2138, 2415230, 1);
INSERT INTO interacts VALUES(362413558321, 1, 'MMD', 1011, 2417398, 1);
INSERT INTO interacts VALUES(362413558321, 1, 'Avoidless', 3026, 2417498, 1);
INSERT INTO interacts VALUES(362413558321, 1, 'Avoidless', 2043, 2418544, 1);
INSERT INTO interacts VALUES(362413558321, 1, 'Road', 3024, 2427861, 1);
INSERT INTO interacts VALUES(362413558321, 1, 'Road', 2043, 2429847, 1);
INSERT INTO interacts VALUES(362413558321, 1, 'Karsa', 2043, 2516297, 1);
INSERT INTO interacts VALUES(362413558321, 1, 'Karsa', 2043, 2516458, 1);
INSERT INTO interacts VALUES(362413558321, 1, 'Maple', 2139, 2519353, 1);
INSERT INTO interacts VALUES(362413558321, 1, 'SwordArt', 3190, 2522201, 1);
INSERT INTO interacts VALUES(362413558321, 1, 'AmazingJ', 3143, 2531723, 1);
INSERT INTO interacts VALUES(362413558321, 1, 'Jinjiao', 1055, 2603610, 0);
INSERT INTO interacts VALUES(362413558321, 1, 'Road', 2043, 2605258, 1);
INSERT INTO interacts VALUES(362413558321, 1, 'Jinjiao', 3035, 2606373, 1);
INSERT INTO interacts VALUES(362413558321, 1, 'Jinjiao', 2140, 2608117, 1);
INSERT INTO interacts VALUES(362413558321, 1, 'Road', 3050, 2610732, 1);
INSERT INTO interacts VALUES(362413558321, 1, 'Avoidless', 2043, 2611512, 1);
INSERT INTO interacts VALUES(362413558321, 1, 'Avoidless', 2043, 2612634, 1);
INSERT INTO interacts VALUES(362413558321, 1, 'Maple', 2043, 2614905, 1);
INSERT INTO interacts VALUES(362413558321, 1, 'Athena', 3072, 2616424, 1);
INSERT INTO interacts VALUES(362413558321, 1, 'AmazingJ', 2138, 2635619, 1);
INSERT INTO interacts VALUES(362413558321, 1, 'Athena', 2140, 2640737, 1);
INSERT INTO interacts VALUES(362413558321, 1, 'NL', 3139, 2641459, 1);
INSERT INTO interacts VALUES(362413558321, 1, 'NL', 3142, 2645515, 0);
INSERT INTO interacts VALUES(362413558321, 1, 'NL', 3046, 2649449, 1);
INSERT INTO interacts VALUES(362413558321, 1, 'SwordArt', 2043, 2652245, 1);
INSERT INTO interacts VALUES(362413558321, 1, 'SwordArt', 1029, 2653645, 1);
INSERT INTO interacts VALUES(362413558321, 1, 'Karsa', 2043, 2662109, 0);
INSERT INTO interacts VALUES(362413558321, 1, 'Karsa', 1057, 2663075, 1);
INSERT INTO interacts VALUES(362413558321, 1, 'Karsa', 2138, 2663856, 1);
INSERT INTO interacts VALUES(362413558321, 1, 'Maple', 1026, 2793099, 1);
INSERT INTO interacts VALUES(362413558321, 1, 'MMD', 2138, 2797431, 1);
INSERT INTO interacts VALUES(362413558321, 1, 'SwordArt', 1031, 2799751, 1);
INSERT INTO interacts VALUES(362413558321, 1, 'NL', 2140, 2821431, 1);
INSERT INTO interacts VALUES(362413558321, 1, 'SwordArt', 2043, 2824595, 1);
INSERT INTO series VALUES(856609847700, 1);
INSERT INTO organizes VALUES('world_championship_2016', 856609847700, 'group_d - TSM-vs-SSG');
INSERT INTO competes VALUES(856609847700, 'TSM', 1);
INSERT INTO competes VALUES(856609847700, 'SSG', 0);
INSERT INTO matches VALUES(856609847700, 1, '2016-09-30');
INSERT INTO scores VALUES('TSM', 856609847700, 1, 2, 11, 0, 1, 4, 1);
INSERT INTO scores VALUES('SSG', 856609847700, 1, 0, 2, 0, 0, 0, 0);
INSERT INTO bans VALUES(856609847700, 1, 223, 1);
INSERT INTO bans VALUES(856609847700, 1, 126, 3);
INSERT INTO bans VALUES(856609847700, 1, 8, 5);
INSERT INTO bans VALUES(856609847700, 1, 76, 2);
INSERT INTO bans VALUES(856609847700, 1, 15, 4);
INSERT INTO bans VALUES(856609847700, 1, 69, 6);
INSERT INTO plays VALUES(856609847700, 1, 'Hauntzer', 85, 'top', 7, 0, 4, 18910, 18, 5, 310, 4, 2, 15789);
INSERT INTO plays VALUES(856609847700, 1, 'Svenskeren', 64, 'jungle', 2, 0, 10, 7425, 37, 14, 31, 79, 34, 13080);
INSERT INTO plays VALUES(856609847700, 1, 'Bjergsen', 134, 'mid', 5, 0, 9, 17724, 18, 6, 300, 14, 12, 15476);
INSERT INTO plays VALUES(856609847700, 1, 'Doublelift', 202, 'adc', 4, 0, 4, 12434, 13, 12, 303, 2, 5, 15070);
INSERT INTO plays VALUES(856609847700, 1, 'Biofrost', 201, 'support', 0, 1, 10, 3159, 41, 10, 38, 0, 0, 9540);
INSERT INTO plays VALUES(856609847700, 1, 'CuVee', 68, 'top', 0, 5, 1, 8675, 19, 6, 263, 9, 0, 10556);
INSERT INTO plays VALUES(856609847700, 1, 'Ambition', 60, 'jungle', 0, 3, 1, 9346, 26, 25, 52, 88, 4, 9813);
INSERT INTO plays VALUES(856609847700, 1, 'Crown', 110, 'mid', 0, 5, 0, 12467, 16, 6, 269, 12, 0, 10983);
INSERT INTO plays VALUES(856609847700, 1, 'Ruler', 81, 'adc', 1, 2, 0, 6870, 11, 8, 253, 17, 0, 11427);
INSERT INTO plays VALUES(856609847700, 1, 'Wraith', 12, 'support', 0, 3, 1, 1188, 56, 14, 26, 0, 0, 6643);
INSERT INTO interacts VALUES(856609847700, 1, 'Doublelift', 3340, 1337, 1);
INSERT INTO interacts VALUES(856609847700, 1, 'Biofrost', 3340, 1434, 1);
INSERT INTO interacts VALUES(856609847700, 1, 'Svenskeren', 3340, 1531, 1);
INSERT INTO interacts VALUES(856609847700, 1, 'Biofrost', 2010, 1628, 1);
INSERT INTO interacts VALUES(856609847700, 1, 'Hauntzer', 3340, 1661, 1);
INSERT INTO interacts VALUES(856609847700, 1, 'Biofrost', 2010, 1764, 1);
INSERT INTO interacts VALUES(856609847700, 1, 'Wraith', 3302, 1854, 1);
INSERT INTO interacts VALUES(856609847700, 1, 'Biofrost', 2010, 1888, 1);
INSERT INTO interacts VALUES(856609847700, 1, 'Hauntzer', 1055, 1920, 1);
INSERT INTO interacts VALUES(856609847700, 1, 'Svenskeren', 1041, 1984, 1);
INSERT INTO interacts VALUES(856609847700, 1, 'Doublelift', 1055, 2017, 1);
INSERT INTO interacts VALUES(856609847700, 1, 'Wraith', 2010, 2017, 1);
INSERT INTO interacts VALUES(856609847700, 1, 'Biofrost', 3302, 2050, 1);
INSERT INTO interacts VALUES(856609847700, 1, 'Bjergsen', 3340, 2114, 1);
INSERT INTO interacts VALUES(856609847700, 1, 'Svenskeren', 2031, 2148, 1);
INSERT INTO interacts VALUES(856609847700, 1, 'Wraith', 2010, 2148, 1);
INSERT INTO interacts VALUES(856609847700, 1, 'Doublelift', 2010, 2181, 1);
INSERT INTO interacts VALUES(856609847700, 1, 'Hauntzer', 2003, 2212, 1);
INSERT INTO interacts VALUES(856609847700, 1, 'Wraith', 2010, 2309, 1);
INSERT INTO interacts VALUES(856609847700, 1, 'CuVee', 1054, 2309, 1);
INSERT INTO interacts VALUES(856609847700, 1, 'Bjergsen', 2010, 2354, 1);
INSERT INTO interacts VALUES(856609847700, 1, 'Bjergsen', 2010, 2471, 1);
INSERT INTO interacts VALUES(856609847700, 1, 'Wraith', 3340, 2607, 1);
INSERT INTO interacts VALUES(856609847700, 1, 'Bjergsen', 1056, 2697, 1);
INSERT INTO interacts VALUES(856609847700, 1, 'Ambition', 1039, 2762, 1);
INSERT INTO interacts VALUES(856609847700, 1, 'Ruler', 1055, 2794, 1);
INSERT INTO interacts VALUES(856609847700, 1, 'CuVee', 3340, 2866, 1);
INSERT INTO interacts VALUES(856609847700, 1, 'CuVee', 2003, 3021, 1);
INSERT INTO interacts VALUES(856609847700, 1, 'Ruler', 2010, 3085, 1);
INSERT INTO interacts VALUES(856609847700, 1, 'Ambition', 2031, 3572, 1);
INSERT INTO interacts VALUES(856609847700, 1, 'Ruler', 3340, 3702, 1);
INSERT INTO interacts VALUES(856609847700, 1, 'Crown', 2033, 4061, 1);
INSERT INTO interacts VALUES(856609847700, 1, 'Crown', 3340, 4708, 1);
INSERT INTO interacts VALUES(856609847700, 1, 'Bjergsen', 1056, 217363, 1);
INSERT INTO interacts VALUES(856609847700, 1, 'Bjergsen', 2043, 217966, 1);
INSERT INTO interacts VALUES(856609847700, 1, 'Bjergsen', 2031, 218226, 1);
INSERT INTO interacts VALUES(856609847700, 1, 'Crown', 1036, 245177, 1);
INSERT INTO interacts VALUES(856609847700, 1, 'Crown', 1036, 245297, 1);
INSERT INTO interacts VALUES(856609847700, 1, 'CuVee', 1052, 269688, 1);
INSERT INTO interacts VALUES(856609847700, 1, 'CuVee', 1001, 270661, 1);
INSERT INTO interacts VALUES(856609847700, 1, 'CuVee', 2003, 270902, 1);
INSERT INTO interacts VALUES(856609847700, 1, 'Ambition', 3711, 276668, 1);
INSERT INTO interacts VALUES(856609847700, 1, 'CuVee', 2003, 277737, 1);
INSERT INTO interacts VALUES(856609847700, 1, 'Ambition', 2043, 277870, 1);
INSERT INTO interacts VALUES(856609847700, 1, 'Ambition', 3341, 279691, 1);
INSERT INTO interacts VALUES(856609847700, 1, 'Hauntzer', 3145, 286740, 1);
INSERT INTO interacts VALUES(856609847700, 1, 'Hauntzer', 2031, 287314, 1);
INSERT INTO interacts VALUES(856609847700, 1, 'Hauntzer', 2043, 289689, 1);
INSERT INTO interacts VALUES(856609847700, 1, 'Svenskeren', 3133, 297508, 1);
INSERT INTO interacts VALUES(856609847700, 1, 'Svenskeren', 1001, 297801, 1);
INSERT INTO interacts VALUES(856609847700, 1, 'Svenskeren', 2043, 302542, 1);
INSERT INTO interacts VALUES(856609847700, 1, 'Doublelift', 1083, 310791, 1);
INSERT INTO interacts VALUES(856609847700, 1, 'Doublelift', 1036, 311762, 1);
INSERT INTO interacts VALUES(856609847700, 1, 'Doublelift', 1036, 311858, 1);
INSERT INTO interacts VALUES(856609847700, 1, 'Doublelift', 2043, 312641, 1);
INSERT INTO interacts VALUES(856609847700, 1, 'Ruler', 3057, 337004, 1);
INSERT INTO interacts VALUES(856609847700, 1, 'Wraith', 1028, 338788, 1);
INSERT INTO interacts VALUES(856609847700, 1, 'Ruler', 1001, 339143, 1);
INSERT INTO interacts VALUES(856609847700, 1, 'Ruler', 2010, 339403, 1);
INSERT INTO interacts VALUES(856609847700, 1, 'Wraith', 2043, 340442, 1);
INSERT INTO interacts VALUES(856609847700, 1, 'Biofrost', 3341, 379269, 1);
INSERT INTO interacts VALUES(856609847700, 1, 'Biofrost', 2049, 381625, 1);
INSERT INTO interacts VALUES(856609847700, 1, 'Ambition', 1052, 392152, 1);
INSERT INTO interacts VALUES(856609847700, 1, 'Ambition', 2043, 393456, 1);
INSERT INTO interacts VALUES(856609847700, 1, 'Crown', 3070, 404917, 1);
INSERT INTO interacts VALUES(856609847700, 1, 'Bjergsen', 3802, 414113, 1);
INSERT INTO interacts VALUES(856609847700, 1, 'Bjergsen', 1001, 414792, 1);
INSERT INTO interacts VALUES(856609847700, 1, 'Bjergsen', 2043, 415054, 1);
INSERT INTO interacts VALUES(856609847700, 1, 'Wraith', 2049, 443725, 1);
INSERT INTO interacts VALUES(856609847700, 1, 'Wraith', 2043, 444901, 1);
INSERT INTO interacts VALUES(856609847700, 1, 'Wraith', 3341, 445358, 1);
INSERT INTO interacts VALUES(856609847700, 1, 'CuVee', 3111, 488536, 1);
INSERT INTO interacts VALUES(856609847700, 1, 'CuVee', 2043, 489578, 1);
INSERT INTO interacts VALUES(856609847700, 1, 'Hauntzer', 3020, 515505, 1);
INSERT INTO interacts VALUES(856609847700, 1, 'Hauntzer', 1033, 516608, 1);
INSERT INTO interacts VALUES(856609847700, 1, 'Ambition', 1052, 532404, 1);
INSERT INTO interacts VALUES(856609847700, 1, 'Ambition', 1001, 534323, 1);
INSERT INTO interacts VALUES(856609847700, 1, 'Crown', 1033, 539358, 1);
INSERT INTO interacts VALUES(856609847700, 1, 'Wraith', 1001, 578027, 1);
INSERT INTO interacts VALUES(856609847700, 1, 'Biofrost', 1001, 580136, 1);
INSERT INTO interacts VALUES(856609847700, 1, 'Biofrost', 2043, 580947, 1);
INSERT INTO interacts VALUES(856609847700, 1, 'Wraith', 2043, 581956, 1);
INSERT INTO interacts VALUES(856609847700, 1, 'Wraith', 2010, 582152, 1);
INSERT INTO interacts VALUES(856609847700, 1, 'Svenskeren', 1408, 589846, 1);
INSERT INTO interacts VALUES(856609847700, 1, 'Doublelift', 3134, 590818, 1);
INSERT INTO interacts VALUES(856609847700, 1, 'Svenskeren', 1028, 591504, 1);
INSERT INTO interacts VALUES(856609847700, 1, 'Doublelift', 1001, 593027, 1);
INSERT INTO interacts VALUES(856609847700, 1, 'Doublelift', 1036, 593550, 1);
INSERT INTO interacts VALUES(856609847700, 1, 'Doublelift', 1036, 593712, 1);
INSERT INTO interacts VALUES(856609847700, 1, 'Doublelift', 3009, 595920, 1);
INSERT INTO interacts VALUES(856609847700, 1, 'CuVee', 1028, 597606, 1);
INSERT INTO interacts VALUES(856609847700, 1, 'CuVee', 2043, 598354, 1);
INSERT INTO interacts VALUES(856609847700, 1, 'Bjergsen', 3165, 625538, 1);
INSERT INTO interacts VALUES(856609847700, 1, 'Ruler', 3070, 642819, 1);
INSERT INTO interacts VALUES(856609847700, 1, 'Ambition', 1410, 646192, 1);
INSERT INTO interacts VALUES(856609847700, 1, 'Ruler', 1037, 646609, 1);
INSERT INTO interacts VALUES(856609847700, 1, 'Crown', 3155, 660614, 1);
INSERT INTO interacts VALUES(856609847700, 1, 'Crown', 1001, 662495, 1);
INSERT INTO interacts VALUES(856609847700, 1, 'Ruler', 2010, 725406, 1);
INSERT INTO interacts VALUES(856609847700, 1, 'Crown', 2043, 726006, 1);
INSERT INTO interacts VALUES(856609847700, 1, 'Hauntzer', 1026, 731999, 1);
INSERT INTO interacts VALUES(856609847700, 1, 'Wraith', 2043, 732324, 1);
INSERT INTO interacts VALUES(856609847700, 1, 'Wraith', 2010, 732719, 1);
INSERT INTO interacts VALUES(856609847700, 1, 'Hauntzer', 3108, 735542, 1);
INSERT INTO interacts VALUES(856609847700, 1, 'Hauntzer', 1057, 735886, 1);
INSERT INTO interacts VALUES(856609847700, 1, 'CuVee', 3136, 753054, 1);
INSERT INTO interacts VALUES(856609847700, 1, 'CuVee', 2031, 753708, 1);
INSERT INTO interacts VALUES(856609847700, 1, 'Biofrost', 2045, 766470, 1);
INSERT INTO interacts VALUES(856609847700, 1, 'Svenskeren', 3111, 767596, 1);
INSERT INTO interacts VALUES(856609847700, 1, 'Svenskeren', 2043, 768738, 1);
INSERT INTO interacts VALUES(856609847700, 1, 'Biofrost', 3117, 769323, 1);
INSERT INTO interacts VALUES(856609847700, 1, 'Biofrost', 1028, 770464, 1);
INSERT INTO interacts VALUES(856609847700, 1, 'Biofrost', 2043, 771249, 1);
INSERT INTO interacts VALUES(856609847700, 1, 'Bjergsen', 1058, 773004, 1);
INSERT INTO interacts VALUES(856609847700, 1, 'Doublelift', 3142, 798021, 1);
INSERT INTO interacts VALUES(856609847700, 1, 'Doublelift', 2043, 800536, 1);
INSERT INTO interacts VALUES(856609847700, 1, 'Doublelift', 3363, 800962, 1);
INSERT INTO interacts VALUES(856609847700, 1, 'Wraith', 3117, 849704, 1);
INSERT INTO interacts VALUES(856609847700, 1, 'CuVee', 1026, 900988, 1);
INSERT INTO interacts VALUES(856609847700, 1, 'Hauntzer', 3001, 904252, 1);
INSERT INTO interacts VALUES(856609847700, 1, 'Svenskeren', 1011, 908872, 1);
INSERT INTO interacts VALUES(856609847700, 1, 'Svenskeren', 1029, 910559, 1);
INSERT INTO interacts VALUES(856609847700, 1, 'Ruler', 3004, 912764, 1);
INSERT INTO interacts VALUES(856609847700, 1, 'Ruler', 2043, 914131, 1);
INSERT INTO interacts VALUES(856609847700, 1, 'Ambition', 1028, 918616, 1);
INSERT INTO interacts VALUES(856609847700, 1, 'Ambition', 3211, 919269, 1);
INSERT INTO interacts VALUES(856609847700, 1, 'Ambition', 3364, 920992, 1);
INSERT INTO interacts VALUES(856609847700, 1, 'Biofrost', 2045, 922784, 1);
INSERT INTO interacts VALUES(856609847700, 1, 'Biofrost', 1028, 923177, 1);
INSERT INTO interacts VALUES(856609847700, 1, 'Biofrost', 2043, 924378, 1);
INSERT INTO interacts VALUES(856609847700, 1, 'Doublelift', 3155, 926711, 1);
INSERT INTO interacts VALUES(856609847700, 1, 'Doublelift', 2043, 928268, 1);
INSERT INTO interacts VALUES(856609847700, 1, 'Bjergsen', 3020, 930647, 1);
INSERT INTO interacts VALUES(856609847700, 1, 'Bjergsen', 2031, 931717, 0);
INSERT INTO interacts VALUES(856609847700, 1, 'Bjergsen', 1011, 933876, 1);
INSERT INTO interacts VALUES(856609847700, 1, 'Wraith', 2043, 937949, 1);
INSERT INTO interacts VALUES(856609847700, 1, 'Wraith', 2043, 938111, 1);
INSERT INTO interacts VALUES(856609847700, 1, 'Crown', 3156, 958534, 1);
INSERT INTO interacts VALUES(856609847700, 1, 'Crown', 3363, 959442, 1);
INSERT INTO interacts VALUES(856609847700, 1, 'Biofrost', 3067, 1055005, 1);
INSERT INTO interacts VALUES(856609847700, 1, 'Biofrost', 2043, 1056307, 1);
INSERT INTO interacts VALUES(856609847700, 1, 'CuVee', 3151, 1072131, 1);
INSERT INTO interacts VALUES(856609847700, 1, 'CuVee', 2043, 1072649, 1);
INSERT INTO interacts VALUES(856609847700, 1, 'Wraith', 1028, 1082597, 1);
INSERT INTO interacts VALUES(856609847700, 1, 'Ambition', 3111, 1100840, 1);
INSERT INTO interacts VALUES(856609847700, 1, 'Ambition', 2043, 1102387, 1);
INSERT INTO interacts VALUES(856609847700, 1, 'Ruler', 3158, 1112398, 1);
INSERT INTO interacts VALUES(856609847700, 1, 'Ruler', 1027, 1113993, 1);
INSERT INTO interacts VALUES(856609847700, 1, 'Ruler', 3363, 1115739, 1);
INSERT INTO interacts VALUES(856609847700, 1, 'Doublelift', 1083, 1132947, 0);
INSERT INTO interacts VALUES(856609847700, 1, 'Doublelift', 3134, 1134444, 1);
INSERT INTO interacts VALUES(856609847700, 1, 'Hauntzer', 3152, 1139804, 1);
INSERT INTO interacts VALUES(856609847700, 1, 'Hauntzer', 2043, 1141516, 1);
INSERT INTO interacts VALUES(856609847700, 1, 'Bjergsen', 3116, 1141888, 1);
INSERT INTO interacts VALUES(856609847700, 1, 'Crown', 1037, 1142097, 1);
INSERT INTO interacts VALUES(856609847700, 1, 'Bjergsen', 1052, 1142228, 1);
INSERT INTO interacts VALUES(856609847700, 1, 'Crown', 2043, 1143137, 1);
INSERT INTO interacts VALUES(856609847700, 1, 'Bjergsen', 2043, 1143884, 1);
INSERT INTO interacts VALUES(856609847700, 1, 'Biofrost', 1028, 1144982, 1);
INSERT INTO interacts VALUES(856609847700, 1, 'Biofrost', 2043, 1145992, 1);
INSERT INTO interacts VALUES(856609847700, 1, 'Wraith', 2045, 1148913, 1);
INSERT INTO interacts VALUES(856609847700, 1, 'Wraith', 2043, 1150250, 1);
INSERT INTO interacts VALUES(856609847700, 1, 'Wraith', 2010, 1150476, 1);
INSERT INTO interacts VALUES(856609847700, 1, 'Svenskeren', 3143, 1155517, 1);
INSERT INTO interacts VALUES(856609847700, 1, 'Svenskeren', 2043, 1156446, 1);
INSERT INTO interacts VALUES(856609847700, 1, 'Ruler', 3025, 1271077, 1);
INSERT INTO interacts VALUES(856609847700, 1, 'Crown', 3004, 1272766, 1);
INSERT INTO interacts VALUES(856609847700, 1, 'Wraith', 1028, 1275916, 1);
INSERT INTO interacts VALUES(856609847700, 1, 'CuVee', 3191, 1292459, 1);
INSERT INTO interacts VALUES(856609847700, 1, 'Doublelift', 3156, 1296503, 1);
INSERT INTO interacts VALUES(856609847700, 1, 'Doublelift', 1051, 1297087, 1);
INSERT INTO interacts VALUES(856609847700, 1, 'Biofrost', 3801, 1299994, 1);
INSERT INTO interacts VALUES(856609847700, 1, 'Biofrost', 2043, 1301206, 1);
INSERT INTO interacts VALUES(856609847700, 1, 'Svenskeren', 1033, 1305885, 1);
INSERT INTO interacts VALUES(856609847700, 1, 'Svenskeren', 1028, 1306141, 1);
INSERT INTO interacts VALUES(856609847700, 1, 'Svenskeren', 2031, 1307375, 0);
INSERT INTO interacts VALUES(856609847700, 1, 'Svenskeren', 2043, 1308089, 1);
INSERT INTO interacts VALUES(856609847700, 1, 'Bjergsen', 1026, 1311182, 1);
INSERT INTO interacts VALUES(856609847700, 1, 'Ambition', 3102, 1366375, 1);
INSERT INTO interacts VALUES(856609847700, 1, 'Ambition', 2043, 1367189, 1);
INSERT INTO interacts VALUES(856609847700, 1, 'Hauntzer', 3191, 1381120, 1);
INSERT INTO interacts VALUES(856609847700, 1, 'CuVee', 3108, 1404502, 1);
INSERT INTO interacts VALUES(856609847700, 1, 'Ruler', 1043, 1469423, 1);
INSERT INTO interacts VALUES(856609847700, 1, 'Wraith', 3801, 1474982, 1);
INSERT INTO interacts VALUES(856609847700, 1, 'Wraith', 2043, 1476416, 1);
INSERT INTO interacts VALUES(856609847700, 1, 'Wraith', 2043, 1476545, 1);
INSERT INTO interacts VALUES(856609847700, 1, 'Crown', 1037, 1487751, 1);
INSERT INTO interacts VALUES(856609847700, 1, 'Crown', 2043, 1489496, 1);
INSERT INTO interacts VALUES(856609847700, 1, 'Biofrost', 3190, 1519924, 1);
INSERT INTO interacts VALUES(856609847700, 1, 'Bjergsen', 3135, 1519959, 1);
INSERT INTO interacts VALUES(856609847700, 1, 'Biofrost', 2043, 1521001, 1);
INSERT INTO interacts VALUES(856609847700, 1, 'Biofrost', 2043, 1521136, 1);
INSERT INTO interacts VALUES(856609847700, 1, 'Hauntzer', 3157, 1521787, 1);
INSERT INTO interacts VALUES(856609847700, 1, 'Biofrost', 3364, 1522440, 1);
INSERT INTO interacts VALUES(856609847700, 1, 'Wraith', 3364, 1535327, 1);
INSERT INTO interacts VALUES(856609847700, 1, 'Svenskeren', 3211, 1538018, 1);
INSERT INTO interacts VALUES(856609847700, 1, 'Wraith', 2010, 1538231, 0);
INSERT INTO interacts VALUES(856609847700, 1, 'Wraith', 2010, 1538349, 0);
INSERT INTO interacts VALUES(856609847700, 1, 'Svenskeren', 1057, 1538444, 1);
INSERT INTO interacts VALUES(856609847700, 1, 'Svenskeren', 2043, 1539158, 1);
INSERT INTO interacts VALUES(856609847700, 1, 'Svenskeren', 2043, 1539288, 1);
INSERT INTO interacts VALUES(856609847700, 1, 'Wraith', 1033, 1539420, 1);
INSERT INTO interacts VALUES(856609847700, 1, 'Ruler', 2010, 1554347, 0);
INSERT INTO interacts VALUES(856609847700, 1, 'Doublelift', 3086, 1554672, 1);
INSERT INTO interacts VALUES(856609847700, 1, 'Doublelift', 2015, 1555134, 1);
INSERT INTO interacts VALUES(856609847700, 1, 'Ruler', 1037, 1555708, 1);
INSERT INTO interacts VALUES(856609847700, 1, 'CuVee', 3157, 1567838, 1);
INSERT INTO interacts VALUES(856609847700, 1, 'CuVee', 2043, 1568987, 1);
INSERT INTO interacts VALUES(856609847700, 1, 'Crown', 3035, 1701627, 1);
INSERT INTO interacts VALUES(856609847700, 1, 'CuVee', 1026, 1701854, 1);
INSERT INTO interacts VALUES(856609847700, 1, 'Crown', 3158, 1731438, 1);
INSERT INTO interacts VALUES(856609847700, 1, 'Crown', 1036, 1734831, 1);
INSERT INTO interacts VALUES(856609847700, 1, 'Ambition', 1011, 1741902, 1);
INSERT INTO interacts VALUES(856609847700, 1, 'Ambition', 1029, 1742584, 1);
INSERT INTO interacts VALUES(856609847700, 1, 'Ambition', 2031, 1744015, 0);
INSERT INTO interacts VALUES(856609847700, 1, 'Ambition', 2043, 1744710, 1);
INSERT INTO interacts VALUES(856609847700, 1, 'Biofrost', 3067, 1748817, 1);
INSERT INTO interacts VALUES(856609847700, 1, 'Wraith', 3105, 1764067, 1);
INSERT INTO interacts VALUES(856609847700, 1, 'Wraith', 1028, 1764294, 1);
INSERT INTO interacts VALUES(856609847700, 1, 'Svenskeren', 3102, 1766079, 1);
INSERT INTO interacts VALUES(856609847700, 1, 'Svenskeren', 1033, 1767613, 1);
INSERT INTO interacts VALUES(856609847700, 1, 'Svenskeren', 2043, 1768395, 1);
INSERT INTO interacts VALUES(856609847700, 1, 'Bjergsen', 1056, 1768395, 0);
INSERT INTO interacts VALUES(856609847700, 1, 'Bjergsen', 1058, 1769580, 1);
INSERT INTO interacts VALUES(856609847700, 1, 'Bjergsen', 1056, 1770515, 0);
INSERT INTO interacts VALUES(856609847700, 1, 'Bjergsen', 2043, 1771783, 1);
INSERT INTO interacts VALUES(856609847700, 1, 'Bjergsen', 3364, 1772075, 1);
INSERT INTO interacts VALUES(856609847700, 1, 'Svenskeren', 1029, 1772431, 1);
INSERT INTO interacts VALUES(856609847700, 1, 'Svenskeren', 2043, 1772952, 1);
INSERT INTO interacts VALUES(856609847700, 1, 'Hauntzer', 2031, 1797568, 0);
INSERT INTO interacts VALUES(856609847700, 1, 'Doublelift', 3094, 1799483, 1);
INSERT INTO interacts VALUES(856609847700, 1, 'Hauntzer', 1055, 1801104, 0);
INSERT INTO interacts VALUES(856609847700, 1, 'Hauntzer', 3135, 1801530, 1);
INSERT INTO interacts VALUES(856609847700, 1, 'Doublelift', 1038, 1803313, 1);
INSERT INTO interacts VALUES(856609847700, 1, 'Ambition', 3082, 1816259, 1);
INSERT INTO interacts VALUES(856609847700, 1, 'Wraith', 2043, 1825565, 1);
INSERT INTO interacts VALUES(856609847700, 1, 'Wraith', 2043, 1825696, 1);
INSERT INTO interacts VALUES(856609847700, 1, 'Ruler', 3036, 1854653, 1);
INSERT INTO interacts VALUES(856609847700, 1, 'Wraith', 3067, 1908541, 1);
INSERT INTO interacts VALUES(856609847700, 1, 'Biofrost', 3401, 1927986, 1);
INSERT INTO interacts VALUES(856609847700, 1, 'Hauntzer', 2031, 1927986, 0);
INSERT INTO interacts VALUES(856609847700, 1, 'Biofrost', 2043, 1928443, 1);
INSERT INTO interacts VALUES(856609847700, 1, 'Hauntzer', 1058, 1928539, 1);
INSERT INTO interacts VALUES(856609847700, 1, 'Biofrost', 2043, 1928932, 1);
INSERT INTO interacts VALUES(856609847700, 1, 'Svenskeren', 1057, 1930878, 1);
INSERT INTO interacts VALUES(856609847700, 1, 'Svenskeren', 1031, 1931223, 1);
INSERT INTO interacts VALUES(856609847700, 1, 'Bjergsen', 1026, 1940064, 1);
INSERT INTO interacts VALUES(856609847700, 1, 'Bjergsen', 2139, 1941056, 1);
INSERT INTO interacts VALUES(856609847700, 1, 'Ruler', 2140, 1947653, 1);
INSERT INTO interacts VALUES(856609847700, 1, 'Crown', 3036, 1960745, 1);
INSERT INTO interacts VALUES(856609847700, 1, 'Crown', 1036, 1963248, 1);
INSERT INTO interacts VALUES(856609847700, 1, 'Wraith', 3190, 1977655, 1);
INSERT INTO interacts VALUES(856609847700, 1, 'Wraith', 2010, 2005836, 1);
INSERT INTO interacts VALUES(856609847700, 1, 'Ambition', 3143, 2010819, 1);
INSERT INTO interacts VALUES(856609847700, 1, 'Ambition', 2043, 2012344, 1);
INSERT INTO series VALUES(252198067069, 1);
INSERT INTO organizes VALUES('world_championship_2016', 252198067069, 'group_d - RNG-vs-SPY');
INSERT INTO competes VALUES(252198067069, 'RNG', 1);
INSERT INTO competes VALUES(252198067069, 'SPY', 0);
INSERT INTO matches VALUES(252198067069, 1, '2016-09-30');
INSERT INTO scores VALUES('RNG', 252198067069, 1, 2, 10, 0, 0, 2, 1);
INSERT INTO scores VALUES('SPY', 252198067069, 1, 0, 0, 0, 0, 0, 0);
INSERT INTO bans VALUES(252198067069, 1, 38, 1);
INSERT INTO bans VALUES(252198067069, 1, 60, 3);
INSERT INTO bans VALUES(252198067069, 1, 202, 5);
INSERT INTO bans VALUES(252198067069, 1, 76, 2);
INSERT INTO bans VALUES(252198067069, 1, 421, 4);
INSERT INTO bans VALUES(252198067069, 1, 134, 6);
INSERT INTO plays VALUES(252198067069, 1, 'Looper', 85, 'top', 1, 1, 8, 11070, 12, 3, 196, 1, 3, 9945);
INSERT INTO plays VALUES(252198067069, 1, 'Mlxg', 64, 'jungle', 5, 0, 8, 8573, 20, 9, 22, 44, 24, 9832);
INSERT INTO plays VALUES(252198067069, 1, 'Xiaohu', 112, 'mid', 2, 1, 4, 14071, 16, 4, 224, 11, 5, 10802);
INSERT INTO plays VALUES(252198067069, 1, 'Uzi', 81, 'adc', 10, 0, 4, 22870, 11, 2, 243, 9, 12, 14767);
INSERT INTO plays VALUES(252198067069, 1, 'Mata', 267, 'support', 1, 1, 15, 5068, 28, 7, 7, 0, 1, 8022);
INSERT INTO plays VALUES(252198067069, 1, 'Wunder', 150, 'top', 2, 5, 1, 8461, 11, 1, 185, 0, 0, 7932);
INSERT INTO plays VALUES(252198067069, 1, 'Trashy', 2, 'jungle', 0, 5, 1, 4857, 21, 4, 31, 58, 1, 6494);
INSERT INTO plays VALUES(252198067069, 1, 'Sencux', 69, 'mid', 1, 2, 1, 6929, 9, 1, 198, 4, 0, 8059);
INSERT INTO plays VALUES(252198067069, 1, 'Kobbe', 15, 'adc', 0, 2, 0, 4810, 8, 4, 188, 5, 0, 7461);
INSERT INTO plays VALUES(252198067069, 1, 'Mikyx', 43, 'support', 0, 5, 1, 7545, 23, 8, 14, 0, 0, 5368);
INSERT INTO interacts VALUES(252198067069, 1, 'Mata', 3303, 1443, 1);
INSERT INTO interacts VALUES(252198067069, 1, 'Mata', 2010, 1766, 1);
INSERT INTO interacts VALUES(252198067069, 1, 'Mata', 2010, 1895, 1);
INSERT INTO interacts VALUES(252198067069, 1, 'Mata', 2010, 2025, 1);
INSERT INTO interacts VALUES(252198067069, 1, 'Mata', 3340, 2283, 1);
INSERT INTO interacts VALUES(252198067069, 1, 'Kobbe', 1055, 2702, 1);
INSERT INTO interacts VALUES(252198067069, 1, 'Uzi', 2010, 2702, 1);
INSERT INTO interacts VALUES(252198067069, 1, 'Trashy', 1039, 2766, 1);
INSERT INTO interacts VALUES(252198067069, 1, 'Sencux', 1056, 2799, 1);
INSERT INTO interacts VALUES(252198067069, 1, 'Uzi', 1055, 2929, 1);
INSERT INTO interacts VALUES(252198067069, 1, 'Mlxg', 1041, 2962, 1);
INSERT INTO interacts VALUES(252198067069, 1, 'Uzi', 3340, 3130, 1);
INSERT INTO interacts VALUES(252198067069, 1, 'Mikyx', 3303, 3157, 1);
INSERT INTO interacts VALUES(252198067069, 1, 'Kobbe', 2010, 3157, 1);
INSERT INTO interacts VALUES(252198067069, 1, 'Mlxg', 2031, 3253, 1);
INSERT INTO interacts VALUES(252198067069, 1, 'Sencux', 2010, 3351, 1);
INSERT INTO interacts VALUES(252198067069, 1, 'Mikyx', 2010, 3389, 1);
INSERT INTO interacts VALUES(252198067069, 1, 'Kobbe', 3340, 3415, 1);
INSERT INTO interacts VALUES(252198067069, 1, 'Mikyx', 2010, 3547, 1);
INSERT INTO interacts VALUES(252198067069, 1, 'Mlxg', 3340, 3675, 1);
INSERT INTO interacts VALUES(252198067069, 1, 'Mikyx', 2010, 3675, 1);
INSERT INTO interacts VALUES(252198067069, 1, 'Sencux', 3340, 3739, 1);
INSERT INTO interacts VALUES(252198067069, 1, 'Mikyx', 3340, 4223, 1);
INSERT INTO interacts VALUES(252198067069, 1, 'Trashy', 2031, 4516, 1);
INSERT INTO interacts VALUES(252198067069, 1, 'Sencux', 2010, 4806, 1);
INSERT INTO interacts VALUES(252198067069, 1, 'Trashy', 3340, 4942, 1);
INSERT INTO interacts VALUES(252198067069, 1, 'Xiaohu', 1056, 5463, 1);
INSERT INTO interacts VALUES(252198067069, 1, 'Wunder', 1054, 5811, 1);
INSERT INTO interacts VALUES(252198067069, 1, 'Xiaohu', 2010, 5909, 1);
INSERT INTO interacts VALUES(252198067069, 1, 'Xiaohu', 2010, 6201, 1);
INSERT INTO interacts VALUES(252198067069, 1, 'Wunder', 2003, 6557, 1);
INSERT INTO interacts VALUES(252198067069, 1, 'Xiaohu', 3340, 6591, 1);
INSERT INTO interacts VALUES(252198067069, 1, 'Wunder', 3340, 6848, 1);
INSERT INTO interacts VALUES(252198067069, 1, 'Looper', 1055, 7140, 1);
INSERT INTO interacts VALUES(252198067069, 1, 'Looper', 2003, 7757, 1);
INSERT INTO interacts VALUES(252198067069, 1, 'Looper', 3340, 8056, 1);
INSERT INTO interacts VALUES(252198067069, 1, 'Sencux', 3070, 295313, 1);
INSERT INTO interacts VALUES(252198067069, 1, 'Mikyx', 1028, 302681, 1);
INSERT INTO interacts VALUES(252198067069, 1, 'Mikyx', 2043, 303393, 1);
INSERT INTO interacts VALUES(252198067069, 1, 'Mikyx', 2010, 303684, 1);
INSERT INTO interacts VALUES(252198067069, 1, 'Xiaohu', 1056, 305836, 1);
INSERT INTO interacts VALUES(252198067069, 1, 'Xiaohu', 1001, 306768, 1);
INSERT INTO interacts VALUES(252198067069, 1, 'Xiaohu', 2043, 308780, 1);
INSERT INTO interacts VALUES(252198067069, 1, 'Xiaohu', 2031, 309690, 1);
INSERT INTO interacts VALUES(252198067069, 1, 'Mikyx', 2010, 310176, 1);
INSERT INTO interacts VALUES(252198067069, 1, 'Kobbe', 1036, 324234, 1);
INSERT INTO interacts VALUES(252198067069, 1, 'Kobbe', 1036, 324299, 1);
INSERT INTO interacts VALUES(252198067069, 1, 'Kobbe', 2010, 325143, 1);
INSERT INTO interacts VALUES(252198067069, 1, 'Kobbe', 2010, 325332, 1);
INSERT INTO interacts VALUES(252198067069, 1, 'Wunder', 1028, 325857, 1);
INSERT INTO interacts VALUES(252198067069, 1, 'Mata', 2049, 326310, 1);
INSERT INTO interacts VALUES(252198067069, 1, 'Wunder', 1036, 326310, 1);
INSERT INTO interacts VALUES(252198067069, 1, 'Wunder', 2003, 327735, 1);
INSERT INTO interacts VALUES(252198067069, 1, 'Wunder', 2003, 327905, 1);
INSERT INTO interacts VALUES(252198067069, 1, 'Wunder', 2043, 328126, 1);
INSERT INTO interacts VALUES(252198067069, 1, 'Trashy', 3158, 328689, 1);
INSERT INTO interacts VALUES(252198067069, 1, 'Uzi', 3070, 328839, 1);
INSERT INTO interacts VALUES(252198067069, 1, 'Mlxg', 1036, 329427, 1);
INSERT INTO interacts VALUES(252198067069, 1, 'Mata', 2010, 330046, 1);
INSERT INTO interacts VALUES(252198067069, 1, 'Mlxg', 3711, 330141, 1);
INSERT INTO interacts VALUES(252198067069, 1, 'Trashy', 2032, 330176, 1);
INSERT INTO interacts VALUES(252198067069, 1, 'Mata', 3341, 331412, 1);
INSERT INTO interacts VALUES(252198067069, 1, 'Uzi', 1036, 331672, 1);
INSERT INTO interacts VALUES(252198067069, 1, 'Uzi', 1083, 333857, 1);
INSERT INTO interacts VALUES(252198067069, 1, 'Sencux', 2043, 361294, 1);
INSERT INTO interacts VALUES(252198067069, 1, 'Sencux', 2010, 361523, 1);
INSERT INTO interacts VALUES(252198067069, 1, 'Sencux', 2010, 361653, 1);
INSERT INTO interacts VALUES(252198067069, 1, 'Looper', 1055, 399793, 1);
INSERT INTO interacts VALUES(252198067069, 1, 'Looper', 3145, 401571, 1);
INSERT INTO interacts VALUES(252198067069, 1, 'Mikyx', 2049, 533141, 1);
INSERT INTO interacts VALUES(252198067069, 1, 'Mikyx', 3341, 534813, 1);
INSERT INTO interacts VALUES(252198067069, 1, 'Mikyx', 2010, 535141, 1);
INSERT INTO interacts VALUES(252198067069, 1, 'Mikyx', 2043, 535369, 1);
INSERT INTO interacts VALUES(252198067069, 1, 'Trashy', 1028, 536180, 1);
INSERT INTO interacts VALUES(252198067069, 1, 'Xiaohu', 3196, 541704, 1);
INSERT INTO interacts VALUES(252198067069, 1, 'Wunder', 3052, 542119, 1);
INSERT INTO interacts VALUES(252198067069, 1, 'Mata', 1001, 545297, 1);
INSERT INTO interacts VALUES(252198067069, 1, 'Xiaohu', 2043, 545780, 1);
INSERT INTO interacts VALUES(252198067069, 1, 'Mata', 2043, 546334, 1);
INSERT INTO interacts VALUES(252198067069, 1, 'Mata', 2043, 546563, 1);
INSERT INTO interacts VALUES(252198067069, 1, 'Mata', 2031, 547210, 1);
INSERT INTO interacts VALUES(252198067069, 1, 'Mata', 2010, 549932, 1);
INSERT INTO interacts VALUES(252198067069, 1, 'Mata', 2010, 550196, 1);
INSERT INTO interacts VALUES(252198067069, 1, 'Uzi', 3057, 551068, 1);
INSERT INTO interacts VALUES(252198067069, 1, 'Looper', 3067, 552960, 1);
INSERT INTO interacts VALUES(252198067069, 1, 'Looper', 2043, 554359, 1);
INSERT INTO interacts VALUES(252198067069, 1, 'Uzi', 1001, 555657, 1);
INSERT INTO interacts VALUES(252198067069, 1, 'Wunder', 1001, 556047, 1);
INSERT INTO interacts VALUES(252198067069, 1, 'Looper', 2031, 557116, 1);
INSERT INTO interacts VALUES(252198067069, 1, 'Wunder', 1033, 558194, 1);
INSERT INTO interacts VALUES(252198067069, 1, 'Wunder', 1028, 558616, 1);
INSERT INTO interacts VALUES(252198067069, 1, 'Sencux', 1057, 567342, 1);
INSERT INTO interacts VALUES(252198067069, 1, 'Sencux', 1052, 569617, 1);
INSERT INTO interacts VALUES(252198067069, 1, 'Sencux', 1027, 570717, 1);
INSERT INTO interacts VALUES(252198067069, 1, 'Sencux', 2010, 571239, 1);
INSERT INTO interacts VALUES(252198067069, 1, 'Mlxg', 1408, 575550, 1);
INSERT INTO interacts VALUES(252198067069, 1, 'Mlxg', 1001, 576758, 1);
INSERT INTO interacts VALUES(252198067069, 1, 'Kobbe', 1038, 584044, 1);
INSERT INTO interacts VALUES(252198067069, 1, 'Kobbe', 2010, 584401, 1);
INSERT INTO interacts VALUES(252198067069, 1, 'Kobbe', 2010, 584919, 1);
INSERT INTO interacts VALUES(252198067069, 1, 'Trashy', 3751, 642495, 1);
INSERT INTO interacts VALUES(252198067069, 1, 'Trashy', 2043, 643883, 1);
INSERT INTO interacts VALUES(252198067069, 1, 'Trashy', 1029, 701285, 1);
INSERT INTO interacts VALUES(252198067069, 1, 'Trashy', 1028, 704407, 1);
INSERT INTO interacts VALUES(252198067069, 1, 'Sencux', 3802, 750605, 1);
INSERT INTO interacts VALUES(252198067069, 1, 'Sencux', 3108, 752196, 1);
INSERT INTO interacts VALUES(252198067069, 1, 'Sencux', 2010, 752944, 1);
INSERT INTO interacts VALUES(252198067069, 1, 'Mikyx', 1001, 761437, 1);
INSERT INTO interacts VALUES(252198067069, 1, 'Mikyx', 3098, 763709, 1);
INSERT INTO interacts VALUES(252198067069, 1, 'Kobbe', 1001, 768085, 1);
INSERT INTO interacts VALUES(252198067069, 1, 'Kobbe', 3133, 768485, 1);
INSERT INTO interacts VALUES(252198067069, 1, 'Xiaohu', 3197, 770656, 1);
INSERT INTO interacts VALUES(252198067069, 1, 'Xiaohu', 3158, 775300, 1);
INSERT INTO interacts VALUES(252198067069, 1, 'Mikyx', 2010, 781753, 1);
INSERT INTO interacts VALUES(252198067069, 1, 'Mlxg', 3047, 782724, 1);
INSERT INTO interacts VALUES(252198067069, 1, 'Mata', 3117, 782823, 1);
INSERT INTO interacts VALUES(252198067069, 1, 'Mlxg', 1028, 783896, 1);
INSERT INTO interacts VALUES(252198067069, 1, 'Mata', 1028, 784739, 1);
INSERT INTO interacts VALUES(252198067069, 1, 'Mlxg', 2043, 784739, 1);
INSERT INTO interacts VALUES(252198067069, 1, 'Mlxg', 3341, 785105, 1);
INSERT INTO interacts VALUES(252198067069, 1, 'Mata', 2043, 787568, 1);
INSERT INTO interacts VALUES(252198067069, 1, 'Mata', 2043, 787711, 1);
INSERT INTO interacts VALUES(252198067069, 1, 'Uzi', 3004, 806055, 1);
INSERT INTO interacts VALUES(252198067069, 1, 'Uzi', 3044, 810107, 1);
INSERT INTO interacts VALUES(252198067069, 1, 'Wunder', 3022, 822435, 1);
INSERT INTO interacts VALUES(252198067069, 1, 'Wunder', 2043, 824443, 1);
INSERT INTO interacts VALUES(252198067069, 1, 'Trashy', 2049, 829641, 1);
INSERT INTO interacts VALUES(252198067069, 1, 'Trashy', 3341, 831134, 1);
INSERT INTO interacts VALUES(252198067069, 1, 'Looper', 3152, 854366, 1);
INSERT INTO interacts VALUES(252198067069, 1, 'Looper', 3020, 861442, 1);
INSERT INTO interacts VALUES(252198067069, 1, 'Sencux', 1052, 880686, 1);
INSERT INTO interacts VALUES(252198067069, 1, 'Looper', 1052, 949461, 1);
INSERT INTO interacts VALUES(252198067069, 1, 'Mikyx', 3117, 970487, 1);
INSERT INTO interacts VALUES(252198067069, 1, 'Kobbe', 3363, 994887, 1);
INSERT INTO interacts VALUES(252198067069, 1, 'Kobbe', 3508, 995345, 1);
INSERT INTO interacts VALUES(252198067069, 1, 'Wunder', 3111, 1001516, 1);
INSERT INTO interacts VALUES(252198067069, 1, 'Trashy', 3706, 1002135, 1);
INSERT INTO interacts VALUES(252198067069, 1, 'Wunder', 1028, 1003080, 1);
INSERT INTO interacts VALUES(252198067069, 1, 'Trashy', 3340, 1003665, 1);
INSERT INTO interacts VALUES(252198067069, 1, 'Trashy', 3364, 1004607, 1);
INSERT INTO interacts VALUES(252198067069, 1, 'Wunder', 2003, 1005552, 1);
INSERT INTO interacts VALUES(252198067069, 1, 'Mlxg', 3211, 1015915, 1);
INSERT INTO interacts VALUES(252198067069, 1, 'Looper', 2031, 1018644, 0);
INSERT INTO interacts VALUES(252198067069, 1, 'Mata', 2045, 1018741, 1);
INSERT INTO interacts VALUES(252198067069, 1, 'Uzi', 3078, 1019685, 1);
INSERT INTO interacts VALUES(252198067069, 1, 'Mata', 1033, 1020007, 1);
INSERT INTO interacts VALUES(252198067069, 1, 'Looper', 2043, 1020233, 1);
INSERT INTO interacts VALUES(252198067069, 1, 'Uzi', 3158, 1020267, 1);
INSERT INTO interacts VALUES(252198067069, 1, 'Mata', 2043, 1021014, 1);
INSERT INTO interacts VALUES(252198067069, 1, 'Mata', 2043, 1021144, 1);
INSERT INTO interacts VALUES(252198067069, 1, 'Uzi', 3363, 1021471, 1);
INSERT INTO interacts VALUES(252198067069, 1, 'Mlxg', 1031, 1021709, 1);
INSERT INTO interacts VALUES(252198067069, 1, 'Uzi', 2043, 1021861, 1);
INSERT INTO interacts VALUES(252198067069, 1, 'Mlxg', 3364, 1022575, 1);
INSERT INTO interacts VALUES(252198067069, 1, 'Mlxg', 2043, 1022769, 1);
INSERT INTO interacts VALUES(252198067069, 1, 'Sencux', 3165, 1070975, 1);
INSERT INTO interacts VALUES(252198067069, 1, 'Sencux', 1028, 1073170, 1);
INSERT INTO interacts VALUES(252198067069, 1, 'Trashy', 1401, 1084425, 1);
INSERT INTO interacts VALUES(252198067069, 1, 'Kobbe', 3006, 1108734, 1);
INSERT INTO interacts VALUES(252198067069, 1, 'Sencux', 1052, 1126338, 1);
INSERT INTO interacts VALUES(252198067069, 1, 'Mikyx', 2301, 1145899, 1);
INSERT INTO interacts VALUES(252198067069, 1, 'Mikyx', 2043, 1146288, 1);
INSERT INTO interacts VALUES(252198067069, 1, 'Mikyx', 2010, 1146516, 1);
INSERT INTO interacts VALUES(252198067069, 1, 'Mata', 3801, 1149406, 1);
INSERT INTO interacts VALUES(252198067069, 1, 'Uzi', 1038, 1149989, 1);
INSERT INTO interacts VALUES(252198067069, 1, 'Mata', 2043, 1150187, 1);
INSERT INTO interacts VALUES(252198067069, 1, 'Mata', 3364, 1152270, 1);
INSERT INTO interacts VALUES(252198067069, 1, 'Mata', 2043, 1153217, 1);
INSERT INTO interacts VALUES(252198067069, 1, 'Wunder', 1036, 1158829, 1);
INSERT INTO interacts VALUES(252198067069, 1, 'Wunder', 1036, 1158962, 1);
INSERT INTO interacts VALUES(252198067069, 1, 'Mlxg', 2031, 1165359, 0);
INSERT INTO interacts VALUES(252198067069, 1, 'Mlxg', 1011, 1166918, 1);
INSERT INTO interacts VALUES(252198067069, 1, 'Trashy', 1033, 1185772, 1);
INSERT INTO interacts VALUES(252198067069, 1, 'Trashy', 2043, 1186871, 1);
INSERT INTO interacts VALUES(252198067069, 1, 'Xiaohu', 1056, 1194610, 0);
INSERT INTO interacts VALUES(252198067069, 1, 'Xiaohu', 3116, 1195622, 1);
INSERT INTO interacts VALUES(252198067069, 1, 'Looper', 3191, 1196665, 1);
INSERT INTO interacts VALUES(252198067069, 1, 'Xiaohu', 2043, 1197083, 1);
INSERT INTO interacts VALUES(252198067069, 1, 'Looper', 3108, 1197164, 1);
INSERT INTO interacts VALUES(252198067069, 1, 'Wunder', 3044, 1224516, 1);
INSERT INTO interacts VALUES(252198067069, 1, 'Sencux', 1011, 1252507, 1);
INSERT INTO interacts VALUES(252198067069, 1, 'Mikyx', 3801, 1289161, 1);
INSERT INTO interacts VALUES(252198067069, 1, 'Mikyx', 3364, 1289744, 1);
INSERT INTO interacts VALUES(252198067069, 1, 'Mikyx', 2043, 1299245, 1);
INSERT INTO interacts VALUES(252198067069, 1, 'Looper', 3157, 1320196, 1);
INSERT INTO interacts VALUES(252198067069, 1, 'Mata', 3114, 1338760, 1);
INSERT INTO interacts VALUES(252198067069, 1, 'Mata', 3028, 1339060, 1);
INSERT INTO interacts VALUES(252198067069, 1, 'Xiaohu', 3198, 1341884, 1);
INSERT INTO interacts VALUES(252198067069, 1, 'Xiaohu', 1026, 1343115, 1);
INSERT INTO interacts VALUES(252198067069, 1, 'Xiaohu', 2031, 1343928, 0);
INSERT INTO interacts VALUES(252198067069, 1, 'Xiaohu', 2043, 1344774, 1);
INSERT INTO interacts VALUES(252198067069, 1, 'Wunder', 3133, 1350252, 1);
INSERT INTO interacts VALUES(252198067069, 1, 'Kobbe', 3086, 1352325, 1);
INSERT INTO interacts VALUES(252198067069, 1, 'Mlxg', 3742, 1363817, 1);
INSERT INTO interacts VALUES(252198067069, 1, 'Mlxg', 2043, 1364865, 1);
INSERT INTO interacts VALUES(252198067069, 1, 'Mlxg', 2043, 1365955, 1);
INSERT INTO interacts VALUES(252198067069, 1, 'Mlxg', 1029, 1369005, 1);
INSERT INTO interacts VALUES(252198067069, 1, 'Uzi', 3072, 1372487, 1);
INSERT INTO interacts VALUES(252198067069, 1, 'Uzi', 2140, 1374178, 1);
INSERT INTO interacts VALUES(252198067069, 1, 'Trashy', 3211, 1381755, 1);
INSERT INTO interacts VALUES(252198067069, 1, 'Kobbe', 1042, 1454709, 1);
INSERT INTO interacts VALUES(252198067069, 1, 'Wunder', 1028, 1479484, 1);
INSERT INTO interacts VALUES(252198067069, 1, 'Mikyx', 3105, 1508385, 1);
INSERT INTO interacts VALUES(252198067069, 1, 'Trashy', 1029, 1510235, 1);
INSERT INTO series VALUES(314205387884, 1);
INSERT INTO organizes VALUES('world_championship_2016', 314205387884, 'group_c - H2K-vs-ITZ');
INSERT INTO competes VALUES(314205387884, 'H2K', 1);
INSERT INTO competes VALUES(314205387884, 'ITZ', 0);
INSERT INTO matches VALUES(314205387884, 1, '2016-09-30');
INSERT INTO scores VALUES('H2K', 314205387884, 1, 2, 10, 0, 1, 1, 1);
INSERT INTO scores VALUES('ITZ', 314205387884, 1, 0, 0, 0, 0, 1, 0);
INSERT INTO bans VALUES(314205387884, 1, 8, 1);
INSERT INTO bans VALUES(314205387884, 1, 150, 3);
INSERT INTO bans VALUES(314205387884, 1, 126, 5);
INSERT INTO bans VALUES(314205387884, 1, 134, 2);
INSERT INTO bans VALUES(314205387884, 1, 76, 4);
INSERT INTO bans VALUES(314205387884, 1, 236, 6);
INSERT INTO plays VALUES(314205387884, 1, 'Odoamne', 85, 'top', 5, 0, 2, 23833, 13, 1, 274, 0, 0, 13052);
INSERT INTO plays VALUES(314205387884, 1, 'Jankos', 72, 'jungle', 3, 1, 6, 5037, 28, 15, 24, 81, 11, 11516);
INSERT INTO plays VALUES(314205387884, 1, 'Ryu', 69, 'mid', 3, 0, 4, 10919, 15, 8, 253, 7, 4, 12614);
INSERT INTO plays VALUES(314205387884, 1, 'FORG1VEN', 51, 'adc', 1, 0, 5, 12098, 12, 7, 305, 10, 2, 13446);
INSERT INTO plays VALUES(314205387884, 1, 'Vander', 43, 'support', 0, 0, 7, 6207, 36, 16, 16, 0, 3, 8227);
INSERT INTO plays VALUES(314205387884, 1, 'Yang', 68, 'top', 0, 0, 1, 7507, 14, 4, 259, 6, 1, 10196);
INSERT INTO plays VALUES(314205387884, 1, 'Revolta', 421, 'jungle', 0, 1, 0, 4383, 30, 22, 35, 84, 11, 8850);
INSERT INTO plays VALUES(314205387884, 1, 'tockers', 61, 'mid', 0, 4, 0, 6933, 12, 2, 237, 11, 0, 9367);
INSERT INTO plays VALUES(314205387884, 1, 'micaO', 81, 'adc', 1, 2, 0, 8181, 9, 5, 216, 8, 1, 9854);
INSERT INTO plays VALUES(314205387884, 1, 'Jockster', 267, 'support', 0, 5, 0, 1762, 30, 3, 7, 1, 0, 5695);
INSERT INTO interacts VALUES(314205387884, 1, 'Odoamne', 3340, 1341, 1);
INSERT INTO interacts VALUES(314205387884, 1, 'Odoamne', 1055, 1831, 1);
INSERT INTO interacts VALUES(314205387884, 1, 'Ryu', 1056, 1858, 1);
INSERT INTO interacts VALUES(314205387884, 1, 'FORG1VEN', 1055, 2090, 1);
INSERT INTO interacts VALUES(314205387884, 1, 'Ryu', 2010, 2090, 1);
INSERT INTO interacts VALUES(314205387884, 1, 'Odoamne', 2003, 2212, 1);
INSERT INTO interacts VALUES(314205387884, 1, 'Ryu', 2010, 2212, 1);
INSERT INTO interacts VALUES(314205387884, 1, 'Revolta', 3340, 2212, 1);
INSERT INTO interacts VALUES(314205387884, 1, 'FORG1VEN', 2010, 2440, 1);
INSERT INTO interacts VALUES(314205387884, 1, 'Ryu', 3340, 2473, 1);
INSERT INTO interacts VALUES(314205387884, 1, 'Revolta', 1041, 2505, 1);
INSERT INTO interacts VALUES(314205387884, 1, 'Yang', 1054, 2505, 1);
INSERT INTO interacts VALUES(314205387884, 1, 'Vander', 3340, 2537, 1);
INSERT INTO interacts VALUES(314205387884, 1, 'FORG1VEN', 3340, 2732, 1);
INSERT INTO interacts VALUES(314205387884, 1, 'Yang', 2003, 2732, 1);
INSERT INTO interacts VALUES(314205387884, 1, 'Vander', 2010, 2798, 1);
INSERT INTO interacts VALUES(314205387884, 1, 'Vander', 2010, 2928, 1);
INSERT INTO interacts VALUES(314205387884, 1, 'Yang', 3340, 2962, 1);
INSERT INTO interacts VALUES(314205387884, 1, 'Vander', 3303, 3154, 1);
INSERT INTO interacts VALUES(314205387884, 1, 'Jockster', 3303, 3252, 1);
INSERT INTO interacts VALUES(314205387884, 1, 'Jankos', 3340, 3511, 1);
INSERT INTO interacts VALUES(314205387884, 1, 'Revolta', 2031, 3576, 1);
INSERT INTO interacts VALUES(314205387884, 1, 'Jockster', 2010, 3576, 1);
INSERT INTO interacts VALUES(314205387884, 1, 'micaO', 1055, 3576, 1);
INSERT INTO interacts VALUES(314205387884, 1, 'Jockster', 2010, 3705, 1);
INSERT INTO interacts VALUES(314205387884, 1, 'micaO', 2010, 3778, 1);
INSERT INTO interacts VALUES(314205387884, 1, 'Vander', 2010, 3802, 1);
INSERT INTO interacts VALUES(314205387884, 1, 'Jockster', 2010, 3834, 1);
INSERT INTO interacts VALUES(314205387884, 1, 'tockers', 1056, 3834, 1);
INSERT INTO interacts VALUES(314205387884, 1, 'micaO', 3340, 3996, 1);
INSERT INTO interacts VALUES(314205387884, 1, 'Jockster', 3340, 4093, 1);
INSERT INTO interacts VALUES(314205387884, 1, 'tockers', 2010, 4222, 1);
INSERT INTO interacts VALUES(314205387884, 1, 'tockers', 2010, 4414, 1);
INSERT INTO interacts VALUES(314205387884, 1, 'Jankos', 1041, 4941, 1);
INSERT INTO interacts VALUES(314205387884, 1, 'tockers', 3340, 5065, 1);
INSERT INTO interacts VALUES(314205387884, 1, 'Jankos', 2031, 5226, 1);
INSERT INTO interacts VALUES(314205387884, 1, 'Yang', 2031, 212527, 1);
INSERT INTO interacts VALUES(314205387884, 1, 'Yang', 1001, 212723, 1);
INSERT INTO interacts VALUES(314205387884, 1, 'Jankos', 3711, 289280, 1);
INSERT INTO interacts VALUES(314205387884, 1, 'Jankos', 1001, 290174, 1);
INSERT INTO interacts VALUES(314205387884, 1, 'Jankos', 3341, 291055, 1);
INSERT INTO interacts VALUES(314205387884, 1, 'Revolta', 3077, 383202, 1);
INSERT INTO interacts VALUES(314205387884, 1, 'Revolta', 2043, 384857, 1);
INSERT INTO interacts VALUES(314205387884, 1, 'micaO', 3070, 391643, 1);
INSERT INTO interacts VALUES(314205387884, 1, 'micaO', 1083, 393854, 1);
INSERT INTO interacts VALUES(314205387884, 1, 'micaO', 2010, 395314, 1);
INSERT INTO interacts VALUES(314205387884, 1, 'Yang', 1028, 399086, 1);
INSERT INTO interacts VALUES(314205387884, 1, 'Yang', 1052, 399408, 1);
INSERT INTO interacts VALUES(314205387884, 1, 'micaO', 2010, 399797, 1);
INSERT INTO interacts VALUES(314205387884, 1, 'Yang', 2043, 400577, 1);
INSERT INTO interacts VALUES(314205387884, 1, 'FORG1VEN', 1038, 405284, 1);
INSERT INTO interacts VALUES(314205387884, 1, 'FORG1VEN', 1001, 406526, 1);
INSERT INTO interacts VALUES(314205387884, 1, 'FORG1VEN', 2010, 407941, 1);
INSERT INTO interacts VALUES(314205387884, 1, 'FORG1VEN', 2010, 408265, 1);
INSERT INTO interacts VALUES(314205387884, 1, 'Vander', 2049, 409761, 1);
INSERT INTO interacts VALUES(314205387884, 1, 'Vander', 2043, 411218, 1);
INSERT INTO interacts VALUES(314205387884, 1, 'Vander', 3341, 412006, 1);
INSERT INTO interacts VALUES(314205387884, 1, 'Jockster', 2049, 413757, 1);
INSERT INTO interacts VALUES(314205387884, 1, 'Jockster', 3341, 415101, 1);
INSERT INTO interacts VALUES(314205387884, 1, 'Jockster', 1001, 419310, 1);
INSERT INTO interacts VALUES(314205387884, 1, 'Jockster', 1028, 419602, 1);
INSERT INTO interacts VALUES(314205387884, 1, 'Jockster', 2043, 420218, 1);
INSERT INTO interacts VALUES(314205387884, 1, 'Jockster', 2010, 420328, 1);
INSERT INTO interacts VALUES(314205387884, 1, 'Jockster', 3341, 420654, 1);
INSERT INTO interacts VALUES(314205387884, 1, 'Ryu', 3070, 424031, 1);
INSERT INTO interacts VALUES(314205387884, 1, 'Ryu', 1057, 425332, 1);
INSERT INTO interacts VALUES(314205387884, 1, 'Ryu', 2043, 427058, 1);
INSERT INTO interacts VALUES(314205387884, 1, 'Ryu', 2031, 427763, 1);
INSERT INTO interacts VALUES(314205387884, 1, 'Odoamne', 3145, 441303, 1);
INSERT INTO interacts VALUES(314205387884, 1, 'Odoamne', 1001, 441953, 1);
INSERT INTO interacts VALUES(314205387884, 1, 'Odoamne', 1028, 442502, 1);
INSERT INTO interacts VALUES(314205387884, 1, 'Odoamne', 2043, 444059, 1);
INSERT INTO interacts VALUES(314205387884, 1, 'tockers', 3802, 448486, 1);
INSERT INTO interacts VALUES(314205387884, 1, 'tockers', 1001, 449427, 1);
INSERT INTO interacts VALUES(314205387884, 1, 'tockers', 1056, 453753, 1);
INSERT INTO interacts VALUES(314205387884, 1, 'tockers', 2010, 454092, 1);
INSERT INTO interacts VALUES(314205387884, 1, 'Jankos', 3009, 485357, 1);
INSERT INTO interacts VALUES(314205387884, 1, 'Jankos', 2043, 485913, 1);
INSERT INTO interacts VALUES(314205387884, 1, 'Revolta', 3711, 608277, 1);
INSERT INTO interacts VALUES(314205387884, 1, 'Revolta', 1028, 608963, 1);
INSERT INTO interacts VALUES(314205387884, 1, 'Revolta', 1001, 609705, 1);
INSERT INTO interacts VALUES(314205387884, 1, 'Jockster', 2049, 652652, 1);
INSERT INTO interacts VALUES(314205387884, 1, 'Jockster', 2043, 653042, 1);
INSERT INTO interacts VALUES(314205387884, 1, 'Jockster', 2010, 653396, 1);
INSERT INTO interacts VALUES(314205387884, 1, 'micaO', 2010, 658326, 0);
INSERT INTO interacts VALUES(314205387884, 1, 'micaO', 3057, 661007, 1);
INSERT INTO interacts VALUES(314205387884, 1, 'micaO', 1001, 662763, 1);
INSERT INTO interacts VALUES(314205387884, 1, 'FORG1VEN', 3006, 670787, 1);
INSERT INTO interacts VALUES(314205387884, 1, 'FORG1VEN', 3086, 672608, 1);
INSERT INTO interacts VALUES(314205387884, 1, 'Vander', 3158, 678506, 1);
INSERT INTO interacts VALUES(314205387884, 1, 'Yang', 3136, 691548, 1);
INSERT INTO interacts VALUES(314205387884, 1, 'Yang', 3111, 693994, 1);
INSERT INTO interacts VALUES(314205387884, 1, 'Odoamne', 3152, 701135, 1);
INSERT INTO interacts VALUES(314205387884, 1, 'Odoamne', 1052, 701653, 1);
INSERT INTO interacts VALUES(314205387884, 1, 'Odoamne', 2003, 703408, 1);
INSERT INTO interacts VALUES(314205387884, 1, 'tockers', 3108, 715169, 1);
INSERT INTO interacts VALUES(314205387884, 1, 'tockers', 1052, 715589, 1);
INSERT INTO interacts VALUES(314205387884, 1, 'Ryu', 3108, 716366, 1);
INSERT INTO interacts VALUES(314205387884, 1, 'Ryu', 3108, 716466, 1);
INSERT INTO interacts VALUES(314205387884, 1, 'Ryu', 2043, 719942, 1);
INSERT INTO interacts VALUES(314205387884, 1, 'Ryu', 3363, 721951, 1);
INSERT INTO interacts VALUES(314205387884, 1, 'Vander', 2010, 765020, 1);
INSERT INTO interacts VALUES(314205387884, 1, 'Vander', 2043, 765311, 1);
INSERT INTO interacts VALUES(314205387884, 1, 'Vander', 2010, 766142, 1);
INSERT INTO interacts VALUES(314205387884, 1, 'Jankos', 1408, 782748, 1);
INSERT INTO interacts VALUES(314205387884, 1, 'Jankos', 2043, 783657, 1);
INSERT INTO interacts VALUES(314205387884, 1, 'Jankos', 2043, 783754, 1);
INSERT INTO interacts VALUES(314205387884, 1, 'Jockster', 2043, 790002, 1);
INSERT INTO interacts VALUES(314205387884, 1, 'Jockster', 1028, 791932, 1);
INSERT INTO interacts VALUES(314205387884, 1, 'Revolta', 1409, 908613, 1);
INSERT INTO interacts VALUES(314205387884, 1, 'Revolta', 3364, 909162, 1);
INSERT INTO interacts VALUES(314205387884, 1, 'Revolta', 2043, 909553, 1);
INSERT INTO interacts VALUES(314205387884, 1, 'Revolta', 2043, 909683, 1);
INSERT INTO interacts VALUES(314205387884, 1, 'FORG1VEN', 3085, 958947, 1);
INSERT INTO interacts VALUES(314205387884, 1, 'FORG1VEN', 1042, 960257, 1);
INSERT INTO interacts VALUES(314205387884, 1, 'FORG1VEN', 3363, 962139, 1);
INSERT INTO interacts VALUES(314205387884, 1, 'Vander', 2045, 964510, 1);
INSERT INTO interacts VALUES(314205387884, 1, 'Jockster', 2045, 984569, 1);
INSERT INTO interacts VALUES(314205387884, 1, 'Jockster', 2043, 984924, 1);
INSERT INTO interacts VALUES(314205387884, 1, 'Jockster', 2031, 987223, 1);
INSERT INTO interacts VALUES(314205387884, 1, 'micaO', 3004, 989120, 1);
INSERT INTO interacts VALUES(314205387884, 1, 'micaO', 3363, 990938, 1);
INSERT INTO interacts VALUES(314205387884, 1, 'Odoamne', 3108, 1015775, 1);
INSERT INTO interacts VALUES(314205387884, 1, 'Odoamne', 1033, 1017591, 1);
INSERT INTO interacts VALUES(314205387884, 1, 'Odoamne', 3020, 1020397, 1);
INSERT INTO interacts VALUES(314205387884, 1, 'Yang', 3151, 1028676, 1);
INSERT INTO interacts VALUES(314205387884, 1, 'Yang', 2043, 1029817, 1);
INSERT INTO interacts VALUES(314205387884, 1, 'Revolta', 3111, 1032284, 1);
INSERT INTO interacts VALUES(314205387884, 1, 'Revolta', 2031, 1034173, 0);
INSERT INTO interacts VALUES(314205387884, 1, 'Revolta', 2043, 1034699, 1);
INSERT INTO interacts VALUES(314205387884, 1, 'Jankos', 1057, 1042554, 1);
INSERT INTO interacts VALUES(314205387884, 1, 'Jankos', 1028, 1043852, 1);
INSERT INTO interacts VALUES(314205387884, 1, 'Jankos', 3364, 1044370, 1);
INSERT INTO interacts VALUES(314205387884, 1, 'Jankos', 2043, 1044599, 1);
INSERT INTO interacts VALUES(314205387884, 1, 'tockers', 3165, 1045149, 1);
INSERT INTO interacts VALUES(314205387884, 1, 'tockers', 1058, 1047357, 1);
INSERT INTO interacts VALUES(314205387884, 1, 'Ryu', 3001, 1049175, 1);
INSERT INTO interacts VALUES(314205387884, 1, 'Ryu', 1058, 1050728, 1);
INSERT INTO interacts VALUES(314205387884, 1, 'Ryu', 1028, 1052578, 1);
INSERT INTO interacts VALUES(314205387884, 1, 'Jockster', 2043, 1095430, 1);
INSERT INTO interacts VALUES(314205387884, 1, 'Jockster', 1028, 1121666, 1);
INSERT INTO interacts VALUES(314205387884, 1, 'Revolta', 1028, 1157055, 1);
INSERT INTO interacts VALUES(314205387884, 1, 'Jockster', 2043, 1167153, 1);
INSERT INTO interacts VALUES(314205387884, 1, 'Vander', 1028, 1177931, 1);
INSERT INTO interacts VALUES(314205387884, 1, 'Vander', 2010, 1178571, 1);
INSERT INTO interacts VALUES(314205387884, 1, 'Vander', 2043, 1178749, 1);
INSERT INTO interacts VALUES(314205387884, 1, 'Revolta', 2043, 1189130, 1);
INSERT INTO interacts VALUES(314205387884, 1, 'Jankos', 3082, 1198508, 1);
INSERT INTO interacts VALUES(314205387884, 1, 'Jankos', 2031, 1200707, 0);
INSERT INTO interacts VALUES(314205387884, 1, 'Jankos', 2043, 1202395, 1);
INSERT INTO interacts VALUES(314205387884, 1, 'Jankos', 2043, 1202494, 1);
INSERT INTO interacts VALUES(314205387884, 1, 'tockers', 3020, 1207133, 1);
INSERT INTO interacts VALUES(314205387884, 1, 'tockers', 2010, 1208531, 1);
INSERT INTO interacts VALUES(314205387884, 1, 'tockers', 3363, 1209602, 1);
INSERT INTO interacts VALUES(314205387884, 1, 'Ryu', 3116, 1229208, 1);
INSERT INTO interacts VALUES(314205387884, 1, 'micaO', 3025, 1262067, 1);
INSERT INTO interacts VALUES(314205387884, 1, 'Odoamne', 3001, 1276289, 1);
INSERT INTO interacts VALUES(314205387884, 1, 'Odoamne', 1052, 1279500, 1);
INSERT INTO interacts VALUES(314205387884, 1, 'Yang', 1057, 1281773, 1);
INSERT INTO interacts VALUES(314205387884, 1, 'Yang', 1052, 1282781, 1);
INSERT INTO interacts VALUES(314205387884, 1, 'FORG1VEN', 3031, 1343665, 1);
INSERT INTO interacts VALUES(314205387884, 1, 'Odoamne', 1026, 1348626, 1);
INSERT INTO interacts VALUES(314205387884, 1, 'Vander', 3067, 1350408, 1);
INSERT INTO interacts VALUES(314205387884, 1, 'Vander', 2010, 1352046, 0);
INSERT INTO interacts VALUES(314205387884, 1, 'Vander', 1033, 1353199, 1);
INSERT INTO interacts VALUES(314205387884, 1, 'Vander', 2043, 1353883, 1);
INSERT INTO interacts VALUES(314205387884, 1, 'Vander', 3364, 1354987, 1);
INSERT INTO interacts VALUES(314205387884, 1, 'Yang', 3108, 1359072, 1);
INSERT INTO interacts VALUES(314205387884, 1, 'Revolta', 3211, 1380928, 1);
INSERT INTO interacts VALUES(314205387884, 1, 'Revolta', 2043, 1381608, 1);
INSERT INTO interacts VALUES(314205387884, 1, 'Revolta', 2043, 1381770, 1);
INSERT INTO interacts VALUES(314205387884, 1, 'micaO', 3158, 1387710, 1);
INSERT INTO interacts VALUES(314205387884, 1, 'micaO', 1036, 1389370, 1);
INSERT INTO interacts VALUES(314205387884, 1, 'tockers', 2010, 1430832, 0);
INSERT INTO interacts VALUES(314205387884, 1, 'tockers', 1011, 1432676, 1);
INSERT INTO interacts VALUES(314205387884, 1, 'Jankos', 3143, 1453620, 1);
INSERT INTO interacts VALUES(314205387884, 1, 'Ryu', 2031, 1454888, 0);
INSERT INTO interacts VALUES(314205387884, 1, 'Jankos', 2043, 1455245, 1);
INSERT INTO interacts VALUES(314205387884, 1, 'Jankos', 2043, 1455344, 1);
INSERT INTO interacts VALUES(314205387884, 1, 'Ryu', 1058, 1456217, 1);
INSERT INTO interacts VALUES(314205387884, 1, 'Ryu', 1004, 1457127, 1);
INSERT INTO interacts VALUES(314205387884, 1, 'Ryu', 2043, 1458945, 1);
INSERT INTO interacts VALUES(314205387884, 1, 'Ryu', 2043, 1459043, 1);
INSERT INTO interacts VALUES(314205387884, 1, 'Vander', 2043, 1459726, 1);
INSERT INTO interacts VALUES(314205387884, 1, 'Vander', 2043, 1459823, 1);
INSERT INTO interacts VALUES(314205387884, 1, 'Jockster', 3117, 1459955, 1);
INSERT INTO interacts VALUES(314205387884, 1, 'Jockster', 2043, 1460605, 1);
INSERT INTO interacts VALUES(314205387884, 1, 'FORG1VEN', 3086, 1460926, 1);
INSERT INTO interacts VALUES(314205387884, 1, 'Jockster', 2043, 1460995, 1);
INSERT INTO interacts VALUES(314205387884, 1, 'Revolta', 1028, 1480641, 1);
INSERT INTO interacts VALUES(314205387884, 1, 'Revolta', 2043, 1482590, 1);
INSERT INTO interacts VALUES(314205387884, 1, 'micaO', 1053, 1494688, 1);
INSERT INTO interacts VALUES(314205387884, 1, 'Yang', 3001, 1531713, 1);
INSERT INTO interacts VALUES(314205387884, 1, 'Odoamne', 3135, 1564370, 1);
INSERT INTO interacts VALUES(314205387884, 1, 'Yang', 3108, 1608096, 1);
INSERT INTO interacts VALUES(314205387884, 1, 'micaO', 3144, 1615118, 1);
INSERT INTO interacts VALUES(314205387884, 1, 'tockers', 3116, 1620259, 1);
INSERT INTO interacts VALUES(314205387884, 1, 'Revolta', 3067, 1623674, 1);
INSERT INTO interacts VALUES(314205387884, 1, 'Revolta', 2043, 1624210, 1);
INSERT INTO interacts VALUES(314205387884, 1, 'Revolta', 2043, 1624340, 1);
INSERT INTO interacts VALUES(314205387884, 1, 'Jockster', 1033, 1626647, 1);
INSERT INTO interacts VALUES(314205387884, 1, 'Jockster', 3801, 1627396, 1);
INSERT INTO interacts VALUES(314205387884, 1, 'Jockster', 2031, 1628793, 0);
INSERT INTO interacts VALUES(314205387884, 1, 'Jockster', 2043, 1629647, 1);
INSERT INTO interacts VALUES(314205387884, 1, 'Jockster', 3364, 1630056, 1);
INSERT INTO interacts VALUES(314205387884, 1, 'tockers', 2043, 1651107, 1);
INSERT INTO interacts VALUES(314205387884, 1, 'Odoamne', 3108, 1656661, 1);
INSERT INTO interacts VALUES(314205387884, 1, 'FORG1VEN', 3094, 1656784, 1);
INSERT INTO interacts VALUES(314205387884, 1, 'Ryu', 3003, 1664063, 1);
INSERT INTO interacts VALUES(314205387884, 1, 'Ryu', 1026, 1667176, 1);
INSERT INTO interacts VALUES(314205387884, 1, 'Vander', 3190, 1670893, 1);
INSERT INTO interacts VALUES(314205387884, 1, 'Vander', 2010, 1676240, 1);
INSERT INTO interacts VALUES(314205387884, 1, 'Jankos', 3026, 1682176, 1);
INSERT INTO interacts VALUES(314205387884, 1, 'Jankos', 2043, 1682624, 1);
INSERT INTO interacts VALUES(314205387884, 1, 'Revolta', 3065, 1754447, 1);
INSERT INTO interacts VALUES(314205387884, 1, 'Odoamne', 1055, 1760332, 0);
INSERT INTO interacts VALUES(314205387884, 1, 'Jockster', 3105, 1761700, 1);
INSERT INTO interacts VALUES(314205387884, 1, 'FORG1VEN', 3155, 1763067, 1);
INSERT INTO interacts VALUES(314205387884, 1, 'Jockster', 2043, 1763246, 1);
INSERT INTO interacts VALUES(314205387884, 1, 'Jankos', 3067, 1763651, 1);
INSERT INTO interacts VALUES(314205387884, 1, 'Odoamne', 1055, 1764292, 0);
INSERT INTO interacts VALUES(314205387884, 1, 'FORG1VEN', 2140, 1764335, 1);
INSERT INTO interacts VALUES(314205387884, 1, 'Jankos', 2043, 1765072, 1);
INSERT INTO interacts VALUES(314205387884, 1, 'Jankos', 2043, 1765209, 1);
INSERT INTO interacts VALUES(314205387884, 1, 'Odoamne', 1058, 1765470, 1);
INSERT INTO interacts VALUES(314205387884, 1, 'Vander', 3303, 1765860, 0);
INSERT INTO interacts VALUES(314205387884, 1, 'Odoamne', 2139, 1766505, 1);
INSERT INTO interacts VALUES(314205387884, 1, 'Vander', 3096, 1767514, 1);
INSERT INTO interacts VALUES(314205387884, 1, 'Vander', 2010, 1768388, 0);
INSERT INTO interacts VALUES(314205387884, 1, 'Vander', 1029, 1769426, 1);
INSERT INTO interacts VALUES(314205387884, 1, 'Vander', 2043, 1770044, 1);
INSERT INTO interacts VALUES(314205387884, 1, 'micaO', 1083, 1785182, 0);
INSERT INTO interacts VALUES(314205387884, 1, 'micaO', 3140, 1788990, 1);
INSERT INTO interacts VALUES(314205387884, 1, 'Yang', 2031, 1793549, 0);
INSERT INTO interacts VALUES(314205387884, 1, 'Yang', 3191, 1795373, 1);
INSERT INTO interacts VALUES(314205387884, 1, 'Revolta', 2043, 1820828, 1);
INSERT INTO interacts VALUES(314205387884, 1, 'tockers', 1056, 1821840, 0);
INSERT INTO series VALUES(1026315572371, 1);
INSERT INTO organizes VALUES('world_championship_2016', 1026315572371, 'group_c - EDG-vs-AHQ');
INSERT INTO competes VALUES(1026315572371, 'EDG', 1);
INSERT INTO competes VALUES(1026315572371, 'AHQ', 0);
INSERT INTO matches VALUES(1026315572371, 1, '2016-09-30');
INSERT INTO scores VALUES('EDG', 1026315572371, 1, 1, 8, 1, 2, 3, 1);
INSERT INTO scores VALUES('AHQ', 1026315572371, 1, 0, 3, 0, 0, 1, 0);
INSERT INTO bans VALUES(1026315572371, 1, 223, 1);
INSERT INTO bans VALUES(1026315572371, 1, 432, 3);
INSERT INTO bans VALUES(1026315572371, 1, 134, 5);
INSERT INTO bans VALUES(1026315572371, 1, 421, 2);
INSERT INTO bans VALUES(1026315572371, 1, 4, 4);
INSERT INTO bans VALUES(1026315572371, 1, 76, 6);
INSERT INTO plays VALUES(1026315572371, 1, 'Mouse', 78, 'top', 2, 1, 6, 10188, 25, 6, 315, 2, 0, 15623);
INSERT INTO plays VALUES(1026315572371, 1, 'Clearlove', 120, 'jungle', 1, 0, 8, 12083, 10, 19, 51, 110, 23, 15213);
INSERT INTO plays VALUES(1026315572371, 1, 'PawN', 43, 'mid', 3, 2, 3, 13246, 19, 4, 287, 24, 5, 15587);
INSERT INTO plays VALUES(1026315572371, 1, 'Deft', 236, 'adc', 5, 2, 3, 26562, 20, 21, 365, 23, 9, 18326);
INSERT INTO plays VALUES(1026315572371, 1, 'Meiko', 267, 'support', 0, 1, 8, 5798, 65, 18, 19, 0, 1, 10989);
INSERT INTO plays VALUES(1026315572371, 1, 'Ziv', 68, 'top', 0, 3, 2, 25583, 27, 4, 312, 21, 4, 13723);
INSERT INTO plays VALUES(1026315572371, 1, 'Mountain', 2, 'jungle', 2, 3, 3, 8429, 37, 24, 56, 102, 6, 12656);
INSERT INTO players VALUES('Chawy', date('1970-01-01'));
INSERT INTO registers VALUES('Chawy', 'AHQ', date('1970-01-01'), 'NULL');
INSERT INTO plays VALUES(1026315572371, 1, 'Chawy', 26, 'mid', 2, 2, 3, 11154, 21, 8, 379, 11, 0, 15008);
INSERT INTO plays VALUES(1026315572371, 1, 'AN', 22, 'adc', 1, 2, 3, 7422, 19, 12, 266, 28, 0, 14074);
INSERT INTO plays VALUES(1026315572371, 1, 'Albis', 16, 'support', 1, 1, 5, 2548, 64, 17, 19, 0, 0, 9550);
INSERT INTO interacts VALUES(1026315572371, 1, 'Mouse', 2033, 1796, 1);
INSERT INTO interacts VALUES(1026315572371, 1, 'PawN', 3303, 1861, 1);
INSERT INTO interacts VALUES(1026315572371, 1, 'Meiko', 3303, 2023, 1);
INSERT INTO interacts VALUES(1026315572371, 1, 'Mouse', 3340, 2056, 1);
INSERT INTO interacts VALUES(1026315572371, 1, 'Meiko', 2010, 2217, 1);
INSERT INTO interacts VALUES(1026315572371, 1, 'Clearlove', 1039, 2250, 1);
INSERT INTO interacts VALUES(1026315572371, 1, 'Meiko', 2010, 2355, 1);
INSERT INTO interacts VALUES(1026315572371, 1, 'Mountain', 1039, 2443, 1);
INSERT INTO interacts VALUES(1026315572371, 1, 'Meiko', 2010, 2443, 1);
INSERT INTO interacts VALUES(1026315572371, 1, 'Clearlove', 2031, 2572, 1);
INSERT INTO interacts VALUES(1026315572371, 1, 'Meiko', 3340, 2671, 1);
INSERT INTO interacts VALUES(1026315572371, 1, 'Clearlove', 3340, 2993, 1);
INSERT INTO interacts VALUES(1026315572371, 1, 'Albis', 2010, 3026, 1);
INSERT INTO interacts VALUES(1026315572371, 1, 'AN', 1055, 3187, 1);
INSERT INTO interacts VALUES(1026315572371, 1, 'Deft', 1055, 3284, 1);
INSERT INTO interacts VALUES(1026315572371, 1, 'Albis', 3301, 3349, 1);
INSERT INTO interacts VALUES(1026315572371, 1, 'Deft', 2003, 3544, 1);
INSERT INTO interacts VALUES(1026315572371, 1, 'Mountain', 2031, 3608, 1);
INSERT INTO interacts VALUES(1026315572371, 1, 'Albis', 2010, 3705, 1);
INSERT INTO interacts VALUES(1026315572371, 1, 'Deft', 3340, 3770, 1);
INSERT INTO interacts VALUES(1026315572371, 1, 'Chawy', 1056, 3833, 1);
INSERT INTO interacts VALUES(1026315572371, 1, 'AN', 3340, 3837, 1);
INSERT INTO interacts VALUES(1026315572371, 1, 'Albis', 2010, 3966, 1);
INSERT INTO interacts VALUES(1026315572371, 1, 'Chawy', 2003, 4065, 1);
INSERT INTO interacts VALUES(1026315572371, 1, 'Mountain', 3340, 4065, 1);
INSERT INTO interacts VALUES(1026315572371, 1, 'AN', 2010, 4130, 1);
INSERT INTO interacts VALUES(1026315572371, 1, 'Chawy', 2003, 4193, 1);
INSERT INTO interacts VALUES(1026315572371, 1, 'Albis', 3340, 4354, 1);
INSERT INTO interacts VALUES(1026315572371, 1, 'PawN', 1056, 4451, 1);
INSERT INTO interacts VALUES(1026315572371, 1, 'Chawy', 3340, 4451, 1);
INSERT INTO interacts VALUES(1026315572371, 1, 'Ziv', 1054, 4712, 1);
INSERT INTO interacts VALUES(1026315572371, 1, 'PawN', 2010, 4905, 1);
INSERT INTO interacts VALUES(1026315572371, 1, 'Ziv', 2003, 4944, 1);
INSERT INTO interacts VALUES(1026315572371, 1, 'PawN', 2010, 5036, 1);
INSERT INTO interacts VALUES(1026315572371, 1, 'Ziv', 3340, 5165, 1);
INSERT INTO interacts VALUES(1026315572371, 1, 'PawN', 3340, 5425, 1);
INSERT INTO interacts VALUES(1026315572371, 1, 'Chawy', 1056, 217803, 1);
INSERT INTO interacts VALUES(1026315572371, 1, 'Chawy', 2031, 219297, 1);
INSERT INTO interacts VALUES(1026315572371, 1, 'Mountain', 1001, 230104, 1);
INSERT INTO interacts VALUES(1026315572371, 1, 'Mountain', 1028, 232194, 1);
INSERT INTO interacts VALUES(1026315572371, 1, 'PawN', 3802, 244935, 1);
INSERT INTO interacts VALUES(1026315572371, 1, 'PawN', 2010, 246076, 1);
INSERT INTO interacts VALUES(1026315572371, 1, 'AN', 1001, 277970, 1);
INSERT INTO interacts VALUES(1026315572371, 1, 'AN', 1083, 279367, 1);
INSERT INTO interacts VALUES(1026315572371, 1, 'AN', 2010, 280484, 1);
INSERT INTO interacts VALUES(1026315572371, 1, 'Meiko', 1028, 288966, 1);
INSERT INTO interacts VALUES(1026315572371, 1, 'Meiko', 2043, 290226, 1);
INSERT INTO interacts VALUES(1026315572371, 1, 'Meiko', 2010, 290454, 1);
INSERT INTO interacts VALUES(1026315572371, 1, 'Deft', 3134, 297605, 1);
INSERT INTO interacts VALUES(1026315572371, 1, 'Albis', 1028, 302671, 1);
INSERT INTO interacts VALUES(1026315572371, 1, 'Albis', 2043, 303158, 1);
INSERT INTO interacts VALUES(1026315572371, 1, 'Albis', 2043, 303417, 1);
INSERT INTO interacts VALUES(1026315572371, 1, 'Clearlove', 3009, 308327, 1);
INSERT INTO interacts VALUES(1026315572371, 1, 'Clearlove', 2032, 309333, 1);
INSERT INTO interacts VALUES(1026315572371, 1, 'Clearlove', 2043, 309693, 1);
INSERT INTO interacts VALUES(1026315572371, 1, 'Mouse', 1033, 316185, 1);
INSERT INTO interacts VALUES(1026315572371, 1, 'Mouse', 1028, 316703, 1);
INSERT INTO interacts VALUES(1026315572371, 1, 'Mouse', 2043, 317384, 1);
INSERT INTO interacts VALUES(1026315572371, 1, 'Meiko', 2043, 364806, 1);
INSERT INTO interacts VALUES(1026315572371, 1, 'AN', 1036, 396865, 1);
INSERT INTO interacts VALUES(1026315572371, 1, 'AN', 1036, 397027, 1);
INSERT INTO interacts VALUES(1026315572371, 1, 'AN', 2010, 398228, 1);
INSERT INTO interacts VALUES(1026315572371, 1, 'Albis', 2049, 398391, 1);
INSERT INTO interacts VALUES(1026315572371, 1, 'Albis', 3341, 399076, 1);
INSERT INTO interacts VALUES(1026315572371, 1, 'Albis', 2043, 399826, 1);
INSERT INTO interacts VALUES(1026315572371, 1, 'Ziv', 3136, 411451, 1);
INSERT INTO interacts VALUES(1026315572371, 1, 'Ziv', 2043, 413633, 1);
INSERT INTO interacts VALUES(1026315572371, 1, 'Deft', 1036, 415222, 1);
INSERT INTO interacts VALUES(1026315572371, 1, 'Deft', 1036, 415352, 1);
INSERT INTO interacts VALUES(1026315572371, 1, 'Ziv', 2003, 415612, 1);
INSERT INTO interacts VALUES(1026315572371, 1, 'Ziv', 2003, 415787, 1);
INSERT INTO interacts VALUES(1026315572371, 1, 'Mountain', 2032, 416846, 1);
INSERT INTO interacts VALUES(1026315572371, 1, 'Mountain', 3158, 419081, 1);
INSERT INTO interacts VALUES(1026315572371, 1, 'Mountain', 2043, 421792, 1);
INSERT INTO interacts VALUES(1026315572371, 1, 'Chawy', 3010, 513201, 1);
INSERT INTO interacts VALUES(1026315572371, 1, 'Chawy', 1001, 514627, 1);
INSERT INTO interacts VALUES(1026315572371, 1, 'Chawy', 2043, 515146, 1);
INSERT INTO interacts VALUES(1026315572371, 1, 'AN', 3133, 515437, 1);
INSERT INTO interacts VALUES(1026315572371, 1, 'AN', 2043, 516542, 1);
INSERT INTO interacts VALUES(1026315572371, 1, 'Albis', 1001, 520929, 1);
INSERT INTO interacts VALUES(1026315572371, 1, 'Albis', 2043, 521414, 1);
INSERT INTO interacts VALUES(1026315572371, 1, 'Mouse', 3211, 543256, 1);
INSERT INTO interacts VALUES(1026315572371, 1, 'Mouse', 1001, 544848, 1);
INSERT INTO interacts VALUES(1026315572371, 1, 'Mouse', 2043, 546052, 1);
INSERT INTO interacts VALUES(1026315572371, 1, 'Mountain', 3711, 562396, 1);
INSERT INTO interacts VALUES(1026315572371, 1, 'Ziv', 1026, 568841, 1);
INSERT INTO interacts VALUES(1026315572371, 1, 'Clearlove', 3057, 568971, 1);
INSERT INTO interacts VALUES(1026315572371, 1, 'Clearlove', 1028, 569459, 1);
INSERT INTO interacts VALUES(1026315572371, 1, 'Ziv', 2043, 571410, 1);
INSERT INTO interacts VALUES(1026315572371, 1, 'Meiko', 2049, 593096, 1);
INSERT INTO interacts VALUES(1026315572371, 1, 'Meiko', 1001, 594347, 1);
INSERT INTO interacts VALUES(1026315572371, 1, 'Deft', 3133, 594818, 1);
INSERT INTO interacts VALUES(1026315572371, 1, 'Meiko', 3341, 595497, 1);
INSERT INTO interacts VALUES(1026315572371, 1, 'Deft', 1001, 595562, 1);
INSERT INTO interacts VALUES(1026315572371, 1, 'Meiko', 2043, 597160, 1);
INSERT INTO interacts VALUES(1026315572371, 1, 'Deft', 2043, 597355, 1);
INSERT INTO interacts VALUES(1026315572371, 1, 'PawN', 3165, 600955, 1);
INSERT INTO interacts VALUES(1026315572371, 1, 'PawN', 2043, 602288, 1);
INSERT INTO interacts VALUES(1026315572371, 1, 'PawN', 2010, 602928, 1);
INSERT INTO interacts VALUES(1026315572371, 1, 'Deft', 2003, 604496, 0);
INSERT INTO interacts VALUES(1026315572371, 1, 'Deft', 1042, 605470, 1);
INSERT INTO interacts VALUES(1026315572371, 1, 'Ziv', 3151, 710849, 1);
INSERT INTO interacts VALUES(1026315572371, 1, 'PawN', 1001, 726278, 1);
INSERT INTO interacts VALUES(1026315572371, 1, 'PawN', 1052, 727278, 1);
INSERT INTO interacts VALUES(1026315572371, 1, 'Mountain', 3751, 735110, 1);
INSERT INTO interacts VALUES(1026315572371, 1, 'PawN', 2010, 736796, 1);
INSERT INTO interacts VALUES(1026315572371, 1, 'Ziv', 2043, 737916, 1);
INSERT INTO interacts VALUES(1026315572371, 1, 'Mouse', 3065, 741891, 1);
INSERT INTO interacts VALUES(1026315572371, 1, 'Deft', 3142, 748125, 1);
INSERT INTO interacts VALUES(1026315572371, 1, 'Chawy', 3027, 748907, 1);
INSERT INTO interacts VALUES(1026315572371, 1, 'Deft', 2043, 748940, 1);
INSERT INTO interacts VALUES(1026315572371, 1, 'Deft', 2003, 749946, 1);
INSERT INTO interacts VALUES(1026315572371, 1, 'Chawy', 2043, 751281, 1);
INSERT INTO interacts VALUES(1026315572371, 1, 'Mountain', 1028, 752091, 1);
INSERT INTO interacts VALUES(1026315572371, 1, 'Meiko', 3117, 762631, 1);
INSERT INTO interacts VALUES(1026315572371, 1, 'Meiko', 2043, 763342, 1);
INSERT INTO interacts VALUES(1026315572371, 1, 'Albis', 3158, 773749, 1);
INSERT INTO interacts VALUES(1026315572371, 1, 'Albis', 2043, 774920, 1);
INSERT INTO interacts VALUES(1026315572371, 1, 'Clearlove', 3044, 783843, 1);
INSERT INTO interacts VALUES(1026315572371, 1, 'Clearlove', 1042, 784328, 1);
INSERT INTO interacts VALUES(1026315572371, 1, 'AN', 2010, 790987, 0);
INSERT INTO interacts VALUES(1026315572371, 1, 'AN', 1038, 793412, 1);
INSERT INTO interacts VALUES(1026315572371, 1, 'PawN', 1033, 835016, 1);
INSERT INTO interacts VALUES(1026315572371, 1, 'PawN', 2010, 835957, 1);
INSERT INTO interacts VALUES(1026315572371, 1, 'PawN', 3363, 836799, 1);
INSERT INTO interacts VALUES(1026315572371, 1, 'Mountain', 1409, 878001, 1);
INSERT INTO interacts VALUES(1026315572371, 1, 'Mountain', 1028, 880184, 1);
INSERT INTO interacts VALUES(1026315572371, 1, 'Mountain', 3364, 881694, 1);
INSERT INTO interacts VALUES(1026315572371, 1, 'Mountain', 2043, 883135, 1);
INSERT INTO interacts VALUES(1026315572371, 1, 'Albis', 1028, 885868, 1);
INSERT INTO interacts VALUES(1026315572371, 1, 'Albis', 2043, 886262, 1);
INSERT INTO interacts VALUES(1026315572371, 1, 'Meiko', 2043, 887934, 1);
INSERT INTO interacts VALUES(1026315572371, 1, 'Meiko', 2010, 889807, 0);
INSERT INTO interacts VALUES(1026315572371, 1, 'Meiko', 1028, 891143, 1);
INSERT INTO interacts VALUES(1026315572371, 1, 'Chawy', 3802, 903111, 1);
INSERT INTO interacts VALUES(1026315572371, 1, 'Mouse', 3751, 945029, 1);
INSERT INTO interacts VALUES(1026315572371, 1, 'Deft', 3044, 982718, 1);
INSERT INTO interacts VALUES(1026315572371, 1, 'Meiko', 2043, 984020, 1);
INSERT INTO interacts VALUES(1026315572371, 1, 'Deft', 2003, 984928, 0);
INSERT INTO interacts VALUES(1026315572371, 1, 'Deft', 3363, 985806, 1);
INSERT INTO interacts VALUES(1026315572371, 1, 'Deft', 2043, 986312, 1);
INSERT INTO interacts VALUES(1026315572371, 1, 'PawN', 3111, 989740, 1);
INSERT INTO interacts VALUES(1026315572371, 1, 'PawN', 2043, 994245, 1);
INSERT INTO interacts VALUES(1026315572371, 1, 'Clearlove', 3078, 995542, 1);
INSERT INTO interacts VALUES(1026315572371, 1, 'Clearlove', 2043, 996181, 1);
INSERT INTO interacts VALUES(1026315572371, 1, 'Clearlove', 3364, 996711, 1);
INSERT INTO interacts VALUES(1026315572371, 1, 'AN', 3508, 1014145, 1);
INSERT INTO interacts VALUES(1026315572371, 1, 'AN', 2043, 1015051, 1);
INSERT INTO interacts VALUES(1026315572371, 1, 'Albis', 2045, 1016544, 1);
INSERT INTO interacts VALUES(1026315572371, 1, 'Albis', 2043, 1017984, 1);
INSERT INTO interacts VALUES(1026315572371, 1, 'Ziv', 3020, 1028340, 1);
INSERT INTO interacts VALUES(1026315572371, 1, 'Ziv', 1028, 1031257, 1);
INSERT INTO interacts VALUES(1026315572371, 1, 'Ziv', 2043, 1032201, 1);
INSERT INTO interacts VALUES(1026315572371, 1, 'Mountain', 1031, 1041659, 1);
INSERT INTO interacts VALUES(1026315572371, 1, 'Mouse', 3111, 1116734, 1);
INSERT INTO interacts VALUES(1026315572371, 1, 'Mouse', 1029, 1118030, 1);
INSERT INTO interacts VALUES(1026315572371, 1, 'Mouse', 2043, 1118465, 1);
INSERT INTO interacts VALUES(1026315572371, 1, 'Meiko', 3098, 1145337, 1);
INSERT INTO interacts VALUES(1026315572371, 1, 'Meiko', 2043, 1146145, 1);
INSERT INTO interacts VALUES(1026315572371, 1, 'Meiko', 2031, 1147642, 1);
INSERT INTO interacts VALUES(1026315572371, 1, 'PawN', 1058, 1174286, 1);
INSERT INTO interacts VALUES(1026315572371, 1, 'Mountain', 1011, 1186299, 1);
INSERT INTO interacts VALUES(1026315572371, 1, 'Deft', 3133, 1198074, 1);
INSERT INTO interacts VALUES(1026315572371, 1, 'Albis', 3096, 1202592, 1);
INSERT INTO interacts VALUES(1026315572371, 1, 'Albis', 2043, 1203827, 1);
INSERT INTO interacts VALUES(1026315572371, 1, 'Albis', 2043, 1204834, 1);
INSERT INTO interacts VALUES(1026315572371, 1, 'AN', 3006, 1209623, 1);
INSERT INTO interacts VALUES(1026315572371, 1, 'AN', 3363, 1211935, 1);
INSERT INTO interacts VALUES(1026315572371, 1, 'AN', 2010, 1213494, 0);
INSERT INTO interacts VALUES(1026315572371, 1, 'AN', 1037, 1215669, 1);
INSERT INTO interacts VALUES(1026315572371, 1, 'Meiko', 2043, 1215708, 1);
INSERT INTO interacts VALUES(1026315572371, 1, 'Chawy', 3165, 1227717, 1);
INSERT INTO interacts VALUES(1026315572371, 1, 'Mouse', 1031, 1232041, 1);
INSERT INTO interacts VALUES(1026315572371, 1, 'Ziv', 1058, 1239643, 1);
INSERT INTO interacts VALUES(1026315572371, 1, 'Ziv', 2043, 1240944, 1);
INSERT INTO interacts VALUES(1026315572371, 1, 'Clearlove', 3211, 1257622, 1);
INSERT INTO interacts VALUES(1026315572371, 1, 'Clearlove', 1029, 1259506, 1);
INSERT INTO interacts VALUES(1026315572371, 1, 'Deft', 3071, 1273158, 1);
INSERT INTO interacts VALUES(1026315572371, 1, 'AN', 1051, 1346491, 1);
INSERT INTO interacts VALUES(1026315572371, 1, 'Ziv', 1011, 1346652, 1);
INSERT INTO interacts VALUES(1026315572371, 1, 'Albis', 1028, 1347979, 1);
INSERT INTO interacts VALUES(1026315572371, 1, 'Albis', 2043, 1350953, 1);
INSERT INTO interacts VALUES(1026315572371, 1, 'PawN', 3116, 1390792, 1);
INSERT INTO interacts VALUES(1026315572371, 1, 'PawN', 2043, 1391732, 1);
INSERT INTO interacts VALUES(1026315572371, 1, 'Mouse', 3068, 1397407, 1);
INSERT INTO interacts VALUES(1026315572371, 1, 'Meiko', 2301, 1398326, 1);
INSERT INTO interacts VALUES(1026315572371, 1, 'Mouse', 1027, 1398555, 1);
INSERT INTO interacts VALUES(1026315572371, 1, 'Deft', 3086, 1398980, 1);
INSERT INTO interacts VALUES(1026315572371, 1, 'Mouse', 2043, 1399145, 1);
INSERT INTO interacts VALUES(1026315572371, 1, 'Deft', 2043, 1400410, 1);
INSERT INTO interacts VALUES(1026315572371, 1, 'Meiko', 3067, 1401777, 1);
INSERT INTO interacts VALUES(1026315572371, 1, 'Meiko', 3364, 1403254, 1);
INSERT INTO interacts VALUES(1026315572371, 1, 'Meiko', 2043, 1403415, 1);
INSERT INTO interacts VALUES(1026315572371, 1, 'Meiko', 1028, 1404128, 1);
INSERT INTO interacts VALUES(1026315572371, 1, 'Clearlove', 2032, 1406536, 0);
INSERT INTO interacts VALUES(1026315572371, 1, 'Clearlove', 1011, 1408081, 1);
INSERT INTO interacts VALUES(1026315572371, 1, 'Clearlove', 3751, 1410435, 1);
INSERT INTO interacts VALUES(1026315572371, 1, 'Mountain', 3742, 1444769, 1);
INSERT INTO interacts VALUES(1026315572371, 1, 'Chawy', 2031, 1447829, 0);
INSERT INTO interacts VALUES(1026315572371, 1, 'Chawy', 1058, 1448659, 1);
INSERT INTO interacts VALUES(1026315572371, 1, 'Mountain', 2043, 1449974, 1);
INSERT INTO interacts VALUES(1026315572371, 1, 'Albis', 3801, 1450233, 1);
INSERT INTO interacts VALUES(1026315572371, 1, 'Albis', 2043, 1451535, 1);
INSERT INTO interacts VALUES(1026315572371, 1, 'PawN', 1026, 1566192, 1);
INSERT INTO interacts VALUES(1026315572371, 1, 'Meiko', 1033, 1572428, 1);
INSERT INTO interacts VALUES(1026315572371, 1, 'Meiko', 3801, 1572852, 1);
INSERT INTO interacts VALUES(1026315572371, 1, 'Meiko', 2031, 1573956, 0);
INSERT INTO interacts VALUES(1026315572371, 1, 'Meiko', 2043, 1574654, 1);
INSERT INTO interacts VALUES(1026315572371, 1, 'Mouse', 3057, 1576360, 1);
INSERT INTO interacts VALUES(1026315572371, 1, 'Clearlove', 3715, 1585444, 1);
INSERT INTO interacts VALUES(1026315572371, 1, 'Deft', 3094, 1592462, 1);
INSERT INTO interacts VALUES(1026315572371, 1, 'AN', 3086, 1616025, 1);
INSERT INTO interacts VALUES(1026315572371, 1, 'AN', 1083, 1617322, 0);
INSERT INTO interacts VALUES(1026315572371, 1, 'Chawy', 3158, 1617403, 1);
INSERT INTO interacts VALUES(1026315572371, 1, 'Chawy', 1056, 1618319, 0);
INSERT INTO interacts VALUES(1026315572371, 1, 'Ziv', 3116, 1618711, 1);
INSERT INTO interacts VALUES(1026315572371, 1, 'Albis', 3105, 1619747, 1);
INSERT INTO interacts VALUES(1026315572371, 1, 'Chawy', 1026, 1621252, 1);
INSERT INTO interacts VALUES(1026315572371, 1, 'Albis', 3364, 1621252, 1);
INSERT INTO interacts VALUES(1026315572371, 1, 'Chawy', 1056, 1622148, 0);
INSERT INTO interacts VALUES(1026315572371, 1, 'Chawy', 2043, 1623367, 1);
INSERT INTO interacts VALUES(1026315572371, 1, 'AN', 3085, 1632424, 1);
INSERT INTO interacts VALUES(1026315572371, 1, 'Meiko', 3105, 1633235, 1);
INSERT INTO interacts VALUES(1026315572371, 1, 'Mountain', 3082, 1644436, 1);
INSERT INTO interacts VALUES(1026315572371, 1, 'Mountain', 2032, 1645835, 0);
INSERT INTO interacts VALUES(1026315572371, 1, 'Clearlove', 1413, 1645872, 1);
INSERT INTO interacts VALUES(1026315572371, 1, 'Clearlove', 2043, 1646648, 1);
INSERT INTO interacts VALUES(1026315572371, 1, 'Mountain', 2043, 1649121, 1);
INSERT INTO interacts VALUES(1026315572371, 1, 'Ziv', 1026, 1704593, 1);
INSERT INTO interacts VALUES(1026315572371, 1, 'Ziv', 2043, 1706056, 1);
INSERT INTO interacts VALUES(1026315572371, 1, 'Meiko', 3190, 1729052, 1);
INSERT INTO interacts VALUES(1026315572371, 1, 'Meiko', 2043, 1730096, 1);
INSERT INTO interacts VALUES(1026315572371, 1, 'Deft', 3006, 1732883, 1);
INSERT INTO interacts VALUES(1026315572371, 1, 'Deft', 2043, 1735437, 1);
INSERT INTO interacts VALUES(1026315572371, 1, 'Mouse', 3024, 1739540, 1);
INSERT INTO interacts VALUES(1026315572371, 1, 'Albis', 1028, 1745687, 1);
INSERT INTO interacts VALUES(1026315572371, 1, 'Albis', 2043, 1746254, 1);
INSERT INTO interacts VALUES(1026315572371, 1, 'Mountain', 1011, 1771329, 1);
INSERT INTO interacts VALUES(1026315572371, 1, 'Mountain', 2043, 1773666, 1);
INSERT INTO interacts VALUES(1026315572371, 1, 'Ziv', 1052, 1784315, 1);
INSERT INTO interacts VALUES(1026315572371, 1, 'PawN', 1058, 1785351, 1);
INSERT INTO interacts VALUES(1026315572371, 1, 'Chawy', 3089, 1837044, 1);
INSERT INTO interacts VALUES(1026315572371, 1, 'Albis', 3190, 1892940, 1);
INSERT INTO interacts VALUES(1026315572371, 1, 'Deft', 3155, 1894464, 1);
INSERT INTO interacts VALUES(1026315572371, 1, 'Mouse', 3025, 1894949, 1);
INSERT INTO interacts VALUES(1026315572371, 1, 'AN', 1038, 1896941, 1);
INSERT INTO interacts VALUES(1026315572371, 1, 'Mouse', 1028, 1897068, 1);
INSERT INTO interacts VALUES(1026315572371, 1, 'Meiko', 3114, 1917439, 1);
INSERT INTO interacts VALUES(1026315572371, 1, 'Clearlove', 3065, 1918836, 1);
INSERT INTO interacts VALUES(1026315572371, 1, 'Mountain', 3143, 1925856, 1);
INSERT INTO interacts VALUES(1026315572371, 1, 'Mountain', 2043, 1927055, 1);
INSERT INTO interacts VALUES(1026315572371, 1, 'Mountain', 2043, 1927315, 1);
INSERT INTO interacts VALUES(1026315572371, 1, 'Ziv', 3135, 1973398, 1);
INSERT INTO interacts VALUES(1026315572371, 1, 'PawN', 3089, 1973430, 1);
INSERT INTO interacts VALUES(1026315572371, 1, 'Meiko', 2043, 1990517, 1);
INSERT INTO interacts VALUES(1026315572371, 1, 'Ziv', 2043, 1990712, 1);
INSERT INTO interacts VALUES(1026315572371, 1, 'Chawy', 1026, 2006399, 1);
INSERT INTO interacts VALUES(1026315572371, 1, 'Chawy', 2003, 2007859, 1);
INSERT INTO interacts VALUES(1026315572371, 1, 'Chawy', 2043, 2010072, 1);
INSERT INTO interacts VALUES(1026315572371, 1, 'Albis', 1029, 2032329, 1);
INSERT INTO interacts VALUES(1026315572371, 1, 'Albis', 2043, 2032764, 1);
INSERT INTO interacts VALUES(1026315572371, 1, 'Albis', 2043, 2033022, 1);
INSERT INTO interacts VALUES(1026315572371, 1, 'Mouse', 1011, 2092083, 1);
INSERT INTO interacts VALUES(1026315572371, 1, 'Mouse', 2033, 2093215, 0);
INSERT INTO interacts VALUES(1026315572371, 1, 'Mouse', 3082, 2095041, 1);
INSERT INTO interacts VALUES(1026315572371, 1, 'Clearlove', 1011, 2096700, 1);
INSERT INTO interacts VALUES(1026315572371, 1, 'Albis', 1031, 2101254, 1);
INSERT INTO interacts VALUES(1026315572371, 1, 'AN', 3031, 2108204, 1);
INSERT INTO interacts VALUES(1026315572371, 1, 'AN', 2043, 2109674, 1);
INSERT INTO interacts VALUES(1026315572371, 1, 'Mountain', 1031, 2117601, 1);
INSERT INTO interacts VALUES(1026315572371, 1, 'Mountain', 2043, 2119963, 1);
INSERT INTO interacts VALUES(1026315572371, 1, 'Meiko', 2043, 2121400, 1);
INSERT INTO interacts VALUES(1026315572371, 1, 'Meiko', 2043, 2121537, 1);
INSERT INTO interacts VALUES(1026315572371, 1, 'Meiko', 1033, 2123413, 1);
INSERT INTO interacts VALUES(1026315572371, 1, 'Chawy', 2043, 2133474, 1);
INSERT INTO interacts VALUES(1026315572371, 1, 'Deft', 3156, 2133672, 1);
INSERT INTO interacts VALUES(1026315572371, 1, 'Ziv', 3191, 2195922, 1);
INSERT INTO interacts VALUES(1026315572371, 1, 'Albis', 2053, 2198104, 1);
INSERT INTO interacts VALUES(1026315572371, 1, 'Mouse', 3143, 2242453, 1);
INSERT INTO interacts VALUES(1026315572371, 1, 'Mouse', 2043, 2246388, 1);
INSERT INTO interacts VALUES(1026315572371, 1, 'Albis', 2043, 2250551, 1);
INSERT INTO interacts VALUES(1026315572371, 1, 'Albis', 2043, 2250867, 1);
INSERT INTO interacts VALUES(1026315572371, 1, 'Mountain', 1057, 2261331, 1);
INSERT INTO interacts VALUES(1026315572371, 1, 'Meiko', 3028, 2261331, 1);
INSERT INTO interacts VALUES(1026315572371, 1, 'Meiko', 2043, 2262234, 1);
INSERT INTO interacts VALUES(1026315572371, 1, 'Clearlove', 3082, 2264114, 1);
INSERT INTO interacts VALUES(1026315572371, 1, 'Chawy', 3135, 2269548, 1);
INSERT INTO interacts VALUES(1026315572371, 1, 'Deft', 1055, 2272670, 0);
INSERT INTO interacts VALUES(1026315572371, 1, 'Deft', 1038, 2273449, 1);
INSERT INTO interacts VALUES(1026315572371, 1, 'AN', 3035, 2281008, 1);
INSERT INTO interacts VALUES(1026315572371, 1, 'Albis', 3069, 2374902, 1);
INSERT INTO interacts VALUES(1026315572371, 1, 'Albis', 2043, 2375553, 1);
INSERT INTO interacts VALUES(1026315572371, 1, 'Ziv', 1054, 2404895, 0);
INSERT INTO interacts VALUES(1026315572371, 1, 'Ziv', 3108, 2406386, 1);
INSERT INTO interacts VALUES(1026315572371, 1, 'Chawy', 1026, 2444067, 1);
INSERT INTO series VALUES(163546279378, 1);
INSERT INTO organizes VALUES('world_championship_2016', 163546279378, 'group_a - CLG-vs-ANX');
INSERT INTO competes VALUES(163546279378, 'CLG', 1);
INSERT INTO competes VALUES(163546279378, 'ANX', 0);
INSERT INTO matches VALUES(163546279378, 1, '2016-10-01');
INSERT INTO scores VALUES('CLG', 163546279378, 1, 1, 7, 0, 0, 2, 0);
INSERT INTO scores VALUES('ANX', 163546279378, 1, 1, 9, 0, 2, 2, 1);
INSERT INTO bans VALUES(163546279378, 1, 63, 1);
INSERT INTO bans VALUES(163546279378, 1, 98, 3);
INSERT INTO bans VALUES(163546279378, 1, 8, 5);
INSERT INTO bans VALUES(163546279378, 1, 15, 2);
INSERT INTO bans VALUES(163546279378, 1, 51, 4);
INSERT INTO bans VALUES(163546279378, 1, 2, 6);
INSERT INTO plays VALUES(163546279378, 1, 'Darshan', 78, 'top', 2, 3, 3, 18336, 22, 2, 280, 2, 6, 13244);
INSERT INTO plays VALUES(163546279378, 1, 'Xmithie', 60, 'jungle', 0, 3, 7, 18276, 27, 12, 50, 94, 14, 12845);
INSERT INTO plays VALUES(163546279378, 1, 'Huhi', 134, 'mid', 4, 4, 5, 18384, 22, 4, 330, 43, 6, 15809);
INSERT INTO plays VALUES(163546279378, 1, 'Stixxay', 81, 'adc', 9, 4, 4, 43105, 16, 8, 290, 11, 3, 16327);
INSERT INTO plays VALUES(163546279378, 1, 'aphromoo', 432, 'support', 1, 4, 10, 10572, 40, 12, 12, 1, 0, 10256);
INSERT INTO plays VALUES(163546279378, 1, 'Smurf', 48, 'top', 3, 4, 6, 14236, 22, 6, 311, 6, 1, 15753);
INSERT INTO plays VALUES(163546279378, 1, 'PvPStejos', 76, 'jungle', 2, 3, 6, 17592, 26, 14, 22, 106, 15, 14624);
INSERT INTO plays VALUES(163546279378, 1, 'Kira', 126, 'mid', 6, 3, 7, 26698, 21, 8, 295, 4, 0, 16199);
INSERT INTO plays VALUES(163546279378, 1, 'aMiracle', 236, 'adc', 4, 2, 6, 17668, 6, 13, 359, 11, 0, 16791);
INSERT INTO plays VALUES(163546279378, 1, 'Likkrit', 223, 'support', 3, 4, 10, 13925, 51, 13, 58, 0, 0, 12375);
INSERT INTO interacts VALUES(163546279378, 1, 'Stixxay', 3340, 1560, 1);
INSERT INTO interacts VALUES(163546279378, 1, 'Xmithie', 3340, 1683, 1);
INSERT INTO interacts VALUES(163546279378, 1, 'Huhi', 3340, 1715, 1);
INSERT INTO interacts VALUES(163546279378, 1, 'Likkrit', 3302, 1845, 1);
INSERT INTO interacts VALUES(163546279378, 1, 'Stixxay', 2010, 1845, 1);
INSERT INTO interacts VALUES(163546279378, 1, 'Likkrit', 3340, 2040, 1);
INSERT INTO interacts VALUES(163546279378, 1, 'Xmithie', 1039, 2040, 1);
INSERT INTO interacts VALUES(163546279378, 1, 'Stixxay', 1055, 2105, 1);
INSERT INTO interacts VALUES(163546279378, 1, 'Huhi', 1056, 2105, 1);
INSERT INTO interacts VALUES(163546279378, 1, 'Likkrit', 2031, 2300, 1);
INSERT INTO interacts VALUES(163546279378, 1, 'Huhi', 2010, 2300, 1);
INSERT INTO interacts VALUES(163546279378, 1, 'PvPStejos', 1039, 2399, 1);
INSERT INTO interacts VALUES(163546279378, 1, 'Huhi', 2010, 2465, 1);
INSERT INTO interacts VALUES(163546279378, 1, 'Smurf', 2033, 2756, 1);
INSERT INTO interacts VALUES(163546279378, 1, 'aMiracle', 2010, 2756, 1);
INSERT INTO interacts VALUES(163546279378, 1, 'PvPStejos', 3340, 2949, 1);
INSERT INTO interacts VALUES(163546279378, 1, 'Darshan', 3340, 3046, 1);
INSERT INTO interacts VALUES(163546279378, 1, 'aphromoo', 3340, 3079, 1);
INSERT INTO interacts VALUES(163546279378, 1, 'Smurf', 3340, 3119, 1);
INSERT INTO interacts VALUES(163546279378, 1, 'Xmithie', 2031, 3119, 1);
INSERT INTO interacts VALUES(163546279378, 1, 'aMiracle', 1055, 3272, 1);
INSERT INTO interacts VALUES(163546279378, 1, 'aphromoo', 3303, 3379, 1);
INSERT INTO interacts VALUES(163546279378, 1, 'Darshan', 2033, 3379, 1);
INSERT INTO interacts VALUES(163546279378, 1, 'aMiracle', 3340, 3595, 1);
INSERT INTO interacts VALUES(163546279378, 1, 'aphromoo', 2010, 3638, 1);
INSERT INTO interacts VALUES(163546279378, 1, 'aphromoo', 2010, 3789, 1);
INSERT INTO interacts VALUES(163546279378, 1, 'aphromoo', 2010, 3919, 1);
INSERT INTO interacts VALUES(163546279378, 1, 'PvPStejos', 2031, 4081, 1);
INSERT INTO interacts VALUES(163546279378, 1, 'Kira', 1055, 8256, 1);
INSERT INTO interacts VALUES(163546279378, 1, 'Kira', 3340, 8776, 1);
INSERT INTO interacts VALUES(163546279378, 1, 'Kira', 2003, 9261, 1);
INSERT INTO interacts VALUES(163546279378, 1, 'PvPStejos', 2043, 159840, 1);
INSERT INTO interacts VALUES(163546279378, 1, 'Huhi', 3802, 276449, 1);
INSERT INTO interacts VALUES(163546279378, 1, 'Darshan', 1031, 353821, 1);
INSERT INTO interacts VALUES(163546279378, 1, 'Darshan', 1028, 354257, 1);
INSERT INTO interacts VALUES(163546279378, 1, 'Darshan', 2043, 358719, 1);
INSERT INTO interacts VALUES(163546279378, 1, 'Huhi', 1056, 418099, 1);
INSERT INTO interacts VALUES(163546279378, 1, 'Huhi', 1001, 418454, 1);
INSERT INTO interacts VALUES(163546279378, 1, 'Huhi', 2010, 419655, 1);
INSERT INTO interacts VALUES(163546279378, 1, 'Huhi', 2010, 419817, 1);
INSERT INTO interacts VALUES(163546279378, 1, 'Smurf', 3077, 420488, 1);
INSERT INTO interacts VALUES(163546279378, 1, 'Smurf', 1001, 421137, 1);
INSERT INTO interacts VALUES(163546279378, 1, 'Smurf', 2043, 422206, 1);
INSERT INTO interacts VALUES(163546279378, 1, 'PvPStejos', 3711, 424841, 1);
INSERT INTO interacts VALUES(163546279378, 1, 'PvPStejos', 1052, 425750, 1);
INSERT INTO interacts VALUES(163546279378, 1, 'PvPStejos', 2043, 426919, 1);
INSERT INTO interacts VALUES(163546279378, 1, 'Kira', 3155, 427404, 1);
INSERT INTO interacts VALUES(163546279378, 1, 'Kira', 2043, 429103, 1);
INSERT INTO interacts VALUES(163546279378, 1, 'Kira', 2003, 429450, 1);
INSERT INTO interacts VALUES(163546279378, 1, 'Kira', 2003, 431964, 1);
INSERT INTO interacts VALUES(163546279378, 1, 'Xmithie', 3711, 450688, 1);
INSERT INTO interacts VALUES(163546279378, 1, 'Xmithie', 1001, 451653, 1);
INSERT INTO interacts VALUES(163546279378, 1, 'Xmithie', 1052, 452505, 1);
INSERT INTO interacts VALUES(163546279378, 1, 'Likkrit', 2049, 466204, 1);
INSERT INTO interacts VALUES(163546279378, 1, 'Likkrit', 1001, 467148, 1);
INSERT INTO interacts VALUES(163546279378, 1, 'Likkrit', 3341, 467839, 1);
INSERT INTO interacts VALUES(163546279378, 1, 'aMiracle', 3134, 472247, 1);
INSERT INTO interacts VALUES(163546279378, 1, 'aMiracle', 1036, 473702, 1);
INSERT INTO interacts VALUES(163546279378, 1, 'aMiracle', 1036, 473868, 1);
INSERT INTO interacts VALUES(163546279378, 1, 'aMiracle', 1001, 474328, 1);
INSERT INTO interacts VALUES(163546279378, 1, 'Stixxay', 3070, 493951, 1);
INSERT INTO interacts VALUES(163546279378, 1, 'aphromoo', 2049, 493951, 1);
INSERT INTO interacts VALUES(163546279378, 1, 'Stixxay', 3057, 495021, 1);
INSERT INTO interacts VALUES(163546279378, 1, 'aphromoo', 2043, 495085, 1);
INSERT INTO interacts VALUES(163546279378, 1, 'aphromoo', 2010, 495344, 1);
INSERT INTO interacts VALUES(163546279378, 1, 'Stixxay', 1001, 496513, 1);
INSERT INTO interacts VALUES(163546279378, 1, 'aphromoo', 3341, 496685, 1);
INSERT INTO interacts VALUES(163546279378, 1, 'Stixxay', 2043, 496871, 1);
INSERT INTO interacts VALUES(163546279378, 1, 'Huhi', 1052, 534933, 1);
INSERT INTO interacts VALUES(163546279378, 1, 'Kira', 1036, 547905, 1);
INSERT INTO interacts VALUES(163546279378, 1, 'Kira', 1001, 548424, 1);
INSERT INTO interacts VALUES(163546279378, 1, 'Huhi', 2010, 552513, 1);
INSERT INTO interacts VALUES(163546279378, 1, 'Kira', 2003, 569288, 1);
INSERT INTO interacts VALUES(163546279378, 1, 'Darshan', 3751, 600518, 1);
INSERT INTO interacts VALUES(163546279378, 1, 'Darshan', 1001, 601885, 1);
INSERT INTO interacts VALUES(163546279378, 1, 'Smurf', 1037, 602504, 1);
INSERT INTO interacts VALUES(163546279378, 1, 'Darshan', 1029, 602731, 1);
INSERT INTO interacts VALUES(163546279378, 1, 'PvPStejos', 1410, 609676, 1);
INSERT INTO interacts VALUES(163546279378, 1, 'Likkrit', 1028, 615146, 1);
INSERT INTO interacts VALUES(163546279378, 1, 'Likkrit', 2043, 616448, 1);
INSERT INTO interacts VALUES(163546279378, 1, 'Likkrit', 2043, 616903, 1);
INSERT INTO interacts VALUES(163546279378, 1, 'aMiracle', 3133, 623413, 1);
INSERT INTO interacts VALUES(163546279378, 1, 'aMiracle', 1042, 625296, 1);
INSERT INTO interacts VALUES(163546279378, 1, 'Xmithie', 3113, 632900, 1);
INSERT INTO interacts VALUES(163546279378, 1, 'Xmithie', 1052, 633876, 1);
INSERT INTO interacts VALUES(163546279378, 1, 'Xmithie', 2043, 634378, 1);
INSERT INTO interacts VALUES(163546279378, 1, 'aphromoo', 1001, 658581, 1);
INSERT INTO interacts VALUES(163546279378, 1, 'aphromoo', 2043, 659363, 1);
INSERT INTO interacts VALUES(163546279378, 1, 'aphromoo', 2010, 659523, 1);
INSERT INTO interacts VALUES(163546279378, 1, 'aphromoo', 2010, 659695, 1);
INSERT INTO interacts VALUES(163546279378, 1, 'Stixxay', 1037, 660015, 1);
INSERT INTO interacts VALUES(163546279378, 1, 'Stixxay', 2010, 660800, 1);
INSERT INTO interacts VALUES(163546279378, 1, 'Stixxay', 2010, 660925, 1);
INSERT INTO interacts VALUES(163546279378, 1, 'Huhi', 3108, 682969, 1);
INSERT INTO interacts VALUES(163546279378, 1, 'Xmithie', 2043, 721332, 1);
INSERT INTO interacts VALUES(163546279378, 1, 'Likkrit', 3111, 752662, 1);
INSERT INTO interacts VALUES(163546279378, 1, 'Smurf', 1053, 777743, 1);
INSERT INTO interacts VALUES(163546279378, 1, 'Smurf', 2043, 778329, 1);
INSERT INTO interacts VALUES(163546279378, 1, 'Stixxay', 3004, 787245, 1);
INSERT INTO interacts VALUES(163546279378, 1, 'Stixxay', 1027, 788950, 1);
INSERT INTO interacts VALUES(163546279378, 1, 'Xmithie', 1410, 790489, 1);
INSERT INTO interacts VALUES(163546279378, 1, 'Darshan', 3068, 800836, 1);
INSERT INTO interacts VALUES(163546279378, 1, 'Darshan', 2043, 802268, 1);
INSERT INTO interacts VALUES(163546279378, 1, 'Huhi', 3165, 806684, 1);
INSERT INTO interacts VALUES(163546279378, 1, 'Huhi', 2043, 807893, 1);
INSERT INTO interacts VALUES(163546279378, 1, 'Huhi', 2010, 808198, 1);
INSERT INTO interacts VALUES(163546279378, 1, 'Huhi', 3363, 808542, 1);
INSERT INTO interacts VALUES(163546279378, 1, 'PvPStejos', 1001, 829317, 1);
INSERT INTO interacts VALUES(163546279378, 1, 'PvPStejos', 1058, 830784, 1);
INSERT INTO interacts VALUES(163546279378, 1, 'aMiracle', 3142, 831367, 1);
INSERT INTO interacts VALUES(163546279378, 1, 'PvPStejos', 3364, 832727, 1);
INSERT INTO interacts VALUES(163546279378, 1, 'aMiracle', 2031, 833245, 1);
INSERT INTO interacts VALUES(163546279378, 1, 'aMiracle', 3363, 833734, 1);
INSERT INTO interacts VALUES(163546279378, 1, 'Kira', 3156, 836157, 1);
INSERT INTO interacts VALUES(163546279378, 1, 'PvPStejos', 1028, 836694, 1);
INSERT INTO interacts VALUES(163546279378, 1, 'Kira', 1036, 837309, 1);
INSERT INTO interacts VALUES(163546279378, 1, 'PvPStejos', 1011, 838613, 1);
INSERT INTO interacts VALUES(163546279378, 1, 'PvPStejos', 1052, 839943, 1);
INSERT INTO interacts VALUES(163546279378, 1, 'Smurf', 3074, 840841, 1);
INSERT INTO interacts VALUES(163546279378, 1, 'PvPStejos', 3364, 841478, 1);
INSERT INTO interacts VALUES(163546279378, 1, 'Smurf', 1028, 843298, 1);
INSERT INTO interacts VALUES(163546279378, 1, 'Stixxay', 3025, 996496, 1);
INSERT INTO interacts VALUES(163546279378, 1, 'Stixxay', 3363, 997176, 1);
INSERT INTO interacts VALUES(163546279378, 1, 'Stixxay', 1036, 998249, 1);
INSERT INTO interacts VALUES(163546279378, 1, 'Stixxay', 2010, 999551, 0);
INSERT INTO interacts VALUES(163546279378, 1, 'Stixxay', 2043, 1000020, 1);
INSERT INTO interacts VALUES(163546279378, 1, 'Huhi', 3020, 1002106, 1);
INSERT INTO interacts VALUES(163546279378, 1, 'Huhi', 1028, 1004178, 1);
INSERT INTO interacts VALUES(163546279378, 1, 'aMiracle', 3006, 1012904, 1);
INSERT INTO interacts VALUES(163546279378, 1, 'aMiracle', 1036, 1014331, 1);
INSERT INTO interacts VALUES(163546279378, 1, 'Likkrit', 3105, 1014464, 1);
INSERT INTO interacts VALUES(163546279378, 1, 'Likkrit', 2043, 1015821, 1);
INSERT INTO interacts VALUES(163546279378, 1, 'Darshan', 3047, 1019164, 1);
INSERT INTO interacts VALUES(163546279378, 1, 'aphromoo', 3117, 1019713, 1);
INSERT INTO interacts VALUES(163546279378, 1, 'Kira', 3134, 1020199, 1);
INSERT INTO interacts VALUES(163546279378, 1, 'Darshan', 1033, 1020199, 1);
INSERT INTO interacts VALUES(163546279378, 1, 'Darshan', 1028, 1021083, 1);
INSERT INTO interacts VALUES(163546279378, 1, 'aphromoo', 2301, 1021184, 1);
INSERT INTO interacts VALUES(163546279378, 1, 'Kira', 1036, 1021325, 1);
INSERT INTO interacts VALUES(163546279378, 1, 'aphromoo', 2043, 1021798, 1);
INSERT INTO interacts VALUES(163546279378, 1, 'aphromoo', 2010, 1022055, 1);
INSERT INTO interacts VALUES(163546279378, 1, 'aphromoo', 2010, 1022185, 1);
INSERT INTO interacts VALUES(163546279378, 1, 'Darshan', 2043, 1022281, 1);
INSERT INTO interacts VALUES(163546279378, 1, 'aphromoo', 3364, 1024392, 1);
INSERT INTO interacts VALUES(163546279378, 1, 'Smurf', 3111, 1025529, 1);
INSERT INTO interacts VALUES(163546279378, 1, 'Smurf', 1029, 1027315, 1);
INSERT INTO interacts VALUES(163546279378, 1, 'Smurf', 2043, 1028907, 1);
INSERT INTO interacts VALUES(163546279378, 1, 'Xmithie', 3364, 1039071, 1);
INSERT INTO interacts VALUES(163546279378, 1, 'Xmithie', 3158, 1041554, 1);
INSERT INTO interacts VALUES(163546279378, 1, 'Xmithie', 1011, 1043309, 1);
INSERT INTO interacts VALUES(163546279378, 1, 'Xmithie', 2043, 1044032, 1);
INSERT INTO interacts VALUES(163546279378, 1, 'PvPStejos', 1058, 1049633, 1);
INSERT INTO interacts VALUES(163546279378, 1, 'aMiracle', 3133, 1134871, 1);
INSERT INTO interacts VALUES(163546279378, 1, 'Huhi', 1058, 1197539, 1);
INSERT INTO interacts VALUES(163546279378, 1, 'Huhi', 1056, 1199217, 0);
INSERT INTO interacts VALUES(163546279378, 1, 'aphromoo', 1029, 1207235, 1);
INSERT INTO interacts VALUES(163546279378, 1, 'aphromoo', 1027, 1207681, 1);
INSERT INTO interacts VALUES(163546279378, 1, 'Darshan', 3211, 1208229, 1);
INSERT INTO interacts VALUES(163546279378, 1, 'aphromoo', 2043, 1208802, 1);
INSERT INTO interacts VALUES(163546279378, 1, 'aphromoo', 2010, 1208982, 1);
INSERT INTO interacts VALUES(163546279378, 1, 'Huhi', 1011, 1210537, 1);
INSERT INTO interacts VALUES(163546279378, 1, 'Darshan', 1029, 1213105, 1);
INSERT INTO interacts VALUES(163546279378, 1, 'Darshan', 1027, 1225194, 1);
INSERT INTO interacts VALUES(163546279378, 1, 'Stixxay', 3158, 1225762, 1);
INSERT INTO interacts VALUES(163546279378, 1, 'Stixxay', 1053, 1227323, 1);
INSERT INTO interacts VALUES(163546279378, 1, 'Stixxay', 2043, 1227908, 1);
INSERT INTO interacts VALUES(163546279378, 1, 'aMiracle', 1036, 1233697, 1);
INSERT INTO interacts VALUES(163546279378, 1, 'Likkrit', 3190, 1250652, 1);
INSERT INTO interacts VALUES(163546279378, 1, 'Smurf', 2043, 1251431, 0);
INSERT INTO interacts VALUES(163546279378, 1, 'Likkrit', 3364, 1251531, 1);
INSERT INTO interacts VALUES(163546279378, 1, 'Smurf', 3057, 1253045, 1);
INSERT INTO interacts VALUES(163546279378, 1, 'Smurf', 3024, 1254981, 1);
INSERT INTO interacts VALUES(163546279378, 1, 'PvPStejos', 3116, 1257032, 1);
INSERT INTO interacts VALUES(163546279378, 1, 'Stixxay', 3144, 1342913, 1);
INSERT INTO interacts VALUES(163546279378, 1, 'aphromoo', 3024, 1348249, 1);
INSERT INTO interacts VALUES(163546279378, 1, 'aphromoo', 2043, 1349095, 1);
INSERT INTO interacts VALUES(163546279378, 1, 'Smurf', 3025, 1349226, 1);
INSERT INTO interacts VALUES(163546279378, 1, 'aphromoo', 2010, 1349325, 1);
INSERT INTO interacts VALUES(163546279378, 1, 'aphromoo', 2010, 1349457, 1);
INSERT INTO interacts VALUES(163546279378, 1, 'Likkrit', 3097, 1357830, 1);
INSERT INTO interacts VALUES(163546279378, 1, 'Likkrit', 2043, 1358908, 1);
INSERT INTO interacts VALUES(163546279378, 1, 'Likkrit', 2043, 1359038, 1);
INSERT INTO interacts VALUES(163546279378, 1, 'Kira', 3142, 1361385, 1);
INSERT INTO interacts VALUES(163546279378, 1, 'Kira', 2043, 1362325, 1);
INSERT INTO interacts VALUES(163546279378, 1, 'PvPStejos', 3111, 1363736, 1);
INSERT INTO interacts VALUES(163546279378, 1, 'PvPStejos', 2043, 1365160, 1);
INSERT INTO interacts VALUES(163546279378, 1, 'aMiracle', 3044, 1374652, 1);
INSERT INTO interacts VALUES(163546279378, 1, 'Xmithie', 1058, 1386153, 1);
INSERT INTO interacts VALUES(163546279378, 1, 'Huhi', 3116, 1386314, 1);
INSERT INTO interacts VALUES(163546279378, 1, 'Xmithie', 2043, 1387096, 1);
INSERT INTO interacts VALUES(163546279378, 1, 'Huhi', 2043, 1388139, 1);
INSERT INTO interacts VALUES(163546279378, 1, 'Huhi', 2010, 1388464, 1);
INSERT INTO interacts VALUES(163546279378, 1, 'Huhi', 2010, 1388616, 1);
INSERT INTO interacts VALUES(163546279378, 1, 'Huhi', 2043, 1388869, 1);
INSERT INTO interacts VALUES(163546279378, 1, 'Darshan', 3057, 1397974, 1);
INSERT INTO interacts VALUES(163546279378, 1, 'aMiracle', 3071, 1480616, 1);
INSERT INTO interacts VALUES(163546279378, 1, 'aMiracle', 1042, 1481092, 1);
INSERT INTO interacts VALUES(163546279378, 1, 'Likkrit', 2303, 1520485, 1);
INSERT INTO interacts VALUES(163546279378, 1, 'Likkrit', 2043, 1521134, 1);
INSERT INTO interacts VALUES(163546279378, 1, 'Likkrit', 2043, 1521229, 1);
INSERT INTO interacts VALUES(163546279378, 1, 'Smurf', 3211, 1526885, 1);
INSERT INTO interacts VALUES(163546279378, 1, 'Kira', 3111, 1528022, 1);
INSERT INTO interacts VALUES(163546279378, 1, 'Huhi', 1026, 1543851, 1);
INSERT INTO interacts VALUES(163546279378, 1, 'PvPStejos', 1026, 1548212, 1);
INSERT INTO interacts VALUES(163546279378, 1, 'Darshan', 3025, 1553933, 1);
INSERT INTO interacts VALUES(163546279378, 1, 'Darshan', 2043, 1554986, 1);
INSERT INTO interacts VALUES(163546279378, 1, 'Xmithie', 3116, 1559913, 1);
INSERT INTO interacts VALUES(163546279378, 1, 'Xmithie', 1028, 1560931, 1);
INSERT INTO interacts VALUES(163546279378, 1, 'Xmithie', 2043, 1561618, 1);
INSERT INTO interacts VALUES(163546279378, 1, 'aphromoo', 3082, 1568396, 1);
INSERT INTO interacts VALUES(163546279378, 1, 'aphromoo', 2043, 1569082, 1);
INSERT INTO interacts VALUES(163546279378, 1, 'aphromoo', 2043, 1569214, 1);
INSERT INTO interacts VALUES(163546279378, 1, 'aphromoo', 2010, 1569394, 1);
INSERT INTO interacts VALUES(163546279378, 1, 'aphromoo', 2010, 1569505, 1);
INSERT INTO interacts VALUES(163546279378, 1, 'Kira', 1036, 1583349, 1);
INSERT INTO interacts VALUES(163546279378, 1, 'Smurf', 1028, 1583875, 1);
INSERT INTO interacts VALUES(163546279378, 1, 'aMiracle', 3086, 1585340, 1);
INSERT INTO interacts VALUES(163546279378, 1, 'Stixxay', 3153, 1587583, 1);
INSERT INTO interacts VALUES(163546279378, 1, 'Stixxay', 2043, 1588202, 1);
INSERT INTO interacts VALUES(163546279378, 1, 'Likkrit', 1029, 1588754, 1);
INSERT INTO interacts VALUES(163546279378, 1, 'Likkrit', 2043, 1589636, 1);
INSERT INTO interacts VALUES(163546279378, 1, 'Xmithie', 3067, 1654278, 1);
INSERT INTO interacts VALUES(163546279378, 1, 'Huhi', 3135, 1656014, 1);
INSERT INTO interacts VALUES(163546279378, 1, 'Smurf', 3067, 1667028, 1);
INSERT INTO interacts VALUES(163546279378, 1, 'Likkrit', 3082, 1676465, 1);
INSERT INTO interacts VALUES(163546279378, 1, 'aMiracle', 3094, 1677550, 1);
INSERT INTO interacts VALUES(163546279378, 1, 'Kira', 3044, 1679167, 1);
INSERT INTO interacts VALUES(163546279378, 1, 'PvPStejos', 3135, 1679323, 1);
INSERT INTO interacts VALUES(163546279378, 1, 'Stixxay', 2043, 1725284, 0);
INSERT INTO interacts VALUES(163546279378, 1, 'Stixxay', 1038, 1727191, 1);
INSERT INTO interacts VALUES(163546279378, 1, 'Huhi', 1056, 1746901, 0);
INSERT INTO interacts VALUES(163546279378, 1, 'Darshan', 1031, 1747392, 1);
INSERT INTO interacts VALUES(163546279378, 1, 'Huhi', 3108, 1747547, 1);
INSERT INTO interacts VALUES(163546279378, 1, 'Darshan', 2033, 1748398, 0);
INSERT INTO interacts VALUES(163546279378, 1, 'Huhi', 2010, 1748597, 1);
INSERT INTO interacts VALUES(163546279378, 1, 'Darshan', 1057, 1749503, 1);
INSERT INTO interacts VALUES(163546279378, 1, 'aphromoo', 3110, 1750410, 1);
INSERT INTO interacts VALUES(163546279378, 1, 'Huhi', 2010, 1750674, 1);
INSERT INTO interacts VALUES(163546279378, 1, 'aphromoo', 2010, 1751515, 1);
INSERT INTO interacts VALUES(163546279378, 1, 'Smurf', 3065, 1752735, 1);
INSERT INTO interacts VALUES(163546279378, 1, 'Smurf', 2043, 1755354, 1);
INSERT INTO interacts VALUES(163546279378, 1, 'Likkrit', 2031, 1838555, 0);
INSERT INTO interacts VALUES(163546279378, 1, 'Likkrit', 1011, 1839920, 1);
INSERT INTO interacts VALUES(163546279378, 1, 'Likkrit', 2043, 1840728, 1);
INSERT INTO interacts VALUES(163546279378, 1, 'Huhi', 2139, 1861342, 1);
INSERT INTO interacts VALUES(163546279378, 1, 'Stixxay', 1055, 1861768, 0);
INSERT INTO interacts VALUES(163546279378, 1, 'aMiracle', 2031, 1863391, 0);
INSERT INTO interacts VALUES(163546279378, 1, 'Stixxay', 1053, 1863421, 1);
INSERT INTO interacts VALUES(163546279378, 1, 'Huhi', 2043, 1865211, 1);
INSERT INTO interacts VALUES(163546279378, 1, 'Xmithie', 3152, 1865829, 1);
INSERT INTO interacts VALUES(163546279378, 1, 'aMiracle', 3140, 1865865, 1);
INSERT INTO interacts VALUES(163546279378, 1, 'PvPStejos', 3191, 1867599, 1);
INSERT INTO interacts VALUES(163546279378, 1, 'Kira', 3071, 1941941, 1);
INSERT INTO interacts VALUES(163546279378, 1, 'Kira', 2043, 1943014, 1);
INSERT INTO interacts VALUES(163546279378, 1, 'Darshan', 3026, 1956502, 1);
INSERT INTO interacts VALUES(163546279378, 1, 'Darshan', 2043, 1957831, 1);
INSERT INTO interacts VALUES(163546279378, 1, 'Smurf', 1011, 2007567, 1);
INSERT INTO interacts VALUES(163546279378, 1, 'Stixxay', 3072, 2061241, 1);
INSERT INTO interacts VALUES(163546279378, 1, 'Huhi', 3191, 2070782, 1);
INSERT INTO interacts VALUES(163546279378, 1, 'Kira', 2043, 2071179, 0);
INSERT INTO interacts VALUES(163546279378, 1, 'Kira', 3134, 2072420, 1);
INSERT INTO interacts VALUES(163546279378, 1, 'PvPStejos', 2031, 2078733, 0);
INSERT INTO interacts VALUES(163546279378, 1, 'Smurf', 2033, 2079582, 0);
INSERT INTO interacts VALUES(163546279378, 1, 'PvPStejos', 3108, 2080003, 1);
INSERT INTO interacts VALUES(163546279378, 1, 'Smurf', 3082, 2081156, 1);
INSERT INTO interacts VALUES(163546279378, 1, 'Likkrit', 3143, 2084634, 1);
INSERT INTO interacts VALUES(163546279378, 1, 'Likkrit', 1029, 2088631, 1);
INSERT INTO interacts VALUES(163546279378, 1, 'Darshan', 2043, 2088827, 0);
INSERT INTO interacts VALUES(163546279378, 1, 'Xmithie', 1031, 2090265, 1);
INSERT INTO interacts VALUES(163546279378, 1, 'Xmithie', 2031, 2092848, 0);
INSERT INTO interacts VALUES(163546279378, 1, 'Xmithie', 2043, 2094126, 1);
INSERT INTO interacts VALUES(163546279378, 1, 'Stixxay', 3035, 2094126, 1);
INSERT INTO interacts VALUES(163546279378, 1, 'Xmithie', 2043, 2094219, 1);
INSERT INTO interacts VALUES(163546279378, 1, 'aMiracle', 1055, 2108973, 0);
INSERT INTO interacts VALUES(163546279378, 1, 'aphromoo', 1011, 2110293, 1);
INSERT INTO interacts VALUES(163546279378, 1, 'aMiracle', 1053, 2110915, 1);
INSERT INTO interacts VALUES(163546279378, 1, 'aphromoo', 3082, 2111014, 1);
INSERT INTO interacts VALUES(163546279378, 1, 'aphromoo', 2010, 2115298, 1);
INSERT INTO interacts VALUES(163546279378, 1, 'Darshan', 3065, 2208102, 1);
INSERT INTO interacts VALUES(163546279378, 1, 'Smurf', 3143, 2218851, 1);
INSERT INTO interacts VALUES(163546279378, 1, 'Kira', 1055, 2219084, 0);
INSERT INTO interacts VALUES(163546279378, 1, 'PvPStejos', 3157, 2219311, 1);
INSERT INTO interacts VALUES(163546279378, 1, 'Darshan', 2043, 2219601, 1);
INSERT INTO interacts VALUES(163546279378, 1, 'Kira', 3035, 2221019, 1);
INSERT INTO interacts VALUES(163546279378, 1, 'PvPStejos', 1052, 2221719, 1);
INSERT INTO interacts VALUES(163546279378, 1, 'aMiracle', 3139, 2222926, 1);
INSERT INTO interacts VALUES(163546279378, 1, 'aMiracle', 1037, 2227691, 1);
INSERT INTO interacts VALUES(163546279378, 1, 'aphromoo', 2010, 2231128, 0);
INSERT INTO interacts VALUES(163546279378, 1, 'aphromoo', 2043, 2231619, 1);
INSERT INTO interacts VALUES(163546279378, 1, 'aphromoo', 2043, 2231749, 1);
INSERT INTO interacts VALUES(163546279378, 1, 'Likkrit', 3024, 2232532, 1);
INSERT INTO interacts VALUES(163546279378, 1, 'Likkrit', 2043, 2236585, 1);
INSERT INTO interacts VALUES(163546279378, 1, 'Smurf', 1031, 2236658, 1);
INSERT INTO interacts VALUES(163546279378, 1, 'Likkrit', 2043, 2236718, 1);
INSERT INTO interacts VALUES(163546279378, 1, 'Kira', 2140, 2238321, 1);
INSERT INTO interacts VALUES(163546279378, 1, 'Huhi', 3157, 2261232, 1);
INSERT INTO interacts VALUES(163546279378, 1, 'Xmithie', 3026, 2261330, 1);
INSERT INTO interacts VALUES(163546279378, 1, 'Huhi', 2010, 2263220, 1);
INSERT INTO interacts VALUES(163546279378, 1, 'Huhi', 2010, 2263351, 1);
INSERT INTO interacts VALUES(163546279378, 1, 'aphromoo', 3143, 2380872, 1);
INSERT INTO series VALUES(108601708585, 1);
INSERT INTO organizes VALUES('world_championship_2016', 108601708585, 'group_a - ROX-vs-G2');
INSERT INTO competes VALUES(108601708585, 'ROX', 1);
INSERT INTO competes VALUES(108601708585, 'G2', 0);
INSERT INTO matches VALUES(108601708585, 1, '2016-10-01');
INSERT INTO scores VALUES('ROX', 108601708585, 1, 5, 11, 0, 3, 2, 1);
INSERT INTO scores VALUES('G2', 108601708585, 1, 0, 5, 0, 0, 2, 0);
INSERT INTO bans VALUES(108601708585, 1, 8, 1);
INSERT INTO bans VALUES(108601708585, 1, 421, 3);
INSERT INTO bans VALUES(108601708585, 1, 15, 5);
INSERT INTO bans VALUES(108601708585, 1, 76, 2);
INSERT INTO bans VALUES(108601708585, 1, 60, 4);
INSERT INTO bans VALUES(108601708585, 1, 134, 6);
INSERT INTO plays VALUES(108601708585, 1, 'Smeb', 85, 'top', 5, 4, 8, 28086, 22, 6, 284, 15, 5, 17917);
INSERT INTO plays VALUES(108601708585, 1, 'Peanut', 56, 'jungle', 3, 2, 11, 16052, 20, 11, 49, 104, 13, 16445);
INSERT INTO plays VALUES(108601708585, 1, 'Kuro', 90, 'mid', 1, 2, 14, 37285, 28, 8, 313, 15, 4, 17069);
INSERT INTO plays VALUES(108601708585, 1, 'PraY', 81, 'adc', 10, 1, 5, 44717, 19, 9, 323, 25, 16, 20943);
INSERT INTO plays VALUES(108601708585, 1, 'GorillA', 16, 'support', 0, 5, 16, 3352, 61, 16, 27, 0, 0, 12162);
INSERT INTO plays VALUES(108601708585, 1, 'Expect', 150, 'top', 4, 3, 5, 11394, 21, 4, 283, 20, 1, 15729);
INSERT INTO plays VALUES(108601708585, 1, 'Trick', 2, 'jungle', 4, 5, 8, 16018, 36, 12, 87, 96, 9, 15126);
INSERT INTO plays VALUES(108601708585, 1, 'Perkz', 43, 'mid', 3, 6, 7, 18374, 16, 6, 302, 14, 12, 15232);
INSERT INTO plays VALUES(108601708585, 1, 'Zven', 202, 'adc', 2, 3, 8, 28603, 16, 8, 398, 8, 1, 17492);
INSERT INTO plays VALUES(108601708585, 1, 'mithy', 267, 'support', 1, 2, 11, 7307, 59, 17, 24, 0, 0, 10792);
INSERT INTO interacts VALUES(108601708585, 1, 'Trick', 1039, 2102, 1);
INSERT INTO interacts VALUES(108601708585, 1, 'Trick', 2031, 2322, 1);
INSERT INTO interacts VALUES(108601708585, 1, 'Zven', 1055, 2582, 1);
INSERT INTO interacts VALUES(108601708585, 1, 'PraY', 1055, 2622, 1);
INSERT INTO interacts VALUES(108601708585, 1, 'Trick', 3340, 2679, 1);
INSERT INTO interacts VALUES(108601708585, 1, 'Zven', 2003, 2777, 1);
INSERT INTO interacts VALUES(108601708585, 1, 'mithy', 3303, 2884, 1);
INSERT INTO interacts VALUES(108601708585, 1, 'PraY', 2010, 2939, 1);
INSERT INTO interacts VALUES(108601708585, 1, 'Zven', 3340, 2972, 1);
INSERT INTO interacts VALUES(108601708585, 1, 'mithy', 2010, 3139, 1);
INSERT INTO interacts VALUES(108601708585, 1, 'mithy', 2010, 3264, 1);
INSERT INTO interacts VALUES(108601708585, 1, 'Expect', 1054, 3327, 1);
INSERT INTO interacts VALUES(108601708585, 1, 'GorillA', 3303, 3360, 1);
INSERT INTO interacts VALUES(108601708585, 1, 'PraY', 3340, 3360, 1);
INSERT INTO interacts VALUES(108601708585, 1, 'mithy', 2010, 3402, 1);
INSERT INTO interacts VALUES(108601708585, 1, 'Peanut', 1041, 3553, 1);
INSERT INTO interacts VALUES(108601708585, 1, 'Expect', 2003, 3682, 1);
INSERT INTO interacts VALUES(108601708585, 1, 'Kuro', 1056, 3682, 1);
INSERT INTO interacts VALUES(108601708585, 1, 'mithy', 3340, 3715, 1);
INSERT INTO interacts VALUES(108601708585, 1, 'Peanut', 2031, 3811, 1);
INSERT INTO interacts VALUES(108601708585, 1, 'GorillA', 2010, 3844, 1);
INSERT INTO interacts VALUES(108601708585, 1, 'Kuro', 2003, 3916, 1);
INSERT INTO interacts VALUES(108601708585, 1, 'GorillA', 2010, 3974, 1);
INSERT INTO interacts VALUES(108601708585, 1, 'Kuro', 2003, 4038, 1);
INSERT INTO interacts VALUES(108601708585, 1, 'GorillA', 2010, 4072, 1);
INSERT INTO interacts VALUES(108601708585, 1, 'Perkz', 1056, 4103, 1);
INSERT INTO interacts VALUES(108601708585, 1, 'Expect', 3340, 4103, 1);
INSERT INTO interacts VALUES(108601708585, 1, 'Kuro', 3340, 4199, 1);
INSERT INTO interacts VALUES(108601708585, 1, 'Peanut', 3340, 4329, 1);
INSERT INTO interacts VALUES(108601708585, 1, 'GorillA', 3340, 4554, 1);
INSERT INTO interacts VALUES(108601708585, 1, 'Perkz', 3340, 4588, 1);
INSERT INTO interacts VALUES(108601708585, 1, 'Perkz', 2010, 6277, 1);
INSERT INTO interacts VALUES(108601708585, 1, 'Perkz', 2010, 6512, 1);
INSERT INTO interacts VALUES(108601708585, 1, 'Smeb', 1055, 8421, 1);
INSERT INTO interacts VALUES(108601708585, 1, 'Smeb', 2003, 8554, 1);
INSERT INTO interacts VALUES(108601708585, 1, 'Smeb', 3340, 8781, 1);
INSERT INTO interacts VALUES(108601708585, 1, 'Peanut', 3715, 216312, 1);
INSERT INTO interacts VALUES(108601708585, 1, 'Trick', 1001, 252523, 1);
INSERT INTO interacts VALUES(108601708585, 1, 'Trick', 1028, 253044, 1);
INSERT INTO interacts VALUES(108601708585, 1, 'Trick', 2043, 253704, 1);
INSERT INTO interacts VALUES(108601708585, 1, 'GorillA', 1028, 349124, 1);
INSERT INTO interacts VALUES(108601708585, 1, 'PraY', 3070, 350516, 1);
INSERT INTO interacts VALUES(108601708585, 1, 'GorillA', 2010, 350593, 1);
INSERT INTO interacts VALUES(108601708585, 1, 'GorillA', 2043, 350810, 1);
INSERT INTO interacts VALUES(108601708585, 1, 'PraY', 1083, 352367, 1);
INSERT INTO interacts VALUES(108601708585, 1, 'Peanut', 1036, 355670, 1);
INSERT INTO interacts VALUES(108601708585, 1, 'Peanut', 1036, 355799, 1);
INSERT INTO interacts VALUES(108601708585, 1, 'Zven', 3134, 370339, 1);
INSERT INTO interacts VALUES(108601708585, 1, 'mithy', 1028, 370878, 1);
INSERT INTO interacts VALUES(108601708585, 1, 'Zven', 1001, 370973, 1);
INSERT INTO interacts VALUES(108601708585, 1, 'Perkz', 3028, 371201, 1);
INSERT INTO interacts VALUES(108601708585, 1, 'Perkz', 1001, 372181, 1);
INSERT INTO interacts VALUES(108601708585, 1, 'mithy', 2043, 373148, 1);
INSERT INTO interacts VALUES(108601708585, 1, 'mithy', 2043, 373312, 1);
INSERT INTO interacts VALUES(108601708585, 1, 'Perkz', 2043, 373312, 1);
INSERT INTO interacts VALUES(108601708585, 1, 'Trick', 3158, 375161, 1);
INSERT INTO interacts VALUES(108601708585, 1, 'Zven', 2043, 375325, 1);
INSERT INTO interacts VALUES(108601708585, 1, 'Zven', 2043, 375420, 1);
INSERT INTO interacts VALUES(108601708585, 1, 'Trick', 2043, 376072, 1);
INSERT INTO interacts VALUES(108601708585, 1, 'Kuro', 3802, 394406, 1);
INSERT INTO interacts VALUES(108601708585, 1, 'Kuro', 1001, 395642, 1);
INSERT INTO interacts VALUES(108601708585, 1, 'Kuro', 2031, 396876, 1);
INSERT INTO interacts VALUES(108601708585, 1, 'Kuro', 2043, 397169, 1);
INSERT INTO interacts VALUES(108601708585, 1, 'GorillA', 1001, 423607, 1);
INSERT INTO interacts VALUES(108601708585, 1, 'PraY', 1001, 440975, 1);
INSERT INTO interacts VALUES(108601708585, 1, 'PraY', 2010, 441248, 1);
INSERT INTO interacts VALUES(108601708585, 1, 'mithy', 2049, 449376, 1);
INSERT INTO interacts VALUES(108601708585, 1, 'mithy', 1001, 453005, 1);
INSERT INTO interacts VALUES(108601708585, 1, 'mithy', 3341, 453716, 1);
INSERT INTO interacts VALUES(108601708585, 1, 'mithy', 2043, 454218, 1);
INSERT INTO interacts VALUES(108601708585, 1, 'Zven', 1036, 456636, 1);
INSERT INTO interacts VALUES(108601708585, 1, 'Zven', 1036, 456732, 1);
INSERT INTO interacts VALUES(108601708585, 1, 'Trick', 2049, 482713, 1);
INSERT INTO interacts VALUES(108601708585, 1, 'Trick', 1028, 483559, 1);
INSERT INTO interacts VALUES(108601708585, 1, 'Trick', 3341, 484085, 1);
INSERT INTO interacts VALUES(108601708585, 1, 'Trick', 2043, 484279, 1);
INSERT INTO interacts VALUES(108601708585, 1, 'Expect', 3111, 498897, 1);
INSERT INTO interacts VALUES(108601708585, 1, 'Expect', 1036, 500035, 1);
INSERT INTO interacts VALUES(108601708585, 1, 'Expect', 1028, 500393, 1);
INSERT INTO interacts VALUES(108601708585, 1, 'Smeb', 3145, 501914, 1);
INSERT INTO interacts VALUES(108601708585, 1, 'Smeb', 3020, 503183, 1);
INSERT INTO interacts VALUES(108601708585, 1, 'Smeb', 2003, 504091, 1);
INSERT INTO interacts VALUES(108601708585, 1, 'Expect', 2003, 504673, 1);
INSERT INTO interacts VALUES(108601708585, 1, 'Peanut', 3133, 506914, 1);
INSERT INTO interacts VALUES(108601708585, 1, 'Peanut', 1004, 508553, 1);
INSERT INTO interacts VALUES(108601708585, 1, 'Expect', 3052, 586258, 1);
INSERT INTO interacts VALUES(108601708585, 1, 'Expect', 2043, 587657, 1);
INSERT INTO interacts VALUES(108601708585, 1, 'Trick', 3706, 638125, 1);
INSERT INTO interacts VALUES(108601708585, 1, 'Trick', 3067, 639512, 1);
INSERT INTO interacts VALUES(108601708585, 1, 'Trick', 2043, 639967, 1);
INSERT INTO interacts VALUES(108601708585, 1, 'mithy', 3117, 644948, 1);
INSERT INTO interacts VALUES(108601708585, 1, 'Perkz', 3174, 662802, 1);
INSERT INTO interacts VALUES(108601708585, 1, 'Perkz', 3363, 663712, 1);
INSERT INTO interacts VALUES(108601708585, 1, 'Perkz', 1052, 664328, 1);
INSERT INTO interacts VALUES(108601708585, 1, 'Perkz', 2043, 664976, 1);
INSERT INTO interacts VALUES(108601708585, 1, 'Perkz', 2010, 665480, 1);
INSERT INTO interacts VALUES(108601708585, 1, 'Peanut', 1412, 670934, 1);
INSERT INTO interacts VALUES(108601708585, 1, 'Peanut', 1001, 672517, 1);
INSERT INTO interacts VALUES(108601708585, 1, 'Kuro', 3020, 687324, 1);
INSERT INTO interacts VALUES(108601708585, 1, 'Kuro', 3108, 688980, 1);
INSERT INTO interacts VALUES(108601708585, 1, 'Kuro', 2043, 689853, 1);
INSERT INTO interacts VALUES(108601708585, 1, 'Zven', 3142, 695804, 1);
INSERT INTO interacts VALUES(108601708585, 1, 'Zven', 2003, 697100, 1);
INSERT INTO interacts VALUES(108601708585, 1, 'GorillA', 3341, 710745, 1);
INSERT INTO interacts VALUES(108601708585, 1, 'GorillA', 2043, 710974, 1);
INSERT INTO interacts VALUES(108601708585, 1, 'PraY', 3057, 710974, 1);
INSERT INTO interacts VALUES(108601708585, 1, 'GorillA', 2049, 712432, 1);
INSERT INTO interacts VALUES(108601708585, 1, 'GorillA', 2043, 712788, 1);
INSERT INTO interacts VALUES(108601708585, 1, 'PraY', 2010, 714549, 1);
INSERT INTO interacts VALUES(108601708585, 1, 'GorillA', 2031, 718023, 1);
INSERT INTO interacts VALUES(108601708585, 1, 'Smeb', 3067, 724852, 1);
INSERT INTO interacts VALUES(108601708585, 1, 'Trick', 2031, 728377, 0);
INSERT INTO interacts VALUES(108601708585, 1, 'Trick', 1028, 729013, 1);
INSERT INTO interacts VALUES(108601708585, 1, 'Trick', 3364, 730636, 1);
INSERT INTO interacts VALUES(108601708585, 1, 'Smeb', 2043, 746047, 1);
INSERT INTO interacts VALUES(108601708585, 1, 'Expect', 1011, 758321, 1);
INSERT INTO interacts VALUES(108601708585, 1, 'Expect', 2003, 760887, 0);
INSERT INTO interacts VALUES(108601708585, 1, 'Expect', 2031, 761339, 1);
INSERT INTO interacts VALUES(108601708585, 1, 'Peanut', 1036, 764720, 1);
INSERT INTO interacts VALUES(108601708585, 1, 'Peanut', 1036, 764886, 1);
INSERT INTO interacts VALUES(108601708585, 1, 'Peanut', 2043, 767291, 1);
INSERT INTO interacts VALUES(108601708585, 1, 'Trick', 2003, 827639, 1);
INSERT INTO interacts VALUES(108601708585, 1, 'GorillA', 1028, 828562, 1);
INSERT INTO interacts VALUES(108601708585, 1, 'Kuro', 1052, 829084, 1);
INSERT INTO interacts VALUES(108601708585, 1, 'GorillA', 2043, 829169, 1);
INSERT INTO interacts VALUES(108601708585, 1, 'Perkz', 1058, 838657, 1);
INSERT INTO interacts VALUES(108601708585, 1, 'Zven', 3009, 839175, 1);
INSERT INTO interacts VALUES(108601708585, 1, 'Perkz', 3364, 839825, 1);
INSERT INTO interacts VALUES(108601708585, 1, 'Zven', 2003, 840299, 1);
INSERT INTO interacts VALUES(108601708585, 1, 'Perkz', 3363, 841117, 1);
INSERT INTO interacts VALUES(108601708585, 1, 'Perkz', 2010, 841441, 1);
INSERT INTO interacts VALUES(108601708585, 1, 'mithy', 2045, 841537, 1);
INSERT INTO interacts VALUES(108601708585, 1, 'mithy', 2043, 845179, 1);
INSERT INTO interacts VALUES(108601708585, 1, 'PraY', 3158, 856407, 1);
INSERT INTO interacts VALUES(108601708585, 1, 'Peanut', 3134, 871925, 1);
INSERT INTO interacts VALUES(108601708585, 1, 'Peanut', 1036, 872738, 1);
INSERT INTO interacts VALUES(108601708585, 1, 'Expect', 3022, 881374, 1);
INSERT INTO interacts VALUES(108601708585, 1, 'Zven', 2003, 945122, 0);
INSERT INTO interacts VALUES(108601708585, 1, 'Zven', 3140, 946297, 1);
INSERT INTO interacts VALUES(108601708585, 1, 'Trick', 1401, 953436, 1);
INSERT INTO interacts VALUES(108601708585, 1, 'Trick', 2043, 954684, 1);
INSERT INTO interacts VALUES(108601708585, 1, 'Trick', 2003, 956781, 1);
INSERT INTO interacts VALUES(108601708585, 1, 'Kuro', 3165, 957107, 1);
INSERT INTO interacts VALUES(108601708585, 1, 'Kuro', 1052, 958147, 1);
INSERT INTO interacts VALUES(108601708585, 1, 'Kuro', 2043, 958533, 1);
INSERT INTO interacts VALUES(108601708585, 1, 'GorillA', 3009, 962654, 1);
INSERT INTO interacts VALUES(108601708585, 1, 'Perkz', 3020, 965379, 1);
INSERT INTO interacts VALUES(108601708585, 1, 'mithy', 1028, 969837, 1);
INSERT INTO interacts VALUES(108601708585, 1, 'mithy', 2043, 971025, 1);
INSERT INTO interacts VALUES(108601708585, 1, 'mithy', 2043, 971159, 1);
INSERT INTO interacts VALUES(108601708585, 1, 'mithy', 3364, 973328, 1);
INSERT INTO interacts VALUES(108601708585, 1, 'PraY', 3004, 1018399, 1);
INSERT INTO interacts VALUES(108601708585, 1, 'PraY', 3363, 1018984, 1);
INSERT INTO interacts VALUES(108601708585, 1, 'Smeb', 3152, 1035397, 1);
INSERT INTO interacts VALUES(108601708585, 1, 'Smeb', 1052, 1038352, 1);
INSERT INTO interacts VALUES(108601708585, 1, 'Smeb', 3108, 1039130, 1);
INSERT INTO interacts VALUES(108601708585, 1, 'Peanut', 3155, 1062006, 1);
INSERT INTO interacts VALUES(108601708585, 1, 'Peanut', 2043, 1063211, 1);
INSERT INTO interacts VALUES(108601708585, 1, 'Expect', 3044, 1070137, 1);
INSERT INTO interacts VALUES(108601708585, 1, 'Expect', 1033, 1074339, 1);
INSERT INTO interacts VALUES(108601708585, 1, 'Zven', 1036, 1075076, 1);
INSERT INTO interacts VALUES(108601708585, 1, 'Zven', 1036, 1075208, 1);
INSERT INTO interacts VALUES(108601708585, 1, 'Trick', 3801, 1088260, 1);
INSERT INTO interacts VALUES(108601708585, 1, 'mithy', 3067, 1103510, 1);
INSERT INTO interacts VALUES(108601708585, 1, 'mithy', 2043, 1104741, 1);
INSERT INTO interacts VALUES(108601708585, 1, 'GorillA', 2045, 1119612, 1);
INSERT INTO interacts VALUES(108601708585, 1, 'PraY', 1083, 1119778, 0);
INSERT INTO interacts VALUES(108601708585, 1, 'GorillA', 2043, 1120381, 1);
INSERT INTO interacts VALUES(108601708585, 1, 'PraY', 3024, 1121178, 1);
INSERT INTO interacts VALUES(108601708585, 1, 'Smeb', 1052, 1126482, 1);
INSERT INTO interacts VALUES(108601708585, 1, 'GorillA', 1004, 1196619, 1);
INSERT INTO interacts VALUES(108601708585, 1, 'Zven', 3134, 1197138, 1);
INSERT INTO interacts VALUES(108601708585, 1, 'GorillA', 2031, 1197300, 0);
INSERT INTO interacts VALUES(108601708585, 1, 'GorillA', 1004, 1197788, 1);
INSERT INTO interacts VALUES(108601708585, 1, 'Zven', 2043, 1205160, 1);
INSERT INTO interacts VALUES(108601708585, 1, 'PraY', 3025, 1207922, 1);
INSERT INTO interacts VALUES(108601708585, 1, 'PraY', 2043, 1210099, 1);
INSERT INTO interacts VALUES(108601708585, 1, 'Expect', 1057, 1218562, 1);
INSERT INTO interacts VALUES(108601708585, 1, 'Expect', 2031, 1219790, 0);
INSERT INTO interacts VALUES(108601708585, 1, 'Expect', 1031, 1221393, 1);
INSERT INTO interacts VALUES(108601708585, 1, 'Kuro', 1058, 1224904, 1);
INSERT INTO interacts VALUES(108601708585, 1, 'Smeb', 3191, 1237270, 1);
INSERT INTO interacts VALUES(108601708585, 1, 'Perkz', 3285, 1238496, 1);
INSERT INTO interacts VALUES(108601708585, 1, 'Trick', 3190, 1241307, 1);
INSERT INTO interacts VALUES(108601708585, 1, 'Perkz', 1052, 1241701, 1);
INSERT INTO interacts VALUES(108601708585, 1, 'Perkz', 2043, 1243434, 1);
INSERT INTO interacts VALUES(108601708585, 1, 'Perkz', 2043, 1244519, 1);
INSERT INTO interacts VALUES(108601708585, 1, 'Peanut', 3156, 1250832, 1);
INSERT INTO interacts VALUES(108601708585, 1, 'Perkz', 2139, 1336699, 1);
INSERT INTO interacts VALUES(108601708585, 1, 'Smeb', 3157, 1371732, 1);
INSERT INTO interacts VALUES(108601708585, 1, 'GorillA', 3114, 1375429, 1);
INSERT INTO interacts VALUES(108601708585, 1, 'GorillA', 2043, 1375820, 1);
INSERT INTO interacts VALUES(108601708585, 1, 'GorillA', 3364, 1376016, 1);
INSERT INTO interacts VALUES(108601708585, 1, 'Trick', 1011, 1411698, 1);
INSERT INTO interacts VALUES(108601708585, 1, 'Expect', 3026, 1412639, 1);
INSERT INTO interacts VALUES(108601708585, 1, 'Trick', 1029, 1413714, 1);
INSERT INTO interacts VALUES(108601708585, 1, 'Expect', 1036, 1419916, 1);
INSERT INTO interacts VALUES(108601708585, 1, 'PraY', 1053, 1432114, 1);
INSERT INTO interacts VALUES(108601708585, 1, 'GorillA', 1033, 1434212, 1);
INSERT INTO interacts VALUES(108601708585, 1, 'GorillA', 2043, 1435644, 1);
INSERT INTO interacts VALUES(108601708585, 1, 'PraY', 1043, 1437318, 1);
INSERT INTO interacts VALUES(108601708585, 1, 'mithy', 3190, 1442031, 1);
INSERT INTO interacts VALUES(108601708585, 1, 'Peanut', 1038, 1443074, 1);
INSERT INTO interacts VALUES(108601708585, 1, 'Zven', 3147, 1457217, 1);
INSERT INTO interacts VALUES(108601708585, 1, 'Zven', 3363, 1460108, 1);
INSERT INTO interacts VALUES(108601708585, 1, 'Kuro', 3116, 1460886, 1);
INSERT INTO interacts VALUES(108601708585, 1, 'Kuro', 2043, 1461830, 1);
INSERT INTO interacts VALUES(108601708585, 1, 'Expect', 3133, 1527598, 1);
INSERT INTO interacts VALUES(108601708585, 1, 'Smeb', 1026, 1536735, 1);
INSERT INTO interacts VALUES(108601708585, 1, 'Smeb', 1052, 1537352, 1);
INSERT INTO interacts VALUES(108601708585, 1, 'GorillA', 1057, 1580081, 1);
INSERT INTO interacts VALUES(108601708585, 1, 'GorillA', 3028, 1581799, 1);
INSERT INTO interacts VALUES(108601708585, 1, 'Trick', 3082, 1581995, 1);
INSERT INTO interacts VALUES(108601708585, 1, 'GorillA', 2043, 1582156, 1);
INSERT INTO interacts VALUES(108601708585, 1, 'Peanut', 3134, 1592153, 1);
INSERT INTO interacts VALUES(108601708585, 1, 'GorillA', 3222, 1592530, 1);
INSERT INTO interacts VALUES(108601708585, 1, 'Expect', 3071, 1596968, 1);
INSERT INTO interacts VALUES(108601708585, 1, 'Zven', 1036, 1598298, 1);
INSERT INTO interacts VALUES(108601708585, 1, 'mithy', 3098, 1598883, 1);
INSERT INTO interacts VALUES(108601708585, 1, 'mithy', 2043, 1599432, 1);
INSERT INTO interacts VALUES(108601708585, 1, 'Smeb', 3135, 1602754, 1);
INSERT INTO interacts VALUES(108601708585, 1, 'Smeb', 2043, 1603401, 1);
INSERT INTO interacts VALUES(108601708585, 1, 'Perkz', 1056, 1608533, 0);
INSERT INTO interacts VALUES(108601708585, 1, 'Perkz', 1058, 1610313, 1);
INSERT INTO interacts VALUES(108601708585, 1, 'Trick', 1031, 1617301, 1);
INSERT INTO interacts VALUES(108601708585, 1, 'Kuro', 1026, 1630196, 1);
INSERT INTO interacts VALUES(108601708585, 1, 'Kuro', 2031, 1631804, 0);
INSERT INTO interacts VALUES(108601708585, 1, 'PraY', 3153, 1632858, 1);
INSERT INTO interacts VALUES(108601708585, 1, 'GorillA', 2043, 1633799, 1);
INSERT INTO interacts VALUES(108601708585, 1, 'Kuro', 2043, 1634350, 1);
INSERT INTO interacts VALUES(108601708585, 1, 'PraY', 3035, 1635355, 1);
INSERT INTO interacts VALUES(108601708585, 1, 'GorillA', 1004, 1635437, 1);
INSERT INTO interacts VALUES(108601708585, 1, 'GorillA', 2031, 1636734, 1);
INSERT INTO interacts VALUES(108601708585, 1, 'GorillA', 2031, 1720746, 0);
INSERT INTO interacts VALUES(108601708585, 1, 'GorillA', 1028, 1722465, 1);
INSERT INTO interacts VALUES(108601708585, 1, 'GorillA', 2043, 1756740, 1);
INSERT INTO interacts VALUES(108601708585, 1, 'Peanut', 3147, 1760689, 1);
INSERT INTO interacts VALUES(108601708585, 1, 'mithy', 3108, 1780576, 1);
INSERT INTO interacts VALUES(108601708585, 1, 'Zven', 3134, 1780901, 1);
INSERT INTO interacts VALUES(108601708585, 1, 'Zven', 1055, 1781783, 0);
INSERT INTO interacts VALUES(108601708585, 1, 'Expect', 1011, 1782147, 1);
INSERT INTO interacts VALUES(108601708585, 1, 'Zven', 3155, 1782760, 1);
INSERT INTO interacts VALUES(108601708585, 1, 'mithy', 2043, 1783377, 1);
INSERT INTO interacts VALUES(108601708585, 1, 'Expect', 1054, 1784631, 0);
INSERT INTO interacts VALUES(108601708585, 1, 'mithy', 2043, 1785458, 1);
INSERT INTO interacts VALUES(108601708585, 1, 'Trick', 3742, 1799665, 1);
INSERT INTO interacts VALUES(108601708585, 1, 'PraY', 1055, 1805315, 0);
INSERT INTO interacts VALUES(108601708585, 1, 'Trick', 1031, 1805763, 1);
INSERT INTO interacts VALUES(108601708585, 1, 'Perkz', 3136, 1807830, 1);
INSERT INTO interacts VALUES(108601708585, 1, 'Perkz', 2139, 1809310, 1);
INSERT INTO interacts VALUES(108601708585, 1, 'PraY', 3034, 1810710, 1);
INSERT INTO interacts VALUES(108601708585, 1, 'Kuro', 3136, 1816598, 1);
INSERT INTO interacts VALUES(108601708585, 1, 'Kuro', 1056, 1818242, 0);
INSERT INTO interacts VALUES(108601708585, 1, 'Kuro', 2043, 1819028, 1);
INSERT INTO interacts VALUES(108601708585, 1, 'Smeb', 1058, 1819210, 1);
INSERT INTO interacts VALUES(108601708585, 1, 'Kuro', 3151, 1890447, 1);
INSERT INTO interacts VALUES(108601708585, 1, 'Kuro', 2003, 1891682, 1);
INSERT INTO interacts VALUES(108601708585, 1, 'Kuro', 3363, 1893088, 1);
INSERT INTO interacts VALUES(108601708585, 1, 'Smeb', 1055, 1926316, 0);
INSERT INTO interacts VALUES(108601708585, 1, 'Smeb', 1026, 1927616, 1);
INSERT INTO interacts VALUES(108601708585, 1, 'Zven', 3156, 1941929, 1);
INSERT INTO interacts VALUES(108601708585, 1, 'Zven', 2043, 1942820, 1);
INSERT INTO interacts VALUES(108601708585, 1, 'Zven', 2043, 1943196, 1);
INSERT INTO interacts VALUES(108601708585, 1, 'PraY', 3036, 1950496, 1);
INSERT INTO interacts VALUES(108601708585, 1, 'PraY', 2043, 1953062, 1);
INSERT INTO interacts VALUES(108601708585, 1, 'GorillA', 3067, 1966106, 1);
INSERT INTO interacts VALUES(108601708585, 1, 'GorillA', 2043, 1966980, 1);
INSERT INTO interacts VALUES(108601708585, 1, 'GorillA', 2043, 1967092, 1);
INSERT INTO interacts VALUES(108601708585, 1, 'Expect', 1054, 1976669, 0);
INSERT INTO interacts VALUES(108601708585, 1, 'Expect', 3143, 1978063, 1);
INSERT INTO interacts VALUES(108601708585, 1, 'mithy', 3092, 2017674, 1);
INSERT INTO interacts VALUES(108601708585, 1, 'mithy', 2043, 2018711, 1);
INSERT INTO interacts VALUES(108601708585, 1, 'mithy', 2043, 2018823, 1);
INSERT INTO interacts VALUES(108601708585, 1, 'Trick', 2045, 2035735, 1);
INSERT INTO interacts VALUES(108601708585, 1, 'Perkz', 3211, 2056716, 1);
INSERT INTO interacts VALUES(108601708585, 1, 'GorillA', 3303, 2064573, 0);
INSERT INTO interacts VALUES(108601708585, 1, 'GorillA', 3105, 2066093, 1);
INSERT INTO interacts VALUES(108601708585, 1, 'GorillA', 2043, 2066483, 1);
INSERT INTO interacts VALUES(108601708585, 1, 'Kuro', 1026, 2068110, 1);
INSERT INTO interacts VALUES(108601708585, 1, 'Smeb', 3089, 2068503, 1);
INSERT INTO interacts VALUES(108601708585, 1, 'Kuro', 2139, 2068946, 1);
INSERT INTO interacts VALUES(108601708585, 1, 'PraY', 3155, 2068995, 1);
INSERT INTO interacts VALUES(108601708585, 1, 'PraY', 2140, 2069837, 1);
INSERT INTO interacts VALUES(108601708585, 1, 'Kuro', 2003, 2071340, 0);
INSERT INTO interacts VALUES(108601708585, 1, 'Kuro', 2043, 2071987, 1);
INSERT INTO interacts VALUES(108601708585, 1, 'Smeb', 1052, 2072381, 1);
INSERT INTO interacts VALUES(108601708585, 1, 'Peanut', 3026, 2074046, 1);
INSERT INTO interacts VALUES(108601708585, 1, 'GorillA', 3190, 2100412, 1);
INSERT INTO interacts VALUES(108601708585, 1, 'Expect', 1033, 2126586, 1);
INSERT INTO interacts VALUES(108601708585, 1, 'Smeb', 2139, 2161290, 1);
INSERT INTO interacts VALUES(108601708585, 1, 'Zven', 1038, 2178494, 1);
INSERT INTO interacts VALUES(108601708585, 1, 'mithy', 3114, 2183624, 1);
INSERT INTO interacts VALUES(108601708585, 1, 'Trick', 2138, 2209680, 1);
INSERT INTO interacts VALUES(108601708585, 1, 'mithy', 2043, 2249925, 1);
INSERT INTO interacts VALUES(108601708585, 1, 'mithy', 2043, 2250026, 1);
INSERT INTO interacts VALUES(108601708585, 1, 'Kuro', 3135, 2322504, 1);
INSERT INTO interacts VALUES(108601708585, 1, 'Kuro', 2043, 2322993, 1);
INSERT INTO interacts VALUES(108601708585, 1, 'Perkz', 3102, 2323189, 1);
INSERT INTO interacts VALUES(108601708585, 1, 'PraY', 3156, 2323320, 1);
INSERT INTO interacts VALUES(108601708585, 1, 'Smeb', 1052, 2323610, 0);
INSERT INTO interacts VALUES(108601708585, 1, 'Peanut', 2031, 2324715, 0);
INSERT INTO interacts VALUES(108601708585, 1, 'Smeb', 3041, 2325009, 1);
INSERT INTO interacts VALUES(108601708585, 1, 'Expect', 3140, 2325754, 1);
INSERT INTO interacts VALUES(108601708585, 1, 'Perkz', 3136, 2325787, 0);
INSERT INTO interacts VALUES(108601708585, 1, 'Smeb', 1058, 2326404, 1);
INSERT INTO interacts VALUES(108601708585, 1, 'PraY', 2140, 2326631, 1);
INSERT INTO interacts VALUES(108601708585, 1, 'Perkz', 1026, 2327216, 1);
INSERT INTO interacts VALUES(108601708585, 1, 'Smeb', 2139, 2330802, 1);
INSERT INTO interacts VALUES(108601708585, 1, 'Expect', 3211, 2331096, 1);
INSERT INTO interacts VALUES(108601708585, 1, 'GorillA', 3211, 2331417, 1);
INSERT INTO interacts VALUES(108601708585, 1, 'GorillA', 2043, 2333015, 1);
INSERT INTO interacts VALUES(108601708585, 1, 'GorillA', 2043, 2333130, 1);
INSERT INTO interacts VALUES(108601708585, 1, 'Peanut', 3134, 2335292, 1);
INSERT INTO interacts VALUES(108601708585, 1, 'GorillA', 3024, 2337512, 1);
INSERT INTO interacts VALUES(108601708585, 1, 'GorillA', 2043, 2338660, 1);
INSERT INTO interacts VALUES(108601708585, 1, 'Peanut', 3009, 2339649, 1);
INSERT INTO interacts VALUES(108601708585, 1, 'Peanut', 2140, 2341162, 1);
INSERT INTO interacts VALUES(108601708585, 1, 'GorillA', 2138, 2343299, 1);
INSERT INTO interacts VALUES(108601708585, 1, 'Trick', 3026, 2362845, 1);
INSERT INTO interacts VALUES(108601708585, 1, 'Zven', 3031, 2444863, 1);
INSERT INTO interacts VALUES(108601708585, 1, 'Expect', 2138, 2462780, 1);
INSERT INTO interacts VALUES(108601708585, 1, 'Perkz', 2139, 2489142, 1);
INSERT INTO interacts VALUES(108601708585, 1, 'mithy', 3028, 2494882, 1);
INSERT INTO interacts VALUES(108601708585, 1, 'Trick', 2138, 2508517, 1);
INSERT INTO interacts VALUES(108601708585, 1, 'Zven', 2140, 2509042, 1);
INSERT INTO interacts VALUES(108601708585, 1, 'Kuro', 1058, 2523159, 1);
INSERT INTO interacts VALUES(108601708585, 1, 'PraY', 2140, 2523404, 1);
INSERT INTO interacts VALUES(108601708585, 1, 'Smeb', 2139, 2524096, 1);
INSERT INTO interacts VALUES(108601708585, 1, 'Peanut', 2140, 2524194, 1);
INSERT INTO interacts VALUES(108601708585, 1, 'GorillA', 2043, 2524194, 1);
INSERT INTO interacts VALUES(108601708585, 1, 'GorillA', 2043, 2524331, 1);
INSERT INTO interacts VALUES(108601708585, 1, 'GorillA', 2138, 2525666, 1);
INSERT INTO interacts VALUES(108601708585, 1, 'GorillA', 3009, 2529313, 0);
INSERT INTO interacts VALUES(108601708585, 1, 'GorillA', 3009, 2534553, 1);
INSERT INTO series VALUES(982363234614, 1);
INSERT INTO organizes VALUES('world_championship_2016', 982363234614, 'group_b - FW-vs-C9');
INSERT INTO competes VALUES(982363234614, 'FW', 1);
INSERT INTO competes VALUES(982363234614, 'C9', 0);
INSERT INTO matches VALUES(982363234614, 1, '2016-10-01');
INSERT INTO scores VALUES('FW', 982363234614, 1, 4, 9, 0, 2, 3, 0);
INSERT INTO scores VALUES('C9', 982363234614, 1, 2, 11, 0, 2, 5, 1);
INSERT INTO bans VALUES(982363234614, 1, 154, 1);
INSERT INTO bans VALUES(982363234614, 1, 150, 3);
INSERT INTO bans VALUES(982363234614, 1, 69, 5);
INSERT INTO bans VALUES(982363234614, 1, 76, 2);
INSERT INTO bans VALUES(982363234614, 1, 134, 4);
INSERT INTO bans VALUES(982363234614, 1, 421, 6);
INSERT INTO plays VALUES(982363234614, 1, 'MMD', 68, 'top', 3, 5, 5, 34783, 46, 6, 431, 30, 13, 24522);
INSERT INTO plays VALUES(982363234614, 1, 'Karsa', 60, 'jungle', 4, 3, 6, 17075, 61, 48, 128, 94, 26, 23036);
INSERT INTO plays VALUES(982363234614, 1, 'Maple', 110, 'mid', 3, 3, 4, 51291, 34, 13, 537, 20, 13, 26430);
INSERT INTO plays VALUES(982363234614, 1, 'NL', 81, 'adc', 3, 0, 6, 38736, 25, 25, 449, 62, 13, 26899);
INSERT INTO plays VALUES(982363234614, 1, 'SwordArt', 267, 'support', 0, 1, 10, 4516, 83, 21, 24, 0, 0, 18672);
INSERT INTO plays VALUES(982363234614, 1, 'Impact', 85, 'top', 3, 3, 6, 33370, 44, 13, 581, 21, 4, 28346);
INSERT INTO plays VALUES(982363234614, 1, 'Meteos', 64, 'jungle', 0, 4, 5, 11564, 76, 20, 50, 144, 19, 20615);
INSERT INTO plays VALUES(982363234614, 1, 'Jensen', 61, 'mid', 6, 0, 3, 36556, 19, 17, 622, 29, 10, 29310);
INSERT INTO plays VALUES(982363234614, 1, 'Sneaky', 51, 'adc', 3, 3, 4, 30462, 21, 14, 669, 20, 1, 30278);
INSERT INTO plays VALUES(982363234614, 1, 'Smoothie', 43, 'support', 0, 3, 8, 6513, 106, 37, 50, 0, 0, 18252);
INSERT INTO interacts VALUES(982363234614, 1, 'Sneaky', 3340, 1389, 1);
INSERT INTO interacts VALUES(982363234614, 1, 'SwordArt', 3340, 1619, 1);
INSERT INTO interacts VALUES(982363234614, 1, 'Impact', 1055, 1685, 1);
INSERT INTO interacts VALUES(982363234614, 1, 'MMD', 1054, 1717, 1);
INSERT INTO interacts VALUES(982363234614, 1, 'Sneaky', 1055, 1717, 1);
INSERT INTO interacts VALUES(982363234614, 1, 'MMD', 2003, 1845, 1);
INSERT INTO interacts VALUES(982363234614, 1, 'Impact', 2003, 1910, 1);
INSERT INTO interacts VALUES(982363234614, 1, 'Sneaky', 2010, 1910, 1);
INSERT INTO interacts VALUES(982363234614, 1, 'MMD', 3340, 2007, 1);
INSERT INTO interacts VALUES(982363234614, 1, 'Jensen', 3340, 2007, 1);
INSERT INTO interacts VALUES(982363234614, 1, 'Maple', 2033, 2137, 1);
INSERT INTO interacts VALUES(982363234614, 1, 'SwordArt', 2010, 2137, 1);
INSERT INTO interacts VALUES(982363234614, 1, 'Meteos', 3340, 2137, 1);
INSERT INTO interacts VALUES(982363234614, 1, 'Impact', 3340, 2137, 1);
INSERT INTO interacts VALUES(982363234614, 1, 'NL', 1055, 2172, 1);
INSERT INTO interacts VALUES(982363234614, 1, 'Jensen', 1056, 2266, 1);
INSERT INTO interacts VALUES(982363234614, 1, 'SwordArt', 2010, 2298, 1);
INSERT INTO interacts VALUES(982363234614, 1, 'Karsa', 1041, 2395, 1);
INSERT INTO interacts VALUES(982363234614, 1, 'SwordArt', 2010, 2459, 1);
INSERT INTO interacts VALUES(982363234614, 1, 'NL', 2010, 2491, 1);
INSERT INTO interacts VALUES(982363234614, 1, 'Jensen', 2010, 2621, 1);
INSERT INTO interacts VALUES(982363234614, 1, 'Karsa', 2031, 2621, 1);
INSERT INTO interacts VALUES(982363234614, 1, 'Meteos', 1041, 2686, 1);
INSERT INTO interacts VALUES(982363234614, 1, 'SwordArt', 3303, 2751, 1);
INSERT INTO interacts VALUES(982363234614, 1, 'NL', 3340, 2751, 1);
INSERT INTO interacts VALUES(982363234614, 1, 'Jensen', 2010, 2751, 1);
INSERT INTO interacts VALUES(982363234614, 1, 'Karsa', 3340, 2980, 1);
INSERT INTO interacts VALUES(982363234614, 1, 'Meteos', 2031, 3012, 1);
INSERT INTO interacts VALUES(982363234614, 1, 'Smoothie', 3303, 4051, 1);
INSERT INTO interacts VALUES(982363234614, 1, 'Maple', 3340, 4214, 1);
INSERT INTO interacts VALUES(982363234614, 1, 'Smoothie', 2010, 4279, 1);
INSERT INTO interacts VALUES(982363234614, 1, 'Smoothie', 2010, 4439, 1);
INSERT INTO interacts VALUES(982363234614, 1, 'Smoothie', 2010, 4600, 1);
INSERT INTO interacts VALUES(982363234614, 1, 'Smoothie', 3340, 4893, 1);
INSERT INTO interacts VALUES(982363234614, 1, 'Meteos', 1036, 231467, 1);
INSERT INTO interacts VALUES(982363234614, 1, 'Meteos', 1036, 231587, 1);
INSERT INTO interacts VALUES(982363234614, 1, 'Impact', 1055, 257263, 1);
INSERT INTO interacts VALUES(982363234614, 1, 'Impact', 2031, 258663, 1);
INSERT INTO interacts VALUES(982363234614, 1, 'Impact', 2043, 259053, 1);
INSERT INTO interacts VALUES(982363234614, 1, 'Maple', 3070, 278372, 1);
INSERT INTO interacts VALUES(982363234614, 1, 'Maple', 2043, 279180, 1);
INSERT INTO interacts VALUES(982363234614, 1, 'MMD', 1052, 285613, 1);
INSERT INTO interacts VALUES(982363234614, 1, 'MMD', 1052, 285711, 1);
INSERT INTO interacts VALUES(982363234614, 1, 'MMD', 2031, 289052, 1);
INSERT INTO interacts VALUES(982363234614, 1, 'MMD', 1028, 291786, 1);
INSERT INTO interacts VALUES(982363234614, 1, 'Jensen', 3802, 300838, 1);
INSERT INTO interacts VALUES(982363234614, 1, 'Karsa', 3711, 301215, 1);
INSERT INTO interacts VALUES(982363234614, 1, 'Jensen', 2043, 301410, 1);
INSERT INTO interacts VALUES(982363234614, 1, 'Jensen', 2010, 301704, 1);
INSERT INTO interacts VALUES(982363234614, 1, 'Karsa', 3113, 301769, 1);
INSERT INTO interacts VALUES(982363234614, 1, 'Jensen', 2010, 301833, 1);
INSERT INTO interacts VALUES(982363234614, 1, 'MMD', 2043, 301996, 1);
INSERT INTO interacts VALUES(982363234614, 1, 'Karsa', 2043, 302098, 1);
INSERT INTO interacts VALUES(982363234614, 1, 'NL', 3070, 402104, 1);
INSERT INTO interacts VALUES(982363234614, 1, 'NL', 1083, 403986, 1);
INSERT INTO interacts VALUES(982363234614, 1, 'NL', 1001, 405260, 1);
INSERT INTO interacts VALUES(982363234614, 1, 'NL', 2010, 405538, 1);
INSERT INTO interacts VALUES(982363234614, 1, 'SwordArt', 2049, 414282, 1);
INSERT INTO interacts VALUES(982363234614, 1, 'Sneaky', 1038, 424802, 1);
INSERT INTO interacts VALUES(982363234614, 1, 'Smoothie', 2049, 425011, 1);
INSERT INTO interacts VALUES(982363234614, 1, 'Sneaky', 1001, 425126, 1);
INSERT INTO interacts VALUES(982363234614, 1, 'Sneaky', 2010, 426132, 1);
INSERT INTO interacts VALUES(982363234614, 1, 'Smoothie', 3341, 426359, 1);
INSERT INTO interacts VALUES(982363234614, 1, 'Sneaky', 2043, 426747, 1);
INSERT INTO interacts VALUES(982363234614, 1, 'Smoothie', 2043, 426747, 1);
INSERT INTO interacts VALUES(982363234614, 1, 'Impact', 3145, 481944, 1);
INSERT INTO interacts VALUES(982363234614, 1, 'Impact', 2043, 483847, 1);
INSERT INTO interacts VALUES(982363234614, 1, 'MMD', 3145, 487326, 1);
INSERT INTO interacts VALUES(982363234614, 1, 'MMD', 1001, 491131, 1);
INSERT INTO interacts VALUES(982363234614, 1, 'Karsa', 1410, 492946, 1);
INSERT INTO interacts VALUES(982363234614, 1, 'Karsa', 2043, 493596, 1);
INSERT INTO interacts VALUES(982363234614, 1, 'Meteos', 1408, 549952, 1);
INSERT INTO interacts VALUES(982363234614, 1, 'Meteos', 2043, 558244, 1);
INSERT INTO interacts VALUES(982363234614, 1, 'Maple', 1001, 572784, 1);
INSERT INTO interacts VALUES(982363234614, 1, 'Maple', 3134, 574500, 1);
INSERT INTO interacts VALUES(982363234614, 1, 'Maple', 2043, 575445, 1);
INSERT INTO interacts VALUES(982363234614, 1, 'Karsa', 1001, 577037, 1);
INSERT INTO interacts VALUES(982363234614, 1, 'Karsa', 2043, 578960, 1);
INSERT INTO interacts VALUES(982363234614, 1, 'Jensen', 2010, 593079, 0);
INSERT INTO interacts VALUES(982363234614, 1, 'Jensen', 3363, 595391, 1);
INSERT INTO interacts VALUES(982363234614, 1, 'Jensen', 3165, 598338, 1);
INSERT INTO interacts VALUES(982363234614, 1, 'Smoothie', 2043, 615035, 1);
INSERT INTO interacts VALUES(982363234614, 1, 'Smoothie', 2043, 615151, 1);
INSERT INTO interacts VALUES(982363234614, 1, 'Smoothie', 1001, 615350, 1);
INSERT INTO interacts VALUES(982363234614, 1, 'Smoothie', 2010, 615836, 1);
INSERT INTO interacts VALUES(982363234614, 1, 'Smoothie', 2010, 615999, 1);
INSERT INTO interacts VALUES(982363234614, 1, 'Meteos', 2043, 618511, 1);
INSERT INTO interacts VALUES(982363234614, 1, 'Sneaky', 3006, 624492, 1);
INSERT INTO interacts VALUES(982363234614, 1, 'Sneaky', 2043, 636608, 1);
INSERT INTO interacts VALUES(982363234614, 1, 'Sneaky', 2010, 637127, 1);
INSERT INTO interacts VALUES(982363234614, 1, 'NL', 3057, 645236, 1);
INSERT INTO interacts VALUES(982363234614, 1, 'NL', 3158, 646768, 1);
INSERT INTO interacts VALUES(982363234614, 1, 'NL', 2010, 648361, 1);
INSERT INTO interacts VALUES(982363234614, 1, 'SwordArt', 3117, 651637, 1);
INSERT INTO interacts VALUES(982363234614, 1, 'SwordArt', 2043, 652513, 1);
INSERT INTO interacts VALUES(982363234614, 1, 'SwordArt', 3341, 655495, 1);
INSERT INTO interacts VALUES(982363234614, 1, 'Karsa', 3158, 656308, 1);
INSERT INTO interacts VALUES(982363234614, 1, 'Karsa', 3341, 657248, 1);
INSERT INTO interacts VALUES(982363234614, 1, 'Karsa', 1028, 658256, 1);
INSERT INTO interacts VALUES(982363234614, 1, 'SwordArt', 2010, 659749, 1);
INSERT INTO interacts VALUES(982363234614, 1, 'MMD', 3152, 659845, 1);
INSERT INTO interacts VALUES(982363234614, 1, 'MMD', 1052, 661217, 1);
INSERT INTO interacts VALUES(982363234614, 1, 'Impact', 3020, 666022, 1);
INSERT INTO interacts VALUES(982363234614, 1, 'Impact', 2043, 667128, 1);
INSERT INTO interacts VALUES(982363234614, 1, 'Sneaky', 1042, 682684, 1);
INSERT INTO interacts VALUES(982363234614, 1, 'Maple', 3133, 749845, 1);
INSERT INTO interacts VALUES(982363234614, 1, 'Maple', 2043, 750719, 1);
INSERT INTO interacts VALUES(982363234614, 1, 'Jensen', 1001, 751599, 1);
INSERT INTO interacts VALUES(982363234614, 1, 'Jensen', 1052, 752537, 1);
INSERT INTO interacts VALUES(982363234614, 1, 'Jensen', 2043, 753122, 1);
INSERT INTO interacts VALUES(982363234614, 1, 'Jensen', 2010, 753381, 1);
INSERT INTO interacts VALUES(982363234614, 1, 'Jensen', 2010, 753477, 1);
INSERT INTO interacts VALUES(982363234614, 1, 'Karsa', 1033, 754028, 1);
INSERT INTO interacts VALUES(982363234614, 1, 'Karsa', 2043, 755716, 1);
INSERT INTO interacts VALUES(982363234614, 1, 'NL', 2010, 758414, 0);
INSERT INTO interacts VALUES(982363234614, 1, 'NL', 3024, 760307, 1);
INSERT INTO interacts VALUES(982363234614, 1, 'Meteos', 1001, 764421, 1);
INSERT INTO interacts VALUES(982363234614, 1, 'Meteos', 1033, 764878, 1);
INSERT INTO interacts VALUES(982363234614, 1, 'SwordArt', 1028, 766765, 1);
INSERT INTO interacts VALUES(982363234614, 1, 'Impact', 3067, 802788, 1);
INSERT INTO interacts VALUES(982363234614, 1, 'MMD', 3111, 850906, 1);
INSERT INTO interacts VALUES(982363234614, 1, 'MMD', 2043, 852011, 1);
INSERT INTO interacts VALUES(982363234614, 1, 'NL', 3025, 962394, 1);
INSERT INTO interacts VALUES(982363234614, 1, 'NL', 3363, 963496, 1);
INSERT INTO interacts VALUES(982363234614, 1, 'Impact', 3152, 971397, 1);
INSERT INTO interacts VALUES(982363234614, 1, 'Impact', 1052, 972012, 1);
INSERT INTO interacts VALUES(982363234614, 1, 'Smoothie', 2045, 972889, 1);
INSERT INTO interacts VALUES(982363234614, 1, 'Smoothie', 3117, 974677, 1);
INSERT INTO interacts VALUES(982363234614, 1, 'NL', 1037, 975229, 1);
INSERT INTO interacts VALUES(982363234614, 1, 'Smoothie', 1028, 975629, 1);
INSERT INTO interacts VALUES(982363234614, 1, 'Impact', 1033, 977497, 1);
INSERT INTO interacts VALUES(982363234614, 1, 'Sneaky', 3086, 995762, 1);
INSERT INTO interacts VALUES(982363234614, 1, 'Maple', 3142, 995827, 1);
INSERT INTO interacts VALUES(982363234614, 1, 'Sneaky', 1042, 996087, 1);
INSERT INTO interacts VALUES(982363234614, 1, 'Karsa', 3105, 998268, 1);
INSERT INTO interacts VALUES(982363234614, 1, 'Jensen', 1058, 998303, 1);
INSERT INTO interacts VALUES(982363234614, 1, 'Karsa', 1028, 998914, 1);
INSERT INTO interacts VALUES(982363234614, 1, 'Karsa', 2043, 999335, 1);
INSERT INTO interacts VALUES(982363234614, 1, 'Karsa', 2043, 999462, 1);
INSERT INTO interacts VALUES(982363234614, 1, 'Maple', 3158, 999564, 1);
INSERT INTO interacts VALUES(982363234614, 1, 'Jensen', 2043, 999657, 1);
INSERT INTO interacts VALUES(982363234614, 1, 'Karsa', 3364, 999803, 1);
INSERT INTO interacts VALUES(982363234614, 1, 'Meteos', 3111, 1000015, 1);
INSERT INTO interacts VALUES(982363234614, 1, 'Maple', 2043, 1000535, 1);
INSERT INTO interacts VALUES(982363234614, 1, 'Meteos', 1028, 1003826, 1);
INSERT INTO interacts VALUES(982363234614, 1, 'Meteos', 1029, 1004637, 1);
INSERT INTO interacts VALUES(982363234614, 1, 'Meteos', 2043, 1007726, 1);
INSERT INTO interacts VALUES(982363234614, 1, 'SwordArt', 2045, 1009605, 1);
INSERT INTO interacts VALUES(982363234614, 1, 'SwordArt', 1028, 1011456, 1);
INSERT INTO interacts VALUES(982363234614, 1, 'SwordArt', 2010, 1012595, 0);
INSERT INTO interacts VALUES(982363234614, 1, 'SwordArt', 2043, 1013475, 1);
INSERT INTO interacts VALUES(982363234614, 1, 'MMD', 3136, 1020014, 1);
INSERT INTO interacts VALUES(982363234614, 1, 'MMD', 2043, 1020460, 1);
INSERT INTO interacts VALUES(982363234614, 1, 'MMD', 2043, 1112293, 1);
INSERT INTO interacts VALUES(982363234614, 1, 'Meteos', 1011, 1143928, 1);
INSERT INTO interacts VALUES(982363234614, 1, 'Meteos', 2043, 1144252, 1);
INSERT INTO interacts VALUES(982363234614, 1, 'Jensen', 3020, 1144900, 1);
INSERT INTO interacts VALUES(982363234614, 1, 'Smoothie', 2045, 1145738, 1);
INSERT INTO interacts VALUES(982363234614, 1, 'Smoothie', 2043, 1146815, 1);
INSERT INTO interacts VALUES(982363234614, 1, 'Smoothie', 2043, 1146943, 1);
INSERT INTO interacts VALUES(982363234614, 1, 'NL', 3004, 1171922, 1);
INSERT INTO interacts VALUES(982363234614, 1, 'SwordArt', 1033, 1174946, 1);
INSERT INTO interacts VALUES(982363234614, 1, 'SwordArt', 3801, 1175273, 1);
INSERT INTO interacts VALUES(982363234614, 1, 'NL', 1053, 1175632, 1);
INSERT INTO interacts VALUES(982363234614, 1, 'Impact', 2031, 1176733, 0);
INSERT INTO interacts VALUES(982363234614, 1, 'Impact', 3108, 1182104, 1);
INSERT INTO interacts VALUES(982363234614, 1, 'Impact', 1057, 1182385, 1);
INSERT INTO interacts VALUES(982363234614, 1, 'Impact', 1055, 1184756, 0);
INSERT INTO interacts VALUES(982363234614, 1, 'Karsa', 3190, 1184821, 1);
INSERT INTO interacts VALUES(982363234614, 1, 'Karsa', 1028, 1186669, 1);
INSERT INTO interacts VALUES(982363234614, 1, 'Impact', 3001, 1189850, 1);
INSERT INTO interacts VALUES(982363234614, 1, 'Sneaky', 3085, 1214109, 1);
INSERT INTO interacts VALUES(982363234614, 1, 'Sneaky', 3363, 1215622, 1);
INSERT INTO interacts VALUES(982363234614, 1, 'Maple', 3155, 1228035, 1);
INSERT INTO interacts VALUES(982363234614, 1, 'Maple', 2043, 1229563, 1);
INSERT INTO interacts VALUES(982363234614, 1, 'Karsa', 1029, 1284238, 1);
INSERT INTO interacts VALUES(982363234614, 1, 'Karsa', 2031, 1286018, 0);
INSERT INTO interacts VALUES(982363234614, 1, 'Karsa', 2043, 1286789, 1);
INSERT INTO interacts VALUES(982363234614, 1, 'Karsa', 2043, 1286893, 1);
INSERT INTO interacts VALUES(982363234614, 1, 'SwordArt', 3105, 1289231, 1);
INSERT INTO interacts VALUES(982363234614, 1, 'Jensen', 1011, 1295631, 1);
INSERT INTO interacts VALUES(982363234614, 1, 'Smoothie', 2043, 1297160, 1);
INSERT INTO interacts VALUES(982363234614, 1, 'Smoothie', 1028, 1298590, 1);
INSERT INTO interacts VALUES(982363234614, 1, 'Meteos', 3082, 1301320, 1);
INSERT INTO interacts VALUES(982363234614, 1, 'Meteos', 2043, 1301901, 1);
INSERT INTO interacts VALUES(982363234614, 1, 'Sneaky', 1037, 1308264, 1);
INSERT INTO interacts VALUES(982363234614, 1, 'Impact', 1052, 1313553, 1);
INSERT INTO interacts VALUES(982363234614, 1, 'Impact', 2043, 1314010, 1);
INSERT INTO interacts VALUES(982363234614, 1, 'MMD', 3151, 1320384, 1);
INSERT INTO interacts VALUES(982363234614, 1, 'Jensen', 3116, 1363534, 1);
INSERT INTO interacts VALUES(982363234614, 1, 'SwordArt', 2010, 1466971, 1);
INSERT INTO interacts VALUES(982363234614, 1, 'SwordArt', 3364, 1467231, 1);
INSERT INTO interacts VALUES(982363234614, 1, 'MMD', 1057, 1467264, 1);
INSERT INTO interacts VALUES(982363234614, 1, 'NL', 3153, 1468442, 1);
INSERT INTO interacts VALUES(982363234614, 1, 'MMD', 2031, 1469135, 0);
INSERT INTO interacts VALUES(982363234614, 1, 'SwordArt', 3364, 1469839, 1);
INSERT INTO interacts VALUES(982363234614, 1, 'Smoothie', 3364, 1470197, 1);
INSERT INTO interacts VALUES(982363234614, 1, 'Smoothie', 2043, 1470553, 1);
INSERT INTO interacts VALUES(982363234614, 1, 'SwordArt', 3067, 1470617, 1);
INSERT INTO interacts VALUES(982363234614, 1, 'MMD', 2043, 1470617, 1);
INSERT INTO interacts VALUES(982363234614, 1, 'NL', 1083, 1471107, 0);
INSERT INTO interacts VALUES(982363234614, 1, 'Jensen', 1052, 1471626, 1);
INSERT INTO interacts VALUES(982363234614, 1, 'NL', 2043, 1472533, 1);
INSERT INTO interacts VALUES(982363234614, 1, 'Jensen', 2043, 1472829, 1);
INSERT INTO interacts VALUES(982363234614, 1, 'Meteos', 3143, 1480356, 1);
INSERT INTO interacts VALUES(982363234614, 1, 'Meteos', 2043, 1480827, 1);
INSERT INTO interacts VALUES(982363234614, 1, 'Karsa', 1011, 1481086, 1);
INSERT INTO interacts VALUES(982363234614, 1, 'Karsa', 3082, 1481866, 1);
INSERT INTO interacts VALUES(982363234614, 1, 'Impact', 3191, 1483539, 1);
INSERT INTO interacts VALUES(982363234614, 1, 'Impact', 1052, 1483899, 1);
INSERT INTO interacts VALUES(982363234614, 1, 'Karsa', 2043, 1487340, 1);
INSERT INTO interacts VALUES(982363234614, 1, 'Maple', 3156, 1497607, 1);
INSERT INTO interacts VALUES(982363234614, 1, 'Maple', 2033, 1498516, 0);
INSERT INTO interacts VALUES(982363234614, 1, 'Maple', 2043, 1499278, 1);
INSERT INTO interacts VALUES(982363234614, 1, 'Maple', 3363, 1503295, 1);
INSERT INTO interacts VALUES(982363234614, 1, 'Impact', 3108, 1590924, 1);
INSERT INTO interacts VALUES(982363234614, 1, 'Meteos', 1033, 1594585, 1);
INSERT INTO interacts VALUES(982363234614, 1, 'Jensen', 1026, 1598308, 1);
INSERT INTO interacts VALUES(982363234614, 1, 'Smoothie', 3105, 1603339, 1);
INSERT INTO interacts VALUES(982363234614, 1, 'Smoothie', 2043, 1604609, 1);
INSERT INTO interacts VALUES(982363234614, 1, 'Smoothie', 2043, 1604772, 1);
INSERT INTO interacts VALUES(982363234614, 1, 'Meteos', 2043, 1619024, 1);
INSERT INTO interacts VALUES(982363234614, 1, 'Sneaky', 3031, 1629870, 1);
INSERT INTO interacts VALUES(982363234614, 1, 'SwordArt', 3190, 1633806, 1);
INSERT INTO interacts VALUES(982363234614, 1, 'Sneaky', 1033, 1634945, 1);
INSERT INTO interacts VALUES(982363234614, 1, 'SwordArt', 3303, 1636570, 0);
INSERT INTO interacts VALUES(982363234614, 1, 'SwordArt', 3301, 1637906, 1);
INSERT INTO interacts VALUES(982363234614, 1, 'SwordArt', 2043, 1638594, 1);
INSERT INTO interacts VALUES(982363234614, 1, 'SwordArt', 2043, 1638755, 1);
INSERT INTO interacts VALUES(982363234614, 1, 'SwordArt', 2010, 1639697, 1);
INSERT INTO interacts VALUES(982363234614, 1, 'Karsa', 2043, 1641697, 1);
INSERT INTO interacts VALUES(982363234614, 1, 'Karsa', 2043, 1641838, 1);
INSERT INTO interacts VALUES(982363234614, 1, 'MMD', 3191, 1656600, 1);
INSERT INTO interacts VALUES(982363234614, 1, 'MMD', 1054, 1659005, 0);
INSERT INTO interacts VALUES(982363234614, 1, 'MMD', 2043, 1659634, 1);
INSERT INTO interacts VALUES(982363234614, 1, 'Impact', 3157, 1660822, 1);
INSERT INTO interacts VALUES(982363234614, 1, 'Impact', 2043, 1661377, 1);
INSERT INTO interacts VALUES(982363234614, 1, 'NL', 3035, 1682245, 1);
INSERT INTO interacts VALUES(982363234614, 1, 'Maple', 3035, 1684713, 1);
INSERT INTO interacts VALUES(982363234614, 1, 'Maple', 2043, 1685882, 1);
INSERT INTO interacts VALUES(982363234614, 1, 'Jensen', 3135, 1778891, 1);
INSERT INTO interacts VALUES(982363234614, 1, 'Jensen', 1056, 1781229, 0);
INSERT INTO interacts VALUES(982363234614, 1, 'Jensen', 2043, 1781588, 1);
INSERT INTO interacts VALUES(982363234614, 1, 'Jensen', 2010, 1781879, 1);
INSERT INTO interacts VALUES(982363234614, 1, 'Jensen', 2010, 1783115, 1);
INSERT INTO interacts VALUES(982363234614, 1, 'SwordArt', 3096, 1800634, 1);
INSERT INTO interacts VALUES(982363234614, 1, 'Impact', 1026, 1800859, 1);
INSERT INTO interacts VALUES(982363234614, 1, 'Karsa', 3143, 1801149, 1);
INSERT INTO interacts VALUES(982363234614, 1, 'SwordArt', 2043, 1801311, 1);
INSERT INTO interacts VALUES(982363234614, 1, 'Karsa', 2043, 1801571, 1);
INSERT INTO interacts VALUES(982363234614, 1, 'Karsa', 2043, 1801735, 1);
INSERT INTO interacts VALUES(982363234614, 1, 'Karsa', 2003, 1802737, 1);
INSERT INTO interacts VALUES(982363234614, 1, 'Karsa', 2003, 1802870, 1);
INSERT INTO interacts VALUES(982363234614, 1, 'Smoothie', 3190, 1818997, 1);
INSERT INTO interacts VALUES(982363234614, 1, 'Sneaky', 3140, 1851645, 1);
INSERT INTO interacts VALUES(982363234614, 1, 'Sneaky', 2043, 1852609, 0);
INSERT INTO interacts VALUES(982363234614, 1, 'Sneaky', 1053, 1853944, 1);
INSERT INTO interacts VALUES(982363234614, 1, 'Impact', 2139, 1910909, 1);
INSERT INTO interacts VALUES(982363234614, 1, 'Smoothie', 2043, 1965705, 1);
INSERT INTO interacts VALUES(982363234614, 1, 'Smoothie', 2043, 1965928, 1);
INSERT INTO interacts VALUES(982363234614, 1, 'Meteos', 1057, 1966029, 1);
INSERT INTO interacts VALUES(982363234614, 1, 'Meteos', 1031, 1966717, 1);
INSERT INTO interacts VALUES(982363234614, 1, 'Meteos', 2031, 1968900, 0);
INSERT INTO interacts VALUES(982363234614, 1, 'Meteos', 2043, 1969417, 1);
INSERT INTO interacts VALUES(982363234614, 1, 'Meteos', 2043, 1969549, 1);
INSERT INTO interacts VALUES(982363234614, 1, 'SwordArt', 2043, 1971922, 1);
INSERT INTO interacts VALUES(982363234614, 1, 'MMD', 3157, 1972084, 1);
INSERT INTO interacts VALUES(982363234614, 1, 'SwordArt', 2043, 1972084, 1);
INSERT INTO interacts VALUES(982363234614, 1, 'Maple', 3004, 1972117, 1);
INSERT INTO interacts VALUES(982363234614, 1, 'MMD', 2043, 1973261, 1);
INSERT INTO interacts VALUES(982363234614, 1, 'SwordArt', 1029, 1973714, 1);
INSERT INTO interacts VALUES(982363234614, 1, 'Maple', 2043, 1975336, 1);
INSERT INTO interacts VALUES(982363234614, 1, 'Karsa', 1028, 1978042, 1);
INSERT INTO interacts VALUES(982363234614, 1, 'Karsa', 2043, 1978350, 1);
INSERT INTO interacts VALUES(982363234614, 1, 'Jensen', 1026, 1979036, 1);
INSERT INTO interacts VALUES(982363234614, 1, 'Karsa', 2138, 1980785, 1);
INSERT INTO interacts VALUES(982363234614, 1, 'NL', 1055, 1981282, 0);
INSERT INTO interacts VALUES(982363234614, 1, 'NL', 3155, 1982635, 1);
INSERT INTO interacts VALUES(982363234614, 1, 'MMD', 3211, 2103580, 1);
INSERT INTO interacts VALUES(982363234614, 1, 'Impact', 1055, 2130022, 0);
INSERT INTO interacts VALUES(982363234614, 1, 'Impact', 1052, 2131733, 1);
INSERT INTO interacts VALUES(982363234614, 1, 'Meteos', 3026, 2140662, 1);
INSERT INTO interacts VALUES(982363234614, 1, 'Impact', 3135, 2159065, 1);
INSERT INTO interacts VALUES(982363234614, 1, 'Smoothie', 2043, 2165337, 1);
INSERT INTO interacts VALUES(982363234614, 1, 'Smoothie', 2043, 2165505, 1);
INSERT INTO interacts VALUES(982363234614, 1, 'Smoothie', 2010, 2166450, 0);
INSERT INTO interacts VALUES(982363234614, 1, 'Smoothie', 3114, 2167390, 1);
INSERT INTO interacts VALUES(982363234614, 1, 'Karsa', 1011, 2193488, 1);
INSERT INTO interacts VALUES(982363234614, 1, 'Karsa', 2043, 2194176, 1);
INSERT INTO interacts VALUES(982363234614, 1, 'Karsa', 2043, 2194323, 1);
INSERT INTO interacts VALUES(982363234614, 1, 'NL', 3036, 2200233, 1);
INSERT INTO interacts VALUES(982363234614, 1, 'SwordArt', 3069, 2206222, 1);
INSERT INTO interacts VALUES(982363234614, 1, 'MMD', 3102, 2212879, 1);
INSERT INTO interacts VALUES(982363234614, 1, 'Maple', 3036, 2215440, 1);
INSERT INTO interacts VALUES(982363234614, 1, 'Maple', 2043, 2216397, 1);
INSERT INTO interacts VALUES(982363234614, 1, 'Sneaky', 3139, 2221052, 1);
INSERT INTO interacts VALUES(982363234614, 1, 'Sneaky', 2043, 2221733, 1);
INSERT INTO interacts VALUES(982363234614, 1, 'Jensen', 2010, 2245395, 0);
INSERT INTO interacts VALUES(982363234614, 1, 'Jensen', 1058, 2246503, 1);
INSERT INTO interacts VALUES(982363234614, 1, 'MMD', 2043, 2293479, 1);
INSERT INTO interacts VALUES(982363234614, 1, 'Impact', 1058, 2297876, 1);
INSERT INTO interacts VALUES(982363234614, 1, 'Meteos', 2043, 2305531, 1);
INSERT INTO interacts VALUES(982363234614, 1, 'Meteos', 1031, 2310495, 1);
INSERT INTO interacts VALUES(982363234614, 1, 'Smoothie', 2043, 2313497, 1);
INSERT INTO interacts VALUES(982363234614, 1, 'Karsa', 2138, 2327324, 1);
INSERT INTO interacts VALUES(982363234614, 1, 'SwordArt', 3114, 2433936, 1);
INSERT INTO interacts VALUES(982363234614, 1, 'SwordArt', 2043, 2434913, 1);
INSERT INTO interacts VALUES(982363234614, 1, 'SwordArt', 2043, 2435078, 1);
INSERT INTO interacts VALUES(982363234614, 1, 'Smoothie', 3028, 2443953, 1);
INSERT INTO interacts VALUES(982363234614, 1, 'Sneaky', 3035, 2443953, 1);
INSERT INTO interacts VALUES(982363234614, 1, 'MMD', 1026, 2444147, 1);
INSERT INTO interacts VALUES(982363234614, 1, 'Jensen', 3089, 2447229, 1);
INSERT INTO interacts VALUES(982363234614, 1, 'Maple', 3133, 2452691, 1);
INSERT INTO interacts VALUES(982363234614, 1, 'Maple', 2140, 2454204, 1);
INSERT INTO interacts VALUES(982363234614, 1, 'NL', 3156, 2463758, 1);
INSERT INTO interacts VALUES(982363234614, 1, 'Karsa', 2043, 2464083, 1);
INSERT INTO interacts VALUES(982363234614, 1, 'Karsa', 2043, 2464229, 1);
INSERT INTO interacts VALUES(982363234614, 1, 'Karsa', 2138, 2465015, 1);
INSERT INTO interacts VALUES(982363234614, 1, 'Meteos', 1011, 2519408, 1);
INSERT INTO interacts VALUES(982363234614, 1, 'Smoothie', 3222, 2566144, 1);
INSERT INTO interacts VALUES(982363234614, 1, 'Sneaky', 3036, 2594687, 1);
INSERT INTO interacts VALUES(982363234614, 1, 'Jensen', 3113, 2595826, 1);
INSERT INTO interacts VALUES(982363234614, 1, 'Impact', 3089, 2614911, 1);
INSERT INTO interacts VALUES(982363234614, 1, 'Sneaky', 1055, 2645755, 0);
INSERT INTO interacts VALUES(982363234614, 1, 'Sneaky', 3086, 2646342, 1);
INSERT INTO interacts VALUES(982363234614, 1, 'Smoothie', 2043, 2646961, 1);
INSERT INTO interacts VALUES(982363234614, 1, 'Smoothie', 2043, 2647093, 1);
INSERT INTO interacts VALUES(982363234614, 1, 'Jensen', 2139, 2651258, 1);
INSERT INTO interacts VALUES(982363234614, 1, 'Maple', 3812, 2687454, 1);
INSERT INTO interacts VALUES(982363234614, 1, 'SwordArt', 3222, 2688359, 1);
INSERT INTO interacts VALUES(982363234614, 1, 'Karsa', 3742, 2688391, 1);
INSERT INTO interacts VALUES(982363234614, 1, 'Maple', 2140, 2688474, 1);
INSERT INTO interacts VALUES(982363234614, 1, 'Karsa', 2043, 2689272, 1);
INSERT INTO interacts VALUES(982363234614, 1, 'Karsa', 2043, 2689432, 1);
INSERT INTO interacts VALUES(982363234614, 1, 'SwordArt', 2043, 2689821, 1);
INSERT INTO interacts VALUES(982363234614, 1, 'SwordArt', 2043, 2689983, 1);
INSERT INTO interacts VALUES(982363234614, 1, 'MMD', 3135, 2690956, 1);
INSERT INTO interacts VALUES(982363234614, 1, 'NL', 2140, 2691349, 1);
INSERT INTO interacts VALUES(982363234614, 1, 'MMD', 2139, 2691545, 1);
INSERT INTO interacts VALUES(982363234614, 1, 'Impact', 2139, 2733258, 1);
INSERT INTO interacts VALUES(982363234614, 1, 'Smoothie', 3303, 2757720, 0);
INSERT INTO interacts VALUES(982363234614, 1, 'Smoothie', 3301, 2758339, 1);
INSERT INTO interacts VALUES(982363234614, 1, 'Meteos', 3742, 2804945, 1);
INSERT INTO interacts VALUES(982363234614, 1, 'Meteos', 2043, 2805715, 1);
INSERT INTO interacts VALUES(982363234614, 1, 'Sneaky', 3094, 2846324, 1);
INSERT INTO interacts VALUES(982363234614, 1, 'Impact', 2139, 2853112, 1);
INSERT INTO interacts VALUES(982363234614, 1, 'MMD', 3102, 2948473, 0);
INSERT INTO interacts VALUES(982363234614, 1, 'MMD', 3089, 2948832, 1);
INSERT INTO interacts VALUES(982363234614, 1, 'Karsa', 1057, 2949838, 1);
INSERT INTO interacts VALUES(982363234614, 1, 'Karsa', 2138, 2950594, 1);
INSERT INTO interacts VALUES(982363234614, 1, 'NL', 2140, 2956101, 1);
INSERT INTO interacts VALUES(982363234614, 1, 'SwordArt', 3067, 2957371, 1);
INSERT INTO interacts VALUES(982363234614, 1, 'SwordArt', 2138, 2958792, 1);
INSERT INTO interacts VALUES(982363234614, 1, 'Maple', 2140, 2959160, 1);
INSERT INTO interacts VALUES(982363234614, 1, 'Smoothie', 2043, 3019644, 1);
INSERT INTO interacts VALUES(982363234614, 1, 'Smoothie', 2043, 3019783, 1);
INSERT INTO interacts VALUES(982363234614, 1, 'Smoothie', 3096, 3020853, 1);
INSERT INTO interacts VALUES(982363234614, 1, 'Impact', 2139, 3039562, 1);
INSERT INTO interacts VALUES(982363234614, 1, 'Jensen', 3285, 3043796, 1);
INSERT INTO interacts VALUES(982363234614, 1, 'MMD', 2139, 3050483, 1);
INSERT INTO interacts VALUES(982363234614, 1, 'Jensen', 2139, 3052175, 1);
INSERT INTO interacts VALUES(982363234614, 1, 'Meteos', 1011, 3204280, 1);
INSERT INTO interacts VALUES(982363234614, 1, 'Smoothie', 2053, 3204280, 1);
INSERT INTO interacts VALUES(982363234614, 1, 'Smoothie', 2043, 3205911, 1);
INSERT INTO interacts VALUES(982363234614, 1, 'Smoothie', 2043, 3206071, 1);
INSERT INTO interacts VALUES(982363234614, 1, 'Impact', 3001, 3212467, 0);
INSERT INTO interacts VALUES(982363234614, 1, 'Impact', 3151, 3215411, 1);
INSERT INTO interacts VALUES(982363234614, 1, 'Sneaky', 2140, 3231376, 1);
INSERT INTO interacts VALUES(982363234614, 1, 'Jensen', 2139, 3244301, 1);
INSERT INTO interacts VALUES(982363234614, 1, 'Smoothie', 2043, 3285234, 0);
INSERT INTO interacts VALUES(982363234614, 1, 'Smoothie', 2043, 3287061, 0);
INSERT INTO interacts VALUES(982363234614, 1, 'Impact', 2139, 3287912, 1);
INSERT INTO interacts VALUES(982363234614, 1, 'Smoothie', 3069, 3288284, 1);
INSERT INTO interacts VALUES(982363234614, 1, 'Jensen', 2139, 3317265, 1);
INSERT INTO interacts VALUES(982363234614, 1, 'Meteos', 2138, 3330851, 1);
INSERT INTO interacts VALUES(982363234614, 1, 'Karsa', 3026, 3369329, 1);
INSERT INTO interacts VALUES(982363234614, 1, 'NL', 2140, 3369849, 1);
INSERT INTO interacts VALUES(982363234614, 1, 'Karsa', 2138, 3370600, 1);
INSERT INTO interacts VALUES(982363234614, 1, 'Smoothie', 2043, 3375579, 1);
INSERT INTO interacts VALUES(982363234614, 1, 'SwordArt', 3067, 3375663, 0);
INSERT INTO interacts VALUES(982363234614, 1, 'Smoothie', 2043, 3375740, 1);
INSERT INTO interacts VALUES(982363234614, 1, 'SwordArt', 3026, 3377441, 1);
INSERT INTO interacts VALUES(982363234614, 1, 'MMD', 3152, 3378810, 0);
INSERT INTO interacts VALUES(982363234614, 1, 'SwordArt', 2138, 3378875, 1);
INSERT INTO interacts VALUES(982363234614, 1, 'MMD', 3111, 3379526, 0);
INSERT INTO interacts VALUES(982363234614, 1, 'MMD', 3020, 3380856, 1);
INSERT INTO interacts VALUES(982363234614, 1, 'MMD', 3116, 3382190, 1);
INSERT INTO interacts VALUES(982363234614, 1, 'NL', 2140, 3421362, 1);
INSERT INTO interacts VALUES(982363234614, 1, 'Jensen', 2139, 3424117, 1);
INSERT INTO interacts VALUES(982363234614, 1, 'Maple', 2140, 3424673, 1);
INSERT INTO interacts VALUES(982363234614, 1, 'Sneaky', 2140, 3425720, 1);
INSERT INTO interacts VALUES(982363234614, 1, 'Smoothie', 2043, 3427057, 1);
INSERT INTO interacts VALUES(982363234614, 1, 'Smoothie', 2139, 3428522, 1);
INSERT INTO interacts VALUES(982363234614, 1, 'MMD', 2139, 3430242, 1);
INSERT INTO interacts VALUES(982363234614, 1, 'Impact', 2139, 3453913, 1);
INSERT INTO interacts VALUES(982363234614, 1, 'Jensen', 2139, 3460294, 1);
INSERT INTO interacts VALUES(982363234614, 1, 'Meteos', 3083, 3501782, 1);
INSERT INTO interacts VALUES(982363234614, 1, 'Smoothie', 2043, 3511308, 0);
INSERT INTO interacts VALUES(982363234614, 1, 'Smoothie', 2043, 3511438, 0);
INSERT INTO interacts VALUES(982363234614, 1, 'Smoothie', 3114, 3512924, 1);
INSERT INTO interacts VALUES(982363234614, 1, 'Maple', 2140, 3563485, 1);
INSERT INTO interacts VALUES(982363234614, 1, 'Karsa', 2138, 3563538, 1);
INSERT INTO interacts VALUES(982363234614, 1, 'MMD', 2139, 3564271, 1);
INSERT INTO interacts VALUES(982363234614, 1, 'SwordArt', 2138, 3567235, 1);
INSERT INTO interacts VALUES(982363234614, 1, 'NL', 2140, 3567728, 1);
INSERT INTO interacts VALUES(982363234614, 1, 'Impact', 2139, 3577012, 1);
INSERT INTO interacts VALUES(982363234614, 1, 'Jensen', 2139, 3577637, 1);
INSERT INTO interacts VALUES(982363234614, 1, 'Sneaky', 2140, 3582664, 1);
INSERT INTO interacts VALUES(982363234614, 1, 'Impact', 2139, 3640341, 1);
INSERT INTO interacts VALUES(982363234614, 1, 'Jensen', 2139, 3641419, 1);
INSERT INTO interacts VALUES(982363234614, 1, 'Meteos', 2138, 3643392, 1);
INSERT INTO interacts VALUES(982363234614, 1, 'Maple', 2140, 3704721, 1);
INSERT INTO interacts VALUES(982363234614, 1, 'Smoothie', 2139, 3707794, 1);
INSERT INTO interacts VALUES(982363234614, 1, 'SwordArt', 2138, 3709558, 1);
INSERT INTO interacts VALUES(982363234614, 1, 'Karsa', 1410, 3709620, 0);
INSERT INTO interacts VALUES(982363234614, 1, 'Karsa', 3110, 3711939, 1);
INSERT INTO interacts VALUES(982363234614, 1, 'Karsa', 2138, 3713185, 1);
INSERT INTO interacts VALUES(982363234614, 1, 'NL', 2140, 3748234, 1);
INSERT INTO interacts VALUES(982363234614, 1, 'MMD', 2139, 3751806, 1);
INSERT INTO interacts VALUES(982363234614, 1, 'Impact', 2139, 3754566, 1);
INSERT INTO interacts VALUES(982363234614, 1, 'Karsa', 2138, 3843231, 1);
INSERT INTO interacts VALUES(982363234614, 1, 'Maple', 2140, 3850761, 1);
INSERT INTO interacts VALUES(982363234614, 1, 'Smoothie', 3504, 3886054, 1);
INSERT INTO interacts VALUES(982363234614, 1, 'Jensen', 2139, 3886507, 1);
INSERT INTO interacts VALUES(982363234614, 1, 'Impact', 2139, 3886639, 1);
INSERT INTO interacts VALUES(982363234614, 1, 'Sneaky', 2140, 3889425, 1);
INSERT INTO interacts VALUES(982363234614, 1, 'Impact', 3363, 3889438, 1);
INSERT INTO interacts VALUES(982363234614, 1, 'Maple', 2140, 3896214, 1);
INSERT INTO interacts VALUES(982363234614, 1, 'NL', 3156, 3901797, 0);
INSERT INTO interacts VALUES(982363234614, 1, 'Maple', 3142, 3902647, 0);
INSERT INTO interacts VALUES(982363234614, 1, 'NL', 3512, 3902745, 1);
INSERT INTO interacts VALUES(982363234614, 1, 'Maple', 3512, 3904376, 1);
INSERT INTO interacts VALUES(982363234614, 1, 'SwordArt', 2138, 3905580, 1);
INSERT INTO interacts VALUES(982363234614, 1, 'Maple', 3512, 3911412, 0);
INSERT INTO interacts VALUES(982363234614, 1, 'Maple', 3142, 3913569, 1);
INSERT INTO interacts VALUES(982363234614, 1, 'NL', 3512, 3918389, 0);
INSERT INTO interacts VALUES(982363234614, 1, 'NL', 3156, 3919524, 1);
INSERT INTO interacts VALUES(982363234614, 1, 'Impact', 2139, 4048922, 1);
INSERT INTO interacts VALUES(982363234614, 1, 'MMD', 2139, 4079575, 1);
INSERT INTO interacts VALUES(982363234614, 1, 'Maple', 2140, 4097133, 1);
INSERT INTO interacts VALUES(982363234614, 1, 'Impact', 2139, 4101681, 1);
INSERT INTO interacts VALUES(982363234614, 1, 'Karsa', 2138, 4106463, 1);
INSERT INTO interacts VALUES(982363234614, 1, 'Impact', 2138, 4108071, 1);
INSERT INTO interacts VALUES(982363234614, 1, 'NL', 2140, 4126460, 1);
INSERT INTO interacts VALUES(982363234614, 1, 'Karsa', 2138, 4197176, 1);
INSERT INTO series VALUES(888581445341, 1);
INSERT INTO organizes VALUES('world_championship_2016', 888581445341, 'group_b - IM-vs-SKT');
INSERT INTO competes VALUES(888581445341, 'IM', 1);
INSERT INTO competes VALUES(888581445341, 'SKT', 0);
INSERT INTO matches VALUES(888581445341, 1, '2016-10-01');
INSERT INTO scores VALUES('IM', 888581445341, 1, 0, 0, 0, 0, 0, 0);
INSERT INTO scores VALUES('SKT', 888581445341, 1, 3, 11, 0, 1, 4, 1);
INSERT INTO bans VALUES(888581445341, 1, 68, 1);
INSERT INTO bans VALUES(888581445341, 1, 81, 3);
INSERT INTO bans VALUES(888581445341, 1, 134, 5);
INSERT INTO bans VALUES(888581445341, 1, 432, 2);
INSERT INTO bans VALUES(888581445341, 1, 154, 4);
INSERT INTO bans VALUES(888581445341, 1, 2, 6);
INSERT INTO plays VALUES(888581445341, 1, 'AmazingJ', 78, 'top', 0, 4, 0, 12136, 15, 5, 235, 2, 0, 9711);
INSERT INTO plays VALUES(888581445341, 1, 'Avoidless', 60, 'jungle', 1, 3, 2, 5019, 25, 16, 28, 71, 9, 9291);
INSERT INTO players VALUES('Baeme', date('1970-01-01'));
INSERT INTO registers VALUES('Baeme', 'IM', date('1970-01-01'), 'NULL');
INSERT INTO plays VALUES(888581445341, 1, 'Baeme', 13, 'mid', 2, 1, 1, 10268, 10, 6, 275, 13, 0, 11245);
INSERT INTO plays VALUES(888581445341, 1, 'Jinjiao', 222, 'adc', 0, 1, 0, 4787, 11, 4, 268, 10, 0, 10261);
INSERT INTO plays VALUES(888581445341, 1, 'Road', 201, 'support', 0, 1, 0, 4750, 47, 17, 39, 1, 0, 6595);
INSERT INTO plays VALUES(888581445341, 1, 'Duke', 48, 'top', 0, 0, 6, 12851, 17, 4, 281, 8, 1, 13495);
INSERT INTO plays VALUES(888581445341, 1, 'Blank', 76, 'jungle', 3, 2, 4, 8928, 27, 23, 33, 87, 54, 13410);
INSERT INTO plays VALUES(888581445341, 1, 'Faker', 69, 'mid', 4, 1, 4, 20006, 18, 4, 245, 10, 5, 14126);
INSERT INTO plays VALUES(888581445341, 1, 'Bang', 15, 'adc', 3, 0, 4, 19076, 14, 8, 346, 11, 8, 15679);
INSERT INTO plays VALUES(888581445341, 1, 'Wolf', 43, 'support', 0, 0, 7, 4278, 40, 18, 21, 0, 2, 8601);
INSERT INTO interacts VALUES(888581445341, 1, 'Duke', 2033, 1603, 1);
INSERT INTO interacts VALUES(888581445341, 1, 'Wolf', 3303, 1796, 1);
INSERT INTO interacts VALUES(888581445341, 1, 'Duke', 3340, 1836, 1);
INSERT INTO interacts VALUES(888581445341, 1, 'Avoidless', 1039, 1860, 1);
INSERT INTO interacts VALUES(888581445341, 1, 'Faker', 1056, 1860, 1);
INSERT INTO interacts VALUES(888581445341, 1, 'Baeme', 1027, 1957, 1);
INSERT INTO interacts VALUES(888581445341, 1, 'Wolf', 2010, 1990, 1);
INSERT INTO interacts VALUES(888581445341, 1, 'Faker', 2003, 2054, 1);
INSERT INTO interacts VALUES(888581445341, 1, 'Blank', 1039, 2054, 1);
INSERT INTO interacts VALUES(888581445341, 1, 'Wolf', 2010, 2151, 1);
INSERT INTO interacts VALUES(888581445341, 1, 'Faker', 2003, 2184, 1);
INSERT INTO interacts VALUES(888581445341, 1, 'Bang', 1055, 2184, 1);
INSERT INTO interacts VALUES(888581445341, 1, 'Jinjiao', 1055, 2312, 1);
INSERT INTO interacts VALUES(888581445341, 1, 'AmazingJ', 2033, 2312, 1);
INSERT INTO interacts VALUES(888581445341, 1, 'Wolf', 2010, 2312, 1);
INSERT INTO interacts VALUES(888581445341, 1, 'Faker', 3340, 2354, 1);
INSERT INTO interacts VALUES(888581445341, 1, 'Blank', 3340, 2379, 1);
INSERT INTO interacts VALUES(888581445341, 1, 'Bang', 2010, 2379, 1);
INSERT INTO interacts VALUES(888581445341, 1, 'Wolf', 3340, 2476, 1);
INSERT INTO interacts VALUES(888581445341, 1, 'AmazingJ', 3340, 2540, 1);
INSERT INTO interacts VALUES(888581445341, 1, 'Jinjiao', 2010, 2574, 1);
INSERT INTO interacts VALUES(888581445341, 1, 'Bang', 3340, 2574, 1);
INSERT INTO interacts VALUES(888581445341, 1, 'Jinjiao', 3340, 2873, 1);
INSERT INTO interacts VALUES(888581445341, 1, 'Baeme', 2031, 3131, 1);
INSERT INTO interacts VALUES(888581445341, 1, 'Blank', 2031, 3416, 1);
INSERT INTO interacts VALUES(888581445341, 1, 'Baeme', 3340, 4065, 1);
INSERT INTO interacts VALUES(888581445341, 1, 'Road', 3302, 4065, 1);
INSERT INTO interacts VALUES(888581445341, 1, 'Road', 2010, 4259, 1);
INSERT INTO interacts VALUES(888581445341, 1, 'Road', 2010, 4387, 1);
INSERT INTO interacts VALUES(888581445341, 1, 'Road', 2010, 4549, 1);
INSERT INTO interacts VALUES(888581445341, 1, 'Road', 3340, 4745, 1);
INSERT INTO interacts VALUES(888581445341, 1, 'Avoidless', 2031, 5915, 1);
INSERT INTO interacts VALUES(888581445341, 1, 'Avoidless', 3340, 8546, 1);
INSERT INTO interacts VALUES(888581445341, 1, 'Baeme', 1004, 169452, 1);
INSERT INTO interacts VALUES(888581445341, 1, 'Faker', 3070, 316294, 1);
INSERT INTO interacts VALUES(888581445341, 1, 'Avoidless', 3711, 321937, 1);
INSERT INTO interacts VALUES(888581445341, 1, 'Avoidless', 1001, 323331, 1);
INSERT INTO interacts VALUES(888581445341, 1, 'Avoidless', 1052, 325272, 1);
INSERT INTO interacts VALUES(888581445341, 1, 'Faker', 1033, 325337, 1);
INSERT INTO interacts VALUES(888581445341, 1, 'Faker', 2043, 325724, 1);
INSERT INTO interacts VALUES(888581445341, 1, 'Blank', 3711, 327312, 1);
INSERT INTO interacts VALUES(888581445341, 1, 'Blank', 1052, 328413, 1);
INSERT INTO interacts VALUES(888581445341, 1, 'Blank', 3113, 329193, 1);
INSERT INTO interacts VALUES(888581445341, 1, 'Baeme', 3070, 332544, 1);
INSERT INTO interacts VALUES(888581445341, 1, 'Avoidless', 3341, 333755, 1);
INSERT INTO interacts VALUES(888581445341, 1, 'Baeme', 3010, 333972, 1);
INSERT INTO interacts VALUES(888581445341, 1, 'Baeme', 2043, 343835, 1);
INSERT INTO interacts VALUES(888581445341, 1, 'AmazingJ', 1031, 368136, 1);
INSERT INTO interacts VALUES(888581445341, 1, 'AmazingJ', 1028, 369497, 1);
INSERT INTO interacts VALUES(888581445341, 1, 'AmazingJ', 2043, 369822, 1);
INSERT INTO interacts VALUES(888581445341, 1, 'Duke', 3077, 403141, 1);
INSERT INTO interacts VALUES(888581445341, 1, 'Duke', 1083, 405380, 1);
INSERT INTO interacts VALUES(888581445341, 1, 'Road', 2049, 413440, 1);
INSERT INTO interacts VALUES(888581445341, 1, 'Road', 3341, 414903, 1);
INSERT INTO interacts VALUES(888581445341, 1, 'Road', 2043, 415129, 1);
INSERT INTO interacts VALUES(888581445341, 1, 'Road', 2010, 415356, 1);
INSERT INTO interacts VALUES(888581445341, 1, 'Wolf', 2049, 427050, 1);
INSERT INTO interacts VALUES(888581445341, 1, 'Bang', 1038, 427824, 1);
INSERT INTO interacts VALUES(888581445341, 1, 'Wolf', 3341, 428367, 1);
INSERT INTO interacts VALUES(888581445341, 1, 'Wolf', 2010, 428981, 1);
INSERT INTO interacts VALUES(888581445341, 1, 'Bang', 1036, 429408, 1);
INSERT INTO interacts VALUES(888581445341, 1, 'Wolf', 2043, 429538, 1);
INSERT INTO interacts VALUES(888581445341, 1, 'Bang', 2010, 430806, 1);
INSERT INTO interacts VALUES(888581445341, 1, 'Bang', 2043, 431002, 1);
INSERT INTO interacts VALUES(888581445341, 1, 'Jinjiao', 1038, 444321, 1);
INSERT INTO interacts VALUES(888581445341, 1, 'Jinjiao', 1001, 444936, 1);
INSERT INTO interacts VALUES(888581445341, 1, 'Jinjiao', 2010, 445326, 1);
INSERT INTO interacts VALUES(888581445341, 1, 'Jinjiao', 2043, 446205, 1);
INSERT INTO interacts VALUES(888581445341, 1, 'Blank', 1410, 464167, 1);
INSERT INTO interacts VALUES(888581445341, 1, 'Blank', 2043, 465629, 1);
INSERT INTO interacts VALUES(888581445341, 1, 'AmazingJ', 3751, 538847, 1);
INSERT INTO interacts VALUES(888581445341, 1, 'Avoidless', 3113, 540004, 1);
INSERT INTO interacts VALUES(888581445341, 1, 'Avoidless', 1052, 540571, 1);
INSERT INTO interacts VALUES(888581445341, 1, 'Duke', 1001, 545954, 1);
INSERT INTO interacts VALUES(888581445341, 1, 'Avoidless', 2043, 550502, 1);
INSERT INTO interacts VALUES(888581445341, 1, 'Duke', 2043, 551188, 1);
INSERT INTO interacts VALUES(888581445341, 1, 'Road', 1001, 551868, 1);
INSERT INTO interacts VALUES(888581445341, 1, 'Duke', 1029, 552256, 1);
INSERT INTO interacts VALUES(888581445341, 1, 'Baeme', 1026, 568186, 1);
INSERT INTO interacts VALUES(888581445341, 1, 'Baeme', 1001, 569384, 1);
INSERT INTO interacts VALUES(888581445341, 1, 'Baeme', 2043, 570358, 1);
INSERT INTO interacts VALUES(888581445341, 1, 'Bang', 3006, 577732, 1);
INSERT INTO interacts VALUES(888581445341, 1, 'Bang', 1036, 578969, 1);
INSERT INTO interacts VALUES(888581445341, 1, 'Bang', 2010, 584647, 1);
INSERT INTO interacts VALUES(888581445341, 1, 'Wolf', 1001, 584743, 1);
INSERT INTO interacts VALUES(888581445341, 1, 'Wolf', 2043, 585427, 1);
INSERT INTO interacts VALUES(888581445341, 1, 'Wolf', 2031, 585717, 1);
INSERT INTO interacts VALUES(888581445341, 1, 'Faker', 1057, 605396, 1);
INSERT INTO interacts VALUES(888581445341, 1, 'Faker', 3108, 607274, 1);
INSERT INTO interacts VALUES(888581445341, 1, 'Faker', 1052, 608768, 1);
INSERT INTO interacts VALUES(888581445341, 1, 'Blank', 1001, 618546, 1);
INSERT INTO interacts VALUES(888581445341, 1, 'Blank', 1057, 622640, 1);
INSERT INTO interacts VALUES(888581445341, 1, 'Blank', 1052, 624489, 1);
INSERT INTO interacts VALUES(888581445341, 1, 'Jinjiao', 3006, 649974, 1);
INSERT INTO interacts VALUES(888581445341, 1, 'Jinjiao', 2010, 651271, 1);
INSERT INTO interacts VALUES(888581445341, 1, 'Road', 2043, 676553, 1);
INSERT INTO interacts VALUES(888581445341, 1, 'Road', 2043, 676714, 1);
INSERT INTO interacts VALUES(888581445341, 1, 'Road', 1006, 676974, 1);
INSERT INTO interacts VALUES(888581445341, 1, 'Road', 2010, 677330, 1);
INSERT INTO interacts VALUES(888581445341, 1, 'Road', 2010, 677425, 1);
INSERT INTO interacts VALUES(888581445341, 1, 'Wolf', 1028, 683192, 1);
INSERT INTO interacts VALUES(888581445341, 1, 'Avoidless', 1410, 684117, 1);
INSERT INTO interacts VALUES(888581445341, 1, 'Avoidless', 2043, 685389, 1);
INSERT INTO interacts VALUES(888581445341, 1, 'Bang', 3133, 743096, 1);
INSERT INTO interacts VALUES(888581445341, 1, 'Bang', 1018, 743876, 1);
INSERT INTO interacts VALUES(888581445341, 1, 'AmazingJ', 3068, 745498, 1);
INSERT INTO interacts VALUES(888581445341, 1, 'AmazingJ', 1001, 776358, 1);
INSERT INTO interacts VALUES(888581445341, 1, 'Baeme', 3027, 785799, 1);
INSERT INTO interacts VALUES(888581445341, 1, 'Baeme', 3158, 787291, 1);
INSERT INTO interacts VALUES(888581445341, 1, 'Baeme', 3364, 788850, 1);
INSERT INTO interacts VALUES(888581445341, 1, 'Avoidless', 1057, 791680, 1);
INSERT INTO interacts VALUES(888581445341, 1, 'Avoidless', 1033, 793487, 1);
INSERT INTO interacts VALUES(888581445341, 1, 'Duke', 3111, 794091, 1);
INSERT INTO interacts VALUES(888581445341, 1, 'Blank', 1052, 794872, 1);
INSERT INTO interacts VALUES(888581445341, 1, 'Duke', 1053, 795686, 1);
INSERT INTO interacts VALUES(888581445341, 1, 'Blank', 3108, 795915, 1);
INSERT INTO interacts VALUES(888581445341, 1, 'Avoidless', 3158, 796635, 1);
INSERT INTO interacts VALUES(888581445341, 1, 'Blank', 1052, 797217, 1);
INSERT INTO interacts VALUES(888581445341, 1, 'Blank', 3364, 800726, 1);
INSERT INTO interacts VALUES(888581445341, 1, 'Faker', 3001, 802680, 1);
INSERT INTO interacts VALUES(888581445341, 1, 'Faker', 1052, 804107, 1);
INSERT INTO interacts VALUES(888581445341, 1, 'Faker', 2043, 804853, 1);
INSERT INTO interacts VALUES(888581445341, 1, 'Wolf', 2045, 813922, 1);
INSERT INTO interacts VALUES(888581445341, 1, 'Jinjiao', 3363, 823449, 1);
INSERT INTO interacts VALUES(888581445341, 1, 'Jinjiao', 1043, 826380, 1);
INSERT INTO interacts VALUES(888581445341, 1, 'Bang', 3508, 841432, 1);
INSERT INTO interacts VALUES(888581445341, 1, 'Bang', 1042, 844677, 1);
INSERT INTO interacts VALUES(888581445341, 1, 'Bang', 3363, 845718, 1);
INSERT INTO interacts VALUES(888581445341, 1, 'Road', 3009, 853651, 1);
INSERT INTO interacts VALUES(888581445341, 1, 'Road', 2043, 853944, 1);
INSERT INTO interacts VALUES(888581445341, 1, 'Bang', 2043, 855536, 1);
INSERT INTO interacts VALUES(888581445341, 1, 'Baeme', 1057, 930892, 1);
INSERT INTO interacts VALUES(888581445341, 1, 'Baeme', 2043, 932326, 1);
INSERT INTO interacts VALUES(888581445341, 1, 'AmazingJ', 3111, 973684, 1);
INSERT INTO interacts VALUES(888581445341, 1, 'AmazingJ', 1028, 975211, 1);
INSERT INTO interacts VALUES(888581445341, 1, 'AmazingJ', 2043, 975536, 1);
INSERT INTO interacts VALUES(888581445341, 1, 'Avoidless', 1033, 990381, 1);
INSERT INTO interacts VALUES(888581445341, 1, 'Road', 1028, 991101, 1);
INSERT INTO interacts VALUES(888581445341, 1, 'Avoidless', 3067, 993474, 1);
INSERT INTO interacts VALUES(888581445341, 1, 'Avoidless', 3364, 995295, 1);
INSERT INTO interacts VALUES(888581445341, 1, 'Avoidless', 2043, 997336, 1);
INSERT INTO interacts VALUES(888581445341, 1, 'Duke', 3024, 997793, 1);
INSERT INTO interacts VALUES(888581445341, 1, 'Wolf', 3158, 999226, 1);
INSERT INTO interacts VALUES(888581445341, 1, 'Wolf', 2043, 999485, 1);
INSERT INTO interacts VALUES(888581445341, 1, 'Wolf', 2043, 999614, 1);
INSERT INTO interacts VALUES(888581445341, 1, 'Bang', 3086, 1010952, 1);
INSERT INTO interacts VALUES(888581445341, 1, 'Blank', 3001, 1012348, 1);
INSERT INTO interacts VALUES(888581445341, 1, 'Blank', 3158, 1014230, 1);
INSERT INTO interacts VALUES(888581445341, 1, 'Blank', 2043, 1017185, 1);
INSERT INTO interacts VALUES(888581445341, 1, 'Faker', 3108, 1018317, 1);
INSERT INTO interacts VALUES(888581445341, 1, 'Faker', 3802, 1018481, 1);
INSERT INTO interacts VALUES(888581445341, 1, 'Faker', 2043, 1019422, 1);
INSERT INTO interacts VALUES(888581445341, 1, 'Jinjiao', 3086, 1048665, 1);
INSERT INTO interacts VALUES(888581445341, 1, 'AmazingJ', 1033, 1077925, 1);
INSERT INTO interacts VALUES(888581445341, 1, 'Road', 2045, 1164794, 1);
INSERT INTO interacts VALUES(888581445341, 1, 'Baeme', 2031, 1165332, 0);
INSERT INTO interacts VALUES(888581445341, 1, 'Road', 2043, 1166538, 1);
INSERT INTO interacts VALUES(888581445341, 1, 'Road', 2043, 1166670, 1);
INSERT INTO interacts VALUES(888581445341, 1, 'Baeme', 1026, 1166999, 1);
INSERT INTO interacts VALUES(888581445341, 1, 'AmazingJ', 3211, 1191616, 1);
INSERT INTO interacts VALUES(888581445341, 1, 'AmazingJ', 1029, 1192662, 1);
INSERT INTO interacts VALUES(888581445341, 1, 'Duke', 3074, 1200398, 1);
INSERT INTO interacts VALUES(888581445341, 1, 'Duke', 1033, 1202346, 1);
INSERT INTO interacts VALUES(888581445341, 1, 'Wolf', 1033, 1224311, 1);
INSERT INTO interacts VALUES(888581445341, 1, 'Wolf', 2043, 1226227, 1);
INSERT INTO interacts VALUES(888581445341, 1, 'Wolf', 2043, 1226327, 1);
INSERT INTO interacts VALUES(888581445341, 1, 'Avoidless', 3105, 1227952, 1);
INSERT INTO interacts VALUES(888581445341, 1, 'Avoidless', 2043, 1228871, 1);
INSERT INTO interacts VALUES(888581445341, 1, 'Blank', 1058, 1240819, 1);
INSERT INTO interacts VALUES(888581445341, 1, 'Jinjiao', 3085, 1241258, 1);
INSERT INTO interacts VALUES(888581445341, 1, 'Blank', 2043, 1242240, 1);
INSERT INTO interacts VALUES(888581445341, 1, 'Jinjiao', 1037, 1242663, 1);
INSERT INTO interacts VALUES(888581445341, 1, 'Duke', 1083, 1259617, 0);
INSERT INTO interacts VALUES(888581445341, 1, 'Duke', 3211, 1261923, 1);
INSERT INTO interacts VALUES(888581445341, 1, 'Bang', 3046, 1263547, 1);
INSERT INTO interacts VALUES(888581445341, 1, 'Duke', 2043, 1264098, 1);
INSERT INTO interacts VALUES(888581445341, 1, 'Bang', 1036, 1265396, 1);
INSERT INTO interacts VALUES(888581445341, 1, 'Faker', 3165, 1290213, 1);
INSERT INTO interacts VALUES(888581445341, 1, 'Faker', 1052, 1292078, 1);
INSERT INTO interacts VALUES(888581445341, 1, 'Baeme', 3135, 1351010, 1);
INSERT INTO interacts VALUES(888581445341, 1, 'Avoidless', 3190, 1354251, 1);
INSERT INTO interacts VALUES(888581445341, 1, 'Avoidless', 2043, 1355711, 1);
INSERT INTO interacts VALUES(888581445341, 1, 'Duke', 1027, 1359805, 1);
INSERT INTO interacts VALUES(888581445341, 1, 'Wolf', 2031, 1366163, 0);
INSERT INTO interacts VALUES(888581445341, 1, 'Road', 3801, 1367900, 1);
INSERT INTO interacts VALUES(888581445341, 1, 'Wolf', 3114, 1367956, 1);
INSERT INTO interacts VALUES(888581445341, 1, 'Road', 2043, 1369348, 1);
INSERT INTO interacts VALUES(888581445341, 1, 'AmazingJ', 3067, 1398158, 1);
INSERT INTO interacts VALUES(888581445341, 1, 'Baeme', 2043, 1493091, 1);
INSERT INTO interacts VALUES(888581445341, 1, 'Baeme', 2043, 1494944, 1);
INSERT INTO interacts VALUES(888581445341, 1, 'Wolf', 3028, 1498442, 1);
INSERT INTO interacts VALUES(888581445341, 1, 'Wolf', 3364, 1499614, 1);
INSERT INTO interacts VALUES(888581445341, 1, 'Wolf', 2043, 1500042, 1);
INSERT INTO interacts VALUES(888581445341, 1, 'Jinjiao', 3031, 1504509, 1);
INSERT INTO interacts VALUES(888581445341, 1, 'Jinjiao', 2043, 1506179, 1);
INSERT INTO interacts VALUES(888581445341, 1, 'Road', 1033, 1512418, 1);
INSERT INTO interacts VALUES(888581445341, 1, 'Road', 3364, 1512904, 1);
INSERT INTO interacts VALUES(888581445341, 1, 'Road', 2010, 1514203, 0);
INSERT INTO interacts VALUES(888581445341, 1, 'Road', 2010, 1514297, 0);
INSERT INTO interacts VALUES(888581445341, 1, 'Duke', 3025, 1514393, 1);
INSERT INTO interacts VALUES(888581445341, 1, 'Road', 2043, 1514849, 1);
INSERT INTO interacts VALUES(888581445341, 1, 'Road', 2043, 1514945, 1);
INSERT INTO interacts VALUES(888581445341, 1, 'Duke', 2043, 1515626, 1);
INSERT INTO interacts VALUES(888581445341, 1, 'Avoidless', 2031, 1518362, 0);
INSERT INTO interacts VALUES(888581445341, 1, 'Avoidless', 1011, 1522220, 1);
INSERT INTO interacts VALUES(888581445341, 1, 'Bang', 2010, 1522835, 0);
INSERT INTO interacts VALUES(888581445341, 1, 'Blank', 3116, 1523006, 1);
INSERT INTO interacts VALUES(888581445341, 1, 'Bang', 1038, 1523935, 1);
INSERT INTO interacts VALUES(888581445341, 1, 'Blank', 2043, 1524244, 1);
INSERT INTO interacts VALUES(888581445341, 1, 'Bang', 1036, 1525337, 0);
INSERT INTO interacts VALUES(888581445341, 1, 'AmazingJ', 3065, 1526081, 1);
INSERT INTO interacts VALUES(888581445341, 1, 'Bang', 1018, 1527934, 1);
INSERT INTO interacts VALUES(888581445341, 1, 'Bang', 2140, 1530752, 1);
INSERT INTO interacts VALUES(888581445341, 1, 'AmazingJ', 1027, 1533130, 1);
INSERT INTO interacts VALUES(888581445341, 1, 'Faker', 3003, 1565201, 1);
INSERT INTO interacts VALUES(888581445341, 1, 'Baeme', 1058, 1577563, 1);
INSERT INTO interacts VALUES(888581445341, 1, 'Road', 3105, 1608361, 1);
INSERT INTO interacts VALUES(888581445341, 1, 'Road', 2043, 1608624, 1);
INSERT INTO interacts VALUES(888581445341, 1, 'AmazingJ', 3024, 1646103, 1);
INSERT INTO interacts VALUES(888581445341, 1, 'AmazingJ', 1027, 1647237, 1);
INSERT INTO interacts VALUES(888581445341, 1, 'Road', 2010, 1692820, 1);
INSERT INTO interacts VALUES(888581445341, 1, 'Duke', 3065, 1694552, 1);
INSERT INTO interacts VALUES(888581445341, 1, 'Duke', 2043, 1695299, 1);
INSERT INTO interacts VALUES(888581445341, 1, 'Avoidless', 1028, 1695591, 1);
INSERT INTO interacts VALUES(888581445341, 1, 'Avoidless', 1052, 1696045, 1);
INSERT INTO interacts VALUES(888581445341, 1, 'Jinjiao', 3123, 1700691, 1);
INSERT INTO interacts VALUES(888581445341, 1, 'Blank', 1026, 1702836, 1);
INSERT INTO interacts VALUES(888581445341, 1, 'Blank', 2031, 1703813, 0);
INSERT INTO interacts VALUES(888581445341, 1, 'Blank', 2043, 1705083, 1);
INSERT INTO interacts VALUES(888581445341, 1, 'Blank', 2043, 1705245, 1);
INSERT INTO interacts VALUES(888581445341, 1, 'Wolf', 3222, 1709984, 1);
INSERT INTO interacts VALUES(888581445341, 1, 'Wolf', 3801, 1713401, 1);
INSERT INTO interacts VALUES(888581445341, 1, 'Wolf', 2043, 1714156, 1);
INSERT INTO interacts VALUES(888581445341, 1, 'Bang', 3031, 1718613, 1);
INSERT INTO interacts VALUES(888581445341, 1, 'Bang', 1033, 1719430, 1);
INSERT INTO interacts VALUES(888581445341, 1, 'Faker', 1026, 1721248, 1);
INSERT INTO interacts VALUES(888581445341, 1, 'Baeme', 3003, 1782902, 1);
INSERT INTO interacts VALUES(888581445341, 1, 'Baeme', 2003, 1784932, 1);
INSERT INTO interacts VALUES(888581445341, 1, 'Baeme', 2003, 1785157, 1);
INSERT INTO interacts VALUES(888581445341, 1, 'Baeme', 2043, 1786364, 1);
INSERT INTO interacts VALUES(888581445341, 1, 'Baeme', 2043, 1786492, 1);
INSERT INTO interacts VALUES(888581445341, 1, 'Jinjiao', 1037, 1829435, 1);
INSERT INTO interacts VALUES(888581445341, 1, 'Road', 2010, 1837841, 0);
INSERT INTO interacts VALUES(888581445341, 1, 'Road', 3067, 1838828, 1);
INSERT INTO interacts VALUES(888581445341, 1, 'Avoidless', 1011, 1857503, 1);
INSERT INTO interacts VALUES(888581445341, 1, 'Jinjiao', 3035, 1880187, 1);
INSERT INTO interacts VALUES(888581445341, 1, 'Road', 3190, 1885885, 1);
INSERT INTO interacts VALUES(888581445341, 1, 'Road', 2043, 1889296, 1);
INSERT INTO interacts VALUES(888581445341, 1, 'Road', 2010, 1889652, 1);
INSERT INTO series VALUES(356696911832, 1);
INSERT INTO organizes VALUES('world_championship_2016', 356696911832, 'group_d - SPY-vs-TSM');
INSERT INTO competes VALUES(356696911832, 'SPY', 1);
INSERT INTO competes VALUES(356696911832, 'TSM', 0);
INSERT INTO matches VALUES(356696911832, 1, '2016-10-01');
INSERT INTO scores VALUES('SPY', 356696911832, 1, 0, 6, 0, 1, 1, 0);
INSERT INTO scores VALUES('TSM', 356696911832, 1, 1, 10, 0, 1, 3, 1);
INSERT INTO bans VALUES(356696911832, 1, 64, 1);
INSERT INTO bans VALUES(356696911832, 1, 60, 3);
INSERT INTO bans VALUES(356696911832, 1, 8, 5);
INSERT INTO bans VALUES(356696911832, 1, 76, 2);
INSERT INTO bans VALUES(356696911832, 1, 38, 4);
INSERT INTO bans VALUES(356696911832, 1, 134, 6);
INSERT INTO plays VALUES(356696911832, 1, 'Wunder', 85, 'top', 2, 7, 4, 21340, 24, 5, 356, 5, 0, 16390);
INSERT INTO plays VALUES(356696911832, 1, 'Trashy', 421, 'jungle', 1, 2, 11, 10485, 37, 25, 66, 128, 14, 16055);
INSERT INTO plays VALUES(356696911832, 1, 'Sencux', 90, 'mid', 10, 4, 2, 22986, 22, 3, 312, 21, 4, 17929);
INSERT INTO plays VALUES(356696911832, 1, 'Kobbe', 81, 'adc', 5, 2, 7, 28893, 15, 8, 418, 35, 4, 20248);
INSERT INTO plays VALUES(356696911832, 1, 'Mikyx', 267, 'support', 1, 5, 12, 5007, 57, 14, 15, 0, 0, 11517);
INSERT INTO plays VALUES(356696911832, 1, 'Hauntzer', 68, 'top', 5, 5, 7, 27545, 27, 4, 359, 17, 0, 18879);
INSERT INTO plays VALUES(356696911832, 1, 'Svenskeren', 72, 'jungle', 1, 4, 10, 7306, 9, 18, 42, 119, 21, 16445);
INSERT INTO plays VALUES(356696911832, 1, 'Bjergsen', 69, 'mid', 7, 4, 9, 28991, 27, 10, 404, 12, 6, 20830);
INSERT INTO plays VALUES(356696911832, 1, 'Doublelift', 202, 'adc', 6, 3, 7, 37131, 19, 8, 350, 6, 3, 19215);
INSERT INTO plays VALUES(356696911832, 1, 'Biofrost', 43, 'support', 1, 3, 14, 7041, 53, 19, 39, 0, 1, 13048);
INSERT INTO interacts VALUES(356696911832, 1, 'Doublelift', 1055, 1324, 1);
INSERT INTO interacts VALUES(356696911832, 1, 'Biofrost', 3340, 1423, 1);
INSERT INTO interacts VALUES(356696911832, 1, 'Doublelift', 2010, 1519, 1);
INSERT INTO interacts VALUES(356696911832, 1, 'Bjergsen', 3340, 1584, 1);
INSERT INTO interacts VALUES(356696911832, 1, 'Biofrost', 2010, 1616, 1);
INSERT INTO interacts VALUES(356696911832, 1, 'Svenskeren', 3340, 1650, 1);
INSERT INTO interacts VALUES(356696911832, 1, 'Doublelift', 3340, 1682, 1);
INSERT INTO interacts VALUES(356696911832, 1, 'Biofrost', 2010, 1779, 1);
INSERT INTO interacts VALUES(356696911832, 1, 'Bjergsen', 2010, 1844, 1);
INSERT INTO interacts VALUES(356696911832, 1, 'Biofrost', 2010, 1908, 1);
INSERT INTO interacts VALUES(356696911832, 1, 'Kobbe', 1055, 1941, 1);
INSERT INTO interacts VALUES(356696911832, 1, 'Bjergsen', 2010, 2003, 1);
INSERT INTO interacts VALUES(356696911832, 1, 'Biofrost', 3303, 2104, 1);
INSERT INTO interacts VALUES(356696911832, 1, 'Bjergsen', 1056, 2200, 1);
INSERT INTO interacts VALUES(356696911832, 1, 'Mikyx', 3303, 2395, 1);
INSERT INTO interacts VALUES(356696911832, 1, 'Kobbe', 2010, 2460, 1);
INSERT INTO interacts VALUES(356696911832, 1, 'Hauntzer', 3340, 2595, 1);
INSERT INTO interacts VALUES(356696911832, 1, 'Mikyx', 2010, 2654, 1);
INSERT INTO interacts VALUES(356696911832, 1, 'Sencux', 1056, 2783, 1);
INSERT INTO interacts VALUES(356696911832, 1, 'Mikyx', 2010, 2815, 1);
INSERT INTO interacts VALUES(356696911832, 1, 'Kobbe', 3340, 2880, 1);
INSERT INTO interacts VALUES(356696911832, 1, 'Hauntzer', 1054, 2944, 1);
INSERT INTO interacts VALUES(356696911832, 1, 'Mikyx', 2010, 2944, 1);
INSERT INTO interacts VALUES(356696911832, 1, 'Sencux', 2010, 3073, 1);
INSERT INTO interacts VALUES(356696911832, 1, 'Hauntzer', 2003, 3203, 1);
INSERT INTO interacts VALUES(356696911832, 1, 'Sencux', 2010, 3235, 1);
INSERT INTO interacts VALUES(356696911832, 1, 'Mikyx', 3340, 3332, 1);
INSERT INTO interacts VALUES(356696911832, 1, 'Sencux', 3340, 3493, 1);
INSERT INTO interacts VALUES(356696911832, 1, 'Svenskeren', 1041, 3629, 1);
INSERT INTO interacts VALUES(356696911832, 1, 'Svenskeren', 2031, 4045, 1);
INSERT INTO interacts VALUES(356696911832, 1, 'Trashy', 1041, 4984, 1);
INSERT INTO interacts VALUES(356696911832, 1, 'Wunder', 1055, 6378, 1);
INSERT INTO interacts VALUES(356696911832, 1, 'Wunder', 2003, 6671, 1);
INSERT INTO interacts VALUES(356696911832, 1, 'Wunder', 3340, 6899, 1);
INSERT INTO interacts VALUES(356696911832, 1, 'Trashy', 2031, 6931, 1);
INSERT INTO interacts VALUES(356696911832, 1, 'Trashy', 3340, 7548, 1);
INSERT INTO interacts VALUES(356696911832, 1, 'Trashy', 1001, 209656, 1);
INSERT INTO interacts VALUES(356696911832, 1, 'Trashy', 1036, 209983, 1);
INSERT INTO interacts VALUES(356696911832, 1, 'Biofrost', 1028, 277412, 1);
INSERT INTO interacts VALUES(356696911832, 1, 'Biofrost', 2043, 278192, 1);
INSERT INTO interacts VALUES(356696911832, 1, 'Wunder', 1052, 280041, 1);
INSERT INTO interacts VALUES(356696911832, 1, 'Wunder', 1052, 280217, 1);
INSERT INTO interacts VALUES(356696911832, 1, 'Biofrost', 2010, 283194, 1);
INSERT INTO interacts VALUES(356696911832, 1, 'Wunder', 2003, 288363, 1);
INSERT INTO interacts VALUES(356696911832, 1, 'Mikyx', 2049, 308722, 1);
INSERT INTO interacts VALUES(356696911832, 1, 'Mikyx', 3341, 309797, 1);
INSERT INTO interacts VALUES(356696911832, 1, 'Mikyx', 2010, 310120, 1);
INSERT INTO interacts VALUES(356696911832, 1, 'Mikyx', 2043, 310315, 1);
INSERT INTO interacts VALUES(356696911832, 1, 'Kobbe', 3070, 311328, 1);
INSERT INTO interacts VALUES(356696911832, 1, 'Kobbe', 1083, 312237, 1);
INSERT INTO interacts VALUES(356696911832, 1, 'Kobbe', 2010, 313535, 1);
INSERT INTO interacts VALUES(356696911832, 1, 'Kobbe', 2010, 313666, 1);
INSERT INTO interacts VALUES(356696911832, 1, 'Doublelift', 1083, 342233, 1);
INSERT INTO interacts VALUES(356696911832, 1, 'Doublelift', 1036, 343088, 1);
INSERT INTO interacts VALUES(356696911832, 1, 'Doublelift', 1036, 343205, 1);
INSERT INTO interacts VALUES(356696911832, 1, 'Hauntzer', 3111, 343349, 1);
INSERT INTO interacts VALUES(356696911832, 1, 'Hauntzer', 2031, 344921, 1);
INSERT INTO interacts VALUES(356696911832, 1, 'Hauntzer', 2043, 345312, 1);
INSERT INTO interacts VALUES(356696911832, 1, 'Doublelift', 2010, 346093, 1);
INSERT INTO interacts VALUES(356696911832, 1, 'Doublelift', 2043, 346223, 1);
INSERT INTO interacts VALUES(356696911832, 1, 'Svenskeren', 3706, 352724, 1);
INSERT INTO interacts VALUES(356696911832, 1, 'Svenskeren', 1001, 354530, 1);
INSERT INTO interacts VALUES(356696911832, 1, 'Svenskeren', 1036, 356140, 1);
INSERT INTO interacts VALUES(356696911832, 1, 'Wunder', 3145, 367867, 1);
INSERT INTO interacts VALUES(356696911832, 1, 'Wunder', 1055, 369299, 1);
INSERT INTO interacts VALUES(356696911832, 1, 'Wunder', 2003, 374138, 1);
INSERT INTO interacts VALUES(356696911832, 1, 'Bjergsen', 3070, 386367, 1);
INSERT INTO interacts VALUES(356696911832, 1, 'Bjergsen', 1033, 387670, 1);
INSERT INTO interacts VALUES(356696911832, 1, 'Bjergsen', 1052, 388188, 1);
INSERT INTO interacts VALUES(356696911832, 1, 'Bjergsen', 2043, 389001, 1);
INSERT INTO interacts VALUES(356696911832, 1, 'Sencux', 3802, 426042, 1);
INSERT INTO interacts VALUES(356696911832, 1, 'Sencux', 1001, 427233, 1);
INSERT INTO interacts VALUES(356696911832, 1, 'Sencux', 1056, 428011, 1);
INSERT INTO interacts VALUES(356696911832, 1, 'Sencux', 2010, 431231, 1);
INSERT INTO interacts VALUES(356696911832, 1, 'Trashy', 3077, 440861, 1);
INSERT INTO interacts VALUES(356696911832, 1, 'Trashy', 1028, 442051, 1);
INSERT INTO interacts VALUES(356696911832, 1, 'Hauntzer', 1028, 476020, 1);
INSERT INTO interacts VALUES(356696911832, 1, 'Kobbe', 3057, 548123, 1);
INSERT INTO interacts VALUES(356696911832, 1, 'Kobbe', 1036, 550170, 1);
INSERT INTO interacts VALUES(356696911832, 1, 'Mikyx', 1001, 550335, 1);
INSERT INTO interacts VALUES(356696911832, 1, 'Kobbe', 2010, 550823, 1);
INSERT INTO interacts VALUES(356696911832, 1, 'Mikyx', 2043, 551501, 1);
INSERT INTO interacts VALUES(356696911832, 1, 'Mikyx', 2043, 551665, 1);
INSERT INTO interacts VALUES(356696911832, 1, 'Mikyx', 1004, 557814, 1);
INSERT INTO interacts VALUES(356696911832, 1, 'Doublelift', 3134, 577697, 1);
INSERT INTO interacts VALUES(356696911832, 1, 'Doublelift', 3133, 577914, 1);
INSERT INTO interacts VALUES(356696911832, 1, 'Biofrost', 2049, 578402, 1);
INSERT INTO interacts VALUES(356696911832, 1, 'Biofrost', 3341, 579409, 1);
INSERT INTO interacts VALUES(356696911832, 1, 'Biofrost', 1001, 580383, 1);
INSERT INTO interacts VALUES(356696911832, 1, 'Biofrost', 2043, 581809, 1);
INSERT INTO interacts VALUES(356696911832, 1, 'Svenskeren', 3133, 584341, 1);
INSERT INTO interacts VALUES(356696911832, 1, 'Svenskeren', 1400, 588730, 1);
INSERT INTO interacts VALUES(356696911832, 1, 'Bjergsen', 3140, 595327, 1);
INSERT INTO interacts VALUES(356696911832, 1, 'Bjergsen', 3802, 596500, 1);
INSERT INTO interacts VALUES(356696911832, 1, 'Bjergsen', 2010, 597454, 1);
INSERT INTO interacts VALUES(356696911832, 1, 'Sencux', 3020, 606177, 1);
INSERT INTO interacts VALUES(356696911832, 1, 'Sencux', 2043, 608163, 1);
INSERT INTO interacts VALUES(356696911832, 1, 'Trashy', 3711, 658306, 1);
INSERT INTO interacts VALUES(356696911832, 1, 'Hauntzer', 3136, 658424, 1);
INSERT INTO interacts VALUES(356696911832, 1, 'Trashy', 2043, 659005, 1);
INSERT INTO interacts VALUES(356696911832, 1, 'Trashy', 3341, 659868, 1);
INSERT INTO interacts VALUES(356696911832, 1, 'Hauntzer', 2043, 662059, 1);
INSERT INTO interacts VALUES(356696911832, 1, 'Wunder', 3152, 700565, 1);
INSERT INTO interacts VALUES(356696911832, 1, 'Wunder', 1001, 701213, 1);
INSERT INTO interacts VALUES(356696911832, 1, 'Wunder', 2003, 701768, 1);
INSERT INTO interacts VALUES(356696911832, 1, 'Wunder', 2043, 701964, 1);
INSERT INTO interacts VALUES(356696911832, 1, 'Trashy', 3751, 770741, 1);
INSERT INTO interacts VALUES(356696911832, 1, 'Mikyx', 3117, 779143, 1);
INSERT INTO interacts VALUES(356696911832, 1, 'Mikyx', 2043, 780235, 1);
INSERT INTO interacts VALUES(356696911832, 1, 'Biofrost', 3158, 784009, 1);
INSERT INTO interacts VALUES(356696911832, 1, 'Doublelift', 3142, 788163, 1);
INSERT INTO interacts VALUES(356696911832, 1, 'Doublelift', 1001, 788619, 1);
INSERT INTO interacts VALUES(356696911832, 1, 'Biofrost', 2031, 790536, 1);
INSERT INTO interacts VALUES(356696911832, 1, 'Svenskeren', 1011, 790699, 1);
INSERT INTO interacts VALUES(356696911832, 1, 'Svenskeren', 2043, 792527, 1);
INSERT INTO interacts VALUES(356696911832, 1, 'Wunder', 1052, 792915, 1);
INSERT INTO interacts VALUES(356696911832, 1, 'Svenskeren', 3364, 793107, 1);
INSERT INTO interacts VALUES(356696911832, 1, 'Wunder', 2003, 793598, 1);
INSERT INTO interacts VALUES(356696911832, 1, 'Wunder', 2003, 793725, 1);
INSERT INTO interacts VALUES(356696911832, 1, 'Kobbe', 3004, 796891, 1);
INSERT INTO interacts VALUES(356696911832, 1, 'Kobbe', 2010, 798468, 1);
INSERT INTO interacts VALUES(356696911832, 1, 'Hauntzer', 1026, 818043, 1);
INSERT INTO interacts VALUES(356696911832, 1, 'Bjergsen', 2010, 837483, 0);
INSERT INTO interacts VALUES(356696911832, 1, 'Bjergsen', 3108, 847876, 1);
INSERT INTO interacts VALUES(356696911832, 1, 'Bjergsen', 1052, 848281, 1);
INSERT INTO interacts VALUES(356696911832, 1, 'Sencux', 2010, 867881, 0);
INSERT INTO interacts VALUES(356696911832, 1, 'Sencux', 3165, 886195, 1);
INSERT INTO interacts VALUES(356696911832, 1, 'Bjergsen', 3165, 929670, 1);
INSERT INTO interacts VALUES(356696911832, 1, 'Bjergsen', 2043, 930412, 1);
INSERT INTO interacts VALUES(356696911832, 1, 'Bjergsen', 2010, 931387, 1);
INSERT INTO interacts VALUES(356696911832, 1, 'Wunder', 3020, 932328, 1);
INSERT INTO interacts VALUES(356696911832, 1, 'Trashy', 1409, 946622, 1);
INSERT INTO interacts VALUES(356696911832, 1, 'Trashy', 3111, 948182, 1);
INSERT INTO interacts VALUES(356696911832, 1, 'Trashy', 3364, 948673, 1);
INSERT INTO interacts VALUES(356696911832, 1, 'Trashy', 2043, 949226, 1);
INSERT INTO interacts VALUES(356696911832, 1, 'Hauntzer', 3151, 1034923, 1);
INSERT INTO interacts VALUES(356696911832, 1, 'Hauntzer', 1052, 1036220, 1);
INSERT INTO interacts VALUES(356696911832, 1, 'Biofrost', 2045, 1059664, 1);
INSERT INTO interacts VALUES(356696911832, 1, 'Biofrost', 1028, 1061194, 1);
INSERT INTO interacts VALUES(356696911832, 1, 'Biofrost', 2043, 1061977, 1);
INSERT INTO interacts VALUES(356696911832, 1, 'Biofrost', 3364, 1064066, 1);
INSERT INTO interacts VALUES(356696911832, 1, 'Mikyx', 3364, 1079002, 1);
INSERT INTO interacts VALUES(356696911832, 1, 'Mikyx', 3098, 1080484, 1);
INSERT INTO interacts VALUES(356696911832, 1, 'Mikyx', 2301, 1082596, 1);
INSERT INTO interacts VALUES(356696911832, 1, 'Mikyx', 1028, 1083437, 1);
INSERT INTO interacts VALUES(356696911832, 1, 'Doublelift', 3155, 1086723, 1);
INSERT INTO interacts VALUES(356696911832, 1, 'Doublelift', 3134, 1090469, 1);
INSERT INTO interacts VALUES(356696911832, 1, 'Doublelift', 3363, 1091079, 1);
INSERT INTO interacts VALUES(356696911832, 1, 'Wunder', 1026, 1091693, 1);
INSERT INTO interacts VALUES(356696911832, 1, 'Doublelift', 1083, 1094874, 0);
INSERT INTO interacts VALUES(356696911832, 1, 'Doublelift', 2043, 1095491, 1);
INSERT INTO interacts VALUES(356696911832, 1, 'Kobbe', 3363, 1102504, 1);
INSERT INTO interacts VALUES(356696911832, 1, 'Kobbe', 3078, 1105593, 1);
INSERT INTO interacts VALUES(356696911832, 1, 'Sencux', 1011, 1115503, 1);
INSERT INTO interacts VALUES(356696911832, 1, 'Sencux', 1052, 1116473, 1);
INSERT INTO interacts VALUES(356696911832, 1, 'Hauntzer', 1029, 1126729, 1);
INSERT INTO interacts VALUES(356696911832, 1, 'Bjergsen', 1058, 1139836, 1);
INSERT INTO interacts VALUES(356696911832, 1, 'Bjergsen', 2010, 1140693, 0);
INSERT INTO interacts VALUES(356696911832, 1, 'Bjergsen', 2043, 1141245, 1);
INSERT INTO interacts VALUES(356696911832, 1, 'Trashy', 3211, 1158759, 1);
INSERT INTO interacts VALUES(356696911832, 1, 'Trashy', 2043, 1159505, 1);
INSERT INTO interacts VALUES(356696911832, 1, 'Svenskeren', 3742, 1178090, 1);
INSERT INTO interacts VALUES(356696911832, 1, 'Biofrost', 3067, 1179164, 1);
INSERT INTO interacts VALUES(356696911832, 1, 'Svenskeren', 1033, 1179489, 1);
INSERT INTO interacts VALUES(356696911832, 1, 'Svenskeren', 2043, 1182509, 1);
INSERT INTO interacts VALUES(356696911832, 1, 'Mikyx', 3801, 1185841, 1);
INSERT INTO interacts VALUES(356696911832, 1, 'Mikyx', 2043, 1186901, 1);
INSERT INTO interacts VALUES(356696911832, 1, 'Kobbe', 1001, 1191609, 1);
INSERT INTO interacts VALUES(356696911832, 1, 'Wunder', 3135, 1213533, 1);
INSERT INTO interacts VALUES(356696911832, 1, 'Wunder', 2043, 1213987, 1);
INSERT INTO interacts VALUES(356696911832, 1, 'Hauntzer', 3191, 1232582, 1);
INSERT INTO interacts VALUES(356696911832, 1, 'Hauntzer', 1052, 1233801, 1);
INSERT INTO interacts VALUES(356696911832, 1, 'Doublelift', 3156, 1236046, 1);
INSERT INTO interacts VALUES(356696911832, 1, 'Doublelift', 2043, 1237376, 1);
INSERT INTO interacts VALUES(356696911832, 1, 'Svenskeren', 3111, 1252730, 1);
INSERT INTO interacts VALUES(356696911832, 1, 'Svenskeren', 2031, 1255492, 0);
INSERT INTO interacts VALUES(356696911832, 1, 'Svenskeren', 1028, 1256695, 1);
INSERT INTO interacts VALUES(356696911832, 1, 'Svenskeren', 2043, 1257833, 1);
INSERT INTO interacts VALUES(356696911832, 1, 'Wunder', 1052, 1300412, 1);
INSERT INTO interacts VALUES(356696911832, 1, 'Bjergsen', 3116, 1359844, 1);
INSERT INTO interacts VALUES(356696911832, 1, 'Bjergsen', 2043, 1363644, 1);
INSERT INTO interacts VALUES(356696911832, 1, 'Mikyx', 1033, 1364557, 1);
INSERT INTO interacts VALUES(356696911832, 1, 'Mikyx', 2043, 1365204, 1);
INSERT INTO interacts VALUES(356696911832, 1, 'Mikyx', 2043, 1365336, 1);
INSERT INTO interacts VALUES(356696911832, 1, 'Sencux', 3116, 1371937, 1);
INSERT INTO interacts VALUES(356696911832, 1, 'Svenskeren', 2003, 1373005, 1);
INSERT INTO interacts VALUES(356696911832, 1, 'Sencux', 1028, 1373362, 1);
INSERT INTO interacts VALUES(356696911832, 1, 'Trashy', 2031, 1373362, 0);
INSERT INTO interacts VALUES(356696911832, 1, 'Svenskeren', 2043, 1375437, 1);
INSERT INTO interacts VALUES(356696911832, 1, 'Trashy', 1011, 1375956, 1);
INSERT INTO interacts VALUES(356696911832, 1, 'Trashy', 1029, 1377447, 1);
INSERT INTO interacts VALUES(356696911832, 1, 'Hauntzer', 3108, 1380521, 1);
INSERT INTO interacts VALUES(356696911832, 1, 'Biofrost', 3801, 1386457, 1);
INSERT INTO interacts VALUES(356696911832, 1, 'Doublelift', 3086, 1390879, 1);
INSERT INTO interacts VALUES(356696911832, 1, 'Kobbe', 3158, 1395143, 1);
INSERT INTO interacts VALUES(356696911832, 1, 'Kobbe', 1053, 1396347, 1);
INSERT INTO interacts VALUES(356696911832, 1, 'Hauntzer', 3157, 1436065, 1);
INSERT INTO interacts VALUES(356696911832, 1, 'Hauntzer', 2043, 1437605, 1);
INSERT INTO interacts VALUES(356696911832, 1, 'Trashy', 1031, 1575642, 1);
INSERT INTO interacts VALUES(356696911832, 1, 'Biofrost', 2031, 1581619, 0);
INSERT INTO interacts VALUES(356696911832, 1, 'Biofrost', 3105, 1583578, 1);
INSERT INTO interacts VALUES(356696911832, 1, 'Biofrost', 2043, 1584943, 1);
INSERT INTO interacts VALUES(356696911832, 1, 'Kobbe', 1083, 1586726, 0);
INSERT INTO interacts VALUES(356696911832, 1, 'Kobbe', 3140, 1588106, 1);
INSERT INTO interacts VALUES(356696911832, 1, 'Biofrost', 2043, 1589049, 1);
INSERT INTO interacts VALUES(356696911832, 1, 'Mikyx', 3105, 1589870, 1);
INSERT INTO interacts VALUES(356696911832, 1, 'Mikyx', 1028, 1590590, 1);
INSERT INTO interacts VALUES(356696911832, 1, 'Bjergsen', 1058, 1590850, 1);
INSERT INTO interacts VALUES(356696911832, 1, 'Mikyx', 2043, 1590989, 1);
INSERT INTO interacts VALUES(356696911832, 1, 'Wunder', 1055, 1599383, 0);
INSERT INTO interacts VALUES(356696911832, 1, 'Wunder', 1057, 1602479, 1);
INSERT INTO interacts VALUES(356696911832, 1, 'Wunder', 3108, 1603800, 1);
INSERT INTO interacts VALUES(356696911832, 1, 'Doublelift', 3006, 1619768, 1);
INSERT INTO interacts VALUES(356696911832, 1, 'Doublelift', 1042, 1621914, 1);
INSERT INTO interacts VALUES(356696911832, 1, 'Svenskeren', 3140, 1627601, 1);
INSERT INTO interacts VALUES(356696911832, 1, 'Hauntzer', 1026, 1630795, 1);
INSERT INTO interacts VALUES(356696911832, 1, 'Hauntzer', 2031, 1631990, 0);
INSERT INTO interacts VALUES(356696911832, 1, 'Hauntzer', 1033, 1634093, 1);
INSERT INTO interacts VALUES(356696911832, 1, 'Trashy', 3742, 1651658, 1);
INSERT INTO interacts VALUES(356696911832, 1, 'Sencux', 1056, 1653382, 0);
INSERT INTO interacts VALUES(356696911832, 1, 'Sencux', 3151, 1656099, 1);
INSERT INTO interacts VALUES(356696911832, 1, 'Sencux', 2043, 1656915, 1);
INSERT INTO interacts VALUES(356696911832, 1, 'Biofrost', 3190, 1708593, 1);
INSERT INTO interacts VALUES(356696911832, 1, 'Biofrost', 2043, 1712234, 1);
INSERT INTO interacts VALUES(356696911832, 1, 'Doublelift', 2015, 1714821, 1);
INSERT INTO interacts VALUES(356696911832, 1, 'Bjergsen', 3003, 1753087, 1);
INSERT INTO interacts VALUES(356696911832, 1, 'Bjergsen', 1026, 1755264, 1);
INSERT INTO interacts VALUES(356696911832, 1, 'Wunder', 3001, 1755901, 1);
INSERT INTO interacts VALUES(356696911832, 1, 'Sencux', 1026, 1757342, 1);
INSERT INTO interacts VALUES(356696911832, 1, 'Mikyx', 3190, 1760112, 1);
INSERT INTO interacts VALUES(356696911832, 1, 'Mikyx', 3114, 1761478, 1);
INSERT INTO interacts VALUES(356696911832, 1, 'Svenskeren', 3211, 1778897, 1);
INSERT INTO interacts VALUES(356696911832, 1, 'Wunder', 1026, 1782539, 1);
INSERT INTO interacts VALUES(356696911832, 1, 'Kobbe', 3139, 1784161, 1);
INSERT INTO interacts VALUES(356696911832, 1, 'Kobbe', 1036, 1784716, 1);
INSERT INTO interacts VALUES(356696911832, 1, 'Svenskeren', 1033, 1787221, 1);
INSERT INTO interacts VALUES(356696911832, 1, 'Hauntzer', 1054, 1789309, 0);
INSERT INTO interacts VALUES(356696911832, 1, 'Hauntzer', 3135, 1790610, 1);
INSERT INTO interacts VALUES(356696911832, 1, 'Trashy', 3065, 1801369, 1);
INSERT INTO interacts VALUES(356696911832, 1, 'Trashy', 1028, 1801995, 1);
INSERT INTO interacts VALUES(356696911832, 1, 'Trashy', 2043, 1803527, 1);
INSERT INTO interacts VALUES(356696911832, 1, 'Trashy', 2043, 1803703, 1);
INSERT INTO interacts VALUES(356696911832, 1, 'Sencux', 2139, 1806526, 1);
INSERT INTO interacts VALUES(356696911832, 1, 'Mikyx', 2043, 1806755, 1);
INSERT INTO interacts VALUES(356696911832, 1, 'Doublelift', 3094, 1807013, 1);
INSERT INTO interacts VALUES(356696911832, 1, 'Doublelift', 2043, 1807888, 1);
INSERT INTO interacts VALUES(356696911832, 1, 'Hauntzer', 2043, 1809177, 1);
INSERT INTO interacts VALUES(356696911832, 1, 'Mikyx', 2043, 1809646, 1);
INSERT INTO interacts VALUES(356696911832, 1, 'Svenskeren', 1057, 1896721, 1);
INSERT INTO interacts VALUES(356696911832, 1, 'Hauntzer', 1052, 1933637, 1);
INSERT INTO interacts VALUES(356696911832, 1, 'Hauntzer', 1057, 1933973, 1);
INSERT INTO interacts VALUES(356696911832, 1, 'Biofrost', 3028, 1954429, 1);
INSERT INTO interacts VALUES(356696911832, 1, 'Biofrost', 2043, 1955728, 1);
INSERT INTO interacts VALUES(356696911832, 1, 'Wunder', 1055, 1964567, 0);
INSERT INTO interacts VALUES(356696911832, 1, 'Wunder', 1058, 1966688, 1);
INSERT INTO interacts VALUES(356696911832, 1, 'Kobbe', 1055, 1966688, 0);
INSERT INTO interacts VALUES(356696911832, 1, 'Kobbe', 1053, 1968051, 1);
INSERT INTO interacts VALUES(356696911832, 1, 'Kobbe', 1038, 1968505, 1);
INSERT INTO interacts VALUES(356696911832, 1, 'Bjergsen', 3135, 1975680, 1);
INSERT INTO interacts VALUES(356696911832, 1, 'Hauntzer', 3108, 1988484, 1);
INSERT INTO interacts VALUES(356696911832, 1, 'Mikyx', 3028, 2006958, 1);
INSERT INTO interacts VALUES(356696911832, 1, 'Trashy', 3052, 2007542, 1);
INSERT INTO interacts VALUES(356696911832, 1, 'Mikyx', 2043, 2007697, 1);
INSERT INTO interacts VALUES(356696911832, 1, 'Mikyx', 2043, 2007772, 1);
INSERT INTO interacts VALUES(356696911832, 1, 'Sencux', 3135, 2007867, 1);
INSERT INTO interacts VALUES(356696911832, 1, 'Biofrost', 2043, 2028009, 1);
INSERT INTO interacts VALUES(356696911832, 1, 'Doublelift', 1038, 2032593, 1);
INSERT INTO interacts VALUES(356696911832, 1, 'Mikyx', 2043, 2054902, 1);
INSERT INTO interacts VALUES(356696911832, 1, 'Sencux', 2139, 2065728, 1);
INSERT INTO interacts VALUES(356696911832, 1, 'Kobbe', 3072, 2095057, 1);
INSERT INTO interacts VALUES(356696911832, 1, 'Biofrost', 3114, 2124039, 1);
INSERT INTO interacts VALUES(356696911832, 1, 'Svenskeren', 3102, 2143574, 1);
INSERT INTO interacts VALUES(356696911832, 1, 'Bjergsen', 1056, 2144838, 0);
INSERT INTO interacts VALUES(356696911832, 1, 'Bjergsen', 1058, 2145437, 1);
INSERT INTO interacts VALUES(356696911832, 1, 'Bjergsen', 2139, 2146318, 1);
INSERT INTO interacts VALUES(356696911832, 1, 'Svenskeren', 1031, 2146841, 1);
INSERT INTO interacts VALUES(356696911832, 1, 'Hauntzer', 3001, 2153447, 1);
INSERT INTO interacts VALUES(356696911832, 1, 'Hauntzer', 2043, 2155282, 1);
INSERT INTO interacts VALUES(356696911832, 1, 'Wunder', 3089, 2170666, 1);
INSERT INTO interacts VALUES(356696911832, 1, 'Mikyx', 3222, 2212716, 1);
INSERT INTO interacts VALUES(356696911832, 1, 'Mikyx', 2043, 2213437, 1);
INSERT INTO interacts VALUES(356696911832, 1, 'Kobbe', 1037, 2220255, 1);
INSERT INTO interacts VALUES(356696911832, 1, 'Trashy', 3748, 2224268, 1);
INSERT INTO interacts VALUES(356696911832, 1, 'Trashy', 2043, 2225071, 1);
INSERT INTO interacts VALUES(356696911832, 1, 'Sencux', 1056, 2234665, 0);
INSERT INTO interacts VALUES(356696911832, 1, 'Mikyx', 3222, 2235120, 1);
INSERT INTO interacts VALUES(356696911832, 1, 'Mikyx', 2043, 2236008, 1);
INSERT INTO interacts VALUES(356696911832, 1, 'Sencux', 1057, 2236398, 1);
INSERT INTO interacts VALUES(356696911832, 1, 'Doublelift', 3031, 2237703, 1);
INSERT INTO interacts VALUES(356696911832, 1, 'Biofrost', 3222, 2238160, 1);
INSERT INTO interacts VALUES(356696911832, 1, 'Biofrost', 1058, 2243411, 1);
INSERT INTO interacts VALUES(356696911832, 1, 'Biofrost', 3114, 2251114, 1);
INSERT INTO interacts VALUES(356696911832, 1, 'Trashy', 2043, 2255927, 1);
INSERT INTO interacts VALUES(356696911832, 1, 'Hauntzer', 2043, 2261751, 1);
INSERT INTO interacts VALUES(356696911832, 1, 'Hauntzer', 2043, 2304874, 0);
INSERT INTO interacts VALUES(356696911832, 1, 'Hauntzer', 1058, 2305902, 1);
INSERT INTO interacts VALUES(356696911832, 1, 'Sencux', 2139, 2438639, 1);
INSERT INTO interacts VALUES(356696911832, 1, 'Wunder', 1052, 2439321, 1);
INSERT INTO interacts VALUES(356696911832, 1, 'Mikyx', 3114, 2439617, 1);
INSERT INTO interacts VALUES(356696911832, 1, 'Hauntzer', 2139, 2474128, 1);
INSERT INTO interacts VALUES(356696911832, 1, 'Bjergsen', 3089, 2475497, 1);
INSERT INTO interacts VALUES(356696911832, 1, 'Bjergsen', 2139, 2475983, 1);
INSERT INTO interacts VALUES(356696911832, 1, 'Doublelift', 1055, 2476861, 0);
INSERT INTO interacts VALUES(356696911832, 1, 'Biofrost', 3504, 2476991, 1);
INSERT INTO interacts VALUES(356696911832, 1, 'Doublelift', 3035, 2478558, 1);
INSERT INTO interacts VALUES(356696911832, 1, 'Doublelift', 2140, 2479990, 1);
INSERT INTO interacts VALUES(356696911832, 1, 'Trashy', 1057, 2480488, 1);
INSERT INTO interacts VALUES(356696911832, 1, 'Svenskeren', 3026, 2481295, 1);
INSERT INTO interacts VALUES(356696911832, 1, 'Wunder', 3191, 2482273, 1);
INSERT INTO interacts VALUES(356696911832, 1, 'Trashy', 2138, 2482825, 1);
INSERT INTO interacts VALUES(356696911832, 1, 'Svenskeren', 2138, 2486000, 1);
INSERT INTO interacts VALUES(356696911832, 1, 'Kobbe', 1037, 2517185, 0);
INSERT INTO interacts VALUES(356696911832, 1, 'Mikyx', 2043, 2517350, 1);
INSERT INTO interacts VALUES(356696911832, 1, 'Mikyx', 2043, 2517481, 1);
INSERT INTO interacts VALUES(356696911832, 1, 'Kobbe', 3156, 2518822, 1);
INSERT INTO series VALUES(221456611341, 1);
INSERT INTO organizes VALUES('world_championship_2016', 221456611341, 'group_d - RNG-vs-SSG');
INSERT INTO competes VALUES(221456611341, 'RNG', 1);
INSERT INTO competes VALUES(221456611341, 'SSG', 0);
INSERT INTO matches VALUES(221456611341, 1, '2016-10-01');
INSERT INTO scores VALUES('RNG', 221456611341, 1, 0, 3, 0, 0, 1, 0);
INSERT INTO scores VALUES('SSG', 221456611341, 1, 1, 8, 0, 1, 3, 1);
INSERT INTO bans VALUES(221456611341, 1, 112, 1);
INSERT INTO bans VALUES(221456611341, 1, 60, 3);
INSERT INTO bans VALUES(221456611341, 1, 421, 5);
INSERT INTO bans VALUES(221456611341, 1, 64, 2);
INSERT INTO bans VALUES(221456611341, 1, 134, 4);
INSERT INTO bans VALUES(221456611341, 1, 81, 6);
INSERT INTO plays VALUES(221456611341, 1, 'Looper', 126, 'top', 3, 3, 4, 14216, 18, 3, 240, 4, 3, 11493);
INSERT INTO plays VALUES(221456611341, 1, 'Mlxg', 76, 'jungle', 1, 3, 4, 6073, 33, 20, 31, 97, 7, 10710);
INSERT INTO plays VALUES(221456611341, 1, 'Xiaohu', 69, 'mid', 1, 4, 2, 6947, 20, 7, 236, 7, 0, 10637);
INSERT INTO plays VALUES(221456611341, 1, 'Uzi', 51, 'adc', 3, 4, 1, 11158, 14, 9, 283, 26, 1, 12834);
INSERT INTO plays VALUES(221456611341, 1, 'Mata', 267, 'support', 0, 2, 5, 3937, 55, 10, 11, 0, 0, 7038);
INSERT INTO plays VALUES(221456611341, 1, 'CuVee', 85, 'top', 1, 5, 8, 17567, 16, 8, 253, 5, 0, 12287);
INSERT INTO plays VALUES(221456611341, 1, 'Ambition', 72, 'jungle', 4, 1, 7, 9023, 8, 14, 31, 101, 23, 12772);
INSERT INTO plays VALUES(221456611341, 1, 'Crown', 13, 'mid', 5, 0, 2, 10949, 20, 3, 299, 13, 8, 14810);
INSERT INTO plays VALUES(221456611341, 1, 'Ruler', 202, 'adc', 5, 2, 8, 15633, 11, 7, 272, 3, 3, 13790);
INSERT INTO plays VALUES(221456611341, 1, 'CoreJJ', 43, 'support', 1, 0, 13, 8221, 49, 21, 33, 3, 0, 9626);
INSERT INTO interacts VALUES(221456611341, 1, 'Mata', 3303, 1695, 1);
INSERT INTO interacts VALUES(221456611341, 1, 'Uzi', 2010, 1729, 1);
INSERT INTO interacts VALUES(221456611341, 1, 'Mata', 2010, 1859, 1);
INSERT INTO interacts VALUES(221456611341, 1, 'Uzi', 3340, 1955, 1);
INSERT INTO interacts VALUES(221456611341, 1, 'Mata', 2010, 2020, 1);
INSERT INTO interacts VALUES(221456611341, 1, 'CuVee', 1055, 2052, 1);
INSERT INTO interacts VALUES(221456611341, 1, 'Mata', 2010, 2150, 1);
INSERT INTO interacts VALUES(221456611341, 1, 'CuVee', 2003, 2246, 1);
INSERT INTO interacts VALUES(221456611341, 1, 'Uzi', 1055, 2310, 1);
INSERT INTO interacts VALUES(221456611341, 1, 'CoreJJ', 3303, 2310, 1);
INSERT INTO interacts VALUES(221456611341, 1, 'Mata', 3340, 2407, 1);
INSERT INTO interacts VALUES(221456611341, 1, 'CuVee', 3340, 2440, 1);
INSERT INTO interacts VALUES(221456611341, 1, 'CoreJJ', 2010, 2504, 1);
INSERT INTO interacts VALUES(221456611341, 1, 'CoreJJ', 2010, 2669, 1);
INSERT INTO interacts VALUES(221456611341, 1, 'CoreJJ', 2010, 2764, 1);
INSERT INTO interacts VALUES(221456611341, 1, 'CoreJJ', 3340, 3023, 1);
INSERT INTO interacts VALUES(221456611341, 1, 'Ruler', 1055, 3477, 1);
INSERT INTO interacts VALUES(221456611341, 1, 'Ruler', 2003, 3906, 1);
INSERT INTO interacts VALUES(221456611341, 1, 'Mlxg', 2031, 3929, 1);
INSERT INTO interacts VALUES(221456611341, 1, 'Ambition', 1039, 4059, 1);
INSERT INTO interacts VALUES(221456611341, 1, 'Ruler', 3340, 4381, 1);
INSERT INTO interacts VALUES(221456611341, 1, 'Mlxg', 1039, 4424, 1);
INSERT INTO interacts VALUES(221456611341, 1, 'Xiaohu', 1056, 4737, 1);
INSERT INTO interacts VALUES(221456611341, 1, 'Crown', 1027, 4833, 1);
INSERT INTO interacts VALUES(221456611341, 1, 'Mlxg', 3340, 4898, 1);
INSERT INTO interacts VALUES(221456611341, 1, 'Xiaohu', 2010, 5158, 1);
INSERT INTO interacts VALUES(221456611341, 1, 'Xiaohu', 2010, 5464, 1);
INSERT INTO interacts VALUES(221456611341, 1, 'Xiaohu', 3340, 5842, 1);
INSERT INTO interacts VALUES(221456611341, 1, 'Crown', 2031, 5940, 1);
INSERT INTO interacts VALUES(221456611341, 1, 'Ambition', 2031, 6005, 1);
INSERT INTO interacts VALUES(221456611341, 1, 'Crown', 3340, 6589, 1);
INSERT INTO interacts VALUES(221456611341, 1, 'Looper', 1036, 8085, 1);
INSERT INTO interacts VALUES(221456611341, 1, 'Looper', 3340, 8444, 1);
INSERT INTO interacts VALUES(221456611341, 1, 'Looper', 2003, 8799, 1);
INSERT INTO interacts VALUES(221456611341, 1, 'Looper', 2003, 9060, 1);
INSERT INTO interacts VALUES(221456611341, 1, 'Looper', 2003, 9252, 1);
INSERT INTO interacts VALUES(221456611341, 1, 'Xiaohu', 3070, 252490, 1);
INSERT INTO interacts VALUES(221456611341, 1, 'Crown', 3070, 253542, 1);
INSERT INTO interacts VALUES(221456611341, 1, 'Crown', 1001, 255133, 1);
INSERT INTO interacts VALUES(221456611341, 1, 'Ambition', 3706, 297545, 1);
INSERT INTO interacts VALUES(221456611341, 1, 'Ambition', 1001, 298905, 1);
INSERT INTO interacts VALUES(221456611341, 1, 'Uzi', 1038, 351307, 1);
INSERT INTO interacts VALUES(221456611341, 1, 'Mlxg', 3711, 361588, 1);
INSERT INTO interacts VALUES(221456611341, 1, 'CoreJJ', 2049, 362430, 1);
INSERT INTO interacts VALUES(221456611341, 1, 'Mlxg', 1052, 362623, 1);
INSERT INTO interacts VALUES(221456611341, 1, 'CoreJJ', 2010, 363372, 1);
INSERT INTO interacts VALUES(221456611341, 1, 'CoreJJ', 2010, 363468, 1);
INSERT INTO interacts VALUES(221456611341, 1, 'Mlxg', 1001, 363725, 1);
INSERT INTO interacts VALUES(221456611341, 1, 'CoreJJ', 3341, 364049, 1);
INSERT INTO interacts VALUES(221456611341, 1, 'CoreJJ', 2043, 367034, 1);
INSERT INTO interacts VALUES(221456611341, 1, 'Mata', 2049, 374536, 1);
INSERT INTO interacts VALUES(221456611341, 1, 'Crown', 3158, 375641, 1);
INSERT INTO interacts VALUES(221456611341, 1, 'Mata', 3341, 376096, 1);
INSERT INTO interacts VALUES(221456611341, 1, 'Xiaohu', 1033, 377071, 1);
INSERT INTO interacts VALUES(221456611341, 1, 'Xiaohu', 2043, 378985, 1);
INSERT INTO interacts VALUES(221456611341, 1, 'Crown', 2043, 379198, 1);
INSERT INTO interacts VALUES(221456611341, 1, 'Xiaohu', 2010, 381358, 1);
INSERT INTO interacts VALUES(221456611341, 1, 'Ruler', 3134, 386493, 1);
INSERT INTO interacts VALUES(221456611341, 1, 'Ruler', 1001, 387404, 1);
INSERT INTO interacts VALUES(221456611341, 1, 'Ruler', 2003, 387601, 1);
INSERT INTO interacts VALUES(221456611341, 1, 'Looper', 3155, 413584, 1);
INSERT INTO interacts VALUES(221456611341, 1, 'Looper', 1036, 413936, 1);
INSERT INTO interacts VALUES(221456611341, 1, 'Looper', 2043, 415105, 1);
INSERT INTO interacts VALUES(221456611341, 1, 'Looper', 2031, 415494, 1);
INSERT INTO interacts VALUES(221456611341, 1, 'CuVee', 3145, 420470, 1);
INSERT INTO interacts VALUES(221456611341, 1, 'CuVee', 1001, 421818, 1);
INSERT INTO interacts VALUES(221456611341, 1, 'CuVee', 2031, 423332, 1);
INSERT INTO interacts VALUES(221456611341, 1, 'Mlxg', 1052, 472643, 1);
INSERT INTO interacts VALUES(221456611341, 1, 'Mlxg', 2043, 473517, 1);
INSERT INTO interacts VALUES(221456611341, 1, 'Looper', 1036, 524271, 1);
INSERT INTO interacts VALUES(221456611341, 1, 'Uzi', 1001, 524938, 1);
INSERT INTO interacts VALUES(221456611341, 1, 'Looper', 2043, 525317, 1);
INSERT INTO interacts VALUES(221456611341, 1, 'Uzi', 1042, 526713, 1);
INSERT INTO interacts VALUES(221456611341, 1, 'Uzi', 1042, 526878, 1);
INSERT INTO interacts VALUES(221456611341, 1, 'Looper', 1001, 527020, 1);
INSERT INTO interacts VALUES(221456611341, 1, 'Mata', 1001, 527283, 1);
INSERT INTO interacts VALUES(221456611341, 1, 'Mata', 2043, 528597, 1);
INSERT INTO interacts VALUES(221456611341, 1, 'Uzi', 2010, 528631, 1);
INSERT INTO interacts VALUES(221456611341, 1, 'Mata', 2010, 533207, 1);
INSERT INTO interacts VALUES(221456611341, 1, 'CoreJJ', 2043, 550302, 1);
INSERT INTO interacts VALUES(221456611341, 1, 'CoreJJ', 2043, 550433, 1);
INSERT INTO interacts VALUES(221456611341, 1, 'CuVee', 3067, 550952, 1);
INSERT INTO interacts VALUES(221456611341, 1, 'CoreJJ', 1001, 551016, 1);
INSERT INTO interacts VALUES(221456611341, 1, 'Ruler', 3009, 551112, 1);
INSERT INTO interacts VALUES(221456611341, 1, 'Ruler', 1036, 551767, 1);
INSERT INTO interacts VALUES(221456611341, 1, 'CuVee', 2043, 551993, 1);
INSERT INTO interacts VALUES(221456611341, 1, 'Ambition', 1400, 554643, 1);
INSERT INTO interacts VALUES(221456611341, 1, 'Ambition', 1028, 563295, 1);
INSERT INTO interacts VALUES(221456611341, 1, 'Mlxg', 2031, 595694, 0);
INSERT INTO interacts VALUES(221456611341, 1, 'Mlxg', 1410, 602773, 1);
INSERT INTO interacts VALUES(221456611341, 1, 'Crown', 3010, 659819, 1);
INSERT INTO interacts VALUES(221456611341, 1, 'Crown', 1033, 660875, 1);
INSERT INTO interacts VALUES(221456611341, 1, 'Crown', 2043, 661525, 1);
INSERT INTO interacts VALUES(221456611341, 1, 'Xiaohu', 3140, 695879, 1);
INSERT INTO interacts VALUES(221456611341, 1, 'Xiaohu', 3802, 697825, 1);
INSERT INTO interacts VALUES(221456611341, 1, 'Xiaohu', 2043, 700713, 1);
INSERT INTO interacts VALUES(221456611341, 1, 'Xiaohu', 2043, 700943, 1);
INSERT INTO interacts VALUES(221456611341, 1, 'Mlxg', 1033, 703576, 1);
INSERT INTO interacts VALUES(221456611341, 1, 'Mlxg', 2043, 704317, 1);
INSERT INTO interacts VALUES(221456611341, 1, 'Mlxg', 3341, 704839, 1);
INSERT INTO interacts VALUES(221456611341, 1, 'Mata', 3117, 756982, 1);
INSERT INTO interacts VALUES(221456611341, 1, 'Mata', 2043, 762801, 1);
INSERT INTO interacts VALUES(221456611341, 1, 'CoreJJ', 3158, 770297, 1);
INSERT INTO interacts VALUES(221456611341, 1, 'CoreJJ', 2043, 771470, 1);
INSERT INTO interacts VALUES(221456611341, 1, 'CoreJJ', 1004, 771859, 1);
INSERT INTO interacts VALUES(221456611341, 1, 'Crown', 1026, 779227, 1);
INSERT INTO interacts VALUES(221456611341, 1, 'Crown', 3363, 782942, 1);
INSERT INTO interacts VALUES(221456611341, 1, 'Ambition', 3111, 785929, 1);
INSERT INTO interacts VALUES(221456611341, 1, 'Ambition', 3364, 787365, 1);
INSERT INTO interacts VALUES(221456611341, 1, 'Ambition', 1036, 789892, 1);
INSERT INTO interacts VALUES(221456611341, 1, 'Ruler', 3133, 791553, 1);
INSERT INTO interacts VALUES(221456611341, 1, 'Ruler', 1036, 791844, 1);
INSERT INTO interacts VALUES(221456611341, 1, 'Ruler', 2003, 793337, 1);
INSERT INTO interacts VALUES(221456611341, 1, 'Looper', 3156, 806892, 1);
INSERT INTO interacts VALUES(221456611341, 1, 'Looper', 1036, 807251, 1);
INSERT INTO interacts VALUES(221456611341, 1, 'Uzi', 3086, 819075, 1);
INSERT INTO interacts VALUES(221456611341, 1, 'Uzi', 1043, 820554, 1);
INSERT INTO interacts VALUES(221456611341, 1, 'Uzi', 2043, 822552, 1);
INSERT INTO interacts VALUES(221456611341, 1, 'CuVee', 3152, 822894, 1);
INSERT INTO interacts VALUES(221456611341, 1, 'CuVee', 3020, 824276, 1);
INSERT INTO interacts VALUES(221456611341, 1, 'CuVee', 2043, 824634, 1);
INSERT INTO interacts VALUES(221456611341, 1, 'Mata', 2043, 825505, 1);
INSERT INTO interacts VALUES(221456611341, 1, 'Mata', 2043, 825608, 1);
INSERT INTO interacts VALUES(221456611341, 1, 'Mata', 2010, 826486, 1);
INSERT INTO interacts VALUES(221456611341, 1, 'Ruler', 3363, 891945, 1);
INSERT INTO interacts VALUES(221456611341, 1, 'Xiaohu', 3108, 930139, 1);
INSERT INTO interacts VALUES(221456611341, 1, 'Ruler', 3142, 930430, 1);
INSERT INTO interacts VALUES(221456611341, 1, 'Ruler', 2003, 951554, 1);
INSERT INTO interacts VALUES(221456611341, 1, 'Ruler', 2043, 952056, 1);
INSERT INTO interacts VALUES(221456611341, 1, 'Uzi', 3085, 954574, 1);
INSERT INTO interacts VALUES(221456611341, 1, 'Uzi', 3363, 954835, 1);
INSERT INTO interacts VALUES(221456611341, 1, 'CuVee', 1026, 962150, 1);
INSERT INTO interacts VALUES(221456611341, 1, 'CuVee', 1052, 962327, 1);
INSERT INTO interacts VALUES(221456611341, 1, 'Uzi', 3006, 964672, 1);
INSERT INTO interacts VALUES(221456611341, 1, 'Uzi', 2043, 965657, 1);
INSERT INTO interacts VALUES(221456611341, 1, 'Uzi', 2010, 966081, 1);
INSERT INTO interacts VALUES(221456611341, 1, 'Mata', 2045, 971602, 1);
INSERT INTO interacts VALUES(221456611341, 1, 'Looper', 3111, 972121, 1);
INSERT INTO interacts VALUES(221456611341, 1, 'Mata', 2043, 972200, 1);
INSERT INTO interacts VALUES(221456611341, 1, 'Looper', 1036, 973552, 1);
INSERT INTO interacts VALUES(221456611341, 1, 'CoreJJ', 2301, 973678, 1);
INSERT INTO interacts VALUES(221456611341, 1, 'Looper', 2043, 973937, 1);
INSERT INTO interacts VALUES(221456611341, 1, 'CoreJJ', 2043, 974559, 1);
INSERT INTO interacts VALUES(221456611341, 1, 'CoreJJ', 2043, 974691, 1);
INSERT INTO interacts VALUES(221456611341, 1, 'CoreJJ', 2010, 974916, 1);
INSERT INTO interacts VALUES(221456611341, 1, 'Crown', 3027, 975501, 1);
INSERT INTO interacts VALUES(221456611341, 1, 'Crown', 3108, 979121, 1);
INSERT INTO interacts VALUES(221456611341, 1, 'Crown', 1057, 979375, 1);
INSERT INTO interacts VALUES(221456611341, 1, 'Ambition', 3044, 988482, 1);
INSERT INTO interacts VALUES(221456611341, 1, 'Ambition', 3057, 992497, 1);
INSERT INTO interacts VALUES(221456611341, 1, 'Ambition', 2031, 993591, 0);
INSERT INTO interacts VALUES(221456611341, 1, 'Ambition', 2043, 994500, 1);
INSERT INTO interacts VALUES(221456611341, 1, 'Xiaohu', 3165, 995964, 1);
INSERT INTO interacts VALUES(221456611341, 1, 'Mlxg', 3010, 1007316, 1);
INSERT INTO interacts VALUES(221456611341, 1, 'Mlxg', 1026, 1007666, 1);
INSERT INTO interacts VALUES(221456611341, 1, 'Mlxg', 3364, 1011884, 1);
INSERT INTO interacts VALUES(221456611341, 1, 'Mlxg', 2043, 1012630, 1);
INSERT INTO interacts VALUES(221456611341, 1, 'Mata', 2043, 1086321, 1);
INSERT INTO interacts VALUES(221456611341, 1, 'Mata', 2043, 1086436, 1);
INSERT INTO interacts VALUES(221456611341, 1, 'CoreJJ', 3364, 1106078, 1);
INSERT INTO interacts VALUES(221456611341, 1, 'Crown', 3001, 1106595, 1);
INSERT INTO interacts VALUES(221456611341, 1, 'CoreJJ', 1004, 1107386, 1);
INSERT INTO interacts VALUES(221456611341, 1, 'CoreJJ', 1004, 1107516, 1);
INSERT INTO interacts VALUES(221456611341, 1, 'Ruler', 3134, 1107550, 1);
INSERT INTO interacts VALUES(221456611341, 1, 'Crown', 2043, 1107743, 1);
INSERT INTO interacts VALUES(221456611341, 1, 'CoreJJ', 2043, 1108198, 1);
INSERT INTO interacts VALUES(221456611341, 1, 'CoreJJ', 2010, 1108409, 1);
INSERT INTO interacts VALUES(221456611341, 1, 'Ruler', 1036, 1108745, 1);
INSERT INTO interacts VALUES(221456611341, 1, 'Mlxg', 3027, 1124829, 1);
INSERT INTO interacts VALUES(221456611341, 1, 'Mlxg', 3111, 1126459, 1);
INSERT INTO interacts VALUES(221456611341, 1, 'Xiaohu', 1011, 1130288, 1);
INSERT INTO interacts VALUES(221456611341, 1, 'Xiaohu', 2043, 1133068, 1);
INSERT INTO interacts VALUES(221456611341, 1, 'Looper', 3134, 1134313, 1);
INSERT INTO interacts VALUES(221456611341, 1, 'Looper', 3133, 1135836, 1);
INSERT INTO interacts VALUES(221456611341, 1, 'Looper', 2031, 1141986, 0);
INSERT INTO interacts VALUES(221456611341, 1, 'Looper', 1036, 1142534, 1);
INSERT INTO interacts VALUES(221456611341, 1, 'Mata', 1028, 1148399, 1);
INSERT INTO interacts VALUES(221456611341, 1, 'Mata', 2010, 1171518, 1);
INSERT INTO interacts VALUES(221456611341, 1, 'Crown', 2043, 1209639, 1);
INSERT INTO interacts VALUES(221456611341, 1, 'Crown', 2043, 1211624, 1);
INSERT INTO interacts VALUES(221456611341, 1, 'CoreJJ', 3114, 1223277, 1);
INSERT INTO interacts VALUES(221456611341, 1, 'Ruler', 1036, 1229748, 0);
INSERT INTO interacts VALUES(221456611341, 1, 'Ruler', 1038, 1231258, 1);
INSERT INTO interacts VALUES(221456611341, 1, 'Ambition', 3078, 1237764, 1);
INSERT INTO interacts VALUES(221456611341, 1, 'Ambition', 2043, 1238284, 1);
INSERT INTO interacts VALUES(221456611341, 1, 'CuVee', 3135, 1254143, 1);
INSERT INTO interacts VALUES(221456611341, 1, 'Uzi', 3031, 1270220, 1);
INSERT INTO interacts VALUES(221456611341, 1, 'Uzi', 2043, 1270612, 1);
INSERT INTO interacts VALUES(221456611341, 1, 'Mata', 3364, 1277091, 1);
INSERT INTO interacts VALUES(221456611341, 1, 'Mata', 2043, 1278415, 1);
INSERT INTO interacts VALUES(221456611341, 1, 'Mata', 2043, 1278806, 1);
INSERT INTO interacts VALUES(221456611341, 1, 'Ruler', 1036, 1295072, 1);
INSERT INTO interacts VALUES(221456611341, 1, 'Crown', 1058, 1328736, 1);
INSERT INTO interacts VALUES(221456611341, 1, 'Mlxg', 3108, 1356426, 1);
INSERT INTO interacts VALUES(221456611341, 1, 'Mlxg', 2043, 1357792, 1);
INSERT INTO interacts VALUES(221456611341, 1, 'Mlxg', 2043, 1357919, 1);
INSERT INTO interacts VALUES(221456611341, 1, 'Looper', 3044, 1360163, 1);
INSERT INTO interacts VALUES(221456611341, 1, 'Looper', 2043, 1360713, 1);
INSERT INTO interacts VALUES(221456611341, 1, 'Looper', 3363, 1361039, 1);
INSERT INTO interacts VALUES(221456611341, 1, 'Xiaohu', 1058, 1367140, 1);
INSERT INTO interacts VALUES(221456611341, 1, 'Mata', 1033, 1424217, 1);
INSERT INTO interacts VALUES(221456611341, 1, 'Mata', 3801, 1424527, 1);
INSERT INTO interacts VALUES(221456611341, 1, 'Mata', 2043, 1425045, 1);
INSERT INTO interacts VALUES(221456611341, 1, 'Uzi', 3140, 1436120, 1);
INSERT INTO interacts VALUES(221456611341, 1, 'Mata', 2043, 1439466, 1);
INSERT INTO interacts VALUES(221456611341, 1, 'CuVee', 1058, 1440497, 1);
INSERT INTO interacts VALUES(221456611341, 1, 'Mlxg', 1029, 1441211, 1);
INSERT INTO interacts VALUES(221456611341, 1, 'Looper', 2043, 1443807, 1);
INSERT INTO interacts VALUES(221456611341, 1, 'Ambition', 3211, 1444242, 1);
INSERT INTO interacts VALUES(221456611341, 1, 'Ambition', 1028, 1445074, 1);
INSERT INTO interacts VALUES(221456611341, 1, 'Ambition', 2043, 1445395, 1);
INSERT INTO interacts VALUES(221456611341, 1, 'Uzi', 2043, 1447275, 1);
INSERT INTO interacts VALUES(221456611341, 1, 'CoreJJ', 3067, 1448093, 1);
INSERT INTO interacts VALUES(221456611341, 1, 'CoreJJ', 1033, 1448837, 1);
INSERT INTO interacts VALUES(221456611341, 1, 'Crown', 3003, 1449590, 1);
INSERT INTO interacts VALUES(221456611341, 1, 'CoreJJ', 2043, 1455439, 1);
INSERT INTO interacts VALUES(221456611341, 1, 'Ruler', 3147, 1460898, 1);
INSERT INTO interacts VALUES(221456611341, 1, 'Ruler', 1037, 1464923, 1);
INSERT INTO interacts VALUES(221456611341, 1, 'CuVee', 2031, 1543859, 0);
INSERT INTO interacts VALUES(221456611341, 1, 'CuVee', 1011, 1545120, 1);
INSERT INTO interacts VALUES(221456611341, 1, 'Ruler', 3035, 1560617, 1);
INSERT INTO interacts VALUES(221456611341, 1, 'Ruler', 2140, 1561752, 1);
INSERT INTO interacts VALUES(221456611341, 1, 'Ambition', 3102, 1567007, 1);
INSERT INTO interacts VALUES(221456611341, 1, 'Ambition', 2043, 1568014, 1);
INSERT INTO interacts VALUES(221456611341, 1, 'Crown', 2031, 1574323, 0);
INSERT INTO interacts VALUES(221456611341, 1, 'Crown', 1026, 1574894, 1);
INSERT INTO interacts VALUES(221456611341, 1, 'Crown', 2043, 1576489, 1);
INSERT INTO interacts VALUES(221456611341, 1, 'Crown', 2043, 1576584, 1);
INSERT INTO interacts VALUES(221456611341, 1, 'CoreJJ', 2043, 1576584, 1);
INSERT INTO interacts VALUES(221456611341, 1, 'CoreJJ', 2043, 1576750, 1);
INSERT INTO interacts VALUES(221456611341, 1, 'Looper', 3142, 1603382, 1);
INSERT INTO interacts VALUES(221456611341, 1, 'Mata', 3105, 1620061, 1);
INSERT INTO interacts VALUES(221456611341, 1, 'Mata', 2043, 1620750, 1);
INSERT INTO interacts VALUES(221456611341, 1, 'Mata', 2043, 1620880, 1);
INSERT INTO interacts VALUES(221456611341, 1, 'Xiaohu', 3116, 1625130, 1);
INSERT INTO interacts VALUES(221456611341, 1, 'Xiaohu', 2043, 1627146, 1);
INSERT INTO interacts VALUES(221456611341, 1, 'Mlxg', 3191, 1627503, 1);
INSERT INTO interacts VALUES(221456611341, 1, 'Xiaohu', 2043, 1628151, 1);
INSERT INTO interacts VALUES(221456611341, 1, 'Mlxg', 2043, 1629606, 1);
INSERT INTO interacts VALUES(221456611341, 1, 'CuVee', 3116, 1658447, 1);
INSERT INTO interacts VALUES(221456611341, 1, 'Uzi', 3086, 1659876, 1);
INSERT INTO interacts VALUES(221456611341, 1, 'Ambition', 1031, 1679121, 1);
INSERT INTO interacts VALUES(221456611341, 1, 'CoreJJ', 3190, 1681772, 1);
INSERT INTO interacts VALUES(221456611341, 1, 'Ruler', 3033, 1684891, 1);
INSERT INTO interacts VALUES(221456611341, 1, 'CoreJJ', 2043, 1685191, 1);
INSERT INTO interacts VALUES(221456611341, 1, 'Ruler', 2043, 1686128, 1);
INSERT INTO interacts VALUES(221456611341, 1, 'Looper', 1036, 1716179, 1);
INSERT INTO interacts VALUES(221456611341, 1, 'Looper', 1036, 1718351, 1);
INSERT INTO interacts VALUES(221456611341, 1, 'Mlxg', 3157, 1753013, 1);
INSERT INTO interacts VALUES(221456611341, 1, 'Crown', 3135, 1765351, 1);
INSERT INTO interacts VALUES(221456611341, 1, 'CoreJJ', 2043, 1788322, 1);
INSERT INTO interacts VALUES(221456611341, 1, 'CoreJJ', 2043, 1788454, 1);
INSERT INTO interacts VALUES(221456611341, 1, 'CoreJJ', 2010, 1788807, 1);
INSERT INTO interacts VALUES(221456611341, 1, 'Looper', 3133, 1794572, 1);
INSERT INTO interacts VALUES(221456611341, 1, 'Looper', 2043, 1795058, 1);
INSERT INTO interacts VALUES(221456611341, 1, 'Ruler', 1037, 1799155, 1);
INSERT INTO interacts VALUES(221456611341, 1, 'Mata', 1028, 1802422, 1);
INSERT INTO interacts VALUES(221456611341, 1, 'Mlxg', 2043, 1811119, 1);
INSERT INTO interacts VALUES(221456611341, 1, 'Mlxg', 2043, 1811251, 1);
INSERT INTO interacts VALUES(221456611341, 1, 'CuVee', 1026, 1812066, 1);
INSERT INTO interacts VALUES(221456611341, 1, 'Xiaohu', 1056, 1812519, 0);
INSERT INTO interacts VALUES(221456611341, 1, 'Ambition', 1011, 1815179, 1);
INSERT INTO interacts VALUES(221456611341, 1, 'Xiaohu', 1058, 1815797, 1);
INSERT INTO interacts VALUES(221456611341, 1, 'Uzi', 3094, 1833443, 1);
INSERT INTO interacts VALUES(221456611341, 1, 'Mata', 3190, 1880526, 1);
INSERT INTO interacts VALUES(221456611341, 1, 'Xiaohu', 2043, 1880979, 1);
INSERT INTO interacts VALUES(221456611341, 1, 'Mata', 2043, 1884127, 1);
INSERT INTO interacts VALUES(221456611341, 1, 'Mlxg', 2139, 1909960, 1);
INSERT INTO series VALUES(830723770742, 1);
INSERT INTO organizes VALUES('world_championship_2016', 830723770742, 'group_c - AHQ-vs-ITZ');
INSERT INTO competes VALUES(830723770742, 'AHQ', 1);
INSERT INTO competes VALUES(830723770742, 'ITZ', 0);
INSERT INTO matches VALUES(830723770742, 1, '2016-10-02');
INSERT INTO scores VALUES('AHQ', 830723770742, 1, 3, 11, 0, 1, 4, 1);
INSERT INTO scores VALUES('ITZ', 830723770742, 1, 0, 1, 0, 0, 0, 0);
INSERT INTO bans VALUES(830723770742, 1, 150, 1);
INSERT INTO bans VALUES(830723770742, 1, 43, 3);
INSERT INTO bans VALUES(830723770742, 1, 134, 5);
INSERT INTO bans VALUES(830723770742, 1, 4, 2);
INSERT INTO bans VALUES(830723770742, 1, 223, 4);
INSERT INTO bans VALUES(830723770742, 1, 2, 6);
INSERT INTO plays VALUES(830723770742, 1, 'Ziv', 126, 'top', 5, 2, 6, 23267, 22, 3, 268, 6, 8, 15320);
INSERT INTO plays VALUES(830723770742, 1, 'Mountain', 76, 'jungle', 5, 3, 5, 13909, 21, 13, 37, 99, 42, 14853);
INSERT INTO plays VALUES(830723770742, 1, 'Westdoor', 90, 'mid', 6, 2, 6, 18179, 18, 4, 279, 12, 7, 15365);
INSERT INTO plays VALUES(830723770742, 1, 'AN', 15, 'adc', 1, 1, 3, 12571, 18, 19, 284, 10, 9, 14524);
INSERT INTO plays VALUES(830723770742, 1, 'Albis', 12, 'support', 0, 1, 10, 2465, 48, 13, 25, 0, 0, 9678);
INSERT INTO plays VALUES(830723770742, 1, 'Yang', 85, 'top', 2, 5, 3, 9612, 9, 6, 251, 4, 0, 11556);
INSERT INTO plays VALUES(830723770742, 1, 'Revolta', 64, 'jungle', 1, 4, 5, 6820, 28, 14, 36, 80, 10, 10200);
INSERT INTO plays VALUES(830723770742, 1, 'tockers', 69, 'mid', 4, 2, 0, 16712, 18, 2, 312, 7, 0, 13309);
INSERT INTO plays VALUES(830723770742, 1, 'micaO', 22, 'adc', 2, 3, 1, 8493, 10, 1, 286, 11, 0, 12483);
INSERT INTO plays VALUES(830723770742, 1, 'Jockster', 432, 'support', 0, 3, 5, 6309, 66, 8, 16, 0, 0, 7877);
INSERT INTO interacts VALUES(830723770742, 1, 'Mountain', 1039, 1704, 1);
INSERT INTO interacts VALUES(830723770742, 1, 'Revolta', 3340, 1769, 1);
INSERT INTO interacts VALUES(830723770742, 1, 'tockers', 1056, 1964, 1);
INSERT INTO interacts VALUES(830723770742, 1, 'Revolta', 2031, 2030, 1);
INSERT INTO interacts VALUES(830723770742, 1, 'tockers', 2010, 2286, 1);
INSERT INTO interacts VALUES(830723770742, 1, 'Albis', 2010, 2383, 1);
INSERT INTO interacts VALUES(830723770742, 1, 'tockers', 2010, 2448, 1);
INSERT INTO interacts VALUES(830723770742, 1, 'Revolta', 1041, 2643, 1);
INSERT INTO interacts VALUES(830723770742, 1, 'Albis', 3302, 2707, 1);
INSERT INTO interacts VALUES(830723770742, 1, 'AN', 1055, 2772, 1);
INSERT INTO interacts VALUES(830723770742, 1, 'tockers', 3340, 2870, 1);
INSERT INTO interacts VALUES(830723770742, 1, 'Mountain', 2031, 2967, 1);
INSERT INTO interacts VALUES(830723770742, 1, 'Albis', 2010, 3031, 1);
INSERT INTO interacts VALUES(830723770742, 1, 'Westdoor', 1056, 3031, 1);
INSERT INTO interacts VALUES(830723770742, 1, 'AN', 2010, 3063, 1);
INSERT INTO interacts VALUES(830723770742, 1, 'Ziv', 1036, 3257, 1);
INSERT INTO interacts VALUES(830723770742, 1, 'Albis', 2010, 3290, 1);
INSERT INTO interacts VALUES(830723770742, 1, 'AN', 3340, 3290, 1);
INSERT INTO interacts VALUES(830723770742, 1, 'Mountain', 3340, 3451, 1);
INSERT INTO interacts VALUES(830723770742, 1, 'Westdoor', 2010, 3451, 1);
INSERT INTO interacts VALUES(830723770742, 1, 'Jockster', 3303, 3548, 1);
INSERT INTO interacts VALUES(830723770742, 1, 'Albis', 3340, 3620, 1);
INSERT INTO interacts VALUES(830723770742, 1, 'Ziv', 2003, 3646, 1);
INSERT INTO interacts VALUES(830723770742, 1, 'Westdoor', 2010, 3776, 1);
INSERT INTO interacts VALUES(830723770742, 1, 'Ziv', 2003, 3776, 1);
INSERT INTO interacts VALUES(830723770742, 1, 'Jockster', 2010, 3808, 1);
INSERT INTO interacts VALUES(830723770742, 1, 'Jockster', 2010, 3937, 1);
INSERT INTO interacts VALUES(830723770742, 1, 'Ziv', 2003, 3937, 1);
INSERT INTO interacts VALUES(830723770742, 1, 'Jockster', 2010, 4068, 1);
INSERT INTO interacts VALUES(830723770742, 1, 'Westdoor', 3340, 4294, 1);
INSERT INTO interacts VALUES(830723770742, 1, 'Yang', 1055, 4326, 1);
INSERT INTO interacts VALUES(830723770742, 1, 'Jockster', 3340, 4358, 1);
INSERT INTO interacts VALUES(830723770742, 1, 'Ziv', 3340, 4358, 1);
INSERT INTO interacts VALUES(830723770742, 1, 'Yang', 2003, 4617, 1);
INSERT INTO interacts VALUES(830723770742, 1, 'Yang', 3340, 4879, 1);
INSERT INTO interacts VALUES(830723770742, 1, 'micaO', 1055, 5237, 1);
INSERT INTO interacts VALUES(830723770742, 1, 'micaO', 2010, 5465, 1);
INSERT INTO interacts VALUES(830723770742, 1, 'micaO', 3340, 5884, 1);
INSERT INTO interacts VALUES(830723770742, 1, 'Westdoor', 1056, 245156, 1);
INSERT INTO interacts VALUES(830723770742, 1, 'Westdoor', 2043, 246845, 1);
INSERT INTO interacts VALUES(830723770742, 1, 'Westdoor', 2031, 247344, 1);
INSERT INTO interacts VALUES(830723770742, 1, 'Revolta', 3711, 261237, 1);
INSERT INTO interacts VALUES(830723770742, 1, 'Revolta', 2043, 262936, 1);
INSERT INTO interacts VALUES(830723770742, 1, 'tockers', 3070, 273975, 1);
INSERT INTO interacts VALUES(830723770742, 1, 'tockers', 2043, 276192, 1);
INSERT INTO interacts VALUES(830723770742, 1, 'tockers', 2010, 276825, 1);
INSERT INTO interacts VALUES(830723770742, 1, 'Mountain', 3711, 309797, 1);
INSERT INTO interacts VALUES(830723770742, 1, 'Mountain', 1052, 311288, 1);
INSERT INTO interacts VALUES(830723770742, 1, 'Mountain', 2032, 312979, 1);
INSERT INTO interacts VALUES(830723770742, 1, 'Mountain', 2043, 315222, 1);
INSERT INTO interacts VALUES(830723770742, 1, 'Yang', 1055, 325977, 1);
INSERT INTO interacts VALUES(830723770742, 1, 'Yang', 1052, 327408, 1);
INSERT INTO interacts VALUES(830723770742, 1, 'Yang', 2003, 329812, 1);
INSERT INTO interacts VALUES(830723770742, 1, 'Yang', 1052, 330395, 1);
INSERT INTO interacts VALUES(830723770742, 1, 'Ziv', 3155, 342017, 1);
INSERT INTO interacts VALUES(830723770742, 1, 'Ziv', 1036, 343865, 1);
INSERT INTO interacts VALUES(830723770742, 1, 'Ziv', 2043, 345000, 1);
INSERT INTO interacts VALUES(830723770742, 1, 'Ziv', 2003, 346523, 1);
INSERT INTO interacts VALUES(830723770742, 1, 'Yang', 1029, 417226, 1);
INSERT INTO interacts VALUES(830723770742, 1, 'Yang', 2003, 417450, 1);
INSERT INTO interacts VALUES(830723770742, 1, 'Yang', 2003, 421253, 1);
INSERT INTO interacts VALUES(830723770742, 1, 'Ziv', 1036, 425682, 1);
INSERT INTO interacts VALUES(830723770742, 1, 'Ziv', 2031, 426040, 1);
INSERT INTO interacts VALUES(830723770742, 1, 'Albis', 2049, 471529, 1);
INSERT INTO interacts VALUES(830723770742, 1, 'Albis', 2043, 473086, 1);
INSERT INTO interacts VALUES(830723770742, 1, 'Albis', 2043, 473376, 1);
INSERT INTO interacts VALUES(830723770742, 1, 'Albis', 3341, 473896, 1);
INSERT INTO interacts VALUES(830723770742, 1, 'AN', 1038, 484142, 1);
INSERT INTO interacts VALUES(830723770742, 1, 'AN', 1001, 484387, 1);
INSERT INTO interacts VALUES(830723770742, 1, 'AN', 2043, 486212, 1);
INSERT INTO interacts VALUES(830723770742, 1, 'AN', 2010, 486649, 1);
INSERT INTO interacts VALUES(830723770742, 1, 'Westdoor', 3802, 492010, 1);
INSERT INTO interacts VALUES(830723770742, 1, 'Westdoor', 1001, 492967, 1);
INSERT INTO interacts VALUES(830723770742, 1, 'Mountain', 1410, 494409, 1);
INSERT INTO interacts VALUES(830723770742, 1, 'Westdoor', 1052, 495040, 1);
INSERT INTO interacts VALUES(830723770742, 1, 'micaO', 1038, 498207, 1);
INSERT INTO interacts VALUES(830723770742, 1, 'micaO', 1001, 500387, 1);
INSERT INTO interacts VALUES(830723770742, 1, 'micaO', 1042, 501323, 1);
INSERT INTO interacts VALUES(830723770742, 1, 'micaO', 1042, 503095, 1);
INSERT INTO interacts VALUES(830723770742, 1, 'Jockster', 2049, 505488, 1);
INSERT INTO interacts VALUES(830723770742, 1, 'Jockster', 1001, 506231, 1);
INSERT INTO interacts VALUES(830723770742, 1, 'Jockster', 2043, 506943, 1);
INSERT INTO interacts VALUES(830723770742, 1, 'Jockster', 2010, 507400, 1);
INSERT INTO interacts VALUES(830723770742, 1, 'Jockster', 3341, 508342, 1);
INSERT INTO interacts VALUES(830723770742, 1, 'tockers', 3140, 510061, 1);
INSERT INTO interacts VALUES(830723770742, 1, 'tockers', 1033, 513800, 1);
INSERT INTO interacts VALUES(830723770742, 1, 'tockers', 1052, 519099, 1);
INSERT INTO interacts VALUES(830723770742, 1, 'tockers', 2043, 520513, 1);
INSERT INTO interacts VALUES(830723770742, 1, 'tockers', 2010, 521338, 1);
INSERT INTO interacts VALUES(830723770742, 1, 'Revolta', 1408, 544847, 1);
INSERT INTO interacts VALUES(830723770742, 1, 'Ziv', 3133, 589020, 1);
INSERT INTO interacts VALUES(830723770742, 1, 'Ziv', 1036, 589835, 1);
INSERT INTO interacts VALUES(830723770742, 1, 'Ziv', 1001, 590350, 1);
INSERT INTO interacts VALUES(830723770742, 1, 'Yang', 3191, 608121, 1);
INSERT INTO interacts VALUES(830723770742, 1, 'Yang', 1001, 611517, 1);
INSERT INTO interacts VALUES(830723770742, 1, 'Yang', 1052, 614441, 1);
INSERT INTO interacts VALUES(830723770742, 1, 'Ziv', 2043, 614880, 1);
INSERT INTO interacts VALUES(830723770742, 1, 'Yang', 2003, 615738, 1);
INSERT INTO interacts VALUES(830723770742, 1, 'Yang', 2003, 615916, 1);
INSERT INTO interacts VALUES(830723770742, 1, 'Yang', 2003, 616063, 1);
INSERT INTO interacts VALUES(830723770742, 1, 'Yang', 2043, 616514, 1);
INSERT INTO interacts VALUES(830723770742, 1, 'Yang', 2031, 619056, 1);
INSERT INTO interacts VALUES(830723770742, 1, 'Yang', 2043, 619414, 1);
INSERT INTO interacts VALUES(830723770742, 1, 'AN', 3006, 658112, 1);
INSERT INTO interacts VALUES(830723770742, 1, 'AN', 1036, 662697, 1);
INSERT INTO interacts VALUES(830723770742, 1, 'Albis', 1001, 666789, 1);
INSERT INTO interacts VALUES(830723770742, 1, 'Albis', 1028, 669859, 1);
INSERT INTO interacts VALUES(830723770742, 1, 'Jockster', 3117, 673497, 1);
INSERT INTO interacts VALUES(830723770742, 1, 'Jockster', 2043, 673904, 1);
INSERT INTO interacts VALUES(830723770742, 1, 'micaO', 3086, 705751, 1);
INSERT INTO interacts VALUES(830723770742, 1, 'Revolta', 3111, 713850, 1);
INSERT INTO interacts VALUES(830723770742, 1, 'Yang', 1028, 715538, 1);
INSERT INTO interacts VALUES(830723770742, 1, 'Revolta', 3111, 717613, 1);
INSERT INTO interacts VALUES(830723770742, 1, 'Jockster', 2010, 721993, 1);
INSERT INTO interacts VALUES(830723770742, 1, 'Mountain', 3158, 725795, 1);
INSERT INTO interacts VALUES(830723770742, 1, 'Mountain', 1033, 728717, 1);
INSERT INTO interacts VALUES(830723770742, 1, 'Ziv', 3134, 729728, 1);
INSERT INTO interacts VALUES(830723770742, 1, 'Ziv', 3158, 732018, 1);
INSERT INTO interacts VALUES(830723770742, 1, 'tockers', 3108, 734050, 1);
INSERT INTO interacts VALUES(830723770742, 1, 'Mountain', 2043, 734311, 1);
INSERT INTO interacts VALUES(830723770742, 1, 'tockers', 1033, 735187, 1);
INSERT INTO interacts VALUES(830723770742, 1, 'Albis', 3117, 803392, 1);
INSERT INTO interacts VALUES(830723770742, 1, 'Albis', 2045, 805589, 1);
INSERT INTO interacts VALUES(830723770742, 1, 'AN', 3133, 805988, 1);
INSERT INTO interacts VALUES(830723770742, 1, 'Albis', 2043, 806008, 1);
INSERT INTO interacts VALUES(830723770742, 1, 'Westdoor', 3165, 806784, 1);
INSERT INTO interacts VALUES(830723770742, 1, 'AN', 1018, 807600, 1);
INSERT INTO interacts VALUES(830723770742, 1, 'Westdoor', 1058, 808670, 1);
INSERT INTO interacts VALUES(830723770742, 1, 'Yang', 3145, 822769, 1);
INSERT INTO interacts VALUES(830723770742, 1, 'Jockster', 2043, 849224, 1);
INSERT INTO interacts VALUES(830723770742, 1, 'Jockster', 1028, 849670, 1);
INSERT INTO interacts VALUES(830723770742, 1, 'micaO', 3085, 891698, 1);
INSERT INTO interacts VALUES(830723770742, 1, 'Revolta', 1028, 901424, 1);
INSERT INTO interacts VALUES(830723770742, 1, 'Revolta', 2043, 902755, 1);
INSERT INTO interacts VALUES(830723770742, 1, 'Revolta', 2043, 904133, 1);
INSERT INTO interacts VALUES(830723770742, 1, 'tockers', 1057, 930928, 1);
INSERT INTO interacts VALUES(830723770742, 1, 'tockers', 3108, 931355, 1);
INSERT INTO interacts VALUES(830723770742, 1, 'tockers', 1052, 933046, 1);
INSERT INTO interacts VALUES(830723770742, 1, 'Ziv', 3142, 933207, 1);
INSERT INTO interacts VALUES(830723770742, 1, 'Ziv', 2043, 933955, 1);
INSERT INTO interacts VALUES(830723770742, 1, 'micaO', 2043, 936942, 1);
INSERT INTO interacts VALUES(830723770742, 1, 'Albis', 1028, 950138, 1);
INSERT INTO interacts VALUES(830723770742, 1, 'AN', 3363, 950614, 1);
INSERT INTO interacts VALUES(830723770742, 1, 'Albis', 2043, 951329, 1);
INSERT INTO interacts VALUES(830723770742, 1, 'AN', 3508, 951650, 1);
INSERT INTO interacts VALUES(830723770742, 1, 'AN', 1051, 953146, 1);
INSERT INTO interacts VALUES(830723770742, 1, 'AN', 2043, 954446, 1);
INSERT INTO interacts VALUES(830723770742, 1, 'Westdoor', 3158, 955258, 1);
INSERT INTO interacts VALUES(830723770742, 1, 'Westdoor', 2031, 956688, 0);
INSERT INTO interacts VALUES(830723770742, 1, 'Jockster', 2043, 959232, 1);
INSERT INTO interacts VALUES(830723770742, 1, 'Jockster', 2043, 959349, 1);
INSERT INTO interacts VALUES(830723770742, 1, 'Westdoor', 1028, 962535, 1);
INSERT INTO interacts VALUES(830723770742, 1, 'Yang', 3152, 976162, 1);
INSERT INTO interacts VALUES(830723770742, 1, 'Yang', 2043, 976552, 1);
INSERT INTO interacts VALUES(830723770742, 1, 'Yang', 3364, 976880, 1);
INSERT INTO interacts VALUES(830723770742, 1, 'Mountain', 1058, 1011397, 1);
INSERT INTO interacts VALUES(830723770742, 1, 'Mountain', 1011, 1013584, 1);
INSERT INTO interacts VALUES(830723770742, 1, 'Mountain', 3364, 1015910, 1);
INSERT INTO interacts VALUES(830723770742, 1, 'Jockster', 2045, 1066500, 1);
INSERT INTO interacts VALUES(830723770742, 1, 'Jockster', 2043, 1066987, 1);
INSERT INTO interacts VALUES(830723770742, 1, 'Yang', 1001, 1084434, 1);
INSERT INTO interacts VALUES(830723770742, 1, 'tockers', 3001, 1087847, 1);
INSERT INTO interacts VALUES(830723770742, 1, 'tockers', 1028, 1091054, 1);
INSERT INTO interacts VALUES(830723770742, 1, 'Albis', 1033, 1129542, 1);
INSERT INTO interacts VALUES(830723770742, 1, 'Albis', 3801, 1129867, 1);
INSERT INTO interacts VALUES(830723770742, 1, 'AN', 1038, 1130355, 1);
INSERT INTO interacts VALUES(830723770742, 1, 'Albis', 2043, 1130520, 1);
INSERT INTO interacts VALUES(830723770742, 1, 'Albis', 2043, 1130809, 1);
INSERT INTO interacts VALUES(830723770742, 1, 'micaO', 1037, 1131993, 1);
INSERT INTO interacts VALUES(830723770742, 1, 'micaO', 3363, 1133242, 1);
INSERT INTO interacts VALUES(830723770742, 1, 'Westdoor', 1011, 1134931, 1);
INSERT INTO interacts VALUES(830723770742, 1, 'Ziv', 3133, 1151814, 1);
INSERT INTO interacts VALUES(830723770742, 1, 'Ziv', 1036, 1153669, 1);
INSERT INTO interacts VALUES(830723770742, 1, 'Jockster', 1028, 1156072, 1);
INSERT INTO interacts VALUES(830723770742, 1, 'Jockster', 3364, 1159127, 1);
INSERT INTO interacts VALUES(830723770742, 1, 'tockers', 1052, 1159223, 1);
INSERT INTO interacts VALUES(830723770742, 1, 'Revolta', 3140, 1166917, 1);
INSERT INTO interacts VALUES(830723770742, 1, 'Revolta', 2043, 1167628, 1);
INSERT INTO interacts VALUES(830723770742, 1, 'Revolta', 2043, 1167757, 1);
INSERT INTO interacts VALUES(830723770742, 1, 'Yang', 2031, 1178376, 0);
INSERT INTO interacts VALUES(830723770742, 1, 'Yang', 3108, 1179825, 1);
INSERT INTO interacts VALUES(830723770742, 1, 'Mountain', 3116, 1198569, 1);
INSERT INTO interacts VALUES(830723770742, 1, 'Mountain', 3028, 1206230, 1);
INSERT INTO interacts VALUES(830723770742, 1, 'Jockster', 2043, 1237414, 1);
INSERT INTO interacts VALUES(830723770742, 1, 'Revolta', 2043, 1239150, 1);
INSERT INTO interacts VALUES(830723770742, 1, 'Albis', 3105, 1282668, 1);
INSERT INTO interacts VALUES(830723770742, 1, 'Albis', 2043, 1283834, 1);
INSERT INTO interacts VALUES(830723770742, 1, 'Jockster', 1033, 1327868, 1);
INSERT INTO interacts VALUES(830723770742, 1, 'Jockster', 2043, 1328255, 1);
INSERT INTO interacts VALUES(830723770742, 1, 'micaO', 1018, 1328515, 1);
INSERT INTO interacts VALUES(830723770742, 1, 'AN', 3086, 1330128, 1);
INSERT INTO interacts VALUES(830723770742, 1, 'Yang', 3157, 1330662, 1);
INSERT INTO interacts VALUES(830723770742, 1, 'AN', 2010, 1331422, 0);
INSERT INTO interacts VALUES(830723770742, 1, 'Yang', 2043, 1332116, 1);
INSERT INTO interacts VALUES(830723770742, 1, 'AN', 2043, 1332770, 1);
INSERT INTO interacts VALUES(830723770742, 1, 'AN', 2043, 1332929, 1);
INSERT INTO interacts VALUES(830723770742, 1, 'Westdoor', 3116, 1342102, 1);
INSERT INTO interacts VALUES(830723770742, 1, 'Westdoor', 1026, 1343701, 1);
INSERT INTO interacts VALUES(830723770742, 1, 'tockers', 1056, 1357872, 0);
INSERT INTO interacts VALUES(830723770742, 1, 'tockers', 1011, 1359267, 1);
INSERT INTO interacts VALUES(830723770742, 1, 'tockers', 1058, 1360666, 1);
INSERT INTO interacts VALUES(830723770742, 1, 'Jockster', 3801, 1384253, 1);
INSERT INTO interacts VALUES(830723770742, 1, 'micaO', 3031, 1393900, 1);
INSERT INTO interacts VALUES(830723770742, 1, 'Revolta', 1011, 1396073, 1);
INSERT INTO interacts VALUES(830723770742, 1, 'micaO', 2043, 1396297, 1);
INSERT INTO interacts VALUES(830723770742, 1, 'Revolta', 1029, 1396753, 1);
INSERT INTO interacts VALUES(830723770742, 1, 'Revolta', 2031, 1398707, 0);
INSERT INTO interacts VALUES(830723770742, 1, 'Revolta', 2043, 1399488, 1);
INSERT INTO interacts VALUES(830723770742, 1, 'Revolta', 2043, 1399684, 1);
INSERT INTO interacts VALUES(830723770742, 1, 'Albis', 1028, 1405819, 1);
INSERT INTO interacts VALUES(830723770742, 1, 'Albis', 3364, 1407124, 1);
INSERT INTO interacts VALUES(830723770742, 1, 'Ziv', 3071, 1421238, 1);
INSERT INTO interacts VALUES(830723770742, 1, 'AN', 2043, 1422799, 0);
INSERT INTO interacts VALUES(830723770742, 1, 'AN', 1018, 1424916, 1);
INSERT INTO interacts VALUES(830723770742, 1, 'tockers', 3116, 1425009, 1);
INSERT INTO interacts VALUES(830723770742, 1, 'micaO', 1042, 1431149, 1);
INSERT INTO interacts VALUES(830723770742, 1, 'Jockster', 2043, 1442216, 1);
INSERT INTO interacts VALUES(830723770742, 1, 'Mountain', 3174, 1442872, 1);
INSERT INTO interacts VALUES(830723770742, 1, 'Mountain', 2043, 1444681, 1);
INSERT INTO interacts VALUES(830723770742, 1, 'Revolta', 1031, 1513393, 1);
INSERT INTO interacts VALUES(830723770742, 1, 'Ziv', 3134, 1540998, 1);
INSERT INTO interacts VALUES(830723770742, 1, 'Mountain', 2032, 1546138, 0);
INSERT INTO interacts VALUES(830723770742, 1, 'Albis', 3190, 1554953, 1);
INSERT INTO interacts VALUES(830723770742, 1, 'AN', 3046, 1555438, 1);
INSERT INTO interacts VALUES(830723770742, 1, 'Albis', 1028, 1556064, 1);
INSERT INTO interacts VALUES(830723770742, 1, 'Albis', 2043, 1556479, 1);
INSERT INTO interacts VALUES(830723770742, 1, 'Albis', 2043, 1556731, 1);
INSERT INTO interacts VALUES(830723770742, 1, 'Mountain', 3057, 1556939, 1);
INSERT INTO interacts VALUES(830723770742, 1, 'Ziv', 2031, 1561245, 0);
INSERT INTO interacts VALUES(830723770742, 1, 'Ziv', 2043, 1562873, 1);
INSERT INTO interacts VALUES(830723770742, 1, 'Yang', 3020, 1571106, 1);
INSERT INTO interacts VALUES(830723770742, 1, 'Yang', 1026, 1573260, 1);
INSERT INTO interacts VALUES(830723770742, 1, 'micaO', 3006, 1575438, 1);
INSERT INTO interacts VALUES(830723770742, 1, 'Jockster', 3105, 1578144, 1);
INSERT INTO interacts VALUES(830723770742, 1, 'Jockster', 1028, 1578566, 1);
INSERT INTO interacts VALUES(830723770742, 1, 'Jockster', 2043, 1578998, 1);
INSERT INTO interacts VALUES(830723770742, 1, 'micaO', 1036, 1582041, 1);
INSERT INTO interacts VALUES(830723770742, 1, 'Westdoor', 3151, 1586583, 1);
INSERT INTO interacts VALUES(830723770742, 1, 'Jockster', 2043, 1661346, 1);
INSERT INTO interacts VALUES(830723770742, 1, 'Jockster', 3067, 1733046, 1);
INSERT INTO interacts VALUES(830723770742, 1, 'Jockster', 2043, 1733462, 1);
INSERT INTO interacts VALUES(830723770742, 1, 'Revolta', 3742, 1736815, 1);
INSERT INTO interacts VALUES(830723770742, 1, 'tockers', 3003, 1764296, 1);
INSERT INTO interacts VALUES(830723770742, 1, 'Jockster', 3190, 1773248, 1);
INSERT INTO interacts VALUES(830723770742, 1, 'Revolta', 2043, 1774647, 0);
INSERT INTO interacts VALUES(830723770742, 1, 'Revolta', 2043, 1774776, 0);
INSERT INTO interacts VALUES(830723770742, 1, 'micaO', 3086, 1778589, 1);
INSERT INTO interacts VALUES(830723770742, 1, 'AN', 3031, 1781643, 1);
INSERT INTO interacts VALUES(830723770742, 1, 'AN', 2043, 1782945, 1);
INSERT INTO interacts VALUES(830723770742, 1, 'AN', 2043, 1783079, 1);
INSERT INTO interacts VALUES(830723770742, 1, 'Mountain', 3113, 1787861, 1);
INSERT INTO interacts VALUES(830723770742, 1, 'Ziv', 3156, 1791294, 1);
INSERT INTO interacts VALUES(830723770742, 1, 'Westdoor', 1056, 1793984, 0);
INSERT INTO interacts VALUES(830723770742, 1, 'Westdoor', 1026, 1795400, 1);
INSERT INTO interacts VALUES(830723770742, 1, 'Ziv', 1037, 1797430, 1);
INSERT INTO interacts VALUES(830723770742, 1, 'Westdoor', 2139, 1798183, 1);
INSERT INTO interacts VALUES(830723770742, 1, 'Ziv', 2043, 1798798, 1);
INSERT INTO interacts VALUES(830723770742, 1, 'Revolta', 1028, 1800039, 1);
INSERT INTO interacts VALUES(830723770742, 1, 'Yang', 1055, 1808126, 0);
INSERT INTO interacts VALUES(830723770742, 1, 'Albis', 3067, 1811436, 1);
INSERT INTO interacts VALUES(830723770742, 1, 'Albis', 3097, 1812376, 1);
INSERT INTO interacts VALUES(830723770742, 1, 'Albis', 2043, 1813418, 1);
INSERT INTO interacts VALUES(830723770742, 1, 'Albis', 2043, 1813684, 1);
INSERT INTO interacts VALUES(830723770742, 1, 'Revolta', 2043, 1813778, 1);
INSERT INTO interacts VALUES(830723770742, 1, 'Jockster', 2043, 1816549, 1);
INSERT INTO interacts VALUES(830723770742, 1, 'Yang', 1055, 1840395, 0);
INSERT INTO interacts VALUES(830723770742, 1, 'Yang', 3140, 1841934, 1);
INSERT INTO interacts VALUES(830723770742, 1, 'micaO', 3155, 1851703, 1);
INSERT INTO interacts VALUES(830723770742, 1, 'Jockster', 2043, 1880119, 1);
INSERT INTO interacts VALUES(830723770742, 1, 'Jockster', 3098, 1983260, 1);
INSERT INTO interacts VALUES(830723770742, 1, 'tockers', 1026, 2035388, 1);
INSERT INTO interacts VALUES(830723770742, 1, 'tockers', 1052, 2035919, 1);
INSERT INTO interacts VALUES(830723770742, 1, 'Ziv', 3033, 2049700, 1);
INSERT INTO interacts VALUES(830723770742, 1, 'micaO', 3046, 2058297, 1);
INSERT INTO interacts VALUES(830723770742, 1, 'Jockster', 1052, 2088105, 1);
INSERT INTO interacts VALUES(830723770742, 1, 'Jockster', 2043, 2088888, 1);
INSERT INTO series VALUES(16044523125, 1);
INSERT INTO organizes VALUES('world_championship_2016', 16044523125, 'group_c - EDG-vs-H2K');
INSERT INTO competes VALUES(16044523125, 'EDG', 1);
INSERT INTO competes VALUES(16044523125, 'H2K', 0);
INSERT INTO matches VALUES(16044523125, 1, '2016-10-02');
INSERT INTO scores VALUES('EDG', 16044523125, 1, 3, 11, 1, 1, 3, 1);
INSERT INTO scores VALUES('H2K', 16044523125, 1, 0, 2, 0, 0, 1, 0);
INSERT INTO bans VALUES(16044523125, 1, 69, 1);
INSERT INTO bans VALUES(16044523125, 1, 85, 3);
INSERT INTO bans VALUES(16044523125, 1, 150, 5);
INSERT INTO bans VALUES(16044523125, 1, 421, 2);
INSERT INTO bans VALUES(16044523125, 1, 78, 4);
INSERT INTO bans VALUES(16044523125, 1, 267, 6);
INSERT INTO plays VALUES(16044523125, 1, 'Mouse', 39, 'top', 5, 3, 3, 16412, 19, 1, 288, 6, 2, 16077);
INSERT INTO plays VALUES(16044523125, 1, 'Clearlove', 76, 'jungle', 3, 1, 3, 10799, 30, 24, 63, 122, 34, 15862);
INSERT INTO plays VALUES(16044523125, 1, 'Scout', 134, 'mid', 1, 0, 5, 19236, 20, 11, 352, 10, 12, 15756);
INSERT INTO plays VALUES(16044523125, 1, 'Deft', 202, 'adc', 2, 1, 4, 22136, 19, 8, 269, 28, 0, 15088);
INSERT INTO plays VALUES(16044523125, 1, 'Meiko', 12, 'support', 1, 1, 6, 4182, 50, 19, 64, 0, 0, 11074);
INSERT INTO plays VALUES(16044523125, 1, 'Odoamne', 68, 'top', 0, 4, 3, 20129, 14, 3, 287, 13, 0, 12472);
INSERT INTO plays VALUES(16044523125, 1, 'Jankos', 64, 'jungle', 1, 2, 5, 8090, 45, 22, 40, 104, 7, 11359);
INSERT INTO plays VALUES(16044523125, 1, 'Ryu', 8, 'mid', 3, 2, 1, 15065, 14, 11, 281, 6, 0, 12923);
INSERT INTO plays VALUES(16044523125, 1, 'FORG1VEN', 81, 'adc', 2, 2, 0, 19147, 16, 5, 334, 15, 0, 13522);
INSERT INTO plays VALUES(16044523125, 1, 'Vander', 43, 'support', 0, 2, 4, 2955, 64, 21, 31, 0, 0, 8155);
INSERT INTO interacts VALUES(16044523125, 1, 'Odoamne', 3340, 1331, 1);
INSERT INTO interacts VALUES(16044523125, 1, 'Odoamne', 1054, 1783, 1);
INSERT INTO interacts VALUES(16044523125, 1, 'Mouse', 2033, 1783, 1);
INSERT INTO interacts VALUES(16044523125, 1, 'Scout', 3340, 1914, 1);
INSERT INTO interacts VALUES(16044523125, 1, 'Odoamne', 2003, 2111, 1);
INSERT INTO interacts VALUES(16044523125, 1, 'Scout', 1056, 2239, 1);
INSERT INTO interacts VALUES(16044523125, 1, 'Mouse', 3340, 2303, 1);
INSERT INTO interacts VALUES(16044523125, 1, 'FORG1VEN', 1055, 2344, 1);
INSERT INTO interacts VALUES(16044523125, 1, 'Scout', 2010, 2399, 1);
INSERT INTO interacts VALUES(16044523125, 1, 'Meiko', 3302, 2465, 1);
INSERT INTO interacts VALUES(16044523125, 1, 'Vander', 2010, 2465, 1);
INSERT INTO interacts VALUES(16044523125, 1, 'Scout', 2010, 2497, 1);
INSERT INTO interacts VALUES(16044523125, 1, 'Deft', 1036, 2529, 1);
INSERT INTO interacts VALUES(16044523125, 1, 'Meiko', 2010, 2627, 1);
INSERT INTO interacts VALUES(16044523125, 1, 'Jankos', 3340, 2757, 1);
INSERT INTO interacts VALUES(16044523125, 1, 'Meiko', 2010, 2757, 1);
INSERT INTO interacts VALUES(16044523125, 1, 'Vander', 2010, 2790, 1);
INSERT INTO interacts VALUES(16044523125, 1, 'FORG1VEN', 2010, 2863, 1);
INSERT INTO interacts VALUES(16044523125, 1, 'Meiko', 2010, 2887, 1);
INSERT INTO interacts VALUES(16044523125, 1, 'Jankos', 1041, 3018, 1);
INSERT INTO interacts VALUES(16044523125, 1, 'Deft', 2010, 3018, 1);
INSERT INTO interacts VALUES(16044523125, 1, 'Meiko', 3340, 3050, 1);
INSERT INTO interacts VALUES(16044523125, 1, 'Vander', 2010, 3121, 1);
INSERT INTO interacts VALUES(16044523125, 1, 'Jankos', 2031, 3181, 1);
INSERT INTO interacts VALUES(16044523125, 1, 'Deft', 2010, 3181, 1);
INSERT INTO interacts VALUES(16044523125, 1, 'FORG1VEN', 3340, 3212, 1);
INSERT INTO interacts VALUES(16044523125, 1, 'Deft', 2010, 3342, 1);
INSERT INTO interacts VALUES(16044523125, 1, 'Vander', 3303, 3384, 1);
INSERT INTO interacts VALUES(16044523125, 1, 'Clearlove', 1039, 3601, 1);
INSERT INTO interacts VALUES(16044523125, 1, 'Vander', 3340, 3666, 1);
INSERT INTO interacts VALUES(16044523125, 1, 'Deft', 3340, 3958, 1);
INSERT INTO interacts VALUES(16044523125, 1, 'Clearlove', 2031, 3989, 1);
INSERT INTO interacts VALUES(16044523125, 1, 'Ryu', 1001, 4091, 1);
INSERT INTO interacts VALUES(16044523125, 1, 'Clearlove', 3340, 4445, 1);
INSERT INTO interacts VALUES(16044523125, 1, 'Ryu', 2003, 4610, 1);
INSERT INTO interacts VALUES(16044523125, 1, 'Ryu', 2003, 4773, 1);
INSERT INTO interacts VALUES(16044523125, 1, 'Ryu', 2003, 4869, 1);
INSERT INTO interacts VALUES(16044523125, 1, 'Ryu', 2003, 5000, 1);
INSERT INTO interacts VALUES(16044523125, 1, 'Ryu', 3340, 5227, 1);
INSERT INTO interacts VALUES(16044523125, 1, 'Vander', 2010, 125964, 1);
INSERT INTO interacts VALUES(16044523125, 1, 'Vander', 2043, 133701, 1);
INSERT INTO interacts VALUES(16044523125, 1, 'Scout', 1056, 195076, 1);
INSERT INTO interacts VALUES(16044523125, 1, 'Clearlove', 3711, 215871, 1);
INSERT INTO interacts VALUES(16044523125, 1, 'Clearlove', 2043, 216991, 1);
INSERT INTO interacts VALUES(16044523125, 1, 'Jankos', 1036, 220038, 1);
INSERT INTO interacts VALUES(16044523125, 1, 'Jankos', 1001, 221341, 1);
INSERT INTO interacts VALUES(16044523125, 1, 'Ryu', 1033, 282051, 1);
INSERT INTO interacts VALUES(16044523125, 1, 'Ryu', 1033, 282085, 1);
INSERT INTO interacts VALUES(16044523125, 1, 'Ryu', 1028, 284360, 1);
INSERT INTO interacts VALUES(16044523125, 1, 'Ryu', 2043, 285036, 1);
INSERT INTO interacts VALUES(16044523125, 1, 'Scout', 1052, 298009, 1);
INSERT INTO interacts VALUES(16044523125, 1, 'Scout', 2010, 298384, 1);
INSERT INTO interacts VALUES(16044523125, 1, 'Scout', 2043, 298579, 1);
INSERT INTO interacts VALUES(16044523125, 1, 'Deft', 1038, 312691, 1);
INSERT INTO interacts VALUES(16044523125, 1, 'Meiko', 3341, 320906, 1);
INSERT INTO interacts VALUES(16044523125, 1, 'Meiko', 2049, 322201, 1);
INSERT INTO interacts VALUES(16044523125, 1, 'Deft', 1001, 323827, 1);
INSERT INTO interacts VALUES(16044523125, 1, 'Vander', 1028, 342454, 1);
INSERT INTO interacts VALUES(16044523125, 1, 'Vander', 2043, 343451, 1);
INSERT INTO interacts VALUES(16044523125, 1, 'FORG1VEN', 3070, 351502, 1);
INSERT INTO interacts VALUES(16044523125, 1, 'FORG1VEN', 1037, 352993, 1);
INSERT INTO interacts VALUES(16044523125, 1, 'FORG1VEN', 2043, 354685, 1);
INSERT INTO interacts VALUES(16044523125, 1, 'Clearlove', 3113, 358486, 1);
INSERT INTO interacts VALUES(16044523125, 1, 'Jankos', 3711, 366752, 1);
INSERT INTO interacts VALUES(16044523125, 1, 'Jankos', 2043, 368022, 1);
INSERT INTO interacts VALUES(16044523125, 1, 'Jankos', 2043, 368118, 1);
INSERT INTO interacts VALUES(16044523125, 1, 'Scout', 3802, 423608, 1);
INSERT INTO interacts VALUES(16044523125, 1, 'Odoamne', 3191, 431467, 1);
INSERT INTO interacts VALUES(16044523125, 1, 'Odoamne', 1052, 432246, 1);
INSERT INTO interacts VALUES(16044523125, 1, 'Odoamne', 2043, 433734, 1);
INSERT INTO interacts VALUES(16044523125, 1, 'Odoamne', 2003, 434967, 0);
INSERT INTO interacts VALUES(16044523125, 1, 'Odoamne', 2031, 436009, 1);
INSERT INTO interacts VALUES(16044523125, 1, 'Mouse', 3044, 439980, 1);
INSERT INTO interacts VALUES(16044523125, 1, 'Mouse', 1042, 441275, 1);
INSERT INTO interacts VALUES(16044523125, 1, 'Mouse', 2043, 442217, 1);
INSERT INTO interacts VALUES(16044523125, 1, 'Ryu', 3211, 458041, 1);
INSERT INTO interacts VALUES(16044523125, 1, 'Ryu', 1028, 461805, 1);
INSERT INTO interacts VALUES(16044523125, 1, 'Ryu', 2003, 462719, 1);
INSERT INTO interacts VALUES(16044523125, 1, 'Jankos', 3133, 522727, 1);
INSERT INTO interacts VALUES(16044523125, 1, 'Vander', 2049, 530517, 1);
INSERT INTO interacts VALUES(16044523125, 1, 'Vander', 1001, 531766, 1);
INSERT INTO interacts VALUES(16044523125, 1, 'Vander', 2043, 532646, 1);
INSERT INTO interacts VALUES(16044523125, 1, 'Vander', 3341, 533325, 1);
INSERT INTO interacts VALUES(16044523125, 1, 'Scout', 3108, 539271, 1);
INSERT INTO interacts VALUES(16044523125, 1, 'Scout', 1001, 540220, 1);
INSERT INTO interacts VALUES(16044523125, 1, 'Scout', 2010, 541548, 1);
INSERT INTO interacts VALUES(16044523125, 1, 'Mouse', 3101, 549103, 1);
INSERT INTO interacts VALUES(16044523125, 1, 'Deft', 3133, 554879, 1);
INSERT INTO interacts VALUES(16044523125, 1, 'Clearlove', 1410, 556574, 1);
INSERT INTO interacts VALUES(16044523125, 1, 'Deft', 3009, 556885, 1);
INSERT INTO interacts VALUES(16044523125, 1, 'Clearlove', 2043, 557661, 1);
INSERT INTO interacts VALUES(16044523125, 1, 'Meiko', 1001, 557808, 1);
INSERT INTO interacts VALUES(16044523125, 1, 'Meiko', 1028, 558654, 1);
INSERT INTO interacts VALUES(16044523125, 1, 'Meiko', 2010, 560214, 1);
INSERT INTO interacts VALUES(16044523125, 1, 'FORG1VEN', 3004, 581066, 1);
INSERT INTO interacts VALUES(16044523125, 1, 'FORG1VEN', 1001, 582662, 1);
INSERT INTO interacts VALUES(16044523125, 1, 'FORG1VEN', 2010, 584443, 1);
INSERT INTO interacts VALUES(16044523125, 1, 'Vander', 2043, 646709, 1);
INSERT INTO interacts VALUES(16044523125, 1, 'FORG1VEN', 1027, 661936, 1);
INSERT INTO interacts VALUES(16044523125, 1, 'Odoamne', 1028, 687020, 1);
INSERT INTO interacts VALUES(16044523125, 1, 'Odoamne', 1001, 688840, 1);
INSERT INTO interacts VALUES(16044523125, 1, 'Jankos', 1408, 692930, 1);
INSERT INTO interacts VALUES(16044523125, 1, 'Jankos', 2043, 694065, 1);
INSERT INTO interacts VALUES(16044523125, 1, 'Mouse', 1001, 695105, 1);
INSERT INTO interacts VALUES(16044523125, 1, 'Mouse', 1027, 695464, 1);
INSERT INTO interacts VALUES(16044523125, 1, 'Mouse', 2043, 695967, 1);
INSERT INTO interacts VALUES(16044523125, 1, 'Meiko', 3117, 704764, 1);
INSERT INTO interacts VALUES(16044523125, 1, 'Meiko', 2043, 705450, 1);
INSERT INTO interacts VALUES(16044523125, 1, 'Meiko', 2031, 709348, 1);
INSERT INTO interacts VALUES(16044523125, 1, 'Scout', 3165, 717774, 1);
INSERT INTO interacts VALUES(16044523125, 1, 'Scout', 2043, 718752, 1);
INSERT INTO interacts VALUES(16044523125, 1, 'Deft', 3508, 720218, 1);
INSERT INTO interacts VALUES(16044523125, 1, 'Deft', 2043, 721711, 1);
INSERT INTO interacts VALUES(16044523125, 1, 'Clearlove', 3158, 739014, 1);
INSERT INTO interacts VALUES(16044523125, 1, 'Clearlove', 3108, 740609, 1);
INSERT INTO interacts VALUES(16044523125, 1, 'Clearlove', 2043, 741622, 1);
INSERT INTO interacts VALUES(16044523125, 1, 'Clearlove', 3364, 742142, 1);
INSERT INTO interacts VALUES(16044523125, 1, 'Ryu', 3065, 751495, 1);
INSERT INTO interacts VALUES(16044523125, 1, 'Vander', 1028, 752482, 1);
INSERT INTO interacts VALUES(16044523125, 1, 'Vander', 2043, 753411, 1);
INSERT INTO interacts VALUES(16044523125, 1, 'Ryu', 3111, 753524, 1);
INSERT INTO interacts VALUES(16044523125, 1, 'Ryu', 2043, 757237, 1);
INSERT INTO interacts VALUES(16044523125, 1, 'FORG1VEN', 3057, 768364, 1);
INSERT INTO interacts VALUES(16044523125, 1, 'Clearlove', 2043, 821269, 1);
INSERT INTO interacts VALUES(16044523125, 1, 'Vander', 2010, 841324, 1);
INSERT INTO interacts VALUES(16044523125, 1, 'Vander', 2043, 841571, 1);
INSERT INTO interacts VALUES(16044523125, 1, 'Jankos', 3105, 891624, 1);
INSERT INTO interacts VALUES(16044523125, 1, 'Jankos', 2043, 895299, 1);
INSERT INTO interacts VALUES(16044523125, 1, 'Odoamne', 3136, 902007, 1);
INSERT INTO interacts VALUES(16044523125, 1, 'Odoamne', 3020, 906371, 1);
INSERT INTO interacts VALUES(16044523125, 1, 'Mouse', 3078, 911874, 1);
INSERT INTO interacts VALUES(16044523125, 1, 'Meiko', 2045, 912522, 1);
INSERT INTO interacts VALUES(16044523125, 1, 'Meiko', 1028, 913648, 1);
INSERT INTO interacts VALUES(16044523125, 1, 'Mouse', 1036, 913666, 1);
INSERT INTO interacts VALUES(16044523125, 1, 'Mouse', 2043, 914086, 1);
INSERT INTO interacts VALUES(16044523125, 1, 'Deft', 1042, 917243, 1);
INSERT INTO interacts VALUES(16044523125, 1, 'Deft', 2015, 918087, 1);
INSERT INTO interacts VALUES(16044523125, 1, 'Deft', 1051, 920404, 1);
INSERT INTO interacts VALUES(16044523125, 1, 'Deft', 3363, 923734, 1);
INSERT INTO interacts VALUES(16044523125, 1, 'Deft', 2043, 924060, 1);
INSERT INTO interacts VALUES(16044523125, 1, 'Scout', 3020, 930438, 1);
INSERT INTO interacts VALUES(16044523125, 1, 'Scout', 1058, 932624, 1);
INSERT INTO interacts VALUES(16044523125, 1, 'Mouse', 1036, 991875, 1);
INSERT INTO interacts VALUES(16044523125, 1, 'Ryu', 3145, 1019910, 1);
INSERT INTO interacts VALUES(16044523125, 1, 'Ryu', 3067, 1020562, 1);
INSERT INTO interacts VALUES(16044523125, 1, 'Ryu', 2043, 1021342, 1);
INSERT INTO interacts VALUES(16044523125, 1, 'Jankos', 1028, 1021538, 1);
INSERT INTO interacts VALUES(16044523125, 1, 'Ryu', 2031, 1021602, 1);
INSERT INTO interacts VALUES(16044523125, 1, 'Vander', 2045, 1058909, 1);
INSERT INTO interacts VALUES(16044523125, 1, 'Scout', 3020, 1060355, 1);
INSERT INTO interacts VALUES(16044523125, 1, 'Vander', 3158, 1060471, 1);
INSERT INTO interacts VALUES(16044523125, 1, 'Deft', 3086, 1060471, 1);
INSERT INTO interacts VALUES(16044523125, 1, 'Deft', 1042, 1061246, 1);
INSERT INTO interacts VALUES(16044523125, 1, 'Vander', 2043, 1061396, 1);
INSERT INTO interacts VALUES(16044523125, 1, 'Deft', 2043, 1061866, 1);
INSERT INTO interacts VALUES(16044523125, 1, 'Scout', 3363, 1062487, 1);
INSERT INTO interacts VALUES(16044523125, 1, 'Meiko', 3067, 1063298, 1);
INSERT INTO interacts VALUES(16044523125, 1, 'Meiko', 2043, 1063561, 1);
INSERT INTO interacts VALUES(16044523125, 1, 'Clearlove', 3174, 1065359, 1);
INSERT INTO interacts VALUES(16044523125, 1, 'Clearlove', 1028, 1066885, 1);
INSERT INTO interacts VALUES(16044523125, 1, 'FORG1VEN', 3025, 1088423, 1);
INSERT INTO interacts VALUES(16044523125, 1, 'FORG1VEN', 3363, 1089826, 1);
INSERT INTO interacts VALUES(16044523125, 1, 'Odoamne', 1026, 1108897, 1);
INSERT INTO interacts VALUES(16044523125, 1, 'Jankos', 3111, 1143542, 1);
INSERT INTO interacts VALUES(16044523125, 1, 'Mouse', 3134, 1166655, 1);
INSERT INTO interacts VALUES(16044523125, 1, 'Mouse', 1036, 1166975, 1);
INSERT INTO interacts VALUES(16044523125, 1, 'Ryu', 3152, 1208757, 1);
INSERT INTO interacts VALUES(16044523125, 1, 'Ryu', 1028, 1209827, 1);
INSERT INTO interacts VALUES(16044523125, 1, 'Deft', 3094, 1220100, 1);
INSERT INTO interacts VALUES(16044523125, 1, 'Jankos', 3067, 1263037, 1);
INSERT INTO interacts VALUES(16044523125, 1, 'Vander', 1033, 1264143, 1);
INSERT INTO interacts VALUES(16044523125, 1, 'Vander', 2043, 1264792, 1);
INSERT INTO interacts VALUES(16044523125, 1, 'Jankos', 2043, 1268572, 1);
INSERT INTO interacts VALUES(16044523125, 1, 'Odoamne', 3151, 1277624, 1);
INSERT INTO interacts VALUES(16044523125, 1, 'Odoamne', 1052, 1278929, 1);
INSERT INTO interacts VALUES(16044523125, 1, 'Mouse', 3133, 1294315, 1);
INSERT INTO interacts VALUES(16044523125, 1, 'FORG1VEN', 3158, 1295483, 1);
INSERT INTO interacts VALUES(16044523125, 1, 'Mouse', 2043, 1295544, 1);
INSERT INTO interacts VALUES(16044523125, 1, 'Meiko', 3401, 1296480, 1);
INSERT INTO interacts VALUES(16044523125, 1, 'FORG1VEN', 1036, 1297108, 1);
INSERT INTO interacts VALUES(16044523125, 1, 'Meiko', 2031, 1299447, 0);
INSERT INTO interacts VALUES(16044523125, 1, 'Meiko', 2043, 1300117, 1);
INSERT INTO interacts VALUES(16044523125, 1, 'Scout', 1056, 1313710, 0);
INSERT INTO interacts VALUES(16044523125, 1, 'Scout', 3116, 1314566, 1);
INSERT INTO interacts VALUES(16044523125, 1, 'Scout', 2043, 1315665, 1);
INSERT INTO interacts VALUES(16044523125, 1, 'Clearlove', 1058, 1340138, 1);
INSERT INTO interacts VALUES(16044523125, 1, 'Clearlove', 2031, 1341573, 0);
INSERT INTO interacts VALUES(16044523125, 1, 'Clearlove', 2043, 1342788, 1);
INSERT INTO interacts VALUES(16044523125, 1, 'Jankos', 3190, 1416861, 1);
INSERT INTO interacts VALUES(16044523125, 1, 'Jankos', 1029, 1418587, 1);
INSERT INTO interacts VALUES(16044523125, 1, 'Jankos', 2043, 1419539, 1);
INSERT INTO interacts VALUES(16044523125, 1, 'Odoamne', 3108, 1431289, 1);
INSERT INTO interacts VALUES(16044523125, 1, 'Vander', 2010, 1444171, 0);
INSERT INTO interacts VALUES(16044523125, 1, 'Vander', 3067, 1445300, 1);
INSERT INTO interacts VALUES(16044523125, 1, 'Vander', 2043, 1446164, 1);
INSERT INTO interacts VALUES(16044523125, 1, 'Vander', 3364, 1447121, 1);
INSERT INTO interacts VALUES(16044523125, 1, 'Odoamne', 3157, 1449200, 1);
INSERT INTO interacts VALUES(16044523125, 1, 'Meiko', 3364, 1457415, 1);
INSERT INTO interacts VALUES(16044523125, 1, 'Meiko', 2043, 1457710, 1);
INSERT INTO interacts VALUES(16044523125, 1, 'Meiko', 1033, 1458751, 1);
INSERT INTO interacts VALUES(16044523125, 1, 'Ryu', 1058, 1468986, 1);
INSERT INTO interacts VALUES(16044523125, 1, 'Ryu', 3364, 1473035, 1);
INSERT INTO interacts VALUES(16044523125, 1, 'Scout', 2010, 1484166, 0);
INSERT INTO interacts VALUES(16044523125, 1, 'Scout', 2043, 1486170, 1);
INSERT INTO interacts VALUES(16044523125, 1, 'Scout', 2043, 1486244, 1);
INSERT INTO interacts VALUES(16044523125, 1, 'Scout', 1026, 1487350, 1);
INSERT INTO interacts VALUES(16044523125, 1, 'Mouse', 3142, 1491367, 1);
INSERT INTO interacts VALUES(16044523125, 1, 'Mouse', 1033, 1492877, 1);
INSERT INTO interacts VALUES(16044523125, 1, 'Mouse', 2043, 1493334, 1);
INSERT INTO interacts VALUES(16044523125, 1, 'Deft', 1038, 1494432, 1);
INSERT INTO interacts VALUES(16044523125, 1, 'Deft', 3155, 1498068, 1);
INSERT INTO interacts VALUES(16044523125, 1, 'Clearlove', 3116, 1498906, 1);
INSERT INTO interacts VALUES(16044523125, 1, 'Deft', 2043, 1499077, 1);
INSERT INTO interacts VALUES(16044523125, 1, 'Vander', 2043, 1538689, 1);
INSERT INTO interacts VALUES(16044523125, 1, 'Vander', 2043, 1538818, 1);
INSERT INTO interacts VALUES(16044523125, 1, 'Meiko', 3801, 1627580, 1);
INSERT INTO interacts VALUES(16044523125, 1, 'Meiko', 2043, 1628084, 1);
INSERT INTO interacts VALUES(16044523125, 1, 'Meiko', 2043, 1628346, 1);
INSERT INTO interacts VALUES(16044523125, 1, 'Mouse', 3111, 1650377, 1);
INSERT INTO interacts VALUES(16044523125, 1, 'Mouse', 3211, 1654727, 1);
INSERT INTO interacts VALUES(16044523125, 1, 'FORG1VEN', 3155, 1658949, 1);
INSERT INTO interacts VALUES(16044523125, 1, 'FORG1VEN', 3144, 1660738, 1);
INSERT INTO interacts VALUES(16044523125, 1, 'Deft', 3134, 1672209, 1);
INSERT INTO interacts VALUES(16044523125, 1, 'Deft', 2043, 1675298, 1);
INSERT INTO interacts VALUES(16044523125, 1, 'Scout', 1052, 1685955, 1);
INSERT INTO interacts VALUES(16044523125, 1, 'Vander', 2043, 1694908, 1);
INSERT INTO interacts VALUES(16044523125, 1, 'Odoamne', 2031, 1709587, 0);
INSERT INTO interacts VALUES(16044523125, 1, 'Odoamne', 1026, 1710176, 1);
INSERT INTO interacts VALUES(16044523125, 1, 'Odoamne', 1052, 1710596, 1);
INSERT INTO interacts VALUES(16044523125, 1, 'Jankos', 3082, 1716811, 1);
INSERT INTO interacts VALUES(16044523125, 1, 'Jankos', 2031, 1718762, 0);
INSERT INTO interacts VALUES(16044523125, 1, 'Clearlove', 1052, 1720454, 1);
INSERT INTO interacts VALUES(16044523125, 1, 'Jankos', 1011, 1720551, 1);
INSERT INTO interacts VALUES(16044523125, 1, 'Clearlove', 1026, 1721199, 1);
INSERT INTO interacts VALUES(16044523125, 1, 'Jankos', 2043, 1724292, 1);
INSERT INTO interacts VALUES(16044523125, 1, 'Ryu', 3116, 1776204, 1);
INSERT INTO interacts VALUES(16044523125, 1, 'Ryu', 2043, 1777113, 1);
INSERT INTO interacts VALUES(16044523125, 1, 'Scout', 3135, 1777601, 1);
INSERT INTO interacts VALUES(16044523125, 1, 'Scout', 2010, 1778452, 1);
INSERT INTO interacts VALUES(16044523125, 1, 'Meiko', 3105, 1790570, 1);
INSERT INTO interacts VALUES(16044523125, 1, 'Meiko', 2043, 1791548, 1);
INSERT INTO interacts VALUES(16044523125, 1, 'Vander', 3105, 1799813, 1);
INSERT INTO interacts VALUES(16044523125, 1, 'Vander', 2043, 1800813, 1);
INSERT INTO interacts VALUES(16044523125, 1, 'Deft', 3156, 1819236, 1);
INSERT INTO interacts VALUES(16044523125, 1, 'Vander', 3190, 1862632, 1);
INSERT INTO interacts VALUES(16044523125, 1, 'Vander', 2010, 1864760, 1);
INSERT INTO interacts VALUES(16044523125, 1, 'Mouse', 3065, 1870166, 1);
INSERT INTO interacts VALUES(16044523125, 1, 'Jankos', 2043, 1873734, 1);
INSERT INTO interacts VALUES(16044523125, 1, 'Meiko', 3190, 1908667, 1);
INSERT INTO interacts VALUES(16044523125, 1, 'Meiko', 2043, 1909151, 1);
INSERT INTO interacts VALUES(16044523125, 1, 'Meiko', 1029, 1910359, 1);
INSERT INTO interacts VALUES(16044523125, 1, 'Scout', 1057, 1910458, 1);
INSERT INTO interacts VALUES(16044523125, 1, 'Scout', 2139, 1911410, 1);
INSERT INTO interacts VALUES(16044523125, 1, 'Clearlove', 3135, 1915893, 1);
INSERT INTO interacts VALUES(16044523125, 1, 'Clearlove', 2043, 1917387, 1);
INSERT INTO interacts VALUES(16044523125, 1, 'FORG1VEN', 3153, 1924938, 1);
INSERT INTO interacts VALUES(16044523125, 1, 'Odoamne', 3135, 1940930, 1);
INSERT INTO interacts VALUES(16044523125, 1, 'Jankos', 3143, 1945723, 1);
INSERT INTO interacts VALUES(16044523125, 1, 'Vander', 1033, 2011962, 1);
INSERT INTO interacts VALUES(16044523125, 1, 'Jankos', 1029, 2034778, 1);
INSERT INTO interacts VALUES(16044523125, 1, 'Ryu', 1026, 2053471, 1);
INSERT INTO interacts VALUES(16044523125, 1, 'Mouse', 3026, 2115548, 1);
INSERT INTO interacts VALUES(16044523125, 1, 'Mouse', 2033, 2117421, 0);
INSERT INTO interacts VALUES(16044523125, 1, 'Mouse', 1011, 2123307, 1);
INSERT INTO interacts VALUES(16044523125, 1, 'Jankos', 2043, 2127522, 0);
INSERT INTO interacts VALUES(16044523125, 1, 'Jankos', 1031, 2128466, 1);
INSERT INTO interacts VALUES(16044523125, 1, 'Vander', 3028, 2134036, 1);
INSERT INTO interacts VALUES(16044523125, 1, 'Vander', 2043, 2135338, 1);
INSERT INTO interacts VALUES(16044523125, 1, 'Meiko', 3024, 2141459, 1);
INSERT INTO interacts VALUES(16044523125, 1, 'Meiko', 3082, 2142497, 1);
INSERT INTO interacts VALUES(16044523125, 1, 'Odoamne', 1054, 2144359, 0);
INSERT INTO interacts VALUES(16044523125, 1, 'Odoamne', 1058, 2145498, 1);
INSERT INTO interacts VALUES(16044523125, 1, 'Deft', 1038, 2146277, 1);
INSERT INTO interacts VALUES(16044523125, 1, 'Deft', 1037, 2148197, 1);
INSERT INTO interacts VALUES(16044523125, 1, 'Scout', 1056, 2149595, 0);
INSERT INTO interacts VALUES(16044523125, 1, 'Deft', 2140, 2150247, 1);
INSERT INTO interacts VALUES(16044523125, 1, 'Scout', 1058, 2152313, 1);
INSERT INTO interacts VALUES(16044523125, 1, 'Scout', 2139, 2153995, 1);
INSERT INTO interacts VALUES(16044523125, 1, 'Clearlove', 3136, 2170224, 1);
INSERT INTO interacts VALUES(16044523125, 1, 'Clearlove', 2139, 2171307, 1);
INSERT INTO interacts VALUES(16044523125, 1, 'FORG1VEN', 1055, 2177377, 0);
INSERT INTO interacts VALUES(16044523125, 1, 'Vander', 2043, 2177927, 1);
INSERT INTO interacts VALUES(16044523125, 1, 'FORG1VEN', 3134, 2178414, 1);
INSERT INTO interacts VALUES(16044523125, 1, 'Jankos', 1033, 2201718, 1);
INSERT INTO interacts VALUES(16044523125, 1, 'FORG1VEN', 3156, 2264223, 1);
INSERT INTO series VALUES(752315842437, 1);
INSERT INTO organizes VALUES('world_championship_2016', 752315842437, 'group_a - ANX-vs-G2');
INSERT INTO competes VALUES(752315842437, 'ANX', 1);
INSERT INTO competes VALUES(752315842437, 'G2', 0);
INSERT INTO matches VALUES(752315842437, 1, '2016-10-02');
INSERT INTO scores VALUES('ANX', 752315842437, 1, 1, 9, 0, 2, 4, 1);
INSERT INTO scores VALUES('G2', 752315842437, 1, 0, 3, 0, 0, 1, 0);
INSERT INTO bans VALUES(752315842437, 1, 15, 1);
INSERT INTO bans VALUES(752315842437, 1, 2, 3);
INSERT INTO bans VALUES(752315842437, 1, 85, 5);
INSERT INTO bans VALUES(752315842437, 1, 76, 2);
INSERT INTO bans VALUES(752315842437, 1, 134, 4);
INSERT INTO bans VALUES(752315842437, 1, 126, 6);
INSERT INTO plays VALUES(752315842437, 1, 'Smurf', 78, 'top', 1, 0, 6, 19815, 21, 8, 331, 7, 4, 15683);
INSERT INTO plays VALUES(752315842437, 1, 'PvPStejos', 60, 'jungle', 1, 2, 8, 10948, 29, 23, 47, 89, 19, 14600);
INSERT INTO plays VALUES(752315842437, 1, 'Kira', 34, 'mid', 2, 2, 5, 22606, 29, 5, 273, 25, 4, 15578);
INSERT INTO plays VALUES(752315842437, 1, 'aMiracle', 236, 'adc', 3, 0, 4, 15033, 9, 13, 374, 19, 1, 17180);
INSERT INTO plays VALUES(752315842437, 1, 'Likkrit', 63, 'support', 3, 1, 4, 22257, 51, 19, 24, 1, 7, 12736);
INSERT INTO plays VALUES(752315842437, 1, 'Expect', 48, 'top', 2, 2, 0, 11615, 21, 4, 342, 7, 3, 14274);
INSERT INTO plays VALUES(752315842437, 1, 'Trick', 64, 'jungle', 0, 3, 4, 8215, 42, 8, 23, 109, 12, 11838);
INSERT INTO plays VALUES(752315842437, 1, 'Perkz', 61, 'mid', 3, 4, 1, 22556, 15, 2, 329, 26, 1, 14209);
INSERT INTO plays VALUES(752315842437, 1, 'Zven', 81, 'adc', 0, 1, 2, 28247, 15, 9, 357, 7, 0, 13969);
INSERT INTO plays VALUES(752315842437, 1, 'mithy', 43, 'support', 0, 0, 4, 7671, 67, 19, 34, 0, 0, 9212);
INSERT INTO interacts VALUES(752315842437, 1, 'Trick', 1041, 1484, 1);
INSERT INTO interacts VALUES(752315842437, 1, 'Trick', 2031, 1742, 1);
INSERT INTO interacts VALUES(752315842437, 1, 'Trick', 3340, 1967, 1);
INSERT INTO interacts VALUES(752315842437, 1, 'Zven', 2003, 1967, 1);
INSERT INTO interacts VALUES(752315842437, 1, 'Perkz', 1056, 2193, 1);
INSERT INTO interacts VALUES(752315842437, 1, 'Zven', 1055, 2226, 1);
INSERT INTO interacts VALUES(752315842437, 1, 'PvPStejos', 1039, 2290, 1);
INSERT INTO interacts VALUES(752315842437, 1, 'Perkz', 2010, 2589, 1);
INSERT INTO interacts VALUES(752315842437, 1, 'Smurf', 2033, 2646, 1);
INSERT INTO interacts VALUES(752315842437, 1, 'PvPStejos', 3340, 2744, 1);
INSERT INTO interacts VALUES(752315842437, 1, 'Perkz', 2010, 2777, 1);
INSERT INTO interacts VALUES(752315842437, 1, 'Smurf', 3340, 2938, 1);
INSERT INTO interacts VALUES(752315842437, 1, 'Likkrit', 3303, 3035, 1);
INSERT INTO interacts VALUES(752315842437, 1, 'Perkz', 3340, 3067, 1);
INSERT INTO interacts VALUES(752315842437, 1, 'mithy', 3303, 3166, 1);
INSERT INTO interacts VALUES(752315842437, 1, 'Zven', 3340, 3491, 1);
INSERT INTO interacts VALUES(752315842437, 1, 'Likkrit', 2031, 3491, 1);
INSERT INTO interacts VALUES(752315842437, 1, 'mithy', 2010, 3627, 1);
INSERT INTO interacts VALUES(752315842437, 1, 'Kira', 1056, 3627, 1);
INSERT INTO interacts VALUES(752315842437, 1, 'mithy', 2010, 3717, 1);
INSERT INTO interacts VALUES(752315842437, 1, 'Kira', 2003, 3846, 1);
INSERT INTO interacts VALUES(752315842437, 1, 'mithy', 2010, 3846, 1);
INSERT INTO interacts VALUES(752315842437, 1, 'PvPStejos', 2031, 3912, 1);
INSERT INTO interacts VALUES(752315842437, 1, 'Kira', 2003, 3977, 1);
INSERT INTO interacts VALUES(752315842437, 1, 'Likkrit', 3340, 4009, 1);
INSERT INTO interacts VALUES(752315842437, 1, 'aMiracle', 1055, 4146, 1);
INSERT INTO interacts VALUES(752315842437, 1, 'mithy', 3340, 4234, 1);
INSERT INTO interacts VALUES(752315842437, 1, 'Kira', 3340, 4234, 1);
INSERT INTO interacts VALUES(752315842437, 1, 'Expect', 2033, 4364, 1);
INSERT INTO interacts VALUES(752315842437, 1, 'aMiracle', 2010, 4364, 1);
INSERT INTO interacts VALUES(752315842437, 1, 'Expect', 3340, 4557, 1);
INSERT INTO interacts VALUES(752315842437, 1, 'aMiracle', 3340, 4557, 1);
INSERT INTO interacts VALUES(752315842437, 1, 'Perkz', 1056, 211055, 1);
INSERT INTO interacts VALUES(752315842437, 1, 'Perkz', 2043, 212350, 1);
INSERT INTO interacts VALUES(752315842437, 1, 'Perkz', 2010, 212578, 1);
INSERT INTO interacts VALUES(752315842437, 1, 'Trick', 1036, 285214, 1);
INSERT INTO interacts VALUES(752315842437, 1, 'Trick', 1036, 285341, 1);
INSERT INTO interacts VALUES(752315842437, 1, 'Perkz', 1001, 287676, 1);
INSERT INTO interacts VALUES(752315842437, 1, 'Trick', 1006, 288364, 1);
INSERT INTO interacts VALUES(752315842437, 1, 'Trick', 2043, 289235, 1);
INSERT INTO interacts VALUES(752315842437, 1, 'Perkz', 2010, 296758, 1);
INSERT INTO interacts VALUES(752315842437, 1, 'Kira', 3070, 309759, 1);
INSERT INTO interacts VALUES(752315842437, 1, 'Kira', 1001, 310190, 1);
INSERT INTO interacts VALUES(752315842437, 1, 'Kira', 2003, 311284, 0);
INSERT INTO interacts VALUES(752315842437, 1, 'Kira', 2031, 312687, 1);
INSERT INTO interacts VALUES(752315842437, 1, 'Kira', 2043, 313056, 1);
INSERT INTO interacts VALUES(752315842437, 1, 'Kira', 2043, 313173, 1);
INSERT INTO interacts VALUES(752315842437, 1, 'Likkrit', 3098, 339834, 1);
INSERT INTO interacts VALUES(752315842437, 1, 'Likkrit', 2043, 340225, 1);
INSERT INTO interacts VALUES(752315842437, 1, 'PvPStejos', 3711, 345087, 1);
INSERT INTO interacts VALUES(752315842437, 1, 'PvPStejos', 1052, 347199, 1);
INSERT INTO interacts VALUES(752315842437, 1, 'Smurf', 3751, 347980, 1);
INSERT INTO interacts VALUES(752315842437, 1, 'Smurf', 2043, 351645, 1);
INSERT INTO interacts VALUES(752315842437, 1, 'PvPStejos', 2043, 353590, 1);
INSERT INTO interacts VALUES(752315842437, 1, 'Expect', 3077, 353590, 1);
INSERT INTO interacts VALUES(752315842437, 1, 'Expect', 1001, 354869, 1);
INSERT INTO interacts VALUES(752315842437, 1, 'Expect', 2043, 355346, 1);
INSERT INTO interacts VALUES(752315842437, 1, 'mithy', 2049, 360484, 1);
INSERT INTO interacts VALUES(752315842437, 1, 'mithy', 3341, 361817, 1);
INSERT INTO interacts VALUES(752315842437, 1, 'aMiracle', 3134, 398104, 1);
INSERT INTO interacts VALUES(752315842437, 1, 'aMiracle', 1001, 398948, 1);
INSERT INTO interacts VALUES(752315842437, 1, 'aMiracle', 1036, 399401, 1);
INSERT INTO interacts VALUES(752315842437, 1, 'aMiracle', 2010, 401321, 1);
INSERT INTO interacts VALUES(752315842437, 1, 'aMiracle', 2010, 401484, 1);
INSERT INTO interacts VALUES(752315842437, 1, 'Perkz', 1033, 428735, 1);
INSERT INTO interacts VALUES(752315842437, 1, 'Perkz', 2043, 430258, 1);
INSERT INTO interacts VALUES(752315842437, 1, 'Zven', 3070, 433340, 1);
INSERT INTO interacts VALUES(752315842437, 1, 'Zven', 3057, 434020, 1);
INSERT INTO interacts VALUES(752315842437, 1, 'Zven', 2003, 435026, 1);
INSERT INTO interacts VALUES(752315842437, 1, 'Zven', 2003, 435131, 1);
INSERT INTO interacts VALUES(752315842437, 1, 'Zven', 2043, 437136, 1);
INSERT INTO interacts VALUES(752315842437, 1, 'Likkrit', 1001, 440876, 1);
INSERT INTO interacts VALUES(752315842437, 1, 'Trick', 3077, 493797, 1);
INSERT INTO interacts VALUES(752315842437, 1, 'Trick', 3711, 495137, 1);
INSERT INTO interacts VALUES(752315842437, 1, 'Kira', 1028, 539251, 1);
INSERT INTO interacts VALUES(752315842437, 1, 'Kira', 1026, 540218, 1);
INSERT INTO interacts VALUES(752315842437, 1, 'PvPStejos', 1410, 565119, 1);
INSERT INTO interacts VALUES(752315842437, 1, 'PvPStejos', 2043, 569377, 1);
INSERT INTO interacts VALUES(752315842437, 1, 'Smurf', 1031, 622607, 1);
INSERT INTO interacts VALUES(752315842437, 1, 'Smurf', 1001, 627475, 1);
INSERT INTO interacts VALUES(752315842437, 1, 'Smurf', 1029, 632009, 1);
INSERT INTO interacts VALUES(752315842437, 1, 'mithy', 1001, 641544, 1);
INSERT INTO interacts VALUES(752315842437, 1, 'Expect', 3047, 642392, 1);
INSERT INTO interacts VALUES(752315842437, 1, 'mithy', 2043, 642746, 1);
INSERT INTO interacts VALUES(752315842437, 1, 'mithy', 2043, 642908, 1);
INSERT INTO interacts VALUES(752315842437, 1, 'mithy', 2031, 643199, 1);
INSERT INTO interacts VALUES(752315842437, 1, 'Expect', 1036, 645212, 1);
INSERT INTO interacts VALUES(752315842437, 1, 'Expect', 2043, 646346, 1);
INSERT INTO interacts VALUES(752315842437, 1, 'PvPStejos', 1001, 652066, 1);
INSERT INTO interacts VALUES(752315842437, 1, 'Trick', 1001, 663766, 1);
INSERT INTO interacts VALUES(752315842437, 1, 'Trick', 1028, 664936, 1);
INSERT INTO interacts VALUES(752315842437, 1, 'Perkz', 3802, 665619, 1);
INSERT INTO interacts VALUES(752315842437, 1, 'Perkz', 3111, 666789, 1);
INSERT INTO interacts VALUES(752315842437, 1, 'Perkz', 2043, 668242, 1);
INSERT INTO interacts VALUES(752315842437, 1, 'Kira', 3010, 684416, 1);
INSERT INTO interacts VALUES(752315842437, 1, 'Kira', 2031, 685666, 0);
INSERT INTO interacts VALUES(752315842437, 1, 'Kira', 2043, 686249, 1);
INSERT INTO interacts VALUES(752315842437, 1, 'Zven', 1037, 699159, 1);
INSERT INTO interacts VALUES(752315842437, 1, 'Zven', 1001, 700014, 1);
INSERT INTO interacts VALUES(752315842437, 1, 'Zven', 2003, 701070, 1);
INSERT INTO interacts VALUES(752315842437, 1, 'Zven', 2003, 701168, 1);
INSERT INTO interacts VALUES(752315842437, 1, 'Likkrit', 2049, 707899, 1);
INSERT INTO interacts VALUES(752315842437, 1, 'Likkrit', 3341, 709115, 1);
INSERT INTO interacts VALUES(752315842437, 1, 'Likkrit', 2043, 709381, 1);
INSERT INTO interacts VALUES(752315842437, 1, 'aMiracle', 3142, 711412, 1);
INSERT INTO interacts VALUES(752315842437, 1, 'mithy', 2043, 731299, 1);
INSERT INTO interacts VALUES(752315842437, 1, 'PvPStejos', 1028, 738863, 1);
INSERT INTO interacts VALUES(752315842437, 1, 'PvPStejos', 3341, 740844, 1);
INSERT INTO interacts VALUES(752315842437, 1, 'PvPStejos', 2043, 743344, 1);
INSERT INTO interacts VALUES(752315842437, 1, 'Kira', 3027, 750062, 1);
INSERT INTO interacts VALUES(752315842437, 1, 'Kira', 2043, 752602, 1);
INSERT INTO interacts VALUES(752315842437, 1, 'Trick', 3751, 817535, 1);
INSERT INTO interacts VALUES(752315842437, 1, 'Trick', 2043, 818248, 1);
INSERT INTO interacts VALUES(752315842437, 1, 'Expect', 1028, 846339, 1);
INSERT INTO interacts VALUES(752315842437, 1, 'Expect', 1053, 847849, 1);
INSERT INTO interacts VALUES(752315842437, 1, 'Smurf', 3068, 853491, 1);
INSERT INTO interacts VALUES(752315842437, 1, 'Smurf', 2043, 856260, 1);
INSERT INTO interacts VALUES(752315842437, 1, 'PvPStejos', 1011, 857948, 1);
INSERT INTO interacts VALUES(752315842437, 1, 'PvPStejos', 3364, 859869, 1);
INSERT INTO interacts VALUES(752315842437, 1, 'Zven', 3004, 884609, 1);
INSERT INTO interacts VALUES(752315842437, 1, 'mithy', 3117, 888220, 1);
INSERT INTO interacts VALUES(752315842437, 1, 'Zven', 1029, 888317, 1);
INSERT INTO interacts VALUES(752315842437, 1, 'Zven', 2003, 889031, 1);
INSERT INTO interacts VALUES(752315842437, 1, 'Likkrit', 3020, 922705, 1);
INSERT INTO interacts VALUES(752315842437, 1, 'aMiracle', 3006, 932121, 1);
INSERT INTO interacts VALUES(752315842437, 1, 'aMiracle', 1036, 933987, 1);
INSERT INTO interacts VALUES(752315842437, 1, 'aMiracle', 1036, 934170, 1);
INSERT INTO interacts VALUES(752315842437, 1, 'aMiracle', 3363, 936277, 1);
INSERT INTO interacts VALUES(752315842437, 1, 'aMiracle', 2010, 936895, 1);
INSERT INTO interacts VALUES(752315842437, 1, 'Trick', 1409, 950834, 1);
INSERT INTO interacts VALUES(752315842437, 1, 'Perkz', 3165, 962294, 1);
INSERT INTO interacts VALUES(752315842437, 1, 'Perkz', 3363, 962911, 1);
INSERT INTO interacts VALUES(752315842437, 1, 'mithy', 1028, 965287, 1);
INSERT INTO interacts VALUES(752315842437, 1, 'Zven', 3158, 974251, 1);
INSERT INTO interacts VALUES(752315842437, 1, 'Expect', 3074, 1000042, 1);
INSERT INTO interacts VALUES(752315842437, 1, 'Smurf', 3047, 1005607, 1);
INSERT INTO interacts VALUES(752315842437, 1, 'Smurf', 3067, 1007130, 1);
INSERT INTO interacts VALUES(752315842437, 1, 'Kira', 3020, 1007358, 1);
INSERT INTO interacts VALUES(752315842437, 1, 'Kira', 3802, 1010570, 1);
INSERT INTO interacts VALUES(752315842437, 1, 'Kira', 2043, 1014464, 1);
INSERT INTO interacts VALUES(752315842437, 1, 'PvPStejos', 3047, 1019002, 1);
INSERT INTO interacts VALUES(752315842437, 1, 'PvPStejos', 2043, 1020609, 1);
INSERT INTO interacts VALUES(752315842437, 1, 'Likkrit', 2301, 1023241, 1);
INSERT INTO interacts VALUES(752315842437, 1, 'Likkrit', 2043, 1024053, 1);
INSERT INTO interacts VALUES(752315842437, 1, 'Trick', 3111, 1044107, 1);
INSERT INTO interacts VALUES(752315842437, 1, 'mithy', 2045, 1051970, 1);
INSERT INTO interacts VALUES(752315842437, 1, 'aMiracle', 3133, 1058397, 1);
INSERT INTO interacts VALUES(752315842437, 1, 'aMiracle', 1036, 1059724, 1);
INSERT INTO interacts VALUES(752315842437, 1, 'PvPStejos', 1052, 1087616, 1);
INSERT INTO interacts VALUES(752315842437, 1, 'Trick', 1029, 1126725, 1);
INSERT INTO interacts VALUES(752315842437, 1, 'mithy', 2043, 1127213, 1);
INSERT INTO interacts VALUES(752315842437, 1, 'mithy', 2043, 1127345, 1);
INSERT INTO interacts VALUES(752315842437, 1, 'Likkrit', 1028, 1137965, 1);
INSERT INTO interacts VALUES(752315842437, 1, 'Likkrit', 2043, 1138779, 1);
INSERT INTO interacts VALUES(752315842437, 1, 'Perkz', 1058, 1147578, 1);
INSERT INTO interacts VALUES(752315842437, 1, 'aMiracle', 1028, 1178799, 1);
INSERT INTO interacts VALUES(752315842437, 1, 'Smurf', 1033, 1185128, 1);
INSERT INTO interacts VALUES(752315842437, 1, 'Expect', 3211, 1202413, 1);
INSERT INTO interacts VALUES(752315842437, 1, 'Expect', 3067, 1205547, 1);
INSERT INTO interacts VALUES(752315842437, 1, 'Trick', 1028, 1209604, 1);
INSERT INTO interacts VALUES(752315842437, 1, 'Trick', 2031, 1212177, 0);
INSERT INTO interacts VALUES(752315842437, 1, 'Trick', 2043, 1212470, 1);
INSERT INTO interacts VALUES(752315842437, 1, 'Zven', 3025, 1214062, 1);
INSERT INTO interacts VALUES(752315842437, 1, 'Zven', 2043, 1216814, 1);
INSERT INTO interacts VALUES(752315842437, 1, 'Smurf', 3211, 1235623, 1);
INSERT INTO interacts VALUES(752315842437, 1, 'Kira', 3108, 1304950, 1);
INSERT INTO interacts VALUES(752315842437, 1, 'mithy', 3364, 1328057, 1);
INSERT INTO interacts VALUES(752315842437, 1, 'PvPStejos', 1058, 1328154, 1);
INSERT INTO interacts VALUES(752315842437, 1, 'mithy', 3067, 1331047, 1);
INSERT INTO interacts VALUES(752315842437, 1, 'Kira', 1056, 1331047, 0);
INSERT INTO interacts VALUES(752315842437, 1, 'mithy', 2043, 1331851, 1);
INSERT INTO interacts VALUES(752315842437, 1, 'Likkrit', 1011, 1340402, 1);
INSERT INTO interacts VALUES(752315842437, 1, 'Likkrit', 3364, 1341294, 1);
INSERT INTO interacts VALUES(752315842437, 1, 'Likkrit', 2043, 1341763, 1);
INSERT INTO interacts VALUES(752315842437, 1, 'Kira', 3165, 1344888, 1);
INSERT INTO interacts VALUES(752315842437, 1, 'Trick', 1011, 1348057, 1);
INSERT INTO interacts VALUES(752315842437, 1, 'Expect', 3065, 1360397, 1);
INSERT INTO interacts VALUES(752315842437, 1, 'Expect', 2043, 1361991, 1);
INSERT INTO interacts VALUES(752315842437, 1, 'Smurf', 3065, 1370035, 1);
INSERT INTO interacts VALUES(752315842437, 1, 'PvPStejos', 3116, 1432930, 1);
INSERT INTO interacts VALUES(752315842437, 1, 'Perkz', 3116, 1433740, 1);
INSERT INTO interacts VALUES(752315842437, 1, 'Kira', 2043, 1440490, 1);
INSERT INTO interacts VALUES(752315842437, 1, 'Kira', 2043, 1440622, 1);
INSERT INTO interacts VALUES(752315842437, 1, 'Perkz', 2043, 1442935, 1);
INSERT INTO interacts VALUES(752315842437, 1, 'mithy', 2043, 1459106, 1);
INSERT INTO interacts VALUES(752315842437, 1, 'mithy', 2043, 1459232, 1);
INSERT INTO interacts VALUES(752315842437, 1, 'Trick', 2043, 1467243, 0);
INSERT INTO interacts VALUES(752315842437, 1, 'Trick', 1033, 1468440, 1);
INSERT INTO interacts VALUES(752315842437, 1, 'Likkrit', 1058, 1483602, 1);
INSERT INTO interacts VALUES(752315842437, 1, 'Expect', 1029, 1500458, 1);
INSERT INTO interacts VALUES(752315842437, 1, 'Zven', 2003, 1500720, 0);
INSERT INTO interacts VALUES(752315842437, 1, 'aMiracle', 3071, 1500820, 1);
INSERT INTO interacts VALUES(752315842437, 1, 'Zven', 3144, 1501476, 1);
INSERT INTO interacts VALUES(752315842437, 1, 'Zven', 3363, 1503154, 1);
INSERT INTO interacts VALUES(752315842437, 1, 'aMiracle', 3086, 1503154, 1);
INSERT INTO interacts VALUES(752315842437, 1, 'PvPStejos', 1057, 1506715, 1);
INSERT INTO interacts VALUES(752315842437, 1, 'Smurf', 3057, 1507665, 1);
INSERT INTO interacts VALUES(752315842437, 1, 'PvPStejos', 2043, 1508510, 1);
INSERT INTO interacts VALUES(752315842437, 1, 'Trick', 3155, 1512138, 1);
INSERT INTO interacts VALUES(752315842437, 1, 'Smurf', 3024, 1582003, 1);
INSERT INTO interacts VALUES(752315842437, 1, 'Expect', 3024, 1604056, 1);
INSERT INTO interacts VALUES(752315842437, 1, 'Expect', 1029, 1604753, 1);
INSERT INTO interacts VALUES(752315842437, 1, 'Expect', 1027, 1609640, 1);
INSERT INTO interacts VALUES(752315842437, 1, 'Trick', 3082, 1651368, 1);
INSERT INTO interacts VALUES(752315842437, 1, 'mithy', 2031, 1680656, 0);
INSERT INTO interacts VALUES(752315842437, 1, 'Perkz', 2043, 1682737, 0);
INSERT INTO interacts VALUES(752315842437, 1, 'Perkz', 1058, 1683548, 1);
INSERT INTO interacts VALUES(752315842437, 1, 'mithy', 3801, 1684418, 1);
INSERT INTO interacts VALUES(752315842437, 1, 'mithy', 2043, 1685758, 1);
INSERT INTO interacts VALUES(752315842437, 1, 'Zven', 1043, 1685825, 1);
INSERT INTO interacts VALUES(752315842437, 1, 'Likkrit', 3116, 1718560, 1);
INSERT INTO interacts VALUES(752315842437, 1, 'Likkrit', 1052, 1720673, 1);
INSERT INTO interacts VALUES(752315842437, 1, 'Likkrit', 2043, 1721321, 1);
INSERT INTO interacts VALUES(752315842437, 1, 'Likkrit', 2043, 1721485, 1);
INSERT INTO interacts VALUES(752315842437, 1, 'PvPStejos', 1057, 1724439, 0);
INSERT INTO interacts VALUES(752315842437, 1, 'Smurf', 3025, 1724826, 1);
INSERT INTO interacts VALUES(752315842437, 1, 'PvPStejos', 3105, 1725800, 1);
INSERT INTO interacts VALUES(752315842437, 1, 'PvPStejos', 1028, 1726875, 1);
INSERT INTO interacts VALUES(752315842437, 1, 'Smurf', 1057, 1726906, 1);
INSERT INTO interacts VALUES(752315842437, 1, 'Expect', 3057, 1728584, 1);
INSERT INTO interacts VALUES(752315842437, 1, 'aMiracle', 3094, 1731518, 1);
INSERT INTO interacts VALUES(752315842437, 1, 'Kira', 3135, 1734610, 1);
INSERT INTO interacts VALUES(752315842437, 1, 'mithy', 3105, 1813830, 1);
INSERT INTO interacts VALUES(752315842437, 1, 'mithy', 2043, 1814684, 1);
INSERT INTO interacts VALUES(752315842437, 1, 'Zven', 3153, 1845178, 1);
INSERT INTO interacts VALUES(752315842437, 1, 'Zven', 2043, 1847158, 1);
INSERT INTO interacts VALUES(752315842437, 1, 'Expect', 3025, 1847545, 1);
INSERT INTO interacts VALUES(752315842437, 1, 'Expect', 2043, 1850558, 1);
INSERT INTO interacts VALUES(752315842437, 1, 'PvPStejos', 3190, 1851051, 1);
INSERT INTO interacts VALUES(752315842437, 1, 'Likkrit', 2043, 1851861, 1);
INSERT INTO interacts VALUES(752315842437, 1, 'aMiracle', 3123, 1857862, 1);
INSERT INTO interacts VALUES(752315842437, 1, 'mithy', 3190, 1875231, 1);
INSERT INTO interacts VALUES(752315842437, 1, 'mithy', 2043, 1876697, 1);
INSERT INTO interacts VALUES(752315842437, 1, 'mithy', 1004, 1879682, 1);
INSERT INTO interacts VALUES(752315842437, 1, 'Trick', 3143, 1880464, 1);
INSERT INTO interacts VALUES(752315842437, 1, 'Trick', 2043, 1881272, 1);
INSERT INTO interacts VALUES(752315842437, 1, 'Trick', 2043, 1881436, 1);
INSERT INTO interacts VALUES(752315842437, 1, 'PvPStejos', 1026, 1955547, 1);
INSERT INTO interacts VALUES(752315842437, 1, 'Kira', 1058, 1962886, 1);
INSERT INTO interacts VALUES(752315842437, 1, 'aMiracle', 1055, 1963576, 0);
INSERT INTO interacts VALUES(752315842437, 1, 'aMiracle', 1038, 1964042, 1);
INSERT INTO interacts VALUES(752315842437, 1, 'Expect', 1057, 1973562, 1);
INSERT INTO interacts VALUES(752315842437, 1, 'Expect', 2033, 1974677, 0);
INSERT INTO interacts VALUES(752315842437, 1, 'Expect', 1031, 1976335, 1);
INSERT INTO interacts VALUES(752315842437, 1, 'mithy', 3098, 1978569, 1);
INSERT INTO interacts VALUES(752315842437, 1, 'mithy', 2043, 1979346, 1);
INSERT INTO interacts VALUES(752315842437, 1, 'mithy', 2043, 1979480, 1);
INSERT INTO interacts VALUES(752315842437, 1, 'Zven', 1037, 1996396, 1);
INSERT INTO interacts VALUES(752315842437, 1, 'Smurf', 3026, 1998997, 1);
INSERT INTO interacts VALUES(752315842437, 1, 'Trick', 2043, 2000913, 0);
INSERT INTO interacts VALUES(752315842437, 1, 'Trick', 1057, 2003485, 1);
INSERT INTO interacts VALUES(752315842437, 1, 'Zven', 3035, 2073452, 1);
INSERT INTO interacts VALUES(752315842437, 1, 'Kira', 3003, 2105282, 1);
INSERT INTO interacts VALUES(752315842437, 1, 'PvPStejos', 2031, 2113930, 0);
INSERT INTO interacts VALUES(752315842437, 1, 'PvPStejos', 1031, 2116508, 1);
INSERT INTO interacts VALUES(752315842437, 1, 'Likkrit', 3135, 2123911, 1);
INSERT INTO interacts VALUES(752315842437, 1, 'Likkrit', 2043, 2124596, 1);
INSERT INTO interacts VALUES(752315842437, 1, 'Likkrit', 2043, 2124775, 1);
INSERT INTO interacts VALUES(752315842437, 1, 'Likkrit', 2031, 2125729, 0);
INSERT INTO interacts VALUES(752315842437, 1, 'mithy', 2043, 2125894, 1);
INSERT INTO interacts VALUES(752315842437, 1, 'mithy', 2043, 2126025, 1);
INSERT INTO interacts VALUES(752315842437, 1, 'Smurf', 2033, 2126331, 0);
INSERT INTO interacts VALUES(752315842437, 1, 'Likkrit', 1028, 2126444, 1);
INSERT INTO interacts VALUES(752315842437, 1, 'Smurf', 1011, 2128296, 1);
INSERT INTO interacts VALUES(752315842437, 1, 'mithy', 1052, 2128329, 1);
INSERT INTO interacts VALUES(752315842437, 1, 'Perkz', 1056, 2136067, 0);
INSERT INTO interacts VALUES(752315842437, 1, 'Perkz', 3135, 2138037, 1);
INSERT INTO interacts VALUES(752315842437, 1, 'Kira', 2043, 2143602, 1);
INSERT INTO interacts VALUES(752315842437, 1, 'Kira', 2043, 2143788, 1);
INSERT INTO interacts VALUES(752315842437, 1, 'Trick', 2140, 2144089, 1);
INSERT INTO interacts VALUES(752315842437, 1, 'Expect', 3026, 2146656, 1);
INSERT INTO interacts VALUES(752315842437, 1, 'Likkrit', 2043, 2305822, 1);
INSERT INTO interacts VALUES(752315842437, 1, 'Likkrit', 2043, 2305984, 1);
INSERT INTO interacts VALUES(752315842437, 1, 'Expect', 1029, 2307841, 1);
INSERT INTO interacts VALUES(752315842437, 1, 'aMiracle', 3033, 2309995, 1);
INSERT INTO interacts VALUES(752315842437, 1, 'mithy', 3092, 2312583, 1);
INSERT INTO interacts VALUES(752315842437, 1, 'mithy', 2043, 2313701, 1);
INSERT INTO interacts VALUES(752315842437, 1, 'mithy', 2010, 2313993, 1);
INSERT INTO interacts VALUES(752315842437, 1, 'PvPStejos', 3026, 2316529, 1);
INSERT INTO interacts VALUES(752315842437, 1, 'Expect', 1028, 2343017, 1);
INSERT INTO interacts VALUES(752315842437, 1, 'Zven', 3036, 2385517, 1);
INSERT INTO series VALUES(209521368875, 1);
INSERT INTO organizes VALUES('world_championship_2016', 209521368875, 'group_a - CLG-vs-ROX');
INSERT INTO competes VALUES(209521368875, 'CLG', 1);
INSERT INTO competes VALUES(209521368875, 'ROX', 0);
INSERT INTO matches VALUES(209521368875, 1, '2016-10-02');
INSERT INTO scores VALUES('CLG', 209521368875, 1, 1, 10, 0, 1, 3, 1);
INSERT INTO scores VALUES('ROX', 209521368875, 1, 0, 1, 0, 0, 1, 0);
INSERT INTO bans VALUES(209521368875, 1, 68, 1);
INSERT INTO bans VALUES(209521368875, 1, 60, 3);
INSERT INTO bans VALUES(209521368875, 1, 85, 5);
INSERT INTO bans VALUES(209521368875, 1, 2, 2);
INSERT INTO bans VALUES(209521368875, 1, 134, 4);
INSERT INTO bans VALUES(209521368875, 1, 267, 6);
INSERT INTO plays VALUES(209521368875, 1, 'Darshan', 150, 'top', 3, 2, 8, 17544, 21, 5, 280, 4, 2, 14563);
INSERT INTO plays VALUES(209521368875, 1, 'Xmithie', 76, 'jungle', 0, 2, 13, 13855, 26, 25, 67, 108, 40, 14742);
INSERT INTO plays VALUES(209521368875, 1, 'Huhi', 136, 'mid', 11, 1, 6, 29820, 17, 8, 265, 12, 5, 16528);
INSERT INTO plays VALUES(209521368875, 1, 'Stixxay', 51, 'adc', 6, 2, 8, 24228, 17, 11, 331, 17, 3, 17017);
INSERT INTO plays VALUES(209521368875, 1, 'aphromoo', 12, 'support', 1, 1, 17, 6430, 48, 8, 26, 0, 0, 10374);
INSERT INTO plays VALUES(209521368875, 1, 'Smeb', 78, 'top', 0, 3, 6, 15707, 19, 6, 271, 6, 0, 12024);
INSERT INTO plays VALUES(209521368875, 1, 'Peanut', 421, 'jungle', 2, 3, 4, 9101, 23, 20, 39, 110, 5, 11440);
INSERT INTO plays VALUES(209521368875, 1, 'Kuro', 90, 'mid', 3, 3, 3, 19961, 21, 3, 252, 13, 1, 12159);
INSERT INTO plays VALUES(209521368875, 1, 'PraY', 81, 'adc', 3, 7, 3, 16774, 13, 2, 287, 7, 1, 13030);
INSERT INTO plays VALUES(209521368875, 1, 'GorillA', 43, 'support', 0, 5, 5, 5762, 68, 14, 18, 0, 0, 7474);
INSERT INTO interacts VALUES(209521368875, 1, 'Stixxay', 3340, 1091, 1);
INSERT INTO interacts VALUES(209521368875, 1, 'Stixxay', 2010, 1323, 1);
INSERT INTO interacts VALUES(209521368875, 1, 'GorillA', 3303, 1447, 1);
INSERT INTO interacts VALUES(209521368875, 1, 'aphromoo', 3340, 1480, 1);
INSERT INTO interacts VALUES(209521368875, 1, 'Stixxay', 1055, 1544, 1);
INSERT INTO interacts VALUES(209521368875, 1, 'Xmithie', 3340, 1608, 1);
INSERT INTO interacts VALUES(209521368875, 1, 'Huhi', 3340, 1803, 1);
INSERT INTO interacts VALUES(209521368875, 1, 'aphromoo', 3302, 1841, 1);
INSERT INTO interacts VALUES(209521368875, 1, 'GorillA', 2010, 1899, 1);
INSERT INTO interacts VALUES(209521368875, 1, 'GorillA', 2010, 1997, 1);
INSERT INTO interacts VALUES(209521368875, 1, 'Xmithie', 1039, 2030, 1);
INSERT INTO interacts VALUES(209521368875, 1, 'GorillA', 2010, 2101, 1);
INSERT INTO interacts VALUES(209521368875, 1, 'aphromoo', 2010, 2128, 1);
INSERT INTO interacts VALUES(209521368875, 1, 'PraY', 1055, 2160, 1);
INSERT INTO interacts VALUES(209521368875, 1, 'aphromoo', 2010, 2224, 1);
INSERT INTO interacts VALUES(209521368875, 1, 'Darshan', 3340, 2289, 1);
INSERT INTO interacts VALUES(209521368875, 1, 'aphromoo', 2010, 2386, 1);
INSERT INTO interacts VALUES(209521368875, 1, 'GorillA', 3340, 2516, 1);
INSERT INTO interacts VALUES(209521368875, 1, 'PraY', 2010, 2516, 1);
INSERT INTO interacts VALUES(209521368875, 1, 'Kuro', 1056, 2621, 1);
INSERT INTO interacts VALUES(209521368875, 1, 'Darshan', 2003, 2647, 1);
INSERT INTO interacts VALUES(209521368875, 1, 'Kuro', 2010, 2808, 1);
INSERT INTO interacts VALUES(209521368875, 1, 'Kuro', 2010, 2937, 1);
INSERT INTO interacts VALUES(209521368875, 1, 'Xmithie', 2031, 3101, 1);
INSERT INTO interacts VALUES(209521368875, 1, 'Kuro', 3340, 3140, 1);
INSERT INTO interacts VALUES(209521368875, 1, 'Darshan', 1055, 3294, 1);
INSERT INTO interacts VALUES(209521368875, 1, 'Huhi', 2033, 3488, 1);
INSERT INTO interacts VALUES(209521368875, 1, 'Peanut', 1041, 3714, 1);
INSERT INTO interacts VALUES(209521368875, 1, 'Peanut', 2031, 4913, 1);
INSERT INTO interacts VALUES(209521368875, 1, 'Peanut', 3340, 5757, 1);
INSERT INTO interacts VALUES(209521368875, 1, 'Smeb', 2033, 7345, 1);
INSERT INTO interacts VALUES(209521368875, 1, 'Smeb', 3340, 7574, 1);
INSERT INTO interacts VALUES(209521368875, 1, 'PraY', 2010, 136479, 1);
INSERT INTO interacts VALUES(209521368875, 1, 'GorillA', 2043, 158483, 1);
INSERT INTO interacts VALUES(209521368875, 1, 'GorillA', 2010, 158741, 1);
INSERT INTO interacts VALUES(209521368875, 1, 'Huhi', 1001, 204888, 1);
INSERT INTO interacts VALUES(209521368875, 1, 'Huhi', 1082, 206243, 1);
INSERT INTO interacts VALUES(209521368875, 1, 'Huhi', 2043, 207091, 1);
INSERT INTO interacts VALUES(209521368875, 1, 'Huhi', 3009, 314124, 1);
INSERT INTO interacts VALUES(209521368875, 1, 'Kuro', 3802, 332312, 1);
INSERT INTO interacts VALUES(209521368875, 1, 'Smeb', 3751, 333382, 1);
INSERT INTO interacts VALUES(209521368875, 1, 'Kuro', 2043, 333550, 1);
INSERT INTO interacts VALUES(209521368875, 1, 'Kuro', 2010, 333737, 1);
INSERT INTO interacts VALUES(209521368875, 1, 'Stixxay', 1038, 334454, 1);
INSERT INTO interacts VALUES(209521368875, 1, 'Smeb', 2043, 334454, 1);
INSERT INTO interacts VALUES(209521368875, 1, 'Stixxay', 2010, 335522, 1);
INSERT INTO interacts VALUES(209521368875, 1, 'Darshan', 3052, 342079, 1);
INSERT INTO interacts VALUES(209521368875, 1, 'aphromoo', 3117, 343018, 1);
INSERT INTO interacts VALUES(209521368875, 1, 'Darshan', 2043, 343051, 1);
INSERT INTO interacts VALUES(209521368875, 1, 'Darshan', 2003, 343418, 1);
INSERT INTO interacts VALUES(209521368875, 1, 'Darshan', 2003, 343570, 1);
INSERT INTO interacts VALUES(209521368875, 1, 'aphromoo', 2043, 343892, 1);
INSERT INTO interacts VALUES(209521368875, 1, 'aphromoo', 2010, 350380, 1);
INSERT INTO interacts VALUES(209521368875, 1, 'Huhi', 1028, 362429, 1);
INSERT INTO interacts VALUES(209521368875, 1, 'PraY', 3070, 366448, 1);
INSERT INTO interacts VALUES(209521368875, 1, 'GorillA', 1028, 367131, 1);
INSERT INTO interacts VALUES(209521368875, 1, 'GorillA', 2043, 368087, 1);
INSERT INTO interacts VALUES(209521368875, 1, 'PraY', 1083, 368431, 1);
INSERT INTO interacts VALUES(209521368875, 1, 'PraY', 2010, 370835, 1);
INSERT INTO interacts VALUES(209521368875, 1, 'PraY', 2010, 371097, 1);
INSERT INTO interacts VALUES(209521368875, 1, 'Xmithie', 3711, 391421, 1);
INSERT INTO interacts VALUES(209521368875, 1, 'Xmithie', 3113, 392039, 1);
INSERT INTO interacts VALUES(209521368875, 1, 'Xmithie', 2043, 393320, 1);
INSERT INTO interacts VALUES(209521368875, 1, 'Peanut', 3751, 422017, 1);
INSERT INTO interacts VALUES(209521368875, 1, 'Peanut', 1001, 423207, 1);
INSERT INTO interacts VALUES(209521368875, 1, 'Peanut', 2043, 423631, 1);
INSERT INTO interacts VALUES(209521368875, 1, 'GorillA', 2049, 564484, 1);
INSERT INTO interacts VALUES(209521368875, 1, 'GorillA', 3341, 564911, 1);
INSERT INTO interacts VALUES(209521368875, 1, 'GorillA', 1042, 565563, 1);
INSERT INTO interacts VALUES(209521368875, 1, 'GorillA', 1001, 567221, 1);
INSERT INTO interacts VALUES(209521368875, 1, 'PraY', 3057, 568131, 1);
INSERT INTO interacts VALUES(209521368875, 1, 'PraY', 2010, 570373, 1);
INSERT INTO interacts VALUES(209521368875, 1, 'GorillA', 2043, 576172, 1);
INSERT INTO interacts VALUES(209521368875, 1, 'Huhi', 3010, 579982, 1);
INSERT INTO interacts VALUES(209521368875, 1, 'Huhi', 1033, 583963, 1);
INSERT INTO interacts VALUES(209521368875, 1, 'Huhi', 1057, 584796, 1);
INSERT INTO interacts VALUES(209521368875, 1, 'Kuro', 3020, 591325, 1);
INSERT INTO interacts VALUES(209521368875, 1, 'Kuro', 2043, 592334, 1);
INSERT INTO interacts VALUES(209521368875, 1, 'Kuro', 2010, 592595, 1);
INSERT INTO interacts VALUES(209521368875, 1, 'aphromoo', 3341, 593176, 1);
INSERT INTO interacts VALUES(209521368875, 1, 'aphromoo', 2049, 593632, 1);
INSERT INTO interacts VALUES(209521368875, 1, 'Xmithie', 1410, 594212, 1);
INSERT INTO interacts VALUES(209521368875, 1, 'aphromoo', 2043, 594701, 1);
INSERT INTO interacts VALUES(209521368875, 1, 'aphromoo', 2010, 594996, 1);
INSERT INTO interacts VALUES(209521368875, 1, 'aphromoo', 2010, 595141, 1);
INSERT INTO interacts VALUES(209521368875, 1, 'Xmithie', 1001, 595226, 1);
INSERT INTO interacts VALUES(209521368875, 1, 'Xmithie', 2043, 596196, 1);
INSERT INTO interacts VALUES(209521368875, 1, 'Stixxay', 3006, 598565, 1);
INSERT INTO interacts VALUES(209521368875, 1, 'Stixxay', 1043, 599765, 1);
INSERT INTO interacts VALUES(209521368875, 1, 'Peanut', 1409, 641202, 1);
INSERT INTO interacts VALUES(209521368875, 1, 'Kuro', 1052, 660678, 1);
INSERT INTO interacts VALUES(209521368875, 1, 'Smeb', 3068, 704052, 1);
INSERT INTO interacts VALUES(209521368875, 1, 'Smeb', 2043, 708515, 1);
INSERT INTO interacts VALUES(209521368875, 1, 'aphromoo', 2043, 720229, 1);
INSERT INTO interacts VALUES(209521368875, 1, 'aphromoo', 1028, 722664, 1);
INSERT INTO interacts VALUES(209521368875, 1, 'Darshan', 3052, 730513, 1);
INSERT INTO interacts VALUES(209521368875, 1, 'Darshan', 3022, 732657, 1);
INSERT INTO interacts VALUES(209521368875, 1, 'Darshan', 1001, 734057, 1);
INSERT INTO interacts VALUES(209521368875, 1, 'Darshan', 2043, 735162, 1);
INSERT INTO interacts VALUES(209521368875, 1, 'Darshan', 2003, 735519, 1);
INSERT INTO interacts VALUES(209521368875, 1, 'Darshan', 2003, 735676, 1);
INSERT INTO interacts VALUES(209521368875, 1, 'GorillA', 2043, 753895, 1);
INSERT INTO interacts VALUES(209521368875, 1, 'PraY', 3158, 761737, 1);
INSERT INTO interacts VALUES(209521368875, 1, 'Stixxay', 3086, 832516, 1);
INSERT INTO interacts VALUES(209521368875, 1, 'GorillA', 3117, 842488, 1);
INSERT INTO interacts VALUES(209521368875, 1, 'GorillA', 2043, 843945, 1);
INSERT INTO interacts VALUES(209521368875, 1, 'GorillA', 2010, 844155, 1);
INSERT INTO interacts VALUES(209521368875, 1, 'Darshan', 1056, 850516, 1);
INSERT INTO interacts VALUES(209521368875, 1, 'Darshan', 1056, 852078, 1);
INSERT INTO interacts VALUES(209521368875, 1, 'Stixxay', 3363, 852500, 1);
INSERT INTO interacts VALUES(209521368875, 1, 'Darshan', 1028, 853541, 1);
INSERT INTO interacts VALUES(209521368875, 1, 'Xmithie', 1058, 853672, 1);
INSERT INTO interacts VALUES(209521368875, 1, 'Xmithie', 2043, 855136, 1);
INSERT INTO interacts VALUES(209521368875, 1, 'Xmithie', 3364, 855563, 1);
INSERT INTO interacts VALUES(209521368875, 1, 'Huhi', 3030, 857839, 1);
INSERT INTO interacts VALUES(209521368875, 1, 'Huhi', 2043, 859012, 1);
INSERT INTO interacts VALUES(209521368875, 1, 'aphromoo', 2045, 860899, 1);
INSERT INTO interacts VALUES(209521368875, 1, 'aphromoo', 2010, 861747, 1);
INSERT INTO interacts VALUES(209521368875, 1, 'aphromoo', 2043, 862041, 1);
INSERT INTO interacts VALUES(209521368875, 1, 'Huhi', 3363, 863728, 1);
INSERT INTO interacts VALUES(209521368875, 1, 'Peanut', 3211, 869511, 1);
INSERT INTO interacts VALUES(209521368875, 1, 'Kuro', 3108, 869913, 1);
INSERT INTO interacts VALUES(209521368875, 1, 'Kuro', 1052, 870125, 1);
INSERT INTO interacts VALUES(209521368875, 1, 'Peanut', 1028, 870742, 1);
INSERT INTO interacts VALUES(209521368875, 1, 'Peanut', 3364, 871586, 1);
INSERT INTO interacts VALUES(209521368875, 1, 'Smeb', 2043, 883391, 0);
INSERT INTO interacts VALUES(209521368875, 1, 'Smeb', 3047, 883813, 1);
INSERT INTO interacts VALUES(209521368875, 1, 'Huhi', 1028, 917593, 1);
INSERT INTO interacts VALUES(209521368875, 1, 'PraY', 3004, 922232, 1);
INSERT INTO interacts VALUES(209521368875, 1, 'PraY', 3363, 923044, 1);
INSERT INTO interacts VALUES(209521368875, 1, 'Kuro', 3165, 925494, 1);
INSERT INTO interacts VALUES(209521368875, 1, 'Kuro', 2043, 926369, 1);
INSERT INTO interacts VALUES(209521368875, 1, 'Kuro', 2010, 926559, 1);
INSERT INTO interacts VALUES(209521368875, 1, 'Darshan', 3044, 974786, 1);
INSERT INTO interacts VALUES(209521368875, 1, 'GorillA', 1028, 999566, 1);
INSERT INTO interacts VALUES(209521368875, 1, 'PraY', 2010, 1002617, 1);
INSERT INTO interacts VALUES(209521368875, 1, 'Darshan', 2043, 1009505, 1);
INSERT INTO interacts VALUES(209521368875, 1, 'Kuro', 1052, 1023055, 1);
INSERT INTO interacts VALUES(209521368875, 1, 'Smeb', 1033, 1027074, 1);
INSERT INTO interacts VALUES(209521368875, 1, 'Smeb', 1028, 1039852, 1);
INSERT INTO interacts VALUES(209521368875, 1, 'Huhi', 3102, 1042092, 1);
INSERT INTO interacts VALUES(209521368875, 1, 'Huhi', 1028, 1045339, 1);
INSERT INTO interacts VALUES(209521368875, 1, 'Stixxay', 3085, 1052793, 1);
INSERT INTO interacts VALUES(209521368875, 1, 'Stixxay', 1037, 1053945, 1);
INSERT INTO interacts VALUES(209521368875, 1, 'Stixxay', 2010, 1055148, 0);
INSERT INTO interacts VALUES(209521368875, 1, 'aphromoo', 3801, 1055600, 1);
INSERT INTO interacts VALUES(209521368875, 1, 'Stixxay', 2043, 1055827, 1);
INSERT INTO interacts VALUES(209521368875, 1, 'aphromoo', 2010, 1056843, 0);
INSERT INTO interacts VALUES(209521368875, 1, 'aphromoo', 2010, 1056969, 0);
INSERT INTO interacts VALUES(209521368875, 1, 'aphromoo', 1033, 1059116, 1);
INSERT INTO interacts VALUES(209521368875, 1, 'Peanut', 3082, 1075466, 1);
INSERT INTO interacts VALUES(209521368875, 1, 'Xmithie', 3116, 1076992, 1);
INSERT INTO interacts VALUES(209521368875, 1, 'Xmithie', 2043, 1078287, 1);
INSERT INTO interacts VALUES(209521368875, 1, 'Xmithie', 2043, 1078447, 1);
INSERT INTO interacts VALUES(209521368875, 1, 'Darshan', 3047, 1082016, 1);
INSERT INTO interacts VALUES(209521368875, 1, 'GorillA', 2045, 1170731, 1);
INSERT INTO interacts VALUES(209521368875, 1, 'GorillA', 2043, 1171268, 1);
INSERT INTO interacts VALUES(209521368875, 1, 'GorillA', 1004, 1173592, 1);
INSERT INTO interacts VALUES(209521368875, 1, 'GorillA', 2010, 1176480, 0);
INSERT INTO interacts VALUES(209521368875, 1, 'GorillA', 1028, 1177912, 1);
INSERT INTO interacts VALUES(209521368875, 1, 'Huhi', 1011, 1197448, 1);
INSERT INTO interacts VALUES(209521368875, 1, 'aphromoo', 3105, 1197787, 1);
INSERT INTO interacts VALUES(209521368875, 1, 'aphromoo', 2043, 1199429, 1);
INSERT INTO interacts VALUES(209521368875, 1, 'aphromoo', 2010, 1199658, 1);
INSERT INTO interacts VALUES(209521368875, 1, 'aphromoo', 2010, 1199788, 1);
INSERT INTO interacts VALUES(209521368875, 1, 'Darshan', 1033, 1202783, 1);
INSERT INTO interacts VALUES(209521368875, 1, 'Darshan', 2043, 1206654, 1);
INSERT INTO interacts VALUES(209521368875, 1, 'PraY', 3025, 1213200, 1);
INSERT INTO interacts VALUES(209521368875, 1, 'Stixxay', 3031, 1213987, 1);
INSERT INTO interacts VALUES(209521368875, 1, 'Stixxay', 2010, 1214867, 1);
INSERT INTO interacts VALUES(209521368875, 1, 'PraY', 2010, 1215680, 0);
INSERT INTO interacts VALUES(209521368875, 1, 'PraY', 1036, 1216359, 1);
INSERT INTO interacts VALUES(209521368875, 1, 'Smeb', 3211, 1226648, 1);
INSERT INTO interacts VALUES(209521368875, 1, 'Smeb', 3067, 1227197, 1);
INSERT INTO interacts VALUES(209521368875, 1, 'Smeb', 2043, 1230130, 1);
INSERT INTO interacts VALUES(209521368875, 1, 'Kuro', 1058, 1244504, 1);
INSERT INTO interacts VALUES(209521368875, 1, 'Kuro', 2010, 1247631, 0);
INSERT INTO interacts VALUES(209521368875, 1, 'Kuro', 2010, 1247950, 0);
INSERT INTO interacts VALUES(209521368875, 1, 'Kuro', 2043, 1249060, 1);
INSERT INTO interacts VALUES(209521368875, 1, 'GorillA', 2043, 1291713, 1);
INSERT INTO interacts VALUES(209521368875, 1, 'GorillA', 3364, 1292027, 1);
INSERT INTO interacts VALUES(209521368875, 1, 'GorillA', 1004, 1292205, 1);
INSERT INTO interacts VALUES(209521368875, 1, 'GorillA', 2031, 1293640, 1);
INSERT INTO interacts VALUES(209521368875, 1, 'Peanut', 3143, 1311873, 1);
INSERT INTO interacts VALUES(209521368875, 1, 'Xmithie', 3158, 1347763, 1);
INSERT INTO interacts VALUES(209521368875, 1, 'Darshan', 3140, 1364202, 1);
INSERT INTO interacts VALUES(209521368875, 1, 'Huhi', 3116, 1364264, 1);
INSERT INTO interacts VALUES(209521368875, 1, 'Xmithie', 3191, 1364264, 1);
INSERT INTO interacts VALUES(209521368875, 1, 'PraY', 1053, 1365179, 1);
INSERT INTO interacts VALUES(209521368875, 1, 'Xmithie', 2031, 1365702, 0);
INSERT INTO interacts VALUES(209521368875, 1, 'aphromoo', 3190, 1366450, 1);
INSERT INTO interacts VALUES(209521368875, 1, 'Darshan', 2043, 1367119, 1);
INSERT INTO interacts VALUES(209521368875, 1, 'aphromoo', 3364, 1368155, 1);
INSERT INTO interacts VALUES(209521368875, 1, 'Stixxay', 3035, 1368620, 1);
INSERT INTO interacts VALUES(209521368875, 1, 'aphromoo', 2043, 1371892, 1);
INSERT INTO interacts VALUES(209521368875, 1, 'Xmithie', 2031, 1375643, 0);
INSERT INTO interacts VALUES(209521368875, 1, 'GorillA', 3067, 1381743, 1);
INSERT INTO interacts VALUES(209521368875, 1, 'GorillA', 2043, 1382195, 1);
INSERT INTO interacts VALUES(209521368875, 1, 'Xmithie', 3140, 1382882, 1);
INSERT INTO interacts VALUES(209521368875, 1, 'Smeb', 3065, 1403041, 1);
INSERT INTO interacts VALUES(209521368875, 1, 'Smeb', 2043, 1404867, 1);
INSERT INTO interacts VALUES(209521368875, 1, 'Kuro', 1056, 1432545, 0);
INSERT INTO interacts VALUES(209521368875, 1, 'Kuro', 3116, 1433504, 1);
INSERT INTO interacts VALUES(209521368875, 1, 'Kuro', 2043, 1434382, 1);
INSERT INTO interacts VALUES(209521368875, 1, 'GorillA', 2043, 1441201, 1);
INSERT INTO interacts VALUES(209521368875, 1, 'Smeb', 1029, 1482135, 1);
INSERT INTO interacts VALUES(209521368875, 1, 'GorillA', 2031, 1530106, 0);
INSERT INTO interacts VALUES(209521368875, 1, 'GorillA', 1033, 1531670, 1);
INSERT INTO interacts VALUES(209521368875, 1, 'Stixxay', 3036, 1543423, 1);
INSERT INTO interacts VALUES(209521368875, 1, 'aphromoo', 1029, 1543588, 1);
INSERT INTO interacts VALUES(209521368875, 1, 'Stixxay', 2043, 1543799, 1);
INSERT INTO interacts VALUES(209521368875, 1, 'aphromoo', 2010, 1544839, 0);
INSERT INTO interacts VALUES(209521368875, 1, 'Smeb', 3024, 1544922, 1);
INSERT INTO interacts VALUES(209521368875, 1, 'aphromoo', 2010, 1544955, 0);
INSERT INTO interacts VALUES(209521368875, 1, 'aphromoo', 2043, 1545834, 1);
INSERT INTO interacts VALUES(209521368875, 1, 'aphromoo', 2043, 1545969, 1);
INSERT INTO interacts VALUES(209521368875, 1, 'Huhi', 2033, 1552225, 0);
INSERT INTO interacts VALUES(209521368875, 1, 'Huhi', 3136, 1554494, 1);
INSERT INTO interacts VALUES(209521368875, 1, 'PraY', 1083, 1559876, 0);
INSERT INTO interacts VALUES(209521368875, 1, 'PraY', 1043, 1561610, 1);
INSERT INTO interacts VALUES(209521368875, 1, 'Xmithie', 1058, 1582495, 1);
INSERT INTO interacts VALUES(209521368875, 1, 'Xmithie', 2043, 1583892, 1);
INSERT INTO interacts VALUES(209521368875, 1, 'Xmithie', 2043, 1584023, 1);
INSERT INTO interacts VALUES(209521368875, 1, 'Peanut', 3009, 1604490, 1);
INSERT INTO interacts VALUES(209521368875, 1, 'Peanut', 3067, 1606031, 1);
INSERT INTO interacts VALUES(209521368875, 1, 'Darshan', 3071, 1623635, 1);
INSERT INTO interacts VALUES(209521368875, 1, 'Darshan', 2003, 1624673, 1);
INSERT INTO interacts VALUES(209521368875, 1, 'GorillA', 2043, 1650390, 1);
INSERT INTO interacts VALUES(209521368875, 1, 'Kuro', 1052, 1656853, 1);
INSERT INTO interacts VALUES(209521368875, 1, 'Kuro', 1028, 1657987, 1);
INSERT INTO interacts VALUES(209521368875, 1, 'Kuro', 3363, 1658381, 1);
INSERT INTO interacts VALUES(209521368875, 1, 'Kuro', 2043, 1658700, 1);
INSERT INTO interacts VALUES(209521368875, 1, 'Smeb', 3057, 1737531, 1);
INSERT INTO interacts VALUES(209521368875, 1, 'Stixxay', 3140, 1750323, 1);
INSERT INTO interacts VALUES(209521368875, 1, 'PraY', 3153, 1773673, 1);
INSERT INTO interacts VALUES(209521368875, 1, 'PraY', 2043, 1777779, 1);
INSERT INTO interacts VALUES(209521368875, 1, 'aphromoo', 3024, 1789815, 1);
INSERT INTO interacts VALUES(209521368875, 1, 'aphromoo', 2043, 1790789, 1);
INSERT INTO interacts VALUES(209521368875, 1, 'GorillA', 3303, 1793231, 0);
INSERT INTO interacts VALUES(209521368875, 1, 'GorillA', 3801, 1794604, 1);
INSERT INTO interacts VALUES(209521368875, 1, 'Darshan', 1057, 1804903, 1);
INSERT INTO interacts VALUES(209521368875, 1, 'Darshan', 1055, 1805940, 0);
INSERT INTO interacts VALUES(209521368875, 1, 'Darshan', 1031, 1807017, 1);
INSERT INTO interacts VALUES(209521368875, 1, 'Smeb', 3025, 1807397, 1);
INSERT INTO interacts VALUES(209521368875, 1, 'Kuro', 3136, 1809993, 1);
INSERT INTO interacts VALUES(209521368875, 1, 'Peanut', 3065, 1840546, 1);
INSERT INTO interacts VALUES(209521368875, 1, 'Peanut', 1036, 1842242, 1);
INSERT INTO interacts VALUES(209521368875, 1, 'Huhi', 3151, 1843253, 1);
INSERT INTO interacts VALUES(209521368875, 1, 'GorillA', 3105, 1848336, 1);
INSERT INTO interacts VALUES(209521368875, 1, 'GorillA', 2043, 1848505, 1);
INSERT INTO interacts VALUES(209521368875, 1, 'GorillA', 2010, 1850410, 1);
INSERT INTO interacts VALUES(209521368875, 1, 'aphromoo', 2138, 1870465, 1);
INSERT INTO interacts VALUES(209521368875, 1, 'Xmithie', 3089, 1952105, 1);
INSERT INTO interacts VALUES(209521368875, 1, 'PraY', 1037, 1963179, 1);
INSERT INTO interacts VALUES(209521368875, 1, 'GorillA', 3190, 1968470, 1);
INSERT INTO interacts VALUES(209521368875, 1, 'GorillA', 2043, 1968937, 1);
INSERT INTO interacts VALUES(209521368875, 1, 'GorillA', 2043, 1969103, 1);
INSERT INTO interacts VALUES(209521368875, 1, 'Smeb', 1033, 1969722, 1);
INSERT INTO interacts VALUES(209521368875, 1, 'Darshan', 3026, 2011584, 1);
INSERT INTO interacts VALUES(209521368875, 1, 'Darshan', 1011, 2013609, 1);
INSERT INTO interacts VALUES(209521368875, 1, 'aphromoo', 3082, 2015138, 1);
INSERT INTO interacts VALUES(209521368875, 1, 'Stixxay', 1055, 2016408, 0);
INSERT INTO interacts VALUES(209521368875, 1, 'aphromoo', 3302, 2016576, 0);
INSERT INTO interacts VALUES(209521368875, 1, 'aphromoo', 2043, 2016898, 1);
INSERT INTO interacts VALUES(209521368875, 1, 'aphromoo', 2043, 2017060, 1);
INSERT INTO interacts VALUES(209521368875, 1, 'Stixxay', 3139, 2017447, 1);
INSERT INTO interacts VALUES(209521368875, 1, 'Stixxay', 2043, 2017905, 1);
INSERT INTO interacts VALUES(209521368875, 1, 'Peanut', 2031, 2018522, 0);
INSERT INTO interacts VALUES(209521368875, 1, 'Peanut', 1031, 2019823, 1);
INSERT INTO interacts VALUES(209521368875, 1, 'Huhi', 2139, 2025380, 1);
INSERT INTO interacts VALUES(209521368875, 1, 'Kuro', 1026, 2030357, 1);
INSERT INTO interacts VALUES(209521368875, 1, 'Kuro', 2043, 2031141, 1);
INSERT INTO interacts VALUES(209521368875, 1, 'GorillA', 2043, 2040654, 1);
INSERT INTO interacts VALUES(209521368875, 1, 'PraY', 3035, 2043553, 1);
INSERT INTO interacts VALUES(209521368875, 1, 'Smeb', 1057, 2059950, 1);
INSERT INTO interacts VALUES(209521368875, 1, 'Kuro', 3151, 2080142, 1);
INSERT INTO interacts VALUES(209521368875, 1, 'GorillA', 1029, 2109695, 1);
INSERT INTO series VALUES(17951026181, 1);
INSERT INTO organizes VALUES('world_championship_2016', 17951026181, 'group_b - SKT-vs-FW');
INSERT INTO competes VALUES(17951026181, 'SKT', 1);
INSERT INTO competes VALUES(17951026181, 'FW', 0);
INSERT INTO matches VALUES(17951026181, 1, '2016-10-02');
INSERT INTO scores VALUES('SKT', 17951026181, 1, 0, 3, 0, 0, 2, 0);
INSERT INTO scores VALUES('FW', 17951026181, 1, 1, 8, 0, 2, 2, 1);
INSERT INTO bans VALUES(17951026181, 1, 8, 1);
INSERT INTO bans VALUES(17951026181, 1, 150, 3);
INSERT INTO bans VALUES(17951026181, 1, 76, 5);
INSERT INTO bans VALUES(17951026181, 1, 81, 2);
INSERT INTO bans VALUES(17951026181, 1, 134, 4);
INSERT INTO bans VALUES(17951026181, 1, 48, 6);
INSERT INTO plays VALUES(17951026181, 1, 'Duke', 68, 'top', 1, 3, 1, 26603, 18, 4, 386, 16, 1, 15414);
INSERT INTO plays VALUES(17951026181, 1, 'Blank', 2, 'jungle', 0, 3, 2, 8435, 37, 33, 75, 95, 15, 12760);
INSERT INTO plays VALUES(17951026181, 1, 'Faker', 69, 'mid', 1, 5, 1, 11341, 22, 5, 344, 16, 2, 14855);
INSERT INTO plays VALUES(17951026181, 1, 'Bang', 15, 'adc', 0, 1, 3, 21627, 19, 16, 419, 31, 0, 16199);
INSERT INTO plays VALUES(17951026181, 1, 'Wolf', 43, 'support', 1, 3, 2, 6649, 54, 22, 27, 0, 0, 9261);
INSERT INTO plays VALUES(17951026181, 1, 'MMD', 78, 'top', 1, 0, 7, 10658, 23, 4, 304, 3, 3, 15682);
INSERT INTO plays VALUES(17951026181, 1, 'Karsa', 64, 'jungle', 5, 1, 5, 8497, 45, 28, 61, 101, 15, 15422);
INSERT INTO plays VALUES(17951026181, 1, 'Maple', 136, 'mid', 7, 1, 5, 24351, 25, 10, 352, 14, 4, 17971);
INSERT INTO plays VALUES(17951026181, 1, 'NL', 51, 'adc', 2, 2, 4, 17256, 16, 13, 394, 25, 5, 18402);
INSERT INTO plays VALUES(17951026181, 1, 'SwordArt', 12, 'support', 0, 0, 6, 2277, 66, 16, 44, 0, 0, 10636);
INSERT INTO interacts VALUES(17951026181, 1, 'SwordArt', 3340, 1562, 1);
INSERT INTO interacts VALUES(17951026181, 1, 'Duke', 1054, 1620, 1);
INSERT INTO interacts VALUES(17951026181, 1, 'Duke', 2003, 1820, 1);
INSERT INTO interacts VALUES(17951026181, 1, 'SwordArt', 2010, 1820, 1);
INSERT INTO interacts VALUES(17951026181, 1, 'SwordArt', 2010, 1975, 1);
INSERT INTO interacts VALUES(17951026181, 1, 'Duke', 3340, 2008, 1);
INSERT INTO interacts VALUES(17951026181, 1, 'Karsa', 1041, 2081, 1);
INSERT INTO interacts VALUES(17951026181, 1, 'SwordArt', 2010, 2137, 1);
INSERT INTO interacts VALUES(17951026181, 1, 'Karsa', 2031, 2234, 1);
INSERT INTO interacts VALUES(17951026181, 1, 'Faker', 1056, 2339, 1);
INSERT INTO interacts VALUES(17951026181, 1, 'SwordArt', 3302, 2367, 1);
INSERT INTO interacts VALUES(17951026181, 1, 'Karsa', 3340, 2462, 1);
INSERT INTO interacts VALUES(17951026181, 1, 'NL', 1055, 2462, 1);
INSERT INTO interacts VALUES(17951026181, 1, 'Faker', 2003, 2526, 1);
INSERT INTO interacts VALUES(17951026181, 1, 'Blank', 1039, 2558, 1);
INSERT INTO interacts VALUES(17951026181, 1, 'Faker', 2003, 2656, 1);
INSERT INTO interacts VALUES(17951026181, 1, 'NL', 2010, 2720, 1);
INSERT INTO interacts VALUES(17951026181, 1, 'MMD', 2033, 2720, 1);
INSERT INTO interacts VALUES(17951026181, 1, 'Blank', 3340, 2817, 1);
INSERT INTO interacts VALUES(17951026181, 1, 'Faker', 3340, 2817, 1);
INSERT INTO interacts VALUES(17951026181, 1, 'Maple', 2033, 2884, 1);
INSERT INTO interacts VALUES(17951026181, 1, 'MMD', 3340, 2914, 1);
INSERT INTO interacts VALUES(17951026181, 1, 'NL', 3340, 2946, 1);
INSERT INTO interacts VALUES(17951026181, 1, 'Maple', 3340, 3301, 1);
INSERT INTO interacts VALUES(17951026181, 1, 'Bang', 1055, 3817, 1);
INSERT INTO interacts VALUES(17951026181, 1, 'Blank', 2031, 4173, 1);
INSERT INTO interacts VALUES(17951026181, 1, 'Bang', 3340, 4302, 1);
INSERT INTO interacts VALUES(17951026181, 1, 'Wolf', 3303, 4530, 1);
INSERT INTO interacts VALUES(17951026181, 1, 'Bang', 2010, 4594, 1);
INSERT INTO interacts VALUES(17951026181, 1, 'Wolf', 2010, 4758, 1);
INSERT INTO interacts VALUES(17951026181, 1, 'Wolf', 2010, 4931, 1);
INSERT INTO interacts VALUES(17951026181, 1, 'Wolf', 2010, 5054, 1);
INSERT INTO interacts VALUES(17951026181, 1, 'Wolf', 3340, 5280, 1);
INSERT INTO interacts VALUES(17951026181, 1, 'Maple', 1056, 290035, 1);
INSERT INTO interacts VALUES(17951026181, 1, 'Maple', 1001, 291851, 1);
INSERT INTO interacts VALUES(17951026181, 1, 'Maple', 2043, 293153, 1);
INSERT INTO interacts VALUES(17951026181, 1, 'Blank', 3158, 329016, 1);
INSERT INTO interacts VALUES(17951026181, 1, 'Blank', 1028, 330936, 1);
INSERT INTO interacts VALUES(17951026181, 1, 'Faker', 3070, 334709, 1);
INSERT INTO interacts VALUES(17951026181, 1, 'Faker', 1052, 336662, 1);
INSERT INTO interacts VALUES(17951026181, 1, 'Faker', 2043, 337223, 1);
INSERT INTO interacts VALUES(17951026181, 1, 'Karsa', 3711, 356211, 1);
INSERT INTO interacts VALUES(17951026181, 1, 'Karsa', 1036, 356471, 1);
INSERT INTO interacts VALUES(17951026181, 1, 'Karsa', 2043, 357054, 1);
INSERT INTO interacts VALUES(17951026181, 1, 'NL', 1038, 357506, 1);
INSERT INTO interacts VALUES(17951026181, 1, 'Maple', 1028, 360360, 1);
INSERT INTO interacts VALUES(17951026181, 1, 'Wolf', 2049, 373988, 1);
INSERT INTO interacts VALUES(17951026181, 1, 'Wolf', 3341, 374835, 1);
INSERT INTO interacts VALUES(17951026181, 1, 'Bang', 1038, 375355, 1);
INSERT INTO interacts VALUES(17951026181, 1, 'Bang', 1001, 382952, 1);
INSERT INTO interacts VALUES(17951026181, 1, 'SwordArt', 3341, 383018, 1);
INSERT INTO interacts VALUES(17951026181, 1, 'SwordArt', 2049, 388704, 1);
INSERT INTO interacts VALUES(17951026181, 1, 'MMD', 3211, 417674, 1);
INSERT INTO interacts VALUES(17951026181, 1, 'Duke', 3020, 428935, 1);
INSERT INTO interacts VALUES(17951026181, 1, 'Duke', 1028, 430167, 1);
INSERT INTO interacts VALUES(17951026181, 1, 'Duke', 2043, 431721, 1);
INSERT INTO interacts VALUES(17951026181, 1, 'Duke', 2003, 432143, 1);
INSERT INTO interacts VALUES(17951026181, 1, 'Faker', 1052, 437398, 1);
INSERT INTO interacts VALUES(17951026181, 1, 'Maple', 3010, 450105, 1);
INSERT INTO interacts VALUES(17951026181, 1, 'Maple', 2043, 452374, 1);
INSERT INTO interacts VALUES(17951026181, 1, 'Karsa', 3133, 479622, 1);
INSERT INTO interacts VALUES(17951026181, 1, 'Karsa', 2043, 480555, 1);
INSERT INTO interacts VALUES(17951026181, 1, 'Blank', 2032, 486720, 1);
INSERT INTO interacts VALUES(17951026181, 1, 'Blank', 3711, 491359, 1);
INSERT INTO interacts VALUES(17951026181, 1, 'Blank', 3341, 492495, 1);
INSERT INTO interacts VALUES(17951026181, 1, 'Bang', 3006, 604089, 1);
INSERT INTO interacts VALUES(17951026181, 1, 'Bang', 1036, 605483, 1);
INSERT INTO interacts VALUES(17951026181, 1, 'Karsa', 1408, 606586, 1);
INSERT INTO interacts VALUES(17951026181, 1, 'Wolf', 1001, 606911, 1);
INSERT INTO interacts VALUES(17951026181, 1, 'Karsa', 2043, 607345, 1);
INSERT INTO interacts VALUES(17951026181, 1, 'Karsa', 2043, 607496, 1);
INSERT INTO interacts VALUES(17951026181, 1, 'Wolf', 2043, 607626, 1);
INSERT INTO interacts VALUES(17951026181, 1, 'Wolf', 2043, 607756, 1);
INSERT INTO interacts VALUES(17951026181, 1, 'Bang', 2043, 608509, 1);
INSERT INTO interacts VALUES(17951026181, 1, 'Blank', 3751, 625717, 1);
INSERT INTO interacts VALUES(17951026181, 1, 'Maple', 3020, 634036, 1);
INSERT INTO interacts VALUES(17951026181, 1, 'Maple', 2043, 635415, 1);
INSERT INTO interacts VALUES(17951026181, 1, 'NL', 3006, 639207, 1);
INSERT INTO interacts VALUES(17951026181, 1, 'SwordArt', 1001, 639402, 1);
INSERT INTO interacts VALUES(17951026181, 1, 'NL', 1042, 639855, 1);
INSERT INTO interacts VALUES(17951026181, 1, 'SwordArt', 2043, 641025, 1);
INSERT INTO interacts VALUES(17951026181, 1, 'SwordArt', 2010, 641744, 1);
INSERT INTO interacts VALUES(17951026181, 1, 'SwordArt', 2010, 642297, 1);
INSERT INTO interacts VALUES(17951026181, 1, 'NL', 2031, 642701, 1);
INSERT INTO interacts VALUES(17951026181, 1, 'NL', 2043, 643077, 1);
INSERT INTO interacts VALUES(17951026181, 1, 'Faker', 3108, 658394, 1);
INSERT INTO interacts VALUES(17951026181, 1, 'Faker', 3802, 660797, 1);
INSERT INTO interacts VALUES(17951026181, 1, 'Faker', 1052, 661543, 1);
INSERT INTO interacts VALUES(17951026181, 1, 'MMD', 3065, 730991, 1);
INSERT INTO interacts VALUES(17951026181, 1, 'MMD', 1001, 732583, 1);
INSERT INTO interacts VALUES(17951026181, 1, 'Faker', 2043, 740227, 1);
INSERT INTO interacts VALUES(17951026181, 1, 'Maple', 3145, 740963, 1);
INSERT INTO interacts VALUES(17951026181, 1, 'Karsa', 1001, 747676, 1);
INSERT INTO interacts VALUES(17951026181, 1, 'Karsa', 3158, 748687, 1);
INSERT INTO interacts VALUES(17951026181, 1, 'Karsa', 2043, 749056, 1);
INSERT INTO interacts VALUES(17951026181, 1, 'Duke', 3136, 756379, 1);
INSERT INTO interacts VALUES(17951026181, 1, 'Duke', 1052, 756705, 1);
INSERT INTO interacts VALUES(17951026181, 1, 'Duke', 2043, 757969, 1);
INSERT INTO interacts VALUES(17951026181, 1, 'Duke', 2031, 758199, 1);
INSERT INTO interacts VALUES(17951026181, 1, 'Bang', 3133, 783894, 1);
INSERT INTO interacts VALUES(17951026181, 1, 'NL', 1043, 787341, 1);
INSERT INTO interacts VALUES(17951026181, 1, 'Wolf', 3158, 787538, 1);
INSERT INTO interacts VALUES(17951026181, 1, 'Bang', 2043, 787701, 1);
INSERT INTO interacts VALUES(17951026181, 1, 'Wolf', 1028, 788643, 1);
INSERT INTO interacts VALUES(17951026181, 1, 'Wolf', 2043, 789424, 1);
INSERT INTO interacts VALUES(17951026181, 1, 'Bang', 2010, 790825, 1);
INSERT INTO interacts VALUES(17951026181, 1, 'SwordArt', 3009, 797258, 1);
INSERT INTO interacts VALUES(17951026181, 1, 'SwordArt', 2010, 798074, 1);
INSERT INTO interacts VALUES(17951026181, 1, 'Blank', 1409, 804770, 1);
INSERT INTO interacts VALUES(17951026181, 1, 'Blank', 3364, 813207, 1);
INSERT INTO interacts VALUES(17951026181, 1, 'Blank', 1028, 814671, 1);
INSERT INTO interacts VALUES(17951026181, 1, 'Bang', 3363, 872237, 1);
INSERT INTO interacts VALUES(17951026181, 1, 'Bang', 2010, 879257, 1);
INSERT INTO interacts VALUES(17951026181, 1, 'MMD', 3009, 893323, 1);
INSERT INTO interacts VALUES(17951026181, 1, 'Karsa', 3155, 893644, 1);
INSERT INTO interacts VALUES(17951026181, 1, 'Karsa', 1036, 894300, 1);
INSERT INTO interacts VALUES(17951026181, 1, 'MMD', 1027, 895143, 1);
INSERT INTO interacts VALUES(17951026181, 1, 'MMD', 1029, 897719, 1);
INSERT INTO interacts VALUES(17951026181, 1, 'Faker', 3165, 938280, 1);
INSERT INTO interacts VALUES(17951026181, 1, 'Faker', 1028, 943016, 1);
INSERT INTO interacts VALUES(17951026181, 1, 'Faker', 1052, 944220, 1);
INSERT INTO interacts VALUES(17951026181, 1, 'Faker', 2043, 945778, 1);
INSERT INTO interacts VALUES(17951026181, 1, 'Faker', 3363, 946391, 1);
INSERT INTO interacts VALUES(17951026181, 1, 'Bang', 3508, 950407, 1);
INSERT INTO interacts VALUES(17951026181, 1, 'Maple', 3030, 956458, 1);
INSERT INTO interacts VALUES(17951026181, 1, 'Maple', 1033, 958208, 1);
INSERT INTO interacts VALUES(17951026181, 1, 'Duke', 3151, 985944, 1);
INSERT INTO interacts VALUES(17951026181, 1, 'Blank', 1011, 1014197, 1);
INSERT INTO interacts VALUES(17951026181, 1, 'Blank', 1029, 1015328, 1);
INSERT INTO interacts VALUES(17951026181, 1, 'Blank', 2043, 1016460, 1);
INSERT INTO interacts VALUES(17951026181, 1, 'Blank', 2043, 1016557, 1);
INSERT INTO interacts VALUES(17951026181, 1, 'Wolf', 2045, 1024013, 1);
INSERT INTO interacts VALUES(17951026181, 1, 'Wolf', 2043, 1024793, 1);
INSERT INTO interacts VALUES(17951026181, 1, 'NL', 3085, 1030141, 1);
INSERT INTO interacts VALUES(17951026181, 1, 'NL', 3363, 1031306, 1);
INSERT INTO interacts VALUES(17951026181, 1, 'NL', 2043, 1031740, 1);
INSERT INTO interacts VALUES(17951026181, 1, 'SwordArt', 2045, 1032279, 1);
INSERT INTO interacts VALUES(17951026181, 1, 'Wolf', 1052, 1033088, 1);
INSERT INTO interacts VALUES(17951026181, 1, 'SwordArt', 2043, 1033217, 1);
INSERT INTO interacts VALUES(17951026181, 1, 'Karsa', 3134, 1038411, 1);
INSERT INTO interacts VALUES(17951026181, 1, 'Karsa', 2043, 1039351, 1);
INSERT INTO interacts VALUES(17951026181, 1, 'Karsa', 2043, 1039483, 1);
INSERT INTO interacts VALUES(17951026181, 1, 'Bang', 1037, 1086758, 1);
INSERT INTO interacts VALUES(17951026181, 1, 'MMD', 3057, 1127547, 1);
INSERT INTO interacts VALUES(17951026181, 1, 'MMD', 1027, 1128788, 1);
INSERT INTO interacts VALUES(17951026181, 1, 'MMD', 3024, 1130277, 1);
INSERT INTO interacts VALUES(17951026181, 1, 'Faker', 1058, 1172683, 1);
INSERT INTO interacts VALUES(17951026181, 1, 'Duke', 1026, 1184405, 1);
INSERT INTO interacts VALUES(17951026181, 1, 'Maple', 1058, 1194469, 1);
INSERT INTO interacts VALUES(17951026181, 1, 'Blank', 3082, 1197001, 1);
INSERT INTO interacts VALUES(17951026181, 1, 'Blank', 2043, 1198460, 1);
INSERT INTO interacts VALUES(17951026181, 1, 'Blank', 2043, 1198588, 1);
INSERT INTO interacts VALUES(17951026181, 1, 'Wolf', 3113, 1201948, 1);
INSERT INTO interacts VALUES(17951026181, 1, 'Bang', 1018, 1202302, 1);
INSERT INTO interacts VALUES(17951026181, 1, 'Wolf', 2043, 1203115, 1);
INSERT INTO interacts VALUES(17951026181, 1, 'SwordArt', 3801, 1207725, 1);
INSERT INTO interacts VALUES(17951026181, 1, 'SwordArt', 3364, 1208141, 1);
INSERT INTO interacts VALUES(17951026181, 1, 'SwordArt', 2043, 1208763, 1);
INSERT INTO interacts VALUES(17951026181, 1, 'NL', 1037, 1217036, 1);
INSERT INTO interacts VALUES(17951026181, 1, 'Karsa', 3156, 1242553, 1);
INSERT INTO interacts VALUES(17951026181, 1, 'MMD', 3025, 1252268, 1);
INSERT INTO interacts VALUES(17951026181, 1, 'MMD', 2043, 1252875, 1);
INSERT INTO interacts VALUES(17951026181, 1, 'Maple', 3211, 1320420, 1);
INSERT INTO interacts VALUES(17951026181, 1, 'MMD', 2043, 1325743, 1);
INSERT INTO interacts VALUES(17951026181, 1, 'MMD', 1028, 1330800, 1);
INSERT INTO interacts VALUES(17951026181, 1, 'NL', 3031, 1346391, 1);
INSERT INTO interacts VALUES(17951026181, 1, 'NL', 2043, 1348239, 1);
INSERT INTO interacts VALUES(17951026181, 1, 'Blank', 3143, 1354401, 1);
INSERT INTO interacts VALUES(17951026181, 1, 'SwordArt', 2010, 1356284, 0);
INSERT INTO interacts VALUES(17951026181, 1, 'Faker', 3116, 1356511, 1);
INSERT INTO interacts VALUES(17951026181, 1, 'SwordArt', 1033, 1356740, 1);
INSERT INTO interacts VALUES(17951026181, 1, 'SwordArt', 2043, 1357748, 1);
INSERT INTO interacts VALUES(17951026181, 1, 'SwordArt', 2043, 1358759, 1);
INSERT INTO interacts VALUES(17951026181, 1, 'Duke', 3135, 1372443, 1);
INSERT INTO interacts VALUES(17951026181, 1, 'Karsa', 1028, 1373163, 1);
INSERT INTO interacts VALUES(17951026181, 1, 'Wolf', 3364, 1373422, 1);
INSERT INTO interacts VALUES(17951026181, 1, 'Karsa', 1029, 1373456, 1);
INSERT INTO interacts VALUES(17951026181, 1, 'Wolf', 2043, 1373650, 1);
INSERT INTO interacts VALUES(17951026181, 1, 'Wolf', 2043, 1373749, 1);
INSERT INTO interacts VALUES(17951026181, 1, 'Duke', 1052, 1373879, 1);
INSERT INTO interacts VALUES(17951026181, 1, 'Karsa', 2031, 1374171, 0);
INSERT INTO interacts VALUES(17951026181, 1, 'Karsa', 2043, 1375235, 1);
INSERT INTO interacts VALUES(17951026181, 1, 'Wolf', 1004, 1375463, 1);
INSERT INTO interacts VALUES(17951026181, 1, 'SwordArt', 3105, 1486631, 1);
INSERT INTO interacts VALUES(17951026181, 1, 'SwordArt', 2043, 1487589, 1);
INSERT INTO interacts VALUES(17951026181, 1, 'SwordArt', 2010, 1488373, 1);
INSERT INTO interacts VALUES(17951026181, 1, 'Wolf', 3114, 1505121, 1);
INSERT INTO interacts VALUES(17951026181, 1, 'Wolf', 2043, 1506515, 1);
INSERT INTO interacts VALUES(17951026181, 1, 'Maple', 2033, 1507166, 0);
INSERT INTO interacts VALUES(17951026181, 1, 'Blank', 1057, 1507590, 1);
INSERT INTO interacts VALUES(17951026181, 1, 'Maple', 1011, 1509246, 1);
INSERT INTO interacts VALUES(17951026181, 1, 'Duke', 3191, 1510878, 1);
INSERT INTO interacts VALUES(17951026181, 1, 'Faker', 1026, 1516002, 1);
INSERT INTO interacts VALUES(17951026181, 1, 'Faker', 2043, 1517074, 1);
INSERT INTO interacts VALUES(17951026181, 1, 'Karsa', 1011, 1519749, 1);
INSERT INTO interacts VALUES(17951026181, 1, 'Karsa', 3364, 1522009, 1);
INSERT INTO interacts VALUES(17951026181, 1, 'MMD', 1011, 1522624, 1);
INSERT INTO interacts VALUES(17951026181, 1, 'Bang', 3031, 1528341, 1);
INSERT INTO interacts VALUES(17951026181, 1, 'Bang', 2043, 1529372, 1);
INSERT INTO interacts VALUES(17951026181, 1, 'Bang', 2010, 1529579, 1);
INSERT INTO interacts VALUES(17951026181, 1, 'NL', 2031, 1563125, 0);
INSERT INTO interacts VALUES(17951026181, 1, 'NL', 3035, 1564916, 1);
INSERT INTO interacts VALUES(17951026181, 1, 'Maple', 3116, 1638602, 1);
INSERT INTO interacts VALUES(17951026181, 1, 'Maple', 2043, 1639904, 1);
INSERT INTO interacts VALUES(17951026181, 1, 'Karsa', 2043, 1648710, 1);
INSERT INTO interacts VALUES(17951026181, 1, 'SwordArt', 2043, 1648776, 1);
INSERT INTO interacts VALUES(17951026181, 1, 'Karsa', 2043, 1648903, 1);
INSERT INTO interacts VALUES(17951026181, 1, 'SwordArt', 2043, 1648903, 1);
INSERT INTO interacts VALUES(17951026181, 1, 'SwordArt', 2010, 1650785, 0);
INSERT INTO interacts VALUES(17951026181, 1, 'SwordArt', 1028, 1651273, 1);
INSERT INTO interacts VALUES(17951026181, 1, 'Wolf', 3504, 1682768, 1);
INSERT INTO interacts VALUES(17951026181, 1, 'Wolf', 2043, 1683059, 1);
INSERT INTO interacts VALUES(17951026181, 1, 'Wolf', 2043, 1684646, 1);
INSERT INTO interacts VALUES(17951026181, 1, 'Faker', 3135, 1721552, 1);
INSERT INTO interacts VALUES(17951026181, 1, 'SwordArt', 3067, 1727637, 1);
INSERT INTO interacts VALUES(17951026181, 1, 'SwordArt', 2043, 1728923, 0);
INSERT INTO interacts VALUES(17951026181, 1, 'SwordArt', 3190, 1730013, 1);
INSERT INTO interacts VALUES(17951026181, 1, 'NL', 3036, 1730288, 1);
INSERT INTO interacts VALUES(17951026181, 1, 'Maple', 3102, 1730643, 1);
INSERT INTO interacts VALUES(17951026181, 1, 'MMD', 3143, 1734244, 1);
INSERT INTO interacts VALUES(17951026181, 1, 'Karsa', 3082, 1734600, 1);
INSERT INTO interacts VALUES(17951026181, 1, 'Blank', 2032, 1739032, 0);
INSERT INTO interacts VALUES(17951026181, 1, 'Blank', 3211, 1739521, 1);
INSERT INTO interacts VALUES(17951026181, 1, 'Blank', 2043, 1740824, 1);
INSERT INTO interacts VALUES(17951026181, 1, 'Duke', 3157, 1745904, 1);
INSERT INTO interacts VALUES(17951026181, 1, 'Wolf', 1028, 1786361, 1);
INSERT INTO interacts VALUES(17951026181, 1, 'Karsa', 3143, 1852371, 1);
INSERT INTO interacts VALUES(17951026181, 1, 'Maple', 1058, 1864633, 1);
INSERT INTO interacts VALUES(17951026181, 1, 'SwordArt', 1029, 1873150, 1);
INSERT INTO interacts VALUES(17951026181, 1, 'SwordArt', 2043, 1873476, 1);
INSERT INTO interacts VALUES(17951026181, 1, 'SwordArt', 2043, 1873637, 1);
INSERT INTO interacts VALUES(17951026181, 1, 'Bang', 3094, 1878554, 1);
INSERT INTO interacts VALUES(17951026181, 1, 'MMD', 2033, 1881486, 0);
INSERT INTO interacts VALUES(17951026181, 1, 'Karsa', 2043, 1881838, 1);
INSERT INTO interacts VALUES(17951026181, 1, 'Blank', 3102, 1882166, 1);
INSERT INTO interacts VALUES(17951026181, 1, 'Blank', 2043, 1883369, 1);
INSERT INTO interacts VALUES(17951026181, 1, 'MMD', 1057, 1883562, 1);
INSERT INTO interacts VALUES(17951026181, 1, 'MMD', 1029, 1885705, 1);
INSERT INTO interacts VALUES(17951026181, 1, 'NL', 2043, 1887365, 0);
INSERT INTO interacts VALUES(17951026181, 1, 'MMD', 2043, 1888143, 1);
INSERT INTO interacts VALUES(17951026181, 1, 'NL', 3086, 1888664, 1);
INSERT INTO interacts VALUES(17951026181, 1, 'Wolf', 3801, 1892915, 1);
INSERT INTO interacts VALUES(17951026181, 1, 'Faker', 1058, 1898116, 1);
INSERT INTO interacts VALUES(17951026181, 1, 'Duke', 2031, 1903022, 0);
INSERT INTO interacts VALUES(17951026181, 1, 'Duke', 1058, 1903980, 1);
INSERT INTO interacts VALUES(17951026181, 1, 'SwordArt', 3024, 1974741, 1);
INSERT INTO interacts VALUES(17951026181, 1, 'NL', 3094, 1978800, 1);
INSERT INTO interacts VALUES(17951026181, 1, 'Maple', 1056, 1982886, 0);
INSERT INTO interacts VALUES(17951026181, 1, 'Maple', 1026, 1983783, 1);
INSERT INTO interacts VALUES(17951026181, 1, 'Bang', 2010, 2031661, 0);
INSERT INTO interacts VALUES(17951026181, 1, 'Faker', 3003, 2031723, 1);
INSERT INTO interacts VALUES(17951026181, 1, 'Bang', 3035, 2032736, 1);
INSERT INTO interacts VALUES(17951026181, 1, 'Faker', 2043, 2033603, 1);
INSERT INTO interacts VALUES(17951026181, 1, 'MMD', 3512, 2098333, 1);
INSERT INTO interacts VALUES(17951026181, 1, 'Karsa', 1011, 2099785, 1);
INSERT INTO interacts VALUES(17951026181, 1, 'SwordArt', 2043, 2100399, 1);
INSERT INTO interacts VALUES(17951026181, 1, 'SwordArt', 2043, 2100562, 1);
INSERT INTO interacts VALUES(17951026181, 1, 'Karsa', 2043, 2100596, 1);
INSERT INTO interacts VALUES(17951026181, 1, 'Blank', 1031, 2100724, 1);
INSERT INTO interacts VALUES(17951026181, 1, 'Blank', 2043, 2101818, 1);
INSERT INTO interacts VALUES(17951026181, 1, 'Blank', 2043, 2101933, 1);
INSERT INTO interacts VALUES(17951026181, 1, 'NL', 1055, 2105099, 0);
INSERT INTO interacts VALUES(17951026181, 1, 'NL', 3140, 2105942, 1);
INSERT INTO interacts VALUES(17951026181, 1, 'Bang', 2140, 2109013, 1);
INSERT INTO interacts VALUES(17951026181, 1, 'Wolf', 3105, 2111750, 1);
INSERT INTO interacts VALUES(17951026181, 1, 'Duke', 1054, 2112275, 0);
INSERT INTO interacts VALUES(17951026181, 1, 'Wolf', 2043, 2113092, 1);
INSERT INTO interacts VALUES(17951026181, 1, 'Wolf', 2043, 2113224, 1);
INSERT INTO interacts VALUES(17951026181, 1, 'Duke', 1026, 2113879, 1);
INSERT INTO interacts VALUES(17951026181, 1, 'MMD', 3134, 2219101, 1);
INSERT INTO interacts VALUES(17951026181, 1, 'Karsa', 2043, 2223372, 0);
INSERT INTO interacts VALUES(17951026181, 1, 'Karsa', 1031, 2224609, 1);
INSERT INTO interacts VALUES(17951026181, 1, 'Maple', 3089, 2225854, 1);
INSERT INTO interacts VALUES(17951026181, 1, 'Maple', 1026, 2227255, 1);
INSERT INTO interacts VALUES(17951026181, 1, 'SwordArt', 2043, 2227681, 0);
INSERT INTO interacts VALUES(17951026181, 1, 'SwordArt', 3082, 2229074, 1);
INSERT INTO interacts VALUES(17951026181, 1, 'Karsa', 3742, 2252338, 1);
INSERT INTO interacts VALUES(17951026181, 1, 'Karsa', 2043, 2253183, 1);
INSERT INTO interacts VALUES(17951026181, 1, 'Karsa', 2043, 2253295, 1);
INSERT INTO interacts VALUES(17951026181, 1, 'Wolf', 3303, 2255411, 0);
INSERT INTO interacts VALUES(17951026181, 1, 'Wolf', 3067, 2256922, 1);
INSERT INTO interacts VALUES(17951026181, 1, 'Blank', 2043, 2276869, 0);
INSERT INTO interacts VALUES(17951026181, 1, 'Blank', 1057, 2279415, 1);
INSERT INTO interacts VALUES(17951026181, 1, 'Bang', 3036, 2280938, 1);
INSERT INTO interacts VALUES(17951026181, 1, 'Wolf', 3190, 2320923, 1);
INSERT INTO interacts VALUES(17951026181, 1, 'Maple', 2139, 2325592, 1);
INSERT INTO interacts VALUES(17951026181, 1, 'Blank', 3026, 2328295, 1);
INSERT INTO interacts VALUES(17951026181, 1, 'Blank', 2003, 2329801, 1);
INSERT INTO interacts VALUES(17951026181, 1, 'SwordArt', 3110, 2330098, 1);
INSERT INTO interacts VALUES(17951026181, 1, 'SwordArt', 2043, 2331236, 1);
INSERT INTO interacts VALUES(17951026181, 1, 'SwordArt', 2043, 2331370, 1);
INSERT INTO interacts VALUES(17951026181, 1, 'Blank', 2043, 2332020, 1);
INSERT INTO interacts VALUES(17951026181, 1, 'NL', 3139, 2333588, 1);
INSERT INTO interacts VALUES(17951026181, 1, 'Karsa', 2043, 2333931, 1);
INSERT INTO interacts VALUES(17951026181, 1, 'Karsa', 2138, 2334364, 1);
INSERT INTO interacts VALUES(17951026181, 1, 'Faker', 1058, 2341184, 1);
INSERT INTO interacts VALUES(17951026181, 1, 'Duke', 3089, 2360314, 1);
INSERT INTO interacts VALUES(17951026181, 1, 'Duke', 1033, 2361529, 1);
INSERT INTO interacts VALUES(17951026181, 1, 'Duke', 1057, 2458978, 1);
INSERT INTO interacts VALUES(17951026181, 1, 'Bang', 2140, 2469616, 1);
INSERT INTO series VALUES(221150105852, 1);
INSERT INTO organizes VALUES('world_championship_2016', 221150105852, 'group_b - C9-vs-IM');
INSERT INTO competes VALUES(221150105852, 'C9', 1);
INSERT INTO competes VALUES(221150105852, 'IM', 0);
INSERT INTO matches VALUES(221150105852, 1, '2016-10-02');
INSERT INTO scores VALUES('C9', 221150105852, 1, 2, 9, 0, 1, 4, 1);
INSERT INTO scores VALUES('IM', 221150105852, 1, 0, 2, 0, 0, 1, 0);
INSERT INTO bans VALUES(221150105852, 1, 110, 1);
INSERT INTO bans VALUES(221150105852, 1, 60, 3);
INSERT INTO bans VALUES(221150105852, 1, 76, 5);
INSERT INTO bans VALUES(221150105852, 1, 150, 2);
INSERT INTO bans VALUES(221150105852, 1, 85, 4);
INSERT INTO bans VALUES(221150105852, 1, 154, 6);
INSERT INTO plays VALUES(221150105852, 1, 'Impact', 68, 'top', 4, 4, 5, 33101, 19, 5, 272, 6, 3, 14222);
INSERT INTO plays VALUES(221150105852, 1, 'Meteos', 2, 'jungle', 2, 0, 6, 21971, 30, 23, 48, 87, 35, 13889);
INSERT INTO plays VALUES(221150105852, 1, 'Jensen', 134, 'mid', 2, 0, 5, 37758, 14, 7, 379, 8, 18, 16275);
INSERT INTO plays VALUES(221150105852, 1, 'Sneaky', 81, 'adc', 5, 0, 5, 39797, 13, 17, 296, 15, 1, 15591);
INSERT INTO plays VALUES(221150105852, 1, 'Smoothie', 12, 'support', 0, 2, 11, 4756, 53, 15, 25, 0, 0, 9568);
INSERT INTO plays VALUES(221150105852, 1, 'AmazingJ', 245, 'top', 2, 4, 2, 13817, 19, 2, 290, 4, 0, 12465);
INSERT INTO plays VALUES(221150105852, 1, 'Avoidless', 421, 'jungle', 0, 4, 2, 9031, 26, 26, 49, 96, 11, 11702);
INSERT INTO plays VALUES(221150105852, 1, 'Athena', 8, 'mid', 0, 1, 3, 17500, 17, 3, 296, 6, 0, 12181);
INSERT INTO plays VALUES(221150105852, 1, 'Jinjiao', 202, 'adc', 3, 1, 2, 26674, 13, 3, 278, 25, 0, 13427);
INSERT INTO plays VALUES(221150105852, 1, 'Road', 223, 'support', 1, 3, 2, 7321, 50, 17, 58, 1, 0, 8937);
INSERT INTO interacts VALUES(221150105852, 1, 'Road', 3302, 1467, 1);
INSERT INTO interacts VALUES(221150105852, 1, 'Smoothie', 3302, 1533, 1);
INSERT INTO interacts VALUES(221150105852, 1, 'Sneaky', 3340, 1533, 1);
INSERT INTO interacts VALUES(221150105852, 1, 'Smoothie', 2010, 1759, 1);
INSERT INTO interacts VALUES(221150105852, 1, 'Sneaky', 1055, 1857, 1);
INSERT INTO interacts VALUES(221150105852, 1, 'Smoothie', 2010, 1921, 1);
INSERT INTO interacts VALUES(221150105852, 1, 'Smoothie', 2010, 2021, 1);
INSERT INTO interacts VALUES(221150105852, 1, 'Sneaky', 2010, 2053, 1);
INSERT INTO interacts VALUES(221150105852, 1, 'Jinjiao', 1055, 2150, 1);
INSERT INTO interacts VALUES(221150105852, 1, 'Jensen', 3340, 2246, 1);
INSERT INTO interacts VALUES(221150105852, 1, 'Impact', 3340, 2353, 1);
INSERT INTO interacts VALUES(221150105852, 1, 'Smoothie', 3340, 2410, 1);
INSERT INTO interacts VALUES(221150105852, 1, 'Road', 2010, 2410, 1);
INSERT INTO interacts VALUES(221150105852, 1, 'Jinjiao', 2010, 2443, 1);
INSERT INTO interacts VALUES(221150105852, 1, 'Jensen', 1056, 2507, 1);
INSERT INTO interacts VALUES(221150105852, 1, 'Meteos', 3340, 2540, 1);
INSERT INTO interacts VALUES(221150105852, 1, 'Impact', 2003, 2540, 1);
INSERT INTO interacts VALUES(221150105852, 1, 'Road', 2010, 2573, 1);
INSERT INTO interacts VALUES(221150105852, 1, 'Road', 2010, 2702, 1);
INSERT INTO interacts VALUES(221150105852, 1, 'Jinjiao', 3340, 2702, 1);
INSERT INTO interacts VALUES(221150105852, 1, 'Impact', 1054, 2798, 1);
INSERT INTO interacts VALUES(221150105852, 1, 'Avoidless', 1041, 2870, 1);
INSERT INTO interacts VALUES(221150105852, 1, 'Jensen', 2010, 2927, 1);
INSERT INTO interacts VALUES(221150105852, 1, 'Road', 3340, 2992, 1);
INSERT INTO interacts VALUES(221150105852, 1, 'Meteos', 1039, 3025, 1);
INSERT INTO interacts VALUES(221150105852, 1, 'Jensen', 2010, 3057, 1);
INSERT INTO interacts VALUES(221150105852, 1, 'Meteos', 2031, 3282, 1);
INSERT INTO interacts VALUES(221150105852, 1, 'AmazingJ', 2033, 3444, 1);
INSERT INTO interacts VALUES(221150105852, 1, 'AmazingJ', 3340, 3909, 1);
INSERT INTO interacts VALUES(221150105852, 1, 'Avoidless', 2031, 5618, 1);
INSERT INTO interacts VALUES(221150105852, 1, 'Avoidless', 3340, 6689, 1);
INSERT INTO interacts VALUES(221150105852, 1, 'Athena', 1001, 6689, 1);
INSERT INTO interacts VALUES(221150105852, 1, 'Athena', 2003, 6950, 1);
INSERT INTO interacts VALUES(221150105852, 1, 'Athena', 2003, 7113, 1);
INSERT INTO interacts VALUES(221150105852, 1, 'Athena', 2003, 7280, 1);
INSERT INTO interacts VALUES(221150105852, 1, 'Athena', 2003, 7400, 1);
INSERT INTO interacts VALUES(221150105852, 1, 'Athena', 3340, 7562, 1);
INSERT INTO interacts VALUES(221150105852, 1, 'Jensen', 1001, 244140, 1);
INSERT INTO interacts VALUES(221150105852, 1, 'Jensen', 1056, 244469, 1);
INSERT INTO interacts VALUES(221150105852, 1, 'Jensen', 2043, 245416, 1);
INSERT INTO interacts VALUES(221150105852, 1, 'Sneaky', 3070, 259887, 1);
INSERT INTO interacts VALUES(221150105852, 1, 'Sneaky', 2010, 260762, 1);
INSERT INTO interacts VALUES(221150105852, 1, 'Smoothie', 1001, 261521, 1);
INSERT INTO interacts VALUES(221150105852, 1, 'Smoothie', 2043, 262125, 1);
INSERT INTO interacts VALUES(221150105852, 1, 'Sneaky', 2010, 265342, 1);
INSERT INTO interacts VALUES(221150105852, 1, 'Road', 1028, 284304, 1);
INSERT INTO interacts VALUES(221150105852, 1, 'Road', 2043, 285899, 1);
INSERT INTO interacts VALUES(221150105852, 1, 'Road', 2043, 287716, 1);
INSERT INTO interacts VALUES(221150105852, 1, 'Jinjiao', 3134, 289758, 1);
INSERT INTO interacts VALUES(221150105852, 1, 'AmazingJ', 1082, 312853, 1);
INSERT INTO interacts VALUES(221150105852, 1, 'AmazingJ', 1056, 313307, 1);
INSERT INTO interacts VALUES(221150105852, 1, 'AmazingJ', 2043, 313667, 1);
INSERT INTO interacts VALUES(221150105852, 1, 'Impact', 1052, 325550, 1);
INSERT INTO interacts VALUES(221150105852, 1, 'Impact', 1028, 325969, 1);
INSERT INTO interacts VALUES(221150105852, 1, 'Impact', 1001, 327253, 1);
INSERT INTO interacts VALUES(221150105852, 1, 'Impact', 2031, 329866, 1);
INSERT INTO interacts VALUES(221150105852, 1, 'Avoidless', 3751, 333887, 1);
INSERT INTO interacts VALUES(221150105852, 1, 'Meteos', 3158, 353851, 1);
INSERT INTO interacts VALUES(221150105852, 1, 'Meteos', 2032, 354533, 1);
INSERT INTO interacts VALUES(221150105852, 1, 'Meteos', 1028, 356165, 1);
INSERT INTO interacts VALUES(221150105852, 1, 'Meteos', 2043, 356550, 1);
INSERT INTO interacts VALUES(221150105852, 1, 'Athena', 3211, 399954, 1);
INSERT INTO interacts VALUES(221150105852, 1, 'Athena', 2031, 402127, 1);
INSERT INTO interacts VALUES(221150105852, 1, 'Athena', 2043, 402679, 1);
INSERT INTO interacts VALUES(221150105852, 1, 'Athena', 2043, 402807, 1);
INSERT INTO interacts VALUES(221150105852, 1, 'Jensen', 3802, 418007, 1);
INSERT INTO interacts VALUES(221150105852, 1, 'Jensen', 2043, 419305, 1);
INSERT INTO interacts VALUES(221150105852, 1, 'Jensen', 2010, 420167, 1);
INSERT INTO interacts VALUES(221150105852, 1, 'AmazingJ', 1033, 445782, 1);
INSERT INTO interacts VALUES(221150105852, 1, 'Avoidless', 3711, 465898, 1);
INSERT INTO interacts VALUES(221150105852, 1, 'Avoidless', 2043, 466485, 1);
INSERT INTO interacts VALUES(221150105852, 1, 'Avoidless', 3341, 466974, 1);
INSERT INTO interacts VALUES(221150105852, 1, 'Sneaky', 3057, 489282, 1);
INSERT INTO interacts VALUES(221150105852, 1, 'Sneaky', 2043, 490122, 1);
INSERT INTO interacts VALUES(221150105852, 1, 'Smoothie', 3117, 490608, 1);
INSERT INTO interacts VALUES(221150105852, 1, 'Sneaky', 2010, 490739, 1);
INSERT INTO interacts VALUES(221150105852, 1, 'Smoothie', 2043, 491227, 1);
INSERT INTO interacts VALUES(221150105852, 1, 'Road', 2049, 527939, 1);
INSERT INTO interacts VALUES(221150105852, 1, 'Road', 3341, 528914, 1);
INSERT INTO interacts VALUES(221150105852, 1, 'Road', 2043, 529237, 1);
INSERT INTO interacts VALUES(221150105852, 1, 'Jinjiao', 3009, 529529, 1);
INSERT INTO interacts VALUES(221150105852, 1, 'Road', 1001, 530633, 1);
INSERT INTO interacts VALUES(221150105852, 1, 'Road', 2010, 531641, 1);
INSERT INTO interacts VALUES(221150105852, 1, 'Jinjiao', 1036, 531706, 1);
INSERT INTO interacts VALUES(221150105852, 1, 'AmazingJ', 3211, 617941, 1);
INSERT INTO interacts VALUES(221150105852, 1, 'Impact', 3136, 620842, 1);
INSERT INTO interacts VALUES(221150105852, 1, 'Avoidless', 1409, 622337, 1);
INSERT INTO interacts VALUES(221150105852, 1, 'AmazingJ', 1028, 631438, 1);
INSERT INTO interacts VALUES(221150105852, 1, 'Avoidless', 1001, 637998, 1);
INSERT INTO interacts VALUES(221150105852, 1, 'Impact', 1026, 639192, 1);
INSERT INTO interacts VALUES(221150105852, 1, 'Impact', 3020, 646752, 1);
INSERT INTO interacts VALUES(221150105852, 1, 'Impact', 1052, 649008, 1);
INSERT INTO interacts VALUES(221150105852, 1, 'Impact', 1004, 649847, 1);
INSERT INTO interacts VALUES(221150105852, 1, 'Impact', 2043, 651630, 1);
INSERT INTO interacts VALUES(221150105852, 1, 'Meteos', 3751, 654590, 1);
INSERT INTO interacts VALUES(221150105852, 1, 'Jensen', 3108, 655986, 1);
INSERT INTO interacts VALUES(221150105852, 1, 'Meteos', 2049, 656616, 1);
INSERT INTO interacts VALUES(221150105852, 1, 'Meteos', 3341, 657250, 1);
INSERT INTO interacts VALUES(221150105852, 1, 'Meteos', 2043, 657676, 1);
INSERT INTO interacts VALUES(221150105852, 1, 'Jensen', 3363, 660391, 1);
INSERT INTO interacts VALUES(221150105852, 1, 'Jensen', 3020, 662304, 1);
INSERT INTO interacts VALUES(221150105852, 1, 'Athena', 3067, 669501, 1);
INSERT INTO interacts VALUES(221150105852, 1, 'Athena', 3158, 673297, 1);
INSERT INTO interacts VALUES(221150105852, 1, 'Road', 3009, 737662, 1);
INSERT INTO interacts VALUES(221150105852, 1, 'Road', 2010, 738376, 1);
INSERT INTO interacts VALUES(221150105852, 1, 'Road', 2010, 756994, 1);
INSERT INTO interacts VALUES(221150105852, 1, 'Smoothie', 2049, 762978, 1);
INSERT INTO interacts VALUES(221150105852, 1, 'Sneaky', 3004, 764536, 1);
INSERT INTO interacts VALUES(221150105852, 1, 'Sneaky', 1001, 764957, 1);
INSERT INTO interacts VALUES(221150105852, 1, 'Smoothie', 3341, 764989, 1);
INSERT INTO interacts VALUES(221150105852, 1, 'Smoothie', 2043, 765314, 1);
INSERT INTO interacts VALUES(221150105852, 1, 'Smoothie', 2043, 765769, 1);
INSERT INTO interacts VALUES(221150105852, 1, 'Sneaky', 2010, 766265, 1);
INSERT INTO interacts VALUES(221150105852, 1, 'Sneaky', 2010, 766387, 1);
INSERT INTO interacts VALUES(221150105852, 1, 'Sneaky', 2043, 766906, 1);
INSERT INTO interacts VALUES(221150105852, 1, 'Jinjiao', 3133, 798761, 1);
INSERT INTO interacts VALUES(221150105852, 1, 'Jinjiao', 1036, 799087, 1);
INSERT INTO interacts VALUES(221150105852, 1, 'Jinjiao', 1036, 799271, 1);
INSERT INTO interacts VALUES(221150105852, 1, 'Jensen', 3165, 837295, 1);
INSERT INTO interacts VALUES(221150105852, 1, 'Jensen', 2043, 838366, 1);
INSERT INTO interacts VALUES(221150105852, 1, 'Road', 2043, 842612, 1);
INSERT INTO interacts VALUES(221150105852, 1, 'Road', 2043, 842806, 1);
INSERT INTO interacts VALUES(221150105852, 1, 'AmazingJ', 3751, 848921, 1);
INSERT INTO interacts VALUES(221150105852, 1, 'AmazingJ', 1001, 849942, 1);
INSERT INTO interacts VALUES(221150105852, 1, 'Avoidless', 2031, 858376, 0);
INSERT INTO interacts VALUES(221150105852, 1, 'Avoidless', 3077, 861250, 1);
INSERT INTO interacts VALUES(221150105852, 1, 'Avoidless', 3364, 862348, 1);
INSERT INTO interacts VALUES(221150105852, 1, 'Impact', 1026, 876543, 1);
INSERT INTO interacts VALUES(221150105852, 1, 'Athena', 3065, 877291, 1);
INSERT INTO interacts VALUES(221150105852, 1, 'Athena', 1033, 878851, 1);
INSERT INTO interacts VALUES(221150105852, 1, 'Impact', 3151, 883885, 1);
INSERT INTO interacts VALUES(221150105852, 1, 'Jinjiao', 3363, 928752, 1);
INSERT INTO interacts VALUES(221150105852, 1, 'Road', 1028, 931137, 1);
INSERT INTO interacts VALUES(221150105852, 1, 'Meteos', 1401, 940789, 1);
INSERT INTO interacts VALUES(221150105852, 1, 'Meteos', 3364, 942022, 1);
INSERT INTO interacts VALUES(221150105852, 1, 'Meteos', 1028, 944422, 1);
INSERT INTO interacts VALUES(221150105852, 1, 'Meteos', 2043, 944911, 1);
INSERT INTO interacts VALUES(221150105852, 1, 'Smoothie', 2045, 951544, 1);
INSERT INTO interacts VALUES(221150105852, 1, 'Impact', 1026, 952292, 1);
INSERT INTO interacts VALUES(221150105852, 1, 'Sneaky', 3158, 954628, 1);
INSERT INTO interacts VALUES(221150105852, 1, 'Sneaky', 3363, 955119, 1);
INSERT INTO interacts VALUES(221150105852, 1, 'AmazingJ', 3111, 1006642, 1);
INSERT INTO interacts VALUES(221150105852, 1, 'Jensen', 1011, 1026817, 1);
INSERT INTO interacts VALUES(221150105852, 1, 'Jensen', 2043, 1027790, 1);
INSERT INTO interacts VALUES(221150105852, 1, 'Athena', 3108, 1047978, 1);
INSERT INTO interacts VALUES(221150105852, 1, 'Athena', 2043, 1049309, 1);
INSERT INTO interacts VALUES(221150105852, 1, 'Road', 2045, 1062159, 1);
INSERT INTO interacts VALUES(221150105852, 1, 'Road', 1033, 1063152, 1);
INSERT INTO interacts VALUES(221150105852, 1, 'Jinjiao', 3142, 1064289, 1);
INSERT INTO interacts VALUES(221150105852, 1, 'Jinjiao', 3134, 1065461, 1);
INSERT INTO interacts VALUES(221150105852, 1, 'Jinjiao', 2043, 1066599, 1);
INSERT INTO interacts VALUES(221150105852, 1, 'Avoidless', 3047, 1121694, 1);
INSERT INTO interacts VALUES(221150105852, 1, 'Avoidless', 3067, 1124632, 1);
INSERT INTO interacts VALUES(221150105852, 1, 'AmazingJ', 1082, 1194832, 0);
INSERT INTO interacts VALUES(221150105852, 1, 'Sneaky', 3101, 1201927, 1);
INSERT INTO interacts VALUES(221150105852, 1, 'Sneaky', 1036, 1202350, 1);
INSERT INTO interacts VALUES(221150105852, 1, 'Smoothie', 1033, 1202738, 1);
INSERT INTO interacts VALUES(221150105852, 1, 'Meteos', 3211, 1203032, 1);
INSERT INTO interacts VALUES(221150105852, 1, 'Smoothie', 2043, 1203638, 1);
INSERT INTO interacts VALUES(221150105852, 1, 'Smoothie', 2043, 1203746, 1);
INSERT INTO interacts VALUES(221150105852, 1, 'Jensen', 2043, 1205526, 0);
INSERT INTO interacts VALUES(221150105852, 1, 'Jensen', 1026, 1207121, 1);
INSERT INTO interacts VALUES(221150105852, 1, 'Meteos', 2032, 1207640, 0);
INSERT INTO interacts VALUES(221150105852, 1, 'Meteos', 1028, 1210133, 1);
INSERT INTO interacts VALUES(221150105852, 1, 'Road', 1028, 1226669, 1);
INSERT INTO interacts VALUES(221150105852, 1, 'Jinjiao', 1036, 1227382, 1);
INSERT INTO interacts VALUES(221150105852, 1, 'Road', 2043, 1228128, 1);
INSERT INTO interacts VALUES(221150105852, 1, 'Road', 2043, 1228261, 1);
INSERT INTO interacts VALUES(221150105852, 1, 'Jinjiao', 2043, 1229241, 1);
INSERT INTO interacts VALUES(221150105852, 1, 'Athena', 1057, 1240425, 1);
INSERT INTO interacts VALUES(221150105852, 1, 'Athena', 1052, 1241404, 1);
INSERT INTO interacts VALUES(221150105852, 1, 'AmazingJ', 3065, 1307162, 1);
INSERT INTO interacts VALUES(221150105852, 1, 'Athena', 3001, 1323423, 1);
INSERT INTO interacts VALUES(221150105852, 1, 'Impact', 3135, 1323563, 1);
INSERT INTO interacts VALUES(221150105852, 1, 'Avoidless', 1033, 1327478, 1);
INSERT INTO interacts VALUES(221150105852, 1, 'Avoidless', 3801, 1328369, 1);
INSERT INTO interacts VALUES(221150105852, 1, 'Impact', 1052, 1329489, 1);
INSERT INTO interacts VALUES(221150105852, 1, 'Impact', 2031, 1331890, 0);
INSERT INTO interacts VALUES(221150105852, 1, 'Impact', 2043, 1333220, 1);
INSERT INTO interacts VALUES(221150105852, 1, 'Smoothie', 3801, 1333643, 1);
INSERT INTO interacts VALUES(221150105852, 1, 'Road', 3801, 1336162, 1);
INSERT INTO interacts VALUES(221150105852, 1, 'Road', 2043, 1337463, 1);
INSERT INTO interacts VALUES(221150105852, 1, 'Sneaky', 3044, 1339818, 1);
INSERT INTO interacts VALUES(221150105852, 1, 'Road', 3364, 1341998, 1);
INSERT INTO interacts VALUES(221150105852, 1, 'Sneaky', 3078, 1345217, 1);
INSERT INTO interacts VALUES(221150105852, 1, 'Jinjiao', 3155, 1365106, 1);
INSERT INTO interacts VALUES(221150105852, 1, 'AmazingJ', 1056, 1409385, 0);
INSERT INTO interacts VALUES(221150105852, 1, 'AmazingJ', 3057, 1410819, 1);
INSERT INTO interacts VALUES(221150105852, 1, 'Jensen', 3135, 1416508, 1);
INSERT INTO interacts VALUES(221150105852, 1, 'Jensen', 1056, 1417617, 0);
INSERT INTO interacts VALUES(221150105852, 1, 'Jensen', 2043, 1418593, 1);
INSERT INTO interacts VALUES(221150105852, 1, 'Meteos', 3065, 1475635, 1);
INSERT INTO interacts VALUES(221150105852, 1, 'Meteos', 2043, 1476933, 1);
INSERT INTO interacts VALUES(221150105852, 1, 'Meteos', 2032, 1479044, 0);
INSERT INTO interacts VALUES(221150105852, 1, 'Avoidless', 3190, 1479338, 1);
INSERT INTO interacts VALUES(221150105852, 1, 'Meteos', 1031, 1480021, 1);
INSERT INTO interacts VALUES(221150105852, 1, 'Smoothie', 3105, 1480054, 1);
INSERT INTO interacts VALUES(221150105852, 1, 'Avoidless', 2043, 1480118, 1);
INSERT INTO interacts VALUES(221150105852, 1, 'Avoidless', 2043, 1480380, 1);
INSERT INTO interacts VALUES(221150105852, 1, 'Smoothie', 2043, 1480600, 1);
INSERT INTO interacts VALUES(221150105852, 1, 'Smoothie', 2043, 1480704, 1);
INSERT INTO interacts VALUES(221150105852, 1, 'Athena', 1011, 1504784, 1);
INSERT INTO interacts VALUES(221150105852, 1, 'Road', 3105, 1514538, 1);
INSERT INTO interacts VALUES(221150105852, 1, 'Road', 1028, 1515583, 1);
INSERT INTO interacts VALUES(221150105852, 1, 'Jinjiao', 3156, 1593672, 1);
INSERT INTO interacts VALUES(221150105852, 1, 'Jinjiao', 1036, 1594081, 1);
INSERT INTO interacts VALUES(221150105852, 1, 'Jinjiao', 2043, 1594906, 1);
INSERT INTO interacts VALUES(221150105852, 1, 'Sneaky', 1043, 1596889, 1);
INSERT INTO interacts VALUES(221150105852, 1, 'Sneaky', 1036, 1597636, 1);
INSERT INTO interacts VALUES(221150105852, 1, 'Smoothie', 1028, 1598614, 1);
INSERT INTO interacts VALUES(221150105852, 1, 'Road', 2043, 1599279, 1);
INSERT INTO interacts VALUES(221150105852, 1, 'Smoothie', 2043, 1599392, 1);
INSERT INTO interacts VALUES(221150105852, 1, 'Sneaky', 2043, 1599420, 1);
INSERT INTO interacts VALUES(221150105852, 1, 'Road', 2043, 1599420, 1);
INSERT INTO interacts VALUES(221150105852, 1, 'Smoothie', 3364, 1599802, 1);
INSERT INTO interacts VALUES(221150105852, 1, 'AmazingJ', 3025, 1685155, 1);
INSERT INTO interacts VALUES(221150105852, 1, 'Road', 3190, 1699843, 1);
INSERT INTO interacts VALUES(221150105852, 1, 'Smoothie', 3067, 1699908, 1);
INSERT INTO interacts VALUES(221150105852, 1, 'Athena', 1058, 1719384, 1);
INSERT INTO interacts VALUES(221150105852, 1, 'Impact', 3108, 1735591, 1);
INSERT INTO interacts VALUES(221150105852, 1, 'Impact', 3157, 1737802, 1);
INSERT INTO interacts VALUES(221150105852, 1, 'Avoidless', 1011, 1742958, 1);
INSERT INTO interacts VALUES(221150105852, 1, 'Avoidless', 2043, 1744226, 1);
INSERT INTO interacts VALUES(221150105852, 1, 'Jensen', 1056, 1744814, 0);
INSERT INTO interacts VALUES(221150105852, 1, 'Jensen', 3116, 1745918, 1);
INSERT INTO interacts VALUES(221150105852, 1, 'Jensen', 2010, 1748162, 1);
INSERT INTO interacts VALUES(221150105852, 1, 'Road', 1006, 1767588, 1);
INSERT INTO interacts VALUES(221150105852, 1, 'AmazingJ', 1082, 1829734, 0);
INSERT INTO interacts VALUES(221150105852, 1, 'Impact', 2043, 1835074, 1);
INSERT INTO interacts VALUES(221150105852, 1, 'Jensen', 1052, 1836501, 1);
INSERT INTO interacts VALUES(221150105852, 1, 'Smoothie', 3190, 1836633, 1);
INSERT INTO interacts VALUES(221150105852, 1, 'Meteos', 3026, 1837193, 1);
INSERT INTO interacts VALUES(221150105852, 1, 'Smoothie', 2043, 1837611, 1);
INSERT INTO interacts VALUES(221150105852, 1, 'Meteos', 2043, 1837611, 1);
INSERT INTO interacts VALUES(221150105852, 1, 'Jinjiao', 1038, 1841285, 1);
INSERT INTO interacts VALUES(221150105852, 1, 'Sneaky', 3153, 1869237, 1);
INSERT INTO interacts VALUES(221150105852, 1, 'Athena', 3116, 1884546, 1);
INSERT INTO interacts VALUES(221150105852, 1, 'Athena', 2043, 1886093, 1);
INSERT INTO interacts VALUES(221150105852, 1, 'Avoidless', 2043, 1976356, 0);
INSERT INTO interacts VALUES(221150105852, 1, 'Avoidless', 3082, 1980648, 1);
INSERT INTO interacts VALUES(221150105852, 1, 'Road', 1006, 2004268, 0);
INSERT INTO interacts VALUES(221150105852, 1, 'Jinjiao', 3147, 2007836, 1);
INSERT INTO interacts VALUES(221150105852, 1, 'Road', 3211, 2009200, 1);
INSERT INTO interacts VALUES(221150105852, 1, 'Jinjiao', 1051, 2010306, 1);
INSERT INTO interacts VALUES(221150105852, 1, 'Road', 2043, 2010923, 1);
INSERT INTO interacts VALUES(221150105852, 1, 'Impact', 1058, 2013097, 1);
INSERT INTO interacts VALUES(221150105852, 1, 'Athena', 1029, 2013810, 1);
INSERT INTO interacts VALUES(221150105852, 1, 'Smoothie', 3097, 2018129, 1);
INSERT INTO interacts VALUES(221150105852, 1, 'Smoothie', 3067, 2018357, 1);
INSERT INTO interacts VALUES(221150105852, 1, 'Jensen', 2010, 2020880, 0);
INSERT INTO interacts VALUES(221150105852, 1, 'Meteos', 2045, 2021022, 1);
INSERT INTO interacts VALUES(221150105852, 1, 'Sneaky', 3035, 2021283, 1);
INSERT INTO interacts VALUES(221150105852, 1, 'Meteos', 2043, 2021395, 1);
INSERT INTO interacts VALUES(221150105852, 1, 'Jensen', 3136, 2022064, 1);
INSERT INTO interacts VALUES(221150105852, 1, 'Jensen', 2043, 2023917, 1);
INSERT INTO interacts VALUES(221150105852, 1, 'Impact', 1054, 2029411, 0);
INSERT INTO interacts VALUES(221150105852, 1, 'Impact', 2043, 2034361, 1);
INSERT INTO interacts VALUES(221150105852, 1, 'AmazingJ', 3068, 2037274, 1);
INSERT INTO interacts VALUES(221150105852, 1, 'Impact', 2139, 2044546, 1);
INSERT INTO interacts VALUES(221150105852, 1, 'Athena', 3191, 2109839, 1);
INSERT INTO interacts VALUES(221150105852, 1, 'Road', 2043, 2118119, 1);
INSERT INTO interacts VALUES(221150105852, 1, 'Jinjiao', 3086, 2123287, 1);
INSERT INTO interacts VALUES(221150105852, 1, 'Smoothie', 3401, 2130704, 1);
INSERT INTO interacts VALUES(221150105852, 1, 'Smoothie', 2043, 2131362, 1);
INSERT INTO interacts VALUES(221150105852, 1, 'Impact', 2043, 2136759, 0);
INSERT INTO interacts VALUES(221150105852, 1, 'Jensen', 3151, 2136891, 1);
INSERT INTO interacts VALUES(221150105852, 1, 'Impact', 1026, 2138351, 1);
INSERT INTO interacts VALUES(221150105852, 1, 'Meteos', 2043, 2140889, 0);
INSERT INTO interacts VALUES(221150105852, 1, 'Avoidless', 3143, 2146610, 1);
INSERT INTO interacts VALUES(221150105852, 1, 'Meteos', 3052, 2147303, 1);
INSERT INTO interacts VALUES(221150105852, 1, 'Avoidless', 2043, 2148441, 1);
INSERT INTO interacts VALUES(221150105852, 1, 'Avoidless', 2043, 2148703, 1);
INSERT INTO interacts VALUES(221150105852, 1, 'Sneaky', 3036, 2152656, 1);
INSERT INTO interacts VALUES(221150105852, 1, 'AmazingJ', 1082, 2179504, 0);
INSERT INTO interacts VALUES(221150105852, 1, 'AmazingJ', 1057, 2180269, 1);
INSERT INTO interacts VALUES(221150105852, 1, 'Road', 2043, 2220300, 1);
INSERT INTO interacts VALUES(221150105852, 1, 'Avoidless', 2043, 2284599, 0);
INSERT INTO interacts VALUES(221150105852, 1, 'Avoidless', 1029, 2286487, 1);
INSERT INTO interacts VALUES(221150105852, 1, 'AmazingJ', 2138, 2294835, 1);
INSERT INTO series VALUES(118900719888, 1);
INSERT INTO organizes VALUES('world_championship_2016', 118900719888, 'group_a - G2-vs-ROX');
INSERT INTO competes VALUES(118900719888, 'G2', 1);
INSERT INTO competes VALUES(118900719888, 'ROX', 0);
INSERT INTO matches VALUES(118900719888, 1, '2016-10-06');
INSERT INTO scores VALUES('G2', 118900719888, 1, 0, 3, 0, 0, 2, 0);
INSERT INTO scores VALUES('ROX', 118900719888, 1, 2, 11, 0, 1, 2, 1);
INSERT INTO bans VALUES(118900719888, 1, 136, 1);
INSERT INTO bans VALUES(118900719888, 1, 81, 3);
INSERT INTO bans VALUES(118900719888, 1, 85, 5);
INSERT INTO bans VALUES(118900719888, 1, 43, 2);
INSERT INTO bans VALUES(118900719888, 1, 2, 4);
INSERT INTO bans VALUES(118900719888, 1, 134, 6);
INSERT INTO plays VALUES(118900719888, 1, 'Expect', 78, 'top', 2, 2, 3, 9297, 15, 1, 258, 5, 1, 11767);
INSERT INTO plays VALUES(118900719888, 1, 'Trick', 76, 'jungle', 0, 2, 5, 13713, 28, 20, 44, 106, 6, 11476);
INSERT INTO plays VALUES(118900719888, 1, 'Perkz', 69, 'mid', 2, 1, 0, 12603, 12, 4, 267, 19, 0, 11840);
INSERT INTO plays VALUES(118900719888, 1, 'Zven', 15, 'adc', 1, 2, 2, 18006, 13, 14, 369, 6, 1, 13992);
INSERT INTO plays VALUES(118900719888, 1, 'mithy', 201, 'support', 0, 3, 2, 4526, 57, 11, 35, 0, 0, 7684);
INSERT INTO plays VALUES(118900719888, 1, 'Smeb', 68, 'top', 2, 1, 3, 26536, 20, 3, 287, 13, 3, 14162);
INSERT INTO plays VALUES(118900719888, 1, 'Peanut', 64, 'jungle', 4, 0, 4, 7798, 30, 15, 35, 90, 24, 13406);
INSERT INTO plays VALUES(118900719888, 1, 'Kuro', 112, 'mid', 3, 1, 4, 19803, 19, 9, 270, 18, 3, 14719);
INSERT INTO plays VALUES(118900719888, 1, 'PraY', 51, 'adc', 1, 1, 6, 25827, 14, 12, 304, 11, 3, 14474);
INSERT INTO plays VALUES(118900719888, 1, 'GorillA', 12, 'support', 0, 2, 8, 4485, 61, 9, 31, 0, 0, 9112);
INSERT INTO interacts VALUES(118900719888, 1, 'Zven', 3340, 1651, 1);
INSERT INTO interacts VALUES(118900719888, 1, 'GorillA', 3302, 1845, 1);
INSERT INTO interacts VALUES(118900719888, 1, 'Zven', 2003, 1909, 1);
INSERT INTO interacts VALUES(118900719888, 1, 'Perkz', 1056, 1909, 1);
INSERT INTO interacts VALUES(118900719888, 1, 'GorillA', 2010, 2136, 1);
INSERT INTO interacts VALUES(118900719888, 1, 'Zven', 1055, 2136, 1);
INSERT INTO interacts VALUES(118900719888, 1, 'PraY', 1055, 2200, 1);
INSERT INTO interacts VALUES(118900719888, 1, 'Perkz', 2010, 2233, 1);
INSERT INTO interacts VALUES(118900719888, 1, 'GorillA', 2010, 2233, 1);
INSERT INTO interacts VALUES(118900719888, 1, 'mithy', 3302, 2265, 1);
INSERT INTO interacts VALUES(118900719888, 1, 'GorillA', 2010, 2339, 1);
INSERT INTO interacts VALUES(118900719888, 1, 'Perkz', 2010, 2363, 1);
INSERT INTO interacts VALUES(118900719888, 1, 'Smeb', 1054, 2426, 1);
INSERT INTO interacts VALUES(118900719888, 1, 'PraY', 2010, 2491, 1);
INSERT INTO interacts VALUES(118900719888, 1, 'mithy', 2010, 2491, 1);
INSERT INTO interacts VALUES(118900719888, 1, 'Peanut', 1041, 2622, 1);
INSERT INTO interacts VALUES(118900719888, 1, 'Smeb', 2003, 2655, 1);
INSERT INTO interacts VALUES(118900719888, 1, 'mithy', 2010, 2655, 1);
INSERT INTO interacts VALUES(118900719888, 1, 'Perkz', 3340, 2720, 1);
INSERT INTO interacts VALUES(118900719888, 1, 'GorillA', 3340, 2754, 1);
INSERT INTO interacts VALUES(118900719888, 1, 'mithy', 2010, 2786, 1);
INSERT INTO interacts VALUES(118900719888, 1, 'PraY', 3340, 2786, 1);
INSERT INTO interacts VALUES(118900719888, 1, 'Expect', 2033, 2786, 1);
INSERT INTO interacts VALUES(118900719888, 1, 'Smeb', 3340, 2914, 1);
INSERT INTO interacts VALUES(118900719888, 1, 'Expect', 3340, 2980, 1);
INSERT INTO interacts VALUES(118900719888, 1, 'Peanut', 2031, 3075, 1);
INSERT INTO interacts VALUES(118900719888, 1, 'Trick', 1039, 3141, 1);
INSERT INTO interacts VALUES(118900719888, 1, 'mithy', 3340, 3178, 1);
INSERT INTO interacts VALUES(118900719888, 1, 'Peanut', 3340, 3529, 1);
INSERT INTO interacts VALUES(118900719888, 1, 'Trick', 2031, 3529, 1);
INSERT INTO interacts VALUES(118900719888, 1, 'Trick', 3340, 3919, 1);
INSERT INTO interacts VALUES(118900719888, 1, 'Kuro', 1056, 4212, 1);
INSERT INTO interacts VALUES(118900719888, 1, 'Kuro', 2003, 4413, 1);
INSERT INTO interacts VALUES(118900719888, 1, 'Kuro', 2003, 4537, 1);
INSERT INTO interacts VALUES(118900719888, 1, 'Kuro', 3340, 4797, 1);
INSERT INTO interacts VALUES(118900719888, 1, 'Smeb', 1001, 189005, 1);
INSERT INTO interacts VALUES(118900719888, 1, 'Trick', 1041, 190477, 1);
INSERT INTO interacts VALUES(118900719888, 1, 'Trick', 2032, 191350, 1);
INSERT INTO interacts VALUES(118900719888, 1, 'Expect', 1033, 197328, 1);
INSERT INTO interacts VALUES(118900719888, 1, 'Expect', 1001, 200799, 1);
INSERT INTO interacts VALUES(118900719888, 1, 'Expect', 2043, 200966, 1);
INSERT INTO interacts VALUES(118900719888, 1, 'Trick', 3711, 303811, 1);
INSERT INTO interacts VALUES(118900719888, 1, 'Trick', 2043, 305212, 1);
INSERT INTO interacts VALUES(118900719888, 1, 'Kuro', 3196, 330887, 1);
INSERT INTO interacts VALUES(118900719888, 1, 'Perkz', 3070, 342649, 1);
INSERT INTO interacts VALUES(118900719888, 1, 'Perkz', 1033, 344474, 1);
INSERT INTO interacts VALUES(118900719888, 1, 'Perkz', 2043, 345903, 1);
INSERT INTO interacts VALUES(118900719888, 1, 'Peanut', 3133, 347622, 1);
INSERT INTO interacts VALUES(118900719888, 1, 'Peanut', 1001, 348596, 1);
INSERT INTO interacts VALUES(118900719888, 1, 'Peanut', 2043, 349896, 1);
INSERT INTO interacts VALUES(118900719888, 1, 'Expect', 3211, 409033, 1);
INSERT INTO interacts VALUES(118900719888, 1, 'Expect', 1028, 409616, 1);
INSERT INTO interacts VALUES(118900719888, 1, 'Kuro', 1001, 423740, 1);
INSERT INTO interacts VALUES(118900719888, 1, 'Kuro', 2003, 424682, 1);
INSERT INTO interacts VALUES(118900719888, 1, 'Kuro', 2043, 425074, 1);
INSERT INTO interacts VALUES(118900719888, 1, 'Kuro', 2003, 426405, 1);
INSERT INTO interacts VALUES(118900719888, 1, 'Smeb', 1026, 434644, 1);
INSERT INTO interacts VALUES(118900719888, 1, 'Smeb', 1052, 434941, 1);
INSERT INTO interacts VALUES(118900719888, 1, 'Smeb', 2003, 436508, 1);
INSERT INTO interacts VALUES(118900719888, 1, 'Perkz', 1057, 453172, 1);
INSERT INTO interacts VALUES(118900719888, 1, 'Perkz', 1028, 455944, 1);
INSERT INTO interacts VALUES(118900719888, 1, 'mithy', 2049, 456418, 1);
INSERT INTO interacts VALUES(118900719888, 1, 'mithy', 2043, 457264, 1);
INSERT INTO interacts VALUES(118900719888, 1, 'Trick', 1052, 457264, 1);
INSERT INTO interacts VALUES(118900719888, 1, 'mithy', 2043, 457395, 1);
INSERT INTO interacts VALUES(118900719888, 1, 'mithy', 3341, 457687, 1);
INSERT INTO interacts VALUES(118900719888, 1, 'Trick', 1001, 458277, 1);
INSERT INTO interacts VALUES(118900719888, 1, 'Zven', 1038, 458817, 1);
INSERT INTO interacts VALUES(118900719888, 1, 'Zven', 1001, 459144, 1);
INSERT INTO interacts VALUES(118900719888, 1, 'Zven', 1083, 464472, 1);
INSERT INTO interacts VALUES(118900719888, 1, 'GorillA', 2049, 467266, 1);
INSERT INTO interacts VALUES(118900719888, 1, 'GorillA', 1001, 467696, 1);
INSERT INTO interacts VALUES(118900719888, 1, 'GorillA', 3341, 468308, 1);
INSERT INTO interacts VALUES(118900719888, 1, 'PraY', 1038, 471169, 1);
INSERT INTO interacts VALUES(118900719888, 1, 'PraY', 1001, 471820, 1);
INSERT INTO interacts VALUES(118900719888, 1, 'PraY', 1042, 473217, 1);
INSERT INTO interacts VALUES(118900719888, 1, 'PraY', 2010, 473617, 1);
INSERT INTO interacts VALUES(118900719888, 1, 'PraY', 2010, 473878, 1);
INSERT INTO interacts VALUES(118900719888, 1, 'Kuro', 3197, 547615, 1);
INSERT INTO interacts VALUES(118900719888, 1, 'Expect', 3751, 557041, 1);
INSERT INTO interacts VALUES(118900719888, 1, 'Kuro', 2043, 568696, 1);
INSERT INTO interacts VALUES(118900719888, 1, 'Perkz', 3108, 573931, 1);
INSERT INTO interacts VALUES(118900719888, 1, 'Smeb', 3136, 609429, 1);
INSERT INTO interacts VALUES(118900719888, 1, 'Peanut', 1408, 610139, 1);
INSERT INTO interacts VALUES(118900719888, 1, 'Peanut', 1036, 616251, 1);
INSERT INTO interacts VALUES(118900719888, 1, 'GorillA', 2043, 638210, 1);
INSERT INTO interacts VALUES(118900719888, 1, 'GorillA', 2031, 638501, 1);
INSERT INTO interacts VALUES(118900719888, 1, 'Trick', 3113, 648646, 1);
INSERT INTO interacts VALUES(118900719888, 1, 'Trick', 1052, 648842, 1);
INSERT INTO interacts VALUES(118900719888, 1, 'Trick', 2043, 650107, 1);
INSERT INTO interacts VALUES(118900719888, 1, 'Trick', 3341, 651151, 1);
INSERT INTO interacts VALUES(118900719888, 1, 'mithy', 1001, 651477, 1);
INSERT INTO interacts VALUES(118900719888, 1, 'mithy', 1028, 651999, 1);
INSERT INTO interacts VALUES(118900719888, 1, 'mithy', 2043, 654726, 1);
INSERT INTO interacts VALUES(118900719888, 1, 'Zven', 3006, 666610, 1);
INSERT INTO interacts VALUES(118900719888, 1, 'Zven', 1036, 667388, 1);
INSERT INTO interacts VALUES(118900719888, 1, 'Zven', 2043, 667875, 1);
INSERT INTO interacts VALUES(118900719888, 1, 'PraY', 3086, 677898, 1);
INSERT INTO interacts VALUES(118900719888, 1, 'PraY', 1042, 678436, 1);
INSERT INTO interacts VALUES(118900719888, 1, 'Trick', 1410, 715497, 1);
INSERT INTO interacts VALUES(118900719888, 1, 'Expect', 3067, 739371, 1);
INSERT INTO interacts VALUES(118900719888, 1, 'Perkz', 3001, 754808, 1);
INSERT INTO interacts VALUES(118900719888, 1, 'Perkz', 2010, 756731, 1);
INSERT INTO interacts VALUES(118900719888, 1, 'Perkz', 2043, 758617, 1);
INSERT INTO interacts VALUES(118900719888, 1, 'Perkz', 3363, 759000, 1);
INSERT INTO interacts VALUES(118900719888, 1, 'Smeb', 3151, 759490, 1);
INSERT INTO interacts VALUES(118900719888, 1, 'Smeb', 2043, 761062, 1);
INSERT INTO interacts VALUES(118900719888, 1, 'Kuro', 3198, 771113, 1);
INSERT INTO interacts VALUES(118900719888, 1, 'Kuro', 3158, 772476, 1);
INSERT INTO interacts VALUES(118900719888, 1, 'mithy', 2043, 809687, 1);
INSERT INTO interacts VALUES(118900719888, 1, 'mithy', 2043, 811092, 1);
INSERT INTO interacts VALUES(118900719888, 1, 'mithy', 2031, 811343, 1);
INSERT INTO interacts VALUES(118900719888, 1, 'Trick', 3158, 825111, 1);
INSERT INTO interacts VALUES(118900719888, 1, 'Trick', 3363, 825762, 1);
INSERT INTO interacts VALUES(118900719888, 1, 'Trick', 3364, 826121, 1);
INSERT INTO interacts VALUES(118900719888, 1, 'Expect', 3065, 846862, 1);
INSERT INTO interacts VALUES(118900719888, 1, 'PraY', 3085, 848341, 1);
INSERT INTO interacts VALUES(118900719888, 1, 'PraY', 2043, 849513, 1);
INSERT INTO interacts VALUES(118900719888, 1, 'PraY', 3363, 849979, 1);
INSERT INTO interacts VALUES(118900719888, 1, 'Peanut', 3155, 854695, 1);
INSERT INTO interacts VALUES(118900719888, 1, 'Peanut', 3341, 857816, 1);
INSERT INTO interacts VALUES(118900719888, 1, 'Peanut', 3340, 858903, 1);
INSERT INTO interacts VALUES(118900719888, 1, 'Peanut', 2043, 859778, 1);
INSERT INTO interacts VALUES(118900719888, 1, 'GorillA', 3117, 863190, 1);
INSERT INTO interacts VALUES(118900719888, 1, 'GorillA', 2043, 863531, 1);
INSERT INTO interacts VALUES(118900719888, 1, 'Zven', 3133, 868628, 1);
INSERT INTO interacts VALUES(118900719888, 1, 'Zven', 1042, 869306, 1);
INSERT INTO interacts VALUES(118900719888, 1, 'Smeb', 3111, 915128, 1);
INSERT INTO interacts VALUES(118900719888, 1, 'Smeb', 2043, 917699, 1);
INSERT INTO interacts VALUES(118900719888, 1, 'Perkz', 3802, 971130, 1);
INSERT INTO interacts VALUES(118900719888, 1, 'Perkz', 2010, 972758, 1);
INSERT INTO interacts VALUES(118900719888, 1, 'mithy', 3117, 977207, 1);
INSERT INTO interacts VALUES(118900719888, 1, 'Trick', 1028, 979778, 1);
INSERT INTO interacts VALUES(118900719888, 1, 'Trick', 1027, 980651, 1);
INSERT INTO interacts VALUES(118900719888, 1, 'Trick', 2043, 981139, 1);
INSERT INTO interacts VALUES(118900719888, 1, 'Peanut', 3111, 981370, 1);
INSERT INTO interacts VALUES(118900719888, 1, 'mithy', 3009, 989747, 1);
INSERT INTO interacts VALUES(118900719888, 1, 'Peanut', 1028, 989747, 1);
INSERT INTO interacts VALUES(118900719888, 1, 'Smeb', 1052, 989979, 1);
INSERT INTO interacts VALUES(118900719888, 1, 'mithy', 2043, 990987, 1);
INSERT INTO interacts VALUES(118900719888, 1, 'Kuro', 1057, 1014730, 1);
INSERT INTO interacts VALUES(118900719888, 1, 'PraY', 3006, 1015072, 1);
INSERT INTO interacts VALUES(118900719888, 1, 'Kuro', 1058, 1016035, 1);
INSERT INTO interacts VALUES(118900719888, 1, 'PraY', 2010, 1016639, 0);
INSERT INTO interacts VALUES(118900719888, 1, 'PraY', 1018, 1017046, 1);
INSERT INTO interacts VALUES(118900719888, 1, 'Kuro', 2003, 1017632, 0);
INSERT INTO interacts VALUES(118900719888, 1, 'Kuro', 2043, 1018220, 1);
INSERT INTO interacts VALUES(118900719888, 1, 'GorillA', 2045, 1018804, 1);
INSERT INTO interacts VALUES(118900719888, 1, 'GorillA', 2043, 1019098, 1);
INSERT INTO interacts VALUES(118900719888, 1, 'Kuro', 3363, 1019650, 1);
INSERT INTO interacts VALUES(118900719888, 1, 'GorillA', 2031, 1020709, 0);
INSERT INTO interacts VALUES(118900719888, 1, 'GorillA', 1028, 1021752, 1);
INSERT INTO interacts VALUES(118900719888, 1, 'Expect', 1031, 1022384, 1);
INSERT INTO interacts VALUES(118900719888, 1, 'Expect', 3111, 1039727, 1);
INSERT INTO interacts VALUES(118900719888, 1, 'Zven', 3508, 1060916, 1);
INSERT INTO interacts VALUES(118900719888, 1, 'Zven', 1051, 1061745, 1);
INSERT INTO interacts VALUES(118900719888, 1, 'Zven', 1083, 1064075, 0);
INSERT INTO interacts VALUES(118900719888, 1, 'Zven', 2043, 1064626, 1);
INSERT INTO interacts VALUES(118900719888, 1, 'Trick', 3010, 1086257, 1);
INSERT INTO interacts VALUES(118900719888, 1, 'Trick', 2043, 1087460, 1);
INSERT INTO interacts VALUES(118900719888, 1, 'Trick', 1082, 1089237, 1);
INSERT INTO interacts VALUES(118900719888, 1, 'mithy', 2045, 1101403, 1);
INSERT INTO interacts VALUES(118900719888, 1, 'mithy', 2043, 1101887, 1);
INSERT INTO interacts VALUES(118900719888, 1, 'mithy', 2043, 1101959, 1);
INSERT INTO interacts VALUES(118900719888, 1, 'GorillA', 1033, 1112194, 1);
INSERT INTO interacts VALUES(118900719888, 1, 'GorillA', 2043, 1112796, 1);
INSERT INTO interacts VALUES(118900719888, 1, 'Peanut', 1011, 1117812, 1);
INSERT INTO interacts VALUES(118900719888, 1, 'Peanut', 1029, 1119770, 1);
INSERT INTO interacts VALUES(118900719888, 1, 'Smeb', 3135, 1207139, 1);
INSERT INTO interacts VALUES(118900719888, 1, 'mithy', 1028, 1213655, 1);
INSERT INTO interacts VALUES(118900719888, 1, 'Zven', 2043, 1214829, 0);
INSERT INTO interacts VALUES(118900719888, 1, 'Zven', 1038, 1215807, 1);
INSERT INTO interacts VALUES(118900719888, 1, 'GorillA', 3801, 1242161, 1);
INSERT INTO interacts VALUES(118900719888, 1, 'GorillA', 2043, 1242451, 1);
INSERT INTO interacts VALUES(118900719888, 1, 'Kuro', 3116, 1262717, 1);
INSERT INTO interacts VALUES(118900719888, 1, 'Expect', 3068, 1269308, 1);
INSERT INTO interacts VALUES(118900719888, 1, 'PraY', 3031, 1285168, 1);
INSERT INTO interacts VALUES(118900719888, 1, 'GorillA', 2043, 1286303, 1);
INSERT INTO interacts VALUES(118900719888, 1, 'PraY', 2043, 1286564, 1);
INSERT INTO interacts VALUES(118900719888, 1, 'PraY', 2010, 1286804, 1);
INSERT INTO interacts VALUES(118900719888, 1, 'Trick', 3027, 1289095, 1);
INSERT INTO interacts VALUES(118900719888, 1, 'mithy', 3067, 1322456, 1);
INSERT INTO interacts VALUES(118900719888, 1, 'mithy', 2043, 1323561, 1);
INSERT INTO interacts VALUES(118900719888, 1, 'mithy', 2043, 1323691, 1);
INSERT INTO interacts VALUES(118900719888, 1, 'Perkz', 3135, 1327651, 1);
INSERT INTO interacts VALUES(118900719888, 1, 'GorillA', 3105, 1362073, 1);
INSERT INTO interacts VALUES(118900719888, 1, 'GorillA', 2043, 1362624, 1);
INSERT INTO interacts VALUES(118900719888, 1, 'GorillA', 3364, 1362817, 1);
INSERT INTO interacts VALUES(118900719888, 1, 'Zven', 3086, 1376816, 1);
INSERT INTO interacts VALUES(118900719888, 1, 'Zven', 1042, 1377140, 1);
INSERT INTO interacts VALUES(118900719888, 1, 'Zven', 3363, 1378602, 1);
INSERT INTO interacts VALUES(118900719888, 1, 'mithy', 3364, 1387626, 1);
INSERT INTO interacts VALUES(118900719888, 1, 'Expect', 3057, 1401169, 1);
INSERT INTO interacts VALUES(118900719888, 1, 'Expect', 2043, 1402855, 1);
INSERT INTO interacts VALUES(118900719888, 1, 'mithy', 2031, 1465109, 0);
INSERT INTO interacts VALUES(118900719888, 1, 'GorillA', 1028, 1465833, 1);
INSERT INTO interacts VALUES(118900719888, 1, 'mithy', 1033, 1465972, 1);
INSERT INTO interacts VALUES(118900719888, 1, 'GorillA', 2043, 1466361, 1);
INSERT INTO interacts VALUES(118900719888, 1, 'GorillA', 2043, 1466460, 1);
INSERT INTO interacts VALUES(118900719888, 1, 'Smeb', 3191, 1468670, 1);
INSERT INTO interacts VALUES(118900719888, 1, 'GorillA', 3341, 1469028, 1);
INSERT INTO interacts VALUES(118900719888, 1, 'Smeb', 1052, 1469224, 1);
INSERT INTO interacts VALUES(118900719888, 1, 'GorillA', 3364, 1469530, 1);
INSERT INTO interacts VALUES(118900719888, 1, 'Trick', 1058, 1471214, 1);
INSERT INTO interacts VALUES(118900719888, 1, 'Peanut', 3742, 1472805, 1);
INSERT INTO interacts VALUES(118900719888, 1, 'Kuro', 3108, 1476586, 1);
INSERT INTO interacts VALUES(118900719888, 1, 'Peanut', 2031, 1476652, 0);
INSERT INTO interacts VALUES(118900719888, 1, 'Kuro', 1056, 1477561, 0);
INSERT INTO interacts VALUES(118900719888, 1, 'Kuro', 2043, 1478277, 1);
INSERT INTO interacts VALUES(118900719888, 1, 'Peanut', 3134, 1479095, 1);
INSERT INTO interacts VALUES(118900719888, 1, 'PraY', 3086, 1480032, 1);
INSERT INTO interacts VALUES(118900719888, 1, 'Peanut', 2043, 1490146, 1);
INSERT INTO interacts VALUES(118900719888, 1, 'Zven', 3094, 1497274, 1);
INSERT INTO interacts VALUES(118900719888, 1, 'Zven', 2043, 1498022, 1);
INSERT INTO interacts VALUES(118900719888, 1, 'GorillA', 3190, 1618740, 1);
INSERT INTO interacts VALUES(118900719888, 1, 'GorillA', 2043, 1619075, 1);
INSERT INTO interacts VALUES(118900719888, 1, 'mithy', 2043, 1627765, 1);
INSERT INTO interacts VALUES(118900719888, 1, 'mithy', 2043, 1627928, 1);
INSERT INTO interacts VALUES(118900719888, 1, 'Kuro', 3001, 1632837, 1);
INSERT INTO interacts VALUES(118900719888, 1, 'Kuro', 2043, 1633749, 1);
INSERT INTO interacts VALUES(118900719888, 1, 'Kuro', 2003, 1634012, 1);
INSERT INTO interacts VALUES(118900719888, 1, 'Kuro', 2003, 1634129, 1);
INSERT INTO interacts VALUES(118900719888, 1, 'Peanut', 1028, 1636132, 1);
INSERT INTO interacts VALUES(118900719888, 1, 'Zven', 1018, 1643353, 1);
INSERT INTO interacts VALUES(118900719888, 1, 'Smeb', 3157, 1657312, 1);
INSERT INTO interacts VALUES(118900719888, 1, 'Smeb', 2043, 1659582, 1);
INSERT INTO interacts VALUES(118900719888, 1, 'Expect', 2043, 1667228, 0);
INSERT INTO interacts VALUES(118900719888, 1, 'Expect', 3024, 1668375, 1);
INSERT INTO interacts VALUES(118900719888, 1, 'mithy', 3105, 1744381, 1);
INSERT INTO interacts VALUES(118900719888, 1, 'mithy', 2043, 1746763, 1);
INSERT INTO interacts VALUES(118900719888, 1, 'Peanut', 3156, 1773586, 1);
INSERT INTO interacts VALUES(118900719888, 1, 'GorillA', 3067, 1774296, 1);
INSERT INTO interacts VALUES(118900719888, 1, 'GorillA', 2043, 1774595, 1);
INSERT INTO interacts VALUES(118900719888, 1, 'GorillA', 2043, 1774688, 1);
INSERT INTO interacts VALUES(118900719888, 1, 'Peanut', 2043, 1775469, 1);
INSERT INTO interacts VALUES(118900719888, 1, 'PraY', 3094, 1776188, 1);
INSERT INTO interacts VALUES(118900719888, 1, 'PraY', 2010, 1777447, 1);
INSERT INTO interacts VALUES(118900719888, 1, 'Expect', 3025, 1815563, 1);
INSERT INTO interacts VALUES(118900719888, 1, 'mithy', 3190, 1823517, 1);
INSERT INTO interacts VALUES(118900719888, 1, 'mithy', 2043, 1824767, 1);
INSERT INTO interacts VALUES(118900719888, 1, 'Kuro', 1026, 1825222, 1);
INSERT INTO interacts VALUES(118900719888, 1, 'Smeb', 1058, 1825942, 1);
INSERT INTO interacts VALUES(118900719888, 1, 'Kuro', 2003, 1826121, 0);
INSERT INTO interacts VALUES(118900719888, 1, 'mithy', 2043, 1826787, 1);
INSERT INTO interacts VALUES(118900719888, 1, 'Kuro', 1052, 1827017, 1);
INSERT INTO interacts VALUES(118900719888, 1, 'Peanut', 1029, 1829258, 1);
INSERT INTO interacts VALUES(118900719888, 1, 'Trick', 2032, 1829390, 0);
INSERT INTO interacts VALUES(118900719888, 1, 'Zven', 3031, 1829454, 1);
INSERT INTO interacts VALUES(118900719888, 1, 'Trick', 3116, 1830303, 1);
INSERT INTO interacts VALUES(118900719888, 1, 'Perkz', 3165, 1831021, 1);
INSERT INTO interacts VALUES(118900719888, 1, 'Zven', 1036, 1841754, 1);
INSERT INTO interacts VALUES(118900719888, 1, 'Expect', 1057, 1879867, 1);
INSERT INTO interacts VALUES(118900719888, 1, 'Perkz', 2139, 1922726, 1);
INSERT INTO interacts VALUES(118900719888, 1, 'Trick', 1033, 1923536, 1);
INSERT INTO interacts VALUES(118900719888, 1, 'mithy', 1028, 1955825, 1);
INSERT INTO interacts VALUES(118900719888, 1, 'Smeb', 1054, 1973576, 0);
INSERT INTO interacts VALUES(118900719888, 1, 'Kuro', 3135, 1974033, 1);
INSERT INTO interacts VALUES(118900719888, 1, 'Kuro', 2043, 1974721, 1);
INSERT INTO interacts VALUES(118900719888, 1, 'GorillA', 3097, 1976678, 1);
INSERT INTO interacts VALUES(118900719888, 1, 'GorillA', 2043, 1977072, 1);
INSERT INTO interacts VALUES(118900719888, 1, 'GorillA', 2043, 1977197, 1);
INSERT INTO interacts VALUES(118900719888, 1, 'Smeb', 1011, 1978176, 1);
INSERT INTO interacts VALUES(118900719888, 1, 'Peanut', 3082, 1978931, 1);
INSERT INTO interacts VALUES(118900719888, 1, 'Peanut', 3067, 1981132, 1);
INSERT INTO interacts VALUES(118900719888, 1, 'Smeb', 2139, 1984665, 1);
INSERT INTO interacts VALUES(118900719888, 1, 'Zven', 3155, 1991727, 1);
INSERT INTO interacts VALUES(118900719888, 1, 'PraY', 1055, 2000373, 0);
INSERT INTO interacts VALUES(118900719888, 1, 'PraY', 2010, 2001189, 0);
INSERT INTO interacts VALUES(118900719888, 1, 'PraY', 3036, 2004396, 1);
INSERT INTO interacts VALUES(118900719888, 1, 'Expect', 2033, 2007394, 0);
INSERT INTO interacts VALUES(118900719888, 1, 'Expect', 1031, 2009085, 1);
INSERT INTO interacts VALUES(118900719888, 1, 'mithy', 3067, 2078995, 1);
INSERT INTO interacts VALUES(118900719888, 1, 'Trick', 3028, 2086550, 1);
INSERT INTO series VALUES(33892506715, 1);
INSERT INTO organizes VALUES('world_championship_2016', 33892506715, 'group_a - ANX-vs-CLG');
INSERT INTO competes VALUES(33892506715, 'ANX', 1);
INSERT INTO competes VALUES(33892506715, 'CLG', 0);
INSERT INTO matches VALUES(33892506715, 1, '2016-10-06');
INSERT INTO scores VALUES('ANX', 33892506715, 1, 3, 11, 1, 1, 3, 1);
INSERT INTO scores VALUES('CLG', 33892506715, 1, 0, 0, 0, 0, 0, 0);
INSERT INTO bans VALUES(33892506715, 1, 51, 1);
INSERT INTO bans VALUES(33892506715, 1, 2, 3);
INSERT INTO bans VALUES(33892506715, 1, 136, 5);
INSERT INTO bans VALUES(33892506715, 1, 63, 2);
INSERT INTO bans VALUES(33892506715, 1, 34, 4);
INSERT INTO bans VALUES(33892506715, 1, 76, 6);
INSERT INTO plays VALUES(33892506715, 1, 'Smurf', 78, 'top', 1, 0, 4, 10263, 16, 3, 273, 0, 0, 12836);
INSERT INTO plays VALUES(33892506715, 1, 'PvPStejos', 104, 'jungle', 3, 0, 5, 10390, 25, 11, 59, 92, 20, 12713);
INSERT INTO plays VALUES(33892506715, 1, 'Kira', 112, 'mid', 3, 1, 2, 23213, 16, 9, 258, 17, 1, 12836);
INSERT INTO plays VALUES(33892506715, 1, 'aMiracle', 15, 'adc', 2, 0, 7, 14944, 10, 4, 239, 8, 1, 13050);
INSERT INTO plays VALUES(33892506715, 1, 'Likkrit', 432, 'support', 3, 2, 7, 7673, 31, 11, 21, 0, 0, 9631);
INSERT INTO plays VALUES(33892506715, 1, 'Darshan', 126, 'top', 2, 1, 1, 13173, 15, 3, 253, 4, 0, 10302);
INSERT INTO plays VALUES(33892506715, 1, 'Xmithie', 60, 'jungle', 0, 2, 1, 7465, 26, 17, 35, 105, 7, 9531);
INSERT INTO plays VALUES(33892506715, 1, 'Huhi', 43, 'mid', 1, 3, 1, 9376, 15, 2, 256, 5, 3, 10184);
INSERT INTO plays VALUES(33892506715, 1, 'Stixxay', 236, 'adc', 0, 3, 0, 11135, 10, 6, 283, 7, 0, 10295);
INSERT INTO plays VALUES(33892506715, 1, 'aphromoo', 267, 'support', 0, 3, 2, 4300, 28, 6, 7, 0, 0, 6132);
INSERT INTO interacts VALUES(33892506715, 1, 'Stixxay', 3340, 1197, 1);
INSERT INTO interacts VALUES(33892506715, 1, 'Stixxay', 2010, 1424, 1);
INSERT INTO interacts VALUES(33892506715, 1, 'aphromoo', 3340, 1457, 1);
INSERT INTO interacts VALUES(33892506715, 1, 'Stixxay', 1055, 1649, 1);
INSERT INTO interacts VALUES(33892506715, 1, 'aphromoo', 3303, 1747, 1);
INSERT INTO interacts VALUES(33892506715, 1, 'Huhi', 3340, 1843, 1);
INSERT INTO interacts VALUES(33892506715, 1, 'aphromoo', 2010, 1940, 1);
INSERT INTO interacts VALUES(33892506715, 1, 'Xmithie', 3340, 1972, 1);
INSERT INTO interacts VALUES(33892506715, 1, 'aphromoo', 2010, 2037, 1);
INSERT INTO interacts VALUES(33892506715, 1, 'Darshan', 3340, 2037, 1);
INSERT INTO interacts VALUES(33892506715, 1, 'aphromoo', 2010, 2102, 1);
INSERT INTO interacts VALUES(33892506715, 1, 'Darshan', 2003, 2336, 1);
INSERT INTO interacts VALUES(33892506715, 1, 'Likkrit', 3303, 2393, 1);
INSERT INTO interacts VALUES(33892506715, 1, 'PvPStejos', 1041, 2426, 1);
INSERT INTO interacts VALUES(33892506715, 1, 'Darshan', 1055, 2556, 1);
INSERT INTO interacts VALUES(33892506715, 1, 'Xmithie', 1039, 2652, 1);
INSERT INTO interacts VALUES(33892506715, 1, 'Smurf', 2033, 2685, 1);
INSERT INTO interacts VALUES(33892506715, 1, 'Huhi', 2010, 2718, 1);
INSERT INTO interacts VALUES(33892506715, 1, 'Likkrit', 3340, 2750, 1);
INSERT INTO interacts VALUES(33892506715, 1, 'Huhi', 2010, 2858, 1);
INSERT INTO interacts VALUES(33892506715, 1, 'PvPStejos', 3340, 2978, 1);
INSERT INTO interacts VALUES(33892506715, 1, 'Smurf', 3340, 2978, 1);
INSERT INTO interacts VALUES(33892506715, 1, 'Kira', 1056, 3042, 1);
INSERT INTO interacts VALUES(33892506715, 1, 'Likkrit', 2010, 3075, 1);
INSERT INTO interacts VALUES(33892506715, 1, 'Likkrit', 2010, 3204, 1);
INSERT INTO interacts VALUES(33892506715, 1, 'aMiracle', 1055, 3238, 1);
INSERT INTO interacts VALUES(33892506715, 1, 'Kira', 2003, 3269, 1);
INSERT INTO interacts VALUES(33892506715, 1, 'Huhi', 1056, 3301, 1);
INSERT INTO interacts VALUES(33892506715, 1, 'Likkrit', 2010, 3333, 1);
INSERT INTO interacts VALUES(33892506715, 1, 'Kira', 2003, 3398, 1);
INSERT INTO interacts VALUES(33892506715, 1, 'aMiracle', 2010, 3494, 1);
INSERT INTO interacts VALUES(33892506715, 1, 'Kira', 3340, 3655, 1);
INSERT INTO interacts VALUES(33892506715, 1, 'aMiracle', 3340, 3655, 1);
INSERT INTO interacts VALUES(33892506715, 1, 'Xmithie', 2031, 3914, 1);
INSERT INTO interacts VALUES(33892506715, 1, 'PvPStejos', 2031, 4302, 1);
INSERT INTO interacts VALUES(33892506715, 1, 'Darshan', 1036, 272450, 1);
INSERT INTO interacts VALUES(33892506715, 1, 'Darshan', 1036, 272635, 1);
INSERT INTO interacts VALUES(33892506715, 1, 'Darshan', 2043, 273681, 1);
INSERT INTO interacts VALUES(33892506715, 1, 'Darshan', 2043, 274133, 1);
INSERT INTO interacts VALUES(33892506715, 1, 'Darshan', 2003, 275920, 1);
INSERT INTO interacts VALUES(33892506715, 1, 'Darshan', 2003, 280658, 1);
INSERT INTO interacts VALUES(33892506715, 1, 'Smurf', 1029, 289170, 1);
INSERT INTO interacts VALUES(33892506715, 1, 'Smurf', 1028, 289722, 1);
INSERT INTO interacts VALUES(33892506715, 1, 'Smurf', 2043, 291641, 1);
INSERT INTO interacts VALUES(33892506715, 1, 'Xmithie', 3711, 297610, 1);
INSERT INTO interacts VALUES(33892506715, 1, 'Xmithie', 2043, 299233, 1);
INSERT INTO interacts VALUES(33892506715, 1, 'Huhi', 3028, 313657, 1);
INSERT INTO interacts VALUES(33892506715, 1, 'Huhi', 2043, 315642, 1);
INSERT INTO interacts VALUES(33892506715, 1, 'Huhi', 2010, 316002, 1);
INSERT INTO interacts VALUES(33892506715, 1, 'PvPStejos', 3711, 359819, 1);
INSERT INTO interacts VALUES(33892506715, 1, 'PvPStejos', 1036, 360485, 1);
INSERT INTO interacts VALUES(33892506715, 1, 'PvPStejos', 1036, 360748, 1);
INSERT INTO interacts VALUES(33892506715, 1, 'Kira', 3196, 361039, 1);
INSERT INTO interacts VALUES(33892506715, 1, 'Kira', 2043, 362337, 1);
INSERT INTO interacts VALUES(33892506715, 1, 'Kira', 2003, 367664, 1);
INSERT INTO interacts VALUES(33892506715, 1, 'Darshan', 1028, 374972, 1);
INSERT INTO interacts VALUES(33892506715, 1, 'Darshan', 2003, 375910, 1);
INSERT INTO interacts VALUES(33892506715, 1, 'Darshan', 2003, 376044, 1);
INSERT INTO interacts VALUES(33892506715, 1, 'Smurf', 3751, 391146, 1);
INSERT INTO interacts VALUES(33892506715, 1, 'Huhi', 1052, 392896, 1);
INSERT INTO interacts VALUES(33892506715, 1, 'Huhi', 2010, 393937, 1);
INSERT INTO interacts VALUES(33892506715, 1, 'aphromoo', 2049, 533987, 1);
INSERT INTO interacts VALUES(33892506715, 1, 'aphromoo', 1001, 534201, 1);
INSERT INTO interacts VALUES(33892506715, 1, 'aphromoo', 2043, 535668, 1);
INSERT INTO interacts VALUES(33892506715, 1, 'aphromoo', 2010, 536475, 1);
INSERT INTO interacts VALUES(33892506715, 1, 'aphromoo', 3341, 537416, 1);
INSERT INTO interacts VALUES(33892506715, 1, 'Stixxay', 3134, 542703, 1);
INSERT INTO interacts VALUES(33892506715, 1, 'Stixxay', 3134, 542832, 1);
INSERT INTO interacts VALUES(33892506715, 1, 'Stixxay', 3006, 544893, 1);
INSERT INTO interacts VALUES(33892506715, 1, 'Stixxay', 2010, 545930, 1);
INSERT INTO interacts VALUES(33892506715, 1, 'Stixxay', 2043, 546241, 1);
INSERT INTO interacts VALUES(33892506715, 1, 'Likkrit', 2049, 548353, 1);
INSERT INTO interacts VALUES(33892506715, 1, 'Likkrit', 3117, 548643, 1);
INSERT INTO interacts VALUES(33892506715, 1, 'Likkrit', 3341, 549719, 1);
INSERT INTO interacts VALUES(33892506715, 1, 'Likkrit', 2043, 550011, 1);
INSERT INTO interacts VALUES(33892506715, 1, 'aMiracle', 1038, 560663, 1);
INSERT INTO interacts VALUES(33892506715, 1, 'aMiracle', 1001, 562880, 1);
INSERT INTO interacts VALUES(33892506715, 1, 'PvPStejos', 1408, 565573, 1);
INSERT INTO interacts VALUES(33892506715, 1, 'aMiracle', 1036, 566156, 1);
INSERT INTO interacts VALUES(33892506715, 1, 'PvPStejos', 2043, 566938, 1);
INSERT INTO interacts VALUES(33892506715, 1, 'PvPStejos', 3341, 569700, 1);
INSERT INTO interacts VALUES(33892506715, 1, 'aMiracle', 2031, 569929, 1);
INSERT INTO interacts VALUES(33892506715, 1, 'Smurf', 1001, 570837, 1);
INSERT INTO interacts VALUES(33892506715, 1, 'Smurf', 1031, 571940, 1);
INSERT INTO interacts VALUES(33892506715, 1, 'Darshan', 3044, 578832, 1);
INSERT INTO interacts VALUES(33892506715, 1, 'Darshan', 1036, 580457, 1);
INSERT INTO interacts VALUES(33892506715, 1, 'Darshan', 1001, 581542, 1);
INSERT INTO interacts VALUES(33892506715, 1, 'Huhi', 3174, 583157, 1);
INSERT INTO interacts VALUES(33892506715, 1, 'Darshan', 2003, 584143, 1);
INSERT INTO interacts VALUES(33892506715, 1, 'Huhi', 2010, 585532, 1);
INSERT INTO interacts VALUES(33892506715, 1, 'Huhi', 2010, 585663, 1);
INSERT INTO interacts VALUES(33892506715, 1, 'Huhi', 2010, 586086, 1);
INSERT INTO interacts VALUES(33892506715, 1, 'Xmithie', 1410, 593722, 1);
INSERT INTO interacts VALUES(33892506715, 1, 'Xmithie', 2043, 596585, 1);
INSERT INTO interacts VALUES(33892506715, 1, 'Xmithie', 2043, 596746, 1);
INSERT INTO interacts VALUES(33892506715, 1, 'Huhi', 1001, 649340, 1);
INSERT INTO interacts VALUES(33892506715, 1, 'Huhi', 3363, 649571, 1);
INSERT INTO interacts VALUES(33892506715, 1, 'Huhi', 2043, 651992, 1);
INSERT INTO interacts VALUES(33892506715, 1, 'Kira', 3198, 665665, 1);
INSERT INTO interacts VALUES(33892506715, 1, 'Kira', 1001, 666298, 1);
INSERT INTO interacts VALUES(33892506715, 1, 'Kira', 2003, 669859, 1);
INSERT INTO interacts VALUES(33892506715, 1, 'PvPStejos', 1001, 714152, 1);
INSERT INTO interacts VALUES(33892506715, 1, 'PvPStejos', 1029, 715141, 1);
INSERT INTO interacts VALUES(33892506715, 1, 'PvPStejos', 1042, 716410, 1);
INSERT INTO interacts VALUES(33892506715, 1, 'Xmithie', 1001, 716863, 1);
INSERT INTO interacts VALUES(33892506715, 1, 'Xmithie', 1028, 717837, 1);
INSERT INTO interacts VALUES(33892506715, 1, 'Xmithie', 2043, 718654, 1);
INSERT INTO interacts VALUES(33892506715, 1, 'Xmithie', 3341, 719236, 1);
INSERT INTO interacts VALUES(33892506715, 1, 'Stixxay', 3133, 776452, 1);
INSERT INTO interacts VALUES(33892506715, 1, 'Stixxay', 2010, 777138, 1);
INSERT INTO interacts VALUES(33892506715, 1, 'Stixxay', 2010, 777235, 1);
INSERT INTO interacts VALUES(33892506715, 1, 'Darshan', 3071, 798595, 1);
INSERT INTO interacts VALUES(33892506715, 1, 'aMiracle', 3133, 810100, 1);
INSERT INTO interacts VALUES(33892506715, 1, 'aphromoo', 3117, 811241, 1);
INSERT INTO interacts VALUES(33892506715, 1, 'Darshan', 2043, 811432, 1);
INSERT INTO interacts VALUES(33892506715, 1, 'Darshan', 2003, 811756, 1);
INSERT INTO interacts VALUES(33892506715, 1, 'aphromoo', 2043, 811854, 1);
INSERT INTO interacts VALUES(33892506715, 1, 'Darshan', 2003, 811854, 1);
INSERT INTO interacts VALUES(33892506715, 1, 'aphromoo', 2010, 812441, 1);
INSERT INTO interacts VALUES(33892506715, 1, 'aphromoo', 2010, 812595, 1);
INSERT INTO interacts VALUES(33892506715, 1, 'aphromoo', 2043, 812849, 1);
INSERT INTO interacts VALUES(33892506715, 1, 'aMiracle', 1018, 812966, 1);
INSERT INTO interacts VALUES(33892506715, 1, 'Likkrit', 3801, 814068, 1);
INSERT INTO interacts VALUES(33892506715, 1, 'Likkrit', 2043, 815200, 1);
INSERT INTO interacts VALUES(33892506715, 1, 'Likkrit', 2043, 815277, 1);
INSERT INTO interacts VALUES(33892506715, 1, 'Kira', 3158, 816896, 1);
INSERT INTO interacts VALUES(33892506715, 1, 'Kira', 1052, 825453, 1);
INSERT INTO interacts VALUES(33892506715, 1, 'Huhi', 3113, 839438, 1);
INSERT INTO interacts VALUES(33892506715, 1, 'PvPStejos', 3047, 840925, 1);
INSERT INTO interacts VALUES(33892506715, 1, 'Huhi', 1033, 841011, 1);
INSERT INTO interacts VALUES(33892506715, 1, 'Huhi', 2010, 842264, 1);
INSERT INTO interacts VALUES(33892506715, 1, 'Huhi', 2010, 842360, 1);
INSERT INTO interacts VALUES(33892506715, 1, 'PvPStejos', 1042, 844148, 1);
INSERT INTO interacts VALUES(33892506715, 1, 'PvPStejos', 3364, 845813, 1);
INSERT INTO interacts VALUES(33892506715, 1, 'PvPStejos', 2043, 847857, 1);
INSERT INTO interacts VALUES(33892506715, 1, 'Smurf', 3068, 850523, 1);
INSERT INTO interacts VALUES(33892506715, 1, 'Smurf', 3047, 853607, 1);
INSERT INTO interacts VALUES(33892506715, 1, 'Stixxay', 3142, 938240, 1);
INSERT INTO interacts VALUES(33892506715, 1, 'Stixxay', 3363, 938988, 1);
INSERT INTO interacts VALUES(33892506715, 1, 'Stixxay', 2043, 939378, 1);
INSERT INTO interacts VALUES(33892506715, 1, 'aphromoo', 3098, 957059, 1);
INSERT INTO interacts VALUES(33892506715, 1, 'aphromoo', 2043, 979780, 1);
INSERT INTO interacts VALUES(33892506715, 1, 'Darshan', 3047, 1032993, 1);
INSERT INTO interacts VALUES(33892506715, 1, 'Darshan', 1036, 1034113, 1);
INSERT INTO interacts VALUES(33892506715, 1, 'Likkrit', 3105, 1035217, 1);
INSERT INTO interacts VALUES(33892506715, 1, 'Likkrit', 3364, 1035677, 1);
INSERT INTO interacts VALUES(33892506715, 1, 'Likkrit', 1028, 1036127, 1);
INSERT INTO interacts VALUES(33892506715, 1, 'Likkrit', 2043, 1037408, 1);
INSERT INTO interacts VALUES(33892506715, 1, 'Smurf', 3057, 1041510, 1);
INSERT INTO interacts VALUES(33892506715, 1, 'Smurf', 1029, 1042618, 1);
INSERT INTO interacts VALUES(33892506715, 1, 'Smurf', 2043, 1044047, 1);
INSERT INTO interacts VALUES(33892506715, 1, 'Kira', 1058, 1045457, 1);
INSERT INTO interacts VALUES(33892506715, 1, 'Kira', 2043, 1046758, 1);
INSERT INTO interacts VALUES(33892506715, 1, 'aMiracle', 3508, 1046777, 1);
INSERT INTO interacts VALUES(33892506715, 1, 'Kira', 2043, 1046906, 1);
INSERT INTO interacts VALUES(33892506715, 1, 'aMiracle', 3006, 1048138, 1);
INSERT INTO interacts VALUES(33892506715, 1, 'Xmithie', 1011, 1048982, 1);
INSERT INTO interacts VALUES(33892506715, 1, 'aMiracle', 1042, 1050539, 1);
INSERT INTO interacts VALUES(33892506715, 1, 'Xmithie', 1058, 1050539, 1);
INSERT INTO interacts VALUES(33892506715, 1, 'Xmithie', 2031, 1051806, 0);
INSERT INTO interacts VALUES(33892506715, 1, 'aMiracle', 3363, 1052035, 1);
INSERT INTO interacts VALUES(33892506715, 1, 'Xmithie', 2043, 1052557, 1);
INSERT INTO interacts VALUES(33892506715, 1, 'Xmithie', 3364, 1052848, 1);
INSERT INTO interacts VALUES(33892506715, 1, 'Huhi', 3114, 1058273, 1);
INSERT INTO interacts VALUES(33892506715, 1, 'Huhi', 3111, 1062203, 1);
INSERT INTO interacts VALUES(33892506715, 1, 'Huhi', 2043, 1063665, 1);
INSERT INTO interacts VALUES(33892506715, 1, 'Stixxay', 1036, 1065744, 1);
INSERT INTO interacts VALUES(33892506715, 1, 'Stixxay', 1036, 1065906, 1);
INSERT INTO interacts VALUES(33892506715, 1, 'PvPStejos', 3086, 1070492, 1);
INSERT INTO interacts VALUES(33892506715, 1, 'Darshan', 1036, 1126061, 1);
INSERT INTO interacts VALUES(33892506715, 1, 'Darshan', 2043, 1126994, 1);
INSERT INTO interacts VALUES(33892506715, 1, 'Huhi', 3504, 1175239, 1);
INSERT INTO interacts VALUES(33892506715, 1, 'Smurf', 3025, 1210137, 1);
INSERT INTO interacts VALUES(33892506715, 1, 'Likkrit', 3190, 1213801, 1);
INSERT INTO interacts VALUES(33892506715, 1, 'Likkrit', 2043, 1214645, 1);
INSERT INTO interacts VALUES(33892506715, 1, 'Xmithie', 3116, 1236673, 1);
INSERT INTO interacts VALUES(33892506715, 1, 'Xmithie', 2043, 1237979, 1);
INSERT INTO interacts VALUES(33892506715, 1, 'Xmithie', 2043, 1238141, 1);
INSERT INTO interacts VALUES(33892506715, 1, 'PvPStejos', 3046, 1251773, 1);
INSERT INTO interacts VALUES(33892506715, 1, 'PvPStejos', 1036, 1253395, 1);
INSERT INTO interacts VALUES(33892506715, 1, 'PvPStejos', 1036, 1253623, 1);
INSERT INTO interacts VALUES(33892506715, 1, 'Darshan', 1037, 1259339, 1);
INSERT INTO interacts VALUES(33892506715, 1, 'Kira', 3116, 1261449, 1);
INSERT INTO interacts VALUES(33892506715, 1, 'Stixxay', 3133, 1332938, 1);
INSERT INTO interacts VALUES(33892506715, 1, 'Stixxay', 1036, 1333493, 1);
INSERT INTO interacts VALUES(33892506715, 1, 'Smurf', 3067, 1333559, 1);
INSERT INTO interacts VALUES(33892506715, 1, 'Stixxay', 1028, 1333806, 1);
INSERT INTO interacts VALUES(33892506715, 1, 'Darshan', 3035, 1341920, 1);
INSERT INTO interacts VALUES(33892506715, 1, 'aphromoo', 2045, 1345438, 1);
INSERT INTO interacts VALUES(33892506715, 1, 'aphromoo', 1033, 1347912, 1);
INSERT INTO interacts VALUES(33892506715, 1, 'aphromoo', 2043, 1349173, 1);
INSERT INTO interacts VALUES(33892506715, 1, 'aphromoo', 2010, 1349342, 1);
INSERT INTO interacts VALUES(33892506715, 1, 'Stixxay', 3044, 1353149, 1);
INSERT INTO interacts VALUES(33892506715, 1, 'aMiracle', 3046, 1359715, 1);
INSERT INTO interacts VALUES(33892506715, 1, 'PvPStejos', 3044, 1380404, 1);
INSERT INTO interacts VALUES(33892506715, 1, 'Likkrit', 3098, 1381476, 1);
INSERT INTO interacts VALUES(33892506715, 1, 'Likkrit', 2043, 1381897, 1);
INSERT INTO interacts VALUES(33892506715, 1, 'Likkrit', 2043, 1382028, 1);
INSERT INTO interacts VALUES(33892506715, 1, 'aphromoo', 2010, 1464387, 0);
INSERT INTO interacts VALUES(33892506715, 1, 'aphromoo', 1028, 1466681, 1);
INSERT INTO interacts VALUES(33892506715, 1, 'Huhi', 1058, 1501492, 1);
INSERT INTO interacts VALUES(33892506715, 1, 'Huhi', 2043, 1507839, 1);
INSERT INTO interacts VALUES(33892506715, 1, 'Likkrit', 2301, 1508520, 1);
INSERT INTO interacts VALUES(33892506715, 1, 'Likkrit', 3114, 1509755, 1);
INSERT INTO interacts VALUES(33892506715, 1, 'aMiracle', 1038, 1511546, 1);
INSERT INTO interacts VALUES(33892506715, 1, 'Likkrit', 2043, 1511742, 1);
INSERT INTO interacts VALUES(33892506715, 1, 'Xmithie', 3145, 1515293, 1);
INSERT INTO interacts VALUES(33892506715, 1, 'Xmithie', 2043, 1517188, 1);
INSERT INTO interacts VALUES(33892506715, 1, 'PvPStejos', 3071, 1523190, 1);
INSERT INTO interacts VALUES(33892506715, 1, 'PvPStejos', 2043, 1524506, 1);
INSERT INTO interacts VALUES(33892506715, 1, 'Stixxay', 3071, 1526982, 1);
INSERT INTO interacts VALUES(33892506715, 1, 'Stixxay', 1042, 1527637, 1);
INSERT INTO interacts VALUES(33892506715, 1, 'Smurf', 3211, 1530746, 1);
INSERT INTO interacts VALUES(33892506715, 1, 'Kira', 3135, 1546283, 1);
INSERT INTO interacts VALUES(33892506715, 1, 'Xmithie', 3158, 1559648, 1);
INSERT INTO interacts VALUES(33892506715, 1, 'Darshan', 3036, 1574964, 1);
INSERT INTO interacts VALUES(33892506715, 1, 'Darshan', 1036, 1576641, 1);
INSERT INTO interacts VALUES(33892506715, 1, 'Stixxay', 1051, 1661217, 1);
INSERT INTO interacts VALUES(33892506715, 1, 'Darshan', 3134, 1662204, 1);
INSERT INTO interacts VALUES(33892506715, 1, 'aphromoo', 3105, 1663131, 1);
INSERT INTO interacts VALUES(33892506715, 1, 'Xmithie', 1028, 1663760, 1);
INSERT INTO interacts VALUES(33892506715, 1, 'Huhi', 1082, 1664088, 1);
INSERT INTO interacts VALUES(33892506715, 1, 'aphromoo', 3364, 1664638, 1);
INSERT INTO interacts VALUES(33892506715, 1, 'aMiracle', 3031, 1683921, 1);
INSERT INTO interacts VALUES(33892506715, 1, 'PvPStejos', 1038, 1686267, 1);
INSERT INTO interacts VALUES(33892506715, 1, 'Likkrit', 3222, 1686692, 1);
INSERT INTO interacts VALUES(33892506715, 1, 'PvPStejos', 2031, 1687144, 0);
INSERT INTO interacts VALUES(33892506715, 1, 'Likkrit', 2043, 1688605, 1);
INSERT INTO interacts VALUES(33892506715, 1, 'Likkrit', 2043, 1688734, 1);
INSERT INTO interacts VALUES(33892506715, 1, 'PvPStejos', 1018, 1689367, 1);
INSERT INTO interacts VALUES(33892506715, 1, 'Kira', 1058, 1689497, 1);
INSERT INTO interacts VALUES(33892506715, 1, 'Smurf', 2033, 1694490, 0);
INSERT INTO interacts VALUES(33892506715, 1, 'Smurf', 3075, 1695791, 1);
INSERT INTO interacts VALUES(33892506715, 1, 'Stixxay', 3086, 1711512, 1);
INSERT INTO interacts VALUES(33892506715, 1, 'Stixxay', 1042, 1712907, 1);
INSERT INTO interacts VALUES(33892506715, 1, 'Darshan', 1036, 1724039, 1);
INSERT INTO interacts VALUES(33892506715, 1, 'Darshan', 2140, 1724531, 1);
INSERT INTO interacts VALUES(33892506715, 1, 'Xmithie', 3067, 1740271, 1);
INSERT INTO interacts VALUES(33892506715, 1, 'aphromoo', 2043, 1777147, 1);
INSERT INTO interacts VALUES(33892506715, 1, 'aphromoo', 2010, 1777407, 1);
INSERT INTO interacts VALUES(33892506715, 1, 'aphromoo', 2010, 1777539, 1);
INSERT INTO series VALUES(96184702849, 1);
INSERT INTO organizes VALUES('world_championship_2016', 96184702849, 'group_a - CLG-vs-G2');
INSERT INTO competes VALUES(96184702849, 'CLG', 1);
INSERT INTO competes VALUES(96184702849, 'G2', 0);
INSERT INTO matches VALUES(96184702849, 1, '2016-10-06');
INSERT INTO scores VALUES('CLG', 96184702849, 1, 2, 10, 0, 1, 3, 1);
INSERT INTO scores VALUES('G2', 96184702849, 1, 0, 1, 0, 0, 1, 0);
INSERT INTO bans VALUES(96184702849, 1, 15, 1);
INSERT INTO bans VALUES(96184702849, 1, 150, 3);
INSERT INTO bans VALUES(96184702849, 1, 126, 5);
INSERT INTO bans VALUES(96184702849, 1, 136, 2);
INSERT INTO bans VALUES(96184702849, 1, 51, 4);
INSERT INTO bans VALUES(96184702849, 1, 76, 6);
INSERT INTO plays VALUES(96184702849, 1, 'Darshan', 78, 'top', 4, 0, 9, 18644, 18, 5, 257, 0, 1, 14502);
INSERT INTO plays VALUES(96184702849, 1, 'Xmithie', 104, 'jungle', 2, 1, 9, 18340, 29, 29, 81, 93, 48, 15378);
INSERT INTO plays VALUES(96184702849, 1, 'Huhi', 8, 'mid', 6, 1, 6, 24815, 21, 6, 294, 7, 5, 15199);
INSERT INTO plays VALUES(96184702849, 1, 'Stixxay', 202, 'adc', 6, 0, 8, 26935, 14, 5, 282, 7, 2, 15800);
INSERT INTO plays VALUES(96184702849, 1, 'aphromoo', 201, 'support', 2, 2, 12, 6228, 41, 12, 36, 0, 1, 10471);
INSERT INTO plays VALUES(96184702849, 1, 'Expect', 68, 'top', 0, 4, 1, 20988, 17, 1, 270, 6, 0, 11138);
INSERT INTO plays VALUES(96184702849, 1, 'Trick', 2, 'jungle', 0, 3, 3, 12855, 31, 19, 50, 80, 6, 10425);
INSERT INTO plays VALUES(96184702849, 1, 'Perkz', 134, 'mid', 3, 6, 1, 23261, 17, 3, 291, 12, 8, 12499);
INSERT INTO plays VALUES(96184702849, 1, 'Zven', 81, 'adc', 1, 3, 1, 31610, 13, 8, 300, 14, 0, 12193);
INSERT INTO plays VALUES(96184702849, 1, 'mithy', 48, 'support', 0, 4, 2, 3900, 45, 16, 47, 0, 0, 7822);
INSERT INTO interacts VALUES(96184702849, 1, 'Stixxay', 3340, 1162, 1);
INSERT INTO interacts VALUES(96184702849, 1, 'aphromoo', 3340, 1389, 1);
INSERT INTO interacts VALUES(96184702849, 1, 'Huhi', 3340, 1389, 1);
INSERT INTO interacts VALUES(96184702849, 1, 'Perkz', 1056, 1487, 1);
INSERT INTO interacts VALUES(96184702849, 1, 'Xmithie', 3340, 1520, 1);
INSERT INTO interacts VALUES(96184702849, 1, 'Stixxay', 2010, 1520, 1);
INSERT INTO interacts VALUES(96184702849, 1, 'Zven', 3340, 1584, 1);
INSERT INTO interacts VALUES(96184702849, 1, 'aphromoo', 3302, 1648, 1);
INSERT INTO interacts VALUES(96184702849, 1, 'Perkz', 2010, 1713, 1);
INSERT INTO interacts VALUES(96184702849, 1, 'Stixxay', 1055, 1818, 1);
INSERT INTO interacts VALUES(96184702849, 1, 'aphromoo', 2010, 1818, 1);
INSERT INTO interacts VALUES(96184702849, 1, 'Zven', 2010, 1845, 1);
INSERT INTO interacts VALUES(96184702849, 1, 'Perkz', 2010, 1877, 1);
INSERT INTO interacts VALUES(96184702849, 1, 'Darshan', 3340, 1877, 1);
INSERT INTO interacts VALUES(96184702849, 1, 'aphromoo', 2010, 1910, 1);
INSERT INTO interacts VALUES(96184702849, 1, 'Xmithie', 1041, 1910, 1);
INSERT INTO interacts VALUES(96184702849, 1, 'aphromoo', 2010, 2006, 1);
INSERT INTO interacts VALUES(96184702849, 1, 'Trick', 1039, 2135, 1);
INSERT INTO interacts VALUES(96184702849, 1, 'Darshan', 2033, 2199, 1);
INSERT INTO interacts VALUES(96184702849, 1, 'Huhi', 1001, 2199, 1);
INSERT INTO interacts VALUES(96184702849, 1, 'Zven', 1055, 2233, 1);
INSERT INTO interacts VALUES(96184702849, 1, 'Perkz', 3340, 2233, 1);
INSERT INTO interacts VALUES(96184702849, 1, 'Trick', 2031, 2362, 1);
INSERT INTO interacts VALUES(96184702849, 1, 'Huhi', 2003, 2684, 1);
INSERT INTO interacts VALUES(96184702849, 1, 'Trick', 3340, 2780, 1);
INSERT INTO interacts VALUES(96184702849, 1, 'Huhi', 2003, 2813, 1);
INSERT INTO interacts VALUES(96184702849, 1, 'Huhi', 2003, 2943, 1);
INSERT INTO interacts VALUES(96184702849, 1, 'Xmithie', 2031, 3040, 1);
INSERT INTO interacts VALUES(96184702849, 1, 'Huhi', 2003, 3072, 1);
INSERT INTO interacts VALUES(96184702849, 1, 'mithy', 3302, 4692, 1);
INSERT INTO interacts VALUES(96184702849, 1, 'mithy', 2010, 5470, 1);
INSERT INTO interacts VALUES(96184702849, 1, 'mithy', 2010, 5598, 1);
INSERT INTO interacts VALUES(96184702849, 1, 'mithy', 2010, 5727, 1);
INSERT INTO interacts VALUES(96184702849, 1, 'mithy', 3340, 6536, 1);
INSERT INTO interacts VALUES(96184702849, 1, 'Expect', 1054, 8417, 1);
INSERT INTO interacts VALUES(96184702849, 1, 'Expect', 2003, 8678, 1);
INSERT INTO interacts VALUES(96184702849, 1, 'Expect', 3340, 8968, 1);
INSERT INTO interacts VALUES(96184702849, 1, 'Perkz', 1056, 191393, 1);
INSERT INTO interacts VALUES(96184702849, 1, 'Perkz', 2043, 192177, 1);
INSERT INTO interacts VALUES(96184702849, 1, 'Trick', 1001, 238403, 1);
INSERT INTO interacts VALUES(96184702849, 1, 'Trick', 1041, 240249, 1);
INSERT INTO interacts VALUES(96184702849, 1, 'Trick', 2043, 240541, 1);
INSERT INTO interacts VALUES(96184702849, 1, 'Expect', 1052, 262484, 1);
INSERT INTO interacts VALUES(96184702849, 1, 'Expect', 1029, 263698, 1);
INSERT INTO interacts VALUES(96184702849, 1, 'Darshan', 1033, 285801, 1);
INSERT INTO interacts VALUES(96184702849, 1, 'Darshan', 1028, 286812, 1);
INSERT INTO interacts VALUES(96184702849, 1, 'Darshan', 2043, 288204, 1);
INSERT INTO interacts VALUES(96184702849, 1, 'Xmithie', 3711, 316372, 1);
INSERT INTO interacts VALUES(96184702849, 1, 'Xmithie', 1001, 317349, 1);
INSERT INTO interacts VALUES(96184702849, 1, 'Xmithie', 1036, 317742, 1);
INSERT INTO interacts VALUES(96184702849, 1, 'Xmithie', 2043, 319374, 1);
INSERT INTO interacts VALUES(96184702849, 1, 'Trick', 3158, 369812, 1);
INSERT INTO interacts VALUES(96184702849, 1, 'Trick', 2043, 370548, 1);
INSERT INTO interacts VALUES(96184702849, 1, 'Perkz', 3802, 370643, 1);
INSERT INTO interacts VALUES(96184702849, 1, 'Perkz', 2043, 373117, 1);
INSERT INTO interacts VALUES(96184702849, 1, 'Huhi', 3211, 393825, 1);
INSERT INTO interacts VALUES(96184702849, 1, 'Huhi', 1028, 395745, 1);
INSERT INTO interacts VALUES(96184702849, 1, 'Xmithie', 1036, 422018, 1);
INSERT INTO interacts VALUES(96184702849, 1, 'Xmithie', 2043, 423777, 1);
INSERT INTO interacts VALUES(96184702849, 1, 'aphromoo', 2049, 439163, 1);
INSERT INTO interacts VALUES(96184702849, 1, 'Stixxay', 3134, 439858, 1);
INSERT INTO interacts VALUES(96184702849, 1, 'aphromoo', 2043, 440589, 1);
INSERT INTO interacts VALUES(96184702849, 1, 'Stixxay', 1001, 440689, 1);
INSERT INTO interacts VALUES(96184702849, 1, 'aphromoo', 2010, 441158, 1);
INSERT INTO interacts VALUES(96184702849, 1, 'Stixxay', 1036, 441176, 1);
INSERT INTO interacts VALUES(96184702849, 1, 'aphromoo', 2010, 441240, 1);
INSERT INTO interacts VALUES(96184702849, 1, 'Stixxay', 2010, 442772, 1);
INSERT INTO interacts VALUES(96184702849, 1, 'aphromoo', 3341, 442834, 1);
INSERT INTO interacts VALUES(96184702849, 1, 'Stixxay', 2043, 442999, 1);
INSERT INTO interacts VALUES(96184702849, 1, 'Darshan', 3211, 444300, 1);
INSERT INTO interacts VALUES(96184702849, 1, 'Darshan', 1028, 444689, 1);
INSERT INTO interacts VALUES(96184702849, 1, 'Expect', 3191, 448710, 1);
INSERT INTO interacts VALUES(96184702849, 1, 'Expect', 3191, 451683, 1);
INSERT INTO interacts VALUES(96184702849, 1, 'Expect', 1001, 452524, 1);
INSERT INTO interacts VALUES(96184702849, 1, 'Expect', 2043, 453398, 1);
INSERT INTO interacts VALUES(96184702849, 1, 'Expect', 2031, 453755, 1);
INSERT INTO interacts VALUES(96184702849, 1, 'Perkz', 1001, 459734, 1);
INSERT INTO interacts VALUES(96184702849, 1, 'Zven', 3070, 462792, 1);
INSERT INTO interacts VALUES(96184702849, 1, 'Zven', 3057, 463570, 1);
INSERT INTO interacts VALUES(96184702849, 1, 'Zven', 1001, 464059, 1);
INSERT INTO interacts VALUES(96184702849, 1, 'mithy', 2049, 465440, 1);
INSERT INTO interacts VALUES(96184702849, 1, 'Zven', 2043, 465440, 1);
INSERT INTO interacts VALUES(96184702849, 1, 'mithy', 3341, 466918, 1);
INSERT INTO interacts VALUES(96184702849, 1, 'mithy', 2043, 467202, 1);
INSERT INTO interacts VALUES(96184702849, 1, 'mithy', 2043, 467333, 1);
INSERT INTO interacts VALUES(96184702849, 1, 'Perkz', 2043, 473766, 1);
INSERT INTO interacts VALUES(96184702849, 1, 'Trick', 3711, 478424, 1);
INSERT INTO interacts VALUES(96184702849, 1, 'Trick', 2032, 479850, 1);
INSERT INTO interacts VALUES(96184702849, 1, 'Trick', 3341, 482380, 1);
INSERT INTO interacts VALUES(96184702849, 1, 'Huhi', 3065, 588648, 1);
INSERT INTO interacts VALUES(96184702849, 1, 'Huhi', 2043, 590203, 1);
INSERT INTO interacts VALUES(96184702849, 1, 'Huhi', 2003, 590527, 1);
INSERT INTO interacts VALUES(96184702849, 1, 'mithy', 1001, 603139, 1);
INSERT INTO interacts VALUES(96184702849, 1, 'Xmithie', 1408, 604726, 1);
INSERT INTO interacts VALUES(96184702849, 1, 'mithy', 2031, 605454, 1);
INSERT INTO interacts VALUES(96184702849, 1, 'Xmithie', 2043, 607704, 1);
INSERT INTO interacts VALUES(96184702849, 1, 'Darshan', 3009, 609496, 1);
INSERT INTO interacts VALUES(96184702849, 1, 'Trick', 1028, 644647, 1);
INSERT INTO interacts VALUES(96184702849, 1, 'Trick', 2043, 644973, 1);
INSERT INTO interacts VALUES(96184702849, 1, 'aphromoo', 3117, 652777, 1);
INSERT INTO interacts VALUES(96184702849, 1, 'aphromoo', 2043, 653393, 1);
INSERT INTO interacts VALUES(96184702849, 1, 'Stixxay', 3009, 654926, 1);
INSERT INTO interacts VALUES(96184702849, 1, 'Stixxay', 2010, 656324, 0);
INSERT INTO interacts VALUES(96184702849, 1, 'Stixxay', 1036, 656875, 1);
INSERT INTO interacts VALUES(96184702849, 1, 'Expect', 1026, 666713, 1);
INSERT INTO interacts VALUES(96184702849, 1, 'Zven', 1037, 677046, 1);
INSERT INTO interacts VALUES(96184702849, 1, 'Perkz', 3108, 697717, 1);
INSERT INTO interacts VALUES(96184702849, 1, 'Perkz', 2043, 699225, 1);
INSERT INTO interacts VALUES(96184702849, 1, 'Perkz', 2043, 699586, 1);
INSERT INTO interacts VALUES(96184702849, 1, 'mithy', 3158, 769307, 1);
INSERT INTO interacts VALUES(96184702849, 1, 'Stixxay', 3142, 780422, 1);
INSERT INTO interacts VALUES(96184702849, 1, 'Stixxay', 2043, 781071, 1);
INSERT INTO interacts VALUES(96184702849, 1, 'Stixxay', 2010, 781296, 1);
INSERT INTO interacts VALUES(96184702849, 1, 'aphromoo', 1028, 785324, 1);
INSERT INTO interacts VALUES(96184702849, 1, 'aphromoo', 2043, 785877, 1);
INSERT INTO interacts VALUES(96184702849, 1, 'aphromoo', 2010, 786300, 1);
INSERT INTO interacts VALUES(96184702849, 1, 'Darshan', 3065, 791443, 1);
INSERT INTO interacts VALUES(96184702849, 1, 'Trick', 3751, 812721, 1);
INSERT INTO interacts VALUES(96184702849, 1, 'Trick', 3364, 813433, 1);
INSERT INTO interacts VALUES(96184702849, 1, 'Trick', 2043, 813857, 1);
INSERT INTO interacts VALUES(96184702849, 1, 'Zven', 3004, 825825, 1);
INSERT INTO interacts VALUES(96184702849, 1, 'Zven', 2010, 826381, 1);
INSERT INTO interacts VALUES(96184702849, 1, 'Zven', 2043, 827092, 1);
INSERT INTO interacts VALUES(96184702849, 1, 'Xmithie', 3155, 845418, 1);
INSERT INTO interacts VALUES(96184702849, 1, 'Xmithie', 1042, 845905, 1);
INSERT INTO interacts VALUES(96184702849, 1, 'Xmithie', 3364, 848341, 1);
INSERT INTO interacts VALUES(96184702849, 1, 'Xmithie', 2043, 848632, 1);
INSERT INTO interacts VALUES(96184702849, 1, 'Expect', 3136, 946664, 1);
INSERT INTO interacts VALUES(96184702849, 1, 'Darshan', 1031, 957337, 1);
INSERT INTO interacts VALUES(96184702849, 1, 'Darshan', 2043, 960970, 1);
INSERT INTO interacts VALUES(96184702849, 1, 'mithy', 2045, 961521, 1);
INSERT INTO interacts VALUES(96184702849, 1, 'Zven', 2010, 961829, 0);
INSERT INTO interacts VALUES(96184702849, 1, 'Zven', 3044, 964257, 1);
INSERT INTO interacts VALUES(96184702849, 1, 'Zven', 3363, 965882, 1);
INSERT INTO interacts VALUES(96184702849, 1, 'Huhi', 3152, 966788, 1);
INSERT INTO interacts VALUES(96184702849, 1, 'Huhi', 2043, 967726, 1);
INSERT INTO interacts VALUES(96184702849, 1, 'Huhi', 3364, 968022, 1);
INSERT INTO interacts VALUES(96184702849, 1, 'aphromoo', 2045, 968073, 1);
INSERT INTO interacts VALUES(96184702849, 1, 'Huhi', 3363, 968378, 1);
INSERT INTO interacts VALUES(96184702849, 1, 'Huhi', 2003, 968635, 1);
INSERT INTO interacts VALUES(96184702849, 1, 'Huhi', 2003, 968764, 1);
INSERT INTO interacts VALUES(96184702849, 1, 'aphromoo', 2010, 969385, 1);
INSERT INTO interacts VALUES(96184702849, 1, 'aphromoo', 2010, 969457, 1);
INSERT INTO interacts VALUES(96184702849, 1, 'aphromoo', 2043, 969651, 1);
INSERT INTO interacts VALUES(96184702849, 1, 'Xmithie', 3006, 976142, 1);
INSERT INTO interacts VALUES(96184702849, 1, 'Trick', 1409, 976792, 1);
INSERT INTO interacts VALUES(96184702849, 1, 'Xmithie', 1036, 977476, 1);
INSERT INTO interacts VALUES(96184702849, 1, 'Xmithie', 2043, 978060, 1);
INSERT INTO interacts VALUES(96184702849, 1, 'Trick', 2043, 978646, 1);
INSERT INTO interacts VALUES(96184702849, 1, 'Trick', 1028, 979002, 1);
INSERT INTO interacts VALUES(96184702849, 1, 'Stixxay', 1038, 979649, 1);
INSERT INTO interacts VALUES(96184702849, 1, 'Stixxay', 3363, 980541, 1);
INSERT INTO interacts VALUES(96184702849, 1, 'Perkz', 3165, 989441, 1);
INSERT INTO interacts VALUES(96184702849, 1, 'Perkz', 1058, 990220, 1);
INSERT INTO interacts VALUES(96184702849, 1, 'Perkz', 3363, 992334, 1);
INSERT INTO interacts VALUES(96184702849, 1, 'Perkz', 2010, 1072609, 1);
INSERT INTO interacts VALUES(96184702849, 1, 'Perkz', 2010, 1072753, 1);
INSERT INTO interacts VALUES(96184702849, 1, 'mithy', 2043, 1073398, 1);
INSERT INTO interacts VALUES(96184702849, 1, 'mithy', 2043, 1073527, 1);
INSERT INTO interacts VALUES(96184702849, 1, 'Expect', 3151, 1076808, 1);
INSERT INTO interacts VALUES(96184702849, 1, 'aphromoo', 1033, 1105645, 1);
INSERT INTO interacts VALUES(96184702849, 1, 'aphromoo', 2010, 1106490, 1);
INSERT INTO interacts VALUES(96184702849, 1, 'aphromoo', 2010, 1106621, 1);
INSERT INTO interacts VALUES(96184702849, 1, 'Stixxay', 1036, 1108399, 1);
INSERT INTO interacts VALUES(96184702849, 1, 'Darshan', 3751, 1117976, 1);
INSERT INTO interacts VALUES(96184702849, 1, 'Trick', 3067, 1120179, 1);
INSERT INTO interacts VALUES(96184702849, 1, 'Trick', 1028, 1120602, 1);
INSERT INTO interacts VALUES(96184702849, 1, 'Trick', 2043, 1121124, 1);
INSERT INTO interacts VALUES(96184702849, 1, 'Huhi', 3158, 1137809, 1);
INSERT INTO interacts VALUES(96184702849, 1, 'Huhi', 2031, 1138752, 1);
INSERT INTO interacts VALUES(96184702849, 1, 'Huhi', 2043, 1139080, 1);
INSERT INTO interacts VALUES(96184702849, 1, 'aphromoo', 2010, 1201408, 0);
INSERT INTO interacts VALUES(96184702849, 1, 'aphromoo', 1028, 1202610, 1);
INSERT INTO interacts VALUES(96184702849, 1, 'Perkz', 2010, 1207134, 0);
INSERT INTO interacts VALUES(96184702849, 1, 'Perkz', 1026, 1208272, 1);
INSERT INTO interacts VALUES(96184702849, 1, 'mithy', 1028, 1209506, 1);
INSERT INTO interacts VALUES(96184702849, 1, 'mithy', 2043, 1210135, 1);
INSERT INTO interacts VALUES(96184702849, 1, 'Darshan', 3068, 1245471, 1);
INSERT INTO interacts VALUES(96184702849, 1, 'Expect', 3020, 1251012, 1);
INSERT INTO interacts VALUES(96184702849, 1, 'Xmithie', 3156, 1255345, 1);
INSERT INTO interacts VALUES(96184702849, 1, 'Stixxay', 3147, 1256275, 1);
INSERT INTO interacts VALUES(96184702849, 1, 'Xmithie', 1042, 1256337, 1);
INSERT INTO interacts VALUES(96184702849, 1, 'Xmithie', 2043, 1256663, 1);
INSERT INTO interacts VALUES(96184702849, 1, 'Stixxay', 2010, 1257247, 1);
INSERT INTO interacts VALUES(96184702849, 1, 'aphromoo', 3801, 1257636, 1);
INSERT INTO interacts VALUES(96184702849, 1, 'Huhi', 1028, 1259714, 1);
INSERT INTO interacts VALUES(96184702849, 1, 'Huhi', 2043, 1261928, 1);
INSERT INTO interacts VALUES(96184702849, 1, 'Zven', 3078, 1266447, 1);
INSERT INTO interacts VALUES(96184702849, 1, 'Trick', 1011, 1268096, 1);
INSERT INTO interacts VALUES(96184702849, 1, 'Zven', 2010, 1268565, 1);
INSERT INTO interacts VALUES(96184702849, 1, 'Trick', 2043, 1269151, 0);
INSERT INTO interacts VALUES(96184702849, 1, 'Trick', 1029, 1270027, 1);
INSERT INTO interacts VALUES(96184702849, 1, 'Expect', 1052, 1350862, 1);
INSERT INTO interacts VALUES(96184702849, 1, 'Xmithie', 1042, 1385789, 1);
INSERT INTO interacts VALUES(96184702849, 1, 'Xmithie', 2031, 1386765, 0);
INSERT INTO interacts VALUES(96184702849, 1, 'Xmithie', 2043, 1387705, 1);
INSERT INTO interacts VALUES(96184702849, 1, 'Zven', 3158, 1388044, 1);
INSERT INTO interacts VALUES(96184702849, 1, 'Zven', 2010, 1388745, 1);
INSERT INTO interacts VALUES(96184702849, 1, 'Zven', 2043, 1389346, 1);
INSERT INTO interacts VALUES(96184702849, 1, 'Trick', 1031, 1390494, 1);
INSERT INTO interacts VALUES(96184702849, 1, 'aphromoo', 3105, 1408510, 1);
INSERT INTO interacts VALUES(96184702849, 1, 'Darshan', 1057, 1409257, 1);
INSERT INTO interacts VALUES(96184702849, 1, 'aphromoo', 1028, 1409973, 1);
INSERT INTO interacts VALUES(96184702849, 1, 'aphromoo', 1028, 1412459, 1);
INSERT INTO interacts VALUES(96184702849, 1, 'Huhi', 1011, 1412766, 1);
INSERT INTO interacts VALUES(96184702849, 1, 'aphromoo', 2043, 1413121, 1);
INSERT INTO interacts VALUES(96184702849, 1, 'aphromoo', 3364, 1414157, 1);
INSERT INTO interacts VALUES(96184702849, 1, 'mithy', 3364, 1414644, 1);
INSERT INTO interacts VALUES(96184702849, 1, 'mithy', 3067, 1416009, 1);
INSERT INTO interacts VALUES(96184702849, 1, 'mithy', 1033, 1416985, 1);
INSERT INTO interacts VALUES(96184702849, 1, 'Perkz', 3089, 1454927, 1);
INSERT INTO interacts VALUES(96184702849, 1, 'Perkz', 3135, 1457522, 1);
INSERT INTO interacts VALUES(96184702849, 1, 'Zven', 1036, 1496374, 1);
INSERT INTO interacts VALUES(96184702849, 1, 'Zven', 3123, 1523089, 1);
INSERT INTO interacts VALUES(96184702849, 1, 'Expect', 2031, 1527372, 0);
INSERT INTO interacts VALUES(96184702849, 1, 'Darshan', 1031, 1529923, 1);
INSERT INTO interacts VALUES(96184702849, 1, 'Huhi', 3116, 1530106, 1);
INSERT INTO interacts VALUES(96184702849, 1, 'Expect', 1026, 1530138, 1);
INSERT INTO interacts VALUES(96184702849, 1, 'aphromoo', 3190, 1534491, 1);
INSERT INTO interacts VALUES(96184702849, 1, 'Stixxay', 3155, 1535046, 1);
INSERT INTO interacts VALUES(96184702849, 1, 'Stixxay', 1036, 1535906, 1);
INSERT INTO interacts VALUES(96184702849, 1, 'Trick', 3742, 1620530, 1);
INSERT INTO interacts VALUES(96184702849, 1, 'Trick', 2043, 1621407, 1);
INSERT INTO interacts VALUES(96184702849, 1, 'aphromoo', 1028, 1631522, 1);
INSERT INTO interacts VALUES(96184702849, 1, 'Huhi', 2043, 1636788, 1);
INSERT INTO interacts VALUES(96184702849, 1, 'Zven', 1053, 1639059, 1);
INSERT INTO interacts VALUES(96184702849, 1, 'Xmithie', 3046, 1639190, 1);
INSERT INTO interacts VALUES(96184702849, 1, 'Zven', 1036, 1639346, 1);
INSERT INTO interacts VALUES(96184702849, 1, 'Xmithie', 2043, 1640190, 1);
INSERT INTO interacts VALUES(96184702849, 1, 'Huhi', 2139, 1640974, 1);
INSERT INTO interacts VALUES(96184702849, 1, 'Darshan', 3026, 1647215, 1);
INSERT INTO interacts VALUES(96184702849, 1, 'Perkz', 3020, 1651508, 1);
INSERT INTO interacts VALUES(96184702849, 1, 'Expect', 3135, 1715334, 1);
INSERT INTO interacts VALUES(96184702849, 1, 'mithy', 3190, 1790022, 1);
INSERT INTO interacts VALUES(96184702849, 1, 'aphromoo', 3302, 1790724, 0);
INSERT INTO interacts VALUES(96184702849, 1, 'mithy', 2043, 1792282, 1);
INSERT INTO interacts VALUES(96184702849, 1, 'mithy', 2043, 1792395, 1);
INSERT INTO interacts VALUES(96184702849, 1, 'Stixxay', 3156, 1792753, 1);
INSERT INTO interacts VALUES(96184702849, 1, 'Stixxay', 2043, 1793498, 1);
INSERT INTO interacts VALUES(96184702849, 1, 'aphromoo', 1057, 1793992, 1);
INSERT INTO interacts VALUES(96184702849, 1, 'Stixxay', 2140, 1795190, 1);
INSERT INTO interacts VALUES(96184702849, 1, 'Huhi', 3108, 1800603, 1);
INSERT INTO interacts VALUES(96184702849, 1, 'Zven', 3144, 1800811, 1);
INSERT INTO interacts VALUES(96184702849, 1, 'Zven', 1042, 1803146, 1);
INSERT INTO interacts VALUES(96184702849, 1, 'Zven', 1043, 1864003, 1);
INSERT INTO interacts VALUES(96184702849, 1, 'Trick', 1011, 1879164, 1);
INSERT INTO interacts VALUES(96184702849, 1, 'Expect', 3108, 1889485, 1);
INSERT INTO interacts VALUES(96184702849, 1, 'Perkz', 3116, 1951789, 1);
INSERT INTO interacts VALUES(96184702849, 1, 'Huhi', 2031, 1953215, 0);
INSERT INTO interacts VALUES(96184702849, 1, 'Huhi', 3191, 1954723, 1);
INSERT INTO interacts VALUES(96184702849, 1, 'mithy', 2031, 1957328, 0);
INSERT INTO interacts VALUES(96184702849, 1, 'mithy', 3067, 1958660, 1);
INSERT INTO interacts VALUES(96184702849, 1, 'aphromoo', 3211, 1961624, 1);
INSERT INTO interacts VALUES(96184702849, 1, 'Stixxay', 1055, 1971605, 0);
INSERT INTO interacts VALUES(96184702849, 1, 'aphromoo', 3102, 1973617, 1);
INSERT INTO interacts VALUES(96184702849, 1, 'Stixxay', 3035, 1974320, 1);
INSERT INTO interacts VALUES(96184702849, 1, 'Xmithie', 1038, 1974691, 1);
INSERT INTO interacts VALUES(96184702849, 1, 'aphromoo', 2043, 1974851, 1);
INSERT INTO interacts VALUES(96184702849, 1, 'aphromoo', 2010, 1975180, 1);
INSERT INTO interacts VALUES(96184702849, 1, 'aphromoo', 2010, 1975306, 1);
INSERT INTO interacts VALUES(96184702849, 1, 'Stixxay', 2140, 1975358, 1);
INSERT INTO interacts VALUES(96184702849, 1, 'Darshan', 3102, 1975666, 1);
INSERT INTO interacts VALUES(96184702849, 1, 'Darshan', 2138, 1977838, 1);
INSERT INTO interacts VALUES(96184702849, 1, 'Xmithie', 3134, 1979619, 1);
INSERT INTO interacts VALUES(96184702849, 1, 'Xmithie', 2140, 1980455, 1);
INSERT INTO interacts VALUES(96184702849, 1, 'Perkz', 2139, 2001399, 1);
INSERT INTO interacts VALUES(96184702849, 1, 'Expect', 3157, 2019158, 1);
INSERT INTO interacts VALUES(96184702849, 1, 'Zven', 3153, 2021090, 1);
INSERT INTO interacts VALUES(96184702849, 1, 'Zven', 2010, 2024926, 1);
INSERT INTO interacts VALUES(96184702849, 1, 'Trick', 2032, 2096946, 0);
INSERT INTO interacts VALUES(96184702849, 1, 'Trick', 3082, 2098385, 1);
INSERT INTO interacts VALUES(96184702849, 1, 'Expect', 1052, 2108929, 1);
INSERT INTO interacts VALUES(96184702849, 1, 'Zven', 1036, 2131861, 1);
INSERT INTO interacts VALUES(96184702849, 1, 'Zven', 3123, 2171625, 1);
INSERT INTO series VALUES(103341132354, 1);
INSERT INTO organizes VALUES('world_championship_2016', 103341132354, 'group_a - ANX-vs-ROX');
INSERT INTO competes VALUES(103341132354, 'ANX', 1);
INSERT INTO competes VALUES(103341132354, 'ROX', 0);
INSERT INTO matches VALUES(103341132354, 1, '2016-10-06');
INSERT INTO scores VALUES('ANX', 103341132354, 1, 9, 11, 0, 2, 4, 1);
INSERT INTO scores VALUES('ROX', 103341132354, 1, 0, 3, 0, 3, 2, 0);
INSERT INTO bans VALUES(103341132354, 1, 15, 1);
INSERT INTO bans VALUES(103341132354, 1, 68, 3);
INSERT INTO bans VALUES(103341132354, 1, 85, 5);
INSERT INTO bans VALUES(103341132354, 1, 63, 2);
INSERT INTO bans VALUES(103341132354, 1, 432, 4);
INSERT INTO bans VALUES(103341132354, 1, 223, 6);
INSERT INTO plays VALUES(103341132354, 1, 'Smurf', 78, 'top', 2, 3, 8, 27903, 34, 16, 409, 3, 6, 23267);
INSERT INTO plays VALUES(103341132354, 1, 'PvPStejos', 76, 'jungle', 4, 6, 8, 48894, 35, 38, 69, 148, 40, 22969);
INSERT INTO plays VALUES(103341132354, 1, 'Kira', 8, 'mid', 3, 3, 7, 49155, 43, 15, 482, 15, 28, 24840);
INSERT INTO plays VALUES(103341132354, 1, 'aMiracle', 236, 'adc', 7, 1, 1, 56151, 15, 15, 556, 45, 18, 28796);
INSERT INTO plays VALUES(103341132354, 1, 'Likkrit', 44, 'support', 0, 7, 9, 8468, 69, 21, 119, 15, 0, 19530);
INSERT INTO plays VALUES(103341132354, 1, 'Smeb', 48, 'top', 4, 2, 11, 30193, 37, 4, 538, 14, 7, 25572);
INSERT INTO plays VALUES(103341132354, 1, 'Peanut', 64, 'jungle', 4, 4, 10, 17718, 58, 23, 76, 141, 7, 21033);
INSERT INTO plays VALUES(103341132354, 1, 'Kuro', 134, 'mid', 7, 5, 9, 71801, 33, 5, 565, 21, 1, 26965);
INSERT INTO plays VALUES(103341132354, 1, 'PraY', 51, 'adc', 4, 3, 9, 59910, 24, 23, 634, 32, 5, 28851);
INSERT INTO plays VALUES(103341132354, 1, 'GorillA', 12, 'support', 1, 2, 15, 11540, 134, 15, 49, 0, 0, 17149);
INSERT INTO interacts VALUES(103341132354, 1, 'GorillA', 3302, 1715, 1);
INSERT INTO interacts VALUES(103341132354, 1, 'aMiracle', 1055, 1819, 1);
INSERT INTO interacts VALUES(103341132354, 1, 'PraY', 1055, 1942, 1);
INSERT INTO interacts VALUES(103341132354, 1, 'GorillA', 2010, 2007, 1);
INSERT INTO interacts VALUES(103341132354, 1, 'Likkrit', 3302, 2040, 1);
INSERT INTO interacts VALUES(103341132354, 1, 'aMiracle', 2010, 2077, 1);
INSERT INTO interacts VALUES(103341132354, 1, 'GorillA', 2010, 2105, 1);
INSERT INTO interacts VALUES(103341132354, 1, 'GorillA', 2010, 2201, 1);
INSERT INTO interacts VALUES(103341132354, 1, 'aMiracle', 3340, 2266, 1);
INSERT INTO interacts VALUES(103341132354, 1, 'PraY', 2010, 2299, 1);
INSERT INTO interacts VALUES(103341132354, 1, 'Likkrit', 3340, 2396, 1);
INSERT INTO interacts VALUES(103341132354, 1, 'GorillA', 3340, 2624, 1);
INSERT INTO interacts VALUES(103341132354, 1, 'PraY', 3340, 2624, 1);
INSERT INTO interacts VALUES(103341132354, 1, 'Smeb', 2033, 2721, 1);
INSERT INTO interacts VALUES(103341132354, 1, 'Smeb', 3340, 2916, 1);
INSERT INTO interacts VALUES(103341132354, 1, 'Kuro', 1056, 2981, 1);
INSERT INTO interacts VALUES(103341132354, 1, 'Kuro', 2010, 3174, 1);
INSERT INTO interacts VALUES(103341132354, 1, 'Smurf', 2033, 3270, 1);
INSERT INTO interacts VALUES(103341132354, 1, 'Kuro', 2010, 3270, 1);
INSERT INTO interacts VALUES(103341132354, 1, 'Kuro', 3340, 3464, 1);
INSERT INTO interacts VALUES(103341132354, 1, 'Kira', 1054, 3592, 1);
INSERT INTO interacts VALUES(103341132354, 1, 'Likkrit', 2031, 3690, 1);
INSERT INTO interacts VALUES(103341132354, 1, 'Smurf', 3340, 3690, 1);
INSERT INTO interacts VALUES(103341132354, 1, 'Kira', 2003, 3821, 1);
INSERT INTO interacts VALUES(103341132354, 1, 'Kira', 3340, 4081, 1);
INSERT INTO interacts VALUES(103341132354, 1, 'PvPStejos', 1039, 4469, 1);
INSERT INTO interacts VALUES(103341132354, 1, 'PvPStejos', 3340, 4858, 1);
INSERT INTO interacts VALUES(103341132354, 1, 'Peanut', 1041, 5055, 1);
INSERT INTO interacts VALUES(103341132354, 1, 'Peanut', 2031, 5281, 1);
INSERT INTO interacts VALUES(103341132354, 1, 'Peanut', 3340, 5798, 1);
INSERT INTO interacts VALUES(103341132354, 1, 'PvPStejos', 2031, 6024, 1);
INSERT INTO interacts VALUES(103341132354, 1, 'PvPStejos', 3711, 244458, 1);
INSERT INTO interacts VALUES(103341132354, 1, 'PvPStejos', 2043, 245789, 1);
INSERT INTO interacts VALUES(103341132354, 1, 'Peanut', 3711, 303286, 1);
INSERT INTO interacts VALUES(103341132354, 1, 'Peanut', 1036, 306147, 1);
INSERT INTO interacts VALUES(103341132354, 1, 'Peanut', 1036, 306307, 1);
INSERT INTO interacts VALUES(103341132354, 1, 'Peanut', 2043, 307608, 1);
INSERT INTO interacts VALUES(103341132354, 1, 'Kuro', 3802, 309714, 1);
INSERT INTO interacts VALUES(103341132354, 1, 'Kuro', 2043, 311400, 1);
INSERT INTO interacts VALUES(103341132354, 1, 'Kuro', 2010, 311626, 1);
INSERT INTO interacts VALUES(103341132354, 1, 'Kuro', 2010, 311757, 1);
INSERT INTO interacts VALUES(103341132354, 1, 'Smurf', 1029, 320410, 1);
INSERT INTO interacts VALUES(103341132354, 1, 'Smurf', 1028, 320776, 1);
INSERT INTO interacts VALUES(103341132354, 1, 'Smurf', 2043, 324483, 1);
INSERT INTO interacts VALUES(103341132354, 1, 'Kira', 3211, 339442, 1);
INSERT INTO interacts VALUES(103341132354, 1, 'Smeb', 3077, 340225, 1);
INSERT INTO interacts VALUES(103341132354, 1, 'Kira', 2043, 341602, 1);
INSERT INTO interacts VALUES(103341132354, 1, 'Kira', 2003, 341816, 1);
INSERT INTO interacts VALUES(103341132354, 1, 'Likkrit', 2049, 393000, 1);
INSERT INTO interacts VALUES(103341132354, 1, 'Likkrit', 2043, 393617, 1);
INSERT INTO interacts VALUES(103341132354, 1, 'Likkrit', 3341, 393909, 1);
INSERT INTO interacts VALUES(103341132354, 1, 'PvPStejos', 3113, 396669, 1);
INSERT INTO interacts VALUES(103341132354, 1, 'PvPStejos', 1052, 397316, 1);
INSERT INTO interacts VALUES(103341132354, 1, 'Kuro', 1001, 399366, 1);
INSERT INTO interacts VALUES(103341132354, 1, 'GorillA', 2049, 427390, 1);
INSERT INTO interacts VALUES(103341132354, 1, 'GorillA', 2043, 428281, 1);
INSERT INTO interacts VALUES(103341132354, 1, 'GorillA', 3341, 428702, 1);
INSERT INTO interacts VALUES(103341132354, 1, 'GorillA', 2010, 429984, 1);
INSERT INTO interacts VALUES(103341132354, 1, 'GorillA', 2010, 430069, 1);
INSERT INTO interacts VALUES(103341132354, 1, 'PraY', 1038, 430422, 1);
INSERT INTO interacts VALUES(103341132354, 1, 'PraY', 1001, 430778, 1);
INSERT INTO interacts VALUES(103341132354, 1, 'PraY', 1042, 431913, 1);
INSERT INTO interacts VALUES(103341132354, 1, 'aMiracle', 3134, 461606, 1);
INSERT INTO interacts VALUES(103341132354, 1, 'aMiracle', 1001, 462806, 1);
INSERT INTO interacts VALUES(103341132354, 1, 'aMiracle', 1036, 463504, 1);
INSERT INTO interacts VALUES(103341132354, 1, 'aMiracle', 2031, 465370, 1);
INSERT INTO interacts VALUES(103341132354, 1, 'aMiracle', 2043, 467548, 1);
INSERT INTO interacts VALUES(103341132354, 1, 'PvPStejos', 1410, 468879, 1);
INSERT INTO interacts VALUES(103341132354, 1, 'PvPStejos', 2043, 470695, 1);
INSERT INTO interacts VALUES(103341132354, 1, 'Likkrit', 1001, 477533, 1);
INSERT INTO interacts VALUES(103341132354, 1, 'PraY', 3006, 521025, 1);
INSERT INTO interacts VALUES(103341132354, 1, 'GorillA', 1001, 527774, 1);
INSERT INTO interacts VALUES(103341132354, 1, 'Kuro', 3020, 543523, 1);
INSERT INTO interacts VALUES(103341132354, 1, 'Kuro', 2043, 544675, 1);
INSERT INTO interacts VALUES(103341132354, 1, 'Kuro', 2010, 545018, 1);
INSERT INTO interacts VALUES(103341132354, 1, 'Peanut', 1408, 576166, 1);
INSERT INTO interacts VALUES(103341132354, 1, 'PvPStejos', 1001, 621946, 1);
INSERT INTO interacts VALUES(103341132354, 1, 'PvPStejos', 1028, 623461, 1);
INSERT INTO interacts VALUES(103341132354, 1, 'PvPStejos', 3341, 626486, 1);
INSERT INTO interacts VALUES(103341132354, 1, 'Smurf', 3751, 630388, 1);
INSERT INTO interacts VALUES(103341132354, 1, 'Smurf', 1031, 631198, 1);
INSERT INTO interacts VALUES(103341132354, 1, 'Smurf', 1001, 632758, 1);
INSERT INTO interacts VALUES(103341132354, 1, 'Smeb', 1037, 646944, 1);
INSERT INTO interacts VALUES(103341132354, 1, 'Smeb', 1053, 647880, 1);
INSERT INTO interacts VALUES(103341132354, 1, 'Smeb', 2043, 649569, 1);
INSERT INTO interacts VALUES(103341132354, 1, 'Kuro', 3108, 698700, 1);
INSERT INTO interacts VALUES(103341132354, 1, 'Kuro', 2010, 699741, 1);
INSERT INTO interacts VALUES(103341132354, 1, 'Kuro', 2010, 704171, 1);
INSERT INTO interacts VALUES(103341132354, 1, 'PraY', 1043, 706345, 1);
INSERT INTO interacts VALUES(103341132354, 1, 'GorillA', 3117, 706545, 1);
INSERT INTO interacts VALUES(103341132354, 1, 'GorillA', 2010, 707384, 0);
INSERT INTO interacts VALUES(103341132354, 1, 'PraY', 2010, 707448, 1);
INSERT INTO interacts VALUES(103341132354, 1, 'GorillA', 2043, 707839, 1);
INSERT INTO interacts VALUES(103341132354, 1, 'Kira', 3065, 721834, 1);
INSERT INTO interacts VALUES(103341132354, 1, 'Kira', 1001, 722632, 1);
INSERT INTO interacts VALUES(103341132354, 1, 'Kira', 1028, 723965, 1);
INSERT INTO interacts VALUES(103341132354, 1, 'Kira', 2043, 724779, 1);
INSERT INTO interacts VALUES(103341132354, 1, 'Kira', 2003, 725066, 1);
INSERT INTO interacts VALUES(103341132354, 1, 'Likkrit', 3047, 731144, 1);
INSERT INTO interacts VALUES(103341132354, 1, 'Likkrit', 2043, 731709, 1);
INSERT INTO interacts VALUES(103341132354, 1, 'aMiracle', 3133, 732492, 1);
INSERT INTO interacts VALUES(103341132354, 1, 'aMiracle', 3006, 734572, 1);
INSERT INTO interacts VALUES(103341132354, 1, 'Smeb', 3074, 783809, 1);
INSERT INTO interacts VALUES(103341132354, 1, 'Smurf', 3068, 793394, 1);
INSERT INTO interacts VALUES(103341132354, 1, 'Kuro', 1052, 811244, 1);
INSERT INTO interacts VALUES(103341132354, 1, 'Smeb', 1001, 840211, 1);
INSERT INTO interacts VALUES(103341132354, 1, 'PvPStejos', 1058, 865476, 1);
INSERT INTO interacts VALUES(103341132354, 1, 'Likkrit', 3801, 874612, 1);
INSERT INTO interacts VALUES(103341132354, 1, 'GorillA', 1028, 878540, 1);
INSERT INTO interacts VALUES(103341132354, 1, 'GorillA', 2043, 879059, 1);
INSERT INTO interacts VALUES(103341132354, 1, 'GorillA', 2031, 879383, 1);
INSERT INTO interacts VALUES(103341132354, 1, 'Peanut', 3155, 894280, 1);
INSERT INTO interacts VALUES(103341132354, 1, 'Peanut', 1001, 895907, 1);
INSERT INTO interacts VALUES(103341132354, 1, 'Peanut', 1028, 896295, 1);
INSERT INTO interacts VALUES(103341132354, 1, 'Peanut', 2043, 897563, 1);
INSERT INTO interacts VALUES(103341132354, 1, 'Kira', 3158, 907119, 1);
INSERT INTO interacts VALUES(103341132354, 1, 'Kira', 3067, 909334, 1);
INSERT INTO interacts VALUES(103341132354, 1, 'Kuro', 3165, 928427, 1);
INSERT INTO interacts VALUES(103341132354, 1, 'Kuro', 2043, 929761, 1);
INSERT INTO interacts VALUES(103341132354, 1, 'Smurf', 3047, 943983, 1);
INSERT INTO interacts VALUES(103341132354, 1, 'PraY', 3085, 967338, 1);
INSERT INTO interacts VALUES(103341132354, 1, 'PraY', 2043, 968899, 1);
INSERT INTO interacts VALUES(103341132354, 1, 'PraY', 3363, 969646, 1);
INSERT INTO interacts VALUES(103341132354, 1, 'Smeb', 3047, 1001086, 1);
INSERT INTO interacts VALUES(103341132354, 1, 'Smeb', 2043, 1002041, 1);
INSERT INTO interacts VALUES(103341132354, 1, 'GorillA', 2045, 1061995, 1);
INSERT INTO interacts VALUES(103341132354, 1, 'GorillA', 2043, 1062430, 1);
INSERT INTO interacts VALUES(103341132354, 1, 'Likkrit', 3105, 1079188, 1);
INSERT INTO interacts VALUES(103341132354, 1, 'Kira', 3145, 1083753, 1);
INSERT INTO interacts VALUES(103341132354, 1, 'Kira', 2043, 1084401, 1);
INSERT INTO interacts VALUES(103341132354, 1, 'Smurf', 3067, 1088785, 1);
INSERT INTO interacts VALUES(103341132354, 1, 'PvPStejos', 3116, 1097257, 1);
INSERT INTO interacts VALUES(103341132354, 1, 'Smeb', 3024, 1105010, 1);
INSERT INTO interacts VALUES(103341132354, 1, 'Smeb', 2043, 1106021, 1);
INSERT INTO interacts VALUES(103341132354, 1, 'PvPStejos', 1033, 1109080, 1);
INSERT INTO interacts VALUES(103341132354, 1, 'PvPStejos', 3364, 1115111, 1);
INSERT INTO interacts VALUES(103341132354, 1, 'aMiracle', 3142, 1125059, 1);
INSERT INTO interacts VALUES(103341132354, 1, 'aMiracle', 3133, 1127011, 1);
INSERT INTO interacts VALUES(103341132354, 1, 'aMiracle', 3363, 1127498, 1);
INSERT INTO interacts VALUES(103341132354, 1, 'aMiracle', 1036, 1128774, 1);
INSERT INTO interacts VALUES(103341132354, 1, 'GorillA', 1028, 1129320, 1);
INSERT INTO interacts VALUES(103341132354, 1, 'GorillA', 2031, 1130180, 0);
INSERT INTO interacts VALUES(103341132354, 1, 'GorillA', 2043, 1130815, 1);
INSERT INTO interacts VALUES(103341132354, 1, 'GorillA', 3364, 1131137, 1);
INSERT INTO interacts VALUES(103341132354, 1, 'PraY', 1037, 1138280, 1);
INSERT INTO interacts VALUES(103341132354, 1, 'Kuro', 1052, 1140393, 1);
INSERT INTO interacts VALUES(103341132354, 1, 'Kuro', 1028, 1140652, 1);
INSERT INTO interacts VALUES(103341132354, 1, 'Kuro', 2043, 1141354, 1);
INSERT INTO interacts VALUES(103341132354, 1, 'Smurf', 1033, 1146071, 1);
INSERT INTO interacts VALUES(103341132354, 1, 'Smeb', 1029, 1152784, 1);
INSERT INTO interacts VALUES(103341132354, 1, 'Likkrit', 1028, 1194876, 1);
INSERT INTO interacts VALUES(103341132354, 1, 'Peanut', 1011, 1217569, 1);
INSERT INTO interacts VALUES(103341132354, 1, 'Peanut', 3134, 1220142, 1);
INSERT INTO interacts VALUES(103341132354, 1, 'Kira', 3152, 1263122, 1);
INSERT INTO interacts VALUES(103341132354, 1, 'Kira', 1052, 1263509, 1);
INSERT INTO interacts VALUES(103341132354, 1, 'Smurf', 3211, 1274169, 1);
INSERT INTO interacts VALUES(103341132354, 1, 'GorillA', 1033, 1290034, 1);
INSERT INTO interacts VALUES(103341132354, 1, 'GorillA', 2043, 1290295, 1);
INSERT INTO interacts VALUES(103341132354, 1, 'PraY', 3031, 1343278, 1);
INSERT INTO interacts VALUES(103341132354, 1, 'Kuro', 1058, 1372728, 1);
INSERT INTO interacts VALUES(103341132354, 1, 'Smurf', 3065, 1431912, 1);
INSERT INTO interacts VALUES(103341132354, 1, 'Smurf', 2043, 1434506, 1);
INSERT INTO interacts VALUES(103341132354, 1, 'PvPStejos', 3111, 1434801, 1);
INSERT INTO interacts VALUES(103341132354, 1, 'PvPStejos', 1026, 1436329, 1);
INSERT INTO interacts VALUES(103341132354, 1, 'PvPStejos', 1052, 1438050, 1);
INSERT INTO interacts VALUES(103341132354, 1, 'aMiracle', 3071, 1441185, 1);
INSERT INTO interacts VALUES(103341132354, 1, 'Likkrit', 3190, 1441300, 1);
INSERT INTO interacts VALUES(103341132354, 1, 'Likkrit', 3364, 1441959, 1);
INSERT INTO interacts VALUES(103341132354, 1, 'aMiracle', 1042, 1442546, 1);
INSERT INTO interacts VALUES(103341132354, 1, 'Likkrit', 1028, 1443422, 1);
INSERT INTO interacts VALUES(103341132354, 1, 'GorillA', 3801, 1448643, 1);
INSERT INTO interacts VALUES(103341132354, 1, 'Peanut', 3156, 1448740, 1);
INSERT INTO interacts VALUES(103341132354, 1, 'GorillA', 2043, 1448875, 1);
INSERT INTO interacts VALUES(103341132354, 1, 'Peanut', 2043, 1450047, 1);
INSERT INTO interacts VALUES(103341132354, 1, 'Kuro', 3116, 1503850, 1);
INSERT INTO interacts VALUES(103341132354, 1, 'Likkrit', 2045, 1540558, 1);
INSERT INTO interacts VALUES(103341132354, 1, 'Likkrit', 2043, 1542131, 1);
INSERT INTO interacts VALUES(103341132354, 1, 'Likkrit', 2043, 1542294, 1);
INSERT INTO interacts VALUES(103341132354, 1, 'Smeb', 3025, 1571012, 1);
INSERT INTO interacts VALUES(103341132354, 1, 'Smeb', 3211, 1573413, 1);
INSERT INTO interacts VALUES(103341132354, 1, 'PraY', 3035, 1595472, 1);
INSERT INTO interacts VALUES(103341132354, 1, 'PraY', 2010, 1596772, 1);
INSERT INTO interacts VALUES(103341132354, 1, 'GorillA', 3105, 1602770, 1);
INSERT INTO interacts VALUES(103341132354, 1, 'GorillA', 1028, 1603085, 1);
INSERT INTO interacts VALUES(103341132354, 1, 'Kira', 1058, 1607676, 1);
INSERT INTO interacts VALUES(103341132354, 1, 'Smurf', 3057, 1608195, 1);
INSERT INTO interacts VALUES(103341132354, 1, 'Kira', 1054, 1608718, 0);
INSERT INTO interacts VALUES(103341132354, 1, 'Kuro', 1052, 1609076, 1);
INSERT INTO interacts VALUES(103341132354, 1, 'Smurf', 1029, 1609207, 1);
INSERT INTO interacts VALUES(103341132354, 1, 'Kira', 1011, 1609757, 1);
INSERT INTO interacts VALUES(103341132354, 1, 'Likkrit', 2031, 1609891, 0);
INSERT INTO interacts VALUES(103341132354, 1, 'Kuro', 2043, 1610050, 1);
INSERT INTO interacts VALUES(103341132354, 1, 'Likkrit', 3097, 1612856, 1);
INSERT INTO interacts VALUES(103341132354, 1, 'Likkrit', 2043, 1613319, 1);
INSERT INTO interacts VALUES(103341132354, 1, 'aMiracle', 3086, 1618923, 1);
INSERT INTO interacts VALUES(103341132354, 1, 'Peanut', 2031, 1620481, 0);
INSERT INTO interacts VALUES(103341132354, 1, 'Peanut', 3111, 1622134, 1);
INSERT INTO interacts VALUES(103341132354, 1, 'PvPStejos', 3135, 1629241, 1);
INSERT INTO interacts VALUES(103341132354, 1, 'PvPStejos', 1052, 1631128, 1);
INSERT INTO interacts VALUES(103341132354, 1, 'Peanut', 1029, 1727039, 1);
INSERT INTO interacts VALUES(103341132354, 1, 'Likkrit', 2031, 1732164, 0);
INSERT INTO interacts VALUES(103341132354, 1, 'Kira', 3116, 1735751, 1);
INSERT INTO interacts VALUES(103341132354, 1, 'Kira', 1052, 1736204, 1);
INSERT INTO interacts VALUES(103341132354, 1, 'Likkrit', 3067, 1738027, 1);
INSERT INTO interacts VALUES(103341132354, 1, 'Kira', 2043, 1739523, 1);
INSERT INTO interacts VALUES(103341132354, 1, 'Kira', 2043, 1739682, 1);
INSERT INTO interacts VALUES(103341132354, 1, 'Smurf', 3025, 1740008, 1);
INSERT INTO interacts VALUES(103341132354, 1, 'Smurf', 2043, 1741380, 1);
INSERT INTO interacts VALUES(103341132354, 1, 'PvPStejos', 3108, 1770735, 1);
INSERT INTO interacts VALUES(103341132354, 1, 'PvPStejos', 2031, 1773613, 0);
INSERT INTO interacts VALUES(103341132354, 1, 'PvPStejos', 3191, 1774914, 1);
INSERT INTO interacts VALUES(103341132354, 1, 'PvPStejos', 1052, 1776029, 1);
INSERT INTO interacts VALUES(103341132354, 1, 'aMiracle', 3094, 1777015, 1);
INSERT INTO interacts VALUES(103341132354, 1, 'aMiracle', 2031, 1778131, 0);
INSERT INTO interacts VALUES(103341132354, 1, 'GorillA', 3190, 1779352, 1);
INSERT INTO interacts VALUES(103341132354, 1, 'aMiracle', 3155, 1782125, 1);
INSERT INTO interacts VALUES(103341132354, 1, 'PraY', 3033, 1786317, 1);
INSERT INTO interacts VALUES(103341132354, 1, 'Kuro', 1026, 1791763, 1);
INSERT INTO interacts VALUES(103341132354, 1, 'Peanut', 1031, 1799525, 1);
INSERT INTO interacts VALUES(103341132354, 1, 'GorillA', 2043, 1805369, 1);
INSERT INTO interacts VALUES(103341132354, 1, 'GorillA', 2010, 1806933, 1);
INSERT INTO interacts VALUES(103341132354, 1, 'Smeb', 3065, 1807804, 1);
INSERT INTO interacts VALUES(103341132354, 1, 'GorillA', 2043, 1857105, 1);
INSERT INTO interacts VALUES(103341132354, 1, 'Smeb', 3082, 1960088, 1);
INSERT INTO interacts VALUES(103341132354, 1, 'Kuro', 3135, 1962321, 1);
INSERT INTO interacts VALUES(103341132354, 1, 'PraY', 1051, 1962742, 1);
INSERT INTO interacts VALUES(103341132354, 1, 'Kuro', 3363, 1962924, 1);
INSERT INTO interacts VALUES(103341132354, 1, 'Kuro', 2043, 1963232, 1);
INSERT INTO interacts VALUES(103341132354, 1, 'Smeb', 1031, 1964565, 1);
INSERT INTO interacts VALUES(103341132354, 1, 'GorillA', 2043, 1965543, 1);
INSERT INTO interacts VALUES(103341132354, 1, 'GorillA', 2043, 1965673, 1);
INSERT INTO interacts VALUES(103341132354, 1, 'PvPStejos', 3157, 1966514, 1);
INSERT INTO interacts VALUES(103341132354, 1, 'Likkrit', 3401, 1967978, 1);
INSERT INTO interacts VALUES(103341132354, 1, 'Smurf', 2033, 1968012, 0);
INSERT INTO interacts VALUES(103341132354, 1, 'Likkrit', 2043, 1969208, 1);
INSERT INTO interacts VALUES(103341132354, 1, 'Likkrit', 2043, 1969316, 1);
INSERT INTO interacts VALUES(103341132354, 1, 'Smurf', 1031, 1969385, 1);
INSERT INTO interacts VALUES(103341132354, 1, 'PvPStejos', 2043, 1969900, 1);
INSERT INTO interacts VALUES(103341132354, 1, 'Likkrit', 1029, 1970617, 1);
INSERT INTO interacts VALUES(103341132354, 1, 'Smurf', 1057, 1970809, 1);
INSERT INTO interacts VALUES(103341132354, 1, 'aMiracle', 1055, 1972922, 0);
INSERT INTO interacts VALUES(103341132354, 1, 'aMiracle', 3134, 1974779, 1);
INSERT INTO interacts VALUES(103341132354, 1, 'Kuro', 2043, 2052638, 1);
INSERT INTO interacts VALUES(103341132354, 1, 'GorillA', 1028, 2053157, 1);
INSERT INTO interacts VALUES(103341132354, 1, 'GorillA', 2043, 2053890, 1);
INSERT INTO interacts VALUES(103341132354, 1, 'GorillA', 2043, 2054022, 1);
INSERT INTO interacts VALUES(103341132354, 1, 'PraY', 3086, 2054544, 1);
INSERT INTO interacts VALUES(103341132354, 1, 'Smeb', 2033, 2057085, 0);
INSERT INTO interacts VALUES(103341132354, 1, 'Smeb', 1057, 2058898, 1);
INSERT INTO interacts VALUES(103341132354, 1, 'PvPStejos', 2043, 2087864, 0);
INSERT INTO interacts VALUES(103341132354, 1, 'aMiracle', 3156, 2088649, 1);
INSERT INTO interacts VALUES(103341132354, 1, 'PvPStejos', 1058, 2089624, 1);
INSERT INTO interacts VALUES(103341132354, 1, 'Smurf', 3026, 2092687, 1);
INSERT INTO interacts VALUES(103341132354, 1, 'Smurf', 2043, 2094031, 1);
INSERT INTO interacts VALUES(103341132354, 1, 'Peanut', 3742, 2094295, 1);
INSERT INTO interacts VALUES(103341132354, 1, 'GorillA', 1006, 2094554, 1);
INSERT INTO interacts VALUES(103341132354, 1, 'Likkrit', 3024, 2094636, 1);
INSERT INTO interacts VALUES(103341132354, 1, 'GorillA', 2043, 2095590, 1);
INSERT INTO interacts VALUES(103341132354, 1, 'GorillA', 2043, 2095754, 1);
INSERT INTO interacts VALUES(103341132354, 1, 'Peanut', 2043, 2096310, 1);
INSERT INTO interacts VALUES(103341132354, 1, 'Kira', 3135, 2107654, 1);
INSERT INTO interacts VALUES(103341132354, 1, 'Kira', 2043, 2108954, 1);
INSERT INTO interacts VALUES(103341132354, 1, 'Kira', 2043, 2109117, 1);
INSERT INTO interacts VALUES(103341132354, 1, 'GorillA', 3067, 2164657, 1);
INSERT INTO interacts VALUES(103341132354, 1, 'GorillA', 2043, 2165017, 1);
INSERT INTO interacts VALUES(103341132354, 1, 'PraY', 3094, 2165534, 1);
INSERT INTO interacts VALUES(103341132354, 1, 'GorillA', 1028, 2167768, 0);
INSERT INTO interacts VALUES(103341132354, 1, 'GorillA', 1029, 2168416, 1);
INSERT INTO interacts VALUES(103341132354, 1, 'Smeb', 3026, 2168523, 1);
INSERT INTO interacts VALUES(103341132354, 1, 'GorillA', 2043, 2168752, 1);
INSERT INTO interacts VALUES(103341132354, 1, 'GorillA', 2043, 2168849, 1);
INSERT INTO interacts VALUES(103341132354, 1, 'Smeb', 2043, 2169989, 1);
INSERT INTO interacts VALUES(103341132354, 1, 'Kuro', 1056, 2191752, 0);
INSERT INTO interacts VALUES(103341132354, 1, 'Peanut', 1031, 2192403, 1);
INSERT INTO interacts VALUES(103341132354, 1, 'PraY', 1055, 2193907, 0);
INSERT INTO interacts VALUES(103341132354, 1, 'PraY', 1033, 2195017, 1);
INSERT INTO interacts VALUES(103341132354, 1, 'GorillA', 3024, 2285144, 1);
INSERT INTO interacts VALUES(103341132354, 1, 'GorillA', 2043, 2285634, 1);
INSERT INTO interacts VALUES(103341132354, 1, 'GorillA', 2043, 2285765, 1);
INSERT INTO interacts VALUES(103341132354, 1, 'Smeb', 1011, 2297926, 1);
INSERT INTO interacts VALUES(103341132354, 1, 'Smurf', 1011, 2310324, 1);
INSERT INTO interacts VALUES(103341132354, 1, 'Smurf', 2138, 2310812, 1);
INSERT INTO interacts VALUES(103341132354, 1, 'Likkrit', 2043, 2310944, 1);
INSERT INTO interacts VALUES(103341132354, 1, 'Likkrit', 2043, 2311078, 1);
INSERT INTO interacts VALUES(103341132354, 1, 'Kuro', 1058, 2315347, 1);
INSERT INTO interacts VALUES(103341132354, 1, 'PraY', 3140, 2316031, 1);
INSERT INTO interacts VALUES(103341132354, 1, 'aMiracle', 3035, 2317993, 1);
INSERT INTO interacts VALUES(103341132354, 1, 'GorillA', 2043, 2514228, 1);
INSERT INTO interacts VALUES(103341132354, 1, 'GorillA', 2043, 2514325, 1);
INSERT INTO interacts VALUES(103341132354, 1, 'Likkrit', 3050, 2584835, 1);
INSERT INTO interacts VALUES(103341132354, 1, 'Likkrit', 2043, 2586135, 1);
INSERT INTO interacts VALUES(103341132354, 1, 'Likkrit', 2043, 2586324, 1);
INSERT INTO interacts VALUES(103341132354, 1, 'Likkrit', 2138, 2589117, 1);
INSERT INTO interacts VALUES(103341132354, 1, 'aMiracle', 3036, 2593443, 1);
INSERT INTO interacts VALUES(103341132354, 1, 'PraY', 3139, 2611901, 1);
INSERT INTO interacts VALUES(103341132354, 1, 'Kira', 3089, 2614378, 1);
INSERT INTO interacts VALUES(103341132354, 1, 'PvPStejos', 3089, 2614580, 1);
INSERT INTO interacts VALUES(103341132354, 1, 'GorillA', 3302, 2623391, 0);
INSERT INTO interacts VALUES(103341132354, 1, 'GorillA', 3050, 2624338, 1);
INSERT INTO interacts VALUES(103341132354, 1, 'Smeb', 3143, 2635555, 1);
INSERT INTO interacts VALUES(103341132354, 1, 'Smurf', 3143, 2645597, 1);
INSERT INTO interacts VALUES(103341132354, 1, 'Peanut', 3026, 2652369, 1);
INSERT INTO interacts VALUES(103341132354, 1, 'Peanut', 2043, 2653845, 1);
INSERT INTO interacts VALUES(103341132354, 1, 'GorillA', 2043, 2664879, 1);
INSERT INTO interacts VALUES(103341132354, 1, 'GorillA', 2043, 2665081, 1);
INSERT INTO interacts VALUES(103341132354, 1, 'Kuro', 3089, 2723646, 1);
INSERT INTO interacts VALUES(103341132354, 1, 'Smeb', 2138, 2764450, 1);
INSERT INTO interacts VALUES(103341132354, 1, 'Kira', 3158, 2836980, 0);
INSERT INTO interacts VALUES(103341132354, 1, 'Kira', 3111, 2838053, 1);
INSERT INTO interacts VALUES(103341132354, 1, 'Likkrit', 2043, 2839091, 0);
INSERT INTO interacts VALUES(103341132354, 1, 'Likkrit', 1057, 2839796, 1);
INSERT INTO interacts VALUES(103341132354, 1, 'Peanut', 3082, 2842096, 1);
INSERT INTO interacts VALUES(103341132354, 1, 'aMiracle', 3142, 2842199, 0);
INSERT INTO interacts VALUES(103341132354, 1, 'aMiracle', 3072, 2844930, 1);
INSERT INTO interacts VALUES(103341132354, 1, 'Kuro', 1056, 2849831, 0);
INSERT INTO interacts VALUES(103341132354, 1, 'Smeb', 2138, 2850028, 1);
INSERT INTO interacts VALUES(103341132354, 1, 'Kuro', 3191, 2850910, 1);
INSERT INTO interacts VALUES(103341132354, 1, 'GorillA', 3067, 2851233, 1);
INSERT INTO interacts VALUES(103341132354, 1, 'GorillA', 2043, 2852668, 1);
INSERT INTO interacts VALUES(103341132354, 1, 'GorillA', 2043, 2852794, 1);
INSERT INTO interacts VALUES(103341132354, 1, 'PraY', 2140, 2854598, 1);
INSERT INTO interacts VALUES(103341132354, 1, 'Kira', 2139, 2859229, 1);
INSERT INTO interacts VALUES(103341132354, 1, 'Smurf', 3068, 2859333, 0);
INSERT INTO interacts VALUES(103341132354, 1, 'Smurf', 3742, 2860535, 1);
INSERT INTO interacts VALUES(103341132354, 1, 'aMiracle', 3094, 2863326, 0);
INSERT INTO interacts VALUES(103341132354, 1, 'aMiracle', 3046, 2864729, 1);
INSERT INTO interacts VALUES(103341132354, 1, 'Likkrit', 2138, 2864864, 1);
INSERT INTO interacts VALUES(103341132354, 1, 'aMiracle', 2140, 2866134, 1);
INSERT INTO interacts VALUES(103341132354, 1, 'PvPStejos', 2139, 2868753, 1);
INSERT INTO interacts VALUES(103341132354, 1, 'Smurf', 2138, 2892955, 1);
INSERT INTO interacts VALUES(103341132354, 1, 'Kuro', 3157, 2925574, 1);
INSERT INTO interacts VALUES(103341132354, 1, 'PraY', 3006, 2940265, 0);
INSERT INTO interacts VALUES(103341132354, 1, 'PraY', 3046, 2942239, 1);
INSERT INTO interacts VALUES(103341132354, 1, 'PraY', 2140, 2944813, 1);
INSERT INTO interacts VALUES(103341132354, 1, 'Smeb', 3074, 2966213, 0);
INSERT INTO interacts VALUES(103341132354, 1, 'Smeb', 3748, 2967306, 1);
INSERT INTO interacts VALUES(103341132354, 1, 'Smeb', 2138, 2968510, 1);
INSERT INTO interacts VALUES(103341132354, 1, 'Kuro', 2139, 3000448, 1);
INSERT INTO interacts VALUES(103341132354, 1, 'PvPStejos', 2139, 3065719, 1);
INSERT INTO interacts VALUES(103341132354, 1, 'GorillA', 3067, 3079034, 0);
INSERT INTO interacts VALUES(103341132354, 1, 'GorillA', 3114, 3081714, 1);
INSERT INTO interacts VALUES(103341132354, 1, 'GorillA', 2043, 3083152, 1);
INSERT INTO interacts VALUES(103341132354, 1, 'GorillA', 2043, 3083274, 1);
INSERT INTO interacts VALUES(103341132354, 1, 'Kuro', 2139, 3084389, 1);
INSERT INTO interacts VALUES(103341132354, 1, 'Smurf', 2138, 3085094, 1);
INSERT INTO interacts VALUES(103341132354, 1, 'Peanut', 3143, 3085430, 1);
INSERT INTO interacts VALUES(103341132354, 1, 'Kira', 3152, 3086981, 0);
INSERT INTO interacts VALUES(103341132354, 1, 'Kira', 3157, 3087472, 1);
INSERT INTO interacts VALUES(103341132354, 1, 'Kira', 2139, 3087917, 1);
INSERT INTO interacts VALUES(103341132354, 1, 'PraY', 2140, 3097156, 1);
INSERT INTO interacts VALUES(103341132354, 1, 'Smeb', 3025, 3100247, 0);
INSERT INTO interacts VALUES(103341132354, 1, 'Smeb', 3110, 3101756, 1);
INSERT INTO interacts VALUES(103341132354, 1, 'PvPStejos', 2139, 3111909, 1);
INSERT INTO interacts VALUES(103341132354, 1, 'Likkrit', 2138, 3116728, 1);
INSERT INTO interacts VALUES(103341132354, 1, 'Kuro', 2139, 3184858, 1);
INSERT INTO interacts VALUES(103341132354, 1, 'GorillA', 2043, 3185812, 1);
INSERT INTO interacts VALUES(103341132354, 1, 'GorillA', 2043, 3185939, 1);
INSERT INTO interacts VALUES(103341132354, 1, 'Smeb', 2138, 3191120, 1);
INSERT INTO interacts VALUES(103341132354, 1, 'Peanut', 2140, 3191713, 1);
INSERT INTO interacts VALUES(103341132354, 1, 'aMiracle', 3072, 3215272, 0);
INSERT INTO interacts VALUES(103341132354, 1, 'aMiracle', 3031, 3217176, 1);
INSERT INTO interacts VALUES(103341132354, 1, 'aMiracle', 2140, 3218249, 1);
INSERT INTO interacts VALUES(103341132354, 1, 'Likkrit', 3512, 3231145, 1);
INSERT INTO interacts VALUES(103341132354, 1, 'Kira', 2139, 3239535, 1);
INSERT INTO interacts VALUES(103341132354, 1, 'PvPStejos', 2139, 3241994, 1);
INSERT INTO interacts VALUES(103341132354, 1, 'GorillA', 2043, 3243116, 1);
INSERT INTO interacts VALUES(103341132354, 1, 'Smurf', 2138, 3249721, 1);
INSERT INTO interacts VALUES(103341132354, 1, 'PraY', 2140, 3312206, 1);
INSERT INTO interacts VALUES(103341132354, 1, 'GorillA', 3222, 3344982, 1);
INSERT INTO interacts VALUES(103341132354, 1, 'Kuro', 2139, 3354995, 1);
INSERT INTO interacts VALUES(103341132354, 1, 'GorillA', 2043, 3356241, 1);
INSERT INTO interacts VALUES(103341132354, 1, 'PvPStejos', 2139, 3356813, 1);
INSERT INTO interacts VALUES(103341132354, 1, 'Smurf', 2138, 3357136, 1);
INSERT INTO interacts VALUES(103341132354, 1, 'aMiracle', 2140, 3358026, 1);
INSERT INTO interacts VALUES(103341132354, 1, 'Smeb', 2138, 3364289, 1);
INSERT INTO interacts VALUES(103341132354, 1, 'PraY', 2140, 3446043, 1);
INSERT INTO interacts VALUES(103341132354, 1, 'Smeb', 2138, 3447206, 1);
INSERT INTO interacts VALUES(103341132354, 1, 'Kuro', 2139, 3450534, 1);
INSERT INTO interacts VALUES(103341132354, 1, 'Likkrit', 2138, 3455275, 1);
INSERT INTO interacts VALUES(103341132354, 1, 'Smurf', 2138, 3456157, 1);
INSERT INTO interacts VALUES(103341132354, 1, 'aMiracle', 2140, 3458883, 1);
INSERT INTO interacts VALUES(103341132354, 1, 'Peanut', 2140, 3460493, 1);
INSERT INTO interacts VALUES(103341132354, 1, 'Kira', 2139, 3463971, 1);
INSERT INTO interacts VALUES(103341132354, 1, 'PvPStejos', 2139, 3464145, 1);
INSERT INTO interacts VALUES(103341132354, 1, 'GorillA', 3096, 3553988, 1);
INSERT INTO interacts VALUES(103341132354, 1, 'Kuro', 2139, 3570204, 1);
INSERT INTO interacts VALUES(103341132354, 1, 'PraY', 2140, 3573874, 1);
INSERT INTO interacts VALUES(103341132354, 1, 'Peanut', 3026, 3583767, 0);
INSERT INTO interacts VALUES(103341132354, 1, 'Peanut', 3102, 3590233, 1);
INSERT INTO interacts VALUES(103341132354, 1, 'Peanut', 2140, 3593672, 1);
INSERT INTO interacts VALUES(103341132354, 1, 'PraY', 3094, 3594251, 0);
INSERT INTO interacts VALUES(103341132354, 1, 'PraY', 3512, 3596901, 1);
INSERT INTO interacts VALUES(103341132354, 1, 'PraY', 3512, 3607008, 0);
INSERT INTO interacts VALUES(103341132354, 1, 'Smeb', 2138, 3607074, 1);
INSERT INTO interacts VALUES(103341132354, 1, 'PraY', 3094, 3608539, 1);
INSERT INTO interacts VALUES(103341132354, 1, 'Kuro', 2139, 3654144, 1);
INSERT INTO interacts VALUES(103341132354, 1, 'GorillA', 3069, 3730838, 1);
INSERT INTO interacts VALUES(103341132354, 1, 'PraY', 2140, 3760623, 1);
INSERT INTO interacts VALUES(103341132354, 1, 'aMiracle', 3071, 3760855, 0);
INSERT INTO interacts VALUES(103341132354, 1, 'aMiracle', 3072, 3763201, 1);
INSERT INTO interacts VALUES(103341132354, 1, 'aMiracle', 2140, 3767841, 1);
INSERT INTO interacts VALUES(103341132354, 1, 'Kira', 2139, 3768000, 1);
INSERT INTO interacts VALUES(103341132354, 1, 'Kuro', 2139, 3771797, 1);
INSERT INTO interacts VALUES(103341132354, 1, 'PvPStejos', 2139, 3772358, 1);
INSERT INTO interacts VALUES(103341132354, 1, 'Smurf', 3026, 3775243, 0);
INSERT INTO interacts VALUES(103341132354, 1, 'Smurf', 3512, 3781275, 1);
INSERT INTO interacts VALUES(103341132354, 1, 'Peanut', 3102, 3790015, 0);
INSERT INTO interacts VALUES(103341132354, 1, 'Kuro', 2139, 3794633, 1);
INSERT INTO interacts VALUES(103341132354, 1, 'PraY', 3094, 3795714, 0);
INSERT INTO interacts VALUES(103341132354, 1, 'Peanut', 3026, 3796758, 1);
INSERT INTO interacts VALUES(103341132354, 1, 'PraY', 3512, 3797966, 1);
INSERT INTO interacts VALUES(103341132354, 1, 'Peanut', 2140, 3799680, 1);
INSERT INTO interacts VALUES(103341132354, 1, 'Likkrit', 2138, 3800281, 1);
INSERT INTO interacts VALUES(103341132354, 1, 'PraY', 3512, 3801784, 0);
INSERT INTO interacts VALUES(103341132354, 1, 'PraY', 3094, 3803120, 1);
INSERT INTO interacts VALUES(103341132354, 1, 'Kuro', 3165, 3813860, 0);
INSERT INTO interacts VALUES(103341132354, 1, 'Smeb', 3110, 3814903, 0);
INSERT INTO interacts VALUES(103341132354, 1, 'Kuro', 3512, 3816780, 1);
INSERT INTO interacts VALUES(103341132354, 1, 'Smeb', 3512, 3818968, 1);
INSERT INTO interacts VALUES(103341132354, 1, 'Kuro', 3512, 3819499, 0);
INSERT INTO interacts VALUES(103341132354, 1, 'Kuro', 3165, 3821769, 1);
INSERT INTO interacts VALUES(103341132354, 1, 'Smeb', 3512, 3825269, 0);
INSERT INTO interacts VALUES(103341132354, 1, 'Smeb', 3110, 3826584, 1);
INSERT INTO interacts VALUES(103341132354, 1, 'Smeb', 2138, 3829372, 1);
INSERT INTO interacts VALUES(103341132354, 1, 'Smurf', 2138, 3832360, 1);
INSERT INTO interacts VALUES(103341132354, 1, 'GorillA', 2138, 3844935, 1);
INSERT INTO interacts VALUES(103341132354, 1, 'PraY', 3094, 3851708, 0);
INSERT INTO interacts VALUES(103341132354, 1, 'PraY', 3512, 3852181, 1);
INSERT INTO interacts VALUES(103341132354, 1, 'PraY', 3006, 3856132, 1);
INSERT INTO interacts VALUES(103341132354, 1, 'PraY', 2140, 3857188, 1);
INSERT INTO interacts VALUES(103341132354, 1, 'PraY', 3046, 3871446, 0);
INSERT INTO interacts VALUES(103341132354, 1, 'PraY', 3094, 3873778, 1);
INSERT INTO interacts VALUES(103341132354, 1, 'GorillA', 2138, 3918239, 1);
INSERT INTO interacts VALUES(103341132354, 1, 'Kuro', 2139, 3922956, 1);
INSERT INTO series VALUES(899545877925, 1);
INSERT INTO organizes VALUES('world_championship_2016', 899545877925, 'group_a - G2-vs-ANX');
INSERT INTO competes VALUES(899545877925, 'G2', 1);
INSERT INTO competes VALUES(899545877925, 'ANX', 0);
INSERT INTO matches VALUES(899545877925, 1, '2016-10-06');
INSERT INTO scores VALUES('G2', 899545877925, 1, 2, 10, 0, 1, 2, 1);
INSERT INTO scores VALUES('ANX', 899545877925, 1, 0, 0, 0, 0, 1, 0);
INSERT INTO bans VALUES(899545877925, 1, 78, 1);
INSERT INTO bans VALUES(899545877925, 1, 223, 3);
INSERT INTO bans VALUES(899545877925, 1, 8, 5);
INSERT INTO bans VALUES(899545877925, 1, 76, 2);
INSERT INTO bans VALUES(899545877925, 1, 2, 4);
INSERT INTO bans VALUES(899545877925, 1, 134, 6);
INSERT INTO plays VALUES(899545877925, 1, 'Expect', 39, 'top', 7, 3, 1, 11546, 19, 4, 301, 0, 7, 15505);
INSERT INTO plays VALUES(899545877925, 1, 'Trick', 104, 'jungle', 3, 2, 7, 16303, 28, 10, 76, 122, 15, 14983);
INSERT INTO plays VALUES(899545877925, 1, 'Perkz', 13, 'mid', 3, 0, 6, 17375, 21, 3, 303, 17, 19, 15499);
INSERT INTO plays VALUES(899545877925, 1, 'Zven', 15, 'adc', 0, 1, 7, 10885, 17, 16, 364, 4, 6, 16619);
INSERT INTO plays VALUES(899545877925, 1, 'mithy', 12, 'support', 0, 0, 11, 4250, 54, 10, 42, 0, 0, 9674);
INSERT INTO plays VALUES(899545877925, 1, 'Smurf', 85, 'top', 2, 3, 3, 15687, 16, 5, 264, 1, 0, 11356);
INSERT INTO plays VALUES(899545877925, 1, 'PvPStejos', 60, 'jungle', 2, 4, 2, 8161, 21, 9, 28, 89, 11, 10783);
INSERT INTO plays VALUES(899545877925, 1, 'Kira', 126, 'mid', 0, 3, 3, 17424, 19, 14, 302, 19, 0, 12207);
INSERT INTO plays VALUES(899545877925, 1, 'aMiracle', 236, 'adc', 1, 1, 0, 8632, 10, 6, 341, 0, 0, 12572);
INSERT INTO plays VALUES(899545877925, 1, 'Likkrit', 201, 'support', 1, 2, 3, 3907, 38, 10, 58, 0, 0, 8499);
INSERT INTO interacts VALUES(899545877925, 1, 'Trick', 1041, 1589, 1);
INSERT INTO interacts VALUES(899545877925, 1, 'Zven', 1055, 2167, 1);
INSERT INTO interacts VALUES(899545877925, 1, 'Likkrit', 3302, 2327, 1);
INSERT INTO interacts VALUES(899545877925, 1, 'Trick', 2031, 2371, 1);
INSERT INTO interacts VALUES(899545877925, 1, 'Zven', 2003, 2425, 1);
INSERT INTO interacts VALUES(899545877925, 1, 'Perkz', 1027, 2457, 1);
INSERT INTO interacts VALUES(899545877925, 1, 'Zven', 3340, 2626, 1);
INSERT INTO interacts VALUES(899545877925, 1, 'Likkrit', 3340, 2626, 1);
INSERT INTO interacts VALUES(899545877925, 1, 'Trick', 3340, 2653, 1);
INSERT INTO interacts VALUES(899545877925, 1, 'mithy', 3302, 2716, 1);
INSERT INTO interacts VALUES(899545877925, 1, 'Smurf', 1055, 2780, 1);
INSERT INTO interacts VALUES(899545877925, 1, 'Perkz', 2010, 2780, 1);
INSERT INTO interacts VALUES(899545877925, 1, 'Perkz', 2010, 2943, 1);
INSERT INTO interacts VALUES(899545877925, 1, 'mithy', 2010, 2976, 1);
INSERT INTO interacts VALUES(899545877925, 1, 'Perkz', 2010, 3106, 1);
INSERT INTO interacts VALUES(899545877925, 1, 'Smurf', 2003, 3106, 1);
INSERT INTO interacts VALUES(899545877925, 1, 'aMiracle', 1055, 3145, 1);
INSERT INTO interacts VALUES(899545877925, 1, 'mithy', 2010, 3145, 1);
INSERT INTO interacts VALUES(899545877925, 1, 'PvPStejos', 1039, 3202, 1);
INSERT INTO interacts VALUES(899545877925, 1, 'mithy', 2010, 3298, 1);
INSERT INTO interacts VALUES(899545877925, 1, 'aMiracle', 2010, 3426, 1);
INSERT INTO interacts VALUES(899545877925, 1, 'Smurf', 3340, 3426, 1);
INSERT INTO interacts VALUES(899545877925, 1, 'Perkz', 3340, 3525, 1);
INSERT INTO interacts VALUES(899545877925, 1, 'aMiracle', 3340, 3621, 1);
INSERT INTO interacts VALUES(899545877925, 1, 'Expect', 2033, 3664, 1);
INSERT INTO interacts VALUES(899545877925, 1, 'PvPStejos', 3340, 3750, 1);
INSERT INTO interacts VALUES(899545877925, 1, 'mithy', 3340, 3784, 1);
INSERT INTO interacts VALUES(899545877925, 1, 'Expect', 3340, 3880, 1);
INSERT INTO interacts VALUES(899545877925, 1, 'Likkrit', 2031, 4335, 1);
INSERT INTO interacts VALUES(899545877925, 1, 'PvPStejos', 2031, 4886, 1);
INSERT INTO interacts VALUES(899545877925, 1, 'Kira', 1055, 4886, 1);
INSERT INTO interacts VALUES(899545877925, 1, 'Kira', 2003, 5144, 1);
INSERT INTO interacts VALUES(899545877925, 1, 'Kira', 3340, 5371, 1);
INSERT INTO interacts VALUES(899545877925, 1, 'aMiracle', 1036, 80720, 1);
INSERT INTO interacts VALUES(899545877925, 1, 'aMiracle', 2010, 83186, 1);
INSERT INTO interacts VALUES(899545877925, 1, 'Smurf', 2043, 185610, 1);
INSERT INTO interacts VALUES(899545877925, 1, 'Smurf', 2031, 186000, 1);
INSERT INTO interacts VALUES(899545877925, 1, 'Expect', 1055, 223742, 1);
INSERT INTO interacts VALUES(899545877925, 1, 'Expect', 2043, 224945, 1);
INSERT INTO interacts VALUES(899545877925, 1, 'Likkrit', 1001, 248293, 1);
INSERT INTO interacts VALUES(899545877925, 1, 'Likkrit', 2043, 250628, 1);
INSERT INTO interacts VALUES(899545877925, 1, 'aMiracle', 1036, 260139, 1);
INSERT INTO interacts VALUES(899545877925, 1, 'aMiracle', 1001, 261796, 1);
INSERT INTO interacts VALUES(899545877925, 1, 'aMiracle', 2010, 264553, 1);
INSERT INTO interacts VALUES(899545877925, 1, 'Zven', 1001, 305852, 1);
INSERT INTO interacts VALUES(899545877925, 1, 'mithy', 1028, 306069, 1);
INSERT INTO interacts VALUES(899545877925, 1, 'Zven', 1083, 307099, 1);
INSERT INTO interacts VALUES(899545877925, 1, 'Perkz', 3070, 307099, 1);
INSERT INTO interacts VALUES(899545877925, 1, 'Zven', 1036, 307510, 1);
INSERT INTO interacts VALUES(899545877925, 1, 'Zven', 2003, 308032, 1);
INSERT INTO interacts VALUES(899545877925, 1, 'mithy', 2010, 308065, 0);
INSERT INTO interacts VALUES(899545877925, 1, 'mithy', 1001, 308662, 1);
INSERT INTO interacts VALUES(899545877925, 1, 'Perkz', 1001, 311315, 1);
INSERT INTO interacts VALUES(899545877925, 1, 'Perkz', 2010, 311576, 1);
INSERT INTO interacts VALUES(899545877925, 1, 'Perkz', 2010, 311803, 1);
INSERT INTO interacts VALUES(899545877925, 1, 'Perkz', 2043, 313682, 1);
INSERT INTO interacts VALUES(899545877925, 1, 'Smurf', 1055, 319993, 1);
INSERT INTO interacts VALUES(899545877925, 1, 'Smurf', 1001, 321324, 1);
INSERT INTO interacts VALUES(899545877925, 1, 'Kira', 1001, 329735, 1);
INSERT INTO interacts VALUES(899545877925, 1, 'Kira', 1036, 332395, 1);
INSERT INTO interacts VALUES(899545877925, 1, 'Kira', 1036, 332524, 1);
INSERT INTO interacts VALUES(899545877925, 1, 'Kira', 2031, 333475, 1);
INSERT INTO interacts VALUES(899545877925, 1, 'PvPStejos', 3711, 337260, 1);
INSERT INTO interacts VALUES(899545877925, 1, 'PvPStejos', 1052, 338742, 1);
INSERT INTO interacts VALUES(899545877925, 1, 'PvPStejos', 2043, 339812, 1);
INSERT INTO interacts VALUES(899545877925, 1, 'Kira', 2043, 341175, 1);
INSERT INTO interacts VALUES(899545877925, 1, 'Trick', 3006, 342510, 1);
INSERT INTO interacts VALUES(899545877925, 1, 'Expect', 3044, 410569, 1);
INSERT INTO interacts VALUES(899545877925, 1, 'Trick', 1039, 421246, 1);
INSERT INTO interacts VALUES(899545877925, 1, 'PvPStejos', 3113, 489053, 1);
INSERT INTO interacts VALUES(899545877925, 1, 'PvPStejos', 1052, 489668, 1);
INSERT INTO interacts VALUES(899545877925, 1, 'Smurf', 3145, 491811, 1);
INSERT INTO interacts VALUES(899545877925, 1, 'Expect', 2043, 492975, 1);
INSERT INTO interacts VALUES(899545877925, 1, 'Trick', 3711, 524847, 1);
INSERT INTO interacts VALUES(899545877925, 1, 'Trick', 1036, 525206, 1);
INSERT INTO interacts VALUES(899545877925, 1, 'Trick', 3341, 527552, 1);
INSERT INTO interacts VALUES(899545877925, 1, 'Perkz', 3010, 553829, 1);
INSERT INTO interacts VALUES(899545877925, 1, 'Perkz', 2010, 554871, 1);
INSERT INTO interacts VALUES(899545877925, 1, 'Perkz', 2010, 555032, 1);
INSERT INTO interacts VALUES(899545877925, 1, 'Perkz', 2043, 555682, 1);
INSERT INTO interacts VALUES(899545877925, 1, 'PvPStejos', 1410, 558054, 1);
INSERT INTO interacts VALUES(899545877925, 1, 'PvPStejos', 2043, 559436, 1);
INSERT INTO interacts VALUES(899545877925, 1, 'Kira', 3134, 573684, 1);
INSERT INTO interacts VALUES(899545877925, 1, 'Kira', 1036, 574171, 1);
INSERT INTO interacts VALUES(899545877925, 1, 'Kira', 1036, 574301, 1);
INSERT INTO interacts VALUES(899545877925, 1, 'Trick', 1036, 647279, 1);
INSERT INTO interacts VALUES(899545877925, 1, 'Trick', 2043, 647765, 1);
INSERT INTO interacts VALUES(899545877925, 1, 'Smurf', 3067, 651143, 1);
INSERT INTO interacts VALUES(899545877925, 1, 'PvPStejos', 1001, 687992, 1);
INSERT INTO interacts VALUES(899545877925, 1, 'PvPStejos', 1028, 690103, 1);
INSERT INTO interacts VALUES(899545877925, 1, 'PvPStejos', 3341, 691519, 1);
INSERT INTO interacts VALUES(899545877925, 1, 'PvPStejos', 2043, 693223, 1);
INSERT INTO interacts VALUES(899545877925, 1, 'Perkz', 1026, 693740, 1);
INSERT INTO interacts VALUES(899545877925, 1, 'Kira', 3133, 694983, 1);
INSERT INTO interacts VALUES(899545877925, 1, 'Expect', 3057, 695105, 1);
INSERT INTO interacts VALUES(899545877925, 1, 'Kira', 1036, 695464, 1);
INSERT INTO interacts VALUES(899545877925, 1, 'Perkz', 2043, 696210, 1);
INSERT INTO interacts VALUES(899545877925, 1, 'Expect', 1001, 696990, 1);
INSERT INTO interacts VALUES(899545877925, 1, 'Expect', 2043, 698808, 1);
INSERT INTO interacts VALUES(899545877925, 1, 'Perkz', 2010, 705175, 1);
INSERT INTO interacts VALUES(899545877925, 1, 'Smurf', 3152, 741014, 1);
INSERT INTO interacts VALUES(899545877925, 1, 'aMiracle', 3142, 766816, 1);
INSERT INTO interacts VALUES(899545877925, 1, 'Likkrit', 2049, 768479, 1);
INSERT INTO interacts VALUES(899545877925, 1, 'aMiracle', 1036, 768576, 1);
INSERT INTO interacts VALUES(899545877925, 1, 'Likkrit', 3117, 769940, 1);
INSERT INTO interacts VALUES(899545877925, 1, 'Likkrit', 3341, 771659, 1);
INSERT INTO interacts VALUES(899545877925, 1, 'Likkrit', 1029, 772278, 1);
INSERT INTO interacts VALUES(899545877925, 1, 'aMiracle', 2031, 773708, 1);
INSERT INTO interacts VALUES(899545877925, 1, 'mithy', 2049, 789071, 1);
INSERT INTO interacts VALUES(899545877925, 1, 'Zven', 1038, 791738, 1);
INSERT INTO interacts VALUES(899545877925, 1, 'Zven', 3006, 793165, 1);
INSERT INTO interacts VALUES(899545877925, 1, 'mithy', 3117, 795117, 1);
INSERT INTO interacts VALUES(899545877925, 1, 'Zven', 3133, 795405, 1);
INSERT INTO interacts VALUES(899545877925, 1, 'mithy', 1028, 795931, 1);
INSERT INTO interacts VALUES(899545877925, 1, 'mithy', 3341, 797848, 1);
INSERT INTO interacts VALUES(899545877925, 1, 'Trick', 1408, 816602, 1);
INSERT INTO interacts VALUES(899545877925, 1, 'Trick', 2043, 817546, 1);
INSERT INTO interacts VALUES(899545877925, 1, 'Trick', 3364, 818067, 1);
INSERT INTO interacts VALUES(899545877925, 1, 'Likkrit', 1028, 827528, 1);
INSERT INTO interacts VALUES(899545877925, 1, 'Expect', 3111, 828474, 1);
INSERT INTO interacts VALUES(899545877925, 1, 'Smurf', 3111, 849135, 1);
INSERT INTO interacts VALUES(899545877925, 1, 'Smurf', 2043, 850694, 1);
INSERT INTO interacts VALUES(899545877925, 1, 'Perkz', 3027, 900022, 1);
INSERT INTO interacts VALUES(899545877925, 1, 'Perkz', 1052, 902265, 1);
INSERT INTO interacts VALUES(899545877925, 1, 'Perkz', 2010, 903533, 1);
INSERT INTO interacts VALUES(899545877925, 1, 'Kira', 3142, 905029, 1);
INSERT INTO interacts VALUES(899545877925, 1, 'Perkz', 2043, 905389, 1);
INSERT INTO interacts VALUES(899545877925, 1, 'Perkz', 3363, 905854, 1);
INSERT INTO interacts VALUES(899545877925, 1, 'Kira', 1036, 906199, 1);
INSERT INTO interacts VALUES(899545877925, 1, 'mithy', 2045, 934029, 1);
INSERT INTO interacts VALUES(899545877925, 1, 'mithy', 2043, 934419, 1);
INSERT INTO interacts VALUES(899545877925, 1, 'Zven', 3508, 934681, 1);
INSERT INTO interacts VALUES(899545877925, 1, 'PvPStejos', 3047, 934878, 1);
INSERT INTO interacts VALUES(899545877925, 1, 'Zven', 2043, 936274, 1);
INSERT INTO interacts VALUES(899545877925, 1, 'PvPStejos', 3364, 936504, 1);
INSERT INTO interacts VALUES(899545877925, 1, 'PvPStejos', 1028, 937744, 1);
INSERT INTO interacts VALUES(899545877925, 1, 'Likkrit', 3801, 939238, 1);
INSERT INTO interacts VALUES(899545877925, 1, 'aMiracle', 3006, 967342, 1);
INSERT INTO interacts VALUES(899545877925, 1, 'aMiracle', 1036, 967733, 1);
INSERT INTO interacts VALUES(899545877925, 1, 'aMiracle', 3363, 969062, 1);
INSERT INTO interacts VALUES(899545877925, 1, 'Expect', 2043, 998303, 0);
INSERT INTO interacts VALUES(899545877925, 1, 'Expect', 1042, 998986, 1);
INSERT INTO interacts VALUES(899545877925, 1, 'Smurf', 2043, 1001133, 0);
INSERT INTO interacts VALUES(899545877925, 1, 'Smurf', 1029, 1003368, 1);
INSERT INTO interacts VALUES(899545877925, 1, 'Likkrit', 3097, 1007773, 1);
INSERT INTO interacts VALUES(899545877925, 1, 'Likkrit', 3364, 1008149, 1);
INSERT INTO interacts VALUES(899545877925, 1, 'PvPStejos', 1011, 1042626, 1);
INSERT INTO interacts VALUES(899545877925, 1, 'mithy', 1028, 1049861, 1);
INSERT INTO interacts VALUES(899545877925, 1, 'mithy', 2043, 1051030, 1);
INSERT INTO interacts VALUES(899545877925, 1, 'Trick', 3155, 1073073, 1);
INSERT INTO interacts VALUES(899545877925, 1, 'Trick', 1036, 1073373, 1);
INSERT INTO interacts VALUES(899545877925, 1, 'Perkz', 3111, 1085404, 1);
INSERT INTO interacts VALUES(899545877925, 1, 'Perkz', 2010, 1086583, 1);
INSERT INTO interacts VALUES(899545877925, 1, 'Perkz', 2043, 1087995, 1);
INSERT INTO interacts VALUES(899545877925, 1, 'Smurf', 3191, 1102978, 1);
INSERT INTO interacts VALUES(899545877925, 1, 'mithy', 2043, 1134392, 1);
INSERT INTO interacts VALUES(899545877925, 1, 'mithy', 2043, 1134586, 1);
INSERT INTO interacts VALUES(899545877925, 1, 'mithy', 3364, 1134910, 1);
INSERT INTO interacts VALUES(899545877925, 1, 'Expect', 3078, 1140257, 1);
INSERT INTO interacts VALUES(899545877925, 1, 'Zven', 3086, 1145045, 1);
INSERT INTO interacts VALUES(899545877925, 1, 'Trick', 1036, 1145597, 1);
INSERT INTO interacts VALUES(899545877925, 1, 'Zven', 2043, 1145955, 1);
INSERT INTO interacts VALUES(899545877925, 1, 'Likkrit', 2303, 1146439, 1);
INSERT INTO interacts VALUES(899545877925, 1, 'Expect', 2043, 1146476, 1);
INSERT INTO interacts VALUES(899545877925, 1, 'Likkrit', 2043, 1147372, 1);
INSERT INTO interacts VALUES(899545877925, 1, 'Likkrit', 2043, 1147582, 1);
INSERT INTO interacts VALUES(899545877925, 1, 'Zven', 3363, 1148832, 1);
INSERT INTO interacts VALUES(899545877925, 1, 'aMiracle', 3133, 1173588, 1);
INSERT INTO interacts VALUES(899545877925, 1, 'aMiracle', 1036, 1174110, 1);
INSERT INTO interacts VALUES(899545877925, 1, 'Kira', 3134, 1196831, 1);
INSERT INTO interacts VALUES(899545877925, 1, 'Kira', 1038, 1198783, 1);
INSERT INTO interacts VALUES(899545877925, 1, 'PvPStejos', 1058, 1261562, 1);
INSERT INTO interacts VALUES(899545877925, 1, 'Trick', 3156, 1263573, 1);
INSERT INTO interacts VALUES(899545877925, 1, 'Zven', 3046, 1268652, 1);
INSERT INTO interacts VALUES(899545877925, 1, 'mithy', 3067, 1275112, 1);
INSERT INTO interacts VALUES(899545877925, 1, 'Expect', 1036, 1275443, 1);
INSERT INTO interacts VALUES(899545877925, 1, 'Expect', 1036, 1275538, 1);
INSERT INTO interacts VALUES(899545877925, 1, 'mithy', 1033, 1277810, 1);
INSERT INTO interacts VALUES(899545877925, 1, 'Kira', 2031, 1345304, 0);
INSERT INTO interacts VALUES(899545877925, 1, 'Likkrit', 3105, 1354806, 1);
INSERT INTO interacts VALUES(899545877925, 1, 'Kira', 3111, 1357589, 1);
INSERT INTO interacts VALUES(899545877925, 1, 'aMiracle', 3044, 1359848, 1);
INSERT INTO interacts VALUES(899545877925, 1, 'Perkz', 3165, 1375451, 1);
INSERT INTO interacts VALUES(899545877925, 1, 'mithy', 2043, 1379095, 1);
INSERT INTO interacts VALUES(899545877925, 1, 'mithy', 2043, 1379225, 1);
INSERT INTO interacts VALUES(899545877925, 1, 'Expect', 3134, 1386630, 1);
INSERT INTO interacts VALUES(899545877925, 1, 'Zven', 1038, 1393446, 1);
INSERT INTO interacts VALUES(899545877925, 1, 'Zven', 1083, 1394341, 0);
INSERT INTO interacts VALUES(899545877925, 1, 'Zven', 2043, 1394680, 1);
INSERT INTO interacts VALUES(899545877925, 1, 'Expect', 3155, 1395654, 1);
INSERT INTO interacts VALUES(899545877925, 1, 'Smurf', 3157, 1399640, 1);
INSERT INTO interacts VALUES(899545877925, 1, 'Trick', 3134, 1435297, 1);
INSERT INTO interacts VALUES(899545877925, 1, 'Trick', 2043, 1436791, 1);
INSERT INTO interacts VALUES(899545877925, 1, 'Kira', 1036, 1487111, 1);
INSERT INTO interacts VALUES(899545877925, 1, 'Likkrit', 1028, 1523351, 1);
INSERT INTO interacts VALUES(899545877925, 1, 'aMiracle', 3071, 1524294, 1);
INSERT INTO interacts VALUES(899545877925, 1, 'Smurf', 3363, 1524616, 1);
INSERT INTO interacts VALUES(899545877925, 1, 'aMiracle', 1042, 1525131, 1);
INSERT INTO interacts VALUES(899545877925, 1, 'mithy', 3190, 1534949, 1);
INSERT INTO interacts VALUES(899545877925, 1, 'Expect', 3156, 1535661, 1);
INSERT INTO interacts VALUES(899545877925, 1, 'mithy', 2043, 1535953, 1);
INSERT INTO interacts VALUES(899545877925, 1, 'mithy', 2043, 1536108, 1);
INSERT INTO interacts VALUES(899545877925, 1, 'Smurf', 1055, 1540120, 0);
INSERT INTO interacts VALUES(899545877925, 1, 'Smurf', 2043, 1542371, 1);
INSERT INTO interacts VALUES(899545877925, 1, 'Expect', 1029, 1546584, 1);
INSERT INTO interacts VALUES(899545877925, 1, 'PvPStejos', 3116, 1561963, 1);
INSERT INTO interacts VALUES(899545877925, 1, 'Trick', 2031, 1563399, 0);
INSERT INTO interacts VALUES(899545877925, 1, 'PvPStejos', 1029, 1564258, 1);
INSERT INTO interacts VALUES(899545877925, 1, 'Trick', 1036, 1564340, 1);
INSERT INTO interacts VALUES(899545877925, 1, 'Trick', 1036, 1564438, 1);
INSERT INTO interacts VALUES(899545877925, 1, 'Smurf', 1026, 1592230, 1);
INSERT INTO interacts VALUES(899545877925, 1, 'Kira', 3147, 1596845, 1);
INSERT INTO interacts VALUES(899545877925, 1, 'Kira', 2043, 1597398, 1);
INSERT INTO interacts VALUES(899545877925, 1, 'Kira', 3363, 1598858, 1);
INSERT INTO interacts VALUES(899545877925, 1, 'PvPStejos', 1011, 1637249, 1);
INSERT INTO interacts VALUES(899545877925, 1, 'Zven', 3031, 1663611, 1);
INSERT INTO interacts VALUES(899545877925, 1, 'Zven', 1036, 1664742, 1);
INSERT INTO interacts VALUES(899545877925, 1, 'Expect', 2033, 1665430, 0);
INSERT INTO interacts VALUES(899545877925, 1, 'Perkz', 3003, 1666596, 1);
INSERT INTO interacts VALUES(899545877925, 1, 'Expect', 1011, 1666825, 1);
INSERT INTO interacts VALUES(899545877925, 1, 'mithy', 3067, 1667282, 1);
INSERT INTO interacts VALUES(899545877925, 1, 'Perkz', 2043, 1667442, 1);
INSERT INTO interacts VALUES(899545877925, 1, 'Perkz', 2043, 1667605, 1);
INSERT INTO interacts VALUES(899545877925, 1, 'Perkz', 2010, 1667941, 1);
INSERT INTO interacts VALUES(899545877925, 1, 'mithy', 2043, 1668613, 1);
INSERT INTO interacts VALUES(899545877925, 1, 'Likkrit', 3190, 1669851, 1);
INSERT INTO interacts VALUES(899545877925, 1, 'Likkrit', 2043, 1671098, 1);
INSERT INTO interacts VALUES(899545877925, 1, 'aMiracle', 3086, 1685449, 1);
INSERT INTO interacts VALUES(899545877925, 1, 'Trick', 3142, 1702757, 1);
INSERT INTO interacts VALUES(899545877925, 1, 'Kira', 3134, 1703178, 1);
INSERT INTO interacts VALUES(899545877925, 1, 'Kira', 2043, 1704097, 1);
INSERT INTO interacts VALUES(899545877925, 1, 'Likkrit', 3024, 1890855, 1);
INSERT INTO interacts VALUES(899545877925, 1, 'Likkrit', 2043, 1891557, 1);
INSERT INTO interacts VALUES(899545877925, 1, 'Likkrit', 2043, 1891723, 1);
INSERT INTO interacts VALUES(899545877925, 1, 'Expect', 3742, 1893927, 1);
INSERT INTO interacts VALUES(899545877925, 1, 'Perkz', 1058, 1897408, 1);
INSERT INTO interacts VALUES(899545877925, 1, 'Expect', 1036, 1897635, 1);
INSERT INTO interacts VALUES(899545877925, 1, 'Perkz', 1026, 1897827, 1);
INSERT INTO interacts VALUES(899545877925, 1, 'mithy', 3401, 1902817, 1);
INSERT INTO interacts VALUES(899545877925, 1, 'mithy', 1029, 1904917, 1);
INSERT INTO interacts VALUES(899545877925, 1, 'mithy', 2043, 1906251, 1);
INSERT INTO interacts VALUES(899545877925, 1, 'Zven', 1053, 1908952, 1);
INSERT INTO interacts VALUES(899545877925, 1, 'Zven', 1055, 1911827, 0);
INSERT INTO interacts VALUES(899545877925, 1, 'Zven', 3140, 1912640, 1);
INSERT INTO interacts VALUES(899545877925, 1, 'Kira', 1055, 1913275, 0);
INSERT INTO interacts VALUES(899545877925, 1, 'Kira', 3044, 1914447, 1);
INSERT INTO interacts VALUES(899545877925, 1, 'aMiracle', 3046, 1914478, 1);
INSERT INTO interacts VALUES(899545877925, 1, 'PvPStejos', 1031, 1923247, 1);
INSERT INTO interacts VALUES(899545877925, 1, 'PvPStejos', 2031, 1925440, 0);
INSERT INTO interacts VALUES(899545877925, 1, 'PvPStejos', 1033, 1926611, 1);
INSERT INTO interacts VALUES(899545877925, 1, 'Trick', 1038, 1930577, 1);
INSERT INTO interacts VALUES(899545877925, 1, 'Trick', 1036, 1931033, 1);
INSERT INTO interacts VALUES(899545877925, 1, 'Smurf', 3135, 1941917, 1);
INSERT INTO interacts VALUES(899545877925, 1, 'Perkz', 2139, 2052624, 1);
INSERT INTO interacts VALUES(899545877925, 1, 'mithy', 2043, 2055323, 1);
INSERT INTO interacts VALUES(899545877925, 1, 'mithy', 2043, 2055452, 1);
INSERT INTO interacts VALUES(899545877925, 1, 'Zven', 3139, 2056531, 1);
INSERT INTO interacts VALUES(899545877925, 1, 'Zven', 2043, 2057546, 1);
INSERT INTO interacts VALUES(899545877925, 1, 'Expect', 3052, 2064445, 1);
INSERT INTO interacts VALUES(899545877925, 1, 'Expect', 3052, 2067426, 1);
INSERT INTO interacts VALUES(899545877925, 1, 'Trick', 3147, 2081919, 1);
INSERT INTO interacts VALUES(899545877925, 1, 'aMiracle', 2031, 2176545, 0);
INSERT INTO interacts VALUES(899545877925, 1, 'aMiracle', 1038, 2178374, 1);
INSERT INTO series VALUES(685227877057, 1);
INSERT INTO organizes VALUES('world_championship_2016', 685227877057, 'group_a - ROX-vs-CLG');
INSERT INTO competes VALUES(685227877057, 'ROX', 1);
INSERT INTO competes VALUES(685227877057, 'CLG', 0);
INSERT INTO matches VALUES(685227877057, 1, '2016-10-06');
INSERT INTO scores VALUES('ROX', 685227877057, 1, 1, 10, 0, 1, 2, 1);
INSERT INTO scores VALUES('CLG', 685227877057, 1, 0, 3, 0, 0, 2, 0);
INSERT INTO bans VALUES(685227877057, 1, 136, 1);
INSERT INTO bans VALUES(685227877057, 1, 8, 3);
INSERT INTO bans VALUES(685227877057, 1, 134, 5);
INSERT INTO bans VALUES(685227877057, 1, 68, 2);
INSERT INTO bans VALUES(685227877057, 1, 85, 4);
INSERT INTO bans VALUES(685227877057, 1, 76, 6);
INSERT INTO plays VALUES(685227877057, 1, 'Smeb', 150, 'top', 5, 6, 7, 20147, 18, 3, 316, 8, 2, 16625);
INSERT INTO plays VALUES(685227877057, 1, 'Peanut', 60, 'jungle', 10, 1, 8, 24005, 31, 21, 61, 86, 17, 16288);
INSERT INTO plays VALUES(685227877057, 1, 'Kuro', 112, 'mid', 6, 2, 7, 22950, 20, 6, 304, 9, 0, 16052);
INSERT INTO plays VALUES(685227877057, 1, 'PraY', 202, 'adc', 2, 1, 14, 32297, 19, 11, 295, 13, 2, 15909);
INSERT INTO plays VALUES(685227877057, 1, 'GorillA', 12, 'support', 0, 4, 13, 4089, 54, 13, 30, 0, 0, 9933);
INSERT INTO plays VALUES(685227877057, 1, 'Darshan', 78, 'top', 3, 4, 3, 14442, 21, 1, 230, 3, 0, 11761);
INSERT INTO plays VALUES(685227877057, 1, 'Xmithie', 2, 'jungle', 4, 4, 7, 12625, 14, 21, 53, 76, 19, 11913);
INSERT INTO plays VALUES(685227877057, 1, 'Huhi', 90, 'mid', 3, 6, 5, 22148, 18, 3, 257, 16, 4, 12900);
INSERT INTO plays VALUES(685227877057, 1, 'Stixxay', 51, 'adc', 3, 3, 7, 15742, 12, 15, 335, 24, 1, 15727);
INSERT INTO plays VALUES(685227877057, 1, 'aphromoo', 432, 'support', 1, 6, 7, 6453, 50, 19, 23, 0, 0, 8768);
INSERT INTO interacts VALUES(685227877057, 1, 'Stixxay', 3340, 1184, 1);
INSERT INTO interacts VALUES(685227877057, 1, 'Stixxay', 2010, 1411, 1);
INSERT INTO interacts VALUES(685227877057, 1, 'GorillA', 3302, 1604, 1);
INSERT INTO interacts VALUES(685227877057, 1, 'Stixxay', 1055, 1604, 1);
INSERT INTO interacts VALUES(685227877057, 1, 'Huhi', 3340, 1637, 1);
INSERT INTO interacts VALUES(685227877057, 1, 'GorillA', 2010, 1797, 1);
INSERT INTO interacts VALUES(685227877057, 1, 'Xmithie', 3340, 1797, 1);
INSERT INTO interacts VALUES(685227877057, 1, 'aphromoo', 3340, 1839, 1);
INSERT INTO interacts VALUES(685227877057, 1, 'GorillA', 2010, 1839, 1);
INSERT INTO interacts VALUES(685227877057, 1, 'Huhi', 1056, 1894, 1);
INSERT INTO interacts VALUES(685227877057, 1, 'GorillA', 2010, 1960, 1);
INSERT INTO interacts VALUES(685227877057, 1, 'aphromoo', 3303, 2057, 1);
INSERT INTO interacts VALUES(685227877057, 1, 'Huhi', 2003, 2153, 1);
INSERT INTO interacts VALUES(685227877057, 1, 'Xmithie', 1039, 2218, 1);
INSERT INTO interacts VALUES(685227877057, 1, 'Darshan', 3340, 2218, 1);
INSERT INTO interacts VALUES(685227877057, 1, 'Huhi', 2003, 2282, 1);
INSERT INTO interacts VALUES(685227877057, 1, 'GorillA', 3340, 2354, 1);
INSERT INTO interacts VALUES(685227877057, 1, 'aphromoo', 2010, 2477, 1);
INSERT INTO interacts VALUES(685227877057, 1, 'aphromoo', 2010, 2541, 1);
INSERT INTO interacts VALUES(685227877057, 1, 'aphromoo', 2010, 2703, 1);
INSERT INTO interacts VALUES(685227877057, 1, 'Peanut', 1039, 2735, 1);
INSERT INTO interacts VALUES(685227877057, 1, 'Darshan', 2033, 2800, 1);
INSERT INTO interacts VALUES(685227877057, 1, 'Kuro', 1056, 2800, 1);
INSERT INTO interacts VALUES(685227877057, 1, 'Kuro', 2010, 3188, 1);
INSERT INTO interacts VALUES(685227877057, 1, 'Kuro', 2010, 3318, 1);
INSERT INTO interacts VALUES(685227877057, 1, 'Xmithie', 2031, 3448, 1);
INSERT INTO interacts VALUES(685227877057, 1, 'Kuro', 3340, 3546, 1);
INSERT INTO interacts VALUES(685227877057, 1, 'PraY', 1055, 3546, 1);
INSERT INTO interacts VALUES(685227877057, 1, 'PraY', 2010, 3999, 1);
INSERT INTO interacts VALUES(685227877057, 1, 'Peanut', 2031, 4032, 1);
INSERT INTO interacts VALUES(685227877057, 1, 'PraY', 3340, 4355, 1);
INSERT INTO interacts VALUES(685227877057, 1, 'Smeb', 1055, 4646, 1);
INSERT INTO interacts VALUES(685227877057, 1, 'Smeb', 2003, 4839, 1);
INSERT INTO interacts VALUES(685227877057, 1, 'Smeb', 3340, 5067, 1);
INSERT INTO interacts VALUES(685227877057, 1, 'Peanut', 1041, 6333, 1);
INSERT INTO interacts VALUES(685227877057, 1, 'Peanut', 2031, 6625, 1);
INSERT INTO interacts VALUES(685227877057, 1, 'Peanut', 3340, 7111, 1);
INSERT INTO interacts VALUES(685227877057, 1, 'Stixxay', 1001, 188078, 1);
INSERT INTO interacts VALUES(685227877057, 1, 'Stixxay', 1083, 197754, 1);
INSERT INTO interacts VALUES(685227877057, 1, 'Smeb', 1036, 206232, 1);
INSERT INTO interacts VALUES(685227877057, 1, 'Smeb', 2003, 206784, 1);
INSERT INTO interacts VALUES(685227877057, 1, 'GorillA', 1001, 215531, 1);
INSERT INTO interacts VALUES(685227877057, 1, 'GorillA', 2043, 216214, 1);
INSERT INTO interacts VALUES(685227877057, 1, 'GorillA', 2010, 217834, 1);
INSERT INTO interacts VALUES(685227877057, 1, 'PraY', 1036, 221807, 1);
INSERT INTO interacts VALUES(685227877057, 1, 'PraY', 1036, 222773, 1);
INSERT INTO interacts VALUES(685227877057, 1, 'PraY', 1083, 229886, 1);
INSERT INTO interacts VALUES(685227877057, 1, 'Huhi', 1056, 250179, 1);
INSERT INTO interacts VALUES(685227877057, 1, 'Huhi', 2043, 251167, 1);
INSERT INTO interacts VALUES(685227877057, 1, 'Huhi', 2003, 251998, 1);
INSERT INTO interacts VALUES(685227877057, 1, 'Peanut', 3020, 265608, 1);
INSERT INTO interacts VALUES(685227877057, 1, 'Peanut', 2043, 266811, 1);
INSERT INTO interacts VALUES(685227877057, 1, 'Xmithie', 3158, 308092, 1);
INSERT INTO interacts VALUES(685227877057, 1, 'Xmithie', 2032, 309197, 1);
INSERT INTO interacts VALUES(685227877057, 1, 'Kuro', 2031, 309392, 1);
INSERT INTO interacts VALUES(685227877057, 1, 'Kuro', 2043, 309716, 1);
INSERT INTO interacts VALUES(685227877057, 1, 'Xmithie', 2043, 315238, 1);
INSERT INTO interacts VALUES(685227877057, 1, 'Darshan', 3751, 357298, 1);
INSERT INTO interacts VALUES(685227877057, 1, 'Darshan', 2043, 358224, 1);
INSERT INTO interacts VALUES(685227877057, 1, 'Darshan', 1001, 399124, 1);
INSERT INTO interacts VALUES(685227877057, 1, 'Smeb', 3052, 400129, 1);
INSERT INTO interacts VALUES(685227877057, 1, 'Smeb', 1001, 401689, 1);
INSERT INTO interacts VALUES(685227877057, 1, 'Darshan', 1029, 405951, 1);
INSERT INTO interacts VALUES(685227877057, 1, 'Smeb', 2003, 408027, 1);
INSERT INTO interacts VALUES(685227877057, 1, 'Darshan', 2043, 413653, 1);
INSERT INTO interacts VALUES(685227877057, 1, 'Huhi', 3802, 442374, 1);
INSERT INTO interacts VALUES(685227877057, 1, 'Peanut', 3711, 453737, 1);
INSERT INTO interacts VALUES(685227877057, 1, 'Peanut', 1052, 454551, 1);
INSERT INTO interacts VALUES(685227877057, 1, 'Peanut', 2043, 459725, 1);
INSERT INTO interacts VALUES(685227877057, 1, 'Stixxay', 1038, 464540, 1);
INSERT INTO interacts VALUES(685227877057, 1, 'Stixxay', 1001, 465857, 1);
INSERT INTO interacts VALUES(685227877057, 1, 'Kuro', 3196, 476758, 1);
INSERT INTO interacts VALUES(685227877057, 1, 'Kuro', 1001, 477183, 1);
INSERT INTO interacts VALUES(685227877057, 1, 'Kuro', 2043, 477476, 1);
INSERT INTO interacts VALUES(685227877057, 1, 'PraY', 1038, 491090, 1);
INSERT INTO interacts VALUES(685227877057, 1, 'PraY', 2010, 492296, 1);
INSERT INTO interacts VALUES(685227877057, 1, 'PraY', 2043, 492649, 1);
INSERT INTO interacts VALUES(685227877057, 1, 'GorillA', 2049, 500252, 1);
INSERT INTO interacts VALUES(685227877057, 1, 'GorillA', 3341, 501420, 1);
INSERT INTO interacts VALUES(685227877057, 1, 'GorillA', 2043, 501847, 1);
INSERT INTO interacts VALUES(685227877057, 1, 'Xmithie', 3751, 537257, 1);
INSERT INTO interacts VALUES(685227877057, 1, 'Xmithie', 2043, 538391, 1);
INSERT INTO interacts VALUES(685227877057, 1, 'aphromoo', 2049, 556985, 1);
INSERT INTO interacts VALUES(685227877057, 1, 'aphromoo', 1001, 557244, 1);
INSERT INTO interacts VALUES(685227877057, 1, 'aphromoo', 2043, 558123, 1);
INSERT INTO interacts VALUES(685227877057, 1, 'aphromoo', 2010, 558348, 1);
INSERT INTO interacts VALUES(685227877057, 1, 'aphromoo', 2010, 558502, 1);
INSERT INTO interacts VALUES(685227877057, 1, 'aphromoo', 3341, 559791, 1);
INSERT INTO interacts VALUES(685227877057, 1, 'Darshan', 1031, 651761, 1);
INSERT INTO interacts VALUES(685227877057, 1, 'Peanut', 3113, 652896, 1);
INSERT INTO interacts VALUES(685227877057, 1, 'Darshan', 3111, 653158, 1);
INSERT INTO interacts VALUES(685227877057, 1, 'Smeb', 1011, 671695, 1);
INSERT INTO interacts VALUES(685227877057, 1, 'Smeb', 1028, 673715, 1);
INSERT INTO interacts VALUES(685227877057, 1, 'Smeb', 2043, 674428, 1);
INSERT INTO interacts VALUES(685227877057, 1, 'GorillA', 3117, 754482, 1);
INSERT INTO interacts VALUES(685227877057, 1, 'GorillA', 2043, 756008, 1);
INSERT INTO interacts VALUES(685227877057, 1, 'GorillA', 2010, 756203, 1);
INSERT INTO interacts VALUES(685227877057, 1, 'Kuro', 3140, 756203, 1);
INSERT INTO interacts VALUES(685227877057, 1, 'aphromoo', 3117, 756722, 1);
INSERT INTO interacts VALUES(685227877057, 1, 'Kuro', 2043, 756983, 1);
INSERT INTO interacts VALUES(685227877057, 1, 'aphromoo', 2043, 757408, 1);
INSERT INTO interacts VALUES(685227877057, 1, 'aphromoo', 2010, 757700, 1);
INSERT INTO interacts VALUES(685227877057, 1, 'Huhi', 3165, 796694, 1);
INSERT INTO interacts VALUES(685227877057, 1, 'Smeb', 3022, 805113, 1);
INSERT INTO interacts VALUES(685227877057, 1, 'Xmithie', 1401, 806156, 1);
INSERT INTO interacts VALUES(685227877057, 1, 'Xmithie', 2043, 807453, 1);
INSERT INTO interacts VALUES(685227877057, 1, 'Huhi', 2043, 810251, 1);
INSERT INTO interacts VALUES(685227877057, 1, 'Huhi', 3363, 810773, 1);
INSERT INTO interacts VALUES(685227877057, 1, 'Smeb', 2003, 820313, 1);
INSERT INTO interacts VALUES(685227877057, 1, 'Smeb', 2043, 820657, 1);
INSERT INTO interacts VALUES(685227877057, 1, 'Peanut', 1410, 821894, 1);
INSERT INTO interacts VALUES(685227877057, 1, 'Peanut', 1028, 823190, 1);
INSERT INTO interacts VALUES(685227877057, 1, 'Peanut', 2043, 824680, 1);
INSERT INTO interacts VALUES(685227877057, 1, 'Peanut', 2043, 824810, 1);
INSERT INTO interacts VALUES(685227877057, 1, 'Kuro', 3197, 832485, 1);
INSERT INTO interacts VALUES(685227877057, 1, 'Darshan', 3068, 843908, 1);
INSERT INTO interacts VALUES(685227877057, 1, 'Darshan', 2043, 844690, 1);
INSERT INTO interacts VALUES(685227877057, 1, 'GorillA', 2010, 845046, 0);
INSERT INTO interacts VALUES(685227877057, 1, 'GorillA', 1028, 846714, 1);
INSERT INTO interacts VALUES(685227877057, 1, 'PraY', 3508, 861555, 1);
INSERT INTO interacts VALUES(685227877057, 1, 'PraY', 1083, 862859, 0);
INSERT INTO interacts VALUES(685227877057, 1, 'PraY', 3009, 864505, 1);
INSERT INTO interacts VALUES(685227877057, 1, 'Stixxay', 3085, 864774, 1);
INSERT INTO interacts VALUES(685227877057, 1, 'PraY', 2010, 864972, 1);
INSERT INTO interacts VALUES(685227877057, 1, 'PraY', 3363, 865392, 1);
INSERT INTO interacts VALUES(685227877057, 1, 'Stixxay', 1042, 866384, 1);
INSERT INTO interacts VALUES(685227877057, 1, 'Stixxay', 3363, 866724, 1);
INSERT INTO interacts VALUES(685227877057, 1, 'aphromoo', 1028, 870399, 1);
INSERT INTO interacts VALUES(685227877057, 1, 'aphromoo', 2043, 871336, 1);
INSERT INTO interacts VALUES(685227877057, 1, 'aphromoo', 2045, 998404, 1);
INSERT INTO interacts VALUES(685227877057, 1, 'aphromoo', 2043, 999285, 1);
INSERT INTO interacts VALUES(685227877057, 1, 'Huhi', 3158, 1022408, 1);
INSERT INTO interacts VALUES(685227877057, 1, 'GorillA', 2045, 1036091, 1);
INSERT INTO interacts VALUES(685227877057, 1, 'GorillA', 1036, 1036579, 1);
INSERT INTO interacts VALUES(685227877057, 1, 'Darshan', 1028, 1038365, 1);
INSERT INTO interacts VALUES(685227877057, 1, 'Darshan', 1033, 1039307, 1);
INSERT INTO interacts VALUES(685227877057, 1, 'GorillA', 2043, 1039403, 1);
INSERT INTO interacts VALUES(685227877057, 1, 'Huhi', 1028, 1042202, 1);
INSERT INTO interacts VALUES(685227877057, 1, 'GorillA', 2043, 1043338, 1);
INSERT INTO interacts VALUES(685227877057, 1, 'Huhi', 2003, 1047027, 1);
INSERT INTO interacts VALUES(685227877057, 1, 'Xmithie', 3801, 1053041, 1);
INSERT INTO interacts VALUES(685227877057, 1, 'GorillA', 1028, 1053467, 1);
INSERT INTO interacts VALUES(685227877057, 1, 'Xmithie', 1033, 1053531, 1);
INSERT INTO interacts VALUES(685227877057, 1, 'Kuro', 3198, 1054445, 1);
INSERT INTO interacts VALUES(685227877057, 1, 'Peanut', 3067, 1054667, 1);
INSERT INTO interacts VALUES(685227877057, 1, 'Kuro', 3158, 1055352, 1);
INSERT INTO interacts VALUES(685227877057, 1, 'Xmithie', 2043, 1056809, 1);
INSERT INTO interacts VALUES(685227877057, 1, 'Peanut', 3145, 1057264, 1);
INSERT INTO interacts VALUES(685227877057, 1, 'Peanut', 2043, 1058568, 1);
INSERT INTO interacts VALUES(685227877057, 1, 'Xmithie', 3364, 1059075, 1);
INSERT INTO interacts VALUES(685227877057, 1, 'Stixxay', 3006, 1060775, 1);
INSERT INTO interacts VALUES(685227877057, 1, 'Peanut', 3364, 1061030, 1);
INSERT INTO interacts VALUES(685227877057, 1, 'Smeb', 3044, 1065161, 1);
INSERT INTO interacts VALUES(685227877057, 1, 'Smeb', 3047, 1066651, 1);
INSERT INTO interacts VALUES(685227877057, 1, 'Smeb', 2003, 1068832, 1);
INSERT INTO interacts VALUES(685227877057, 1, 'aphromoo', 1033, 1073356, 1);
INSERT INTO interacts VALUES(685227877057, 1, 'PraY', 1038, 1092209, 1);
INSERT INTO interacts VALUES(685227877057, 1, 'PraY', 1042, 1099184, 1);
INSERT INTO interacts VALUES(685227877057, 1, 'Huhi', 1011, 1194739, 1);
INSERT INTO interacts VALUES(685227877057, 1, 'GorillA', 3801, 1245200, 1);
INSERT INTO interacts VALUES(685227877057, 1, 'GorillA', 1033, 1245426, 1);
INSERT INTO interacts VALUES(685227877057, 1, 'GorillA', 2043, 1245982, 1);
INSERT INTO interacts VALUES(685227877057, 1, 'GorillA', 3364, 1246179, 1);
INSERT INTO interacts VALUES(685227877057, 1, 'Kuro', 1058, 1250593, 1);
INSERT INTO interacts VALUES(685227877057, 1, 'Xmithie', 3105, 1255061, 1);
INSERT INTO interacts VALUES(685227877057, 1, 'Darshan', 3211, 1255216, 1);
INSERT INTO interacts VALUES(685227877057, 1, 'Darshan', 3067, 1255548, 1);
INSERT INTO interacts VALUES(685227877057, 1, 'Xmithie', 3067, 1256626, 1);
INSERT INTO interacts VALUES(685227877057, 1, 'aphromoo', 3801, 1262910, 1);
INSERT INTO interacts VALUES(685227877057, 1, 'aphromoo', 3364, 1264516, 1);
INSERT INTO interacts VALUES(685227877057, 1, 'Smeb', 3071, 1272326, 1);
INSERT INTO interacts VALUES(685227877057, 1, 'PraY', 3086, 1273498, 1);
INSERT INTO interacts VALUES(685227877057, 1, 'PraY', 2010, 1274830, 0);
INSERT INTO interacts VALUES(685227877057, 1, 'PraY', 2043, 1275581, 1);
INSERT INTO interacts VALUES(685227877057, 1, 'Peanut', 3152, 1278516, 1);
INSERT INTO interacts VALUES(685227877057, 1, 'Peanut', 1058, 1281135, 1);
INSERT INTO interacts VALUES(685227877057, 1, 'Peanut', 2043, 1283597, 1);
INSERT INTO interacts VALUES(685227877057, 1, 'Stixxay', 3031, 1283836, 1);
INSERT INTO interacts VALUES(685227877057, 1, 'Stixxay', 2043, 1285175, 1);
INSERT INTO interacts VALUES(685227877057, 1, 'Smeb', 1033, 1343617, 1);
INSERT INTO interacts VALUES(685227877057, 1, 'aphromoo', 3105, 1369417, 1);
INSERT INTO interacts VALUES(685227877057, 1, 'aphromoo', 2043, 1393849, 1);
INSERT INTO interacts VALUES(685227877057, 1, 'aphromoo', 2043, 1393946, 1);
INSERT INTO interacts VALUES(685227877057, 1, 'GorillA', 3105, 1402425, 1);
INSERT INTO interacts VALUES(685227877057, 1, 'GorillA', 2043, 1402790, 1);
INSERT INTO interacts VALUES(685227877057, 1, 'Huhi', 1058, 1423758, 1);
INSERT INTO interacts VALUES(685227877057, 1, 'Kuro', 3116, 1447096, 1);
INSERT INTO interacts VALUES(685227877057, 1, 'Smeb', 1057, 1462757, 1);
INSERT INTO interacts VALUES(685227877057, 1, 'Smeb', 1029, 1464046, 1);
INSERT INTO interacts VALUES(685227877057, 1, 'Darshan', 3065, 1469033, 1);
INSERT INTO interacts VALUES(685227877057, 1, 'PraY', 3094, 1469717, 1);
INSERT INTO interacts VALUES(685227877057, 1, 'Darshan', 1029, 1469912, 1);
INSERT INTO interacts VALUES(685227877057, 1, 'Darshan', 2043, 1470661, 1);
INSERT INTO interacts VALUES(685227877057, 1, 'aphromoo', 2010, 1471901, 0);
INSERT INTO interacts VALUES(685227877057, 1, 'aphromoo', 2010, 1472002, 0);
INSERT INTO interacts VALUES(685227877057, 1, 'aphromoo', 2010, 1472195, 0);
INSERT INTO interacts VALUES(685227877057, 1, 'aphromoo', 1028, 1473818, 1);
INSERT INTO interacts VALUES(685227877057, 1, 'Stixxay', 3140, 1482768, 1);
INSERT INTO interacts VALUES(685227877057, 1, 'GorillA', 1028, 1508027, 1);
INSERT INTO interacts VALUES(685227877057, 1, 'Huhi', 3116, 1508584, 1);
INSERT INTO interacts VALUES(685227877057, 1, 'GorillA', 2043, 1508835, 1);
INSERT INTO interacts VALUES(685227877057, 1, 'GorillA', 2043, 1508984, 1);
INSERT INTO interacts VALUES(685227877057, 1, 'Huhi', 2043, 1509877, 1);
INSERT INTO interacts VALUES(685227877057, 1, 'Xmithie', 3190, 1516707, 1);
INSERT INTO interacts VALUES(685227877057, 1, 'Xmithie', 1011, 1520227, 1);
INSERT INTO interacts VALUES(685227877057, 1, 'Xmithie', 1029, 1521268, 1);
INSERT INTO interacts VALUES(685227877057, 1, 'Xmithie', 2043, 1522898, 1);
INSERT INTO interacts VALUES(685227877057, 1, 'Xmithie', 2043, 1523079, 1);
INSERT INTO interacts VALUES(685227877057, 1, 'aphromoo', 3067, 1574899, 1);
INSERT INTO interacts VALUES(685227877057, 1, 'aphromoo', 2043, 1579829, 1);
INSERT INTO interacts VALUES(685227877057, 1, 'Darshan', 1031, 1620286, 1);
INSERT INTO interacts VALUES(685227877057, 1, 'Darshan', 2043, 1621009, 1);
INSERT INTO interacts VALUES(685227877057, 1, 'Xmithie', 2032, 1658394, 0);
INSERT INTO interacts VALUES(685227877057, 1, 'Xmithie', 3082, 1659818, 1);
INSERT INTO interacts VALUES(685227877057, 1, 'Xmithie', 2043, 1660209, 1);
INSERT INTO interacts VALUES(685227877057, 1, 'Peanut', 3116, 1660923, 1);
INSERT INTO interacts VALUES(685227877057, 1, 'Peanut', 1033, 1662322, 1);
INSERT INTO interacts VALUES(685227877057, 1, 'Peanut', 2031, 1663272, 0);
INSERT INTO interacts VALUES(685227877057, 1, 'Stixxay', 1083, 1664250, 0);
INSERT INTO interacts VALUES(685227877057, 1, 'PraY', 2043, 1664409, 1);
INSERT INTO interacts VALUES(685227877057, 1, 'Peanut', 2043, 1664734, 1);
INSERT INTO interacts VALUES(685227877057, 1, 'Peanut', 2043, 1664888, 1);
INSERT INTO interacts VALUES(685227877057, 1, 'GorillA', 3190, 1665194, 1);
INSERT INTO interacts VALUES(685227877057, 1, 'Stixxay', 3086, 1665614, 1);
INSERT INTO interacts VALUES(685227877057, 1, 'aphromoo', 3190, 1665839, 1);
INSERT INTO interacts VALUES(685227877057, 1, 'GorillA', 2043, 1666227, 1);
INSERT INTO interacts VALUES(685227877057, 1, 'GorillA', 2043, 1666323, 1);
INSERT INTO interacts VALUES(685227877057, 1, 'aphromoo', 2043, 1667176, 1);
INSERT INTO interacts VALUES(685227877057, 1, 'aphromoo', 2043, 1667288, 1);
INSERT INTO interacts VALUES(685227877057, 1, 'aphromoo', 2010, 1667497, 1);
INSERT INTO interacts VALUES(685227877057, 1, 'Kuro', 3363, 1672652, 1);
INSERT INTO interacts VALUES(685227877057, 1, 'Kuro', 2031, 1674010, 0);
INSERT INTO interacts VALUES(685227877057, 1, 'Kuro', 1058, 1675454, 1);
INSERT INTO interacts VALUES(685227877057, 1, 'Kuro', 1056, 1676116, 0);
INSERT INTO interacts VALUES(685227877057, 1, 'Smeb', 3026, 1676410, 1);
INSERT INTO interacts VALUES(685227877057, 1, 'Kuro', 2043, 1677226, 1);
INSERT INTO interacts VALUES(685227877057, 1, 'Smeb', 1029, 1678631, 1);
INSERT INTO interacts VALUES(685227877057, 1, 'Darshan', 1057, 1725164, 1);
INSERT INTO interacts VALUES(685227877057, 1, 'Huhi', 3136, 1747003, 1);
INSERT INTO interacts VALUES(685227877057, 1, 'Stixxay', 3094, 1811000, 1);
INSERT INTO interacts VALUES(685227877057, 1, 'Smeb', 1055, 1831469, 0);
INSERT INTO interacts VALUES(685227877057, 1, 'GorillA', 3024, 1833488, 1);
INSERT INTO interacts VALUES(685227877057, 1, 'Smeb', 1011, 1834233, 1);
INSERT INTO interacts VALUES(685227877057, 1, 'Smeb', 1031, 1838554, 1);
INSERT INTO interacts VALUES(685227877057, 1, 'GorillA', 3067, 1840606, 1);
INSERT INTO interacts VALUES(685227877057, 1, 'GorillA', 2043, 1840993, 1);
INSERT INTO interacts VALUES(685227877057, 1, 'GorillA', 2043, 1841125, 1);
INSERT INTO interacts VALUES(685227877057, 1, 'Peanut', 1057, 1841224, 1);
INSERT INTO interacts VALUES(685227877057, 1, 'Peanut', 3108, 1841859, 1);
INSERT INTO interacts VALUES(685227877057, 1, 'aphromoo', 1057, 1843006, 1);
INSERT INTO interacts VALUES(685227877057, 1, 'PraY', 3031, 1846523, 1);
INSERT INTO interacts VALUES(685227877057, 1, 'PraY', 2043, 1847350, 1);
INSERT INTO interacts VALUES(685227877057, 1, 'Kuro', 1026, 1853393, 1);
INSERT INTO interacts VALUES(685227877057, 1, 'Stixxay', 2140, 1857067, 1);
INSERT INTO interacts VALUES(685227877057, 1, 'aphromoo', 2043, 1857294, 1);
INSERT INTO interacts VALUES(685227877057, 1, 'aphromoo', 2043, 1857427, 1);
INSERT INTO interacts VALUES(685227877057, 1, 'Xmithie', 3143, 1887212, 1);
INSERT INTO interacts VALUES(685227877057, 1, 'Xmithie', 1029, 1889031, 1);
INSERT INTO interacts VALUES(685227877057, 1, 'Darshan', 2033, 1897681, 0);
INSERT INTO interacts VALUES(685227877057, 1, 'Darshan', 3026, 1898723, 1);
INSERT INTO interacts VALUES(685227877057, 1, 'Huhi', 1056, 1901457, 0);
INSERT INTO interacts VALUES(685227877057, 1, 'Huhi', 1026, 1902828, 1);
INSERT INTO interacts VALUES(685227877057, 1, 'Kuro', 3089, 1908724, 1);
INSERT INTO interacts VALUES(685227877057, 1, 'aphromoo', 3303, 1982044, 0);
INSERT INTO interacts VALUES(685227877057, 1, 'Xmithie', 1031, 1983214, 1);
INSERT INTO interacts VALUES(685227877057, 1, 'aphromoo', 1033, 1984124, 1);
INSERT INTO interacts VALUES(685227877057, 1, 'Smeb', 3742, 2023465, 1);
INSERT INTO interacts VALUES(685227877057, 1, 'Smeb', 1028, 2025123, 1);
INSERT INTO interacts VALUES(685227877057, 1, 'Kuro', 1026, 2035346, 1);
INSERT INTO interacts VALUES(685227877057, 1, 'Peanut', 3001, 2036194, 1);
INSERT INTO interacts VALUES(685227877057, 1, 'PraY', 3035, 2036649, 1);
INSERT INTO interacts VALUES(685227877057, 1, 'Peanut', 2043, 2037691, 1);
INSERT INTO interacts VALUES(685227877057, 1, 'GorillA', 3401, 2041044, 1);
INSERT INTO interacts VALUES(685227877057, 1, 'GorillA', 2043, 2041432, 1);
INSERT INTO interacts VALUES(685227877057, 1, 'GorillA', 2043, 2041566, 1);
INSERT INTO interacts VALUES(685227877057, 1, 'Peanut', 1028, 2041907, 1);
INSERT INTO interacts VALUES(685227877057, 1, 'Stixxay', 1055, 2082031, 0);
INSERT INTO interacts VALUES(685227877057, 1, 'Huhi', 3151, 2082099, 1);
INSERT INTO interacts VALUES(685227877057, 1, 'Stixxay', 3035, 2083522, 1);
INSERT INTO interacts VALUES(685227877057, 1, 'Huhi', 1026, 2085977, 1);
INSERT INTO interacts VALUES(685227877057, 1, 'aphromoo', 2043, 2100695, 1);
INSERT INTO interacts VALUES(685227877057, 1, 'Darshan', 1028, 2103446, 1);
INSERT INTO interacts VALUES(685227877057, 1, 'Darshan', 2043, 2104238, 1);
INSERT INTO interacts VALUES(685227877057, 1, 'Stixxay', 3036, 2156498, 1);
INSERT INTO interacts VALUES(685227877057, 1, 'Kuro', 3135, 2191738, 1);
INSERT INTO interacts VALUES(685227877057, 1, 'GorillA', 3024, 2205713, 1);
INSERT INTO interacts VALUES(685227877057, 1, 'GorillA', 2043, 2214130, 1);
INSERT INTO interacts VALUES(685227877057, 1, 'aphromoo', 3211, 2224313, 1);
INSERT INTO interacts VALUES(685227877057, 1, 'Xmithie', 1057, 2225424, 1);
INSERT INTO interacts VALUES(685227877057, 1, 'Huhi', 2139, 2236033, 1);
INSERT INTO interacts VALUES(685227877057, 1, 'Darshan', 2138, 2238140, 1);
INSERT INTO series VALUES(927451721214, 1);
INSERT INTO organizes VALUES('world_championship_2016', 927451721214, 'group_a - ROX-vs-ANX-T');
INSERT INTO competes VALUES(927451721214, 'ROX', 1);
INSERT INTO competes VALUES(927451721214, 'ANX', 0);
INSERT INTO matches VALUES(927451721214, 1, '2016-10-06');
INSERT INTO scores VALUES('ROX', 927451721214, 1, 2, 9, 1, 1, 2, 1);
INSERT INTO scores VALUES('ANX', 927451721214, 1, 0, 0, 0, 0, 1, 0);
INSERT INTO bans VALUES(927451721214, 1, 63, 1);
INSERT INTO bans VALUES(927451721214, 1, 8, 3);
INSERT INTO bans VALUES(927451721214, 1, 134, 5);
INSERT INTO bans VALUES(927451721214, 1, 76, 2);
INSERT INTO bans VALUES(927451721214, 1, 15, 4);
INSERT INTO bans VALUES(927451721214, 1, 2, 6);
INSERT INTO plays VALUES(927451721214, 1, 'Smeb', 68, 'top', 4, 2, 4, 13191, 16, 3, 203, 13, 7, 11989);
INSERT INTO plays VALUES(927451721214, 1, 'Peanut', 60, 'jungle', 7, 0, 6, 13422, 21, 10, 41, 61, 23, 12210);
INSERT INTO plays VALUES(927451721214, 1, 'Kuro', 13, 'mid', 2, 2, 7, 16626, 18, 1, 193, 10, 10, 11806);
INSERT INTO plays VALUES(927451721214, 1, 'PraY', 81, 'adc', 6, 0, 8, 20850, 15, 8, 214, 3, 9, 12840);
INSERT INTO plays VALUES(927451721214, 1, 'GorillA', 43, 'support', 1, 1, 18, 9298, 40, 13, 17, 0, 0, 9679);
INSERT INTO plays VALUES(927451721214, 1, 'Smurf', 150, 'top', 1, 3, 0, 5378, 14, 5, 206, 4, 2, 8584);
INSERT INTO plays VALUES(927451721214, 1, 'PvPStejos', 104, 'jungle', 1, 3, 4, 10615, 18, 5, 27, 65, 7, 8060);
INSERT INTO plays VALUES(927451721214, 1, 'Kira', 112, 'mid', 1, 6, 0, 16319, 15, 6, 213, 10, 0, 8803);
INSERT INTO plays VALUES(927451721214, 1, 'aMiracle', 236, 'adc', 1, 3, 1, 8256, 7, 5, 185, 1, 0, 8451);
INSERT INTO plays VALUES(927451721214, 1, 'Likkrit', 432, 'support', 1, 5, 3, 4478, 32, 12, 25, 0, 0, 6491);
INSERT INTO interacts VALUES(927451721214, 1, 'GorillA', 3303, 1342, 1);
INSERT INTO interacts VALUES(927451721214, 1, 'GorillA', 2010, 1474, 1);
INSERT INTO interacts VALUES(927451721214, 1, 'GorillA', 2010, 1578, 1);
INSERT INTO interacts VALUES(927451721214, 1, 'GorillA', 2010, 1668, 1);
INSERT INTO interacts VALUES(927451721214, 1, 'PraY', 1055, 1991, 1);
INSERT INTO interacts VALUES(927451721214, 1, 'Peanut', 1039, 2056, 1);
INSERT INTO interacts VALUES(927451721214, 1, 'GorillA', 3340, 2056, 1);
INSERT INTO interacts VALUES(927451721214, 1, 'PraY', 2010, 2282, 1);
INSERT INTO interacts VALUES(927451721214, 1, 'aMiracle', 1055, 2355, 1);
INSERT INTO interacts VALUES(927451721214, 1, 'Smeb', 1054, 2479, 1);
INSERT INTO interacts VALUES(927451721214, 1, 'aMiracle', 2010, 2575, 1);
INSERT INTO interacts VALUES(927451721214, 1, 'PraY', 3340, 2615, 1);
INSERT INTO interacts VALUES(927451721214, 1, 'Smeb', 2003, 2674, 1);
INSERT INTO interacts VALUES(927451721214, 1, 'Smurf', 1055, 2705, 1);
INSERT INTO interacts VALUES(927451721214, 1, 'aMiracle', 3340, 2770, 1);
INSERT INTO interacts VALUES(927451721214, 1, 'Smeb', 3340, 2901, 1);
INSERT INTO interacts VALUES(927451721214, 1, 'Smurf', 2003, 2999, 1);
INSERT INTO interacts VALUES(927451721214, 1, 'Peanut', 2031, 3032, 1);
INSERT INTO interacts VALUES(927451721214, 1, 'PvPStejos', 1041, 3064, 1);
INSERT INTO interacts VALUES(927451721214, 1, 'Smurf', 3340, 3290, 1);
INSERT INTO interacts VALUES(927451721214, 1, 'Likkrit', 3303, 3322, 1);
INSERT INTO interacts VALUES(927451721214, 1, 'Peanut', 3340, 3452, 1);
INSERT INTO interacts VALUES(927451721214, 1, 'PvPStejos', 3340, 3517, 1);
INSERT INTO interacts VALUES(927451721214, 1, 'Likkrit', 3340, 3613, 1);
INSERT INTO interacts VALUES(927451721214, 1, 'Likkrit', 2010, 3807, 1);
INSERT INTO interacts VALUES(927451721214, 1, 'Kira', 1056, 3872, 1);
INSERT INTO interacts VALUES(927451721214, 1, 'Likkrit', 2010, 3969, 1);
INSERT INTO interacts VALUES(927451721214, 1, 'Likkrit', 2010, 4097, 1);
INSERT INTO interacts VALUES(927451721214, 1, 'Kira', 2003, 4229, 1);
INSERT INTO interacts VALUES(927451721214, 1, 'Kira', 2003, 4396, 1);
INSERT INTO interacts VALUES(927451721214, 1, 'PvPStejos', 2031, 4655, 1);
INSERT INTO interacts VALUES(927451721214, 1, 'Kira', 3340, 4694, 1);
INSERT INTO interacts VALUES(927451721214, 1, 'Kuro', 1027, 4981, 1);
INSERT INTO interacts VALUES(927451721214, 1, 'Kuro', 2031, 6018, 1);
INSERT INTO interacts VALUES(927451721214, 1, 'Kuro', 3340, 6343, 1);
INSERT INTO interacts VALUES(927451721214, 1, 'Peanut', 1041, 15293, 1);
INSERT INTO interacts VALUES(927451721214, 1, 'Peanut', 2031, 15651, 1);
INSERT INTO interacts VALUES(927451721214, 1, 'Peanut', 3340, 16434, 1);
INSERT INTO interacts VALUES(927451721214, 1, 'PvPStejos', 2043, 145481, 1);
INSERT INTO interacts VALUES(927451721214, 1, 'Smurf', 1055, 235779, 1);
INSERT INTO interacts VALUES(927451721214, 1, 'Smurf', 2031, 236821, 1);
INSERT INTO interacts VALUES(927451721214, 1, 'Likkrit', 1001, 264443, 1);
INSERT INTO interacts VALUES(927451721214, 1, 'Likkrit', 2043, 265482, 1);
INSERT INTO interacts VALUES(927451721214, 1, 'aMiracle', 1036, 266262, 1);
INSERT INTO interacts VALUES(927451721214, 1, 'aMiracle', 1036, 266388, 1);
INSERT INTO interacts VALUES(927451721214, 1, 'aMiracle', 2010, 267300, 1);
INSERT INTO interacts VALUES(927451721214, 1, 'GorillA', 1028, 271714, 1);
INSERT INTO interacts VALUES(927451721214, 1, 'GorillA', 2043, 272325, 1);
INSERT INTO interacts VALUES(927451721214, 1, 'GorillA', 2031, 272519, 1);
INSERT INTO interacts VALUES(927451721214, 1, 'PraY', 3057, 277709, 1);
INSERT INTO interacts VALUES(927451721214, 1, 'Kuro', 3070, 279007, 1);
INSERT INTO interacts VALUES(927451721214, 1, 'PraY', 2010, 279104, 1);
INSERT INTO interacts VALUES(927451721214, 1, 'PraY', 2010, 279397, 1);
INSERT INTO interacts VALUES(927451721214, 1, 'Kuro', 1001, 280012, 1);
INSERT INTO interacts VALUES(927451721214, 1, 'PraY', 2010, 280248, 1);
INSERT INTO interacts VALUES(927451721214, 1, 'Smeb', 1052, 280371, 1);
INSERT INTO interacts VALUES(927451721214, 1, 'Kuro', 2043, 280665, 1);
INSERT INTO interacts VALUES(927451721214, 1, 'Smeb', 1028, 280696, 1);
INSERT INTO interacts VALUES(927451721214, 1, 'Smeb', 2043, 281736, 1);
INSERT INTO interacts VALUES(927451721214, 1, 'Peanut', 1039, 292907, 1);
INSERT INTO interacts VALUES(927451721214, 1, 'PvPStejos', 3711, 293132, 1);
INSERT INTO interacts VALUES(927451721214, 1, 'Peanut', 1052, 293912, 1);
INSERT INTO interacts VALUES(927451721214, 1, 'Peanut', 1052, 294043, 1);
INSERT INTO interacts VALUES(927451721214, 1, 'Peanut', 2043, 295017, 1);
INSERT INTO interacts VALUES(927451721214, 1, 'Kira', 1001, 305344, 1);
INSERT INTO interacts VALUES(927451721214, 1, 'Kira', 1052, 306544, 1);
INSERT INTO interacts VALUES(927451721214, 1, 'Kira', 2043, 307790, 1);
INSERT INTO interacts VALUES(927451721214, 1, 'Kuro', 3158, 359871, 1);
INSERT INTO interacts VALUES(927451721214, 1, 'aMiracle', 3134, 396414, 1);
INSERT INTO interacts VALUES(927451721214, 1, 'aMiracle', 2031, 398238, 1);
INSERT INTO interacts VALUES(927451721214, 1, 'GorillA', 2049, 426299, 1);
INSERT INTO interacts VALUES(927451721214, 1, 'GorillA', 3341, 426559, 1);
INSERT INTO interacts VALUES(927451721214, 1, 'PraY', 3070, 426963, 1);
INSERT INTO interacts VALUES(927451721214, 1, 'GorillA', 1001, 427224, 1);
INSERT INTO interacts VALUES(927451721214, 1, 'PraY', 1001, 428052, 1);
INSERT INTO interacts VALUES(927451721214, 1, 'PraY', 2043, 429305, 1);
INSERT INTO interacts VALUES(927451721214, 1, 'PraY', 2010, 429778, 1);
INSERT INTO interacts VALUES(927451721214, 1, 'PvPStejos', 1036, 449581, 1);
INSERT INTO interacts VALUES(927451721214, 1, 'PvPStejos', 1036, 449831, 1);
INSERT INTO interacts VALUES(927451721214, 1, 'PvPStejos', 2043, 451395, 1);
INSERT INTO interacts VALUES(927451721214, 1, 'Smurf', 3155, 463562, 1);
INSERT INTO interacts VALUES(927451721214, 1, 'Smurf', 2043, 465089, 1);
INSERT INTO interacts VALUES(927451721214, 1, 'Smeb', 3191, 480353, 1);
INSERT INTO interacts VALUES(927451721214, 1, 'Smeb', 1052, 481362, 1);
INSERT INTO interacts VALUES(927451721214, 1, 'Kira', 3196, 481686, 1);
INSERT INTO interacts VALUES(927451721214, 1, 'Kira', 2003, 484897, 1);
INSERT INTO interacts VALUES(927451721214, 1, 'Likkrit', 2049, 501051, 1);
INSERT INTO interacts VALUES(927451721214, 1, 'Likkrit', 3341, 501623, 1);
INSERT INTO interacts VALUES(927451721214, 1, 'Likkrit', 2043, 501830, 1);
INSERT INTO interacts VALUES(927451721214, 1, 'Kuro', 1028, 507564, 1);
INSERT INTO interacts VALUES(927451721214, 1, 'Kuro', 1027, 508215, 1);
INSERT INTO interacts VALUES(927451721214, 1, 'Kuro', 2043, 508606, 1);
INSERT INTO interacts VALUES(927451721214, 1, 'Peanut', 1410, 528590, 1);
INSERT INTO interacts VALUES(927451721214, 1, 'Peanut', 2043, 529359, 1);
INSERT INTO interacts VALUES(927451721214, 1, 'aMiracle', 1001, 633178, 1);
INSERT INTO interacts VALUES(927451721214, 1, 'aMiracle', 1036, 633543, 1);
INSERT INTO interacts VALUES(927451721214, 1, 'aMiracle', 1036, 633705, 1);
INSERT INTO interacts VALUES(927451721214, 1, 'Likkrit', 2043, 633936, 1);
INSERT INTO interacts VALUES(927451721214, 1, 'Kira', 3158, 641513, 1);
INSERT INTO interacts VALUES(927451721214, 1, 'Peanut', 1001, 641842, 1);
INSERT INTO interacts VALUES(927451721214, 1, 'Kira', 2043, 642604, 1);
INSERT INTO interacts VALUES(927451721214, 1, 'Smeb', 3020, 642947, 1);
INSERT INTO interacts VALUES(927451721214, 1, 'Kira', 2003, 643013, 1);
INSERT INTO interacts VALUES(927451721214, 1, 'PvPStejos', 1408, 643530, 1);
INSERT INTO interacts VALUES(927451721214, 1, 'Smeb', 2003, 644731, 1);
INSERT INTO interacts VALUES(927451721214, 1, 'Peanut', 1028, 651293, 1);
INSERT INTO interacts VALUES(927451721214, 1, 'Kuro', 1026, 658549, 1);
INSERT INTO interacts VALUES(927451721214, 1, 'GorillA', 3117, 659506, 1);
INSERT INTO interacts VALUES(927451721214, 1, 'GorillA', 2043, 660049, 1);
INSERT INTO interacts VALUES(927451721214, 1, 'PraY', 3004, 663641, 1);
INSERT INTO interacts VALUES(927451721214, 1, 'PraY', 2043, 665425, 1);
INSERT INTO interacts VALUES(927451721214, 1, 'PraY', 2010, 665786, 1);
INSERT INTO interacts VALUES(927451721214, 1, 'aMiracle', 3133, 690997, 1);
INSERT INTO interacts VALUES(927451721214, 1, 'Likkrit', 3117, 722621, 1);
INSERT INTO interacts VALUES(927451721214, 1, 'PraY', 3158, 735598, 1);
INSERT INTO interacts VALUES(927451721214, 1, 'PraY', 2010, 737870, 1);
INSERT INTO interacts VALUES(927451721214, 1, 'GorillA', 3098, 741605, 1);
INSERT INTO interacts VALUES(927451721214, 1, 'GorillA', 2043, 742023, 1);
INSERT INTO interacts VALUES(927451721214, 1, 'Smurf', 3111, 745905, 1);
INSERT INTO interacts VALUES(927451721214, 1, 'Smurf', 1036, 748347, 1);
INSERT INTO interacts VALUES(927451721214, 1, 'PvPStejos', 3111, 801615, 1);
INSERT INTO interacts VALUES(927451721214, 1, 'PvPStejos', 3341, 804338, 1);
INSERT INTO interacts VALUES(927451721214, 1, 'PvPStejos', 2043, 806750, 1);
INSERT INTO interacts VALUES(927451721214, 1, 'Likkrit', 1028, 826128, 1);
INSERT INTO interacts VALUES(927451721214, 1, 'Kuro', 3027, 897101, 1);
INSERT INTO interacts VALUES(927451721214, 1, 'Kuro', 2043, 897589, 1);
INSERT INTO interacts VALUES(927451721214, 1, 'PraY', 3024, 911702, 1);
INSERT INTO interacts VALUES(927451721214, 1, 'GorillA', 2301, 913226, 1);
INSERT INTO interacts VALUES(927451721214, 1, 'GorillA', 2043, 914023, 1);
INSERT INTO interacts VALUES(927451721214, 1, 'PraY', 3363, 914344, 1);
INSERT INTO interacts VALUES(927451721214, 1, 'GorillA', 1004, 914670, 1);
INSERT INTO interacts VALUES(927451721214, 1, 'PraY', 2010, 915092, 1);
INSERT INTO interacts VALUES(927451721214, 1, 'aMiracle', 3142, 932491, 1);
INSERT INTO interacts VALUES(927451721214, 1, 'Likkrit', 2043, 939043, 1);
INSERT INTO interacts VALUES(927451721214, 1, 'Smurf', 3052, 942194, 1);
INSERT INTO interacts VALUES(927451721214, 1, 'Kira', 3198, 959045, 1);
INSERT INTO interacts VALUES(927451721214, 1, 'Kira', 2003, 962678, 0);
INSERT INTO interacts VALUES(927451721214, 1, 'Kira', 2043, 963283, 1);
INSERT INTO interacts VALUES(927451721214, 1, 'PvPStejos', 1036, 963311, 1);
INSERT INTO interacts VALUES(927451721214, 1, 'PvPStejos', 1042, 964585, 1);
INSERT INTO interacts VALUES(927451721214, 1, 'Kira', 3363, 964609, 1);
INSERT INTO interacts VALUES(927451721214, 1, 'Peanut', 3152, 981624, 1);
INSERT INTO interacts VALUES(927451721214, 1, 'Peanut', 2043, 982507, 1);
INSERT INTO interacts VALUES(927451721214, 1, 'Peanut', 3364, 983131, 1);
INSERT INTO interacts VALUES(927451721214, 1, 'PraY', 3025, 989602, 1);
INSERT INTO interacts VALUES(927451721214, 1, 'PraY', 2043, 991521, 1);
INSERT INTO interacts VALUES(927451721214, 1, 'Smeb', 3136, 996975, 1);
INSERT INTO interacts VALUES(927451721214, 1, 'Smeb', 1026, 997262, 1);
INSERT INTO interacts VALUES(927451721214, 1, 'Smeb', 2043, 999025, 1);
INSERT INTO interacts VALUES(927451721214, 1, 'PvPStejos', 1051, 1083640, 1);
INSERT INTO interacts VALUES(927451721214, 1, 'PvPStejos', 3364, 1086748, 1);
INSERT INTO interacts VALUES(927451721214, 1, 'GorillA', 3114, 1092729, 1);
INSERT INTO interacts VALUES(927451721214, 1, 'GorillA', 2043, 1093074, 1);
INSERT INTO interacts VALUES(927451721214, 1, 'Kira', 1028, 1095115, 1);
INSERT INTO interacts VALUES(927451721214, 1, 'Likkrit', 3801, 1104295, 1);
INSERT INTO interacts VALUES(927451721214, 1, 'Likkrit', 1033, 1104742, 1);
INSERT INTO interacts VALUES(927451721214, 1, 'Likkrit', 2043, 1105811, 1);
INSERT INTO interacts VALUES(927451721214, 1, 'aMiracle', 3006, 1121555, 1);
INSERT INTO interacts VALUES(927451721214, 1, 'aMiracle', 3363, 1122009, 1);
INSERT INTO interacts VALUES(927451721214, 1, 'Kuro', 1058, 1129669, 1);
INSERT INTO interacts VALUES(927451721214, 1, 'Kuro', 2043, 1130813, 1);
INSERT INTO interacts VALUES(927451721214, 1, 'Smurf', 1055, 1170832, 0);
INSERT INTO interacts VALUES(927451721214, 1, 'Smeb', 3151, 1172340, 1);
INSERT INTO interacts VALUES(927451721214, 1, 'Smurf', 1011, 1172729, 1);
INSERT INTO interacts VALUES(927451721214, 1, 'Smeb', 1052, 1175072, 1);
INSERT INTO interacts VALUES(927451721214, 1, 'Smeb', 2043, 1202713, 1);
INSERT INTO interacts VALUES(927451721214, 1, 'aMiracle', 1036, 1207104, 1);
INSERT INTO interacts VALUES(927451721214, 1, 'aMiracle', 1036, 1207283, 1);
INSERT INTO interacts VALUES(927451721214, 1, 'PraY', 1053, 1210487, 1);
INSERT INTO interacts VALUES(927451721214, 1, 'PraY', 2043, 1211038, 1);
INSERT INTO interacts VALUES(927451721214, 1, 'Kira', 1011, 1234794, 1);
INSERT INTO interacts VALUES(927451721214, 1, 'PvPStejos', 3086, 1258208, 1);
INSERT INTO interacts VALUES(927451721214, 1, 'PvPStejos', 1042, 1259414, 1);
INSERT INTO interacts VALUES(927451721214, 1, 'GorillA', 3028, 1285507, 1);
INSERT INTO interacts VALUES(927451721214, 1, 'GorillA', 2043, 1285884, 1);
INSERT INTO interacts VALUES(927451721214, 1, 'GorillA', 3364, 1286080, 1);
INSERT INTO interacts VALUES(927451721214, 1, 'Peanut', 1011, 1286338, 1);
INSERT INTO interacts VALUES(927451721214, 1, 'Peanut', 1058, 1286821, 1);
INSERT INTO interacts VALUES(927451721214, 1, 'Likkrit', 3105, 1289089, 1);
INSERT INTO interacts VALUES(927451721214, 1, 'Peanut', 3020, 1289919, 1);
INSERT INTO interacts VALUES(927451721214, 1, 'Likkrit', 1028, 1290096, 1);
INSERT INTO interacts VALUES(927451721214, 1, 'Likkrit', 3364, 1290556, 1);
INSERT INTO interacts VALUES(927451721214, 1, 'Likkrit', 2043, 1290980, 1);
INSERT INTO interacts VALUES(927451721214, 1, 'Peanut', 1028, 1291403, 1);
INSERT INTO interacts VALUES(927451721214, 1, 'Kuro', 3003, 1291597, 1);
INSERT INTO interacts VALUES(927451721214, 1, 'Peanut', 3020, 1295144, 1);
INSERT INTO interacts VALUES(927451721214, 1, 'Peanut', 1058, 1297036, 1);
INSERT INTO interacts VALUES(927451721214, 1, 'Smurf', 3022, 1300899, 1);
INSERT INTO interacts VALUES(927451721214, 1, 'Peanut', 1028, 1300996, 1);
INSERT INTO interacts VALUES(927451721214, 1, 'aMiracle', 3133, 1315316, 1);
INSERT INTO interacts VALUES(927451721214, 1, 'aMiracle', 1036, 1319222, 1);
INSERT INTO interacts VALUES(927451721214, 1, 'Smeb', 3157, 1341715, 1);
INSERT INTO interacts VALUES(927451721214, 1, 'Smurf', 1029, 1419267, 1);
INSERT INTO interacts VALUES(927451721214, 1, 'GorillA', 3222, 1419562, 1);
INSERT INTO interacts VALUES(927451721214, 1, 'GorillA', 2043, 1419817, 1);
INSERT INTO interacts VALUES(927451721214, 1, 'Smeb', 1052, 1419916, 1);
INSERT INTO interacts VALUES(927451721214, 1, 'GorillA', 1028, 1421932, 1);
INSERT INTO interacts VALUES(927451721214, 1, 'GorillA', 2043, 1423923, 1);
INSERT INTO interacts VALUES(927451721214, 1, 'PvPStejos', 1036, 1439688, 0);
INSERT INTO interacts VALUES(927451721214, 1, 'PvPStejos', 3046, 1441067, 1);
INSERT INTO interacts VALUES(927451721214, 1, 'Smurf', 1036, 1446041, 1);
INSERT INTO interacts VALUES(927451721214, 1, 'Smeb', 2043, 1451334, 1);
INSERT INTO interacts VALUES(927451721214, 1, 'Smurf', 1029, 1451627, 1);
INSERT INTO interacts VALUES(927451721214, 1, 'Smurf', 1055, 1454593, 0);
INSERT INTO interacts VALUES(927451721214, 1, 'Likkrit', 3190, 1454919, 1);
INSERT INTO interacts VALUES(927451721214, 1, 'Likkrit', 2043, 1455376, 1);
INSERT INTO interacts VALUES(927451721214, 1, 'Likkrit', 2043, 1455501, 1);
INSERT INTO interacts VALUES(927451721214, 1, 'Smurf', 1036, 1455987, 1);
INSERT INTO interacts VALUES(927451721214, 1, 'Likkrit', 1004, 1456932, 1);
INSERT INTO interacts VALUES(927451721214, 1, 'PraY', 1043, 1458529, 1);
INSERT INTO interacts VALUES(927451721214, 1, 'PraY', 3144, 1459375, 1);
INSERT INTO interacts VALUES(927451721214, 1, 'Kuro', 3802, 1459490, 1);
INSERT INTO interacts VALUES(927451721214, 1, 'Kuro', 1052, 1460384, 1);
INSERT INTO interacts VALUES(927451721214, 1, 'Kuro', 2031, 1461230, 0);
INSERT INTO interacts VALUES(927451721214, 1, 'Kuro', 2043, 1462205, 1);
INSERT INTO interacts VALUES(927451721214, 1, 'Peanut', 3116, 1491254, 1);
INSERT INTO interacts VALUES(927451721214, 1, 'Peanut', 2043, 1492040, 1);
INSERT INTO interacts VALUES(927451721214, 1, 'Peanut', 2043, 1492310, 1);
INSERT INTO interacts VALUES(927451721214, 1, 'Kira', 3116, 1529869, 1);
INSERT INTO interacts VALUES(927451721214, 1, 'Kira', 2043, 1530908, 1);
INSERT INTO interacts VALUES(927451721214, 1, 'Likkrit', 3098, 1561580, 1);
INSERT INTO interacts VALUES(927451721214, 1, 'GorillA', 3801, 1588166, 1);
INSERT INTO interacts VALUES(927451721214, 1, 'Kuro', 3108, 1588166, 1);
INSERT INTO interacts VALUES(927451721214, 1, 'GorillA', 1033, 1588422, 1);
INSERT INTO interacts VALUES(927451721214, 1, 'GorillA', 2031, 1589174, 0);
INSERT INTO interacts VALUES(927451721214, 1, 'Kuro', 1052, 1589399, 1);
INSERT INTO interacts VALUES(927451721214, 1, 'GorillA', 2043, 1589689, 1);
INSERT INTO interacts VALUES(927451721214, 1, 'GorillA', 2043, 1589821, 1);
INSERT INTO interacts VALUES(927451721214, 1, 'Smeb', 1026, 1590964, 1);
INSERT INTO interacts VALUES(927451721214, 1, 'PraY', 3153, 1591093, 1);
INSERT INTO interacts VALUES(927451721214, 1, 'PraY', 2043, 1592329, 1);
INSERT INTO interacts VALUES(927451721214, 1, 'PvPStejos', 1036, 1640644, 1);
INSERT INTO interacts VALUES(927451721214, 1, 'PvPStejos', 1036, 1640923, 1);
INSERT INTO interacts VALUES(927451721214, 1, 'Kira', 2139, 1684294, 1);
INSERT INTO interacts VALUES(927451721214, 1, 'Smurf', 3044, 1721905, 1);
INSERT INTO interacts VALUES(927451721214, 1, 'aMiracle', 3071, 1724641, 1);
INSERT INTO interacts VALUES(927451721214, 1, 'Likkrit', 2301, 1726043, 1);
INSERT INTO series VALUES(756604036138, 1);
INSERT INTO organizes VALUES('world_championship_2016', 756604036138, 'group_c - EDG-vs-ITZ');
INSERT INTO competes VALUES(756604036138, 'EDG', 1);
INSERT INTO competes VALUES(756604036138, 'ITZ', 0);
INSERT INTO matches VALUES(756604036138, 1, '2016-10-07');
INSERT INTO scores VALUES('EDG', 756604036138, 1, 1, 8, 0, 1, 4, 1);
INSERT INTO scores VALUES('ITZ', 756604036138, 1, 0, 4, 0, 0, 0, 0);
INSERT INTO bans VALUES(756604036138, 1, 150, 1);
INSERT INTO bans VALUES(756604036138, 1, 64, 3);
INSERT INTO bans VALUES(756604036138, 1, 136, 5);
INSERT INTO bans VALUES(756604036138, 1, 76, 2);
INSERT INTO bans VALUES(756604036138, 1, 78, 4);
INSERT INTO bans VALUES(756604036138, 1, 39, 6);
INSERT INTO plays VALUES(756604036138, 1, 'Mouse', 68, 'top', 1, 1, 7, 13783, 18, 1, 226, 20, 2, 12679);
INSERT INTO plays VALUES(756604036138, 1, 'Clearlove', 421, 'jungle', 3, 1, 15, 8990, 25, 21, 66, 65, 33, 12834);
INSERT INTO plays VALUES(756604036138, 1, 'Scout', 134, 'mid', 12, 1, 8, 34125, 19, 2, 277, 24, 6, 16725);
INSERT INTO plays VALUES(756604036138, 1, 'Deft', 202, 'adc', 6, 0, 12, 29586, 18, 4, 226, 18, 10, 14865);
INSERT INTO plays VALUES(756604036138, 1, 'Meiko', 223, 'support', 1, 0, 19, 5166, 46, 17, 48, 0, 0, 9948);
INSERT INTO plays VALUES(756604036138, 1, 'Yang', 126, 'top', 0, 5, 2, 17021, 14, 2, 301, 2, 2, 12250);
INSERT INTO plays VALUES(756604036138, 1, 'Revolta', 72, 'jungle', 0, 3, 0, 1538, 29, 14, 18, 80, 11, 9755);
INSERT INTO plays VALUES(756604036138, 1, 'tockers', 8, 'mid', 2, 2, 0, 23841, 20, 4, 295, 5, 0, 11910);
INSERT INTO plays VALUES(756604036138, 1, 'micaO', 51, 'adc', 1, 5, 2, 13395, 12, 9, 241, 13, 0, 11370);
INSERT INTO plays VALUES(756604036138, 1, 'Jockster', 12, 'support', 0, 8, 2, 2619, 49, 10, 34, 0, 0, 7796);
INSERT INTO interacts VALUES(756604036138, 1, 'Scout', 1056, 1530, 1);
INSERT INTO interacts VALUES(756604036138, 1, 'Scout', 2003, 1692, 1);
INSERT INTO interacts VALUES(756604036138, 1, 'Scout', 2003, 1790, 1);
INSERT INTO interacts VALUES(756604036138, 1, 'Scout', 3340, 2016, 1);
INSERT INTO interacts VALUES(756604036138, 1, 'Revolta', 3340, 2016, 1);
INSERT INTO interacts VALUES(756604036138, 1, 'micaO', 1055, 2050, 1);
INSERT INTO interacts VALUES(756604036138, 1, 'micaO', 2010, 2376, 1);
INSERT INTO interacts VALUES(756604036138, 1, 'tockers', 1054, 2405, 1);
INSERT INTO interacts VALUES(756604036138, 1, 'Revolta', 2031, 2470, 1);
INSERT INTO interacts VALUES(756604036138, 1, 'Clearlove', 1041, 2535, 1);
INSERT INTO interacts VALUES(756604036138, 1, 'Yang', 1055, 2632, 1);
INSERT INTO interacts VALUES(756604036138, 1, 'tockers', 2003, 2632, 1);
INSERT INTO interacts VALUES(756604036138, 1, 'micaO', 3340, 2697, 1);
INSERT INTO interacts VALUES(756604036138, 1, 'Jockster', 3302, 2730, 1);
INSERT INTO interacts VALUES(756604036138, 1, 'Mouse', 1054, 2793, 1);
INSERT INTO interacts VALUES(756604036138, 1, 'Deft', 1055, 2796, 1);
INSERT INTO interacts VALUES(756604036138, 1, 'tockers', 3340, 2894, 1);
INSERT INTO interacts VALUES(756604036138, 1, 'Clearlove', 2031, 2894, 1);
INSERT INTO interacts VALUES(756604036138, 1, 'Yang', 2003, 2927, 1);
INSERT INTO interacts VALUES(756604036138, 1, 'Meiko', 3302, 2927, 1);
INSERT INTO interacts VALUES(756604036138, 1, 'Mouse', 2003, 2990, 1);
INSERT INTO interacts VALUES(756604036138, 1, 'Jockster', 2010, 3055, 1);
INSERT INTO interacts VALUES(756604036138, 1, 'Deft', 2010, 3088, 1);
INSERT INTO interacts VALUES(756604036138, 1, 'Yang', 3340, 3156, 1);
INSERT INTO interacts VALUES(756604036138, 1, 'Meiko', 3340, 3185, 1);
INSERT INTO interacts VALUES(756604036138, 1, 'Jockster', 2010, 3217, 1);
INSERT INTO interacts VALUES(756604036138, 1, 'Mouse', 3340, 3249, 1);
INSERT INTO interacts VALUES(756604036138, 1, 'Deft', 3340, 3346, 1);
INSERT INTO interacts VALUES(756604036138, 1, 'Jockster', 2010, 3346, 1);
INSERT INTO interacts VALUES(756604036138, 1, 'Clearlove', 3340, 3389, 1);
INSERT INTO interacts VALUES(756604036138, 1, 'Jockster', 3340, 3605, 1);
INSERT INTO interacts VALUES(756604036138, 1, 'Revolta', 1039, 3994, 1);
INSERT INTO interacts VALUES(756604036138, 1, 'Meiko', 2010, 3994, 1);
INSERT INTO interacts VALUES(756604036138, 1, 'Meiko', 2010, 4123, 1);
INSERT INTO interacts VALUES(756604036138, 1, 'Meiko', 2010, 4221, 1);
INSERT INTO interacts VALUES(756604036138, 1, 'Deft', 1036, 9828, 1);
INSERT INTO interacts VALUES(756604036138, 1, 'Deft', 2010, 10317, 1);
INSERT INTO interacts VALUES(756604036138, 1, 'Deft', 2010, 10450, 1);
INSERT INTO interacts VALUES(756604036138, 1, 'Deft', 2010, 10643, 1);
INSERT INTO interacts VALUES(756604036138, 1, 'Deft', 3340, 11200, 1);
INSERT INTO interacts VALUES(756604036138, 1, 'Jockster', 2043, 215841, 1);
INSERT INTO interacts VALUES(756604036138, 1, 'Revolta', 3711, 334045, 1);
INSERT INTO interacts VALUES(756604036138, 1, 'Revolta', 1036, 334696, 1);
INSERT INTO interacts VALUES(756604036138, 1, 'Revolta', 2043, 335178, 1);
INSERT INTO interacts VALUES(756604036138, 1, 'Yang', 3155, 350287, 1);
INSERT INTO interacts VALUES(756604036138, 1, 'micaO', 1037, 350418, 1);
INSERT INTO interacts VALUES(756604036138, 1, 'Jockster', 1001, 350448, 1);
INSERT INTO interacts VALUES(756604036138, 1, 'Yang', 2043, 350709, 1);
INSERT INTO interacts VALUES(756604036138, 1, 'Jockster', 2010, 351432, 1);
INSERT INTO interacts VALUES(756604036138, 1, 'micaO', 2010, 358934, 1);
INSERT INTO interacts VALUES(756604036138, 1, 'micaO', 2010, 359032, 1);
INSERT INTO interacts VALUES(756604036138, 1, 'micaO', 2043, 359489, 1);
INSERT INTO interacts VALUES(756604036138, 1, 'Mouse', 3191, 372017, 1);
INSERT INTO interacts VALUES(756604036138, 1, 'Mouse', 1001, 375389, 1);
INSERT INTO interacts VALUES(756604036138, 1, 'Mouse', 2043, 376380, 1);
INSERT INTO interacts VALUES(756604036138, 1, 'Scout', 3802, 381207, 1);
INSERT INTO interacts VALUES(756604036138, 1, 'Scout', 3108, 381498, 1);
INSERT INTO interacts VALUES(756604036138, 1, 'Scout', 2003, 382376, 1);
INSERT INTO interacts VALUES(756604036138, 1, 'Scout', 2043, 382704, 1);
INSERT INTO interacts VALUES(756604036138, 1, 'Meiko', 1001, 405542, 1);
INSERT INTO interacts VALUES(756604036138, 1, 'Deft', 1038, 405542, 1);
INSERT INTO interacts VALUES(756604036138, 1, 'Meiko', 2049, 407175, 1);
INSERT INTO interacts VALUES(756604036138, 1, 'Meiko', 3341, 407851, 1);
INSERT INTO interacts VALUES(756604036138, 1, 'Deft', 3009, 410028, 1);
INSERT INTO interacts VALUES(756604036138, 1, 'Deft', 1036, 411072, 1);
INSERT INTO interacts VALUES(756604036138, 1, 'Deft', 2043, 413642, 1);
INSERT INTO interacts VALUES(756604036138, 1, 'tockers', 3211, 430292, 1);
INSERT INTO interacts VALUES(756604036138, 1, 'tockers', 1001, 430980, 1);
INSERT INTO interacts VALUES(756604036138, 1, 'tockers', 2003, 432505, 1);
INSERT INTO interacts VALUES(756604036138, 1, 'Jockster', 1028, 432538, 1);
INSERT INTO interacts VALUES(756604036138, 1, 'tockers', 2043, 432961, 1);
INSERT INTO interacts VALUES(756604036138, 1, 'Jockster', 2043, 439089, 1);
INSERT INTO interacts VALUES(756604036138, 1, 'Yang', 1036, 475686, 1);
INSERT INTO interacts VALUES(756604036138, 1, 'Yang', 2003, 476916, 1);
INSERT INTO interacts VALUES(756604036138, 1, 'Yang', 2003, 477047, 1);
INSERT INTO interacts VALUES(756604036138, 1, 'Mouse', 1052, 478024, 1);
INSERT INTO interacts VALUES(756604036138, 1, 'Yang', 2031, 478347, 1);
INSERT INTO interacts VALUES(756604036138, 1, 'Mouse', 2003, 479191, 1);
INSERT INTO interacts VALUES(756604036138, 1, 'Deft', 3133, 479451, 1);
INSERT INTO interacts VALUES(756604036138, 1, 'Deft', 2043, 481052, 1);
INSERT INTO interacts VALUES(756604036138, 1, 'Meiko', 2043, 482759, 1);
INSERT INTO interacts VALUES(756604036138, 1, 'Meiko', 2031, 483671, 1);
INSERT INTO interacts VALUES(756604036138, 1, 'Clearlove', 1409, 504562, 1);
INSERT INTO interacts VALUES(756604036138, 1, 'Clearlove', 1001, 505535, 1);
INSERT INTO interacts VALUES(756604036138, 1, 'Scout', 1052, 508914, 1);
INSERT INTO interacts VALUES(756604036138, 1, 'Scout', 1001, 510897, 1);
INSERT INTO interacts VALUES(756604036138, 1, 'Revolta', 3133, 534303, 1);
INSERT INTO interacts VALUES(756604036138, 1, 'Revolta', 2043, 536022, 1);
INSERT INTO interacts VALUES(756604036138, 1, 'Jockster', 2049, 558065, 1);
INSERT INTO interacts VALUES(756604036138, 1, 'Jockster', 3341, 558894, 1);
INSERT INTO interacts VALUES(756604036138, 1, 'micaO', 1001, 559153, 1);
INSERT INTO interacts VALUES(756604036138, 1, 'micaO', 1042, 559643, 1);
INSERT INTO interacts VALUES(756604036138, 1, 'Yang', 1036, 569813, 1);
INSERT INTO interacts VALUES(756604036138, 1, 'Meiko', 2043, 577080, 1);
INSERT INTO interacts VALUES(756604036138, 1, 'Mouse', 1028, 582316, 1);
INSERT INTO interacts VALUES(756604036138, 1, 'Yang', 3134, 630293, 1);
INSERT INTO interacts VALUES(756604036138, 1, 'Clearlove', 1011, 699466, 1);
INSERT INTO interacts VALUES(756604036138, 1, 'Clearlove', 3341, 703159, 1);
INSERT INTO interacts VALUES(756604036138, 1, 'Mouse', 3136, 709672, 1);
INSERT INTO interacts VALUES(756604036138, 1, 'Jockster', 1028, 736936, 1);
INSERT INTO interacts VALUES(756604036138, 1, 'Jockster', 2043, 737419, 1);
INSERT INTO interacts VALUES(756604036138, 1, 'tockers', 3065, 752259, 1);
INSERT INTO interacts VALUES(756604036138, 1, 'tockers', 2043, 756229, 1);
INSERT INTO interacts VALUES(756604036138, 1, 'tockers', 2031, 757626, 1);
INSERT INTO interacts VALUES(756604036138, 1, 'micaO', 1038, 776490, 1);
INSERT INTO interacts VALUES(756604036138, 1, 'Mouse', 1052, 804298, 1);
INSERT INTO interacts VALUES(756604036138, 1, 'Mouse', 2043, 804720, 1);
INSERT INTO interacts VALUES(756604036138, 1, 'Meiko', 2045, 814836, 1);
INSERT INTO interacts VALUES(756604036138, 1, 'Meiko', 2043, 815583, 1);
INSERT INTO interacts VALUES(756604036138, 1, 'Meiko', 2043, 815878, 1);
INSERT INTO interacts VALUES(756604036138, 1, 'Revolta', 1408, 817508, 1);
INSERT INTO interacts VALUES(756604036138, 1, 'Revolta', 1001, 818028, 1);
INSERT INTO interacts VALUES(756604036138, 1, 'Revolta', 1033, 818511, 1);
INSERT INTO interacts VALUES(756604036138, 1, 'Revolta', 2043, 819195, 1);
INSERT INTO interacts VALUES(756604036138, 1, 'Scout', 3165, 843222, 1);
INSERT INTO interacts VALUES(756604036138, 1, 'Scout', 1026, 843872, 1);
INSERT INTO interacts VALUES(756604036138, 1, 'Scout', 1052, 845808, 1);
INSERT INTO interacts VALUES(756604036138, 1, 'Jockster', 3117, 863519, 1);
INSERT INTO interacts VALUES(756604036138, 1, 'micaO', 3006, 872177, 1);
INSERT INTO interacts VALUES(756604036138, 1, 'micaO', 2010, 875528, 1);
INSERT INTO interacts VALUES(756604036138, 1, 'Jockster', 2043, 889723, 1);
INSERT INTO interacts VALUES(756604036138, 1, 'Mouse', 3020, 900317, 1);
INSERT INTO interacts VALUES(756604036138, 1, 'Deft', 3508, 905363, 1);
INSERT INTO interacts VALUES(756604036138, 1, 'Deft', 1042, 906573, 1);
INSERT INTO interacts VALUES(756604036138, 1, 'Deft', 1051, 907323, 1);
INSERT INTO interacts VALUES(756604036138, 1, 'Yang', 3142, 908749, 1);
INSERT INTO interacts VALUES(756604036138, 1, 'Deft', 1042, 909099, 1);
INSERT INTO interacts VALUES(756604036138, 1, 'Clearlove', 3047, 912222, 1);
INSERT INTO interacts VALUES(756604036138, 1, 'Clearlove', 1033, 912945, 1);
INSERT INTO interacts VALUES(756604036138, 1, 'Meiko', 1028, 913357, 1);
INSERT INTO interacts VALUES(756604036138, 1, 'Clearlove', 3364, 913908, 1);
INSERT INTO interacts VALUES(756604036138, 1, 'Clearlove', 2043, 914947, 1);
INSERT INTO interacts VALUES(756604036138, 1, 'tockers', 1011, 928732, 1);
INSERT INTO interacts VALUES(756604036138, 1, 'Jockster', 2045, 1009359, 1);
INSERT INTO interacts VALUES(756604036138, 1, 'Jockster', 2043, 1009782, 1);
INSERT INTO interacts VALUES(756604036138, 1, 'micaO', 3086, 1017918, 1);
INSERT INTO interacts VALUES(756604036138, 1, 'Revolta', 3111, 1018881, 1);
INSERT INTO interacts VALUES(756604036138, 1, 'micaO', 3363, 1018925, 1);
INSERT INTO interacts VALUES(756604036138, 1, 'Revolta', 3364, 1021513, 1);
INSERT INTO interacts VALUES(756604036138, 1, 'Revolta', 1011, 1023792, 1);
INSERT INTO interacts VALUES(756604036138, 1, 'Yang', 1001, 1031156, 1);
INSERT INTO interacts VALUES(756604036138, 1, 'Yang', 2043, 1031742, 1);
INSERT INTO interacts VALUES(756604036138, 1, 'Deft', 3086, 1046545, 1);
INSERT INTO interacts VALUES(756604036138, 1, 'Deft', 3363, 1047990, 1);
INSERT INTO interacts VALUES(756604036138, 1, 'Deft', 2043, 1048378, 1);
INSERT INTO interacts VALUES(756604036138, 1, 'Meiko', 3009, 1049351, 1);
INSERT INTO interacts VALUES(756604036138, 1, 'Scout', 3135, 1050444, 1);
INSERT INTO interacts VALUES(756604036138, 1, 'Scout', 2003, 1050816, 1);
INSERT INTO interacts VALUES(756604036138, 1, 'Scout', 2043, 1050961, 1);
INSERT INTO interacts VALUES(756604036138, 1, 'Scout', 2031, 1053252, 1);
INSERT INTO interacts VALUES(756604036138, 1, 'Meiko', 3067, 1053481, 1);
INSERT INTO interacts VALUES(756604036138, 1, 'Scout', 2043, 1053836, 1);
INSERT INTO interacts VALUES(756604036138, 1, 'Revolta', 2043, 1059016, 1);
INSERT INTO interacts VALUES(756604036138, 1, 'Revolta', 2043, 1059166, 1);
INSERT INTO interacts VALUES(756604036138, 1, 'micaO', 2010, 1119830, 0);
INSERT INTO interacts VALUES(756604036138, 1, 'micaO', 1042, 1121344, 1);
INSERT INTO interacts VALUES(756604036138, 1, 'Jockster', 1028, 1127638, 1);
INSERT INTO interacts VALUES(756604036138, 1, 'Mouse', 3157, 1127738, 1);
INSERT INTO interacts VALUES(756604036138, 1, 'Jockster', 2043, 1128221, 1);
INSERT INTO interacts VALUES(756604036138, 1, 'Jockster', 2010, 1128513, 1);
INSERT INTO interacts VALUES(756604036138, 1, 'Mouse', 2043, 1129002, 1);
INSERT INTO interacts VALUES(756604036138, 1, 'tockers', 1058, 1138762, 1);
INSERT INTO interacts VALUES(756604036138, 1, 'Clearlove', 3082, 1167708, 1);
INSERT INTO interacts VALUES(756604036138, 1, 'Clearlove', 2031, 1170689, 0);
INSERT INTO interacts VALUES(756604036138, 1, 'Clearlove', 3211, 1172447, 1);
INSERT INTO interacts VALUES(756604036138, 1, 'Deft', 3094, 1174973, 1);
INSERT INTO interacts VALUES(756604036138, 1, 'Scout', 3020, 1175233, 1);
INSERT INTO interacts VALUES(756604036138, 1, 'Deft', 2043, 1176020, 1);
INSERT INTO interacts VALUES(756604036138, 1, 'Scout', 2043, 1176314, 1);
INSERT INTO interacts VALUES(756604036138, 1, 'Scout', 2043, 1176413, 1);
INSERT INTO interacts VALUES(756604036138, 1, 'Meiko', 3801, 1177707, 1);
INSERT INTO interacts VALUES(756604036138, 1, 'Meiko', 2031, 1179040, 0);
INSERT INTO interacts VALUES(756604036138, 1, 'Meiko', 2043, 1179568, 1);
INSERT INTO interacts VALUES(756604036138, 1, 'Meiko', 2043, 1179695, 1);
INSERT INTO interacts VALUES(756604036138, 1, 'Jockster', 2010, 1197059, 0);
INSERT INTO interacts VALUES(756604036138, 1, 'Jockster', 1033, 1198878, 1);
INSERT INTO interacts VALUES(756604036138, 1, 'micaO', 3085, 1215666, 1);
INSERT INTO interacts VALUES(756604036138, 1, 'Yang', 3133, 1219758, 1);
INSERT INTO interacts VALUES(756604036138, 1, 'tockers', 3116, 1262685, 1);
INSERT INTO interacts VALUES(756604036138, 1, 'tockers', 2043, 1263947, 1);
INSERT INTO interacts VALUES(756604036138, 1, 'Revolta', 1031, 1266037, 1);
INSERT INTO interacts VALUES(756604036138, 1, 'Revolta', 2043, 1266983, 1);
INSERT INTO interacts VALUES(756604036138, 1, 'Revolta', 2043, 1267144, 1);
INSERT INTO interacts VALUES(756604036138, 1, 'Mouse', 1026, 1275426, 1);
INSERT INTO interacts VALUES(756604036138, 1, 'Jockster', 3801, 1281386, 1);
INSERT INTO interacts VALUES(756604036138, 1, 'Jockster', 2043, 1281893, 1);
INSERT INTO interacts VALUES(756604036138, 1, 'Jockster', 2043, 1282059, 1);
INSERT INTO interacts VALUES(756604036138, 1, 'micaO', 1018, 1341282, 1);
INSERT INTO interacts VALUES(756604036138, 1, 'Revolta', 2031, 1358587, 0);
INSERT INTO interacts VALUES(756604036138, 1, 'Revolta', 1028, 1359105, 1);
INSERT INTO interacts VALUES(756604036138, 1, 'Deft', 1038, 1410491, 1);
INSERT INTO interacts VALUES(756604036138, 1, 'Meiko', 3190, 1411259, 1);
INSERT INTO interacts VALUES(756604036138, 1, 'Scout', 2031, 1412300, 0);
INSERT INTO interacts VALUES(756604036138, 1, 'Deft', 2043, 1412821, 1);
INSERT INTO interacts VALUES(756604036138, 1, 'Mouse', 3151, 1413620, 1);
INSERT INTO interacts VALUES(756604036138, 1, 'Scout', 2043, 1416119, 0);
INSERT INTO interacts VALUES(756604036138, 1, 'Mouse', 2043, 1416737, 1);
INSERT INTO interacts VALUES(756604036138, 1, 'Scout', 1058, 1416772, 1);
INSERT INTO interacts VALUES(756604036138, 1, 'Mouse', 2003, 1418435, 1);
INSERT INTO interacts VALUES(756604036138, 1, 'Yang', 2031, 1419863, 0);
INSERT INTO interacts VALUES(756604036138, 1, 'Yang', 3044, 1421844, 1);
INSERT INTO interacts VALUES(756604036138, 1, 'Scout', 2139, 1422137, 1);
INSERT INTO interacts VALUES(756604036138, 1, 'tockers', 3111, 1439031, 1);
INSERT INTO interacts VALUES(756604036138, 1, 'Jockster', 3105, 1439421, 1);
INSERT INTO interacts VALUES(756604036138, 1, 'Jockster', 2043, 1439941, 1);
INSERT INTO interacts VALUES(756604036138, 1, 'Jockster', 3364, 1441325, 1);
INSERT INTO interacts VALUES(756604036138, 1, 'tockers', 2031, 1442429, 0);
INSERT INTO interacts VALUES(756604036138, 1, 'tockers', 1052, 1443471, 1);
INSERT INTO interacts VALUES(756604036138, 1, 'Clearlove', 3065, 1443797, 1);
INSERT INTO interacts VALUES(756604036138, 1, 'micaO', 3031, 1461131, 1);
INSERT INTO interacts VALUES(756604036138, 1, 'micaO', 2043, 1462134, 1);
INSERT INTO interacts VALUES(756604036138, 1, 'Jockster', 2043, 1530085, 1);
INSERT INTO interacts VALUES(756604036138, 1, 'Mouse', 1026, 1570923, 1);
INSERT INTO interacts VALUES(756604036138, 1, 'Yang', 3071, 1570957, 1);
INSERT INTO interacts VALUES(756604036138, 1, 'Mouse', 2003, 1571936, 1);
INSERT INTO interacts VALUES(756604036138, 1, 'Revolta', 2043, 1576414, 0);
INSERT INTO interacts VALUES(756604036138, 1, 'Revolta', 3742, 1577564, 1);
INSERT INTO interacts VALUES(756604036138, 1, 'Jockster', 1028, 1584439, 1);
INSERT INTO interacts VALUES(756604036138, 1, 'Jockster', 2043, 1599222, 1);
INSERT INTO interacts VALUES(756604036138, 1, 'micaO', 1033, 1604154, 1);
INSERT INTO interacts VALUES(756604036138, 1, 'Meiko', 3067, 1611688, 1);
INSERT INTO interacts VALUES(756604036138, 1, 'Yang', 3158, 1611916, 1);
INSERT INTO interacts VALUES(756604036138, 1, 'Meiko', 2043, 1611999, 1);
INSERT INTO interacts VALUES(756604036138, 1, 'Meiko', 3364, 1612338, 1);
INSERT INTO interacts VALUES(756604036138, 1, 'Deft', 1037, 1619662, 1);
INSERT INTO interacts VALUES(756604036138, 1, 'tockers', 3067, 1620311, 1);
INSERT INTO interacts VALUES(756604036138, 1, 'Deft', 2010, 1620913, 0);
INSERT INTO interacts VALUES(756604036138, 1, 'Deft', 1018, 1622313, 1);
INSERT INTO interacts VALUES(756604036138, 1, 'Clearlove', 3143, 1625147, 1);
INSERT INTO interacts VALUES(756604036138, 1, 'Clearlove', 2043, 1627048, 1);
INSERT INTO interacts VALUES(756604036138, 1, 'Clearlove', 2043, 1627339, 1);
INSERT INTO interacts VALUES(756604036138, 1, 'Scout', 3116, 1643902, 1);
INSERT INTO interacts VALUES(756604036138, 1, 'Scout', 2031, 1645269, 0);
INSERT INTO interacts VALUES(756604036138, 1, 'Scout', 2043, 1646313, 1);
INSERT INTO interacts VALUES(756604036138, 1, 'Scout', 2043, 1646428, 1);
INSERT INTO interacts VALUES(756604036138, 1, 'Revolta', 1033, 1678846, 1);
INSERT INTO interacts VALUES(756604036138, 1, 'Yang', 1036, 1723570, 1);
INSERT INTO interacts VALUES(756604036138, 1, 'micaO', 3155, 1727113, 1);
INSERT INTO interacts VALUES(756604036138, 1, 'Jockster', 3190, 1730183, 1);
INSERT INTO interacts VALUES(756604036138, 1, 'Revolta', 3211, 1748693, 1);
INSERT INTO interacts VALUES(756604036138, 1, 'Clearlove', 1033, 1749146, 1);
INSERT INTO interacts VALUES(756604036138, 1, 'tockers', 3152, 1750092, 1);
INSERT INTO interacts VALUES(756604036138, 1, 'Clearlove', 2043, 1751001, 1);
INSERT INTO interacts VALUES(756604036138, 1, 'Scout', 2043, 1751234, 0);
INSERT INTO interacts VALUES(756604036138, 1, 'Scout', 2043, 1751330, 0);
INSERT INTO interacts VALUES(756604036138, 1, 'tockers', 2043, 1751396, 1);
INSERT INTO interacts VALUES(756604036138, 1, 'Clearlove', 1029, 1751595, 1);
INSERT INTO interacts VALUES(756604036138, 1, 'Scout', 1058, 1751857, 1);
INSERT INTO interacts VALUES(756604036138, 1, 'micaO', 1036, 1752957, 1);
INSERT INTO interacts VALUES(756604036138, 1, 'Scout', 1056, 1753738, 0);
INSERT INTO interacts VALUES(756604036138, 1, 'Scout', 1058, 1754426, 1);
INSERT INTO interacts VALUES(756604036138, 1, 'Deft', 3031, 1760661, 1);
INSERT INTO interacts VALUES(756604036138, 1, 'Meiko', 3097, 1761112, 1);
INSERT INTO interacts VALUES(756604036138, 1, 'Deft', 2043, 1761892, 1);
INSERT INTO interacts VALUES(756604036138, 1, 'Meiko', 2043, 1761991, 1);
INSERT INTO interacts VALUES(756604036138, 1, 'Mouse', 3135, 1797330, 1);
INSERT INTO interacts VALUES(756604036138, 1, 'Mouse', 2003, 1800281, 1);
INSERT INTO interacts VALUES(756604036138, 1, 'Yang', 3134, 1857803, 1);
INSERT INTO interacts VALUES(756604036138, 1, 'Mouse', 2003, 1863736, 0);
INSERT INTO interacts VALUES(756604036138, 1, 'Mouse', 1028, 1864549, 1);
INSERT INTO interacts VALUES(756604036138, 1, 'Yang', 3156, 1906269, 1);
INSERT INTO interacts VALUES(756604036138, 1, 'micaO', 3134, 1928050, 1);
INSERT INTO interacts VALUES(756604036138, 1, 'tockers', 1026, 1930785, 1);
INSERT INTO interacts VALUES(756604036138, 1, 'Revolta', 1057, 1931910, 1);
INSERT INTO interacts VALUES(756604036138, 1, 'Revolta', 2043, 1932286, 1);
INSERT INTO interacts VALUES(756604036138, 1, 'Revolta', 2043, 1932443, 1);
INSERT INTO interacts VALUES(756604036138, 1, 'Jockster', 2043, 1933807, 1);
INSERT INTO interacts VALUES(756604036138, 1, 'Jockster', 2043, 1933903, 1);
INSERT INTO interacts VALUES(756604036138, 1, 'Jockster', 3097, 1936544, 1);
INSERT INTO interacts VALUES(756604036138, 1, 'Meiko', 3401, 1938291, 1);
INSERT INTO interacts VALUES(756604036138, 1, 'Deft', 3155, 1939631, 1);
INSERT INTO interacts VALUES(756604036138, 1, 'Deft', 2140, 1940671, 1);
INSERT INTO interacts VALUES(756604036138, 1, 'Meiko', 1031, 1940765, 1);
INSERT INTO interacts VALUES(756604036138, 1, 'Scout', 3089, 1945357, 1);
INSERT INTO interacts VALUES(756604036138, 1, 'Scout', 2043, 1945908, 1);
INSERT INTO interacts VALUES(756604036138, 1, 'Meiko', 2043, 1948374, 1);
INSERT INTO interacts VALUES(756604036138, 1, 'Clearlove', 1057, 1951931, 1);
INSERT INTO interacts VALUES(756604036138, 1, 'Clearlove', 1031, 1952355, 1);
INSERT INTO interacts VALUES(756604036138, 1, 'Mouse', 1011, 1956707, 1);
INSERT INTO interacts VALUES(756604036138, 1, 'Yang', 1036, 1989158, 1);
INSERT INTO interacts VALUES(756604036138, 1, 'Jockster', 1028, 2023610, 1);
INSERT INTO series VALUES(784952742548, 1);
INSERT INTO organizes VALUES('world_championship_2016', 784952742548, 'group_c - AHQ-vs-H2K');
INSERT INTO competes VALUES(784952742548, 'AHQ', 1);
INSERT INTO competes VALUES(784952742548, 'H2K', 0);
INSERT INTO matches VALUES(784952742548, 1, '2016-10-07');
INSERT INTO scores VALUES('AHQ', 784952742548, 1, 0, 3, 0, 1, 0, 0);
INSERT INTO scores VALUES('H2K', 784952742548, 1, 3, 10, 0, 1, 4, 1);
INSERT INTO bans VALUES(784952742548, 1, 134, 1);
INSERT INTO bans VALUES(784952742548, 1, 2, 3);
INSERT INTO bans VALUES(784952742548, 1, 76, 5);
INSERT INTO bans VALUES(784952742548, 1, 4, 2);
INSERT INTO bans VALUES(784952742548, 1, 223, 4);
INSERT INTO bans VALUES(784952742548, 1, 90, 6);
INSERT INTO plays VALUES(784952742548, 1, 'Ziv', 68, 'top', 1, 3, 3, 17536, 25, 5, 328, 14, 0, 15087);
INSERT INTO plays VALUES(784952742548, 1, 'Mountain', 421, 'jungle', 2, 2, 3, 11834, 31, 26, 57, 123, 18, 14070);
INSERT INTO plays VALUES(784952742548, 1, 'Westdoor', 127, 'mid', 2, 5, 2, 14381, 24, 4, 300, 10, 1, 14006);
INSERT INTO plays VALUES(784952742548, 1, 'AN', 15, 'adc', 0, 3, 2, 13143, 20, 2, 375, 24, 1, 15873);
INSERT INTO plays VALUES(784952742548, 1, 'Albis', 43, 'support', 1, 1, 0, 6793, 59, 18, 24, 0, 1, 9515);
INSERT INTO plays VALUES(784952742548, 1, 'Odoamne', 126, 'top', 2, 2, 6, 23565, 22, 8, 359, 4, 7, 16429);
INSERT INTO plays VALUES(784952742548, 1, 'Jankos', 60, 'jungle', 2, 2, 9, 11771, 42, 32, 40, 103, 20, 14568);
INSERT INTO plays VALUES(784952742548, 1, 'Ryu', 13, 'mid', 6, 1, 5, 29172, 13, 9, 360, 9, 5, 18482);
INSERT INTO plays VALUES(784952742548, 1, 'FORG1VEN', 51, 'adc', 3, 1, 4, 23760, 17, 16, 406, 14, 3, 18599);
INSERT INTO plays VALUES(784952742548, 1, 'Vander', 12, 'support', 1, 0, 9, 3349, 59, 11, 41, 1, 0, 10954);
INSERT INTO interacts VALUES(784952742548, 1, 'FORG1VEN', 1055, 1546, 1);
INSERT INTO interacts VALUES(784952742548, 1, 'Ziv', 1054, 1708, 1);
INSERT INTO interacts VALUES(784952742548, 1, 'Odoamne', 3340, 1774, 1);
INSERT INTO interacts VALUES(784952742548, 1, 'FORG1VEN', 2010, 1870, 1);
INSERT INTO interacts VALUES(784952742548, 1, 'Ryu', 1027, 1870, 1);
INSERT INTO interacts VALUES(784952742548, 1, 'Vander', 2010, 1912, 1);
INSERT INTO interacts VALUES(784952742548, 1, 'Ziv', 2003, 1935, 1);
INSERT INTO interacts VALUES(784952742548, 1, 'Albis', 2010, 2066, 1);
INSERT INTO interacts VALUES(784952742548, 1, 'Vander', 2010, 2066, 1);
INSERT INTO interacts VALUES(784952742548, 1, 'Vander', 2010, 2195, 1);
INSERT INTO interacts VALUES(784952742548, 1, 'Odoamne', 1055, 2226, 1);
INSERT INTO interacts VALUES(784952742548, 1, 'Ziv', 3340, 2226, 1);
INSERT INTO interacts VALUES(784952742548, 1, 'Westdoor', 1056, 2291, 1);
INSERT INTO interacts VALUES(784952742548, 1, 'Vander', 3302, 2389, 1);
INSERT INTO interacts VALUES(784952742548, 1, 'FORG1VEN', 3340, 2421, 1);
INSERT INTO interacts VALUES(784952742548, 1, 'Albis', 3303, 2421, 1);
INSERT INTO interacts VALUES(784952742548, 1, 'Ryu', 2003, 2455, 1);
INSERT INTO interacts VALUES(784952742548, 1, 'AN', 1055, 2455, 1);
INSERT INTO interacts VALUES(784952742548, 1, 'Odoamne', 2003, 2550, 1);
INSERT INTO interacts VALUES(784952742548, 1, 'Mountain', 1041, 2550, 1);
INSERT INTO interacts VALUES(784952742548, 1, 'Ryu', 2003, 2621, 1);
INSERT INTO interacts VALUES(784952742548, 1, 'Westdoor', 2010, 2647, 1);
INSERT INTO interacts VALUES(784952742548, 1, 'AN', 2003, 2713, 1);
INSERT INTO interacts VALUES(784952742548, 1, 'Ryu', 2003, 2745, 1);
INSERT INTO interacts VALUES(784952742548, 1, 'Vander', 3340, 2778, 1);
INSERT INTO interacts VALUES(784952742548, 1, 'Westdoor', 2010, 2809, 1);
INSERT INTO interacts VALUES(784952742548, 1, 'Albis', 2010, 2881, 1);
INSERT INTO interacts VALUES(784952742548, 1, 'Jankos', 3340, 2906, 1);
INSERT INTO interacts VALUES(784952742548, 1, 'AN', 3340, 3139, 1);
INSERT INTO interacts VALUES(784952742548, 1, 'Albis', 2010, 3139, 1);
INSERT INTO interacts VALUES(784952742548, 1, 'Westdoor', 3340, 3263, 1);
INSERT INTO interacts VALUES(784952742548, 1, 'Jankos', 1039, 3296, 1);
INSERT INTO interacts VALUES(784952742548, 1, 'Albis', 3340, 3424, 1);
INSERT INTO interacts VALUES(784952742548, 1, 'Mountain', 2031, 3684, 1);
INSERT INTO interacts VALUES(784952742548, 1, 'Jankos', 2031, 4109, 1);
INSERT INTO interacts VALUES(784952742548, 1, 'Mountain', 3340, 4238, 1);
INSERT INTO interacts VALUES(784952742548, 1, 'Ryu', 1027, 5499, 1);
INSERT INTO interacts VALUES(784952742548, 1, 'Ryu', 2031, 8385, 1);
INSERT INTO interacts VALUES(784952742548, 1, 'Ryu', 3340, 8612, 1);
INSERT INTO interacts VALUES(784952742548, 1, 'Ryu', 3070, 277556, 1);
INSERT INTO interacts VALUES(784952742548, 1, 'Ryu', 1001, 279193, 1);
INSERT INTO interacts VALUES(784952742548, 1, 'Ryu', 2043, 279899, 1);
INSERT INTO interacts VALUES(784952742548, 1, 'Jankos', 3158, 313159, 1);
INSERT INTO interacts VALUES(784952742548, 1, 'Jankos', 2043, 314750, 1);
INSERT INTO interacts VALUES(784952742548, 1, 'Jankos', 2032, 315433, 1);
INSERT INTO interacts VALUES(784952742548, 1, 'Westdoor', 1057, 318296, 1);
INSERT INTO interacts VALUES(784952742548, 1, 'Westdoor', 1052, 319667, 1);
INSERT INTO interacts VALUES(784952742548, 1, 'Westdoor', 2043, 320479, 1);
INSERT INTO interacts VALUES(784952742548, 1, 'Odoamne', 1055, 353190, 1);
INSERT INTO interacts VALUES(784952742548, 1, 'Odoamne', 1033, 354393, 1);
INSERT INTO interacts VALUES(784952742548, 1, 'Odoamne', 1036, 354784, 1);
INSERT INTO interacts VALUES(784952742548, 1, 'Odoamne', 2043, 359199, 1);
INSERT INTO interacts VALUES(784952742548, 1, 'Ziv', 1052, 371978, 1);
INSERT INTO interacts VALUES(784952742548, 1, 'Ziv', 1026, 372290, 1);
INSERT INTO interacts VALUES(784952742548, 1, 'Ziv', 2043, 374833, 1);
INSERT INTO interacts VALUES(784952742548, 1, 'Ziv', 2003, 375210, 1);
INSERT INTO interacts VALUES(784952742548, 1, 'Mountain', 3751, 395965, 1);
INSERT INTO interacts VALUES(784952742548, 1, 'Mountain', 1001, 397006, 1);
INSERT INTO interacts VALUES(784952742548, 1, 'FORG1VEN', 1038, 458672, 1);
INSERT INTO interacts VALUES(784952742548, 1, 'FORG1VEN', 1001, 459294, 1);
INSERT INTO interacts VALUES(784952742548, 1, 'Vander', 3117, 460667, 1);
INSERT INTO interacts VALUES(784952742548, 1, 'Vander', 2043, 462029, 1);
INSERT INTO interacts VALUES(784952742548, 1, 'FORG1VEN', 1042, 462062, 1);
INSERT INTO interacts VALUES(784952742548, 1, 'FORG1VEN', 2043, 464427, 1);
INSERT INTO interacts VALUES(784952742548, 1, 'Albis', 2049, 464493, 1);
INSERT INTO interacts VALUES(784952742548, 1, 'Albis', 2043, 465281, 1);
INSERT INTO interacts VALUES(784952742548, 1, 'Albis', 2043, 465579, 1);
INSERT INTO interacts VALUES(784952742548, 1, 'Albis', 2010, 467026, 1);
INSERT INTO interacts VALUES(784952742548, 1, 'Albis', 2010, 467316, 1);
INSERT INTO interacts VALUES(784952742548, 1, 'Albis', 3341, 467836, 1);
INSERT INTO interacts VALUES(784952742548, 1, 'AN', 1038, 476128, 1);
INSERT INTO interacts VALUES(784952742548, 1, 'AN', 1001, 477328, 1);
INSERT INTO interacts VALUES(784952742548, 1, 'AN', 2003, 477717, 1);
INSERT INTO interacts VALUES(784952742548, 1, 'AN', 2003, 477847, 1);
INSERT INTO interacts VALUES(784952742548, 1, 'AN', 2043, 478398, 1);
INSERT INTO interacts VALUES(784952742548, 1, 'Jankos', 3711, 485196, 1);
INSERT INTO interacts VALUES(784952742548, 1, 'Jankos', 2043, 485685, 1);
INSERT INTO interacts VALUES(784952742548, 1, 'Ryu', 3010, 486105, 1);
INSERT INTO interacts VALUES(784952742548, 1, 'Jankos', 3341, 486400, 1);
INSERT INTO interacts VALUES(784952742548, 1, 'Ryu', 2043, 487278, 1);
INSERT INTO interacts VALUES(784952742548, 1, 'Westdoor', 3020, 514346, 1);
INSERT INTO interacts VALUES(784952742548, 1, 'Odoamne', 3155, 528542, 1);
INSERT INTO interacts VALUES(784952742548, 1, 'Odoamne', 1001, 529930, 1);
INSERT INTO interacts VALUES(784952742548, 1, 'Odoamne', 2031, 530518, 1);
INSERT INTO interacts VALUES(784952742548, 1, 'Ziv', 1028, 548395, 1);
INSERT INTO interacts VALUES(784952742548, 1, 'Ziv', 1001, 548721, 1);
INSERT INTO interacts VALUES(784952742548, 1, 'Ziv', 2003, 550739, 1);
INSERT INTO interacts VALUES(784952742548, 1, 'AN', 3006, 640890, 1);
INSERT INTO interacts VALUES(784952742548, 1, 'Albis', 2043, 643619, 1);
INSERT INTO interacts VALUES(784952742548, 1, 'Albis', 2043, 643881, 1);
INSERT INTO interacts VALUES(784952742548, 1, 'Albis', 1001, 645177, 1);
INSERT INTO interacts VALUES(784952742548, 1, 'Albis', 2010, 646588, 1);
INSERT INTO interacts VALUES(784952742548, 1, 'Mountain', 1409, 656211, 1);
INSERT INTO interacts VALUES(784952742548, 1, 'Mountain', 2043, 657848, 1);
INSERT INTO interacts VALUES(784952742548, 1, 'Ryu', 1026, 657883, 1);
INSERT INTO interacts VALUES(784952742548, 1, 'Ryu', 2043, 659894, 1);
INSERT INTO interacts VALUES(784952742548, 1, 'Jankos', 3113, 659957, 1);
INSERT INTO interacts VALUES(784952742548, 1, 'Jankos', 2043, 661027, 1);
INSERT INTO interacts VALUES(784952742548, 1, 'Vander', 3341, 666869, 1);
INSERT INTO interacts VALUES(784952742548, 1, 'FORG1VEN', 3006, 670143, 1);
INSERT INTO interacts VALUES(784952742548, 1, 'FORG1VEN', 1083, 672479, 1);
INSERT INTO interacts VALUES(784952742548, 1, 'FORG1VEN', 1042, 673714, 1);
INSERT INTO interacts VALUES(784952742548, 1, 'Vander', 2049, 677657, 1);
INSERT INTO interacts VALUES(784952742548, 1, 'Ziv', 3136, 800801, 1);
INSERT INTO interacts VALUES(784952742548, 1, 'Ziv', 2031, 804704, 1);
INSERT INTO interacts VALUES(784952742548, 1, 'Ziv', 2043, 805452, 1);
INSERT INTO interacts VALUES(784952742548, 1, 'Westdoor', 3001, 824753, 1);
INSERT INTO interacts VALUES(784952742548, 1, 'Westdoor', 2043, 826245, 1);
INSERT INTO interacts VALUES(784952742548, 1, 'Westdoor', 2031, 828624, 1);
INSERT INTO interacts VALUES(784952742548, 1, 'Odoamne', 3156, 831390, 1);
INSERT INTO interacts VALUES(784952742548, 1, 'Ryu', 3027, 832102, 1);
INSERT INTO interacts VALUES(784952742548, 1, 'Mountain', 3111, 832884, 1);
INSERT INTO interacts VALUES(784952742548, 1, 'Mountain', 3364, 833990, 1);
INSERT INTO interacts VALUES(784952742548, 1, 'Ryu', 3111, 834930, 1);
INSERT INTO interacts VALUES(784952742548, 1, 'Mountain', 2043, 835354, 1);
INSERT INTO interacts VALUES(784952742548, 1, 'Vander', 1028, 848210, 1);
INSERT INTO interacts VALUES(784952742548, 1, 'Vander', 2010, 848861, 1);
INSERT INTO interacts VALUES(784952742548, 1, 'Vander', 2043, 849108, 1);
INSERT INTO interacts VALUES(784952742548, 1, 'FORG1VEN', 1043, 849915, 1);
INSERT INTO interacts VALUES(784952742548, 1, 'FORG1VEN', 1042, 850433, 1);
INSERT INTO interacts VALUES(784952742548, 1, 'Jankos', 1410, 857776, 1);
INSERT INTO interacts VALUES(784952742548, 1, 'Jankos', 2043, 858684, 1);
INSERT INTO interacts VALUES(784952742548, 1, 'Jankos', 3364, 859138, 1);
INSERT INTO interacts VALUES(784952742548, 1, 'AN', 3133, 874056, 1);
INSERT INTO interacts VALUES(784952742548, 1, 'Albis', 3158, 874076, 1);
INSERT INTO interacts VALUES(784952742548, 1, 'Albis', 2043, 875315, 1);
INSERT INTO interacts VALUES(784952742548, 1, 'Albis', 2043, 875573, 1);
INSERT INTO interacts VALUES(784952742548, 1, 'AN', 2043, 876156, 1);
INSERT INTO interacts VALUES(784952742548, 1, 'Ziv', 3151, 879349, 1);
INSERT INTO interacts VALUES(784952742548, 1, 'Ziv', 2043, 879903, 1);
INSERT INTO interacts VALUES(784952742548, 1, 'Jankos', 1033, 943684, 1);
INSERT INTO interacts VALUES(784952742548, 1, 'Jankos', 1028, 943910, 1);
INSERT INTO interacts VALUES(784952742548, 1, 'Odoamne', 3111, 946933, 1);
INSERT INTO interacts VALUES(784952742548, 1, 'Ziv', 1052, 955151, 1);
INSERT INTO interacts VALUES(784952742548, 1, 'Westdoor', 3067, 964077, 1);
INSERT INTO interacts VALUES(784952742548, 1, 'Westdoor', 1052, 966516, 1);
INSERT INTO interacts VALUES(784952742548, 1, 'Ryu', 2043, 1020787, 0);
INSERT INTO interacts VALUES(784952742548, 1, 'Ryu', 1057, 1023651, 1);
INSERT INTO interacts VALUES(784952742548, 1, 'Ryu', 3108, 1023895, 1);
INSERT INTO interacts VALUES(784952742548, 1, 'AN', 3508, 1054782, 1);
INSERT INTO interacts VALUES(784952742548, 1, 'AN', 3363, 1055304, 1);
INSERT INTO interacts VALUES(784952742548, 1, 'Mountain', 1011, 1060460, 1);
INSERT INTO interacts VALUES(784952742548, 1, 'Albis', 2010, 1061094, 1);
INSERT INTO interacts VALUES(784952742548, 1, 'Mountain', 1028, 1061876, 1);
INSERT INTO interacts VALUES(784952742548, 1, 'Albis', 1028, 1061990, 1);
INSERT INTO interacts VALUES(784952742548, 1, 'Albis', 2043, 1062344, 1);
INSERT INTO interacts VALUES(784952742548, 1, 'Albis', 2043, 1062573, 1);
INSERT INTO interacts VALUES(784952742548, 1, 'Jankos', 3105, 1076052, 1);
INSERT INTO interacts VALUES(784952742548, 1, 'Jankos', 1029, 1078157, 1);
INSERT INTO interacts VALUES(784952742548, 1, 'FORG1VEN', 3085, 1085797, 1);
INSERT INTO interacts VALUES(784952742548, 1, 'Vander', 2045, 1086121, 1);
INSERT INTO interacts VALUES(784952742548, 1, 'FORG1VEN', 1033, 1087029, 1);
INSERT INTO interacts VALUES(784952742548, 1, 'FORG1VEN', 3363, 1090778, 1);
INSERT INTO interacts VALUES(784952742548, 1, 'Vander', 1028, 1093245, 1);
INSERT INTO interacts VALUES(784952742548, 1, 'Vander', 2043, 1093922, 1);
INSERT INTO interacts VALUES(784952742548, 1, 'Vander', 3364, 1094932, 1);
INSERT INTO interacts VALUES(784952742548, 1, 'Odoamne', 3134, 1101700, 1);
INSERT INTO interacts VALUES(784952742548, 1, 'Ziv', 3020, 1103421, 1);
INSERT INTO interacts VALUES(784952742548, 1, 'Mountain', 3211, 1256474, 1);
INSERT INTO interacts VALUES(784952742548, 1, 'Westdoor', 3152, 1258527, 1);
INSERT INTO interacts VALUES(784952742548, 1, 'Mountain', 1029, 1258658, 1);
INSERT INTO interacts VALUES(784952742548, 1, 'Ziv', 1029, 1259909, 1);
INSERT INTO interacts VALUES(784952742548, 1, 'Westdoor', 2043, 1260903, 1);
INSERT INTO interacts VALUES(784952742548, 1, 'Albis', 2045, 1261258, 1);
INSERT INTO interacts VALUES(784952742548, 1, 'Albis', 2043, 1262399, 1);
INSERT INTO interacts VALUES(784952742548, 1, 'Albis', 2043, 1262662, 1);
INSERT INTO interacts VALUES(784952742548, 1, 'Albis', 3364, 1263016, 1);
INSERT INTO interacts VALUES(784952742548, 1, 'FORG1VEN', 3140, 1270744, 1);
INSERT INTO interacts VALUES(784952742548, 1, 'FORG1VEN', 1083, 1271884, 0);
INSERT INTO interacts VALUES(784952742548, 1, 'FORG1VEN', 1037, 1273215, 1);
INSERT INTO interacts VALUES(784952742548, 1, 'Vander', 3067, 1277024, 1);
INSERT INTO interacts VALUES(784952742548, 1, 'Vander', 1033, 1278132, 1);
INSERT INTO interacts VALUES(784952742548, 1, 'Vander', 2043, 1278976, 1);
INSERT INTO interacts VALUES(784952742548, 1, 'Odoamne', 2031, 1309991, 0);
INSERT INTO interacts VALUES(784952742548, 1, 'Odoamne', 3133, 1311908, 1);
INSERT INTO interacts VALUES(784952742548, 1, 'AN', 3086, 1321272, 1);
INSERT INTO interacts VALUES(784952742548, 1, 'AN', 1042, 1321608, 1);
INSERT INTO interacts VALUES(784952742548, 1, 'Jankos', 3190, 1341436, 1);
INSERT INTO interacts VALUES(784952742548, 1, 'Jankos', 2043, 1343026, 1);
INSERT INTO interacts VALUES(784952742548, 1, 'Jankos', 2043, 1343173, 1);
INSERT INTO interacts VALUES(784952742548, 1, 'Vander', 2043, 1343710, 1);
INSERT INTO interacts VALUES(784952742548, 1, 'Ryu', 3001, 1345562, 1);
INSERT INTO interacts VALUES(784952742548, 1, 'Ryu', 1058, 1347739, 1);
INSERT INTO interacts VALUES(784952742548, 1, 'Ryu', 3364, 1349329, 1);
INSERT INTO interacts VALUES(784952742548, 1, 'Ziv', 3191, 1349820, 1);
INSERT INTO interacts VALUES(784952742548, 1, 'Albis', 1033, 1349852, 1);
INSERT INTO interacts VALUES(784952742548, 1, 'Ziv', 3108, 1350202, 1);
INSERT INTO interacts VALUES(784952742548, 1, 'Albis', 2043, 1351059, 1);
INSERT INTO interacts VALUES(784952742548, 1, 'Mountain', 3143, 1425738, 1);
INSERT INTO interacts VALUES(784952742548, 1, 'Mountain', 2031, 1427976, 0);
INSERT INTO interacts VALUES(784952742548, 1, 'Mountain', 2043, 1429146, 1);
INSERT INTO interacts VALUES(784952742548, 1, 'FORG1VEN', 3031, 1431679, 1);
INSERT INTO interacts VALUES(784952742548, 1, 'Odoamne', 3142, 1439399, 1);
INSERT INTO interacts VALUES(784952742548, 1, 'Odoamne', 2043, 1440826, 1);
INSERT INTO interacts VALUES(784952742548, 1, 'Westdoor', 2031, 1456947, 0);
INSERT INTO interacts VALUES(784952742548, 1, 'Westdoor', 1026, 1458442, 1);
INSERT INTO interacts VALUES(784952742548, 1, 'Westdoor', 1052, 1458899, 1);
INSERT INTO interacts VALUES(784952742548, 1, 'Albis', 3028, 1459129, 1);
INSERT INTO interacts VALUES(784952742548, 1, 'Ziv', 3157, 1461616, 1);
INSERT INTO interacts VALUES(784952742548, 1, 'Ziv', 2043, 1463102, 1);
INSERT INTO interacts VALUES(784952742548, 1, 'Ryu', 3003, 1473969, 1);
INSERT INTO interacts VALUES(784952742548, 1, 'Jankos', 3191, 1474520, 1);
INSERT INTO interacts VALUES(784952742548, 1, 'Ryu', 2043, 1475463, 1);
INSERT INTO interacts VALUES(784952742548, 1, 'Ryu', 2043, 1475559, 1);
INSERT INTO interacts VALUES(784952742548, 1, 'AN', 3046, 1501909, 1);
INSERT INTO interacts VALUES(784952742548, 1, 'AN', 2043, 1503310, 1);
INSERT INTO interacts VALUES(784952742548, 1, 'Albis', 2043, 1542095, 1);
INSERT INTO interacts VALUES(784952742548, 1, 'Mountain', 3067, 1584834, 1);
INSERT INTO interacts VALUES(784952742548, 1, 'Westdoor', 3135, 1639093, 1);
INSERT INTO interacts VALUES(784952742548, 1, 'Westdoor', 2043, 1640911, 1);
INSERT INTO interacts VALUES(784952742548, 1, 'AN', 1038, 1652343, 1);
INSERT INTO interacts VALUES(784952742548, 1, 'AN', 2003, 1653721, 0);
INSERT INTO interacts VALUES(784952742548, 1, 'AN', 2043, 1655677, 1);
INSERT INTO interacts VALUES(784952742548, 1, 'Ziv', 1026, 1658143, 1);
INSERT INTO interacts VALUES(784952742548, 1, 'Odoamne', 1038, 1681732, 1);
INSERT INTO interacts VALUES(784952742548, 1, 'Ziv', 2031, 1721841, 0);
INSERT INTO interacts VALUES(784952742548, 1, 'Ziv', 1052, 1722557, 1);
INSERT INTO interacts VALUES(784952742548, 1, 'Jankos', 3108, 1736667, 1);
INSERT INTO interacts VALUES(784952742548, 1, 'Mountain', 2043, 1747998, 1);
INSERT INTO interacts VALUES(784952742548, 1, 'Odoamne', 1055, 1775910, 0);
INSERT INTO interacts VALUES(784952742548, 1, 'Odoamne', 1053, 1776946, 1);
INSERT INTO interacts VALUES(784952742548, 1, 'Vander', 3190, 1777216, 1);
INSERT INTO interacts VALUES(784952742548, 1, 'Albis', 3222, 1777752, 1);
INSERT INTO interacts VALUES(784952742548, 1, 'Albis', 2043, 1778659, 1);
INSERT INTO interacts VALUES(784952742548, 1, 'Albis', 2043, 1778951, 1);
INSERT INTO interacts VALUES(784952742548, 1, 'Vander', 3114, 1778985, 1);
INSERT INTO interacts VALUES(784952742548, 1, 'Vander', 2043, 1782983, 1);
INSERT INTO interacts VALUES(784952742548, 1, 'Vander', 2043, 1783196, 1);
INSERT INTO interacts VALUES(784952742548, 1, 'Ryu', 1026, 1784704, 1);
INSERT INTO interacts VALUES(784952742548, 1, 'FORG1VEN', 3094, 1806313, 1);
INSERT INTO interacts VALUES(784952742548, 1, 'Jankos', 3157, 1829619, 1);
INSERT INTO interacts VALUES(784952742548, 1, 'Jankos', 2043, 1830694, 1);
INSERT INTO interacts VALUES(784952742548, 1, 'Westdoor', 3191, 1834523, 1);
INSERT INTO interacts VALUES(784952742548, 1, 'Ziv', 3135, 1835983, 1);
INSERT INTO interacts VALUES(784952742548, 1, 'Ziv', 2043, 1836714, 1);
INSERT INTO interacts VALUES(784952742548, 1, 'Albis', 1028, 1837119, 1);
INSERT INTO interacts VALUES(784952742548, 1, 'AN', 1018, 1841733, 1);
INSERT INTO interacts VALUES(784952742548, 1, 'Ryu', 3135, 1864113, 1);
INSERT INTO interacts VALUES(784952742548, 1, 'Mountain', 3065, 1884655, 1);
INSERT INTO interacts VALUES(784952742548, 1, 'Mountain', 1057, 1886214, 1);
INSERT INTO interacts VALUES(784952742548, 1, 'Mountain', 1031, 1886835, 1);
INSERT INTO interacts VALUES(784952742548, 1, 'Westdoor', 2139, 1901697, 1);
INSERT INTO interacts VALUES(784952742548, 1, 'Vander', 2043, 1941981, 1);
INSERT INTO interacts VALUES(784952742548, 1, 'Vander', 2043, 1942142, 1);
INSERT INTO interacts VALUES(784952742548, 1, 'Jankos', 1033, 1948229, 1);
INSERT INTO interacts VALUES(784952742548, 1, 'Jankos', 2032, 1950705, 0);
INSERT INTO interacts VALUES(784952742548, 1, 'Jankos', 2043, 1951123, 1);
INSERT INTO interacts VALUES(784952742548, 1, 'Jankos', 2043, 1951223, 1);
INSERT INTO interacts VALUES(784952742548, 1, 'Odoamne', 3072, 1954697, 1);
INSERT INTO interacts VALUES(784952742548, 1, 'Odoamne', 2043, 1957722, 1);
INSERT INTO interacts VALUES(784952742548, 1, 'AN', 3031, 2012021, 1);
INSERT INTO interacts VALUES(784952742548, 1, 'AN', 2043, 2012869, 1);
INSERT INTO interacts VALUES(784952742548, 1, 'Ziv', 1026, 2021315, 1);
INSERT INTO interacts VALUES(784952742548, 1, 'Mountain', 2138, 2023107, 1);
INSERT INTO interacts VALUES(784952742548, 1, 'Albis', 2043, 2023689, 1);
INSERT INTO interacts VALUES(784952742548, 1, 'Albis', 2043, 2023982, 1);
INSERT INTO interacts VALUES(784952742548, 1, 'Albis', 3067, 2024535, 1);
INSERT INTO interacts VALUES(784952742548, 1, 'Odoamne', 2043, 2057491, 0);
INSERT INTO interacts VALUES(784952742548, 1, 'Odoamne', 1033, 2058856, 1);
INSERT INTO interacts VALUES(784952742548, 1, 'Ryu', 2031, 2069721, 0);
INSERT INTO interacts VALUES(784952742548, 1, 'Ryu', 1058, 2071210, 1);
INSERT INTO interacts VALUES(784952742548, 1, 'Jankos', 1057, 2072784, 1);
INSERT INTO interacts VALUES(784952742548, 1, 'Jankos', 2043, 2073520, 1);
INSERT INTO interacts VALUES(784952742548, 1, 'Jankos', 2138, 2074502, 1);
INSERT INTO interacts VALUES(784952742548, 1, 'Jankos', 2043, 2075452, 1);
INSERT INTO interacts VALUES(784952742548, 1, 'FORG1VEN', 3139, 2079896, 1);
INSERT INTO interacts VALUES(784952742548, 1, 'Vander', 3302, 2081429, 0);
INSERT INTO interacts VALUES(784952742548, 1, 'Vander', 3028, 2084096, 1);
INSERT INTO interacts VALUES(784952742548, 1, 'Vander', 2043, 2085411, 1);
INSERT INTO interacts VALUES(784952742548, 1, 'Ziv', 1054, 2151707, 0);
INSERT INTO interacts VALUES(784952742548, 1, 'Ziv', 1058, 2152652, 1);
INSERT INTO interacts VALUES(784952742548, 1, 'FORG1VEN', 1055, 2234148, 0);
INSERT INTO interacts VALUES(784952742548, 1, 'Albis', 3303, 2237496, 0);
INSERT INTO interacts VALUES(784952742548, 1, 'Albis', 3801, 2238177, 1);
INSERT INTO interacts VALUES(784952742548, 1, 'FORG1VEN', 1037, 2238987, 1);
INSERT INTO interacts VALUES(784952742548, 1, 'Jankos', 1031, 2251736, 1);
INSERT INTO interacts VALUES(784952742548, 1, 'Vander', 3222, 2252558, 1);
INSERT INTO interacts VALUES(784952742548, 1, 'Vander', 3301, 2254858, 1);
INSERT INTO interacts VALUES(784952742548, 1, 'FORG1VEN', 3035, 2256161, 1);
INSERT INTO interacts VALUES(784952742548, 1, 'Vander', 3302, 2256912, 1);
INSERT INTO interacts VALUES(784952742548, 1, 'Vander', 1029, 2258438, 1);
INSERT INTO interacts VALUES(784952742548, 1, 'Vander', 2043, 2259333, 1);
INSERT INTO interacts VALUES(784952742548, 1, 'Vander', 2043, 2259465, 1);
INSERT INTO interacts VALUES(784952742548, 1, 'AN', 3035, 2270621, 1);
INSERT INTO interacts VALUES(784952742548, 1, 'Odoamne', 1057, 2276689, 1);
INSERT INTO interacts VALUES(784952742548, 1, 'Westdoor', 1056, 2280717, 0);
INSERT INTO interacts VALUES(784952742548, 1, 'Mountain', 3026, 2281489, 1);
INSERT INTO interacts VALUES(784952742548, 1, 'Westdoor', 3157, 2282246, 1);
INSERT INTO interacts VALUES(784952742548, 1, 'Westdoor', 2043, 2285326, 1);
INSERT INTO interacts VALUES(784952742548, 1, 'Odoamne', 3026, 2306350, 1);
INSERT INTO interacts VALUES(784952742548, 1, 'Jankos', 3026, 2306976, 1);
INSERT INTO interacts VALUES(784952742548, 1, 'Jankos', 2043, 2308053, 1);
INSERT INTO interacts VALUES(784952742548, 1, 'Jankos', 2043, 2308185, 1);
INSERT INTO interacts VALUES(784952742548, 1, 'Vander', 1031, 2313590, 1);
INSERT INTO interacts VALUES(784952742548, 1, 'Vander', 2043, 2314288, 1);
INSERT INTO interacts VALUES(784952742548, 1, 'Ryu', 3089, 2318113, 1);
INSERT INTO interacts VALUES(784952742548, 1, 'Mountain', 1031, 2324292, 1);
INSERT INTO interacts VALUES(784952742548, 1, 'Albis', 2043, 2328061, 1);
INSERT INTO interacts VALUES(784952742548, 1, 'AN', 3036, 2356173, 1);
INSERT INTO interacts VALUES(784952742548, 1, 'Ziv', 3089, 2429359, 1);
INSERT INTO interacts VALUES(784952742548, 1, 'AN', 1055, 2470287, 0);
INSERT INTO interacts VALUES(784952742548, 1, 'Albis', 3190, 2470546, 1);
INSERT INTO interacts VALUES(784952742548, 1, 'AN', 1038, 2472014, 1);
INSERT INTO interacts VALUES(784952742548, 1, 'Albis', 2043, 2472110, 1);
INSERT INTO interacts VALUES(784952742548, 1, 'Ziv', 1052, 2488034, 1);
INSERT INTO series VALUES(962735755455, 1);
INSERT INTO organizes VALUES('world_championship_2016', 962735755455, 'group_c - H2K-vs-EDG');
INSERT INTO competes VALUES(962735755455, 'H2K', 1);
INSERT INTO competes VALUES(962735755455, 'EDG', 0);
INSERT INTO matches VALUES(962735755455, 1, '2016-10-07');
INSERT INTO scores VALUES('H2K', 962735755455, 1, 1, 9, 0, 2, 4, 1);
INSERT INTO scores VALUES('EDG', 962735755455, 1, 0, 2, 0, 0, 1, 0);
INSERT INTO bans VALUES(962735755455, 1, 223, 1);
INSERT INTO bans VALUES(962735755455, 1, 202, 3);
INSERT INTO bans VALUES(962735755455, 1, 12, 5);
INSERT INTO bans VALUES(962735755455, 1, 134, 2);
INSERT INTO bans VALUES(962735755455, 1, 76, 4);
INSERT INTO bans VALUES(962735755455, 1, 2, 6);
INSERT INTO plays VALUES(962735755455, 1, 'Odoamne', 85, 'top', 1, 2, 4, 19965, 21, 7, 351, 2, 3, 16635);
INSERT INTO plays VALUES(962735755455, 1, 'Jankos', 421, 'jungle', 2, 1, 9, 6699, 53, 30, 52, 99, 29, 16190);
INSERT INTO plays VALUES(962735755455, 1, 'Ryu', 13, 'mid', 6, 3, 3, 19020, 11, 14, 375, 12, 12, 19997);
INSERT INTO plays VALUES(962735755455, 1, 'FORG1VEN', 51, 'adc', 3, 0, 5, 23669, 18, 18, 433, 33, 5, 20898);
INSERT INTO plays VALUES(962735755455, 1, 'Vander', 43, 'support', 0, 1, 8, 6426, 78, 19, 28, 0, 0, 11920);
INSERT INTO plays VALUES(962735755455, 1, 'Mouse', 78, 'top', 0, 4, 2, 5579, 24, 8, 302, 4, 0, 13924);
INSERT INTO plays VALUES(962735755455, 1, 'Clearlove', 60, 'jungle', 2, 2, 3, 9140, 34, 27, 79, 110, 20, 14144);
INSERT INTO plays VALUES(962735755455, 1, 'Scout', 90, 'mid', 3, 3, 4, 19443, 23, 5, 342, 22, 1, 15662);
INSERT INTO plays VALUES(962735755455, 1, 'Deft', 81, 'adc', 1, 1, 2, 24034, 21, 18, 338, 39, 1, 15514);
INSERT INTO plays VALUES(962735755455, 1, 'Meiko', 267, 'support', 1, 2, 4, 3627, 73, 28, 33, 0, 0, 9982);
INSERT INTO interacts VALUES(962735755455, 1, 'Vander', 2010, 1712, 1);
INSERT INTO interacts VALUES(962735755455, 1, 'Scout', 3340, 1745, 1);
INSERT INTO interacts VALUES(962735755455, 1, 'Deft', 1055, 1877, 1);
INSERT INTO interacts VALUES(962735755455, 1, 'FORG1VEN', 1055, 1971, 1);
INSERT INTO interacts VALUES(962735755455, 1, 'Scout', 1056, 1971, 1);
INSERT INTO interacts VALUES(962735755455, 1, 'Odoamne', 3340, 2005, 1);
INSERT INTO interacts VALUES(962735755455, 1, 'Vander', 2010, 2005, 1);
INSERT INTO interacts VALUES(962735755455, 1, 'Deft', 2003, 2081, 1);
INSERT INTO interacts VALUES(962735755455, 1, 'Scout', 2003, 2135, 1);
INSERT INTO interacts VALUES(962735755455, 1, 'Scout', 2003, 2231, 1);
INSERT INTO interacts VALUES(962735755455, 1, 'FORG1VEN', 2010, 2264, 1);
INSERT INTO interacts VALUES(962735755455, 1, 'Mouse', 2033, 2425, 1);
INSERT INTO interacts VALUES(962735755455, 1, 'Vander', 2010, 2458, 1);
INSERT INTO interacts VALUES(962735755455, 1, 'Deft', 3340, 2490, 1);
INSERT INTO interacts VALUES(962735755455, 1, 'Odoamne', 1055, 2522, 1);
INSERT INTO interacts VALUES(962735755455, 1, 'Ryu', 1027, 2599, 1);
INSERT INTO interacts VALUES(962735755455, 1, 'Mouse', 3340, 2651, 1);
INSERT INTO interacts VALUES(962735755455, 1, 'FORG1VEN', 3340, 2684, 1);
INSERT INTO interacts VALUES(962735755455, 1, 'Vander', 3303, 2716, 1);
INSERT INTO interacts VALUES(962735755455, 1, 'Ryu', 2003, 2855, 1);
INSERT INTO interacts VALUES(962735755455, 1, 'Jankos', 3340, 2855, 1);
INSERT INTO interacts VALUES(962735755455, 1, 'Odoamne', 2003, 2855, 1);
INSERT INTO interacts VALUES(962735755455, 1, 'Ryu', 2003, 2974, 1);
INSERT INTO interacts VALUES(962735755455, 1, 'Ryu', 2003, 3111, 1);
INSERT INTO interacts VALUES(962735755455, 1, 'Vander', 3340, 3111, 1);
INSERT INTO interacts VALUES(962735755455, 1, 'Meiko', 3303, 3202, 1);
INSERT INTO interacts VALUES(962735755455, 1, 'Jankos', 1041, 3232, 1);
INSERT INTO interacts VALUES(962735755455, 1, 'Ryu', 3340, 3331, 1);
INSERT INTO interacts VALUES(962735755455, 1, 'Meiko', 2010, 3398, 1);
INSERT INTO interacts VALUES(962735755455, 1, 'Meiko', 2010, 3524, 1);
INSERT INTO interacts VALUES(962735755455, 1, 'Meiko', 2010, 3658, 1);
INSERT INTO interacts VALUES(962735755455, 1, 'Clearlove', 1039, 3719, 1);
INSERT INTO interacts VALUES(962735755455, 1, 'Meiko', 3340, 3848, 1);
INSERT INTO interacts VALUES(962735755455, 1, 'Clearlove', 2031, 4044, 1);
INSERT INTO interacts VALUES(962735755455, 1, 'Jankos', 2031, 4239, 1);
INSERT INTO interacts VALUES(962735755455, 1, 'Clearlove', 3340, 4500, 1);
INSERT INTO interacts VALUES(962735755455, 1, 'Ryu', 2031, 13064, 1);
INSERT INTO interacts VALUES(962735755455, 1, 'Ryu', 3340, 13357, 1);
INSERT INTO interacts VALUES(962735755455, 1, 'Ryu', 3070, 182078, 1);
INSERT INTO interacts VALUES(962735755455, 1, 'Ryu', 1001, 182595, 1);
INSERT INTO interacts VALUES(962735755455, 1, 'Scout', 1056, 184572, 1);
INSERT INTO interacts VALUES(962735755455, 1, 'Scout', 2003, 185289, 1);
INSERT INTO interacts VALUES(962735755455, 1, 'Scout', 2043, 185453, 1);
INSERT INTO interacts VALUES(962735755455, 1, 'Ryu', 2043, 187987, 1);
INSERT INTO interacts VALUES(962735755455, 1, 'Mouse', 1054, 198299, 1);
INSERT INTO interacts VALUES(962735755455, 1, 'Odoamne', 1052, 208152, 1);
INSERT INTO interacts VALUES(962735755455, 1, 'Odoamne', 2043, 210784, 1);
INSERT INTO interacts VALUES(962735755455, 1, 'Odoamne', 2003, 212111, 0);
INSERT INTO interacts VALUES(962735755455, 1, 'Odoamne', 2031, 212694, 1);
INSERT INTO interacts VALUES(962735755455, 1, 'FORG1VEN', 1083, 222832, 1);
INSERT INTO interacts VALUES(962735755455, 1, 'Clearlove', 3711, 273010, 1);
INSERT INTO interacts VALUES(962735755455, 1, 'Clearlove', 2043, 273608, 1);
INSERT INTO interacts VALUES(962735755455, 1, 'Jankos', 3711, 302895, 1);
INSERT INTO interacts VALUES(962735755455, 1, 'Jankos', 1028, 303479, 1);
INSERT INTO interacts VALUES(962735755455, 1, 'Jankos', 2043, 303932, 1);
INSERT INTO interacts VALUES(962735755455, 1, 'Jankos', 3341, 305885, 1);
INSERT INTO interacts VALUES(962735755455, 1, 'Meiko', 2049, 413430, 1);
INSERT INTO interacts VALUES(962735755455, 1, 'Deft', 3057, 413885, 1);
INSERT INTO interacts VALUES(962735755455, 1, 'Deft', 1027, 414094, 1);
INSERT INTO interacts VALUES(962735755455, 1, 'Meiko', 3341, 414502, 1);
INSERT INTO interacts VALUES(962735755455, 1, 'Deft', 2003, 415085, 1);
INSERT INTO interacts VALUES(962735755455, 1, 'Meiko', 2010, 415249, 1);
INSERT INTO interacts VALUES(962735755455, 1, 'Deft', 2043, 415443, 1);
INSERT INTO interacts VALUES(962735755455, 1, 'Vander', 2049, 423662, 1);
INSERT INTO interacts VALUES(962735755455, 1, 'Vander', 2010, 423922, 1);
INSERT INTO interacts VALUES(962735755455, 1, 'Vander', 2043, 425219, 1);
INSERT INTO interacts VALUES(962735755455, 1, 'FORG1VEN', 3006, 426229, 1);
INSERT INTO interacts VALUES(962735755455, 1, 'Vander', 3341, 426398, 1);
INSERT INTO interacts VALUES(962735755455, 1, 'Mouse', 1033, 476903, 1);
INSERT INTO interacts VALUES(962735755455, 1, 'Mouse', 1028, 477422, 1);
INSERT INTO interacts VALUES(962735755455, 1, 'Mouse', 2043, 478007, 1);
INSERT INTO interacts VALUES(962735755455, 1, 'Ryu', 3010, 479803, 1);
INSERT INTO interacts VALUES(962735755455, 1, 'Ryu', 3111, 481718, 1);
INSERT INTO interacts VALUES(962735755455, 1, 'Jankos', 3751, 485554, 1);
INSERT INTO interacts VALUES(962735755455, 1, 'Jankos', 2043, 485929, 1);
INSERT INTO interacts VALUES(962735755455, 1, 'Scout', 3802, 490653, 1);
INSERT INTO interacts VALUES(962735755455, 1, 'Scout', 1001, 491305, 1);
INSERT INTO interacts VALUES(962735755455, 1, 'Scout', 2003, 492569, 1);
INSERT INTO interacts VALUES(962735755455, 1, 'Scout', 1052, 492960, 1);
INSERT INTO interacts VALUES(962735755455, 1, 'Odoamne', 3145, 499832, 1);
INSERT INTO interacts VALUES(962735755455, 1, 'Odoamne', 3067, 501199, 1);
INSERT INTO interacts VALUES(962735755455, 1, 'Odoamne', 1001, 502400, 1);
INSERT INTO interacts VALUES(962735755455, 1, 'Odoamne', 2043, 502901, 1);
INSERT INTO interacts VALUES(962735755455, 1, 'Clearlove', 3113, 503314, 1);
INSERT INTO interacts VALUES(962735755455, 1, 'Clearlove', 1001, 504420, 1);
INSERT INTO interacts VALUES(962735755455, 1, 'Clearlove', 2043, 504808, 1);
INSERT INTO interacts VALUES(962735755455, 1, 'Scout', 3108, 603986, 1);
INSERT INTO interacts VALUES(962735755455, 1, 'Scout', 2003, 604631, 1);
INSERT INTO interacts VALUES(962735755455, 1, 'Ryu', 1026, 630857, 1);
INSERT INTO interacts VALUES(962735755455, 1, 'Deft', 3025, 675732, 1);
INSERT INTO interacts VALUES(962735755455, 1, 'Meiko', 1001, 675833, 1);
INSERT INTO interacts VALUES(962735755455, 1, 'Meiko', 2043, 676241, 1);
INSERT INTO interacts VALUES(962735755455, 1, 'Deft', 2043, 676870, 1);
INSERT INTO interacts VALUES(962735755455, 1, 'Meiko', 2031, 677100, 1);
INSERT INTO interacts VALUES(962735755455, 1, 'Odoamne', 3152, 678112, 1);
INSERT INTO interacts VALUES(962735755455, 1, 'Mouse', 3211, 682821, 1);
INSERT INTO interacts VALUES(962735755455, 1, 'Mouse', 1001, 683577, 1);
INSERT INTO interacts VALUES(962735755455, 1, 'Mouse', 2043, 688415, 1);
INSERT INTO interacts VALUES(962735755455, 1, 'FORG1VEN', 1038, 688742, 1);
INSERT INTO interacts VALUES(962735755455, 1, 'FORG1VEN', 2010, 690566, 1);
INSERT INTO interacts VALUES(962735755455, 1, 'Vander', 3098, 692930, 1);
INSERT INTO interacts VALUES(962735755455, 1, 'Vander', 1001, 693874, 1);
INSERT INTO interacts VALUES(962735755455, 1, 'Clearlove', 1410, 697065, 1);
INSERT INTO interacts VALUES(962735755455, 1, 'Clearlove', 2043, 697940, 1);
INSERT INTO interacts VALUES(962735755455, 1, 'Vander', 2010, 698721, 1);
INSERT INTO interacts VALUES(962735755455, 1, 'Jankos', 1409, 701784, 1);
INSERT INTO interacts VALUES(962735755455, 1, 'Jankos', 1001, 702205, 1);
INSERT INTO interacts VALUES(962735755455, 1, 'Jankos', 2043, 702696, 1);
INSERT INTO interacts VALUES(962735755455, 1, 'Scout', 2043, 756400, 1);
INSERT INTO interacts VALUES(962735755455, 1, 'Scout', 3158, 756665, 1);
INSERT INTO interacts VALUES(962735755455, 1, 'Deft', 3070, 820774, 1);
INSERT INTO interacts VALUES(962735755455, 1, 'Meiko', 3117, 820975, 1);
INSERT INTO interacts VALUES(962735755455, 1, 'Deft', 2043, 822443, 1);
INSERT INTO interacts VALUES(962735755455, 1, 'Ryu', 3027, 843424, 1);
INSERT INTO interacts VALUES(962735755455, 1, 'Ryu', 1033, 845241, 1);
INSERT INTO interacts VALUES(962735755455, 1, 'Vander', 2043, 846673, 1);
INSERT INTO interacts VALUES(962735755455, 1, 'Ryu', 3364, 846931, 1);
INSERT INTO interacts VALUES(962735755455, 1, 'Ryu', 2043, 847529, 1);
INSERT INTO interacts VALUES(962735755455, 1, 'Ryu', 2043, 847581, 1);
INSERT INTO interacts VALUES(962735755455, 1, 'Vander', 2010, 848688, 1);
INSERT INTO interacts VALUES(962735755455, 1, 'FORG1VEN', 1043, 850394, 1);
INSERT INTO interacts VALUES(962735755455, 1, 'Clearlove', 3111, 905936, 1);
INSERT INTO interacts VALUES(962735755455, 1, 'Clearlove', 1052, 907209, 1);
INSERT INTO interacts VALUES(962735755455, 1, 'Clearlove', 3364, 907647, 1);
INSERT INTO interacts VALUES(962735755455, 1, 'Clearlove', 2043, 907994, 1);
INSERT INTO interacts VALUES(962735755455, 1, 'Jankos', 3111, 922949, 1);
INSERT INTO interacts VALUES(962735755455, 1, 'Jankos', 1028, 923408, 1);
INSERT INTO interacts VALUES(962735755455, 1, 'Jankos', 3364, 923963, 1);
INSERT INTO interacts VALUES(962735755455, 1, 'Jankos', 2043, 924258, 1);
INSERT INTO interacts VALUES(962735755455, 1, 'Mouse', 3111, 931702, 1);
INSERT INTO interacts VALUES(962735755455, 1, 'Mouse', 1028, 932778, 1);
INSERT INTO interacts VALUES(962735755455, 1, 'Mouse', 1029, 933426, 1);
INSERT INTO interacts VALUES(962735755455, 1, 'Odoamne', 3020, 944666, 1);
INSERT INTO interacts VALUES(962735755455, 1, 'Odoamne', 3108, 946751, 1);
INSERT INTO interacts VALUES(962735755455, 1, 'Odoamne', 2043, 948508, 1);
INSERT INTO interacts VALUES(962735755455, 1, 'Scout', 3165, 1003493, 1);
INSERT INTO interacts VALUES(962735755455, 1, 'Scout', 2031, 1003901, 1);
INSERT INTO interacts VALUES(962735755455, 1, 'Scout', 2043, 1004222, 1);
INSERT INTO interacts VALUES(962735755455, 1, 'FORG1VEN', 3086, 1009757, 1);
INSERT INTO interacts VALUES(962735755455, 1, 'Vander', 2301, 1010401, 1);
INSERT INTO interacts VALUES(962735755455, 1, 'FORG1VEN', 3363, 1012028, 1);
INSERT INTO interacts VALUES(962735755455, 1, 'Vander', 3158, 1015047, 1);
INSERT INTO interacts VALUES(962735755455, 1, 'Vander', 2010, 1016125, 1);
INSERT INTO interacts VALUES(962735755455, 1, 'Vander', 2043, 1016320, 1);
INSERT INTO interacts VALUES(962735755455, 1, 'Vander', 2043, 1018838, 1);
INSERT INTO interacts VALUES(962735755455, 1, 'Ryu', 2043, 1022139, 0);
INSERT INTO interacts VALUES(962735755455, 1, 'Ryu', 1057, 1024320, 1);
INSERT INTO interacts VALUES(962735755455, 1, 'Ryu', 3108, 1024589, 1);
INSERT INTO interacts VALUES(962735755455, 1, 'Meiko', 2045, 1046622, 1);
INSERT INTO interacts VALUES(962735755455, 1, 'Meiko', 2043, 1047011, 1);
INSERT INTO interacts VALUES(962735755455, 1, 'Deft', 3004, 1061586, 1);
INSERT INTO interacts VALUES(962735755455, 1, 'Deft', 1001, 1062712, 1);
INSERT INTO interacts VALUES(962735755455, 1, 'Deft', 3363, 1065162, 1);
INSERT INTO interacts VALUES(962735755455, 1, 'Deft', 2043, 1065455, 1);
INSERT INTO interacts VALUES(962735755455, 1, 'Ryu', 3001, 1094175, 1);
INSERT INTO interacts VALUES(962735755455, 1, 'Ryu', 2043, 1095471, 1);
INSERT INTO interacts VALUES(962735755455, 1, 'Ryu', 3363, 1096119, 1);
INSERT INTO interacts VALUES(962735755455, 1, 'Jankos', 3105, 1096185, 1);
INSERT INTO interacts VALUES(962735755455, 1, 'Jankos', 2043, 1096479, 1);
INSERT INTO interacts VALUES(962735755455, 1, 'Jankos', 2043, 1096640, 1);
INSERT INTO interacts VALUES(962735755455, 1, 'Vander', 2301, 1140633, 1);
INSERT INTO interacts VALUES(962735755455, 1, 'Vander', 1028, 1142424, 1);
INSERT INTO interacts VALUES(962735755455, 1, 'Vander', 3364, 1143611, 1);
INSERT INTO interacts VALUES(962735755455, 1, 'FORG1VEN', 3085, 1145835, 1);
INSERT INTO interacts VALUES(962735755455, 1, 'FORG1VEN', 1037, 1147197, 1);
INSERT INTO interacts VALUES(962735755455, 1, 'Mouse', 3065, 1147511, 1);
INSERT INTO interacts VALUES(962735755455, 1, 'Vander', 2043, 1150126, 1);
INSERT INTO interacts VALUES(962735755455, 1, 'Scout', 2031, 1192226, 0);
INSERT INTO interacts VALUES(962735755455, 1, 'Scout', 1058, 1192904, 1);
INSERT INTO interacts VALUES(962735755455, 1, 'Meiko', 3364, 1200982, 1);
INSERT INTO interacts VALUES(962735755455, 1, 'Odoamne', 3157, 1202591, 1);
INSERT INTO interacts VALUES(962735755455, 1, 'Meiko', 3067, 1202801, 1);
INSERT INTO interacts VALUES(962735755455, 1, 'Meiko', 2043, 1203290, 1);
INSERT INTO interacts VALUES(962735755455, 1, 'Deft', 3158, 1209733, 1);
INSERT INTO interacts VALUES(962735755455, 1, 'Deft', 2003, 1212219, 0);
INSERT INTO interacts VALUES(962735755455, 1, 'Deft', 1033, 1222227, 1);
INSERT INTO interacts VALUES(962735755455, 1, 'Mouse', 1028, 1243360, 1);
INSERT INTO interacts VALUES(962735755455, 1, 'Clearlove', 3116, 1244628, 1);
INSERT INTO interacts VALUES(962735755455, 1, 'Clearlove', 2043, 1245901, 1);
INSERT INTO interacts VALUES(962735755455, 1, 'Jankos', 3067, 1259471, 1);
INSERT INTO interacts VALUES(962735755455, 1, 'Jankos', 2031, 1260591, 0);
INSERT INTO interacts VALUES(962735755455, 1, 'Jankos', 3190, 1261677, 1);
INSERT INTO interacts VALUES(962735755455, 1, 'Meiko', 3801, 1340412, 1);
INSERT INTO interacts VALUES(962735755455, 1, 'Meiko', 2031, 1341504, 0);
INSERT INTO interacts VALUES(962735755455, 1, 'Meiko', 2043, 1342282, 1);
INSERT INTO interacts VALUES(962735755455, 1, 'Meiko', 2043, 1342407, 1);
INSERT INTO interacts VALUES(962735755455, 1, 'Scout', 3363, 1343683, 1);
INSERT INTO interacts VALUES(962735755455, 1, 'Scout', 1011, 1344105, 1);
INSERT INTO interacts VALUES(962735755455, 1, 'Vander', 3114, 1363898, 1);
INSERT INTO interacts VALUES(962735755455, 1, 'Ryu', 3140, 1364150, 1);
INSERT INTO interacts VALUES(962735755455, 1, 'Vander', 2043, 1364756, 1);
INSERT INTO interacts VALUES(962735755455, 1, 'Ryu', 2031, 1365280, 0);
INSERT INTO interacts VALUES(962735755455, 1, 'Ryu', 2043, 1367761, 1);
INSERT INTO interacts VALUES(962735755455, 1, 'Ryu', 3364, 1368914, 1);
INSERT INTO interacts VALUES(962735755455, 1, 'Jankos', 1029, 1369271, 1);
INSERT INTO interacts VALUES(962735755455, 1, 'Jankos', 1029, 1369405, 1);
INSERT INTO interacts VALUES(962735755455, 1, 'Jankos', 2043, 1370450, 1);
INSERT INTO interacts VALUES(962735755455, 1, 'Mouse', 3751, 1373306, 1);
INSERT INTO interacts VALUES(962735755455, 1, 'Odoamne', 2031, 1393812, 0);
INSERT INTO interacts VALUES(962735755455, 1, 'Odoamne', 1026, 1395020, 1);
INSERT INTO interacts VALUES(962735755455, 1, 'Odoamne', 1052, 1395380, 1);
INSERT INTO interacts VALUES(962735755455, 1, 'FORG1VEN', 3031, 1415240, 1);
INSERT INTO interacts VALUES(962735755455, 1, 'FORG1VEN', 1033, 1416683, 1);
INSERT INTO interacts VALUES(962735755455, 1, 'Clearlove', 1026, 1462059, 1);
INSERT INTO interacts VALUES(962735755455, 1, 'Meiko', 2043, 1462223, 1);
INSERT INTO interacts VALUES(962735755455, 1, 'Clearlove', 2043, 1463263, 1);
INSERT INTO interacts VALUES(962735755455, 1, 'Vander', 2043, 1474299, 1);
INSERT INTO interacts VALUES(962735755455, 1, 'Vander', 2043, 1474418, 1);
INSERT INTO interacts VALUES(962735755455, 1, 'Deft', 3155, 1496466, 1);
INSERT INTO interacts VALUES(962735755455, 1, 'Deft', 1036, 1500419, 1);
INSERT INTO interacts VALUES(962735755455, 1, 'Jankos', 3082, 1507879, 1);
INSERT INTO interacts VALUES(962735755455, 1, 'Jankos', 2043, 1508313, 1);
INSERT INTO interacts VALUES(962735755455, 1, 'Jankos', 2043, 1510397, 1);
INSERT INTO interacts VALUES(962735755455, 1, 'Scout', 1056, 1511178, 0);
INSERT INTO interacts VALUES(962735755455, 1, 'Scout', 3116, 1511898, 1);
INSERT INTO interacts VALUES(962735755455, 1, 'Scout', 2043, 1513517, 1);
INSERT INTO interacts VALUES(962735755455, 1, 'Scout', 2003, 1515015, 1);
INSERT INTO interacts VALUES(962735755455, 1, 'Jankos', 1028, 1559596, 1);
INSERT INTO interacts VALUES(962735755455, 1, 'Ryu', 1058, 1560728, 1);
INSERT INTO interacts VALUES(962735755455, 1, 'FORG1VEN', 1083, 1562718, 0);
INSERT INTO interacts VALUES(962735755455, 1, 'Vander', 2010, 1562784, 0);
INSERT INTO interacts VALUES(962735755455, 1, 'Vander', 2010, 1562913, 0);
INSERT INTO interacts VALUES(962735755455, 1, 'FORG1VEN', 3086, 1563238, 1);
INSERT INTO interacts VALUES(962735755455, 1, 'Odoamne', 3135, 1563370, 1);
INSERT INTO interacts VALUES(962735755455, 1, 'Vander', 1033, 1569244, 1);
INSERT INTO interacts VALUES(962735755455, 1, 'Vander', 3028, 1571461, 1);
INSERT INTO interacts VALUES(962735755455, 1, 'Mouse', 1031, 1571882, 1);
INSERT INTO interacts VALUES(962735755455, 1, 'Scout', 1052, 1600322, 1);
INSERT INTO interacts VALUES(962735755455, 1, 'Clearlove', 1052, 1613012, 1);
INSERT INTO interacts VALUES(962735755455, 1, 'Clearlove', 2031, 1614141, 0);
INSERT INTO interacts VALUES(962735755455, 1, 'Clearlove', 2043, 1614839, 1);
INSERT INTO interacts VALUES(962735755455, 1, 'Odoamne', 1052, 1647894, 1);
INSERT INTO interacts VALUES(962735755455, 1, 'FORG1VEN', 3140, 1660885, 1);
INSERT INTO interacts VALUES(962735755455, 1, 'Meiko', 3190, 1662157, 1);
INSERT INTO interacts VALUES(962735755455, 1, 'Meiko', 2043, 1662831, 1);
INSERT INTO interacts VALUES(962735755455, 1, 'Vander', 2043, 1666164, 1);
INSERT INTO interacts VALUES(962735755455, 1, 'Vander', 2043, 1667148, 1);
INSERT INTO interacts VALUES(962735755455, 1, 'Deft', 3156, 1669715, 1);
INSERT INTO interacts VALUES(962735755455, 1, 'Jankos', 1011, 1674881, 1);
INSERT INTO interacts VALUES(962735755455, 1, 'Jankos', 2043, 1675269, 1);
INSERT INTO interacts VALUES(962735755455, 1, 'Jankos', 2043, 1675365, 1);
INSERT INTO interacts VALUES(962735755455, 1, 'Mouse', 3068, 1677382, 1);
INSERT INTO interacts VALUES(962735755455, 1, 'Ryu', 3003, 1677809, 1);
INSERT INTO interacts VALUES(962735755455, 1, 'Mouse', 2043, 1678100, 1);
INSERT INTO interacts VALUES(962735755455, 1, 'Scout', 2003, 1709536, 0);
INSERT INTO interacts VALUES(962735755455, 1, 'Scout', 1026, 1710352, 1);
INSERT INTO interacts VALUES(962735755455, 1, 'Clearlove', 3135, 1774553, 1);
INSERT INTO interacts VALUES(962735755455, 1, 'Meiko', 2043, 1774553, 1);
INSERT INTO interacts VALUES(962735755455, 1, 'Meiko', 2043, 1774689, 1);
INSERT INTO interacts VALUES(962735755455, 1, 'Vander', 3222, 1802709, 1);
INSERT INTO interacts VALUES(962735755455, 1, 'FORG1VEN', 3046, 1803300, 1);
INSERT INTO interacts VALUES(962735755455, 1, 'Vander', 2010, 1803525, 1);
INSERT INTO interacts VALUES(962735755455, 1, 'Vander', 2043, 1803820, 1);
INSERT INTO interacts VALUES(962735755455, 1, 'Vander', 2043, 1804005, 1);
INSERT INTO interacts VALUES(962735755455, 1, 'Mouse', 3024, 1810311, 1);
INSERT INTO interacts VALUES(962735755455, 1, 'Jankos', 3143, 1820264, 1);
INSERT INTO interacts VALUES(962735755455, 1, 'Odoamne', 1055, 1821017, 0);
INSERT INTO interacts VALUES(962735755455, 1, 'Jankos', 2043, 1821242, 1);
INSERT INTO interacts VALUES(962735755455, 1, 'Odoamne', 1058, 1821599, 1);
INSERT INTO interacts VALUES(962735755455, 1, 'Scout', 1056, 1904331, 0);
INSERT INTO interacts VALUES(962735755455, 1, 'Scout', 3135, 1905371, 1);
INSERT INTO interacts VALUES(962735755455, 1, 'Meiko', 2043, 1905607, 1);
INSERT INTO interacts VALUES(962735755455, 1, 'Meiko', 2043, 1905736, 1);
INSERT INTO interacts VALUES(962735755455, 1, 'Meiko', 1033, 1906868, 1);
INSERT INTO interacts VALUES(962735755455, 1, 'Deft', 1043, 1907027, 1);
INSERT INTO interacts VALUES(962735755455, 1, 'Scout', 2043, 1907686, 1);
INSERT INTO interacts VALUES(962735755455, 1, 'Vander', 3067, 1915395, 1);
INSERT INTO interacts VALUES(962735755455, 1, 'Jankos', 1033, 1940970, 1);
INSERT INTO interacts VALUES(962735755455, 1, 'Ryu', 1026, 1941247, 1);
INSERT INTO interacts VALUES(962735755455, 1, 'Jankos', 2043, 1941343, 1);
INSERT INTO interacts VALUES(962735755455, 1, 'Jankos', 2043, 1943575, 1);
INSERT INTO interacts VALUES(962735755455, 1, 'Jankos', 1057, 2048666, 1);
INSERT INTO interacts VALUES(962735755455, 1, 'Jankos', 2043, 2049253, 1);
INSERT INTO interacts VALUES(962735755455, 1, 'Vander', 2043, 2049253, 1);
INSERT INTO interacts VALUES(962735755455, 1, 'Meiko', 3028, 2089429, 1);
INSERT INTO interacts VALUES(962735755455, 1, 'Meiko', 2043, 2090449, 1);
INSERT INTO interacts VALUES(962735755455, 1, 'Meiko', 2043, 2090585, 1);
INSERT INTO interacts VALUES(962735755455, 1, 'Mouse', 3025, 2113702, 1);
INSERT INTO interacts VALUES(962735755455, 1, 'Ryu', 3135, 2123646, 1);
INSERT INTO interacts VALUES(962735755455, 1, 'FORG1VEN', 3139, 2123940, 1);
INSERT INTO interacts VALUES(962735755455, 1, 'Odoamne', 3116, 2128682, 1);
INSERT INTO interacts VALUES(962735755455, 1, 'Odoamne', 2043, 2132041, 1);
INSERT INTO interacts VALUES(962735755455, 1, 'Scout', 1058, 2133806, 1);
INSERT INTO interacts VALUES(962735755455, 1, 'Scout', 2043, 2134158, 1);
INSERT INTO interacts VALUES(962735755455, 1, 'Clearlove', 3136, 2137465, 1);
INSERT INTO interacts VALUES(962735755455, 1, 'Deft', 1055, 2140948, 0);
INSERT INTO interacts VALUES(962735755455, 1, 'Deft', 3035, 2142512, 1);
INSERT INTO interacts VALUES(962735755455, 1, 'Meiko', 2043, 2194018, 1);
INSERT INTO interacts VALUES(962735755455, 1, 'Clearlove', 2043, 2194066, 1);
INSERT INTO interacts VALUES(962735755455, 1, 'Clearlove', 2043, 2194327, 1);
INSERT INTO interacts VALUES(962735755455, 1, 'Meiko', 2043, 2194910, 1);
INSERT INTO interacts VALUES(962735755455, 1, 'Mouse', 1054, 2237132, 0);
INSERT INTO interacts VALUES(962735755455, 1, 'Mouse', 1057, 2238753, 1);
INSERT INTO interacts VALUES(962735755455, 1, 'FORG1VEN', 1055, 2242289, 0);
INSERT INTO interacts VALUES(962735755455, 1, 'Ryu', 2139, 2243496, 1);
INSERT INTO interacts VALUES(962735755455, 1, 'Vander', 3190, 2244225, 1);
INSERT INTO interacts VALUES(962735755455, 1, 'FORG1VEN', 3035, 2244887, 1);
INSERT INTO interacts VALUES(962735755455, 1, 'FORG1VEN', 2140, 2246428, 1);
INSERT INTO interacts VALUES(962735755455, 1, 'Vander', 3114, 2251290, 1);
INSERT INTO interacts VALUES(962735755455, 1, 'Vander', 3067, 2252399, 0);
INSERT INTO interacts VALUES(962735755455, 1, 'Jankos', 3026, 2254877, 1);
INSERT INTO interacts VALUES(962735755455, 1, 'Jankos', 2043, 2256397, 1);
INSERT INTO interacts VALUES(962735755455, 1, 'Vander', 3113, 2257838, 1);
INSERT INTO interacts VALUES(962735755455, 1, 'Jankos', 2043, 2258227, 1);
INSERT INTO interacts VALUES(962735755455, 1, 'Vander', 2043, 2260912, 1);
INSERT INTO interacts VALUES(962735755455, 1, 'Vander', 2043, 2261045, 1);
INSERT INTO interacts VALUES(962735755455, 1, 'Odoamne', 1058, 2287445, 1);
INSERT INTO interacts VALUES(962735755455, 1, 'Deft', 3036, 2290647, 1);
INSERT INTO interacts VALUES(962735755455, 1, 'Jankos', 2138, 2353714, 1);
INSERT INTO interacts VALUES(962735755455, 1, 'Jankos', 2043, 2356138, 1);
INSERT INTO interacts VALUES(962735755455, 1, 'Odoamne', 2139, 2381687, 1);
INSERT INTO interacts VALUES(962735755455, 1, 'FORG1VEN', 3036, 2424425, 1);
INSERT INTO interacts VALUES(962735755455, 1, 'Ryu', 3139, 2425973, 1);
INSERT INTO interacts VALUES(962735755455, 1, 'Vander', 3504, 2426036, 1);
INSERT INTO interacts VALUES(962735755455, 1, 'Vander', 2010, 2427082, 1);
INSERT INTO interacts VALUES(962735755455, 1, 'Vander', 2043, 2427339, 1);
INSERT INTO interacts VALUES(962735755455, 1, 'Vander', 2043, 2427482, 1);
INSERT INTO interacts VALUES(962735755455, 1, 'Meiko', 3303, 2444627, 0);
INSERT INTO interacts VALUES(962735755455, 1, 'Meiko', 3222, 2445519, 1);
INSERT INTO interacts VALUES(962735755455, 1, 'Meiko', 2043, 2446142, 1);
INSERT INTO interacts VALUES(962735755455, 1, 'Mouse', 2033, 2461720, 0);
INSERT INTO interacts VALUES(962735755455, 1, 'Mouse', 3026, 2462390, 1);
INSERT INTO interacts VALUES(962735755455, 1, 'Mouse', 2043, 2467545, 1);
INSERT INTO interacts VALUES(962735755455, 1, 'Jankos', 2043, 2543252, 1);
INSERT INTO interacts VALUES(962735755455, 1, 'Jankos', 2043, 2543389, 1);
INSERT INTO interacts VALUES(962735755455, 1, 'Jankos', 2138, 2543920, 1);
INSERT INTO interacts VALUES(962735755455, 1, 'Meiko', 2043, 2560717, 1);
INSERT INTO interacts VALUES(962735755455, 1, 'Meiko', 2043, 2560825, 1);
INSERT INTO interacts VALUES(962735755455, 1, 'Clearlove', 3151, 2564403, 1);
INSERT INTO interacts VALUES(962735755455, 1, 'Clearlove', 2043, 2565074, 1);
INSERT INTO interacts VALUES(962735755455, 1, 'Vander', 1052, 2570196, 1);
INSERT INTO interacts VALUES(962735755455, 1, 'Vander', 2043, 2571234, 1);
INSERT INTO interacts VALUES(962735755455, 1, 'Vander', 2043, 2571344, 1);
INSERT INTO interacts VALUES(962735755455, 1, 'Scout', 3089, 2586315, 1);
INSERT INTO interacts VALUES(962735755455, 1, 'Scout', 2043, 2586740, 1);
INSERT INTO interacts VALUES(962735755455, 1, 'Clearlove', 1052, 2650291, 1);
INSERT INTO interacts VALUES(962735755455, 1, 'Mouse', 3082, 2650808, 1);
INSERT INTO interacts VALUES(962735755455, 1, 'Vander', 1052, 2657660, 0);
INSERT INTO interacts VALUES(962735755455, 1, 'Vander', 1058, 2659362, 1);
INSERT INTO interacts VALUES(962735755455, 1, 'Scout', 2043, 2660526, 1);
INSERT INTO interacts VALUES(962735755455, 1, 'Meiko', 1033, 2660825, 1);
INSERT INTO interacts VALUES(962735755455, 1, 'Scout', 2139, 2660859, 1);
INSERT INTO interacts VALUES(962735755455, 1, 'Meiko', 2043, 2661856, 1);
INSERT INTO series VALUES(1097683318189, 1);
INSERT INTO organizes VALUES('world_championship_2016', 1097683318189, 'group_c - ITZ-vs-AHQ');
INSERT INTO competes VALUES(1097683318189, 'ITZ', 1);
INSERT INTO competes VALUES(1097683318189, 'AHQ', 0);
INSERT INTO matches VALUES(1097683318189, 1, '2016-10-07');
INSERT INTO scores VALUES('ITZ', 1097683318189, 1, 0, 3, 0, 0, 1, 0);
INSERT INTO scores VALUES('AHQ', 1097683318189, 1, 1, 10, 0, 1, 2, 1);
INSERT INTO bans VALUES(1097683318189, 1, 4, 1);
INSERT INTO bans VALUES(1097683318189, 1, 223, 3);
INSERT INTO bans VALUES(1097683318189, 1, 90, 5);
INSERT INTO bans VALUES(1097683318189, 1, 150, 2);
INSERT INTO bans VALUES(1097683318189, 1, 134, 4);
INSERT INTO bans VALUES(1097683318189, 1, 76, 6);
INSERT INTO plays VALUES(1097683318189, 1, 'Yang', 78, 'top', 0, 1, 1, 4874, 13, 4, 233, 2, 0, 9091);
INSERT INTO plays VALUES(1097683318189, 1, 'Revolta', 64, 'jungle', 2, 4, 1, 3919, 26, 11, 14, 85, 6, 8471);
INSERT INTO plays VALUES(1097683318189, 1, 'tockers', 69, 'mid', 1, 3, 1, 9239, 16, 4, 258, 8, 0, 10441);
INSERT INTO plays VALUES(1097683318189, 1, 'micaO', 51, 'adc', 0, 2, 2, 9570, 11, 7, 250, 6, 0, 9874);
INSERT INTO plays VALUES(1097683318189, 1, 'Jockster', 12, 'support', 0, 4, 1, 4074, 30, 6, 35, 0, 0, 6307);
INSERT INTO plays VALUES(1097683318189, 1, 'Ziv', 126, 'top', 3, 0, 3, 8651, 15, 5, 258, 5, 2, 12875);
INSERT INTO plays VALUES(1097683318189, 1, 'Mountain', 60, 'jungle', 2, 0, 7, 9433, 23, 6, 12, 79, 24, 11414);
INSERT INTO plays VALUES(1097683318189, 1, 'Westdoor', 127, 'mid', 3, 0, 4, 11506, 13, 4, 249, 11, 0, 12117);
INSERT INTO plays VALUES(1097683318189, 1, 'AN', 222, 'adc', 6, 1, 7, 21261, 14, 4, 244, 12, 3, 13242);
INSERT INTO plays VALUES(1097683318189, 1, 'Albis', 432, 'support', 0, 2, 11, 7236, 39, 13, 16, 0, 0, 8160);
INSERT INTO interacts VALUES(1097683318189, 1, 'Yang', 2033, 1908, 1);
INSERT INTO interacts VALUES(1097683318189, 1, 'Ziv', 1055, 1941, 1);
INSERT INTO interacts VALUES(1097683318189, 1, 'Revolta', 3340, 1973, 1);
INSERT INTO interacts VALUES(1097683318189, 1, 'Jockster', 3302, 2077, 1);
INSERT INTO interacts VALUES(1097683318189, 1, 'Yang', 3340, 2103, 1);
INSERT INTO interacts VALUES(1097683318189, 1, 'Ziv', 2003, 2135, 1);
INSERT INTO interacts VALUES(1097683318189, 1, 'Revolta', 2031, 2200, 1);
INSERT INTO interacts VALUES(1097683318189, 1, 'tockers', 2010, 2297, 1);
INSERT INTO interacts VALUES(1097683318189, 1, 'Ziv', 3340, 2394, 1);
INSERT INTO interacts VALUES(1097683318189, 1, 'tockers', 2010, 2427, 1);
INSERT INTO interacts VALUES(1097683318189, 1, 'Revolta', 1041, 2459, 1);
INSERT INTO interacts VALUES(1097683318189, 1, 'Jockster', 2010, 2459, 1);
INSERT INTO interacts VALUES(1097683318189, 1, 'Mountain', 1039, 2492, 1);
INSERT INTO interacts VALUES(1097683318189, 1, 'Jockster', 2010, 2595, 1);
INSERT INTO interacts VALUES(1097683318189, 1, 'Jockster', 2010, 2717, 1);
INSERT INTO interacts VALUES(1097683318189, 1, 'tockers', 1056, 2975, 1);
INSERT INTO interacts VALUES(1097683318189, 1, 'AN', 1055, 3007, 1);
INSERT INTO interacts VALUES(1097683318189, 1, 'Albis', 2010, 3039, 1);
INSERT INTO interacts VALUES(1097683318189, 1, 'Jockster', 3340, 3072, 1);
INSERT INTO interacts VALUES(1097683318189, 1, 'Westdoor', 1056, 3136, 1);
INSERT INTO interacts VALUES(1097683318189, 1, 'AN', 2010, 3201, 1);
INSERT INTO interacts VALUES(1097683318189, 1, 'tockers', 3340, 3266, 1);
INSERT INTO interacts VALUES(1097683318189, 1, 'Albis', 3303, 3396, 1);
INSERT INTO interacts VALUES(1097683318189, 1, 'AN', 3340, 3429, 1);
INSERT INTO interacts VALUES(1097683318189, 1, 'micaO', 1055, 3461, 1);
INSERT INTO interacts VALUES(1097683318189, 1, 'Westdoor', 2010, 3590, 1);
INSERT INTO interacts VALUES(1097683318189, 1, 'micaO', 2010, 3654, 1);
INSERT INTO interacts VALUES(1097683318189, 1, 'Westdoor', 2010, 3752, 1);
INSERT INTO interacts VALUES(1097683318189, 1, 'Albis', 2010, 3752, 1);
INSERT INTO interacts VALUES(1097683318189, 1, 'Mountain', 2031, 3752, 1);
INSERT INTO interacts VALUES(1097683318189, 1, 'Albis', 2010, 4012, 1);
INSERT INTO interacts VALUES(1097683318189, 1, 'micaO', 3340, 4108, 1);
INSERT INTO interacts VALUES(1097683318189, 1, 'Mountain', 3340, 4175, 1);
INSERT INTO interacts VALUES(1097683318189, 1, 'Albis', 3340, 4337, 1);
INSERT INTO interacts VALUES(1097683318189, 1, 'Westdoor', 3340, 4337, 1);
INSERT INTO interacts VALUES(1097683318189, 1, 'Westdoor', 3158, 307241, 1);
INSERT INTO interacts VALUES(1097683318189, 1, 'Westdoor', 2010, 307809, 1);
INSERT INTO interacts VALUES(1097683318189, 1, 'Westdoor', 1052, 334364, 1);
INSERT INTO interacts VALUES(1097683318189, 1, 'Westdoor', 2010, 337058, 1);
INSERT INTO interacts VALUES(1097683318189, 1, 'Jockster', 1028, 350375, 1);
INSERT INTO interacts VALUES(1097683318189, 1, 'Jockster', 2043, 351057, 1);
INSERT INTO interacts VALUES(1097683318189, 1, 'AN', 1038, 351316, 1);
INSERT INTO interacts VALUES(1097683318189, 1, 'Jockster', 2010, 351777, 1);
INSERT INTO interacts VALUES(1097683318189, 1, 'AN', 2010, 351777, 1);
INSERT INTO interacts VALUES(1097683318189, 1, 'Albis', 2049, 352361, 1);
INSERT INTO interacts VALUES(1097683318189, 1, 'Albis', 2043, 352976, 1);
INSERT INTO interacts VALUES(1097683318189, 1, 'Albis', 3341, 354111, 1);
INSERT INTO interacts VALUES(1097683318189, 1, 'Revolta', 3711, 357456, 1);
INSERT INTO interacts VALUES(1097683318189, 1, 'Revolta', 1036, 358564, 1);
INSERT INTO interacts VALUES(1097683318189, 1, 'Revolta', 2043, 359834, 1);
INSERT INTO interacts VALUES(1097683318189, 1, 'AN', 2010, 361251, 1);
INSERT INTO interacts VALUES(1097683318189, 1, 'Yang', 3751, 361902, 1);
INSERT INTO interacts VALUES(1097683318189, 1, 'Yang', 2043, 362324, 1);
INSERT INTO interacts VALUES(1097683318189, 1, 'tockers', 3070, 365209, 1);
INSERT INTO interacts VALUES(1097683318189, 1, 'tockers', 1057, 366481, 1);
INSERT INTO interacts VALUES(1097683318189, 1, 'Albis', 2010, 367855, 1);
INSERT INTO interacts VALUES(1097683318189, 1, 'tockers', 2043, 368233, 1);
INSERT INTO interacts VALUES(1097683318189, 1, 'micaO', 1038, 369535, 1);
INSERT INTO interacts VALUES(1097683318189, 1, 'Mountain', 3711, 391364, 1);
INSERT INTO interacts VALUES(1097683318189, 1, 'Mountain', 3113, 391818, 1);
INSERT INTO interacts VALUES(1097683318189, 1, 'Mountain', 1001, 394361, 1);
INSERT INTO interacts VALUES(1097683318189, 1, 'Mountain', 2032, 398670, 1);
INSERT INTO interacts VALUES(1097683318189, 1, 'Mountain', 2043, 399580, 1);
INSERT INTO interacts VALUES(1097683318189, 1, 'Ziv', 3133, 401458, 1);
INSERT INTO interacts VALUES(1097683318189, 1, 'Ziv', 1036, 402046, 1);
INSERT INTO interacts VALUES(1097683318189, 1, 'Ziv', 1028, 402697, 1);
INSERT INTO interacts VALUES(1097683318189, 1, 'Ziv', 2043, 405027, 1);
INSERT INTO interacts VALUES(1097683318189, 1, 'Ziv', 2003, 405416, 1);
INSERT INTO interacts VALUES(1097683318189, 1, 'Ziv', 2003, 405675, 1);
INSERT INTO interacts VALUES(1097683318189, 1, 'Revolta', 1408, 528920, 1);
INSERT INTO interacts VALUES(1097683318189, 1, 'Albis', 1001, 530608, 1);
INSERT INTO interacts VALUES(1097683318189, 1, 'AN', 3006, 549301, 1);
INSERT INTO interacts VALUES(1097683318189, 1, 'AN', 2043, 551021, 1);
INSERT INTO interacts VALUES(1097683318189, 1, 'Ziv', 3044, 554137, 1);
INSERT INTO interacts VALUES(1097683318189, 1, 'Mountain', 1410, 554559, 1);
INSERT INTO interacts VALUES(1097683318189, 1, 'Ziv', 1001, 554722, 1);
INSERT INTO interacts VALUES(1097683318189, 1, 'Yang', 1031, 556345, 1);
INSERT INTO interacts VALUES(1097683318189, 1, 'Yang', 1001, 556766, 1);
INSERT INTO interacts VALUES(1097683318189, 1, 'Yang', 2043, 558132, 1);
INSERT INTO interacts VALUES(1097683318189, 1, 'Jockster', 2049, 573316, 1);
INSERT INTO interacts VALUES(1097683318189, 1, 'Jockster', 1001, 573757, 1);
INSERT INTO interacts VALUES(1097683318189, 1, 'Jockster', 2043, 574569, 1);
INSERT INTO interacts VALUES(1097683318189, 1, 'Jockster', 2010, 574830, 1);
INSERT INTO interacts VALUES(1097683318189, 1, 'Jockster', 3341, 575873, 1);
INSERT INTO interacts VALUES(1097683318189, 1, 'micaO', 3006, 581522, 1);
INSERT INTO interacts VALUES(1097683318189, 1, 'micaO', 2043, 583056, 1);
INSERT INTO interacts VALUES(1097683318189, 1, 'micaO', 2010, 583713, 1);
INSERT INTO interacts VALUES(1097683318189, 1, 'Revolta', 1001, 621373, 1);
INSERT INTO interacts VALUES(1097683318189, 1, 'Revolta', 2043, 621676, 1);
INSERT INTO interacts VALUES(1097683318189, 1, 'Revolta', 2043, 622764, 1);
INSERT INTO interacts VALUES(1097683318189, 1, 'Jockster', 2043, 651634, 1);
INSERT INTO interacts VALUES(1097683318189, 1, 'Jockster', 2043, 651816, 1);
INSERT INTO interacts VALUES(1097683318189, 1, 'Jockster', 2010, 652600, 1);
INSERT INTO interacts VALUES(1097683318189, 1, 'Westdoor', 3152, 684077, 1);
INSERT INTO interacts VALUES(1097683318189, 1, 'Westdoor', 2043, 685373, 1);
INSERT INTO interacts VALUES(1097683318189, 1, 'Albis', 3117, 698285, 1);
INSERT INTO interacts VALUES(1097683318189, 1, 'Albis', 2043, 698997, 1);
INSERT INTO interacts VALUES(1097683318189, 1, 'Albis', 2043, 699256, 1);
INSERT INTO interacts VALUES(1097683318189, 1, 'tockers', 3001, 718503, 1);
INSERT INTO interacts VALUES(1097683318189, 1, 'tockers', 2043, 720208, 1);
INSERT INTO interacts VALUES(1097683318189, 1, 'micaO', 1037, 731277, 1);
INSERT INTO interacts VALUES(1097683318189, 1, 'micaO', 2010, 732815, 1);
INSERT INTO interacts VALUES(1097683318189, 1, 'Mountain', 3158, 753554, 1);
INSERT INTO interacts VALUES(1097683318189, 1, 'Mountain', 2043, 755341, 1);
INSERT INTO interacts VALUES(1097683318189, 1, 'Ziv', 3071, 755687, 1);
INSERT INTO interacts VALUES(1097683318189, 1, 'Ziv', 1036, 757098, 1);
INSERT INTO interacts VALUES(1097683318189, 1, 'Ziv', 1036, 757261, 1);
INSERT INTO interacts VALUES(1097683318189, 1, 'AN', 1043, 758954, 1);
INSERT INTO interacts VALUES(1097683318189, 1, 'AN', 2010, 760893, 1);
INSERT INTO interacts VALUES(1097683318189, 1, 'AN', 2043, 761556, 1);
INSERT INTO interacts VALUES(1097683318189, 1, 'Albis', 2010, 767922, 1);
INSERT INTO interacts VALUES(1097683318189, 1, 'Albis', 2010, 768185, 1);
INSERT INTO interacts VALUES(1097683318189, 1, 'Yang', 3068, 802702, 1);
INSERT INTO interacts VALUES(1097683318189, 1, 'Revolta', 1033, 839151, 1);
INSERT INTO interacts VALUES(1097683318189, 1, 'Revolta', 1028, 839748, 1);
INSERT INTO interacts VALUES(1097683318189, 1, 'Revolta', 2043, 840324, 1);
INSERT INTO interacts VALUES(1097683318189, 1, 'Revolta', 2043, 840447, 1);
INSERT INTO interacts VALUES(1097683318189, 1, 'Ziv', 3133, 857600, 1);
INSERT INTO interacts VALUES(1097683318189, 1, 'Yang', 1033, 881865, 1);
INSERT INTO interacts VALUES(1097683318189, 1, 'micaO', 1043, 915871, 1);
INSERT INTO interacts VALUES(1097683318189, 1, 'Jockster', 3117, 916548, 1);
INSERT INTO interacts VALUES(1097683318189, 1, 'Jockster', 2043, 916906, 1);
INSERT INTO interacts VALUES(1097683318189, 1, 'Jockster', 2010, 917948, 1);
INSERT INTO interacts VALUES(1097683318189, 1, 'Revolta', 3111, 932683, 1);
INSERT INTO interacts VALUES(1097683318189, 1, 'Revolta', 2043, 933395, 1);
INSERT INTO interacts VALUES(1097683318189, 1, 'Yang', 3111, 965444, 1);
INSERT INTO interacts VALUES(1097683318189, 1, 'Yang', 1029, 966455, 1);
INSERT INTO interacts VALUES(1097683318189, 1, 'Albis', 2045, 978819, 1);
INSERT INTO interacts VALUES(1097683318189, 1, 'Mountain', 3067, 983583, 1);
INSERT INTO interacts VALUES(1097683318189, 1, 'Mountain', 1033, 984543, 1);
INSERT INTO interacts VALUES(1097683318189, 1, 'Mountain', 3364, 985668, 1);
INSERT INTO interacts VALUES(1097683318189, 1, 'Mountain', 2043, 986284, 1);
INSERT INTO interacts VALUES(1097683318189, 1, 'Yang', 1027, 1053504, 1);
INSERT INTO interacts VALUES(1097683318189, 1, 'Ziv', 3134, 1084812, 1);
INSERT INTO interacts VALUES(1097683318189, 1, 'Ziv', 2043, 1086661, 1);
INSERT INTO interacts VALUES(1097683318189, 1, 'tockers', 1058, 1086697, 1);
INSERT INTO interacts VALUES(1097683318189, 1, 'tockers', 1011, 1087524, 1);
INSERT INTO interacts VALUES(1097683318189, 1, 'tockers', 2043, 1088453, 1);
INSERT INTO interacts VALUES(1097683318189, 1, 'Westdoor', 3191, 1105331, 1);
INSERT INTO interacts VALUES(1097683318189, 1, 'Westdoor', 3108, 1105814, 1);
INSERT INTO interacts VALUES(1097683318189, 1, 'Yang', 3024, 1107612, 1);
INSERT INTO interacts VALUES(1097683318189, 1, 'Yang', 2043, 1108376, 1);
INSERT INTO interacts VALUES(1097683318189, 1, 'AN', 3085, 1121121, 1);
INSERT INTO interacts VALUES(1097683318189, 1, 'AN', 3363, 1121589, 1);
INSERT INTO interacts VALUES(1097683318189, 1, 'Albis', 1028, 1122176, 1);
INSERT INTO interacts VALUES(1097683318189, 1, 'AN', 2043, 1122308, 1);
INSERT INTO interacts VALUES(1097683318189, 1, 'Albis', 2043, 1122502, 1);
INSERT INTO interacts VALUES(1097683318189, 1, 'AN', 2010, 1122830, 1);
INSERT INTO interacts VALUES(1097683318189, 1, 'Revolta', 3211, 1125754, 1);
INSERT INTO interacts VALUES(1097683318189, 1, 'Revolta', 2043, 1126999, 1);
INSERT INTO interacts VALUES(1097683318189, 1, 'Revolta', 2043, 1127114, 1);
INSERT INTO interacts VALUES(1097683318189, 1, 'micaO', 3085, 1158035, 1);
INSERT INTO interacts VALUES(1097683318189, 1, 'micaO', 3363, 1159477, 1);
INSERT INTO interacts VALUES(1097683318189, 1, 'Jockster', 2045, 1170331, 1);
INSERT INTO interacts VALUES(1097683318189, 1, 'Jockster', 2043, 1170857, 1);
INSERT INTO interacts VALUES(1097683318189, 1, 'Jockster', 2043, 1170991, 1);
INSERT INTO interacts VALUES(1097683318189, 1, 'Jockster', 1033, 1173171, 1);
INSERT INTO interacts VALUES(1097683318189, 1, 'Yang', 1027, 1222958, 1);
INSERT INTO interacts VALUES(1097683318189, 1, 'Mountain', 3190, 1228228, 1);
INSERT INTO interacts VALUES(1097683318189, 1, 'Mountain', 2043, 1229691, 1);
INSERT INTO interacts VALUES(1097683318189, 1, 'tockers', 3116, 1230896, 1);
INSERT INTO interacts VALUES(1097683318189, 1, 'tockers', 2043, 1232258, 1);
INSERT INTO interacts VALUES(1097683318189, 1, 'Albis', 3067, 1233593, 1);
INSERT INTO interacts VALUES(1097683318189, 1, 'Albis', 3364, 1234146, 1);
INSERT INTO interacts VALUES(1097683318189, 1, 'Albis', 2043, 1234700, 1);
INSERT INTO interacts VALUES(1097683318189, 1, 'Albis', 2043, 1234959, 1);
INSERT INTO interacts VALUES(1097683318189, 1, 'AN', 1018, 1256954, 1);
INSERT INTO interacts VALUES(1097683318189, 1, 'Westdoor', 3157, 1257900, 1);
INSERT INTO interacts VALUES(1097683318189, 1, 'AN', 1051, 1259569, 1);
INSERT INTO interacts VALUES(1097683318189, 1, 'Westdoor', 1026, 1261394, 1);
INSERT INTO interacts VALUES(1097683318189, 1, 'Ziv', 3142, 1274137, 1);
INSERT INTO interacts VALUES(1097683318189, 1, 'Ziv', 1033, 1275561, 1);
INSERT INTO interacts VALUES(1097683318189, 1, 'Revolta', 1011, 1371783, 1);
INSERT INTO interacts VALUES(1097683318189, 1, 'Revolta', 1029, 1372559, 1);
INSERT INTO interacts VALUES(1097683318189, 1, 'Revolta', 2031, 1373548, 0);
INSERT INTO interacts VALUES(1097683318189, 1, 'Revolta', 2043, 1374052, 1);
INSERT INTO interacts VALUES(1097683318189, 1, 'Revolta', 2043, 1374153, 1);
INSERT INTO interacts VALUES(1097683318189, 1, 'tockers', 1058, 1379366, 1);
INSERT INTO interacts VALUES(1097683318189, 1, 'Jockster', 3801, 1380286, 1);
INSERT INTO interacts VALUES(1097683318189, 1, 'tockers', 2043, 1380461, 1);
INSERT INTO interacts VALUES(1097683318189, 1, 'Jockster', 2043, 1380589, 1);
INSERT INTO interacts VALUES(1097683318189, 1, 'Jockster', 2043, 1380750, 1);
INSERT INTO interacts VALUES(1097683318189, 1, 'Jockster', 3364, 1381894, 1);
INSERT INTO interacts VALUES(1097683318189, 1, 'Albis', 3801, 1382510, 1);
INSERT INTO interacts VALUES(1097683318189, 1, 'Albis', 2043, 1383160, 1);
INSERT INTO interacts VALUES(1097683318189, 1, 'Albis', 2043, 1387715, 1);
INSERT INTO interacts VALUES(1097683318189, 1, 'Ziv', 3111, 1391087, 1);
INSERT INTO interacts VALUES(1097683318189, 1, 'Ziv', 1036, 1394440, 1);
INSERT INTO interacts VALUES(1097683318189, 1, 'Ziv', 2043, 1395061, 1);
INSERT INTO interacts VALUES(1097683318189, 1, 'Yang', 3364, 1405124, 1);
INSERT INTO interacts VALUES(1097683318189, 1, 'Yang', 3025, 1405956, 1);
INSERT INTO interacts VALUES(1097683318189, 1, 'micaO', 3031, 1409471, 1);
INSERT INTO interacts VALUES(1097683318189, 1, 'Yang', 2043, 1410389, 1);
INSERT INTO interacts VALUES(1097683318189, 1, 'micaO', 1042, 1411849, 1);
INSERT INTO interacts VALUES(1097683318189, 1, 'Mountain', 1011, 1418645, 1);
INSERT INTO interacts VALUES(1097683318189, 1, 'Mountain', 2043, 1420404, 1);
INSERT INTO interacts VALUES(1097683318189, 1, 'AN', 3031, 1423126, 1);
INSERT INTO interacts VALUES(1097683318189, 1, 'Jockster', 3105, 1472482, 1);
INSERT INTO interacts VALUES(1097683318189, 1, 'Jockster', 2043, 1474939, 1);
INSERT INTO interacts VALUES(1097683318189, 1, 'Jockster', 2043, 1475020, 1);
INSERT INTO interacts VALUES(1097683318189, 1, 'Revolta', 1031, 1479905, 1);
INSERT INTO interacts VALUES(1097683318189, 1, 'tockers', 2043, 1504061, 1);
INSERT INTO interacts VALUES(1097683318189, 1, 'Jockster', 3105, 1504321, 1);
INSERT INTO interacts VALUES(1097683318189, 1, 'Ziv', 3140, 1507148, 1);
INSERT INTO interacts VALUES(1097683318189, 1, 'Westdoor', 3135, 1536536, 1);
INSERT INTO interacts VALUES(1097683318189, 1, 'Westdoor', 2139, 1537521, 1);
INSERT INTO interacts VALUES(1097683318189, 1, 'Jockster', 2043, 1545036, 1);
INSERT INTO interacts VALUES(1097683318189, 1, 'Revolta', 2043, 1545167, 0);
INSERT INTO interacts VALUES(1097683318189, 1, 'Revolta', 2043, 1545346, 0);
INSERT INTO interacts VALUES(1097683318189, 1, 'Revolta', 1028, 1545877, 1);
INSERT INTO interacts VALUES(1097683318189, 1, 'micaO', 1033, 1565211, 1);
INSERT INTO interacts VALUES(1097683318189, 1, 'Albis', 3190, 1574024, 1);
INSERT INTO interacts VALUES(1097683318189, 1, 'AN', 3087, 1577027, 1);
INSERT INTO interacts VALUES(1097683318189, 1, 'AN', 1033, 1578527, 1);
INSERT INTO interacts VALUES(1097683318189, 1, 'Albis', 3303, 1580228, 0);
INSERT INTO interacts VALUES(1097683318189, 1, 'Albis', 3096, 1580819, 1);
INSERT INTO interacts VALUES(1097683318189, 1, 'Albis', 2043, 1581506, 1);
INSERT INTO interacts VALUES(1097683318189, 1, 'Ziv', 1053, 1594635, 1);
INSERT INTO interacts VALUES(1097683318189, 1, 'Ziv', 1055, 1596030, 0);
INSERT INTO interacts VALUES(1097683318189, 1, 'Ziv', 1037, 1597591, 1);
INSERT INTO interacts VALUES(1097683318189, 1, 'Mountain', 3742, 1607531, 1);
INSERT INTO interacts VALUES(1097683318189, 1, 'Mountain', 1033, 1610690, 1);
INSERT INTO interacts VALUES(1097683318189, 1, 'Yang', 1031, 1619801, 1);
INSERT INTO interacts VALUES(1097683318189, 1, 'Yang', 2043, 1621564, 0);
INSERT INTO interacts VALUES(1097683318189, 1, 'Yang', 1033, 1622871, 1);
INSERT INTO interacts VALUES(1097683318189, 1, 'micaO', 3140, 1626511, 1);
INSERT INTO interacts VALUES(1097683318189, 1, 'tockers', 3003, 1628607, 1);
INSERT INTO interacts VALUES(1097683318189, 1, 'Jockster', 1028, 1681826, 1);
INSERT INTO series VALUES(696431856214, 1);
INSERT INTO organizes VALUES('world_championship_2016', 696431856214, 'group_c - ITZ-vs-H2K');
INSERT INTO competes VALUES(696431856214, 'ITZ', 1);
INSERT INTO competes VALUES(696431856214, 'H2K', 0);
INSERT INTO matches VALUES(696431856214, 1, '2016-10-07');
INSERT INTO scores VALUES('ITZ', 696431856214, 1, 0, 3, 0, 0, 0, 0);
INSERT INTO scores VALUES('H2K', 696431856214, 1, 1, 9, 0, 1, 3, 1);
INSERT INTO bans VALUES(696431856214, 1, 51, 1);
INSERT INTO bans VALUES(696431856214, 1, 13, 3);
INSERT INTO bans VALUES(696431856214, 1, 43, 5);
INSERT INTO bans VALUES(696431856214, 1, 150, 2);
INSERT INTO bans VALUES(696431856214, 1, 76, 4);
INSERT INTO bans VALUES(696431856214, 1, 134, 6);
INSERT INTO plays VALUES(696431856214, 1, 'Yang', 126, 'top', 1, 3, 2, 9700, 12, 2, 235, 4, 1, 10491);
INSERT INTO plays VALUES(696431856214, 1, 'Revolta', 60, 'jungle', 2, 5, 1, 8570, 19, 12, 32, 67, 17, 9263);
INSERT INTO plays VALUES(696431856214, 1, 'tockers', 136, 'mid', 0, 2, 0, 9312, 14, 6, 215, 9, 0, 9265);
INSERT INTO plays VALUES(696431856214, 1, 'micaO', 81, 'adc', 0, 1, 1, 15768, 12, 4, 228, 5, 0, 9483);
INSERT INTO plays VALUES(696431856214, 1, 'Jockster', 432, 'support', 1, 5, 1, 4471, 40, 8, 11, 0, 0, 6599);
INSERT INTO plays VALUES(696431856214, 1, 'Odoamne', 68, 'top', 1, 2, 4, 12565, 13, 0, 229, 4, 1, 10879);
INSERT INTO plays VALUES(696431856214, 1, 'Jankos', 2, 'jungle', 5, 1, 8, 13146, 24, 16, 32, 65, 14, 10947);
INSERT INTO plays VALUES(696431856214, 1, 'Ryu', 69, 'mid', 4, 1, 5, 14768, 14, 3, 190, 15, 1, 11664);
INSERT INTO plays VALUES(696431856214, 1, 'FORG1VEN', 15, 'adc', 5, 0, 6, 15717, 13, 5, 319, 12, 5, 15002);
INSERT INTO plays VALUES(696431856214, 1, 'Vander', 12, 'support', 1, 0, 12, 4117, 46, 6, 24, 0, 0, 8215);
INSERT INTO interacts VALUES(696431856214, 1, 'FORG1VEN', 1055, 1480, 1);
INSERT INTO interacts VALUES(696431856214, 1, 'Odoamne', 3340, 1512, 1);
INSERT INTO interacts VALUES(696431856214, 1, 'Ryu', 1056, 1642, 1);
INSERT INTO interacts VALUES(696431856214, 1, 'FORG1VEN', 2010, 1804, 1);
INSERT INTO interacts VALUES(696431856214, 1, 'Revolta', 3340, 1869, 1);
INSERT INTO interacts VALUES(696431856214, 1, 'Odoamne', 1054, 1902, 1);
INSERT INTO interacts VALUES(696431856214, 1, 'Ryu', 2010, 1902, 1);
INSERT INTO interacts VALUES(696431856214, 1, 'Vander', 2010, 1966, 1);
INSERT INTO interacts VALUES(696431856214, 1, 'Ryu', 2010, 2030, 1);
INSERT INTO interacts VALUES(696431856214, 1, 'Vander', 2010, 2102, 1);
INSERT INTO interacts VALUES(696431856214, 1, 'FORG1VEN', 3340, 2102, 1);
INSERT INTO interacts VALUES(696431856214, 1, 'Revolta', 1039, 2162, 1);
INSERT INTO interacts VALUES(696431856214, 1, 'Vander', 2010, 2225, 1);
INSERT INTO interacts VALUES(696431856214, 1, 'Odoamne', 2003, 2225, 1);
INSERT INTO interacts VALUES(696431856214, 1, 'Ryu', 3340, 2259, 1);
INSERT INTO interacts VALUES(696431856214, 1, 'Vander', 3302, 2419, 1);
INSERT INTO interacts VALUES(696431856214, 1, 'Jankos', 3340, 2452, 1);
INSERT INTO interacts VALUES(696431856214, 1, 'Yang', 1055, 2712, 1);
INSERT INTO interacts VALUES(696431856214, 1, 'Jankos', 1039, 2744, 1);
INSERT INTO interacts VALUES(696431856214, 1, 'Jockster', 3303, 2744, 1);
INSERT INTO interacts VALUES(696431856214, 1, 'Vander', 3340, 2971, 1);
INSERT INTO interacts VALUES(696431856214, 1, 'Yang', 2003, 2971, 1);
INSERT INTO interacts VALUES(696431856214, 1, 'Revolta', 2031, 3036, 1);
INSERT INTO interacts VALUES(696431856214, 1, 'Jockster', 2010, 3069, 1);
INSERT INTO interacts VALUES(696431856214, 1, 'Yang', 3340, 3166, 1);
INSERT INTO interacts VALUES(696431856214, 1, 'Jockster', 2010, 3197, 1);
INSERT INTO interacts VALUES(696431856214, 1, 'Jockster', 2010, 3326, 1);
INSERT INTO interacts VALUES(696431856214, 1, 'Jockster', 3340, 3617, 1);
INSERT INTO interacts VALUES(696431856214, 1, 'micaO', 1055, 4039, 1);
INSERT INTO interacts VALUES(696431856214, 1, 'Jankos', 2031, 4073, 1);
INSERT INTO interacts VALUES(696431856214, 1, 'micaO', 3340, 4330, 1);
INSERT INTO interacts VALUES(696431856214, 1, 'micaO', 2010, 4697, 1);
INSERT INTO interacts VALUES(696431856214, 1, 'tockers', 2033, 5142, 1);
INSERT INTO interacts VALUES(696431856214, 1, 'tockers', 3340, 5825, 1);
INSERT INTO interacts VALUES(696431856214, 1, 'Jankos', 2032, 198692, 1);
INSERT INTO interacts VALUES(696431856214, 1, 'Jankos', 2043, 199081, 1);
INSERT INTO interacts VALUES(696431856214, 1, 'Jankos', 1001, 339874, 1);
INSERT INTO interacts VALUES(696431856214, 1, 'Jankos', 2043, 341171, 1);
INSERT INTO interacts VALUES(696431856214, 1, 'Ryu', 3070, 343024, 1);
INSERT INTO interacts VALUES(696431856214, 1, 'Ryu', 2043, 343873, 1);
INSERT INTO interacts VALUES(696431856214, 1, 'Ryu', 2031, 345653, 1);
INSERT INTO interacts VALUES(696431856214, 1, 'tockers', 3211, 360803, 1);
INSERT INTO interacts VALUES(696431856214, 1, 'tockers', 1001, 370226, 1);
INSERT INTO interacts VALUES(696431856214, 1, 'Revolta', 3158, 386735, 1);
INSERT INTO interacts VALUES(696431856214, 1, 'Revolta', 2043, 388066, 1);
INSERT INTO interacts VALUES(696431856214, 1, 'Odoamne', 3191, 389792, 1);
INSERT INTO interacts VALUES(696431856214, 1, 'Odoamne', 1001, 390372, 1);
INSERT INTO interacts VALUES(696431856214, 1, 'Yang', 3155, 400155, 1);
INSERT INTO interacts VALUES(696431856214, 1, 'Yang', 1001, 402524, 1);
INSERT INTO interacts VALUES(696431856214, 1, 'Yang', 2003, 402752, 1);
INSERT INTO interacts VALUES(696431856214, 1, 'FORG1VEN', 1038, 436799, 1);
INSERT INTO interacts VALUES(696431856214, 1, 'Vander', 2049, 437891, 1);
INSERT INTO interacts VALUES(696431856214, 1, 'FORG1VEN', 1001, 438009, 1);
INSERT INTO interacts VALUES(696431856214, 1, 'Vander', 1001, 438105, 1);
INSERT INTO interacts VALUES(696431856214, 1, 'Vander', 2010, 438693, 1);
INSERT INTO interacts VALUES(696431856214, 1, 'Vander', 2010, 438822, 1);
INSERT INTO interacts VALUES(696431856214, 1, 'Vander', 2043, 440285, 1);
INSERT INTO interacts VALUES(696431856214, 1, 'FORG1VEN', 2043, 441017, 1);
INSERT INTO interacts VALUES(696431856214, 1, 'Vander', 3341, 442208, 1);
INSERT INTO interacts VALUES(696431856214, 1, 'Jockster', 2049, 457834, 1);
INSERT INTO interacts VALUES(696431856214, 1, 'micaO', 3070, 458782, 1);
INSERT INTO interacts VALUES(696431856214, 1, 'Jockster', 2043, 458976, 1);
INSERT INTO interacts VALUES(696431856214, 1, 'Jockster', 2010, 459267, 1);
INSERT INTO interacts VALUES(696431856214, 1, 'Jockster', 3341, 460206, 1);
INSERT INTO interacts VALUES(696431856214, 1, 'micaO', 3057, 460776, 1);
INSERT INTO interacts VALUES(696431856214, 1, 'micaO', 2010, 462978, 1);
INSERT INTO interacts VALUES(696431856214, 1, 'micaO', 2010, 463131, 1);
INSERT INTO interacts VALUES(696431856214, 1, 'micaO', 2043, 463465, 1);
INSERT INTO interacts VALUES(696431856214, 1, 'Jankos', 3158, 551232, 1);
INSERT INTO interacts VALUES(696431856214, 1, 'Revolta', 3711, 551931, 1);
INSERT INTO interacts VALUES(696431856214, 1, 'Revolta', 1052, 552472, 1);
INSERT INTO interacts VALUES(696431856214, 1, 'Jankos', 1028, 553155, 1);
INSERT INTO interacts VALUES(696431856214, 1, 'Jankos', 2043, 553553, 1);
INSERT INTO interacts VALUES(696431856214, 1, 'tockers', 3009, 554102, 1);
INSERT INTO interacts VALUES(696431856214, 1, 'tockers', 2043, 559005, 1);
INSERT INTO interacts VALUES(696431856214, 1, 'Ryu', 1057, 570666, 1);
INSERT INTO interacts VALUES(696431856214, 1, 'Ryu', 1052, 570923, 1);
INSERT INTO interacts VALUES(696431856214, 1, 'Ryu', 2043, 572243, 1);
INSERT INTO interacts VALUES(696431856214, 1, 'Jockster', 1001, 627423, 1);
INSERT INTO interacts VALUES(696431856214, 1, 'Jockster', 2043, 627780, 1);
INSERT INTO interacts VALUES(696431856214, 1, 'Jockster', 2010, 628040, 1);
INSERT INTO interacts VALUES(696431856214, 1, 'Revolta', 2043, 631854, 1);
INSERT INTO interacts VALUES(696431856214, 1, 'Yang', 3134, 641260, 1);
INSERT INTO interacts VALUES(696431856214, 1, 'Yang', 2003, 643921, 1);
INSERT INTO interacts VALUES(696431856214, 1, 'Yang', 2003, 644017, 1);
INSERT INTO interacts VALUES(696431856214, 1, 'tockers', 1027, 684094, 1);
INSERT INTO interacts VALUES(696431856214, 1, 'Vander', 3117, 689497, 1);
INSERT INTO interacts VALUES(696431856214, 1, 'Vander', 2010, 690564, 1);
INSERT INTO interacts VALUES(696431856214, 1, 'Vander', 2043, 690858, 1);
INSERT INTO interacts VALUES(696431856214, 1, 'Jankos', 3010, 690955, 1);
INSERT INTO interacts VALUES(696431856214, 1, 'Ryu', 3108, 691350, 1);
INSERT INTO interacts VALUES(696431856214, 1, 'Odoamne', 3136, 691412, 1);
INSERT INTO interacts VALUES(696431856214, 1, 'Jankos', 1028, 692065, 1);
INSERT INTO interacts VALUES(696431856214, 1, 'Jankos', 3341, 693426, 1);
INSERT INTO interacts VALUES(696431856214, 1, 'micaO', 1037, 711739, 1);
INSERT INTO interacts VALUES(696431856214, 1, 'micaO', 1001, 713674, 1);
INSERT INTO interacts VALUES(696431856214, 1, 'micaO', 2010, 714033, 1);
INSERT INTO interacts VALUES(696431856214, 1, 'FORG1VEN', 3006, 729706, 1);
INSERT INTO interacts VALUES(696431856214, 1, 'FORG1VEN', 1036, 733283, 1);
INSERT INTO interacts VALUES(696431856214, 1, 'FORG1VEN', 1083, 735845, 1);
INSERT INTO interacts VALUES(696431856214, 1, 'Jockster', 3117, 776162, 1);
INSERT INTO interacts VALUES(696431856214, 1, 'Jockster', 2043, 776553, 1);
INSERT INTO interacts VALUES(696431856214, 1, 'Jockster', 2010, 776782, 1);
INSERT INTO interacts VALUES(696431856214, 1, 'Jankos', 3801, 790265, 1);
INSERT INTO interacts VALUES(696431856214, 1, 'Vander', 1028, 790333, 1);
INSERT INTO interacts VALUES(696431856214, 1, 'Vander', 2043, 791632, 1);
INSERT INTO interacts VALUES(696431856214, 1, 'FORG1VEN', 3133, 810842, 1);
INSERT INTO interacts VALUES(696431856214, 1, 'FORG1VEN', 2010, 811851, 0);
INSERT INTO interacts VALUES(696431856214, 1, 'FORG1VEN', 1042, 812891, 1);
INSERT INTO interacts VALUES(696431856214, 1, 'Revolta', 1410, 816015, 1);
INSERT INTO interacts VALUES(696431856214, 1, 'Ryu', 3001, 828173, 1);
INSERT INTO interacts VALUES(696431856214, 1, 'Ryu', 3363, 830789, 1);
INSERT INTO interacts VALUES(696431856214, 1, 'Ryu', 2043, 831175, 1);
INSERT INTO interacts VALUES(696431856214, 1, 'Yang', 3156, 832412, 1);
INSERT INTO interacts VALUES(696431856214, 1, 'Yang', 3156, 834365, 1);
INSERT INTO interacts VALUES(696431856214, 1, 'Yang', 1036, 834929, 1);
INSERT INTO interacts VALUES(696431856214, 1, 'Yang', 1036, 835045, 1);
INSERT INTO interacts VALUES(696431856214, 1, 'Revolta', 3341, 841571, 1);
INSERT INTO interacts VALUES(696431856214, 1, 'Revolta', 2043, 842199, 1);
INSERT INTO interacts VALUES(696431856214, 1, 'Odoamne', 3020, 847817, 1);
INSERT INTO interacts VALUES(696431856214, 1, 'Odoamne', 2043, 850644, 1);
INSERT INTO interacts VALUES(696431856214, 1, 'Odoamne', 2003, 851038, 1);
INSERT INTO interacts VALUES(696431856214, 1, 'Jankos', 3800, 877962, 1);
INSERT INTO interacts VALUES(696431856214, 1, 'Jankos', 2043, 879130, 1);
INSERT INTO interacts VALUES(696431856214, 1, 'Jankos', 3364, 879378, 1);
INSERT INTO interacts VALUES(696431856214, 1, 'tockers', 3010, 905739, 1);
INSERT INTO interacts VALUES(696431856214, 1, 'tockers', 3145, 906650, 1);
INSERT INTO interacts VALUES(696431856214, 1, 'Yang', 3134, 936006, 1);
INSERT INTO interacts VALUES(696431856214, 1, 'Yang', 3133, 942571, 1);
INSERT INTO interacts VALUES(696431856214, 1, 'Yang', 3133, 947477, 1);
INSERT INTO interacts VALUES(696431856214, 1, 'Jankos', 3711, 950242, 1);
INSERT INTO interacts VALUES(696431856214, 1, 'FORG1VEN', 3508, 956911, 1);
INSERT INTO interacts VALUES(696431856214, 1, 'FORG1VEN', 1042, 957890, 1);
INSERT INTO interacts VALUES(696431856214, 1, 'Yang', 1036, 958993, 1);
INSERT INTO interacts VALUES(696431856214, 1, 'FORG1VEN', 3363, 959074, 1);
INSERT INTO interacts VALUES(696431856214, 1, 'micaO', 3025, 1008928, 1);
INSERT INTO interacts VALUES(696431856214, 1, 'micaO', 3363, 1009681, 1);
INSERT INTO interacts VALUES(696431856214, 1, 'micaO', 2010, 1014919, 1);
INSERT INTO interacts VALUES(696431856214, 1, 'Jockster', 2045, 1015234, 1);
INSERT INTO interacts VALUES(696431856214, 1, 'Jockster', 2043, 1015573, 1);
INSERT INTO interacts VALUES(696431856214, 1, 'Jockster', 2043, 1015666, 1);
INSERT INTO interacts VALUES(696431856214, 1, 'Vander', 2045, 1023979, 1);
INSERT INTO interacts VALUES(696431856214, 1, 'Vander', 1028, 1027186, 1);
INSERT INTO interacts VALUES(696431856214, 1, 'Vander', 2010, 1027969, 1);
INSERT INTO interacts VALUES(696431856214, 1, 'Vander', 2043, 1028228, 1);
INSERT INTO interacts VALUES(696431856214, 1, 'Revolta', 3145, 1059109, 1);
INSERT INTO interacts VALUES(696431856214, 1, 'Revolta', 3364, 1060486, 1);
INSERT INTO interacts VALUES(696431856214, 1, 'Revolta', 3067, 1069263, 1);
INSERT INTO interacts VALUES(696431856214, 1, 'Ryu', 1058, 1108629, 1);
INSERT INTO interacts VALUES(696431856214, 1, 'Ryu', 1011, 1110016, 1);
INSERT INTO interacts VALUES(696431856214, 1, 'FORG1VEN', 3086, 1111607, 1);
INSERT INTO interacts VALUES(696431856214, 1, 'tockers', 3030, 1116481, 1);
INSERT INTO interacts VALUES(696431856214, 1, 'tockers', 2043, 1117812, 1);
INSERT INTO interacts VALUES(696431856214, 1, 'Odoamne', 3151, 1133237, 1);
INSERT INTO interacts VALUES(696431856214, 1, 'Jockster', 1033, 1146493, 1);
INSERT INTO interacts VALUES(696431856214, 1, 'Yang', 3134, 1146762, 1);
INSERT INTO interacts VALUES(696431856214, 1, 'Jockster', 2043, 1147281, 1);
INSERT INTO interacts VALUES(696431856214, 1, 'micaO', 3004, 1149650, 1);
INSERT INTO interacts VALUES(696431856214, 1, 'micaO', 2043, 1151279, 1);
INSERT INTO interacts VALUES(696431856214, 1, 'Yang', 3111, 1155815, 1);
INSERT INTO interacts VALUES(696431856214, 1, 'Vander', 3067, 1171962, 1);
INSERT INTO interacts VALUES(696431856214, 1, 'Vander', 2043, 1173002, 1);
INSERT INTO interacts VALUES(696431856214, 1, 'Vander', 2043, 1173154, 1);
INSERT INTO interacts VALUES(696431856214, 1, 'Jankos', 3751, 1190846, 1);
INSERT INTO interacts VALUES(696431856214, 1, 'Jankos', 2043, 1191301, 1);
INSERT INTO interacts VALUES(696431856214, 1, 'Jankos', 2043, 1191422, 1);
INSERT INTO interacts VALUES(696431856214, 1, 'tockers', 1028, 1237757, 1);
INSERT INTO interacts VALUES(696431856214, 1, 'tockers', 1052, 1257128, 1);
INSERT INTO interacts VALUES(696431856214, 1, 'Odoamne', 3108, 1261422, 1);
INSERT INTO interacts VALUES(696431856214, 1, 'micaO', 3158, 1270585, 1);
INSERT INTO interacts VALUES(696431856214, 1, 'Jockster', 3801, 1296152, 1);
INSERT INTO interacts VALUES(696431856214, 1, 'Jockster', 2043, 1296672, 1);
INSERT INTO interacts VALUES(696431856214, 1, 'Jockster', 3364, 1297695, 1);
INSERT INTO interacts VALUES(696431856214, 1, 'Odoamne', 2043, 1307801, 1);
INSERT INTO interacts VALUES(696431856214, 1, 'Ryu', 3116, 1307999, 1);
INSERT INTO interacts VALUES(696431856214, 1, 'Jankos', 1409, 1308586, 1);
INSERT INTO interacts VALUES(696431856214, 1, 'Ryu', 2043, 1309691, 1);
INSERT INTO interacts VALUES(696431856214, 1, 'Ryu', 2043, 1309851, 1);
INSERT INTO interacts VALUES(696431856214, 1, 'Jankos', 1029, 1310373, 1);
INSERT INTO interacts VALUES(696431856214, 1, 'Jankos', 2043, 1311287, 1);
INSERT INTO interacts VALUES(696431856214, 1, 'FORG1VEN', 3046, 1314570, 1);
INSERT INTO interacts VALUES(696431856214, 1, 'Vander', 1033, 1315206, 1);
INSERT INTO interacts VALUES(696431856214, 1, 'FORG1VEN', 1038, 1316083, 1);
INSERT INTO interacts VALUES(696431856214, 1, 'Vander', 2043, 1318817, 1);
INSERT INTO interacts VALUES(696431856214, 1, 'Vander', 3364, 1319731, 1);
INSERT INTO interacts VALUES(696431856214, 1, 'Revolta', 3152, 1325945, 1);
INSERT INTO interacts VALUES(696431856214, 1, 'Revolta', 1033, 1328954, 1);
INSERT INTO interacts VALUES(696431856214, 1, 'Revolta', 2043, 1329480, 1);
INSERT INTO interacts VALUES(696431856214, 1, 'Revolta', 2043, 1329615, 1);
INSERT INTO interacts VALUES(696431856214, 1, 'Jockster', 3105, 1387629, 1);
INSERT INTO interacts VALUES(696431856214, 1, 'Yang', 3142, 1416364, 1);
INSERT INTO interacts VALUES(696431856214, 1, 'Jankos', 3082, 1419989, 1);
INSERT INTO interacts VALUES(696431856214, 1, 'Odoamne', 3157, 1420674, 1);
INSERT INTO interacts VALUES(696431856214, 1, 'FORG1VEN', 1083, 1421584, 0);
INSERT INTO interacts VALUES(696431856214, 1, 'FORG1VEN', 1037, 1422305, 1);
INSERT INTO interacts VALUES(696431856214, 1, 'Odoamne', 2043, 1423049, 1);
INSERT INTO interacts VALUES(696431856214, 1, 'Vander', 2043, 1423511, 1);
INSERT INTO interacts VALUES(696431856214, 1, 'Vander', 2043, 1423672, 1);
INSERT INTO interacts VALUES(696431856214, 1, 'micaO', 1036, 1450691, 1);
INSERT INTO interacts VALUES(696431856214, 1, 'micaO', 1033, 1453362, 1);
INSERT INTO interacts VALUES(696431856214, 1, 'Jockster', 1028, 1505644, 1);
INSERT INTO interacts VALUES(696431856214, 1, 'Revolta', 3105, 1529835, 1);
INSERT INTO interacts VALUES(696431856214, 1, 'Odoamne', 1026, 1551153, 1);
INSERT INTO interacts VALUES(696431856214, 1, 'Revolta', 2031, 1552097, 0);
INSERT INTO interacts VALUES(696431856214, 1, 'Revolta', 2043, 1552715, 1);
INSERT INTO interacts VALUES(696431856214, 1, 'FORG1VEN', 3031, 1552976, 1);
INSERT INTO interacts VALUES(696431856214, 1, 'Jankos', 1057, 1574552, 1);
INSERT INTO interacts VALUES(696431856214, 1, 'Jankos', 2032, 1575587, 0);
INSERT INTO interacts VALUES(696431856214, 1, 'Jankos', 2043, 1576890, 1);
INSERT INTO interacts VALUES(696431856214, 1, 'Jankos', 2043, 1577054, 1);
INSERT INTO interacts VALUES(696431856214, 1, 'Vander', 3190, 1578270, 1);
INSERT INTO interacts VALUES(696431856214, 1, 'Vander', 1029, 1581113, 1);
INSERT INTO interacts VALUES(696431856214, 1, 'Vander', 2043, 1582226, 1);
INSERT INTO interacts VALUES(696431856214, 1, 'Vander', 2043, 1582388, 1);
INSERT INTO interacts VALUES(696431856214, 1, 'Ryu', 2031, 1586492, 0);
INSERT INTO interacts VALUES(696431856214, 1, 'Jockster', 2043, 1586719, 1);
INSERT INTO interacts VALUES(696431856214, 1, 'Jockster', 2043, 1586818, 1);
INSERT INTO interacts VALUES(696431856214, 1, 'Ryu', 3003, 1587588, 1);
INSERT INTO interacts VALUES(696431856214, 1, 'micaO', 3155, 1590729, 1);
INSERT INTO interacts VALUES(696431856214, 1, 'tockers', 1011, 1598829, 1);
INSERT INTO interacts VALUES(696431856214, 1, 'Yang', 3044, 1616731, 1);
INSERT INTO interacts VALUES(696431856214, 1, 'Yang', 2043, 1619555, 1);
INSERT INTO interacts VALUES(696431856214, 1, 'Revolta', 1028, 1646001, 1);
INSERT INTO interacts VALUES(696431856214, 1, 'FORG1VEN', 3155, 1673823, 1);
INSERT INTO interacts VALUES(696431856214, 1, 'Jankos', 2043, 1673889, 0);
INSERT INTO interacts VALUES(696431856214, 1, 'Ryu', 1026, 1675290, 1);
INSERT INTO interacts VALUES(696431856214, 1, 'Jankos', 1011, 1675438, 1);
INSERT INTO interacts VALUES(696431856214, 1, 'Vander', 3024, 1676169, 1);
INSERT INTO interacts VALUES(696431856214, 1, 'Ryu', 2043, 1676818, 1);
INSERT INTO interacts VALUES(696431856214, 1, 'Ryu', 2043, 1676947, 1);
INSERT INTO interacts VALUES(696431856214, 1, 'tockers', 3116, 1678709, 1);
INSERT INTO interacts VALUES(696431856214, 1, 'Jockster', 3190, 1721424, 1);
INSERT INTO interacts VALUES(696431856214, 1, 'micaO', 3035, 1746709, 1);
INSERT INTO interacts VALUES(696431856214, 1, 'Jockster', 2043, 1747163, 1);
INSERT INTO interacts VALUES(696431856214, 1, 'Revolta', 3190, 1751364, 1);
INSERT INTO interacts VALUES(696431856214, 1, 'Revolta', 2043, 1751995, 1);
INSERT INTO series VALUES(275021336828, 1);
INSERT INTO organizes VALUES('world_championship_2016', 275021336828, 'group_c - AHQ-vs-EDG');
INSERT INTO competes VALUES(275021336828, 'AHQ', 1);
INSERT INTO competes VALUES(275021336828, 'EDG', 0);
INSERT INTO matches VALUES(275021336828, 1, '2016-10-07');
INSERT INTO scores VALUES('AHQ', 275021336828, 1, 0, 6, 0, 1, 2, 0);
INSERT INTO scores VALUES('EDG', 275021336828, 1, 3, 11, 0, 1, 3, 1);
INSERT INTO bans VALUES(275021336828, 1, 134, 1);
INSERT INTO bans VALUES(275021336828, 1, 13, 3);
INSERT INTO bans VALUES(275021336828, 1, 43, 5);
INSERT INTO bans VALUES(275021336828, 1, 85, 2);
INSERT INTO bans VALUES(275021336828, 1, 126, 4);
INSERT INTO bans VALUES(275021336828, 1, 76, 6);
INSERT INTO plays VALUES(275021336828, 1, 'Ziv', 150, 'top', 1, 2, 1, 25929, 30, 10, 366, 4, 2, 16800);
INSERT INTO plays VALUES(275021336828, 1, 'Mountain', 60, 'jungle', 5, 6, 1, 26098, 37, 19, 66, 138, 20, 17306);
INSERT INTO plays VALUES(275021336828, 1, 'Westdoor', 4, 'mid', 0, 6, 5, 27053, 26, 7, 353, 16, 5, 17850);
INSERT INTO plays VALUES(275021336828, 1, 'AN', 222, 'adc', 1, 2, 3, 24576, 24, 17, 446, 27, 5, 19213);
INSERT INTO plays VALUES(275021336828, 1, 'Albis', 223, 'support', 0, 4, 3, 7026, 75, 19, 42, 0, 0, 11235);
INSERT INTO plays VALUES(275021336828, 1, 'Mouse', 78, 'top', 1, 1, 11, 15721, 29, 8, 321, 10, 3, 16720);
INSERT INTO plays VALUES(275021336828, 1, 'Clearlove', 2, 'jungle', 6, 1, 11, 14384, 34, 16, 34, 111, 8, 16351);
INSERT INTO plays VALUES(275021336828, 1, 'PawN', 8, 'mid', 7, 0, 9, 31690, 18, 11, 380, 19, 4, 19860);
INSERT INTO plays VALUES(275021336828, 1, 'Deft', 15, 'adc', 3, 3, 11, 37561, 23, 19, 436, 27, 12, 20922);
INSERT INTO plays VALUES(275021336828, 1, 'Meiko', 267, 'support', 3, 2, 15, 6588, 58, 18, 21, 1, 0, 13683);
INSERT INTO interacts VALUES(275021336828, 1, 'Ziv', 1055, 1443, 1);
INSERT INTO interacts VALUES(275021336828, 1, 'PawN', 1054, 1443, 1);
INSERT INTO interacts VALUES(275021336828, 1, 'Ziv', 2003, 1605, 1);
INSERT INTO interacts VALUES(275021336828, 1, 'PawN', 2003, 1637, 1);
INSERT INTO interacts VALUES(275021336828, 1, 'Ziv', 3340, 1801, 1);
INSERT INTO interacts VALUES(275021336828, 1, 'PawN', 3340, 2028, 1);
INSERT INTO interacts VALUES(275021336828, 1, 'Mouse', 2033, 2028, 1);
INSERT INTO interacts VALUES(275021336828, 1, 'AN', 1055, 2124, 1);
INSERT INTO interacts VALUES(275021336828, 1, 'Mouse', 3340, 2253, 1);
INSERT INTO interacts VALUES(275021336828, 1, 'Mountain', 1039, 2318, 1);
INSERT INTO interacts VALUES(275021336828, 1, 'AN', 2010, 2358, 1);
INSERT INTO interacts VALUES(275021336828, 1, 'AN', 3340, 2577, 1);
INSERT INTO interacts VALUES(275021336828, 1, 'Deft', 1055, 2874, 1);
INSERT INTO interacts VALUES(275021336828, 1, 'Meiko', 3303, 2900, 1);
INSERT INTO interacts VALUES(275021336828, 1, 'Deft', 2003, 3133, 1);
INSERT INTO interacts VALUES(275021336828, 1, 'Albis', 2010, 3191, 1);
INSERT INTO interacts VALUES(275021336828, 1, 'Meiko', 2010, 3224, 1);
INSERT INTO interacts VALUES(275021336828, 1, 'Meiko', 2010, 3319, 1);
INSERT INTO interacts VALUES(275021336828, 1, 'Meiko', 2010, 3449, 1);
INSERT INTO interacts VALUES(275021336828, 1, 'Mountain', 1006, 3449, 1);
INSERT INTO interacts VALUES(275021336828, 1, 'Deft', 3340, 3513, 1);
INSERT INTO interacts VALUES(275021336828, 1, 'Albis', 3302, 3610, 1);
INSERT INTO interacts VALUES(275021336828, 1, 'Clearlove', 1039, 3804, 1);
INSERT INTO interacts VALUES(275021336828, 1, 'Meiko', 3340, 3804, 1);
INSERT INTO interacts VALUES(275021336828, 1, 'Albis', 2010, 4000, 1);
INSERT INTO interacts VALUES(275021336828, 1, 'Clearlove', 2031, 4168, 1);
INSERT INTO interacts VALUES(275021336828, 1, 'Albis', 2010, 4291, 1);
INSERT INTO interacts VALUES(275021336828, 1, 'Clearlove', 3340, 4615, 1);
INSERT INTO interacts VALUES(275021336828, 1, 'Mountain', 2031, 4944, 1);
INSERT INTO interacts VALUES(275021336828, 1, 'Mountain', 3340, 5391, 1);
INSERT INTO interacts VALUES(275021336828, 1, 'Westdoor', 1001, 6203, 1);
INSERT INTO interacts VALUES(275021336828, 1, 'Westdoor', 2010, 6784, 1);
INSERT INTO interacts VALUES(275021336828, 1, 'Westdoor', 2010, 6977, 1);
INSERT INTO interacts VALUES(275021336828, 1, 'Westdoor', 2010, 7107, 1);
INSERT INTO interacts VALUES(275021336828, 1, 'Westdoor', 2010, 7280, 1);
INSERT INTO interacts VALUES(275021336828, 1, 'Westdoor', 3340, 7798, 1);
INSERT INTO interacts VALUES(275021336828, 1, 'Clearlove', 3711, 272446, 1);
INSERT INTO interacts VALUES(275021336828, 1, 'Clearlove', 2032, 273549, 1);
INSERT INTO interacts VALUES(275021336828, 1, 'Clearlove', 2043, 274004, 1);
INSERT INTO interacts VALUES(275021336828, 1, 'PawN', 1001, 285165, 1);
INSERT INTO interacts VALUES(275021336828, 1, 'PawN', 1028, 286510, 1);
INSERT INTO interacts VALUES(275021336828, 1, 'PawN', 2043, 287637, 1);
INSERT INTO interacts VALUES(275021336828, 1, 'PawN', 2003, 289227, 1);
INSERT INTO interacts VALUES(275021336828, 1, 'Mountain', 3711, 319661, 1);
INSERT INTO interacts VALUES(275021336828, 1, 'Mountain', 1001, 321220, 1);
INSERT INTO interacts VALUES(275021336828, 1, 'Mountain', 2032, 322371, 1);
INSERT INTO interacts VALUES(275021336828, 1, 'Westdoor', 3057, 332818, 1);
INSERT INTO interacts VALUES(275021336828, 1, 'Westdoor', 2043, 333566, 1);
INSERT INTO interacts VALUES(275021336828, 1, 'Westdoor', 2010, 334151, 1);
INSERT INTO interacts VALUES(275021336828, 1, 'Meiko', 1028, 382647, 1);
INSERT INTO interacts VALUES(275021336828, 1, 'Meiko', 2043, 383969, 1);
INSERT INTO interacts VALUES(275021336828, 1, 'Meiko', 2043, 384101, 1);
INSERT INTO interacts VALUES(275021336828, 1, 'AN', 1038, 400948, 1);
INSERT INTO interacts VALUES(275021336828, 1, 'AN', 1001, 401434, 1);
INSERT INTO interacts VALUES(275021336828, 1, 'AN', 2043, 403025, 1);
INSERT INTO interacts VALUES(275021336828, 1, 'AN', 2010, 403380, 1);
INSERT INTO interacts VALUES(275021336828, 1, 'Deft', 1038, 413120, 1);
INSERT INTO interacts VALUES(275021336828, 1, 'Albis', 2049, 413577, 1);
INSERT INTO interacts VALUES(275021336828, 1, 'Albis', 2043, 414744, 1);
INSERT INTO interacts VALUES(275021336828, 1, 'Albis', 2043, 415035, 1);
INSERT INTO interacts VALUES(275021336828, 1, 'Deft', 2043, 415132, 1);
INSERT INTO interacts VALUES(275021336828, 1, 'Albis', 3341, 415457, 1);
INSERT INTO interacts VALUES(275021336828, 1, 'Deft', 2003, 415913, 1);
INSERT INTO interacts VALUES(275021336828, 1, 'Ziv', 3052, 429863, 1);
INSERT INTO interacts VALUES(275021336828, 1, 'Ziv', 1028, 430937, 1);
INSERT INTO interacts VALUES(275021336828, 1, 'Ziv', 2043, 432335, 1);
INSERT INTO interacts VALUES(275021336828, 1, 'Ziv', 2003, 432688, 1);
INSERT INTO interacts VALUES(275021336828, 1, 'Clearlove', 1001, 432853, 1);
INSERT INTO interacts VALUES(275021336828, 1, 'Clearlove', 1028, 433435, 1);
INSERT INTO interacts VALUES(275021336828, 1, 'Mouse', 3751, 442849, 1);
INSERT INTO interacts VALUES(275021336828, 1, 'Mouse', 1029, 444770, 1);
INSERT INTO interacts VALUES(275021336828, 1, 'Mouse', 2043, 445190, 1);
INSERT INTO interacts VALUES(275021336828, 1, 'PawN', 3111, 454487, 1);
INSERT INTO interacts VALUES(275021336828, 1, 'PawN', 2043, 456497, 1);
INSERT INTO interacts VALUES(275021336828, 1, 'Westdoor', 3158, 480528, 1);
INSERT INTO interacts VALUES(275021336828, 1, 'Westdoor', 2010, 482122, 0);
INSERT INTO interacts VALUES(275021336828, 1, 'Westdoor', 1056, 484307, 1);
INSERT INTO interacts VALUES(275021336828, 1, 'Meiko', 2049, 513324, 1);
INSERT INTO interacts VALUES(275021336828, 1, 'Meiko', 3341, 514037, 1);
INSERT INTO interacts VALUES(275021336828, 1, 'Meiko', 2010, 514300, 1);
INSERT INTO interacts VALUES(275021336828, 1, 'Mountain', 3113, 542072, 1);
INSERT INTO interacts VALUES(275021336828, 1, 'Mountain', 3158, 544048, 1);
INSERT INTO interacts VALUES(275021336828, 1, 'Ziv', 1011, 609061, 1);
INSERT INTO interacts VALUES(275021336828, 1, 'Ziv', 1001, 610198, 1);
INSERT INTO interacts VALUES(275021336828, 1, 'Ziv', 2043, 611966, 1);
INSERT INTO interacts VALUES(275021336828, 1, 'Deft', 3133, 613117, 1);
INSERT INTO interacts VALUES(275021336828, 1, 'Deft', 3006, 615944, 1);
INSERT INTO interacts VALUES(275021336828, 1, 'Clearlove', 3751, 617162, 1);
INSERT INTO interacts VALUES(275021336828, 1, 'Albis', 1001, 617960, 1);
INSERT INTO interacts VALUES(275021336828, 1, 'Albis', 1028, 618460, 1);
INSERT INTO interacts VALUES(275021336828, 1, 'Deft', 2043, 618737, 1);
INSERT INTO interacts VALUES(275021336828, 1, 'Clearlove', 1028, 619291, 1);
INSERT INTO interacts VALUES(275021336828, 1, 'Mouse', 1031, 640826, 1);
INSERT INTO interacts VALUES(275021336828, 1, 'Mouse', 1001, 642415, 1);
INSERT INTO interacts VALUES(275021336828, 1, 'Mouse', 2043, 642899, 1);
INSERT INTO interacts VALUES(275021336828, 1, 'Mountain', 1410, 671461, 1);
INSERT INTO interacts VALUES(275021336828, 1, 'Westdoor', 1026, 725681, 1);
INSERT INTO interacts VALUES(275021336828, 1, 'Westdoor', 1052, 726331, 1);
INSERT INTO interacts VALUES(275021336828, 1, 'AN', 3006, 744693, 1);
INSERT INTO interacts VALUES(275021336828, 1, 'AN', 1043, 746344, 1);
INSERT INTO interacts VALUES(275021336828, 1, 'Albis', 2045, 747386, 1);
INSERT INTO interacts VALUES(275021336828, 1, 'Clearlove', 1409, 770140, 1);
INSERT INTO interacts VALUES(275021336828, 1, 'Deft', 3133, 777042, 1);
INSERT INTO interacts VALUES(275021336828, 1, 'Deft', 2043, 778474, 1);
INSERT INTO interacts VALUES(275021336828, 1, 'Deft', 2003, 779057, 1);
INSERT INTO interacts VALUES(275021336828, 1, 'Clearlove', 2043, 779366, 1);
INSERT INTO interacts VALUES(275021336828, 1, 'Meiko', 3117, 782359, 1);
INSERT INTO interacts VALUES(275021336828, 1, 'Meiko', 2043, 783027, 1);
INSERT INTO interacts VALUES(275021336828, 1, 'Meiko', 2031, 783420, 1);
INSERT INTO interacts VALUES(275021336828, 1, 'Ziv', 3022, 822330, 1);
INSERT INTO interacts VALUES(275021336828, 1, 'Ziv', 1028, 822684, 1);
INSERT INTO interacts VALUES(275021336828, 1, 'PawN', 3152, 824178, 1);
INSERT INTO interacts VALUES(275021336828, 1, 'Ziv', 2043, 824665, 1);
INSERT INTO interacts VALUES(275021336828, 1, 'PawN', 3363, 826643, 1);
INSERT INTO interacts VALUES(275021336828, 1, 'Mouse', 3068, 826817, 1);
INSERT INTO interacts VALUES(275021336828, 1, 'PawN', 2031, 827520, 1);
INSERT INTO interacts VALUES(275021336828, 1, 'Mountain', 1011, 832104, 1);
INSERT INTO interacts VALUES(275021336828, 1, 'Mountain', 3364, 833698, 1);
INSERT INTO interacts VALUES(275021336828, 1, 'Mountain', 2043, 834447, 1);
INSERT INTO interacts VALUES(275021336828, 1, 'Albis', 1028, 874525, 1);
INSERT INTO interacts VALUES(275021336828, 1, 'Albis', 2043, 874950, 1);
INSERT INTO interacts VALUES(275021336828, 1, 'Albis', 2043, 875208, 1);
INSERT INTO interacts VALUES(275021336828, 1, 'Albis', 2010, 875566, 1);
INSERT INTO interacts VALUES(275021336828, 1, 'Westdoor', 3100, 931232, 1);
INSERT INTO interacts VALUES(275021336828, 1, 'Mountain', 1033, 932369, 1);
INSERT INTO interacts VALUES(275021336828, 1, 'Mountain', 2043, 947012, 1);
INSERT INTO interacts VALUES(275021336828, 1, 'PawN', 3108, 948054, 1);
INSERT INTO interacts VALUES(275021336828, 1, 'PawN', 1011, 952001, 1);
INSERT INTO interacts VALUES(275021336828, 1, 'Westdoor', 3108, 952213, 1);
INSERT INTO interacts VALUES(275021336828, 1, 'Westdoor', 2043, 956992, 1);
INSERT INTO interacts VALUES(275021336828, 1, 'Westdoor', 2010, 957475, 1);
INSERT INTO interacts VALUES(275021336828, 1, 'Mouse', 3111, 974911, 1);
INSERT INTO interacts VALUES(275021336828, 1, 'Meiko', 2043, 975528, 1);
INSERT INTO interacts VALUES(275021336828, 1, 'Meiko', 3098, 975756, 1);
INSERT INTO interacts VALUES(275021336828, 1, 'Mouse', 2043, 976763, 1);
INSERT INTO interacts VALUES(275021336828, 1, 'Clearlove', 3158, 987500, 1);
INSERT INTO interacts VALUES(275021336828, 1, 'Clearlove', 3364, 988220, 1);
INSERT INTO interacts VALUES(275021336828, 1, 'Clearlove', 1011, 989727, 1);
INSERT INTO interacts VALUES(275021336828, 1, 'Clearlove', 2043, 990949, 1);
INSERT INTO interacts VALUES(275021336828, 1, 'Ziv', 3044, 1003025, 1);
INSERT INTO interacts VALUES(275021336828, 1, 'Ziv', 3009, 1008117, 1);
INSERT INTO interacts VALUES(275021336828, 1, 'AN', 3085, 1027639, 1);
INSERT INTO interacts VALUES(275021336828, 1, 'AN', 3363, 1028712, 1);
INSERT INTO interacts VALUES(275021336828, 1, 'AN', 2043, 1029050, 1);
INSERT INTO interacts VALUES(275021336828, 1, 'AN', 2010, 1029457, 1);
INSERT INTO interacts VALUES(275021336828, 1, 'Deft', 3508, 1034041, 1);
INSERT INTO interacts VALUES(275021336828, 1, 'Deft', 1042, 1034851, 1);
INSERT INTO interacts VALUES(275021336828, 1, 'Deft', 1006, 1035112, 1);
INSERT INTO interacts VALUES(275021336828, 1, 'Deft', 3363, 1035434, 1);
INSERT INTO interacts VALUES(275021336828, 1, 'Deft', 3363, 1037885, 1);
INSERT INTO interacts VALUES(275021336828, 1, 'Deft', 2043, 1038168, 1);
INSERT INTO interacts VALUES(275021336828, 1, 'Albis', 3047, 1055852, 1);
INSERT INTO interacts VALUES(275021336828, 1, 'Mouse', 1027, 1077207, 1);
INSERT INTO interacts VALUES(275021336828, 1, 'Mouse', 1029, 1077563, 1);
INSERT INTO interacts VALUES(275021336828, 1, 'Meiko', 2301, 1136803, 1);
INSERT INTO interacts VALUES(275021336828, 1, 'Meiko', 2043, 1137126, 1);
INSERT INTO interacts VALUES(275021336828, 1, 'Westdoor', 3191, 1147608, 1);
INSERT INTO interacts VALUES(275021336828, 1, 'AN', 1018, 1151830, 1);
INSERT INTO interacts VALUES(275021336828, 1, 'AN', 2043, 1153494, 1);
INSERT INTO interacts VALUES(275021336828, 1, 'Albis', 3067, 1157274, 1);
INSERT INTO interacts VALUES(275021336828, 1, 'Albis', 2043, 1158591, 1);
INSERT INTO interacts VALUES(275021336828, 1, 'Albis', 2010, 1158983, 1);
INSERT INTO interacts VALUES(275021336828, 1, 'Deft', 1051, 1163138, 1);
INSERT INTO interacts VALUES(275021336828, 1, 'PawN', 1058, 1171588, 1);
INSERT INTO interacts VALUES(275021336828, 1, 'Mouse', 3024, 1191219, 1);
INSERT INTO interacts VALUES(275021336828, 1, 'Mouse', 2043, 1192709, 1);
INSERT INTO interacts VALUES(275021336828, 1, 'Westdoor', 3157, 1202541, 1);
INSERT INTO interacts VALUES(275021336828, 1, 'Clearlove', 3082, 1232337, 1);
INSERT INTO interacts VALUES(275021336828, 1, 'Mountain', 3116, 1232405, 1);
INSERT INTO interacts VALUES(275021336828, 1, 'Clearlove', 2043, 1233442, 1);
INSERT INTO interacts VALUES(275021336828, 1, 'Ziv', 3071, 1241028, 1);
INSERT INTO interacts VALUES(275021336828, 1, 'Ziv', 2043, 1241584, 1);
INSERT INTO interacts VALUES(275021336828, 1, 'AN', 1055, 1264357, 0);
INSERT INTO interacts VALUES(275021336828, 1, 'AN', 3031, 1265265, 1);
INSERT INTO interacts VALUES(275021336828, 1, 'AN', 2043, 1266011, 1);
INSERT INTO interacts VALUES(275021336828, 1, 'PawN', 2031, 1297918, 0);
INSERT INTO interacts VALUES(275021336828, 1, 'PawN', 3116, 1299673, 1);
INSERT INTO interacts VALUES(275021336828, 1, 'Ziv', 1028, 1323241, 1);
INSERT INTO interacts VALUES(275021336828, 1, 'Mouse', 1027, 1325803, 1);
INSERT INTO interacts VALUES(275021336828, 1, 'Deft', 1038, 1361918, 1);
INSERT INTO interacts VALUES(275021336828, 1, 'Clearlove', 3143, 1371622, 1);
INSERT INTO interacts VALUES(275021336828, 1, 'Albis', 3097, 1373898, 1);
INSERT INTO interacts VALUES(275021336828, 1, 'Clearlove', 2032, 1374584, 0);
INSERT INTO interacts VALUES(275021336828, 1, 'Albis', 2043, 1375070, 1);
INSERT INTO interacts VALUES(275021336828, 1, 'Meiko', 3028, 1375171, 1);
INSERT INTO interacts VALUES(275021336828, 1, 'Albis', 2043, 1375330, 1);
INSERT INTO interacts VALUES(275021336828, 1, 'Clearlove', 1033, 1375413, 1);
INSERT INTO interacts VALUES(275021336828, 1, 'Albis', 3364, 1375825, 1);
INSERT INTO interacts VALUES(275021336828, 1, 'Clearlove', 2043, 1375886, 1);
INSERT INTO interacts VALUES(275021336828, 1, 'Meiko', 2043, 1376736, 1);
INSERT INTO interacts VALUES(275021336828, 1, 'Meiko', 3364, 1376975, 1);
INSERT INTO interacts VALUES(275021336828, 1, 'Ziv', 2043, 1398201, 1);
INSERT INTO interacts VALUES(275021336828, 1, 'Westdoor', 1026, 1400932, 1);
INSERT INTO interacts VALUES(275021336828, 1, 'AN', 3086, 1406736, 1);
INSERT INTO interacts VALUES(275021336828, 1, 'AN', 2043, 1407744, 1);
INSERT INTO interacts VALUES(275021336828, 1, 'AN', 2010, 1408416, 1);
INSERT INTO interacts VALUES(275021336828, 1, 'Mountain', 3108, 1425026, 1);
INSERT INTO interacts VALUES(275021336828, 1, 'Mountain', 1057, 1425924, 1);
INSERT INTO interacts VALUES(275021336828, 1, 'Mouse', 3057, 1476704, 1);
INSERT INTO interacts VALUES(275021336828, 1, 'Mouse', 1028, 1478002, 1);
INSERT INTO interacts VALUES(275021336828, 1, 'Albis', 3401, 1512064, 1);
INSERT INTO interacts VALUES(275021336828, 1, 'Albis', 2043, 1513267, 1);
INSERT INTO interacts VALUES(275021336828, 1, 'AN', 2043, 1524176, 1);
INSERT INTO interacts VALUES(275021336828, 1, 'AN', 2010, 1524703, 1);
INSERT INTO interacts VALUES(275021336828, 1, 'Meiko', 2043, 1531317, 1);
INSERT INTO interacts VALUES(275021336828, 1, 'PawN', 1026, 1534523, 1);
INSERT INTO interacts VALUES(275021336828, 1, 'PawN', 1052, 1536177, 1);
INSERT INTO interacts VALUES(275021336828, 1, 'Clearlove', 3211, 1540431, 1);
INSERT INTO interacts VALUES(275021336828, 1, 'Mouse', 3025, 1555171, 1);
INSERT INTO interacts VALUES(275021336828, 1, 'Mouse', 2043, 1555823, 1);
INSERT INTO interacts VALUES(275021336828, 1, 'Mountain', 2032, 1557775, 0);
INSERT INTO interacts VALUES(275021336828, 1, 'Mountain', 3001, 1559388, 1);
INSERT INTO interacts VALUES(275021336828, 1, 'Mountain', 2043, 1560276, 1);
INSERT INTO interacts VALUES(275021336828, 1, 'Ziv', 3211, 1564752, 1);
INSERT INTO interacts VALUES(275021336828, 1, 'Ziv', 1029, 1568650, 1);
INSERT INTO interacts VALUES(275021336828, 1, 'Albis', 1033, 1658351, 1);
INSERT INTO interacts VALUES(275021336828, 1, 'Albis', 2043, 1658811, 1);
INSERT INTO interacts VALUES(275021336828, 1, 'Deft', 3031, 1665823, 1);
INSERT INTO interacts VALUES(275021336828, 1, 'Meiko', 3114, 1672824, 1);
INSERT INTO interacts VALUES(275021336828, 1, 'Mouse', 3211, 1679409, 1);
INSERT INTO interacts VALUES(275021336828, 1, 'AN', 3087, 1681169, 1);
INSERT INTO interacts VALUES(275021336828, 1, 'PawN', 3135, 1684024, 1);
INSERT INTO interacts VALUES(275021336828, 1, 'PawN', 2043, 1685648, 1);
INSERT INTO interacts VALUES(275021336828, 1, 'Mountain', 1028, 1703887, 1);
INSERT INTO interacts VALUES(275021336828, 1, 'Westdoor', 1058, 1704925, 1);
INSERT INTO interacts VALUES(275021336828, 1, 'Mountain', 2043, 1705865, 1);
INSERT INTO interacts VALUES(275021336828, 1, 'Ziv', 3082, 1713063, 1);
INSERT INTO interacts VALUES(275021336828, 1, 'Ziv', 1055, 1713811, 0);
INSERT INTO interacts VALUES(275021336828, 1, 'Ziv', 1028, 1714851, 1);
INSERT INTO interacts VALUES(275021336828, 1, 'Deft', 3086, 1788223, 1);
INSERT INTO interacts VALUES(275021336828, 1, 'Deft', 2043, 1789461, 1);
INSERT INTO interacts VALUES(275021336828, 1, 'AN', 3035, 1842444, 1);
INSERT INTO interacts VALUES(275021336828, 1, 'Ziv', 3143, 1843773, 1);
INSERT INTO interacts VALUES(275021336828, 1, 'Ziv', 2043, 1845493, 1);
INSERT INTO interacts VALUES(275021336828, 1, 'Albis', 3105, 1845750, 1);
INSERT INTO interacts VALUES(275021336828, 1, 'Albis', 2043, 1846360, 1);
INSERT INTO interacts VALUES(275021336828, 1, 'Westdoor', 3089, 1846591, 1);
INSERT INTO interacts VALUES(275021336828, 1, 'Albis', 2043, 1848149, 1);
INSERT INTO interacts VALUES(275021336828, 1, 'Mouse', 3067, 1854088, 1);
INSERT INTO interacts VALUES(275021336828, 1, 'Mountain', 3136, 1854410, 1);
INSERT INTO interacts VALUES(275021336828, 1, 'Meiko', 3222, 1862505, 1);
INSERT INTO interacts VALUES(275021336828, 1, 'Meiko', 1033, 1864874, 1);
INSERT INTO interacts VALUES(275021336828, 1, 'Meiko', 3801, 1865133, 1);
INSERT INTO interacts VALUES(275021336828, 1, 'Mountain', 2139, 1865165, 1);
INSERT INTO interacts VALUES(275021336828, 1, 'Meiko', 2031, 1866853, 0);
INSERT INTO interacts VALUES(275021336828, 1, 'Meiko', 2043, 1867554, 1);
INSERT INTO interacts VALUES(275021336828, 1, 'Clearlove', 3065, 1868159, 1);
INSERT INTO interacts VALUES(275021336828, 1, 'Clearlove', 2043, 1868972, 1);
INSERT INTO interacts VALUES(275021336828, 1, 'PawN', 1058, 1870283, 1);
INSERT INTO interacts VALUES(275021336828, 1, 'AN', 2010, 1880502, 0);
INSERT INTO interacts VALUES(275021336828, 1, 'AN', 1033, 1881123, 1);
INSERT INTO interacts VALUES(275021336828, 1, 'Deft', 3094, 1951749, 1);
INSERT INTO interacts VALUES(275021336828, 1, 'Mouse', 3065, 1957769, 1);
INSERT INTO interacts VALUES(275021336828, 1, 'Mouse', 2043, 1959296, 1);
INSERT INTO interacts VALUES(275021336828, 1, 'Westdoor', 1026, 1984889, 1);
INSERT INTO interacts VALUES(275021336828, 1, 'Mountain', 1026, 2055318, 1);
INSERT INTO interacts VALUES(275021336828, 1, 'Albis', 3190, 2093268, 1);
INSERT INTO interacts VALUES(275021336828, 1, 'PawN', 1054, 2098349, 0);
INSERT INTO interacts VALUES(275021336828, 1, 'AN', 3033, 2099789, 1);
INSERT INTO interacts VALUES(275021336828, 1, 'Ziv', 3067, 2100386, 1);
INSERT INTO interacts VALUES(275021336828, 1, 'PawN', 1026, 2100673, 1);
INSERT INTO interacts VALUES(275021336828, 1, 'Meiko', 3105, 2100673, 1);
INSERT INTO interacts VALUES(275021336828, 1, 'Meiko', 3067, 2107742, 1);
INSERT INTO interacts VALUES(275021336828, 1, 'Mouse', 2043, 2114243, 0);
INSERT INTO interacts VALUES(275021336828, 1, 'Mouse', 1031, 2115621, 1);
INSERT INTO interacts VALUES(275021336828, 1, 'Deft', 3035, 2115688, 1);
INSERT INTO interacts VALUES(275021336828, 1, 'Clearlove', 1031, 2123418, 1);
INSERT INTO interacts VALUES(275021336828, 1, 'Clearlove', 1033, 2124174, 1);
INSERT INTO interacts VALUES(275021336828, 1, 'Albis', 2043, 2150738, 1);
INSERT INTO interacts VALUES(275021336828, 1, 'Albis', 2043, 2150997, 1);
INSERT INTO interacts VALUES(275021336828, 1, 'PawN', 3089, 2151732, 1);
INSERT INTO interacts VALUES(275021336828, 1, 'Mountain', 3151, 2152305, 1);
INSERT INTO interacts VALUES(275021336828, 1, 'Westdoor', 3135, 2162975, 1);
INSERT INTO interacts VALUES(275021336828, 1, 'AN', 1057, 2185549, 1);
INSERT INTO interacts VALUES(275021336828, 1, 'AN', 2140, 2192015, 1);
INSERT INTO interacts VALUES(275021336828, 1, 'PawN', 1052, 2222015, 1);
INSERT INTO interacts VALUES(275021336828, 1, 'Meiko', 3190, 2226914, 1);
INSERT INTO interacts VALUES(275021336828, 1, 'Meiko', 2043, 2227841, 1);
INSERT INTO interacts VALUES(275021336828, 1, 'Meiko', 2043, 2227955, 1);
INSERT INTO interacts VALUES(275021336828, 1, 'Ziv', 3065, 2292865, 1);
INSERT INTO interacts VALUES(275021336828, 1, 'Ziv', 1031, 2294095, 1);
INSERT INTO interacts VALUES(275021336828, 1, 'Mountain', 3108, 2295010, 1);
INSERT INTO interacts VALUES(275021336828, 1, 'Westdoor', 1056, 2324181, 0);
INSERT INTO interacts VALUES(275021336828, 1, 'Mouse', 3026, 2328982, 1);
INSERT INTO interacts VALUES(275021336828, 1, 'Deft', 3036, 2329205, 1);
INSERT INTO interacts VALUES(275021336828, 1, 'PawN', 3191, 2329273, 1);
INSERT INTO interacts VALUES(275021336828, 1, 'Clearlove', 3026, 2330516, 1);
INSERT INTO interacts VALUES(275021336828, 1, 'Clearlove', 1029, 2331496, 1);
INSERT INTO interacts VALUES(275021336828, 1, 'Deft', 1055, 2332381, 0);
INSERT INTO interacts VALUES(275021336828, 1, 'Westdoor', 1057, 2332906, 1);
INSERT INTO interacts VALUES(275021336828, 1, 'Deft', 3155, 2333898, 1);
INSERT INTO interacts VALUES(275021336828, 1, 'Albis', 1029, 2336073, 1);
INSERT INTO interacts VALUES(275021336828, 1, 'Meiko', 1033, 2336202, 1);
INSERT INTO interacts VALUES(275021336828, 1, 'Albis', 2043, 2336527, 1);
INSERT INTO interacts VALUES(275021336828, 1, 'Albis', 2043, 2336790, 1);
INSERT INTO interacts VALUES(275021336828, 1, 'Meiko', 1057, 2338224, 1);
INSERT INTO interacts VALUES(275021336828, 1, 'Meiko', 2043, 2339382, 1);
INSERT INTO interacts VALUES(275021336828, 1, 'Westdoor', 2139, 2347580, 1);
INSERT INTO interacts VALUES(275021336828, 1, 'AN', 3026, 2436118, 1);
INSERT INTO interacts VALUES(275021336828, 1, 'Ziv', 3009, 2445714, 0);
INSERT INTO interacts VALUES(275021336828, 1, 'Ziv', 3047, 2447188, 1);
INSERT INTO interacts VALUES(275021336828, 1, 'Albis', 3024, 2521721, 1);
INSERT INTO interacts VALUES(275021336828, 1, 'PawN', 3157, 2545546, 1);
INSERT INTO interacts VALUES(275021336828, 1, 'AN', 2140, 2545969, 1);
INSERT INTO interacts VALUES(275021336828, 1, 'Mouse', 2033, 2546556, 0);
INSERT INTO interacts VALUES(275021336828, 1, 'Clearlove', 1031, 2546621, 1);
INSERT INTO interacts VALUES(275021336828, 1, 'Meiko', 3026, 2547015, 1);
INSERT INTO interacts VALUES(275021336828, 1, 'Mouse', 3082, 2547341, 1);
INSERT INTO interacts VALUES(275021336828, 1, 'Deft', 3156, 2547374, 1);
INSERT INTO interacts VALUES(275021336828, 1, 'Clearlove', 2138, 2547720, 1);
INSERT INTO interacts VALUES(275021336828, 1, 'PawN', 3152, 2548191, 0);
INSERT INTO interacts VALUES(275021336828, 1, 'Mouse', 2138, 2549433, 1);
INSERT INTO interacts VALUES(275021336828, 1, 'Meiko', 2043, 2561628, 1);
INSERT INTO interacts VALUES(275021336828, 1, 'PawN', 3065, 2564191, 1);
INSERT INTO interacts VALUES(275021336828, 1, 'Ziv', 2138, 2615477, 1);
INSERT INTO interacts VALUES(275021336828, 1, 'Westdoor', 3026, 2672278, 1);
INSERT INTO interacts VALUES(275021336828, 1, 'Mountain', 3157, 2710430, 1);
INSERT INTO interacts VALUES(275021336828, 1, 'Albis', 3082, 2720279, 1);
INSERT INTO interacts VALUES(275021336828, 1, 'AN', 3026, 2796614, 0);
INSERT INTO series VALUES(226494134083, 1);
INSERT INTO organizes VALUES('world_championship_2016', 226494134083, 'group_c - H2K-vs-EDG-tb');
INSERT INTO competes VALUES(226494134083, 'H2K', 1);
INSERT INTO competes VALUES(226494134083, 'EDG', 0);
INSERT INTO matches VALUES(226494134083, 1, '2016-10-07');
INSERT INTO scores VALUES('H2K', 226494134083, 1, 2, 10, 0, 1, 5, 1);
INSERT INTO scores VALUES('EDG', 226494134083, 1, 0, 3, 0, 1, 0, 0);
INSERT INTO bans VALUES(226494134083, 1, 223, 1);
INSERT INTO bans VALUES(226494134083, 1, 12, 3);
INSERT INTO bans VALUES(226494134083, 1, 13, 5);
INSERT INTO bans VALUES(226494134083, 1, 150, 2);
INSERT INTO bans VALUES(226494134083, 1, 76, 4);
INSERT INTO bans VALUES(226494134083, 1, 85, 6);
INSERT INTO plays VALUES(226494134083, 1, 'Odoamne', 68, 'top', 6, 3, 4, 31032, 23, 5, 364, 18, 6, 19995);
INSERT INTO plays VALUES(226494134083, 1, 'Jankos', 2, 'jungle', 3, 2, 6, 11080, 40, 31, 55, 89, 30, 15762);
INSERT INTO plays VALUES(226494134083, 1, 'Ryu', 134, 'mid', 2, 4, 1, 17033, 21, 5, 319, 28, 12, 16777);
INSERT INTO plays VALUES(226494134083, 1, 'FORG1VEN', 51, 'adc', 4, 0, 4, 33425, 19, 21, 430, 23, 5, 20511);
INSERT INTO plays VALUES(226494134083, 1, 'Vander', 43, 'support', 1, 2, 10, 5250, 62, 23, 24, 0, 0, 12517);
INSERT INTO plays VALUES(226494134083, 1, 'Mouse', 245, 'top', 1, 2, 8, 11551, 21, 2, 339, 0, 0, 15240);
INSERT INTO plays VALUES(226494134083, 1, 'Clearlove', 64, 'jungle', 1, 3, 8, 6646, 29, 27, 59, 118, 12, 14338);
INSERT INTO plays VALUES(226494134083, 1, 'PawN', 136, 'mid', 8, 5, 3, 18808, 21, 9, 303, 16, 1, 16578);
INSERT INTO plays VALUES(226494134083, 1, 'Deft', 202, 'adc', 1, 3, 5, 23418, 21, 6, 385, 24, 0, 16644);
INSERT INTO plays VALUES(226494134083, 1, 'Meiko', 267, 'support', 0, 4, 10, 3237, 78, 28, 32, 0, 0, 10549);
INSERT INTO interacts VALUES(226494134083, 1, 'Odoamne', 3340, 1482, 1);
INSERT INTO interacts VALUES(226494134083, 1, 'Vander', 2010, 1740, 1);
INSERT INTO interacts VALUES(226494134083, 1, 'Vander', 2010, 1904, 1);
INSERT INTO interacts VALUES(226494134083, 1, 'Odoamne', 1054, 1904, 1);
INSERT INTO interacts VALUES(226494134083, 1, 'Meiko', 3303, 2002, 1);
INSERT INTO interacts VALUES(226494134083, 1, 'Vander', 2010, 2036, 1);
INSERT INTO interacts VALUES(226494134083, 1, 'Ryu', 1056, 2107, 1);
INSERT INTO interacts VALUES(226494134083, 1, 'Vander', 2010, 2165, 1);
INSERT INTO interacts VALUES(226494134083, 1, 'FORG1VEN', 1055, 2230, 1);
INSERT INTO interacts VALUES(226494134083, 1, 'Odoamne', 2003, 2295, 1);
INSERT INTO interacts VALUES(226494134083, 1, 'Clearlove', 1041, 2295, 1);
INSERT INTO interacts VALUES(226494134083, 1, 'Jankos', 3340, 2328, 1);
INSERT INTO interacts VALUES(226494134083, 1, 'PawN', 2033, 2328, 1);
INSERT INTO interacts VALUES(226494134083, 1, 'Ryu', 2003, 2370, 1);
INSERT INTO interacts VALUES(226494134083, 1, 'Meiko', 2010, 2491, 1);
INSERT INTO interacts VALUES(226494134083, 1, 'Ryu', 2003, 2491, 1);
INSERT INTO interacts VALUES(226494134083, 1, 'FORG1VEN', 2010, 2554, 1);
INSERT INTO interacts VALUES(226494134083, 1, 'Deft', 1055, 2587, 1);
INSERT INTO interacts VALUES(226494134083, 1, 'Meiko', 2010, 2587, 1);
INSERT INTO interacts VALUES(226494134083, 1, 'Mouse', 2033, 2626, 1);
INSERT INTO interacts VALUES(226494134083, 1, 'Clearlove', 2031, 2687, 1);
INSERT INTO interacts VALUES(226494134083, 1, 'Jankos', 1039, 2687, 1);
INSERT INTO interacts VALUES(226494134083, 1, 'Ryu', 3340, 2718, 1);
INSERT INTO interacts VALUES(226494134083, 1, 'Meiko', 2010, 2718, 1);
INSERT INTO interacts VALUES(226494134083, 1, 'PawN', 3340, 2783, 1);
INSERT INTO interacts VALUES(226494134083, 1, 'FORG1VEN', 3340, 2887, 1);
INSERT INTO interacts VALUES(226494134083, 1, 'Deft', 2003, 2887, 1);
INSERT INTO interacts VALUES(226494134083, 1, 'Meiko', 3340, 2979, 1);
INSERT INTO interacts VALUES(226494134083, 1, 'Mouse', 3340, 3072, 1);
INSERT INTO interacts VALUES(226494134083, 1, 'Clearlove', 3340, 3106, 1);
INSERT INTO interacts VALUES(226494134083, 1, 'Deft', 3340, 3235, 1);
INSERT INTO interacts VALUES(226494134083, 1, 'Jankos', 2031, 3499, 1);
INSERT INTO interacts VALUES(226494134083, 1, 'Vander', 3303, 3532, 1);
INSERT INTO interacts VALUES(226494134083, 1, 'Vander', 3340, 3956, 1);
INSERT INTO interacts VALUES(226494134083, 1, 'PawN', 1082, 189695, 1);
INSERT INTO interacts VALUES(226494134083, 1, 'PawN', 2043, 190962, 1);
INSERT INTO interacts VALUES(226494134083, 1, 'Ryu', 1056, 231529, 1);
INSERT INTO interacts VALUES(226494134083, 1, 'Ryu', 2043, 232341, 1);
INSERT INTO interacts VALUES(226494134083, 1, 'Ryu', 2043, 232406, 1);
INSERT INTO interacts VALUES(226494134083, 1, 'Ryu', 2003, 234001, 1);
INSERT INTO interacts VALUES(226494134083, 1, 'Ryu', 2003, 234096, 1);
INSERT INTO interacts VALUES(226494134083, 1, 'Clearlove', 3711, 243844, 1);
INSERT INTO interacts VALUES(226494134083, 1, 'Mouse', 1056, 256297, 1);
INSERT INTO interacts VALUES(226494134083, 1, 'Mouse', 2043, 256819, 1);
INSERT INTO interacts VALUES(226494134083, 1, 'PawN', 1001, 271246, 1);
INSERT INTO interacts VALUES(226494134083, 1, 'Jankos', 3158, 280252, 1);
INSERT INTO interacts VALUES(226494134083, 1, 'Jankos', 2043, 281458, 1);
INSERT INTO interacts VALUES(226494134083, 1, 'Odoamne', 1028, 338134, 1);
INSERT INTO interacts VALUES(226494134083, 1, 'Odoamne', 1052, 338493, 1);
INSERT INTO interacts VALUES(226494134083, 1, 'Odoamne', 1001, 339696, 1);
INSERT INTO interacts VALUES(226494134083, 1, 'Odoamne', 2031, 340903, 1);
INSERT INTO interacts VALUES(226494134083, 1, 'Mouse', 1082, 369546, 1);
INSERT INTO interacts VALUES(226494134083, 1, 'Mouse', 1033, 369836, 1);
INSERT INTO interacts VALUES(226494134083, 1, 'PawN', 3009, 403027, 1);
INSERT INTO interacts VALUES(226494134083, 1, 'Ryu', 3802, 430202, 1);
INSERT INTO interacts VALUES(226494134083, 1, 'Ryu', 2003, 430920, 1);
INSERT INTO interacts VALUES(226494134083, 1, 'Ryu', 2003, 430920, 1);
INSERT INTO interacts VALUES(226494134083, 1, 'Jankos', 3711, 433651, 1);
INSERT INTO interacts VALUES(226494134083, 1, 'Jankos', 2043, 434371, 1);
INSERT INTO interacts VALUES(226494134083, 1, 'Jankos', 3341, 434596, 1);
INSERT INTO interacts VALUES(226494134083, 1, 'Ryu', 1001, 535034, 1);
INSERT INTO interacts VALUES(226494134083, 1, 'Ryu', 2043, 536083, 1);
INSERT INTO interacts VALUES(226494134083, 1, 'Ryu', 2003, 542245, 1);
INSERT INTO interacts VALUES(226494134083, 1, 'Odoamne', 3136, 546047, 1);
INSERT INTO interacts VALUES(226494134083, 1, 'Odoamne', 2043, 547507, 1);
INSERT INTO interacts VALUES(226494134083, 1, 'Mouse', 3211, 570155, 1);
INSERT INTO interacts VALUES(226494134083, 1, 'PawN', 1057, 591649, 1);
INSERT INTO interacts VALUES(226494134083, 1, 'Meiko', 1001, 593293, 1);
INSERT INTO interacts VALUES(226494134083, 1, 'Meiko', 2049, 593551, 1);
INSERT INTO interacts VALUES(226494134083, 1, 'PawN', 2043, 593862, 1);
INSERT INTO interacts VALUES(226494134083, 1, 'Deft', 1038, 593900, 1);
INSERT INTO interacts VALUES(226494134083, 1, 'Meiko', 3341, 594217, 1);
INSERT INTO interacts VALUES(226494134083, 1, 'Deft', 3009, 594541, 1);
INSERT INTO interacts VALUES(226494134083, 1, 'Meiko', 2043, 594675, 1);
INSERT INTO interacts VALUES(226494134083, 1, 'Clearlove', 1408, 596538, 1);
INSERT INTO interacts VALUES(226494134083, 1, 'Deft', 2003, 596635, 1);
INSERT INTO interacts VALUES(226494134083, 1, 'Deft', 2043, 597092, 1);
INSERT INTO interacts VALUES(226494134083, 1, 'FORG1VEN', 3006, 613545, 1);
INSERT INTO interacts VALUES(226494134083, 1, 'FORG1VEN', 1038, 614207, 1);
INSERT INTO interacts VALUES(226494134083, 1, 'FORG1VEN', 1083, 616841, 1);
INSERT INTO interacts VALUES(226494134083, 1, 'Jankos', 1028, 618840, 1);
INSERT INTO interacts VALUES(226494134083, 1, 'Jankos', 1028, 620480, 1);
INSERT INTO interacts VALUES(226494134083, 1, 'Jankos', 2043, 621039, 1);
INSERT INTO interacts VALUES(226494134083, 1, 'Vander', 2049, 623924, 1);
INSERT INTO interacts VALUES(226494134083, 1, 'Vander', 1001, 627078, 1);
INSERT INTO interacts VALUES(226494134083, 1, 'Vander', 2010, 627764, 1);
INSERT INTO interacts VALUES(226494134083, 1, 'Vander', 2010, 627892, 1);
INSERT INTO interacts VALUES(226494134083, 1, 'Vander', 2043, 629093, 1);
INSERT INTO interacts VALUES(226494134083, 1, 'Vander', 3341, 629708, 1);
INSERT INTO interacts VALUES(226494134083, 1, 'Vander', 2010, 630228, 1);
INSERT INTO interacts VALUES(226494134083, 1, 'PawN', 1028, 661317, 1);
INSERT INTO interacts VALUES(226494134083, 1, 'PawN', 2043, 662579, 1);
INSERT INTO interacts VALUES(226494134083, 1, 'Ryu', 2043, 676542, 1);
INSERT INTO interacts VALUES(226494134083, 1, 'Jankos', 3801, 683436, 1);
INSERT INTO interacts VALUES(226494134083, 1, 'Mouse', 1028, 731734, 1);
INSERT INTO interacts VALUES(226494134083, 1, 'Mouse', 1001, 732122, 1);
INSERT INTO interacts VALUES(226494134083, 1, 'Deft', 3133, 735699, 1);
INSERT INTO interacts VALUES(226494134083, 1, 'Deft', 2043, 737162, 1);
INSERT INTO interacts VALUES(226494134083, 1, 'Meiko', 3117, 747334, 1);
INSERT INTO interacts VALUES(226494134083, 1, 'Odoamne', 3151, 768832, 1);
INSERT INTO interacts VALUES(226494134083, 1, 'Odoamne', 3020, 770597, 1);
INSERT INTO interacts VALUES(226494134083, 1, 'Odoamne', 2043, 771146, 1);
INSERT INTO interacts VALUES(226494134083, 1, 'PawN', 3010, 781184, 1);
INSERT INTO interacts VALUES(226494134083, 1, 'Clearlove', 3047, 788882, 1);
INSERT INTO interacts VALUES(226494134083, 1, 'Clearlove', 1033, 793073, 1);
INSERT INTO interacts VALUES(226494134083, 1, 'FORG1VEN', 3086, 804950, 1);
INSERT INTO interacts VALUES(226494134083, 1, 'Vander', 3117, 805131, 1);
INSERT INTO interacts VALUES(226494134083, 1, 'Jankos', 3010, 805228, 1);
INSERT INTO interacts VALUES(226494134083, 1, 'Jankos', 2043, 805815, 1);
INSERT INTO interacts VALUES(226494134083, 1, 'FORG1VEN', 2010, 806793, 0);
INSERT INTO interacts VALUES(226494134083, 1, 'FORG1VEN', 1042, 807476, 1);
INSERT INTO interacts VALUES(226494134083, 1, 'Vander', 3117, 807672, 1);
INSERT INTO interacts VALUES(226494134083, 1, 'Vander', 1028, 809376, 1);
INSERT INTO interacts VALUES(226494134083, 1, 'Vander', 2043, 810158, 1);
INSERT INTO interacts VALUES(226494134083, 1, 'Ryu', 3020, 867184, 1);
INSERT INTO interacts VALUES(226494134083, 1, 'Ryu', 3020, 867357, 1);
INSERT INTO interacts VALUES(226494134083, 1, 'Ryu', 3108, 871798, 1);
INSERT INTO interacts VALUES(226494134083, 1, 'Mouse', 3067, 884605, 1);
INSERT INTO interacts VALUES(226494134083, 1, 'Meiko', 2043, 903312, 1);
INSERT INTO interacts VALUES(226494134083, 1, 'Meiko', 1028, 904880, 1);
INSERT INTO interacts VALUES(226494134083, 1, 'Clearlove', 1036, 936505, 1);
INSERT INTO interacts VALUES(226494134083, 1, 'Clearlove', 2043, 937738, 1);
INSERT INTO interacts VALUES(226494134083, 1, 'Jankos', 3800, 950949, 1);
INSERT INTO interacts VALUES(226494134083, 1, 'Jankos', 2043, 951571, 1);
INSERT INTO interacts VALUES(226494134083, 1, 'Jankos', 3364, 951861, 1);
INSERT INTO interacts VALUES(226494134083, 1, 'Jankos', 2043, 952121, 1);
INSERT INTO interacts VALUES(226494134083, 1, 'Odoamne', 1026, 966993, 1);
INSERT INTO interacts VALUES(226494134083, 1, 'Odoamne', 1052, 967449, 1);
INSERT INTO interacts VALUES(226494134083, 1, 'PawN', 3145, 979560, 1);
INSERT INTO interacts VALUES(226494134083, 1, 'PawN', 3363, 989318, 1);
INSERT INTO interacts VALUES(226494134083, 1, 'Meiko', 2043, 993080, 1);
INSERT INTO interacts VALUES(226494134083, 1, 'Deft', 3508, 995187, 1);
INSERT INTO interacts VALUES(226494134083, 1, 'Deft', 1042, 996715, 1);
INSERT INTO interacts VALUES(226494134083, 1, 'Deft', 3363, 997736, 1);
INSERT INTO interacts VALUES(226494134083, 1, 'Mouse', 3065, 1004937, 1);
INSERT INTO interacts VALUES(226494134083, 1, 'Mouse', 1027, 1005537, 1);
INSERT INTO interacts VALUES(226494134083, 1, 'FORG1VEN', 3085, 1050619, 1);
INSERT INTO interacts VALUES(226494134083, 1, 'FORG1VEN', 1042, 1051590, 1);
INSERT INTO interacts VALUES(226494134083, 1, 'FORG1VEN', 3363, 1052957, 1);
INSERT INTO interacts VALUES(226494134083, 1, 'Ryu', 3165, 1053411, 1);
INSERT INTO interacts VALUES(226494134083, 1, 'Vander', 2045, 1056148, 1);
INSERT INTO interacts VALUES(226494134083, 1, 'Ryu', 1033, 1057010, 1);
INSERT INTO interacts VALUES(226494134083, 1, 'Ryu', 2043, 1059916, 1);
INSERT INTO interacts VALUES(226494134083, 1, 'Vander', 1033, 1060044, 1);
INSERT INTO interacts VALUES(226494134083, 1, 'Ryu', 3363, 1061118, 1);
INSERT INTO interacts VALUES(226494134083, 1, 'Vander', 1028, 1062331, 1);
INSERT INTO interacts VALUES(226494134083, 1, 'Vander', 2043, 1063135, 1);
INSERT INTO interacts VALUES(226494134083, 1, 'Mouse', 3111, 1110339, 1);
INSERT INTO interacts VALUES(226494134083, 1, 'PawN', 3030, 1142809, 1);
INSERT INTO interacts VALUES(226494134083, 1, 'PawN', 2043, 1144273, 1);
INSERT INTO interacts VALUES(226494134083, 1, 'Clearlove', 3155, 1148653, 1);
INSERT INTO interacts VALUES(226494134083, 1, 'Clearlove', 1028, 1149539, 1);
INSERT INTO interacts VALUES(226494134083, 1, 'Clearlove', 2043, 1150647, 1);
INSERT INTO interacts VALUES(226494134083, 1, 'Clearlove', 3364, 1151357, 1);
INSERT INTO interacts VALUES(226494134083, 1, 'Ryu', 3108, 1163322, 1);
INSERT INTO interacts VALUES(226494134083, 1, 'Vander', 3067, 1164002, 1);
INSERT INTO interacts VALUES(226494134083, 1, 'Meiko', 3098, 1164911, 1);
INSERT INTO interacts VALUES(226494134083, 1, 'Vander', 3364, 1165039, 1);
INSERT INTO interacts VALUES(226494134083, 1, 'Vander', 2043, 1165301, 1);
INSERT INTO interacts VALUES(226494134083, 1, 'Meiko', 2043, 1165430, 1);
INSERT INTO interacts VALUES(226494134083, 1, 'Meiko', 3364, 1165627, 1);
INSERT INTO interacts VALUES(226494134083, 1, 'Jankos', 3751, 1167734, 1);
INSERT INTO interacts VALUES(226494134083, 1, 'Jankos', 2043, 1168835, 1);
INSERT INTO interacts VALUES(226494134083, 1, 'Jankos', 2043, 1169127, 1);
INSERT INTO interacts VALUES(226494134083, 1, 'Deft', 3086, 1175423, 1);
INSERT INTO interacts VALUES(226494134083, 1, 'Deft', 2043, 1176561, 1);
INSERT INTO interacts VALUES(226494134083, 1, 'Odoamne', 3135, 1191086, 1);
INSERT INTO interacts VALUES(226494134083, 1, 'Odoamne', 2043, 1193521, 1);
INSERT INTO interacts VALUES(226494134083, 1, 'FORG1VEN', 1083, 1193618, 0);
INSERT INTO interacts VALUES(226494134083, 1, 'FORG1VEN', 1037, 1194819, 1);
INSERT INTO interacts VALUES(226494134083, 1, 'FORG1VEN', 2015, 1195986, 1);
INSERT INTO interacts VALUES(226494134083, 1, 'Meiko', 2301, 1296228, 1);
INSERT INTO interacts VALUES(226494134083, 1, 'Meiko', 2043, 1297237, 1);
INSERT INTO interacts VALUES(226494134083, 1, 'Meiko', 2043, 1297363, 1);
INSERT INTO interacts VALUES(226494134083, 1, 'Mouse', 3057, 1303699, 1);
INSERT INTO interacts VALUES(226494134083, 1, 'Jankos', 1409, 1319418, 1);
INSERT INTO interacts VALUES(226494134083, 1, 'Jankos', 1029, 1321602, 1);
INSERT INTO interacts VALUES(226494134083, 1, 'Odoamne', 3108, 1322807, 1);
INSERT INTO interacts VALUES(226494134083, 1, 'Clearlove', 1011, 1392243, 1);
INSERT INTO interacts VALUES(226494134083, 1, 'Clearlove', 1029, 1393024, 1);
INSERT INTO interacts VALUES(226494134083, 1, 'Vander', 1033, 1432284, 1);
INSERT INTO interacts VALUES(226494134083, 1, 'Vander', 2043, 1433098, 1);
INSERT INTO interacts VALUES(226494134083, 1, 'FORG1VEN', 3031, 1438198, 1);
INSERT INTO interacts VALUES(226494134083, 1, 'FORG1VEN', 1042, 1439401, 1);
INSERT INTO interacts VALUES(226494134083, 1, 'Jankos', 2031, 1440340, 0);
INSERT INTO interacts VALUES(226494134083, 1, 'Vander', 2043, 1454403, 1);
INSERT INTO interacts VALUES(226494134083, 1, 'PawN', 1058, 1463255, 1);
INSERT INTO interacts VALUES(226494134083, 1, 'Meiko', 3067, 1466957, 1);
INSERT INTO interacts VALUES(226494134083, 1, 'Meiko', 2043, 1467671, 1);
INSERT INTO interacts VALUES(226494134083, 1, 'Clearlove', 3082, 1484833, 1);
INSERT INTO interacts VALUES(226494134083, 1, 'Clearlove', 2031, 1487526, 0);
INSERT INTO interacts VALUES(226494134083, 1, 'Clearlove', 2043, 1488148, 1);
INSERT INTO interacts VALUES(226494134083, 1, 'Odoamne', 2031, 1488536, 0);
INSERT INTO interacts VALUES(226494134083, 1, 'Odoamne', 1052, 1490043, 1);
INSERT INTO interacts VALUES(226494134083, 1, 'Ryu', 3001, 1511548, 1);
INSERT INTO interacts VALUES(226494134083, 1, 'Ryu', 2043, 1512915, 1);
INSERT INTO interacts VALUES(226494134083, 1, 'Mouse', 3025, 1515826, 1);
INSERT INTO interacts VALUES(226494134083, 1, 'Deft', 3094, 1517595, 1);
INSERT INTO interacts VALUES(226494134083, 1, 'Deft', 1036, 1522525, 1);
INSERT INTO interacts VALUES(226494134083, 1, 'Deft', 2003, 1523305, 0);
INSERT INTO interacts VALUES(226494134083, 1, 'Deft', 1033, 1524878, 1);
INSERT INTO interacts VALUES(226494134083, 1, 'Meiko', 2043, 1537221, 1);
INSERT INTO interacts VALUES(226494134083, 1, 'Meiko', 1033, 1538200, 1);
INSERT INTO interacts VALUES(226494134083, 1, 'PawN', 1082, 1545190, 0);
INSERT INTO interacts VALUES(226494134083, 1, 'PawN', 1011, 1546784, 1);
INSERT INTO interacts VALUES(226494134083, 1, 'Jankos', 3082, 1626357, 1);
INSERT INTO interacts VALUES(226494134083, 1, 'Jankos', 1028, 1627382, 1);
INSERT INTO interacts VALUES(226494134083, 1, 'Jankos', 2043, 1627752, 1);
INSERT INTO interacts VALUES(226494134083, 1, 'Clearlove', 3143, 1629119, 1);
INSERT INTO interacts VALUES(226494134083, 1, 'Vander', 3190, 1640201, 1);
INSERT INTO interacts VALUES(226494134083, 1, 'PawN', 3116, 1640753, 1);
INSERT INTO interacts VALUES(226494134083, 1, 'Vander', 2043, 1641437, 1);
INSERT INTO interacts VALUES(226494134083, 1, 'FORG1VEN', 3094, 1643523, 1);
INSERT INTO interacts VALUES(226494134083, 1, 'PawN', 2043, 1645226, 1);
INSERT INTO interacts VALUES(226494134083, 1, 'Meiko', 1028, 1652643, 1);
INSERT INTO interacts VALUES(226494134083, 1, 'Meiko', 2010, 1653421, 0);
INSERT INTO interacts VALUES(226494134083, 1, 'Meiko', 2010, 1653551, 0);
INSERT INTO interacts VALUES(226494134083, 1, 'Meiko', 2010, 1653679, 0);
INSERT INTO interacts VALUES(226494134083, 1, 'Meiko', 2043, 1654593, 1);
INSERT INTO interacts VALUES(226494134083, 1, 'Ryu', 1056, 1657745, 0);
INSERT INTO interacts VALUES(226494134083, 1, 'Deft', 3155, 1658916, 1);
INSERT INTO interacts VALUES(226494134083, 1, 'Ryu', 1058, 1659083, 1);
INSERT INTO interacts VALUES(226494134083, 1, 'Deft', 1036, 1660898, 1);
INSERT INTO interacts VALUES(226494134083, 1, 'Mouse', 1056, 1721123, 0);
INSERT INTO interacts VALUES(226494134083, 1, 'Mouse', 1057, 1722862, 1);
INSERT INTO interacts VALUES(226494134083, 1, 'Odoamne', 3157, 1729196, 1);
INSERT INTO interacts VALUES(226494134083, 1, 'Odoamne', 1052, 1731710, 1);
INSERT INTO interacts VALUES(226494134083, 1, 'Clearlove', 1031, 1795424, 1);
INSERT INTO interacts VALUES(226494134083, 1, 'Meiko', 2043, 1795768, 1);
INSERT INTO interacts VALUES(226494134083, 1, 'Clearlove', 2043, 1795979, 1);
INSERT INTO interacts VALUES(226494134083, 1, 'Odoamne', 1054, 1796077, 0);
INSERT INTO interacts VALUES(226494134083, 1, 'Meiko', 3801, 1796599, 1);
INSERT INTO interacts VALUES(226494134083, 1, 'Odoamne', 1058, 1797212, 1);
INSERT INTO interacts VALUES(226494134083, 1, 'Deft', 3134, 1799158, 1);
INSERT INTO interacts VALUES(226494134083, 1, 'Mouse', 1082, 1812232, 0);
INSERT INTO interacts VALUES(226494134083, 1, 'Mouse', 1031, 1813789, 1);
INSERT INTO interacts VALUES(226494134083, 1, 'FORG1VEN', 1037, 1825018, 1);
INSERT INTO interacts VALUES(226494134083, 1, 'FORG1VEN', 1055, 1826414, 0);
INSERT INTO interacts VALUES(226494134083, 1, 'FORG1VEN', 1053, 1828562, 1);
INSERT INTO interacts VALUES(226494134083, 1, 'Vander', 3114, 1829313, 1);
INSERT INTO interacts VALUES(226494134083, 1, 'Vander', 2043, 1830483, 1);
INSERT INTO interacts VALUES(226494134083, 1, 'Vander', 2043, 1830610, 1);
INSERT INTO interacts VALUES(226494134083, 1, 'Jankos', 3110, 1840602, 1);
INSERT INTO interacts VALUES(226494134083, 1, 'Meiko', 3105, 1840602, 1);
INSERT INTO interacts VALUES(226494134083, 1, 'Meiko', 2043, 1842685, 1);
INSERT INTO interacts VALUES(226494134083, 1, 'Deft', 3156, 1885450, 1);
INSERT INTO interacts VALUES(226494134083, 1, 'Deft', 2043, 1886887, 1);
INSERT INTO interacts VALUES(226494134083, 1, 'Ryu', 3116, 1940322, 1);
INSERT INTO interacts VALUES(226494134083, 1, 'FORG1VEN', 3035, 1941666, 1);
INSERT INTO interacts VALUES(226494134083, 1, 'Ryu', 2043, 1942697, 1);
INSERT INTO interacts VALUES(226494134083, 1, 'Jankos', 3211, 1943713, 1);
INSERT INTO interacts VALUES(226494134083, 1, 'Jankos', 2043, 1944745, 1);
INSERT INTO interacts VALUES(226494134083, 1, 'Jankos', 2043, 1944816, 1);
INSERT INTO interacts VALUES(226494134083, 1, 'Vander', 2043, 1944849, 1);
INSERT INTO interacts VALUES(226494134083, 1, 'Vander', 2043, 1945015, 1);
INSERT INTO interacts VALUES(226494134083, 1, 'Vander', 3303, 1946443, 0);
INSERT INTO interacts VALUES(226494134083, 1, 'Meiko', 3190, 1947452, 1);
INSERT INTO interacts VALUES(226494134083, 1, 'Meiko', 2043, 1947870, 1);
INSERT INTO interacts VALUES(226494134083, 1, 'Vander', 3096, 1948041, 1);
INSERT INTO interacts VALUES(226494134083, 1, 'Odoamne', 3089, 1953116, 1);
INSERT INTO interacts VALUES(226494134083, 1, 'PawN', 3026, 1953901, 1);
INSERT INTO interacts VALUES(226494134083, 1, 'Odoamne', 2043, 1956541, 1);
INSERT INTO interacts VALUES(226494134083, 1, 'Mouse', 3026, 1965578, 1);
INSERT INTO interacts VALUES(226494134083, 1, 'Mouse', 1028, 1967124, 1);
INSERT INTO interacts VALUES(226494134083, 1, 'Clearlove', 1057, 1968346, 1);
INSERT INTO interacts VALUES(226494134083, 1, 'FORG1VEN', 3036, 2027481, 1);
INSERT INTO interacts VALUES(226494134083, 1, 'Deft', 1037, 2082097, 1);
INSERT INTO interacts VALUES(226494134083, 1, 'Ryu', 1026, 2084142, 1);
INSERT INTO interacts VALUES(226494134083, 1, 'Vander', 2043, 2088947, 1);
INSERT INTO interacts VALUES(226494134083, 1, 'Vander', 2043, 2089043, 1);
INSERT INTO interacts VALUES(226494134083, 1, 'Meiko', 1033, 2093051, 1);
INSERT INTO interacts VALUES(226494134083, 1, 'Meiko', 2043, 2094159, 1);
INSERT INTO interacts VALUES(226494134083, 1, 'Clearlove', 3026, 2098060, 1);
INSERT INTO interacts VALUES(226494134083, 1, 'Mouse', 1011, 2104729, 1);
INSERT INTO interacts VALUES(226494134083, 1, 'PawN', 1026, 2105282, 1);
INSERT INTO interacts VALUES(226494134083, 1, 'Jankos', 3102, 2117529, 1);
INSERT INTO interacts VALUES(226494134083, 1, 'Jankos', 2043, 2118538, 1);
INSERT INTO interacts VALUES(226494134083, 1, 'Odoamne', 1058, 2139251, 1);
INSERT INTO interacts VALUES(226494134083, 1, 'Meiko', 3028, 2196462, 1);
INSERT INTO interacts VALUES(226494134083, 1, 'Meiko', 2043, 2199323, 1);
INSERT INTO interacts VALUES(226494134083, 1, 'Deft', 3035, 2200075, 1);
INSERT INTO interacts VALUES(226494134083, 1, 'Clearlove', 1033, 2280692, 1);
INSERT INTO interacts VALUES(226494134083, 1, 'Meiko', 3114, 2319110, 1);
INSERT INTO interacts VALUES(226494134083, 1, 'PawN', 3135, 2323383, 1);
INSERT INTO interacts VALUES(226494134083, 1, 'Deft', 3036, 2344560, 1);
INSERT INTO interacts VALUES(226494134083, 1, 'Meiko', 2043, 2353908, 1);
INSERT INTO interacts VALUES(226494134083, 1, 'Meiko', 2043, 2355340, 1);
INSERT INTO interacts VALUES(226494134083, 1, 'Jankos', 1031, 2366231, 1);
INSERT INTO interacts VALUES(226494134083, 1, 'Vander', 3222, 2368580, 1);
INSERT INTO interacts VALUES(226494134083, 1, 'Vander', 2043, 2369478, 1);
INSERT INTO interacts VALUES(226494134083, 1, 'Ryu', 1056, 2371605, 0);
INSERT INTO interacts VALUES(226494134083, 1, 'Ryu', 3135, 2372599, 1);
INSERT INTO interacts VALUES(226494134083, 1, 'Ryu', 2043, 2373809, 1);
INSERT INTO interacts VALUES(226494134083, 1, 'Mouse', 3143, 2375663, 1);
INSERT INTO interacts VALUES(226494134083, 1, 'FORG1VEN', 3139, 2395630, 1);
INSERT INTO interacts VALUES(226494134083, 1, 'Deft', 1055, 2453673, 0);
INSERT INTO interacts VALUES(226494134083, 1, 'Deft', 1038, 2454390, 1);
INSERT INTO interacts VALUES(226494134083, 1, 'Meiko', 3222, 2472630, 1);
INSERT INTO interacts VALUES(226494134083, 1, 'Clearlove', 3102, 2480736, 1);
INSERT INTO interacts VALUES(226494134083, 1, 'PawN', 2033, 2488259, 0);
INSERT INTO interacts VALUES(226494134083, 1, 'PawN', 1058, 2488702, 1);
INSERT INTO interacts VALUES(226494134083, 1, 'PawN', 3136, 2491357, 1);
INSERT INTO interacts VALUES(226494134083, 1, 'Vander', 2043, 2514828, 1);
INSERT INTO interacts VALUES(226494134083, 1, 'Vander', 2043, 2514958, 1);
INSERT INTO interacts VALUES(226494134083, 1, 'Odoamne', 3116, 2515013, 1);
INSERT INTO interacts VALUES(226494134083, 1, 'Odoamne', 2139, 2515611, 1);
INSERT INTO interacts VALUES(226494134083, 1, 'Vander', 3117, 2515839, 0);
INSERT INTO interacts VALUES(226494134083, 1, 'Vander', 3158, 2517147, 1);
INSERT INTO interacts VALUES(226494134083, 1, 'Mouse', 2033, 2525207, 0);
INSERT INTO interacts VALUES(226494134083, 1, 'Jankos', 3026, 2529999, 1);
INSERT INTO interacts VALUES(226494134083, 1, 'Mouse', 1011, 2535884, 1);
INSERT INTO interacts VALUES(226494134083, 1, 'FORG1VEN', 2140, 2535953, 1);
INSERT INTO interacts VALUES(226494134083, 1, 'Ryu', 2043, 2542208, 0);
INSERT INTO interacts VALUES(226494134083, 1, 'Ryu', 1058, 2543879, 1);
INSERT INTO interacts VALUES(226494134083, 1, 'Meiko', 1028, 2564251, 1);
INSERT INTO interacts VALUES(226494134083, 1, 'PawN', 2139, 2641206, 1);
INSERT INTO interacts VALUES(226494134083, 1, 'Meiko', 3211, 2687323, 1);
INSERT INTO series VALUES(685483849423, 1);
INSERT INTO organizes VALUES('world_championship_2016', 685483849423, 'group_d - SSG-vs-TSM');
INSERT INTO competes VALUES(685483849423, 'SSG', 1);
INSERT INTO competes VALUES(685483849423, 'TSM', 0);
INSERT INTO matches VALUES(685483849423, 1, '2016-10-08');
INSERT INTO scores VALUES('SSG', 685483849423, 1, 2, 10, 0, 2, 3, 1);
INSERT INTO scores VALUES('TSM', 685483849423, 1, 0, 3, 0, 0, 1, 0);
INSERT INTO bans VALUES(685483849423, 1, 64, 1);
INSERT INTO bans VALUES(685483849423, 1, 134, 3);
INSERT INTO bans VALUES(685483849423, 1, 136, 5);
INSERT INTO bans VALUES(685483849423, 1, 76, 2);
INSERT INTO bans VALUES(685483849423, 1, 143, 4);
INSERT INTO bans VALUES(685483849423, 1, 13, 6);
INSERT INTO plays VALUES(685483849423, 1, 'CuVee', 68, 'top', 2, 4, 7, 31295, 27, 7, 322, 7, 2, 17272);
INSERT INTO plays VALUES(685483849423, 1, 'Ambition', 421, 'jungle', 3, 3, 10, 20155, 34, 32, 69, 110, 46, 17806);
INSERT INTO plays VALUES(685483849423, 1, 'Crown', 112, 'mid', 4, 2, 8, 39090, 25, 4, 377, 32, 5, 19819);
INSERT INTO plays VALUES(685483849423, 1, 'Ruler', 202, 'adc', 7, 3, 4, 37902, 14, 8, 308, 14, 2, 18394);
INSERT INTO plays VALUES(685483849423, 1, 'CoreJJ', 223, 'support', 2, 3, 8, 6777, 74, 17, 64, 0, 0, 12951);
INSERT INTO plays VALUES(685483849423, 1, 'Hauntzer', 85, 'top', 3, 4, 5, 31684, 26, 17, 366, 7, 0, 16064);
INSERT INTO plays VALUES(685483849423, 1, 'Svenskeren', 2, 'jungle', 1, 4, 5, 19704, 35, 25, 39, 117, 13, 13814);
INSERT INTO plays VALUES(685483849423, 1, 'Bjergsen', 26, 'mid', 2, 4, 6, 28994, 19, 13, 415, 8, 0, 17083);
INSERT INTO plays VALUES(685483849423, 1, 'Doublelift', 236, 'adc', 9, 3, 1, 43350, 18, 22, 378, 23, 3, 19566);
INSERT INTO plays VALUES(685483849423, 1, 'Biofrost', 43, 'support', 0, 3, 9, 7011, 57, 19, 34, 0, 0, 11029);
INSERT INTO interacts VALUES(685483849423, 1, 'Biofrost', 3340, 1239, 1);
INSERT INTO interacts VALUES(685483849423, 1, 'Biofrost', 2010, 1401, 1);
INSERT INTO interacts VALUES(685483849423, 1, 'Biofrost', 2010, 1531, 1);
INSERT INTO interacts VALUES(685483849423, 1, 'Ruler', 1055, 1596, 1);
INSERT INTO interacts VALUES(685483849423, 1, 'Biofrost', 2010, 1693, 1);
INSERT INTO interacts VALUES(685483849423, 1, 'Svenskeren', 3340, 1693, 1);
INSERT INTO interacts VALUES(685483849423, 1, 'Hauntzer', 3340, 1758, 1);
INSERT INTO interacts VALUES(685483849423, 1, 'Bjergsen', 3340, 1791, 1);
INSERT INTO interacts VALUES(685483849423, 1, 'Ruler', 2003, 1829, 1);
INSERT INTO interacts VALUES(685483849423, 1, 'Biofrost', 3303, 1888, 1);
INSERT INTO interacts VALUES(685483849423, 1, 'Crown', 2003, 1985, 1);
INSERT INTO interacts VALUES(685483849423, 1, 'Svenskeren', 1039, 1985, 1);
INSERT INTO interacts VALUES(685483849423, 1, 'Hauntzer', 1055, 1985, 1);
INSERT INTO interacts VALUES(685483849423, 1, 'Bjergsen', 1056, 2051, 1);
INSERT INTO interacts VALUES(685483849423, 1, 'Crown', 2003, 2114, 1);
INSERT INTO interacts VALUES(685483849423, 1, 'CuVee', 1054, 2114, 1);
INSERT INTO interacts VALUES(685483849423, 1, 'Doublelift', 3340, 2180, 1);
INSERT INTO interacts VALUES(685483849423, 1, 'Hauntzer', 2003, 2180, 1);
INSERT INTO interacts VALUES(685483849423, 1, 'CuVee', 2003, 2308, 1);
INSERT INTO interacts VALUES(685483849423, 1, 'Crown', 1056, 2308, 1);
INSERT INTO interacts VALUES(685483849423, 1, 'Ruler', 3340, 2308, 1);
INSERT INTO interacts VALUES(685483849423, 1, 'Doublelift', 1055, 2404, 1);
INSERT INTO interacts VALUES(685483849423, 1, 'Ambition', 1041, 2501, 1);
INSERT INTO interacts VALUES(685483849423, 1, 'CuVee', 3340, 2567, 1);
INSERT INTO interacts VALUES(685483849423, 1, 'Crown', 3340, 2606, 1);
INSERT INTO interacts VALUES(685483849423, 1, 'Bjergsen', 2010, 2606, 1);
INSERT INTO interacts VALUES(685483849423, 1, 'CoreJJ', 3302, 2697, 1);
INSERT INTO interacts VALUES(685483849423, 1, 'Bjergsen', 2010, 2761, 1);
INSERT INTO interacts VALUES(685483849423, 1, 'Svenskeren', 2031, 2865, 1);
INSERT INTO interacts VALUES(685483849423, 1, 'Doublelift', 2010, 3311, 1);
INSERT INTO interacts VALUES(685483849423, 1, 'CoreJJ', 2010, 3384, 1);
INSERT INTO interacts VALUES(685483849423, 1, 'CoreJJ', 2010, 3537, 1);
INSERT INTO interacts VALUES(685483849423, 1, 'Ambition', 2031, 3537, 1);
INSERT INTO interacts VALUES(685483849423, 1, 'CoreJJ', 2010, 3643, 1);
INSERT INTO interacts VALUES(685483849423, 1, 'CoreJJ', 3340, 4161, 1);
INSERT INTO interacts VALUES(685483849423, 1, 'Svenskeren', 1001, 245394, 1);
INSERT INTO interacts VALUES(685483849423, 1, 'Svenskeren', 2043, 246074, 1);
INSERT INTO interacts VALUES(685483849423, 1, 'Svenskeren', 2032, 248639, 1);
INSERT INTO interacts VALUES(685483849423, 1, 'Hauntzer', 1055, 250000, 1);
INSERT INTO interacts VALUES(685483849423, 1, 'Hauntzer', 1052, 251032, 1);
INSERT INTO interacts VALUES(685483849423, 1, 'Ambition', 1039, 258237, 1);
INSERT INTO interacts VALUES(685483849423, 1, 'Hauntzer', 2031, 258426, 1);
INSERT INTO interacts VALUES(685483849423, 1, 'Hauntzer', 1001, 260003, 1);
INSERT INTO interacts VALUES(685483849423, 1, 'Ambition', 3077, 262241, 1);
INSERT INTO interacts VALUES(685483849423, 1, 'Ambition', 2043, 262696, 1);
INSERT INTO interacts VALUES(685483849423, 1, 'CuVee', 1001, 263171, 1);
INSERT INTO interacts VALUES(685483849423, 1, 'CuVee', 1033, 263769, 1);
INSERT INTO interacts VALUES(685483849423, 1, 'CuVee', 2031, 265004, 1);
INSERT INTO interacts VALUES(685483849423, 1, 'CuVee', 2043, 265812, 1);
INSERT INTO interacts VALUES(685483849423, 1, 'Bjergsen', 1056, 286700, 1);
INSERT INTO interacts VALUES(685483849423, 1, 'Bjergsen', 1028, 287025, 1);
INSERT INTO interacts VALUES(685483849423, 1, 'Bjergsen', 2031, 287484, 1);
INSERT INTO interacts VALUES(685483849423, 1, 'Crown', 3196, 310428, 1);
INSERT INTO interacts VALUES(685483849423, 1, 'Crown', 2043, 311669, 1);
INSERT INTO interacts VALUES(685483849423, 1, 'Crown', 2003, 311964, 1);
INSERT INTO interacts VALUES(685483849423, 1, 'Crown', 2003, 312062, 1);
INSERT INTO interacts VALUES(685483849423, 1, 'Svenskeren', 1028, 375262, 1);
INSERT INTO interacts VALUES(685483849423, 1, 'Doublelift', 1083, 463060, 1);
INSERT INTO interacts VALUES(685483849423, 1, 'Doublelift', 3134, 464809, 1);
INSERT INTO interacts VALUES(685483849423, 1, 'Doublelift', 1036, 465098, 1);
INSERT INTO interacts VALUES(685483849423, 1, 'Biofrost', 2049, 466333, 1);
INSERT INTO interacts VALUES(685483849423, 1, 'Doublelift', 2043, 466761, 1);
INSERT INTO interacts VALUES(685483849423, 1, 'Biofrost', 3341, 467591, 1);
INSERT INTO interacts VALUES(685483849423, 1, 'Biofrost', 2031, 469271, 1);
INSERT INTO interacts VALUES(685483849423, 1, 'Biofrost', 2043, 472978, 1);
INSERT INTO interacts VALUES(685483849423, 1, 'Ruler', 3134, 488001, 1);
INSERT INTO interacts VALUES(685483849423, 1, 'Ruler', 1036, 488357, 1);
INSERT INTO interacts VALUES(685483849423, 1, 'Ruler', 1001, 489654, 1);
INSERT INTO interacts VALUES(685483849423, 1, 'CoreJJ', 2049, 490890, 1);
INSERT INTO interacts VALUES(685483849423, 1, 'Ruler', 2031, 491053, 1);
INSERT INTO interacts VALUES(685483849423, 1, 'CoreJJ', 2043, 491708, 1);
INSERT INTO interacts VALUES(685483849423, 1, 'CoreJJ', 2043, 491838, 1);
INSERT INTO interacts VALUES(685483849423, 1, 'CoreJJ', 2010, 492065, 1);
INSERT INTO interacts VALUES(685483849423, 1, 'CoreJJ', 3341, 492519, 1);
INSERT INTO interacts VALUES(685483849423, 1, 'CoreJJ', 2010, 493945, 1);
INSERT INTO interacts VALUES(685483849423, 1, 'Crown', 3197, 502041, 1);
INSERT INTO interacts VALUES(685483849423, 1, 'Hauntzer', 3145, 502400, 1);
INSERT INTO interacts VALUES(685483849423, 1, 'Crown', 2043, 502628, 1);
INSERT INTO interacts VALUES(685483849423, 1, 'Hauntzer', 2043, 503603, 1);
INSERT INTO interacts VALUES(685483849423, 1, 'Bjergsen', 3010, 510629, 1);
INSERT INTO interacts VALUES(685483849423, 1, 'Bjergsen', 1001, 512097, 1);
INSERT INTO interacts VALUES(685483849423, 1, 'Bjergsen', 2043, 512419, 1);
INSERT INTO interacts VALUES(685483849423, 1, 'Ambition', 3751, 515571, 1);
INSERT INTO interacts VALUES(685483849423, 1, 'Ambition', 1001, 516185, 1);
INSERT INTO interacts VALUES(685483849423, 1, 'CuVee', 3111, 518313, 1);
INSERT INTO interacts VALUES(685483849423, 1, 'CuVee', 1026, 523202, 1);
INSERT INTO interacts VALUES(685483849423, 1, 'CuVee', 3108, 525963, 1);
INSERT INTO interacts VALUES(685483849423, 1, 'CuVee', 2043, 527197, 1);
INSERT INTO interacts VALUES(685483849423, 1, 'Svenskeren', 3158, 527927, 1);
INSERT INTO interacts VALUES(685483849423, 1, 'Svenskeren', 1028, 532788, 1);
INSERT INTO interacts VALUES(685483849423, 1, 'Svenskeren', 2043, 533308, 1);
INSERT INTO interacts VALUES(685483849423, 1, 'CoreJJ', 1001, 620045, 1);
INSERT INTO interacts VALUES(685483849423, 1, 'CoreJJ', 2043, 620565, 1);
INSERT INTO interacts VALUES(685483849423, 1, 'CoreJJ', 2010, 620759, 1);
INSERT INTO interacts VALUES(685483849423, 1, 'CoreJJ', 2010, 635280, 1);
INSERT INTO interacts VALUES(685483849423, 1, 'CuVee', 1033, 639375, 1);
INSERT INTO interacts VALUES(685483849423, 1, 'Ruler', 3133, 647814, 1);
INSERT INTO interacts VALUES(685483849423, 1, 'Crown', 3158, 656122, 1);
INSERT INTO interacts VALUES(685483849423, 1, 'Crown', 2003, 659240, 1);
INSERT INTO interacts VALUES(685483849423, 1, 'Bjergsen', 1026, 661044, 1);
INSERT INTO interacts VALUES(685483849423, 1, 'Crown', 3363, 661175, 1);
INSERT INTO interacts VALUES(685483849423, 1, 'Hauntzer', 3020, 666271, 1);
INSERT INTO interacts VALUES(685483849423, 1, 'Hauntzer', 1028, 668219, 1);
INSERT INTO interacts VALUES(685483849423, 1, 'Svenskeren', 3751, 673150, 1);
INSERT INTO interacts VALUES(685483849423, 1, 'Biofrost', 3158, 674126, 1);
INSERT INTO interacts VALUES(685483849423, 1, 'Svenskeren', 2043, 674318, 1);
INSERT INTO interacts VALUES(685483849423, 1, 'Biofrost', 2043, 675327, 1);
INSERT INTO interacts VALUES(685483849423, 1, 'Doublelift', 3142, 693621, 1);
INSERT INTO interacts VALUES(685483849423, 1, 'Doublelift', 1001, 696627, 1);
INSERT INTO interacts VALUES(685483849423, 1, 'Doublelift', 1028, 698310, 1);
INSERT INTO interacts VALUES(685483849423, 1, 'Doublelift', 2043, 698636, 1);
INSERT INTO interacts VALUES(685483849423, 1, 'CoreJJ', 2043, 733266, 1);
INSERT INTO interacts VALUES(685483849423, 1, 'Ambition', 1409, 736036, 1);
INSERT INTO interacts VALUES(685483849423, 1, 'Ambition', 1028, 737304, 1);
INSERT INTO interacts VALUES(685483849423, 1, 'Ambition', 3364, 737596, 1);
INSERT INTO interacts VALUES(685483849423, 1, 'Hauntzer', 3067, 740714, 1);
INSERT INTO interacts VALUES(685483849423, 1, 'Bjergsen', 3027, 750516, 1);
INSERT INTO interacts VALUES(685483849423, 1, 'Bjergsen', 2043, 752081, 1);
INSERT INTO interacts VALUES(685483849423, 1, 'CuVee', 1057, 757098, 1);
INSERT INTO interacts VALUES(685483849423, 1, 'CuVee', 1052, 758429, 1);
INSERT INTO interacts VALUES(685483849423, 1, 'Crown', 3198, 784146, 1);
INSERT INTO interacts VALUES(685483849423, 1, 'Crown', 2003, 785318, 1);
INSERT INTO interacts VALUES(685483849423, 1, 'Crown', 2043, 785546, 1);
INSERT INTO interacts VALUES(685483849423, 1, 'Ruler', 3142, 868088, 1);
INSERT INTO interacts VALUES(685483849423, 1, 'CoreJJ', 3009, 870998, 1);
INSERT INTO interacts VALUES(685483849423, 1, 'Doublelift', 3044, 877780, 1);
INSERT INTO interacts VALUES(685483849423, 1, 'Doublelift', 3363, 878477, 1);
INSERT INTO interacts VALUES(685483849423, 1, 'Doublelift', 1036, 879017, 1);
INSERT INTO interacts VALUES(685483849423, 1, 'Biofrost', 2045, 881133, 1);
INSERT INTO interacts VALUES(685483849423, 1, 'CoreJJ', 2010, 928472, 1);
INSERT INTO interacts VALUES(685483849423, 1, 'CoreJJ', 2010, 928576, 1);
INSERT INTO interacts VALUES(685483849423, 1, 'CoreJJ', 2010, 928723, 1);
INSERT INTO interacts VALUES(685483849423, 1, 'Hauntzer', 3152, 932375, 1);
INSERT INTO interacts VALUES(685483849423, 1, 'Hauntzer', 1033, 933939, 1);
INSERT INTO interacts VALUES(685483849423, 1, 'Biofrost', 2043, 934508, 1);
INSERT INTO interacts VALUES(685483849423, 1, 'Svenskeren', 1409, 937581, 1);
INSERT INTO interacts VALUES(685483849423, 1, 'Svenskeren', 1011, 939284, 1);
INSERT INTO interacts VALUES(685483849423, 1, 'Svenskeren', 3364, 939806, 1);
INSERT INTO interacts VALUES(685483849423, 1, 'Svenskeren', 2043, 940254, 1);
INSERT INTO interacts VALUES(685483849423, 1, 'Ambition', 3211, 944697, 1);
INSERT INTO interacts VALUES(685483849423, 1, 'Ambition', 1028, 945833, 1);
INSERT INTO interacts VALUES(685483849423, 1, 'Ambition', 2031, 946552, 0);
INSERT INTO interacts VALUES(685483849423, 1, 'Crown', 2043, 948599, 1);
INSERT INTO interacts VALUES(685483849423, 1, 'Crown', 2003, 949376, 1);
INSERT INTO interacts VALUES(685483849423, 1, 'Crown', 1011, 951754, 1);
INSERT INTO interacts VALUES(685483849423, 1, 'Ambition', 2043, 951917, 1);
INSERT INTO interacts VALUES(685483849423, 1, 'Bjergsen', 3158, 959366, 1);
INSERT INTO interacts VALUES(685483849423, 1, 'Bjergsen', 2031, 960553, 0);
INSERT INTO interacts VALUES(685483849423, 1, 'Bjergsen', 3108, 961398, 1);
INSERT INTO interacts VALUES(685483849423, 1, 'Ruler', 3363, 963152, 1);
INSERT INTO interacts VALUES(685483849423, 1, 'Ruler', 1036, 964095, 1);
INSERT INTO interacts VALUES(685483849423, 1, 'Ruler', 2043, 964500, 1);
INSERT INTO interacts VALUES(685483849423, 1, 'CuVee', 3001, 965279, 1);
INSERT INTO interacts VALUES(685483849423, 1, 'CuVee', 1052, 965629, 1);
INSERT INTO interacts VALUES(685483849423, 1, 'CuVee', 2043, 966668, 1);
INSERT INTO interacts VALUES(685483849423, 1, 'CoreJJ', 1028, 1034223, 1);
INSERT INTO interacts VALUES(685483849423, 1, 'Biofrost', 1028, 1068463, 1);
INSERT INTO interacts VALUES(685483849423, 1, 'Biofrost', 3801, 1069298, 1);
INSERT INTO interacts VALUES(685483849423, 1, 'Biofrost', 3364, 1071174, 1);
INSERT INTO interacts VALUES(685483849423, 1, 'Doublelift', 3071, 1138064, 1);
INSERT INTO interacts VALUES(685483849423, 1, 'Ambition', 3111, 1138129, 1);
INSERT INTO interacts VALUES(685483849423, 1, 'Ambition', 2043, 1138550, 1);
INSERT INTO interacts VALUES(685483849423, 1, 'Doublelift', 1051, 1140022, 1);
INSERT INTO interacts VALUES(685483849423, 1, 'Hauntzer', 1057, 1163250, 1);
INSERT INTO interacts VALUES(685483849423, 1, 'Hauntzer', 1055, 1165215, 0);
INSERT INTO interacts VALUES(685483849423, 1, 'Hauntzer', 3108, 1166740, 1);
INSERT INTO interacts VALUES(685483849423, 1, 'Ruler', 1038, 1201394, 1);
INSERT INTO interacts VALUES(685483849423, 1, 'Ruler', 3009, 1201768, 1);
INSERT INTO interacts VALUES(685483849423, 1, 'CoreJJ', 2045, 1201980, 1);
INSERT INTO interacts VALUES(685483849423, 1, 'CoreJJ', 3364, 1203247, 1);
INSERT INTO interacts VALUES(685483849423, 1, 'CoreJJ', 2043, 1205815, 1);
INSERT INTO interacts VALUES(685483849423, 1, 'CoreJJ', 2043, 1205946, 1);
INSERT INTO interacts VALUES(685483849423, 1, 'CuVee', 3136, 1212576, 1);
INSERT INTO interacts VALUES(685483849423, 1, 'CuVee', 2043, 1213991, 1);
INSERT INTO interacts VALUES(685483849423, 1, 'Bjergsen', 3165, 1254838, 1);
INSERT INTO interacts VALUES(685483849423, 1, 'Bjergsen', 2043, 1255731, 1);
INSERT INTO interacts VALUES(685483849423, 1, 'Doublelift', 3086, 1261896, 1);
INSERT INTO interacts VALUES(685483849423, 1, 'Doublelift', 1083, 1264498, 0);
INSERT INTO interacts VALUES(685483849423, 1, 'Doublelift', 2043, 1265374, 1);
INSERT INTO interacts VALUES(685483849423, 1, 'Biofrost', 1028, 1265520, 1);
INSERT INTO interacts VALUES(685483849423, 1, 'Biofrost', 2031, 1267221, 0);
INSERT INTO interacts VALUES(685483849423, 1, 'Svenskeren', 3211, 1267333, 1);
INSERT INTO interacts VALUES(685483849423, 1, 'Biofrost', 2043, 1267934, 1);
INSERT INTO interacts VALUES(685483849423, 1, 'Svenskeren', 1057, 1267998, 1);
INSERT INTO interacts VALUES(685483849423, 1, 'Biofrost', 2043, 1268115, 1);
INSERT INTO interacts VALUES(685483849423, 1, 'Hauntzer', 3001, 1283480, 1);
INSERT INTO interacts VALUES(685483849423, 1, 'CoreJJ', 3097, 1295337, 1);
INSERT INTO interacts VALUES(685483849423, 1, 'Ruler', 2031, 1295502, 0);
INSERT INTO interacts VALUES(685483849423, 1, 'Ruler', 3134, 1297016, 1);
INSERT INTO interacts VALUES(685483849423, 1, 'Crown', 3116, 1315332, 1);
INSERT INTO interacts VALUES(685483849423, 1, 'Crown', 2003, 1316700, 1);
INSERT INTO interacts VALUES(685483849423, 1, 'Crown', 2043, 1316960, 1);
INSERT INTO interacts VALUES(685483849423, 1, 'Crown', 2043, 1319169, 1);
INSERT INTO interacts VALUES(685483849423, 1, 'Ambition', 3065, 1323576, 1);
INSERT INTO interacts VALUES(685483849423, 1, 'Ambition', 2043, 1324193, 1);
INSERT INTO interacts VALUES(685483849423, 1, 'CuVee', 1026, 1358889, 1);
INSERT INTO interacts VALUES(685483849423, 1, 'Bjergsen', 1026, 1365067, 1);
INSERT INTO interacts VALUES(685483849423, 1, 'Biofrost', 3105, 1379366, 1);
INSERT INTO interacts VALUES(685483849423, 1, 'Svenskeren', 3102, 1391865, 1);
INSERT INTO interacts VALUES(685483849423, 1, 'Svenskeren', 2043, 1392641, 1);
INSERT INTO interacts VALUES(685483849423, 1, 'Hauntzer', 1026, 1398003, 1);
INSERT INTO interacts VALUES(685483849423, 1, 'Ruler', 3147, 1423155, 1);
INSERT INTO interacts VALUES(685483849423, 1, 'Ambition', 3082, 1423518, 1);
INSERT INTO interacts VALUES(685483849423, 1, 'CoreJJ', 3067, 1423760, 1);
INSERT INTO interacts VALUES(685483849423, 1, 'CoreJJ', 2010, 1425206, 1);
INSERT INTO interacts VALUES(685483849423, 1, 'CoreJJ', 2010, 1425336, 1);
INSERT INTO interacts VALUES(685483849423, 1, 'Ambition', 1011, 1427415, 1);
INSERT INTO interacts VALUES(685483849423, 1, 'Crown', 1026, 1428296, 1);
INSERT INTO interacts VALUES(685483849423, 1, 'Crown', 1052, 1428878, 1);
INSERT INTO interacts VALUES(685483849423, 1, 'Ruler', 1037, 1430193, 1);
INSERT INTO interacts VALUES(685483849423, 1, 'CuVee', 3151, 1438639, 1);
INSERT INTO interacts VALUES(685483849423, 1, 'CuVee', 2043, 1440678, 1);
INSERT INTO interacts VALUES(685483849423, 1, 'Doublelift', 3094, 1449317, 1);
INSERT INTO interacts VALUES(685483849423, 1, 'CuVee', 1026, 1507507, 1);
INSERT INTO interacts VALUES(685483849423, 1, 'Ruler', 3035, 1626606, 1);
INSERT INTO interacts VALUES(685483849423, 1, 'CoreJJ', 3401, 1627077, 1);
INSERT INTO interacts VALUES(685483849423, 1, 'Crown', 3135, 1627442, 1);
INSERT INTO interacts VALUES(685483849423, 1, 'CoreJJ', 3067, 1627703, 1);
INSERT INTO interacts VALUES(685483849423, 1, 'Ruler', 1037, 1628384, 1);
INSERT INTO interacts VALUES(685483849423, 1, 'CoreJJ', 2010, 1628514, 1);
INSERT INTO interacts VALUES(685483849423, 1, 'Crown', 2043, 1629590, 1);
INSERT INTO interacts VALUES(685483849423, 1, 'Crown', 2043, 1629716, 1);
INSERT INTO interacts VALUES(685483849423, 1, 'Biofrost', 3190, 1630201, 1);
INSERT INTO interacts VALUES(685483849423, 1, 'CoreJJ', 2043, 1632636, 1);
INSERT INTO interacts VALUES(685483849423, 1, 'CuVee', 3135, 1637527, 1);
INSERT INTO interacts VALUES(685483849423, 1, 'Ambition', 1031, 1638402, 1);
INSERT INTO interacts VALUES(685483849423, 1, 'CuVee', 2031, 1638858, 0);
INSERT INTO interacts VALUES(685483849423, 1, 'CuVee', 2043, 1639511, 1);
INSERT INTO interacts VALUES(685483849423, 1, 'Bjergsen', 1056, 1645968, 0);
INSERT INTO interacts VALUES(685483849423, 1, 'Bjergsen', 3135, 1654720, 1);
INSERT INTO interacts VALUES(685483849423, 1, 'Svenskeren', 3082, 1664662, 1);
INSERT INTO interacts VALUES(685483849423, 1, 'Svenskeren', 2032, 1665639, 0);
INSERT INTO interacts VALUES(685483849423, 1, 'Doublelift', 1038, 1668660, 1);
INSERT INTO interacts VALUES(685483849423, 1, 'Svenskeren', 1031, 1672292, 1);
INSERT INTO interacts VALUES(685483849423, 1, 'Hauntzer', 2031, 1674407, 0);
INSERT INTO interacts VALUES(685483849423, 1, 'Hauntzer', 3135, 1675675, 1);
INSERT INTO interacts VALUES(685483849423, 1, 'Hauntzer', 1029, 1742315, 1);
INSERT INTO interacts VALUES(685483849423, 1, 'Svenskeren', 2032, 1743614, 0);
INSERT INTO interacts VALUES(685483849423, 1, 'Svenskeren', 1057, 1745301, 1);
INSERT INTO interacts VALUES(685483849423, 1, 'Biofrost', 1052, 1746216, 1);
INSERT INTO interacts VALUES(685483849423, 1, 'Ruler', 2140, 1755070, 1);
INSERT INTO interacts VALUES(685483849423, 1, 'Ambition', 3742, 1761221, 1);
INSERT INTO interacts VALUES(685483849423, 1, 'Ambition', 2043, 1761736, 1);
INSERT INTO interacts VALUES(685483849423, 1, 'CoreJJ', 2043, 1761746, 1);
INSERT INTO interacts VALUES(685483849423, 1, 'CoreJJ', 2043, 1761903, 1);
INSERT INTO interacts VALUES(685483849423, 1, 'Crown', 1058, 1762235, 1);
INSERT INTO interacts VALUES(685483849423, 1, 'Doublelift', 3006, 1790544, 1);
INSERT INTO interacts VALUES(685483849423, 1, 'Biofrost', 3113, 1794700, 1);
INSERT INTO interacts VALUES(685483849423, 1, 'Doublelift', 2140, 1795187, 1);
INSERT INTO interacts VALUES(685483849423, 1, 'Bjergsen', 1056, 1804538, 0);
INSERT INTO interacts VALUES(685483849423, 1, 'Svenskeren', 3026, 1804667, 1);
INSERT INTO interacts VALUES(685483849423, 1, 'Bjergsen', 1058, 1805682, 1);
INSERT INTO interacts VALUES(685483849423, 1, 'Svenskeren', 2043, 1805911, 1);
INSERT INTO interacts VALUES(685483849423, 1, 'Ruler', 3036, 1891004, 1);
INSERT INTO interacts VALUES(685483849423, 1, 'Ambition', 1057, 1892112, 1);
INSERT INTO interacts VALUES(685483849423, 1, 'CuVee', 3191, 1892145, 1);
INSERT INTO interacts VALUES(685483849423, 1, 'CoreJJ', 2010, 1893157, 0);
INSERT INTO interacts VALUES(685483849423, 1, 'Crown', 1056, 1893762, 0);
INSERT INTO interacts VALUES(685483849423, 1, 'Crown', 1026, 1894421, 1);
INSERT INTO interacts VALUES(685483849423, 1, 'CoreJJ', 3801, 1894812, 1);
INSERT INTO interacts VALUES(685483849423, 1, 'CoreJJ', 2043, 1894884, 1);
INSERT INTO interacts VALUES(685483849423, 1, 'Hauntzer', 1055, 1897114, 0);
INSERT INTO interacts VALUES(685483849423, 1, 'Hauntzer', 3191, 1899470, 1);
INSERT INTO interacts VALUES(685483849423, 1, 'Hauntzer', 2043, 1900215, 1);
INSERT INTO interacts VALUES(685483849423, 1, 'Biofrost', 2043, 1903732, 1);
INSERT INTO interacts VALUES(685483849423, 1, 'Bjergsen', 2139, 1909408, 1);
INSERT INTO interacts VALUES(685483849423, 1, 'Crown', 3089, 2061910, 1);
INSERT INTO interacts VALUES(685483849423, 1, 'Crown', 2043, 2063477, 1);
INSERT INTO interacts VALUES(685483849423, 1, 'CoreJJ', 3105, 2067868, 1);
INSERT INTO interacts VALUES(685483849423, 1, 'CoreJJ', 2043, 2068678, 1);
INSERT INTO interacts VALUES(685483849423, 1, 'CoreJJ', 2043, 2068808, 1);
INSERT INTO interacts VALUES(685483849423, 1, 'Biofrost', 3114, 2080803, 1);
INSERT INTO interacts VALUES(685483849423, 1, 'Svenskeren', 1031, 2081552, 1);
INSERT INTO interacts VALUES(685483849423, 1, 'Hauntzer', 1052, 2082855, 1);
INSERT INTO interacts VALUES(685483849423, 1, 'Svenskeren', 2043, 2084489, 1);
INSERT INTO interacts VALUES(685483849423, 1, 'Svenskeren', 2043, 2084617, 1);
INSERT INTO interacts VALUES(685483849423, 1, 'Bjergsen', 1026, 2090441, 1);
INSERT INTO interacts VALUES(685483849423, 1, 'Bjergsen', 3363, 2092099, 1);
INSERT INTO interacts VALUES(685483849423, 1, 'Doublelift', 3031, 2129300, 1);
INSERT INTO interacts VALUES(685483849423, 1, 'Ruler', 1055, 2167311, 0);
INSERT INTO interacts VALUES(685483849423, 1, 'Ruler', 1038, 2169015, 1);
INSERT INTO interacts VALUES(685483849423, 1, 'CoreJJ', 3190, 2176151, 1);
INSERT INTO interacts VALUES(685483849423, 1, 'CoreJJ', 2043, 2177060, 1);
INSERT INTO interacts VALUES(685483849423, 1, 'CoreJJ', 2043, 2177158, 1);
INSERT INTO interacts VALUES(685483849423, 1, 'CuVee', 1054, 2178268, 0);
INSERT INTO interacts VALUES(685483849423, 1, 'CuVee', 3157, 2179339, 1);
INSERT INTO interacts VALUES(685483849423, 1, 'Hauntzer', 3157, 2191630, 1);
INSERT INTO interacts VALUES(685483849423, 1, 'Hauntzer', 2043, 2192544, 1);
INSERT INTO interacts VALUES(685483849423, 1, 'Crown', 3057, 2224795, 1);
INSERT INTO interacts VALUES(685483849423, 1, 'Ambition', 3026, 2233939, 1);
INSERT INTO interacts VALUES(685483849423, 1, 'Hauntzer', 2139, 2256716, 1);
INSERT INTO interacts VALUES(685483849423, 1, 'Doublelift', 1055, 2297612, 0);
INSERT INTO interacts VALUES(685483849423, 1, 'Doublelift', 3140, 2298166, 1);
INSERT INTO interacts VALUES(685483849423, 1, 'CoreJJ', 2043, 2303831, 1);
INSERT INTO interacts VALUES(685483849423, 1, 'CuVee', 2043, 2304973, 1);
INSERT INTO interacts VALUES(685483849423, 1, 'Biofrost', 3504, 2305527, 1);
INSERT INTO interacts VALUES(685483849423, 1, 'Biofrost', 1052, 2310056, 1);
INSERT INTO interacts VALUES(685483849423, 1, 'Doublelift', 2140, 2310933, 1);
INSERT INTO interacts VALUES(685483849423, 1, 'Biofrost', 1033, 2314616, 1);
INSERT INTO interacts VALUES(685483849423, 1, 'CoreJJ', 1057, 2315895, 1);
INSERT INTO interacts VALUES(685483849423, 1, 'CoreJJ', 1031, 2317296, 1);
INSERT INTO interacts VALUES(685483849423, 1, 'Svenskeren', 3143, 2334010, 1);
INSERT INTO interacts VALUES(685483849423, 1, 'Bjergsen', 3089, 2334410, 1);
INSERT INTO interacts VALUES(685483849423, 1, 'Svenskeren', 2043, 2335129, 1);
INSERT INTO interacts VALUES(685483849423, 1, 'Svenskeren', 2043, 2335258, 1);
INSERT INTO interacts VALUES(685483849423, 1, 'Bjergsen', 2043, 2340728, 1);
INSERT INTO interacts VALUES(685483849423, 1, 'Bjergsen', 2043, 2341153, 1);
INSERT INTO interacts VALUES(685483849423, 1, 'Hauntzer', 1026, 2341838, 1);
INSERT INTO interacts VALUES(685483849423, 1, 'Ambition', 2138, 2356190, 1);
INSERT INTO interacts VALUES(685483849423, 1, 'Ruler', 3031, 2372199, 1);
INSERT INTO interacts VALUES(685483849423, 1, 'Bjergsen', 2043, 2462533, 0);
INSERT INTO interacts VALUES(685483849423, 1, 'Bjergsen', 2139, 2463834, 1);
INSERT INTO interacts VALUES(685483849423, 1, 'Biofrost', 3028, 2466438, 1);
INSERT INTO interacts VALUES(685483849423, 1, 'CuVee', 1058, 2522304, 1);
INSERT INTO interacts VALUES(685483849423, 1, 'Crown', 3100, 2523994, 1);
INSERT INTO interacts VALUES(685483849423, 1, 'CoreJJ', 3026, 2526222, 1);
INSERT INTO interacts VALUES(685483849423, 1, 'Hauntzer', 2139, 2539420, 1);
INSERT INTO interacts VALUES(685483849423, 1, 'Bjergsen', 1058, 2566916, 1);
INSERT INTO interacts VALUES(685483849423, 1, 'CoreJJ', 2138, 2588082, 1);
INSERT INTO interacts VALUES(685483849423, 1, 'Crown', 2139, 2591568, 1);
INSERT INTO interacts VALUES(685483849423, 1, 'Ambition', 3748, 2594132, 1);
INSERT INTO interacts VALUES(685483849423, 1, 'Ambition', 2138, 2594716, 1);
INSERT INTO interacts VALUES(685483849423, 1, 'Ruler', 3094, 2595109, 1);
INSERT INTO interacts VALUES(685483849423, 1, 'Biofrost', 3174, 2700928, 1);
INSERT INTO interacts VALUES(685483849423, 1, 'Svenskeren', 1056, 2703251, 1);
INSERT INTO interacts VALUES(685483849423, 1, 'Biofrost', 3222, 2703389, 1);
INSERT INTO series VALUES(497171820669, 1);
INSERT INTO organizes VALUES('world_championship_2016', 497171820669, 'group_d - SPY-vs-RNG');
INSERT INTO competes VALUES(497171820669, 'SPY', 1);
INSERT INTO competes VALUES(497171820669, 'RNG', 0);
INSERT INTO matches VALUES(497171820669, 1, '2016-10-08');
INSERT INTO scores VALUES('SPY', 497171820669, 1, 1, 9, 0, 2, 2, 1);
INSERT INTO scores VALUES('RNG', 497171820669, 1, 0, 1, 0, 0, 0, 0);
INSERT INTO bans VALUES(497171820669, 1, 68, 1);
INSERT INTO bans VALUES(497171820669, 1, 81, 3);
INSERT INTO bans VALUES(497171820669, 1, 8, 5);
INSERT INTO bans VALUES(497171820669, 1, 136, 2);
INSERT INTO bans VALUES(497171820669, 1, 76, 4);
INSERT INTO bans VALUES(497171820669, 1, 134, 6);
INSERT INTO plays VALUES(497171820669, 1, 'Wunder', 126, 'top', 1, 3, 9, 27270, 18, 3, 310, 16, 2, 15027);
INSERT INTO plays VALUES(497171820669, 1, 'Trashy', 60, 'jungle', 3, 0, 9, 11738, 30, 26, 54, 70, 25, 13922);
INSERT INTO plays VALUES(497171820669, 1, 'Sencux', 90, 'mid', 6, 0, 4, 17294, 19, 7, 239, 15, 4, 14451);
INSERT INTO plays VALUES(497171820669, 1, 'Kobbe', 202, 'adc', 5, 1, 8, 20730, 11, 10, 289, 4, 7, 14950);
INSERT INTO plays VALUES(497171820669, 1, 'Mikyx', 201, 'support', 1, 0, 12, 6869, 48, 20, 64, 0, 0, 10697);
INSERT INTO plays VALUES(497171820669, 1, 'Looper', 78, 'top', 0, 4, 3, 4207, 20, 6, 249, 0, 0, 10513);
INSERT INTO plays VALUES(497171820669, 1, 'Mlxg', 2, 'jungle', 1, 3, 1, 7455, 29, 16, 42, 85, 1, 9958);
INSERT INTO plays VALUES(497171820669, 1, 'Xiaohu', 13, 'mid', 1, 2, 1, 7720, 23, 10, 297, 20, 1, 12700);
INSERT INTO plays VALUES(497171820669, 1, 'Uzi', 51, 'adc', 2, 2, 0, 16945, 17, 20, 335, 21, 0, 13220);
INSERT INTO plays VALUES(497171820669, 1, 'Mata', 43, 'support', 0, 5, 2, 8379, 57, 16, 27, 0, 0, 7849);
INSERT INTO interacts VALUES(497171820669, 1, 'Mata', 3303, 1541, 1);
INSERT INTO interacts VALUES(497171820669, 1, 'Xiaohu', 1027, 1840, 1);
INSERT INTO interacts VALUES(497171820669, 1, 'Mata', 2010, 1866, 1);
INSERT INTO interacts VALUES(497171820669, 1, 'Mata', 2010, 1995, 1);
INSERT INTO interacts VALUES(497171820669, 1, 'Uzi', 1055, 2100, 1);
INSERT INTO interacts VALUES(497171820669, 1, 'Mata', 2010, 2125, 1);
INSERT INTO interacts VALUES(497171820669, 1, 'Kobbe', 1055, 2125, 1);
INSERT INTO interacts VALUES(497171820669, 1, 'Xiaohu', 3340, 2288, 1);
INSERT INTO interacts VALUES(497171820669, 1, 'Mata', 3340, 2320, 1);
INSERT INTO interacts VALUES(497171820669, 1, 'Uzi', 2003, 2320, 1);
INSERT INTO interacts VALUES(497171820669, 1, 'Wunder', 1055, 2360, 1);
INSERT INTO interacts VALUES(497171820669, 1, 'Kobbe', 2010, 2417, 1);
INSERT INTO interacts VALUES(497171820669, 1, 'Uzi', 3340, 2546, 1);
INSERT INTO interacts VALUES(497171820669, 1, 'Wunder', 2003, 2618, 1);
INSERT INTO interacts VALUES(497171820669, 1, 'Kobbe', 3340, 2677, 1);
INSERT INTO interacts VALUES(497171820669, 1, 'Sencux', 1056, 2775, 1);
INSERT INTO interacts VALUES(497171820669, 1, 'Mlxg', 1039, 2775, 1);
INSERT INTO interacts VALUES(497171820669, 1, 'Looper', 2033, 2838, 1);
INSERT INTO interacts VALUES(497171820669, 1, 'Trashy', 1039, 2878, 1);
INSERT INTO interacts VALUES(497171820669, 1, 'Wunder', 3340, 2878, 1);
INSERT INTO interacts VALUES(497171820669, 1, 'Mikyx', 3302, 2969, 1);
INSERT INTO interacts VALUES(497171820669, 1, 'Mlxg', 2031, 2969, 1);
INSERT INTO interacts VALUES(497171820669, 1, 'Sencux', 2003, 3001, 1);
INSERT INTO interacts VALUES(497171820669, 1, 'Looper', 3340, 3136, 1);
INSERT INTO interacts VALUES(497171820669, 1, 'Sencux', 2003, 3163, 1);
INSERT INTO interacts VALUES(497171820669, 1, 'Sencux', 3340, 3455, 1);
INSERT INTO interacts VALUES(497171820669, 1, 'Mikyx', 2010, 3455, 1);
INSERT INTO interacts VALUES(497171820669, 1, 'Mlxg', 3340, 3520, 1);
INSERT INTO interacts VALUES(497171820669, 1, 'Mikyx', 2010, 3617, 1);
INSERT INTO interacts VALUES(497171820669, 1, 'Mikyx', 2010, 3779, 1);
INSERT INTO interacts VALUES(497171820669, 1, 'Xiaohu', 2031, 4004, 1);
INSERT INTO interacts VALUES(497171820669, 1, 'Mikyx', 3340, 4135, 1);
INSERT INTO interacts VALUES(497171820669, 1, 'Trashy', 2031, 4176, 1);
INSERT INTO interacts VALUES(497171820669, 1, 'Trashy', 3340, 4589, 1);
INSERT INTO interacts VALUES(497171820669, 1, 'Wunder', 1055, 231357, 1);
INSERT INTO interacts VALUES(497171820669, 1, 'Wunder', 2003, 231581, 1);
INSERT INTO interacts VALUES(497171820669, 1, 'Wunder', 2043, 232458, 1);
INSERT INTO interacts VALUES(497171820669, 1, 'Mlxg', 2032, 244512, 1);
INSERT INTO interacts VALUES(497171820669, 1, 'Mlxg', 1001, 245653, 1);
INSERT INTO interacts VALUES(497171820669, 1, 'Looper', 1054, 254287, 1);
INSERT INTO interacts VALUES(497171820669, 1, 'Looper', 2043, 254807, 1);
INSERT INTO interacts VALUES(497171820669, 1, 'Xiaohu', 3070, 301073, 1);
INSERT INTO interacts VALUES(497171820669, 1, 'Xiaohu', 1001, 305039, 1);
INSERT INTO interacts VALUES(497171820669, 1, 'Xiaohu', 2043, 306278, 1);
INSERT INTO interacts VALUES(497171820669, 1, 'Kobbe', 1036, 324577, 1);
INSERT INTO interacts VALUES(497171820669, 1, 'Kobbe', 1036, 324738, 1);
INSERT INTO interacts VALUES(497171820669, 1, 'Kobbe', 2010, 325676, 1);
INSERT INTO interacts VALUES(497171820669, 1, 'Kobbe', 2010, 325870, 1);
INSERT INTO interacts VALUES(497171820669, 1, 'Sencux', 3802, 332239, 1);
INSERT INTO interacts VALUES(497171820669, 1, 'Sencux', 2043, 333696, 1);
INSERT INTO interacts VALUES(497171820669, 1, 'Trashy', 3117, 336064, 1);
INSERT INTO interacts VALUES(497171820669, 1, 'Trashy', 2043, 337034, 1);
INSERT INTO interacts VALUES(497171820669, 1, 'Mata', 1028, 341096, 1);
INSERT INTO interacts VALUES(497171820669, 1, 'Mata', 2043, 341716, 1);
INSERT INTO interacts VALUES(497171820669, 1, 'Mata', 2031, 342173, 1);
INSERT INTO interacts VALUES(497171820669, 1, 'Mata', 2043, 343110, 1);
INSERT INTO interacts VALUES(497171820669, 1, 'Uzi', 1038, 347464, 1);
INSERT INTO interacts VALUES(497171820669, 1, 'Mikyx', 1028, 351132, 1);
INSERT INTO interacts VALUES(497171820669, 1, 'Mikyx', 1001, 351588, 1);
INSERT INTO interacts VALUES(497171820669, 1, 'Mikyx', 2010, 354246, 1);
INSERT INTO interacts VALUES(497171820669, 1, 'Mlxg', 3158, 380144, 1);
INSERT INTO interacts VALUES(497171820669, 1, 'Uzi', 1001, 442007, 1);
INSERT INTO interacts VALUES(497171820669, 1, 'Uzi', 2003, 442300, 1);
INSERT INTO interacts VALUES(497171820669, 1, 'Uzi', 2003, 442404, 1);
INSERT INTO interacts VALUES(497171820669, 1, 'Wunder', 3044, 519563, 1);
INSERT INTO interacts VALUES(497171820669, 1, 'Wunder', 1036, 519907, 1);
INSERT INTO interacts VALUES(497171820669, 1, 'Wunder', 2003, 521237, 0);
INSERT INTO interacts VALUES(497171820669, 1, 'Wunder', 2031, 522828, 1);
INSERT INTO interacts VALUES(497171820669, 1, 'Mlxg', 3711, 527936, 1);
INSERT INTO interacts VALUES(497171820669, 1, 'Looper', 3751, 532190, 1);
INSERT INTO interacts VALUES(497171820669, 1, 'Looper', 1029, 532709, 1);
INSERT INTO interacts VALUES(497171820669, 1, 'Trashy', 3113, 542224, 1);
INSERT INTO interacts VALUES(497171820669, 1, 'Mata', 2049, 543973, 1);
INSERT INTO interacts VALUES(497171820669, 1, 'Trashy', 2043, 544101, 1);
INSERT INTO interacts VALUES(497171820669, 1, 'Mata', 2043, 545138, 1);
INSERT INTO interacts VALUES(497171820669, 1, 'Mata', 2043, 545302, 1);
INSERT INTO interacts VALUES(497171820669, 1, 'Xiaohu', 3111, 547411, 1);
INSERT INTO interacts VALUES(497171820669, 1, 'Xiaohu', 1028, 548870, 1);
INSERT INTO interacts VALUES(497171820669, 1, 'Xiaohu', 1027, 550007, 1);
INSERT INTO interacts VALUES(497171820669, 1, 'Kobbe', 1038, 556252, 1);
INSERT INTO interacts VALUES(497171820669, 1, 'Mikyx', 2049, 556709, 1);
INSERT INTO interacts VALUES(497171820669, 1, 'Kobbe', 2010, 556741, 1);
INSERT INTO interacts VALUES(497171820669, 1, 'Kobbe', 2010, 556907, 1);
INSERT INTO interacts VALUES(497171820669, 1, 'Mikyx', 3341, 557780, 1);
INSERT INTO interacts VALUES(497171820669, 1, 'Mikyx', 2043, 558168, 1);
INSERT INTO interacts VALUES(497171820669, 1, 'Mikyx', 2010, 558494, 1);
INSERT INTO interacts VALUES(497171820669, 1, 'Sencux', 3108, 560574, 1);
INSERT INTO interacts VALUES(497171820669, 1, 'Sencux', 1001, 561710, 1);
INSERT INTO interacts VALUES(497171820669, 1, 'Mikyx', 2043, 561876, 1);
INSERT INTO interacts VALUES(497171820669, 1, 'Sencux', 2043, 562013, 1);
INSERT INTO interacts VALUES(497171820669, 1, 'Uzi', 3006, 581652, 1);
INSERT INTO interacts VALUES(497171820669, 1, 'Xiaohu', 3010, 654103, 1);
INSERT INTO interacts VALUES(497171820669, 1, 'Xiaohu', 2043, 656413, 1);
INSERT INTO interacts VALUES(497171820669, 1, 'Sencux', 3020, 681314, 1);
INSERT INTO interacts VALUES(497171820669, 1, 'Wunder', 3133, 699202, 1);
INSERT INTO interacts VALUES(497171820669, 1, 'Wunder', 2043, 701733, 1);
INSERT INTO interacts VALUES(497171820669, 1, 'Wunder', 3363, 703942, 1);
INSERT INTO interacts VALUES(497171820669, 1, 'Mlxg', 1028, 707576, 1);
INSERT INTO interacts VALUES(497171820669, 1, 'Mlxg', 3341, 717757, 1);
INSERT INTO interacts VALUES(497171820669, 1, 'Mata', 1001, 722227, 1);
INSERT INTO interacts VALUES(497171820669, 1, 'Mata', 2043, 723073, 1);
INSERT INTO interacts VALUES(497171820669, 1, 'Mlxg', 3751, 724217, 1);
INSERT INTO interacts VALUES(497171820669, 1, 'Mata', 3341, 724995, 1);
INSERT INTO interacts VALUES(497171820669, 1, 'Looper', 1031, 726300, 1);
INSERT INTO interacts VALUES(497171820669, 1, 'Looper', 1001, 728947, 1);
INSERT INTO interacts VALUES(497171820669, 1, 'Looper', 2043, 732392, 1);
INSERT INTO interacts VALUES(497171820669, 1, 'Kobbe', 3009, 753367, 1);
INSERT INTO interacts VALUES(497171820669, 1, 'Kobbe', 3133, 754273, 1);
INSERT INTO interacts VALUES(497171820669, 1, 'Trashy', 3711, 755439, 1);
INSERT INTO interacts VALUES(497171820669, 1, 'Trashy', 2043, 757324, 1);
INSERT INTO interacts VALUES(497171820669, 1, 'Kobbe', 2043, 758718, 1);
INSERT INTO interacts VALUES(497171820669, 1, 'Mikyx', 3117, 777464, 1);
INSERT INTO interacts VALUES(497171820669, 1, 'Mikyx', 2010, 778026, 1);
INSERT INTO interacts VALUES(497171820669, 1, 'Mikyx', 2010, 778109, 1);
INSERT INTO interacts VALUES(497171820669, 1, 'Uzi', 1043, 787318, 1);
INSERT INTO interacts VALUES(497171820669, 1, 'Uzi', 2043, 788045, 1);
INSERT INTO interacts VALUES(497171820669, 1, 'Uzi', 2003, 789004, 1);
INSERT INTO interacts VALUES(497171820669, 1, 'Wunder', 3071, 845424, 1);
INSERT INTO interacts VALUES(497171820669, 1, 'Wunder', 3158, 847576, 1);
INSERT INTO interacts VALUES(497171820669, 1, 'Looper', 1033, 849737, 1);
INSERT INTO interacts VALUES(497171820669, 1, 'Mata', 3117, 853123, 1);
INSERT INTO interacts VALUES(497171820669, 1, 'Mata', 3158, 855661, 1);
INSERT INTO interacts VALUES(497171820669, 1, 'Uzi', 1042, 857348, 1);
INSERT INTO interacts VALUES(497171820669, 1, 'Mata', 2043, 858336, 1);
INSERT INTO interacts VALUES(497171820669, 1, 'Sencux', 3165, 867786, 1);
INSERT INTO interacts VALUES(497171820669, 1, 'Sencux', 1052, 868759, 1);
INSERT INTO interacts VALUES(497171820669, 1, 'Sencux', 2043, 869475, 1);
INSERT INTO interacts VALUES(497171820669, 1, 'Mikyx', 2045, 870940, 1);
INSERT INTO interacts VALUES(497171820669, 1, 'Mikyx', 2010, 872109, 1);
INSERT INTO interacts VALUES(497171820669, 1, 'Mikyx', 2043, 872290, 1);
INSERT INTO interacts VALUES(497171820669, 1, 'Kobbe', 1018, 872336, 1);
INSERT INTO interacts VALUES(497171820669, 1, 'Uzi', 3363, 873246, 1);
INSERT INTO interacts VALUES(497171820669, 1, 'Kobbe', 2010, 873846, 0);
INSERT INTO interacts VALUES(497171820669, 1, 'Kobbe', 1042, 876766, 1);
INSERT INTO interacts VALUES(497171820669, 1, 'Kobbe', 3363, 878808, 1);
INSERT INTO interacts VALUES(497171820669, 1, 'Trashy', 1410, 883724, 1);
INSERT INTO interacts VALUES(497171820669, 1, 'Trashy', 1028, 884289, 1);
INSERT INTO interacts VALUES(497171820669, 1, 'Xiaohu', 3027, 903890, 1);
INSERT INTO interacts VALUES(497171820669, 1, 'Xiaohu', 2043, 904981, 1);
INSERT INTO interacts VALUES(497171820669, 1, 'Xiaohu', 2043, 905203, 1);
INSERT INTO interacts VALUES(497171820669, 1, 'Looper', 3111, 918537, 1);
INSERT INTO interacts VALUES(497171820669, 1, 'Looper', 2043, 919057, 1);
INSERT INTO interacts VALUES(497171820669, 1, 'Mlxg', 1409, 950467, 1);
INSERT INTO interacts VALUES(497171820669, 1, 'Mlxg', 1028, 951908, 1);
INSERT INTO interacts VALUES(497171820669, 1, 'Mlxg', 2043, 952883, 1);
INSERT INTO interacts VALUES(497171820669, 1, 'Sencux', 1058, 1016479, 1);
INSERT INTO interacts VALUES(497171820669, 1, 'Mlxg', 1029, 1019433, 1);
INSERT INTO interacts VALUES(497171820669, 1, 'Mlxg', 3364, 1020805, 1);
INSERT INTO interacts VALUES(497171820669, 1, 'Kobbe', 3508, 1025141, 1);
INSERT INTO interacts VALUES(497171820669, 1, 'Mikyx', 3364, 1026016, 1);
INSERT INTO interacts VALUES(497171820669, 1, 'Kobbe', 1051, 1026212, 1);
INSERT INTO interacts VALUES(497171820669, 1, 'Mikyx', 1028, 1026405, 1);
INSERT INTO interacts VALUES(497171820669, 1, 'Wunder', 3134, 1026634, 1);
INSERT INTO interacts VALUES(497171820669, 1, 'Mikyx', 3801, 1027187, 1);
INSERT INTO interacts VALUES(497171820669, 1, 'Kobbe', 2010, 1027588, 1);
INSERT INTO interacts VALUES(497171820669, 1, 'Kobbe', 2010, 1027753, 1);
INSERT INTO interacts VALUES(497171820669, 1, 'Mikyx', 2043, 1027829, 1);
INSERT INTO interacts VALUES(497171820669, 1, 'Trashy', 3145, 1036786, 1);
INSERT INTO interacts VALUES(497171820669, 1, 'Trashy', 3364, 1037725, 1);
INSERT INTO interacts VALUES(497171820669, 1, 'Trashy', 2043, 1038086, 1);
INSERT INTO interacts VALUES(497171820669, 1, 'Mata', 2045, 1054602, 1);
INSERT INTO interacts VALUES(497171820669, 1, 'Uzi', 3085, 1055013, 1);
INSERT INTO interacts VALUES(497171820669, 1, 'Mata', 2043, 1055395, 1);
INSERT INTO interacts VALUES(497171820669, 1, 'Uzi', 2043, 1055405, 1);
INSERT INTO interacts VALUES(497171820669, 1, 'Uzi', 2003, 1056169, 1);
INSERT INTO interacts VALUES(497171820669, 1, 'Looper', 3068, 1056542, 1);
INSERT INTO interacts VALUES(497171820669, 1, 'Looper', 2043, 1062196, 1);
INSERT INTO interacts VALUES(497171820669, 1, 'Mata', 2043, 1110903, 1);
INSERT INTO interacts VALUES(497171820669, 1, 'Wunder', 2031, 1144941, 0);
INSERT INTO interacts VALUES(497171820669, 1, 'Xiaohu', 1058, 1145465, 1);
INSERT INTO interacts VALUES(497171820669, 1, 'Wunder', 1036, 1145496, 1);
INSERT INTO interacts VALUES(497171820669, 1, 'Kobbe', 3086, 1146508, 1);
INSERT INTO interacts VALUES(497171820669, 1, 'Kobbe', 1042, 1146796, 1);
INSERT INTO interacts VALUES(497171820669, 1, 'Mikyx', 1033, 1148747, 1);
INSERT INTO interacts VALUES(497171820669, 1, 'Sencux', 2003, 1165230, 0);
INSERT INTO interacts VALUES(497171820669, 1, 'Sencux', 1011, 1167247, 1);
INSERT INTO interacts VALUES(497171820669, 1, 'Mlxg', 3211, 1183606, 1);
INSERT INTO interacts VALUES(497171820669, 1, 'Mlxg', 2043, 1184583, 1);
INSERT INTO interacts VALUES(497171820669, 1, 'Looper', 1033, 1269220, 1);
INSERT INTO interacts VALUES(497171820669, 1, 'Xiaohu', 3003, 1276488, 1);
INSERT INTO interacts VALUES(497171820669, 1, 'Mikyx', 3105, 1280800, 1);
INSERT INTO interacts VALUES(497171820669, 1, 'Mikyx', 1028, 1281984, 1);
INSERT INTO interacts VALUES(497171820669, 1, 'Mata', 2043, 1282145, 1);
INSERT INTO interacts VALUES(497171820669, 1, 'Mikyx', 2043, 1282536, 1);
INSERT INTO interacts VALUES(497171820669, 1, 'Kobbe', 1042, 1283411, 1);
INSERT INTO interacts VALUES(497171820669, 1, 'Mata', 3364, 1284171, 1);
INSERT INTO interacts VALUES(497171820669, 1, 'Wunder', 3133, 1285232, 1);
INSERT INTO interacts VALUES(497171820669, 1, 'Mata', 3801, 1285396, 1);
INSERT INTO interacts VALUES(497171820669, 1, 'Sencux', 3116, 1286142, 1);
INSERT INTO interacts VALUES(497171820669, 1, 'Sencux', 1052, 1287085, 1);
INSERT INTO interacts VALUES(497171820669, 1, 'Wunder', 1055, 1287085, 0);
INSERT INTO interacts VALUES(497171820669, 1, 'Wunder', 3142, 1288330, 1);
INSERT INTO interacts VALUES(497171820669, 1, 'Trashy', 3152, 1296189, 1);
INSERT INTO interacts VALUES(497171820669, 1, 'Trashy', 1028, 1296804, 1);
INSERT INTO interacts VALUES(497171820669, 1, 'Trashy', 1029, 1297174, 1);
INSERT INTO interacts VALUES(497171820669, 1, 'Trashy', 2031, 1300247, 0);
INSERT INTO interacts VALUES(497171820669, 1, 'Trashy', 2043, 1301288, 1);
INSERT INTO interacts VALUES(497171820669, 1, 'Trashy', 2043, 1301416, 1);
INSERT INTO interacts VALUES(497171820669, 1, 'Uzi', 1037, 1314978, 1);
INSERT INTO interacts VALUES(497171820669, 1, 'Uzi', 2043, 1316115, 1);
INSERT INTO interacts VALUES(497171820669, 1, 'Mlxg', 3024, 1319105, 1);
INSERT INTO interacts VALUES(497171820669, 1, 'Mlxg', 2043, 1320442, 1);
INSERT INTO interacts VALUES(497171820669, 1, 'Looper', 3211, 1330934, 1);
INSERT INTO interacts VALUES(497171820669, 1, 'Looper', 3363, 1332104, 1);
INSERT INTO interacts VALUES(497171820669, 1, 'Wunder', 1036, 1371791, 1);
INSERT INTO interacts VALUES(497171820669, 1, 'Wunder', 1036, 1371922, 1);
INSERT INTO interacts VALUES(497171820669, 1, 'Mikyx', 3190, 1427148, 1);
INSERT INTO interacts VALUES(497171820669, 1, 'Mikyx', 2043, 1427895, 1);
INSERT INTO interacts VALUES(497171820669, 1, 'Kobbe', 3046, 1431244, 1);
INSERT INTO interacts VALUES(497171820669, 1, 'Sencux', 1026, 1431568, 1);
INSERT INTO interacts VALUES(497171820669, 1, 'Kobbe', 2043, 1432901, 1);
INSERT INTO interacts VALUES(497171820669, 1, 'Trashy', 1011, 1441234, 1);
INSERT INTO interacts VALUES(497171820669, 1, 'Trashy', 2043, 1441986, 1);
INSERT INTO interacts VALUES(497171820669, 1, 'Uzi', 3031, 1448446, 1);
INSERT INTO interacts VALUES(497171820669, 1, 'Uzi', 2003, 1449422, 1);
INSERT INTO interacts VALUES(497171820669, 1, 'Uzi', 2043, 1449898, 1);
INSERT INTO interacts VALUES(497171820669, 1, 'Xiaohu', 1057, 1454936, 1);
INSERT INTO interacts VALUES(497171820669, 1, 'Xiaohu', 3108, 1457374, 1);
INSERT INTO interacts VALUES(497171820669, 1, 'Xiaohu', 1057, 1458936, 1);
INSERT INTO interacts VALUES(497171820669, 1, 'Xiaohu', 2043, 1459947, 1);
INSERT INTO interacts VALUES(497171820669, 1, 'Xiaohu', 2043, 1460205, 1);
INSERT INTO interacts VALUES(497171820669, 1, 'Wunder', 3134, 1496859, 1);
INSERT INTO interacts VALUES(497171820669, 1, 'Looper', 3067, 1506070, 1);
INSERT INTO interacts VALUES(497171820669, 1, 'Wunder', 1036, 1524794, 1);
INSERT INTO interacts VALUES(497171820669, 1, 'Xiaohu', 3108, 1565783, 1);
INSERT INTO interacts VALUES(497171820669, 1, 'Looper', 1054, 1595141, 0);
INSERT INTO interacts VALUES(497171820669, 1, 'Looper', 3065, 1596375, 1);
INSERT INTO interacts VALUES(497171820669, 1, 'Looper', 2043, 1597413, 1);
INSERT INTO interacts VALUES(497171820669, 1, 'Kobbe', 3035, 1598781, 1);
INSERT INTO interacts VALUES(497171820669, 1, 'Kobbe', 1036, 1599237, 1);
INSERT INTO interacts VALUES(497171820669, 1, 'Mikyx', 3067, 1600207, 1);
INSERT INTO interacts VALUES(497171820669, 1, 'Mikyx', 2043, 1601022, 1);
INSERT INTO interacts VALUES(497171820669, 1, 'Mlxg', 3082, 1602592, 1);
INSERT INTO interacts VALUES(497171820669, 1, 'Mata', 3105, 1608052, 1);
INSERT INTO interacts VALUES(497171820669, 1, 'Mata', 2043, 1610406, 1);
INSERT INTO interacts VALUES(497171820669, 1, 'Mata', 2043, 1610535, 1);
INSERT INTO interacts VALUES(497171820669, 1, 'Sencux', 3136, 1614642, 1);
INSERT INTO interacts VALUES(497171820669, 1, 'Uzi', 3086, 1618127, 1);
INSERT INTO interacts VALUES(497171820669, 1, 'Uzi', 2043, 1618845, 1);
INSERT INTO interacts VALUES(497171820669, 1, 'Trashy', 3082, 1621401, 1);
INSERT INTO interacts VALUES(497171820669, 1, 'Trashy', 2043, 1622342, 0);
INSERT INTO interacts VALUES(497171820669, 1, 'Trashy', 2043, 1624326, 1);
INSERT INTO interacts VALUES(497171820669, 1, 'Wunder', 3156, 1727771, 1);
INSERT INTO interacts VALUES(497171820669, 1, 'Wunder', 2043, 1729269, 1);
INSERT INTO interacts VALUES(497171820669, 1, 'Mlxg', 3110, 1764715, 1);
INSERT INTO interacts VALUES(497171820669, 1, 'Mlxg', 2043, 1765848, 1);
INSERT INTO interacts VALUES(497171820669, 1, 'Uzi', 2015, 1766095, 1);
INSERT INTO interacts VALUES(497171820669, 1, 'Mikyx', 3401, 1790652, 1);
INSERT INTO interacts VALUES(497171820669, 1, 'Mikyx', 2043, 1791527, 1);
INSERT INTO interacts VALUES(497171820669, 1, 'Sencux', 3151, 1792577, 1);
INSERT INTO interacts VALUES(497171820669, 1, 'Xiaohu', 3001, 1792800, 1);
INSERT INTO interacts VALUES(497171820669, 1, 'Kobbe', 3036, 1793517, 1);
INSERT INTO interacts VALUES(497171820669, 1, 'Sencux', 2043, 1794481, 1);
INSERT INTO interacts VALUES(497171820669, 1, 'Xiaohu', 3363, 1794791, 1);
INSERT INTO interacts VALUES(497171820669, 1, 'Xiaohu', 2031, 1796840, 0);
INSERT INTO interacts VALUES(497171820669, 1, 'Looper', 1057, 1797556, 1);
INSERT INTO interacts VALUES(497171820669, 1, 'Xiaohu', 2043, 1797787, 1);
INSERT INTO interacts VALUES(497171820669, 1, 'Xiaohu', 1052, 1801186, 1);
INSERT INTO interacts VALUES(497171820669, 1, 'Xiaohu', 2043, 1802719, 1);
INSERT INTO interacts VALUES(497171820669, 1, 'Trashy', 3143, 1808282, 1);
INSERT INTO interacts VALUES(497171820669, 1, 'Trashy', 1057, 1810260, 1);
INSERT INTO interacts VALUES(497171820669, 1, 'Trashy', 2043, 1810842, 1);
INSERT INTO interacts VALUES(497171820669, 1, 'Trashy', 2043, 1811003, 1);
INSERT INTO interacts VALUES(497171820669, 1, 'Mata', 3190, 1816755, 1);
INSERT INTO interacts VALUES(497171820669, 1, 'Wunder', 1037, 1835571, 1);
INSERT INTO interacts VALUES(497171820669, 1, 'Uzi', 3094, 1840120, 1);
INSERT INTO interacts VALUES(497171820669, 1, 'Uzi', 2043, 1840802, 1);
INSERT INTO interacts VALUES(497171820669, 1, 'Mlxg', 1028, 1846729, 1);
INSERT INTO interacts VALUES(497171820669, 1, 'Mlxg', 2032, 1847775, 0);
INSERT INTO interacts VALUES(497171820669, 1, 'Mlxg', 2043, 1849565, 1);
INSERT INTO interacts VALUES(497171820669, 1, 'Mlxg', 2043, 1849756, 1);
INSERT INTO interacts VALUES(497171820669, 1, 'Looper', 1029, 1911425, 1);
INSERT INTO interacts VALUES(497171820669, 1, 'Mata', 2043, 1922110, 1);
INSERT INTO interacts VALUES(497171820669, 1, 'Wunder', 3035, 1924778, 1);
INSERT INTO interacts VALUES(497171820669, 1, 'Trashy', 2043, 1928714, 0);
INSERT INTO interacts VALUES(497171820669, 1, 'Trashy', 1028, 1933349, 1);
INSERT INTO interacts VALUES(497171820669, 1, 'Mikyx', 2043, 1933821, 1);
INSERT INTO interacts VALUES(497171820669, 1, 'Kobbe', 1038, 1935181, 1);
INSERT INTO interacts VALUES(497171820669, 1, 'Mikyx', 1033, 1936525, 1);
INSERT INTO interacts VALUES(497171820669, 1, 'Mikyx', 1029, 1939692, 1);
INSERT INTO interacts VALUES(497171820669, 1, 'Mata', 2043, 1962392, 1);
INSERT INTO interacts VALUES(497171820669, 1, 'Looper', 1031, 1984012, 1);
INSERT INTO interacts VALUES(497171820669, 1, 'Looper', 2033, 1984862, 0);
INSERT INTO interacts VALUES(497171820669, 1, 'Looper', 2043, 1986258, 1);
INSERT INTO interacts VALUES(497171820669, 1, 'Kobbe', 1055, 2069923, 0);
INSERT INTO interacts VALUES(497171820669, 1, 'Kobbe', 1037, 2071225, 1);
INSERT INTO interacts VALUES(497171820669, 1, 'Mata', 3028, 2089573, 1);
INSERT INTO interacts VALUES(497171820669, 1, 'Mlxg', 1057, 2100559, 1);
INSERT INTO interacts VALUES(497171820669, 1, 'Wunder', 2140, 2107047, 1);
INSERT INTO interacts VALUES(497171820669, 1, 'Uzi', 3140, 2121070, 1);
INSERT INTO interacts VALUES(497171820669, 1, 'Looper', 3026, 2121350, 1);
INSERT INTO interacts VALUES(497171820669, 1, 'Uzi', 1055, 2122323, 0);
INSERT INTO interacts VALUES(497171820669, 1, 'Uzi', 1053, 2126175, 1);
INSERT INTO interacts VALUES(497171820669, 1, 'Xiaohu', 1026, 2132769, 1);
INSERT INTO interacts VALUES(497171820669, 1, 'Mlxg', 3102, 2155992, 1);
INSERT INTO series VALUES(397577002860, 1);
INSERT INTO organizes VALUES('world_championship_2016', 397577002860, 'group_d - TSM-vs-SPY');
INSERT INTO competes VALUES(397577002860, 'TSM', 1);
INSERT INTO competes VALUES(397577002860, 'SPY', 0);
INSERT INTO matches VALUES(397577002860, 1, '2016-10-08');
INSERT INTO scores VALUES('TSM', 397577002860, 1, 3, 11, 0, 1, 2, 1);
INSERT INTO scores VALUES('SPY', 397577002860, 1, 0, 1, 0, 0, 0, 0);
INSERT INTO bans VALUES(397577002860, 1, 38, 1);
INSERT INTO bans VALUES(397577002860, 1, 126, 3);
INSERT INTO bans VALUES(397577002860, 1, 90, 5);
INSERT INTO bans VALUES(397577002860, 1, 76, 2);
INSERT INTO bans VALUES(397577002860, 1, 64, 4);
INSERT INTO bans VALUES(397577002860, 1, 68, 6);
INSERT INTO plays VALUES(397577002860, 1, 'Hauntzer', 150, 'top', 1, 0, 9, 18510, 15, 4, 251, 1, 1, 11888);
INSERT INTO plays VALUES(397577002860, 1, 'Svenskeren', 421, 'jungle', 4, 2, 13, 9382, 24, 11, 23, 82, 23, 11953);
INSERT INTO plays VALUES(397577002860, 1, 'Bjergsen', 134, 'mid', 13, 1, 8, 32554, 12, 2, 251, 11, 6, 15235);
INSERT INTO plays VALUES(397577002860, 1, 'Doublelift', 202, 'adc', 5, 2, 7, 11899, 12, 6, 229, 6, 4, 13460);
INSERT INTO plays VALUES(397577002860, 1, 'Biofrost', 201, 'support', 1, 1, 16, 4679, 32, 9, 36, 0, 0, 8925);
INSERT INTO plays VALUES(397577002860, 1, 'Wunder', 39, 'top', 2, 6, 1, 7814, 15, 2, 259, 3, 0, 10569);
INSERT INTO plays VALUES(397577002860, 1, 'Trashy', 60, 'jungle', 2, 7, 2, 6439, 21, 9, 28, 67, 4, 9138);
INSERT INTO plays VALUES(397577002860, 1, 'Sencux', 8, 'mid', 2, 1, 1, 9177, 13, 2, 212, 8, 1, 9570);
INSERT INTO plays VALUES(397577002860, 1, 'Kobbe', 81, 'adc', 0, 3, 3, 15476, 8, 3, 236, 11, 0, 9849);
INSERT INTO plays VALUES(397577002860, 1, 'Mikyx', 43, 'support', 0, 7, 3, 6213, 26, 10, 13, 0, 0, 6334);
INSERT INTO interacts VALUES(397577002860, 1, 'Doublelift', 1055, 1223, 1);
INSERT INTO interacts VALUES(397577002860, 1, 'Svenskeren', 3340, 1352, 1);
INSERT INTO interacts VALUES(397577002860, 1, 'Bjergsen', 3340, 1418, 1);
INSERT INTO interacts VALUES(397577002860, 1, 'Biofrost', 3340, 1451, 1);
INSERT INTO interacts VALUES(397577002860, 1, 'Biofrost', 2010, 1645, 1);
INSERT INTO interacts VALUES(397577002860, 1, 'Svenskeren', 1041, 1645, 1);
INSERT INTO interacts VALUES(397577002860, 1, 'Bjergsen', 2010, 1710, 1);
INSERT INTO interacts VALUES(397577002860, 1, 'Hauntzer', 3340, 1742, 1);
INSERT INTO interacts VALUES(397577002860, 1, 'Doublelift', 2010, 1742, 1);
INSERT INTO interacts VALUES(397577002860, 1, 'Biofrost', 2010, 1806, 1);
INSERT INTO interacts VALUES(397577002860, 1, 'Bjergsen', 2010, 1903, 1);
INSERT INTO interacts VALUES(397577002860, 1, 'Doublelift', 3340, 1903, 1);
INSERT INTO interacts VALUES(397577002860, 1, 'Biofrost', 2010, 1967, 1);
INSERT INTO interacts VALUES(397577002860, 1, 'Trashy', 1039, 2001, 1);
INSERT INTO interacts VALUES(397577002860, 1, 'Bjergsen', 1056, 2132, 1);
INSERT INTO interacts VALUES(397577002860, 1, 'Biofrost', 3302, 2197, 1);
INSERT INTO interacts VALUES(397577002860, 1, 'Svenskeren', 1006, 2229, 1);
INSERT INTO interacts VALUES(397577002860, 1, 'Kobbe', 1055, 2327, 1);
INSERT INTO interacts VALUES(397577002860, 1, 'Kobbe', 2010, 2586, 1);
INSERT INTO interacts VALUES(397577002860, 1, 'Mikyx', 3303, 2748, 1);
INSERT INTO interacts VALUES(397577002860, 1, 'Mikyx', 2010, 3006, 1);
INSERT INTO interacts VALUES(397577002860, 1, 'Kobbe', 3340, 3104, 1);
INSERT INTO interacts VALUES(397577002860, 1, 'Mikyx', 2010, 3144, 1);
INSERT INTO interacts VALUES(397577002860, 1, 'Mikyx', 2010, 3265, 1);
INSERT INTO interacts VALUES(397577002860, 1, 'Hauntzer', 1054, 3265, 1);
INSERT INTO interacts VALUES(397577002860, 1, 'Trashy', 2031, 3331, 1);
INSERT INTO interacts VALUES(397577002860, 1, 'Mikyx', 3340, 3492, 1);
INSERT INTO interacts VALUES(397577002860, 1, 'Trashy', 3340, 3787, 1);
INSERT INTO interacts VALUES(397577002860, 1, 'Hauntzer', 2003, 3921, 1);
INSERT INTO interacts VALUES(397577002860, 1, 'Svenskeren', 2031, 5373, 1);
INSERT INTO interacts VALUES(397577002860, 1, 'Wunder', 2033, 6258, 1);
INSERT INTO interacts VALUES(397577002860, 1, 'Wunder', 3340, 6640, 1);
INSERT INTO interacts VALUES(397577002860, 1, 'Sencux', 1001, 7945, 1);
INSERT INTO interacts VALUES(397577002860, 1, 'Sencux', 2003, 8172, 1);
INSERT INTO interacts VALUES(397577002860, 1, 'Sencux', 2003, 8366, 1);
INSERT INTO interacts VALUES(397577002860, 1, 'Sencux', 2003, 8561, 1);
INSERT INTO interacts VALUES(397577002860, 1, 'Sencux', 2003, 8658, 1);
INSERT INTO interacts VALUES(397577002860, 1, 'Sencux', 3340, 8915, 1);
INSERT INTO interacts VALUES(397577002860, 1, 'Bjergsen', 1056, 185257, 1);
INSERT INTO interacts VALUES(397577002860, 1, 'Bjergsen', 2010, 191623, 1);
INSERT INTO interacts VALUES(397577002860, 1, 'Trashy', 3117, 298023, 1);
INSERT INTO interacts VALUES(397577002860, 1, 'Svenskeren', 1028, 302597, 1);
INSERT INTO interacts VALUES(397577002860, 1, 'Trashy', 1052, 303344, 1);
INSERT INTO interacts VALUES(397577002860, 1, 'Svenskeren', 1001, 304189, 1);
INSERT INTO interacts VALUES(397577002860, 1, 'Svenskeren', 2043, 305390, 1);
INSERT INTO interacts VALUES(397577002860, 1, 'Wunder', 3044, 321261, 1);
INSERT INTO interacts VALUES(397577002860, 1, 'Kobbe', 3070, 341221, 1);
INSERT INTO interacts VALUES(397577002860, 1, 'Mikyx', 1001, 341398, 1);
INSERT INTO interacts VALUES(397577002860, 1, 'Mikyx', 1028, 342520, 1);
INSERT INTO interacts VALUES(397577002860, 1, 'Kobbe', 1083, 342588, 1);
INSERT INTO interacts VALUES(397577002860, 1, 'Kobbe', 2010, 344473, 1);
INSERT INTO interacts VALUES(397577002860, 1, 'Biofrost', 2049, 372899, 1);
INSERT INTO interacts VALUES(397577002860, 1, 'Doublelift', 1083, 374047, 1);
INSERT INTO interacts VALUES(397577002860, 1, 'Biofrost', 3341, 374325, 1);
INSERT INTO interacts VALUES(397577002860, 1, 'Doublelift', 3134, 379689, 1);
INSERT INTO interacts VALUES(397577002860, 1, 'Doublelift', 2043, 380439, 1);
INSERT INTO interacts VALUES(397577002860, 1, 'Trashy', 2043, 383627, 1);
INSERT INTO interacts VALUES(397577002860, 1, 'Hauntzer', 3052, 401079, 1);
INSERT INTO interacts VALUES(397577002860, 1, 'Hauntzer', 2031, 401948, 1);
INSERT INTO interacts VALUES(397577002860, 1, 'Hauntzer', 2043, 402304, 1);
INSERT INTO interacts VALUES(397577002860, 1, 'Bjergsen', 3802, 415995, 1);
INSERT INTO interacts VALUES(397577002860, 1, 'Bjergsen', 1001, 416613, 1);
INSERT INTO interacts VALUES(397577002860, 1, 'Bjergsen', 1052, 417491, 1);
INSERT INTO interacts VALUES(397577002860, 1, 'Sencux', 3211, 429898, 1);
INSERT INTO interacts VALUES(397577002860, 1, 'Sencux', 1028, 430850, 1);
INSERT INTO interacts VALUES(397577002860, 1, 'Sencux', 2003, 432246, 1);
INSERT INTO interacts VALUES(397577002860, 1, 'Svenskeren', 3751, 486234, 1);
INSERT INTO interacts VALUES(397577002860, 1, 'Svenskeren', 3711, 486787, 1);
INSERT INTO interacts VALUES(397577002860, 1, 'Svenskeren', 2043, 487789, 1);
INSERT INTO interacts VALUES(397577002860, 1, 'Svenskeren', 3341, 488084, 1);
INSERT INTO interacts VALUES(397577002860, 1, 'Trashy', 3711, 553882, 1);
INSERT INTO interacts VALUES(397577002860, 1, 'Hauntzer', 1001, 554044, 1);
INSERT INTO interacts VALUES(397577002860, 1, 'Trashy', 3113, 554533, 1);
INSERT INTO interacts VALUES(397577002860, 1, 'Hauntzer', 1028, 555246, 1);
INSERT INTO interacts VALUES(397577002860, 1, 'Hauntzer', 2043, 556224, 1);
INSERT INTO interacts VALUES(397577002860, 1, 'Wunder', 3057, 578707, 1);
INSERT INTO interacts VALUES(397577002860, 1, 'Wunder', 1001, 578947, 1);
INSERT INTO interacts VALUES(397577002860, 1, 'Wunder', 2043, 580037, 1);
INSERT INTO interacts VALUES(397577002860, 1, 'Kobbe', 3057, 586334, 1);
INSERT INTO interacts VALUES(397577002860, 1, 'Mikyx', 2049, 586591, 1);
INSERT INTO interacts VALUES(397577002860, 1, 'Kobbe', 1001, 587109, 1);
INSERT INTO interacts VALUES(397577002860, 1, 'Mikyx', 3341, 587828, 1);
INSERT INTO interacts VALUES(397577002860, 1, 'Mikyx', 2043, 588155, 1);
INSERT INTO interacts VALUES(397577002860, 1, 'Mikyx', 2043, 588250, 1);
INSERT INTO interacts VALUES(397577002860, 1, 'Doublelift', 1036, 613764, 1);
INSERT INTO interacts VALUES(397577002860, 1, 'Doublelift', 3133, 616571, 1);
INSERT INTO interacts VALUES(397577002860, 1, 'Doublelift', 1001, 616967, 1);
INSERT INTO interacts VALUES(397577002860, 1, 'Biofrost', 1001, 619693, 1);
INSERT INTO interacts VALUES(397577002860, 1, 'Biofrost', 1028, 621069, 1);
INSERT INTO interacts VALUES(397577002860, 1, 'Biofrost', 2043, 625900, 1);
INSERT INTO interacts VALUES(397577002860, 1, 'Wunder', 1042, 647003, 1);
INSERT INTO interacts VALUES(397577002860, 1, 'Sencux', 3065, 662871, 1);
INSERT INTO interacts VALUES(397577002860, 1, 'Sencux', 2043, 664625, 1);
INSERT INTO interacts VALUES(397577002860, 1, 'Hauntzer', 1011, 665567, 1);
INSERT INTO interacts VALUES(397577002860, 1, 'Wunder', 2043, 665961, 1);
INSERT INTO interacts VALUES(397577002860, 1, 'Bjergsen', 3165, 687192, 1);
INSERT INTO interacts VALUES(397577002860, 1, 'Bjergsen', 2043, 687908, 1);
INSERT INTO interacts VALUES(397577002860, 1, 'Svenskeren', 1409, 701845, 1);
INSERT INTO interacts VALUES(397577002860, 1, 'Svenskeren', 3111, 703377, 1);
INSERT INTO interacts VALUES(397577002860, 1, 'Svenskeren', 2043, 704841, 1);
INSERT INTO interacts VALUES(397577002860, 1, 'Svenskeren', 3364, 705359, 1);
INSERT INTO interacts VALUES(397577002860, 1, 'Trashy', 1410, 705686, 1);
INSERT INTO interacts VALUES(397577002860, 1, 'Mikyx', 3117, 755666, 1);
INSERT INTO interacts VALUES(397577002860, 1, 'Kobbe', 2010, 774240, 0);
INSERT INTO interacts VALUES(397577002860, 1, 'Kobbe', 1037, 776466, 1);
INSERT INTO interacts VALUES(397577002860, 1, 'Biofrost', 3117, 834552, 1);
INSERT INTO interacts VALUES(397577002860, 1, 'Doublelift', 3142, 837028, 1);
INSERT INTO interacts VALUES(397577002860, 1, 'Doublelift', 3006, 840467, 1);
INSERT INTO interacts VALUES(397577002860, 1, 'Biofrost', 2010, 840467, 0);
INSERT INTO interacts VALUES(397577002860, 1, 'Doublelift', 2043, 840865, 1);
INSERT INTO interacts VALUES(397577002860, 1, 'Doublelift', 3363, 841150, 1);
INSERT INTO interacts VALUES(397577002860, 1, 'Biofrost', 2045, 841280, 1);
INSERT INTO interacts VALUES(397577002860, 1, 'Wunder', 3078, 846066, 1);
INSERT INTO interacts VALUES(397577002860, 1, 'Wunder', 1036, 847606, 1);
INSERT INTO interacts VALUES(397577002860, 1, 'Wunder', 2043, 848175, 1);
INSERT INTO interacts VALUES(397577002860, 1, 'Sencux', 3111, 875949, 1);
INSERT INTO interacts VALUES(397577002860, 1, 'Kobbe', 3004, 884233, 1);
INSERT INTO interacts VALUES(397577002860, 1, 'Mikyx', 3098, 886724, 1);
INSERT INTO interacts VALUES(397577002860, 1, 'Kobbe', 1029, 887801, 1);
INSERT INTO interacts VALUES(397577002860, 1, 'Kobbe', 3363, 888877, 1);
INSERT INTO interacts VALUES(397577002860, 1, 'Hauntzer', 3022, 895059, 1);
INSERT INTO interacts VALUES(397577002860, 1, 'Hauntzer', 1028, 896196, 1);
INSERT INTO interacts VALUES(397577002860, 1, 'Hauntzer', 2043, 896683, 1);
INSERT INTO interacts VALUES(397577002860, 1, 'Sencux', 1028, 898793, 1);
INSERT INTO interacts VALUES(397577002860, 1, 'Sencux', 2043, 905119, 1);
INSERT INTO interacts VALUES(397577002860, 1, 'Bjergsen', 1058, 913777, 1);
INSERT INTO interacts VALUES(397577002860, 1, 'Trashy', 3067, 926385, 1);
INSERT INTO interacts VALUES(397577002860, 1, 'Trashy', 1052, 927553, 1);
INSERT INTO interacts VALUES(397577002860, 1, 'Trashy', 1052, 927750, 1);
INSERT INTO interacts VALUES(397577002860, 1, 'Trashy', 3364, 928852, 1);
INSERT INTO interacts VALUES(397577002860, 1, 'Bjergsen', 3020, 934322, 1);
INSERT INTO interacts VALUES(397577002860, 1, 'Wunder', 1042, 935170, 1);
INSERT INTO interacts VALUES(397577002860, 1, 'Wunder', 1042, 935298, 1);
INSERT INTO interacts VALUES(397577002860, 1, 'Svenskeren', 1011, 947677, 1);
INSERT INTO interacts VALUES(397577002860, 1, 'Svenskeren', 1029, 948339, 1);
INSERT INTO interacts VALUES(397577002860, 1, 'Svenskeren', 1029, 948597, 1);
INSERT INTO interacts VALUES(397577002860, 1, 'Svenskeren', 2031, 949496, 0);
INSERT INTO interacts VALUES(397577002860, 1, 'Svenskeren', 2043, 950473, 1);
INSERT INTO interacts VALUES(397577002860, 1, 'Mikyx', 2301, 988404, 1);
INSERT INTO interacts VALUES(397577002860, 1, 'Biofrost', 3067, 992448, 1);
INSERT INTO interacts VALUES(397577002860, 1, 'Biofrost', 2043, 993030, 1);
INSERT INTO interacts VALUES(397577002860, 1, 'Biofrost', 3364, 1003870, 1);
INSERT INTO interacts VALUES(397577002860, 1, 'Doublelift', 1036, 1010917, 1);
INSERT INTO interacts VALUES(397577002860, 1, 'Doublelift', 1036, 1011405, 1);
INSERT INTO interacts VALUES(397577002860, 1, 'Hauntzer', 3111, 1028316, 1);
INSERT INTO interacts VALUES(397577002860, 1, 'Kobbe', 3025, 1049191, 1);
INSERT INTO interacts VALUES(397577002860, 1, 'Sencux', 1058, 1054320, 1);
INSERT INTO interacts VALUES(397577002860, 1, 'Wunder', 3144, 1058088, 1);
INSERT INTO interacts VALUES(397577002860, 1, 'Doublelift', 3155, 1131459, 1);
INSERT INTO interacts VALUES(397577002860, 1, 'Trashy', 3152, 1131717, 1);
INSERT INTO interacts VALUES(397577002860, 1, 'Bjergsen', 2010, 1132208, 0);
INSERT INTO interacts VALUES(397577002860, 1, 'Biofrost', 2043, 1132450, 1);
INSERT INTO interacts VALUES(397577002860, 1, 'Trashy', 2043, 1132500, 1);
INSERT INTO interacts VALUES(397577002860, 1, 'Biofrost', 1028, 1132983, 1);
INSERT INTO interacts VALUES(397577002860, 1, 'Bjergsen', 1011, 1133997, 1);
INSERT INTO interacts VALUES(397577002860, 1, 'Svenskeren', 3143, 1134036, 1);
INSERT INTO interacts VALUES(397577002860, 1, 'Doublelift', 1083, 1134280, 0);
INSERT INTO interacts VALUES(397577002860, 1, 'Svenskeren', 2043, 1134812, 1);
INSERT INTO interacts VALUES(397577002860, 1, 'Doublelift', 3134, 1135330, 1);
INSERT INTO interacts VALUES(397577002860, 1, 'Mikyx', 3364, 1147893, 1);
INSERT INTO interacts VALUES(397577002860, 1, 'Mikyx', 1028, 1149392, 1);
INSERT INTO interacts VALUES(397577002860, 1, 'Mikyx', 2043, 1150008, 1);
INSERT INTO interacts VALUES(397577002860, 1, 'Wunder', 1043, 1172017, 1);
INSERT INTO interacts VALUES(397577002860, 1, 'Wunder', 3009, 1174779, 1);
INSERT INTO interacts VALUES(397577002860, 1, 'Hauntzer', 3211, 1180336, 1);
INSERT INTO interacts VALUES(397577002860, 1, 'Hauntzer', 1028, 1181215, 1);
INSERT INTO interacts VALUES(397577002860, 1, 'Kobbe', 3158, 1199417, 1);
INSERT INTO interacts VALUES(397577002860, 1, 'Sencux', 1011, 1209485, 1);
INSERT INTO interacts VALUES(397577002860, 1, 'Sencux', 1052, 1210591, 1);
INSERT INTO interacts VALUES(397577002860, 1, 'Mikyx', 3801, 1214290, 1);
INSERT INTO interacts VALUES(397577002860, 1, 'Kobbe', 1033, 1214745, 1);
INSERT INTO interacts VALUES(397577002860, 1, 'Trashy', 2043, 1215816, 1);
INSERT INTO interacts VALUES(397577002860, 1, 'Mikyx', 2043, 1217146, 1);
INSERT INTO interacts VALUES(397577002860, 1, 'Biofrost', 3105, 1277946, 1);
INSERT INTO interacts VALUES(397577002860, 1, 'Doublelift', 3156, 1292290, 1);
INSERT INTO interacts VALUES(397577002860, 1, 'Doublelift', 1042, 1293081, 1);
INSERT INTO interacts VALUES(397577002860, 1, 'Doublelift', 1051, 1293357, 1);
INSERT INTO interacts VALUES(397577002860, 1, 'Mikyx', 2043, 1295624, 1);
INSERT INTO interacts VALUES(397577002860, 1, 'Svenskeren', 3211, 1296504, 1);
INSERT INTO interacts VALUES(397577002860, 1, 'Doublelift', 1051, 1298856, 1);
INSERT INTO interacts VALUES(397577002860, 1, 'Doublelift', 2043, 1299213, 1);
INSERT INTO interacts VALUES(397577002860, 1, 'Bjergsen', 3116, 1313881, 1);
INSERT INTO interacts VALUES(397577002860, 1, 'Hauntzer', 2031, 1315098, 0);
INSERT INTO interacts VALUES(397577002860, 1, 'Bjergsen', 1026, 1316008, 1);
INSERT INTO interacts VALUES(397577002860, 1, 'Hauntzer', 3082, 1316236, 1);
INSERT INTO interacts VALUES(397577002860, 1, 'Trashy', 1028, 1344172, 1);
INSERT INTO interacts VALUES(397577002860, 1, 'Trashy', 1029, 1344473, 1);
INSERT INTO interacts VALUES(397577002860, 1, 'Sencux', 3116, 1358273, 1);
INSERT INTO interacts VALUES(397577002860, 1, 'Wunder', 1043, 1367344, 1);
INSERT INTO interacts VALUES(397577002860, 1, 'Wunder', 1028, 1368939, 1);
INSERT INTO interacts VALUES(397577002860, 1, 'Trashy', 1011, 1428938, 1);
INSERT INTO interacts VALUES(397577002860, 1, 'Mikyx', 3105, 1434411, 1);
INSERT INTO interacts VALUES(397577002860, 1, 'Kobbe', 3155, 1437997, 1);
INSERT INTO interacts VALUES(397577002860, 1, 'Svenskeren', 1057, 1448997, 1);
INSERT INTO interacts VALUES(397577002860, 1, 'Svenskeren', 2043, 1450119, 1);
INSERT INTO interacts VALUES(397577002860, 1, 'Sencux', 1028, 1453937, 1);
INSERT INTO interacts VALUES(397577002860, 1, 'Biofrost', 3190, 1457699, 1);
INSERT INTO interacts VALUES(397577002860, 1, 'Biofrost', 3067, 1458251, 1);
INSERT INTO interacts VALUES(397577002860, 1, 'Bjergsen', 3135, 1460652, 1);
INSERT INTO interacts VALUES(397577002860, 1, 'Biofrost', 2043, 1460812, 1);
INSERT INTO interacts VALUES(397577002860, 1, 'Biofrost', 2043, 1460943, 1);
INSERT INTO interacts VALUES(397577002860, 1, 'Bjergsen', 1056, 1461595, 0);
INSERT INTO interacts VALUES(397577002860, 1, 'Bjergsen', 1058, 1462501, 1);
INSERT INTO interacts VALUES(397577002860, 1, 'Bjergsen', 3364, 1464089, 1);
INSERT INTO interacts VALUES(397577002860, 1, 'Doublelift', 3086, 1464609, 1);
INSERT INTO interacts VALUES(397577002860, 1, 'Hauntzer', 3143, 1468965, 1);
INSERT INTO interacts VALUES(397577002860, 1, 'Wunder', 3153, 1505838, 1);
INSERT INTO interacts VALUES(397577002860, 1, 'Mikyx', 2043, 1509977, 1);
INSERT INTO interacts VALUES(397577002860, 1, 'Trashy', 1031, 1528699, 1);
INSERT INTO interacts VALUES(397577002860, 1, 'Trashy', 2031, 1530777, 0);
INSERT INTO interacts VALUES(397577002860, 1, 'Trashy', 1033, 1531376, 1);
INSERT INTO interacts VALUES(397577002860, 1, 'Bjergsen', 1056, 1543308, 0);
INSERT INTO interacts VALUES(397577002860, 1, 'Biofrost', 2138, 1543893, 1);
INSERT INTO interacts VALUES(397577002860, 1, 'Bjergsen', 1026, 1544185, 1);
INSERT INTO interacts VALUES(397577002860, 1, 'Bjergsen', 2139, 1544770, 1);
INSERT INTO interacts VALUES(397577002860, 1, 'Doublelift', 3094, 1546179, 1);
INSERT INTO interacts VALUES(397577002860, 1, 'Svenskeren', 3102, 1551847, 1);
INSERT INTO interacts VALUES(397577002860, 1, 'Hauntzer', 3067, 1551959, 1);
INSERT INTO interacts VALUES(397577002860, 1, 'Svenskeren', 1028, 1555193, 1);
INSERT INTO interacts VALUES(397577002860, 1, 'Svenskeren', 2043, 1555975, 1);
INSERT INTO interacts VALUES(397577002860, 1, 'Svenskeren', 2043, 1556168, 1);
INSERT INTO interacts VALUES(397577002860, 1, 'Wunder', 1036, 1568012, 1);
INSERT INTO interacts VALUES(397577002860, 1, 'Kobbe', 1083, 1598369, 0);
INSERT INTO interacts VALUES(397577002860, 1, 'Kobbe', 3035, 1600806, 1);
INSERT INTO interacts VALUES(397577002860, 1, 'Trashy', 1031, 1639908, 1);
INSERT INTO interacts VALUES(397577002860, 1, 'Wunder', 3052, 1639940, 1);
INSERT INTO interacts VALUES(397577002860, 1, 'Sencux', 3145, 1655331, 1);
INSERT INTO interacts VALUES(397577002860, 1, 'Sencux', 3067, 1656434, 1);
INSERT INTO interacts VALUES(397577002860, 1, 'Mikyx', 3190, 1687689, 1);
INSERT INTO interacts VALUES(397577002860, 1, 'Doublelift', 3156, 1697850, 0);
INSERT INTO interacts VALUES(397577002860, 1, 'Wunder', 1028, 1698441, 1);
INSERT INTO interacts VALUES(397577002860, 1, 'Doublelift', 3142, 1699210, 0);
INSERT INTO interacts VALUES(397577002860, 1, 'Doublelift', 3094, 1699765, 0);
INSERT INTO interacts VALUES(397577002860, 1, 'Doublelift', 1055, 1700584, 0);
INSERT INTO interacts VALUES(397577002860, 1, 'Doublelift', 3070, 1701563, 1);
INSERT INTO interacts VALUES(397577002860, 1, 'Doublelift', 3070, 1701708, 1);
INSERT INTO interacts VALUES(397577002860, 1, 'Doublelift', 3070, 1701788, 1);
INSERT INTO interacts VALUES(397577002860, 1, 'Doublelift', 3070, 1701891, 1);
INSERT INTO interacts VALUES(397577002860, 1, 'Doublelift', 3070, 1701999, 1);
INSERT INTO series VALUES(413778633597, 1);
INSERT INTO organizes VALUES('world_championship_2016', 413778633597, 'group_d - SSG-vs-RNG');
INSERT INTO competes VALUES(413778633597, 'SSG', 1);
INSERT INTO competes VALUES(413778633597, 'RNG', 0);
INSERT INTO matches VALUES(413778633597, 1, '2016-10-08');
INSERT INTO scores VALUES('SSG', 413778633597, 1, 1, 9, 0, 1, 2, 1);
INSERT INTO scores VALUES('RNG', 413778633597, 1, 0, 0, 0, 0, 0, 0);
INSERT INTO bans VALUES(413778633597, 1, 64, 1);
INSERT INTO bans VALUES(413778633597, 1, 134, 3);
INSERT INTO bans VALUES(413778633597, 1, 136, 5);
INSERT INTO bans VALUES(413778633597, 1, 43, 2);
INSERT INTO bans VALUES(413778633597, 1, 202, 4);
INSERT INTO bans VALUES(413778633597, 1, 76, 6);
INSERT INTO plays VALUES(413778633597, 1, 'CuVee', 245, 'top', 2, 0, 2, 6197, 11, 6, 227, 5, 8, 10991);
INSERT INTO plays VALUES(413778633597, 1, 'Ambition', 2, 'jungle', 0, 0, 5, 6409, 17, 11, 35, 78, 17, 9595);
INSERT INTO plays VALUES(413778633597, 1, 'Crown', 112, 'mid', 7, 1, 2, 14823, 11, 7, 196, 8, 1, 11731);
INSERT INTO plays VALUES(413778633597, 1, 'Ruler', 51, 'adc', 2, 1, 7, 8785, 9, 4, 186, 5, 3, 10484);
INSERT INTO plays VALUES(413778633597, 1, 'CoreJJ', 143, 'support', 2, 2, 7, 10468, 33, 10, 21, 0, 0, 8325);
INSERT INTO plays VALUES(413778633597, 1, 'Looper', 68, 'top', 2, 2, 0, 9102, 11, 1, 168, 6, 0, 7600);
INSERT INTO plays VALUES(413778633597, 1, 'Mlxg', 421, 'jungle', 0, 3, 3, 3994, 21, 10, 38, 66, 2, 6709);
INSERT INTO plays VALUES(413778633597, 1, 'Xiaohu', 90, 'mid', 0, 4, 1, 8345, 13, 6, 182, 9, 0, 7485);
INSERT INTO plays VALUES(413778633597, 1, 'Uzi', 81, 'adc', 2, 2, 1, 10458, 10, 4, 182, 3, 0, 7810);
INSERT INTO plays VALUES(413778633597, 1, 'Mata', 201, 'support', 0, 2, 3, 2413, 35, 5, 23, 0, 0, 4848);
INSERT INTO interacts VALUES(413778633597, 1, 'Mata', 3302, 1320, 1);
INSERT INTO interacts VALUES(413778633597, 1, 'Mata', 2010, 1510, 1);
INSERT INTO interacts VALUES(413778633597, 1, 'Mata', 2010, 1639, 1);
INSERT INTO interacts VALUES(413778633597, 1, 'Mata', 2010, 1768, 1);
INSERT INTO interacts VALUES(413778633597, 1, 'Xiaohu', 1056, 1839, 1);
INSERT INTO interacts VALUES(413778633597, 1, 'Mata', 3340, 1962, 1);
INSERT INTO interacts VALUES(413778633597, 1, 'Xiaohu', 2003, 2190, 1);
INSERT INTO interacts VALUES(413778633597, 1, 'Crown', 2003, 2287, 1);
INSERT INTO interacts VALUES(413778633597, 1, 'CoreJJ', 3303, 2387, 1);
INSERT INTO interacts VALUES(413778633597, 1, 'Crown', 2003, 2417, 1);
INSERT INTO interacts VALUES(413778633597, 1, 'Xiaohu', 2003, 2482, 1);
INSERT INTO interacts VALUES(413778633597, 1, 'Uzi', 1055, 2514, 1);
INSERT INTO interacts VALUES(413778633597, 1, 'Mlxg', 1041, 2546, 1);
INSERT INTO interacts VALUES(413778633597, 1, 'Crown', 1056, 2618, 1);
INSERT INTO interacts VALUES(413778633597, 1, 'Ruler', 1055, 2708, 1);
INSERT INTO interacts VALUES(413778633597, 1, 'Uzi', 2003, 2708, 1);
INSERT INTO interacts VALUES(413778633597, 1, 'CoreJJ', 2010, 2741, 1);
INSERT INTO interacts VALUES(413778633597, 1, 'Mlxg', 2031, 2774, 1);
INSERT INTO interacts VALUES(413778633597, 1, 'Xiaohu', 3340, 2807, 1);
INSERT INTO interacts VALUES(413778633597, 1, 'Crown', 3340, 2879, 1);
INSERT INTO interacts VALUES(413778633597, 1, 'CoreJJ', 2010, 2879, 1);
INSERT INTO interacts VALUES(413778633597, 1, 'Uzi', 3340, 2903, 1);
INSERT INTO interacts VALUES(413778633597, 1, 'Ruler', 2010, 2970, 1);
INSERT INTO interacts VALUES(413778633597, 1, 'CoreJJ', 2010, 3002, 1);
INSERT INTO interacts VALUES(413778633597, 1, 'Ambition', 1039, 3098, 1);
INSERT INTO interacts VALUES(413778633597, 1, 'Mlxg', 3340, 3098, 1);
INSERT INTO interacts VALUES(413778633597, 1, 'Ruler', 3340, 3195, 1);
INSERT INTO interacts VALUES(413778633597, 1, 'CoreJJ', 3340, 3456, 1);
INSERT INTO interacts VALUES(413778633597, 1, 'CuVee', 2033, 3553, 1);
INSERT INTO interacts VALUES(413778633597, 1, 'Ambition', 2031, 3878, 1);
INSERT INTO interacts VALUES(413778633597, 1, 'Looper', 1054, 3919, 1);
INSERT INTO interacts VALUES(413778633597, 1, 'CuVee', 3340, 4072, 1);
INSERT INTO interacts VALUES(413778633597, 1, 'Looper', 2003, 4233, 1);
INSERT INTO interacts VALUES(413778633597, 1, 'Looper', 3340, 4557, 1);
INSERT INTO interacts VALUES(413778633597, 1, 'Xiaohu', 1056, 271522, 1);
INSERT INTO interacts VALUES(413778633597, 1, 'Xiaohu', 1001, 271946, 1);
INSERT INTO interacts VALUES(413778633597, 1, 'Xiaohu', 2043, 273576, 1);
INSERT INTO interacts VALUES(413778633597, 1, 'Xiaohu', 2003, 274022, 1);
INSERT INTO interacts VALUES(413778633597, 1, 'Crown', 1001, 305040, 1);
INSERT INTO interacts VALUES(413778633597, 1, 'Crown', 1056, 305627, 1);
INSERT INTO interacts VALUES(413778633597, 1, 'Crown', 2031, 306858, 1);
INSERT INTO interacts VALUES(413778633597, 1, 'Crown', 2043, 307190, 1);
INSERT INTO interacts VALUES(413778633597, 1, 'CuVee', 1082, 317666, 1);
INSERT INTO interacts VALUES(413778633597, 1, 'CuVee', 1056, 317823, 1);
INSERT INTO interacts VALUES(413778633597, 1, 'CuVee', 1001, 318834, 1);
INSERT INTO interacts VALUES(413778633597, 1, 'Ambition', 3158, 337735, 1);
INSERT INTO interacts VALUES(413778633597, 1, 'Ambition', 1041, 339814, 1);
INSERT INTO interacts VALUES(413778633597, 1, 'Mata', 1028, 343356, 1);
INSERT INTO interacts VALUES(413778633597, 1, 'Ambition', 2032, 343519, 1);
INSERT INTO interacts VALUES(413778633597, 1, 'Ambition', 2043, 344136, 1);
INSERT INTO interacts VALUES(413778633597, 1, 'Mata', 2043, 345181, 1);
INSERT INTO interacts VALUES(413778633597, 1, 'Mata', 2031, 345600, 1);
INSERT INTO interacts VALUES(413778633597, 1, 'Looper', 1052, 346608, 1);
INSERT INTO interacts VALUES(413778633597, 1, 'Looper', 1028, 347254, 1);
INSERT INTO interacts VALUES(413778633597, 1, 'Looper', 1001, 348299, 1);
INSERT INTO interacts VALUES(413778633597, 1, 'Looper', 2043, 350286, 1);
INSERT INTO interacts VALUES(413778633597, 1, 'Mlxg', 3711, 362227, 1);
INSERT INTO interacts VALUES(413778633597, 1, 'Mlxg', 1036, 363008, 1);
INSERT INTO interacts VALUES(413778633597, 1, 'Mlxg', 2043, 363724, 1);
INSERT INTO interacts VALUES(413778633597, 1, 'CoreJJ', 2049, 366161, 1);
INSERT INTO interacts VALUES(413778633597, 1, 'CoreJJ', 3341, 367493, 1);
INSERT INTO interacts VALUES(413778633597, 1, 'Ruler', 1038, 375505, 1);
INSERT INTO interacts VALUES(413778633597, 1, 'Ruler', 2043, 376186, 1);
INSERT INTO interacts VALUES(413778633597, 1, 'Ruler', 2010, 376740, 1);
INSERT INTO interacts VALUES(413778633597, 1, 'Uzi', 3070, 403225, 1);
INSERT INTO interacts VALUES(413778633597, 1, 'Uzi', 1037, 404855, 1);
INSERT INTO interacts VALUES(413778633597, 1, 'Xiaohu', 1052, 435012, 1);
INSERT INTO interacts VALUES(413778633597, 1, 'Xiaohu', 2031, 436179, 1);
INSERT INTO interacts VALUES(413778633597, 1, 'Xiaohu', 2043, 436539, 1);
INSERT INTO interacts VALUES(413778633597, 1, 'Crown', 3196, 456976, 1);
INSERT INTO interacts VALUES(413778633597, 1, 'Looper', 2043, 463348, 1);
INSERT INTO interacts VALUES(413778633597, 1, 'Looper', 2031, 463740, 1);
INSERT INTO interacts VALUES(413778633597, 1, 'CuVee', 3111, 480584, 1);
INSERT INTO interacts VALUES(413778633597, 1, 'CuVee', 2043, 481784, 1);
INSERT INTO interacts VALUES(413778633597, 1, 'Ambition', 3751, 490410, 1);
INSERT INTO interacts VALUES(413778633597, 1, 'Mata', 2049, 501333, 1);
INSERT INTO interacts VALUES(413778633597, 1, 'Mlxg', 1036, 508002, 1);
INSERT INTO interacts VALUES(413778633597, 1, 'Mata', 2043, 508227, 1);
INSERT INTO interacts VALUES(413778633597, 1, 'Mlxg', 1001, 508455, 1);
INSERT INTO interacts VALUES(413778633597, 1, 'Mlxg', 2043, 509205, 1);
INSERT INTO interacts VALUES(413778633597, 1, 'Ruler', 3006, 550729, 1);
INSERT INTO interacts VALUES(413778633597, 1, 'CoreJJ', 3117, 559844, 1);
INSERT INTO interacts VALUES(413778633597, 1, 'CoreJJ', 2043, 560461, 1);
INSERT INTO interacts VALUES(413778633597, 1, 'CoreJJ', 2043, 560606, 1);
INSERT INTO interacts VALUES(413778633597, 1, 'CoreJJ', 2010, 560820, 1);
INSERT INTO interacts VALUES(413778633597, 1, 'CoreJJ', 2010, 560948, 1);
INSERT INTO interacts VALUES(413778633597, 1, 'Mata', 3341, 582433, 1);
INSERT INTO interacts VALUES(413778633597, 1, 'Mata', 2043, 583525, 1);
INSERT INTO interacts VALUES(413778633597, 1, 'Uzi', 3004, 587197, 1);
INSERT INTO interacts VALUES(413778633597, 1, 'Uzi', 2043, 587750, 1);
INSERT INTO interacts VALUES(413778633597, 1, 'Uzi', 2003, 588414, 1);
INSERT INTO interacts VALUES(413778633597, 1, 'Uzi', 2003, 588568, 1);
INSERT INTO interacts VALUES(413778633597, 1, 'Mlxg', 3077, 632388, 1);
INSERT INTO interacts VALUES(413778633597, 1, 'Mata', 1001, 654893, 1);
INSERT INTO interacts VALUES(413778633597, 1, 'Xiaohu', 3802, 659001, 1);
INSERT INTO interacts VALUES(413778633597, 1, 'Xiaohu', 3020, 661618, 1);
INSERT INTO interacts VALUES(413778633597, 1, 'Ambition', 3711, 664349, 1);
INSERT INTO interacts VALUES(413778633597, 1, 'Ambition', 1028, 665845, 1);
INSERT INTO interacts VALUES(413778633597, 1, 'Ambition', 2043, 666368, 1);
INSERT INTO interacts VALUES(413778633597, 1, 'Ambition', 3341, 666983, 1);
INSERT INTO interacts VALUES(413778633597, 1, 'Ruler', 1037, 668710, 1);
INSERT INTO interacts VALUES(413778633597, 1, 'CuVee', 3057, 669558, 1);
INSERT INTO interacts VALUES(413778633597, 1, 'Looper', 3136, 669912, 1);
INSERT INTO interacts VALUES(413778633597, 1, 'CuVee', 1028, 671342, 1);
INSERT INTO interacts VALUES(413778633597, 1, 'Looper', 1033, 671664, 1);
INSERT INTO interacts VALUES(413778633597, 1, 'CoreJJ', 3098, 672017, 1);
INSERT INTO interacts VALUES(413778633597, 1, 'CoreJJ', 2043, 672602, 1);
INSERT INTO interacts VALUES(413778633597, 1, 'CoreJJ', 2010, 672843, 1);
INSERT INTO interacts VALUES(413778633597, 1, 'Crown', 3197, 686511, 1);
INSERT INTO interacts VALUES(413778633597, 1, 'Crown', 3020, 691188, 1);
INSERT INTO interacts VALUES(413778633597, 1, 'Crown', 2043, 692165, 1);
INSERT INTO interacts VALUES(413778633597, 1, 'Crown', 3363, 693948, 1);
INSERT INTO interacts VALUES(413778633597, 1, 'Uzi', 1001, 702070, 1);
INSERT INTO interacts VALUES(413778633597, 1, 'Uzi', 2003, 702326, 1);
INSERT INTO interacts VALUES(413778633597, 1, 'Mata', 2043, 713215, 1);
INSERT INTO interacts VALUES(413778633597, 1, 'Uzi', 2003, 770065, 1);
INSERT INTO interacts VALUES(413778633597, 1, 'Uzi', 1027, 770489, 1);
INSERT INTO interacts VALUES(413778633597, 1, 'CoreJJ', 2301, 805752, 1);
INSERT INTO interacts VALUES(413778633597, 1, 'CoreJJ', 1052, 811846, 1);
INSERT INTO interacts VALUES(413778633597, 1, 'CoreJJ', 1028, 812900, 1);
INSERT INTO interacts VALUES(413778633597, 1, 'CoreJJ', 2010, 819404, 1);
INSERT INTO interacts VALUES(413778633597, 1, 'CuVee', 3044, 822427, 1);
INSERT INTO interacts VALUES(413778633597, 1, 'Mata', 1028, 823207, 1);
INSERT INTO interacts VALUES(413778633597, 1, 'Ruler', 3031, 826231, 1);
INSERT INTO interacts VALUES(413778633597, 1, 'Looper', 1026, 836035, 1);
INSERT INTO interacts VALUES(413778633597, 1, 'Looper', 3111, 838370, 1);
INSERT INTO interacts VALUES(413778633597, 1, 'Ambition', 1409, 863729, 1);
INSERT INTO interacts VALUES(413778633597, 1, 'Ambition', 1028, 864667, 1);
INSERT INTO interacts VALUES(413778633597, 1, 'Ambition', 3364, 865938, 1);
INSERT INTO interacts VALUES(413778633597, 1, 'Ambition', 1028, 867661, 1);
INSERT INTO interacts VALUES(413778633597, 1, 'Crown', 1058, 867891, 1);
INSERT INTO interacts VALUES(413778633597, 1, 'Crown', 2031, 868799, 0);
INSERT INTO interacts VALUES(413778633597, 1, 'Ambition', 3067, 869193, 1);
INSERT INTO interacts VALUES(413778633597, 1, 'Crown', 1052, 870064, 1);
INSERT INTO interacts VALUES(413778633597, 1, 'Mlxg', 1409, 888205, 1);
INSERT INTO interacts VALUES(413778633597, 1, 'Mlxg', 3364, 889796, 1);
INSERT INTO interacts VALUES(413778633597, 1, 'CuVee', 3078, 907594, 1);
INSERT INTO interacts VALUES(413778633597, 1, 'Ruler', 1042, 931331, 1);
INSERT INTO interacts VALUES(413778633597, 1, 'Ruler', 1042, 931446, 1);
INSERT INTO interacts VALUES(413778633597, 1, 'Ruler', 3363, 932032, 1);
INSERT INTO interacts VALUES(413778633597, 1, 'Ruler', 2043, 932455, 1);
INSERT INTO interacts VALUES(413778633597, 1, 'Looper', 3151, 941946, 1);
INSERT INTO interacts VALUES(413778633597, 1, 'CoreJJ', 2043, 942524, 1);
INSERT INTO interacts VALUES(413778633597, 1, 'CoreJJ', 2043, 942632, 1);
INSERT INTO interacts VALUES(413778633597, 1, 'Looper', 2043, 942697, 1);
INSERT INTO interacts VALUES(413778633597, 1, 'Xiaohu', 3108, 963369, 1);
INSERT INTO interacts VALUES(413778633597, 1, 'Uzi', 3057, 975231, 1);
INSERT INTO interacts VALUES(413778633597, 1, 'Uzi', 3158, 976433, 1);
INSERT INTO interacts VALUES(413778633597, 1, 'Uzi', 3363, 976872, 1);
INSERT INTO interacts VALUES(413778633597, 1, 'Uzi', 2043, 977151, 1);
INSERT INTO interacts VALUES(413778633597, 1, 'Mata', 3009, 982100, 1);
INSERT INTO interacts VALUES(413778633597, 1, 'Mata', 2043, 983660, 1);
INSERT INTO interacts VALUES(413778633597, 1, 'CuVee', 1033, 990748, 1);
INSERT INTO interacts VALUES(413778633597, 1, 'Mlxg', 3111, 1017603, 1);
INSERT INTO interacts VALUES(413778633597, 1, 'Uzi', 1027, 1102203, 1);
INSERT INTO interacts VALUES(413778633597, 1, 'Uzi', 1029, 1102468, 1);
INSERT INTO interacts VALUES(413778633597, 1, 'Xiaohu', 3165, 1104741, 1);
INSERT INTO interacts VALUES(413778633597, 1, 'Xiaohu', 2043, 1105716, 1);
INSERT INTO interacts VALUES(413778633597, 1, 'Xiaohu', 2043, 1105977, 1);
INSERT INTO interacts VALUES(413778633597, 1, 'Mlxg', 2043, 1109785, 1);
INSERT INTO interacts VALUES(413778633597, 1, 'Mata', 2045, 1111832, 1);
INSERT INTO interacts VALUES(413778633597, 1, 'Mata', 2043, 1112903, 1);
INSERT INTO interacts VALUES(413778633597, 1, 'CoreJJ', 3136, 1123333, 1);
INSERT INTO interacts VALUES(413778633597, 1, 'CoreJJ', 3364, 1124304, 1);
INSERT INTO interacts VALUES(413778633597, 1, 'CoreJJ', 2043, 1125410, 1);
INSERT INTO interacts VALUES(413778633597, 1, 'CoreJJ', 2043, 1125542, 1);
INSERT INTO interacts VALUES(413778633597, 1, 'CoreJJ', 2010, 1125783, 1);
INSERT INTO interacts VALUES(413778633597, 1, 'CoreJJ', 2010, 1125867, 1);
INSERT INTO interacts VALUES(413778633597, 1, 'Crown', 3116, 1126682, 1);
INSERT INTO interacts VALUES(413778633597, 1, 'CuVee', 3211, 1133676, 1);
INSERT INTO interacts VALUES(413778633597, 1, 'Ambition', 3065, 1137120, 1);
INSERT INTO interacts VALUES(413778633597, 1, 'Ambition', 1029, 1138165, 1);
INSERT INTO interacts VALUES(413778633597, 1, 'Ambition', 2043, 1138425, 1);
INSERT INTO interacts VALUES(413778633597, 1, 'Crown', 3198, 1142225, 1);
INSERT INTO interacts VALUES(413778633597, 1, 'Ruler', 3086, 1150450, 1);
INSERT INTO interacts VALUES(413778633597, 1, 'Ruler', 1033, 1153130, 1);
INSERT INTO interacts VALUES(413778633597, 1, 'Mlxg', 1028, 1170457, 1);
INSERT INTO interacts VALUES(413778633597, 1, 'Mata', 2043, 1188122, 1);
INSERT INTO interacts VALUES(413778633597, 1, 'Looper', 1058, 1195875, 1);
INSERT INTO interacts VALUES(413778633597, 1, 'Looper', 3363, 1197209, 1);
INSERT INTO interacts VALUES(413778633597, 1, 'Looper', 2043, 1199411, 1);
INSERT INTO interacts VALUES(413778633597, 1, 'CoreJJ', 2043, 1213543, 1);
INSERT INTO interacts VALUES(413778633597, 1, 'CoreJJ', 2010, 1214143, 1);
INSERT INTO interacts VALUES(413778633597, 1, 'Xiaohu', 2031, 1261054, 0);
INSERT INTO interacts VALUES(413778633597, 1, 'Xiaohu', 1058, 1263669, 1);
INSERT INTO interacts VALUES(413778633597, 1, 'Mlxg', 1029, 1267913, 1);
INSERT INTO interacts VALUES(413778633597, 1, 'Mlxg', 2031, 1272696, 0);
INSERT INTO interacts VALUES(413778633597, 1, 'Mlxg', 2043, 1273248, 1);
INSERT INTO interacts VALUES(413778633597, 1, 'Ruler', 3085, 1281126, 1);
INSERT INTO interacts VALUES(413778633597, 1, 'CuVee', 3065, 1281160, 1);
INSERT INTO interacts VALUES(413778633597, 1, 'Ruler', 2043, 1281650, 1);
INSERT INTO interacts VALUES(413778633597, 1, 'Ambition', 1011, 1281746, 1);
INSERT INTO interacts VALUES(413778633597, 1, 'Ambition', 2032, 1282787, 0);
INSERT INTO interacts VALUES(413778633597, 1, 'CuVee', 1056, 1282930, 0);
INSERT INTO interacts VALUES(413778633597, 1, 'CoreJJ', 1026, 1283195, 1);
INSERT INTO interacts VALUES(413778633597, 1, 'CuVee', 1031, 1283828, 1);
INSERT INTO interacts VALUES(413778633597, 1, 'Ambition', 2043, 1283863, 1);
INSERT INTO interacts VALUES(413778633597, 1, 'Ambition', 2043, 1284025, 1);
INSERT INTO interacts VALUES(413778633597, 1, 'Uzi', 3025, 1285013, 1);
INSERT INTO interacts VALUES(413778633597, 1, 'Uzi', 2043, 1285291, 1);
INSERT INTO interacts VALUES(413778633597, 1, 'Crown', 1058, 1286070, 1);
INSERT INTO interacts VALUES(413778633597, 1, 'Uzi', 2003, 1287092, 1);
INSERT INTO interacts VALUES(413778633597, 1, 'Looper', 2031, 1289843, 0);
INSERT INTO interacts VALUES(413778633597, 1, 'Looper', 1028, 1290947, 1);
INSERT INTO interacts VALUES(413778633597, 1, 'Mata', 3364, 1307761, 1);
INSERT INTO interacts VALUES(413778633597, 1, 'Mata', 3341, 1307909, 1);
INSERT INTO interacts VALUES(413778633597, 1, 'Mata', 1033, 1309548, 1);
INSERT INTO interacts VALUES(413778633597, 1, 'Mata', 3364, 1311809, 1);
INSERT INTO interacts VALUES(413778633597, 1, 'Uzi', 1036, 1403845, 1);
INSERT INTO interacts VALUES(413778633597, 1, 'Mata', 1028, 1411021, 1);
INSERT INTO series VALUES(762206602341, 1);
INSERT INTO organizes VALUES('world_championship_2016', 762206602341, 'group_d - SPY-vs-SSG');
INSERT INTO competes VALUES(762206602341, 'SPY', 1);
INSERT INTO competes VALUES(762206602341, 'SSG', 0);
INSERT INTO matches VALUES(762206602341, 1, '2016-10-08');
INSERT INTO scores VALUES('SPY', 762206602341, 1, 0, 0, 0, 0, 0, 0);
INSERT INTO scores VALUES('SSG', 762206602341, 1, 1, 10, 0, 1, 2, 1);
INSERT INTO bans VALUES(762206602341, 1, 68, 1);
INSERT INTO bans VALUES(762206602341, 1, 2, 3);
INSERT INTO bans VALUES(762206602341, 1, 112, 5);
INSERT INTO bans VALUES(762206602341, 1, 76, 2);
INSERT INTO bans VALUES(762206602341, 1, 134, 4);
INSERT INTO bans VALUES(762206602341, 1, 126, 6);
INSERT INTO plays VALUES(762206602341, 1, 'Wunder', 245, 'top', 1, 5, 2, 7915, 8, 1, 154, 0, 0, 7047);
INSERT INTO plays VALUES(762206602341, 1, 'Trashy', 60, 'jungle', 2, 4, 1, 7573, 15, 9, 29, 56, 1, 7005);
INSERT INTO plays VALUES(762206602341, 1, 'Sencux', 136, 'mid', 0, 3, 3, 8588, 11, 1, 167, 5, 1, 7050);
INSERT INTO plays VALUES(762206602341, 1, 'Kobbe', 15, 'adc', 1, 2, 2, 11231, 7, 1, 163, 8, 0, 7403);
INSERT INTO plays VALUES(762206602341, 1, 'Mikyx', 12, 'support', 1, 7, 3, 2590, 25, 8, 31, 0, 0, 5432);
INSERT INTO plays VALUES(762206602341, 1, 'CuVee', 85, 'top', 6, 2, 5, 16809, 11, 2, 180, 0, 1, 10878);
INSERT INTO plays VALUES(762206602341, 1, 'Ambition', 421, 'jungle', 3, 0, 8, 9213, 17, 8, 33, 67, 33, 10450);
INSERT INTO plays VALUES(762206602341, 1, 'Crown', 13, 'mid', 3, 0, 10, 12339, 11, 2, 233, 5, 4, 11271);
INSERT INTO plays VALUES(762206602341, 1, 'Ruler', 202, 'adc', 7, 1, 7, 17806, 11, 1, 167, 0, 0, 11237);
INSERT INTO plays VALUES(762206602341, 1, 'CoreJJ', 223, 'support', 2, 2, 10, 7074, 33, 3, 32, 0, 0, 7705);
INSERT INTO interacts VALUES(762206602341, 1, 'CuVee', 1055, 1594, 1);
INSERT INTO interacts VALUES(762206602341, 1, 'CoreJJ', 3302, 1623, 1);
INSERT INTO interacts VALUES(762206602341, 1, 'CuVee', 2003, 1786, 1);
INSERT INTO interacts VALUES(762206602341, 1, 'Trashy', 1039, 1916, 1);
INSERT INTO interacts VALUES(762206602341, 1, 'CuVee', 3340, 1978, 1);
INSERT INTO interacts VALUES(762206602341, 1, 'Ruler', 1055, 2304, 1);
INSERT INTO interacts VALUES(762206602341, 1, 'Crown', 1027, 2464, 1);
INSERT INTO interacts VALUES(762206602341, 1, 'CoreJJ', 2010, 2498, 1);
INSERT INTO interacts VALUES(762206602341, 1, 'Ruler', 2003, 2562, 1);
INSERT INTO interacts VALUES(762206602341, 1, 'CoreJJ', 2010, 2629, 1);
INSERT INTO interacts VALUES(762206602341, 1, 'CoreJJ', 2010, 2756, 1);
INSERT INTO interacts VALUES(762206602341, 1, 'Ruler', 3340, 2821, 1);
INSERT INTO interacts VALUES(762206602341, 1, 'Mikyx', 3302, 2821, 1);
INSERT INTO interacts VALUES(762206602341, 1, 'Mikyx', 2010, 3079, 1);
INSERT INTO interacts VALUES(762206602341, 1, 'CoreJJ', 3340, 3176, 1);
INSERT INTO interacts VALUES(762206602341, 1, 'Mikyx', 2010, 3275, 1);
INSERT INTO interacts VALUES(762206602341, 1, 'Trashy', 2031, 3378, 1);
INSERT INTO interacts VALUES(762206602341, 1, 'Mikyx', 2010, 3378, 1);
INSERT INTO interacts VALUES(762206602341, 1, 'Crown', 2031, 3693, 1);
INSERT INTO interacts VALUES(762206602341, 1, 'Trashy', 3340, 3854, 1);
INSERT INTO interacts VALUES(762206602341, 1, 'Mikyx', 3340, 3854, 1);
INSERT INTO interacts VALUES(762206602341, 1, 'Wunder', 2033, 4158, 1);
INSERT INTO interacts VALUES(762206602341, 1, 'Crown', 3340, 4275, 1);
INSERT INTO interacts VALUES(762206602341, 1, 'Kobbe', 1055, 4984, 1);
INSERT INTO interacts VALUES(762206602341, 1, 'Kobbe', 2010, 5245, 1);
INSERT INTO interacts VALUES(762206602341, 1, 'Wunder', 3340, 5407, 1);
INSERT INTO interacts VALUES(762206602341, 1, 'Kobbe', 3340, 5537, 1);
INSERT INTO interacts VALUES(762206602341, 1, 'Ambition', 1041, 6024, 1);
INSERT INTO interacts VALUES(762206602341, 1, 'Ambition', 2031, 6866, 1);
INSERT INTO interacts VALUES(762206602341, 1, 'Sencux', 2033, 7906, 1);
INSERT INTO interacts VALUES(762206602341, 1, 'Sencux', 3340, 8651, 1);
INSERT INTO interacts VALUES(762206602341, 1, 'Wunder', 1082, 208584, 1);
INSERT INTO interacts VALUES(762206602341, 1, 'CuVee', 1055, 220678, 1);
INSERT INTO interacts VALUES(762206602341, 1, 'CuVee', 2043, 223309, 1);
INSERT INTO interacts VALUES(762206602341, 1, 'Kobbe', 1036, 230303, 1);
INSERT INTO interacts VALUES(762206602341, 1, 'Ruler', 1036, 230467, 1);
INSERT INTO interacts VALUES(762206602341, 1, 'Ruler', 1036, 230563, 1);
INSERT INTO interacts VALUES(762206602341, 1, 'Ruler', 1001, 231797, 1);
INSERT INTO interacts VALUES(762206602341, 1, 'Ruler', 2003, 231995, 1);
INSERT INTO interacts VALUES(762206602341, 1, 'Mikyx', 1028, 232233, 1);
INSERT INTO interacts VALUES(762206602341, 1, 'Mikyx', 2043, 233066, 1);
INSERT INTO interacts VALUES(762206602341, 1, 'Mikyx', 2010, 233359, 1);
INSERT INTO interacts VALUES(762206602341, 1, 'Mikyx', 2010, 233531, 1);
INSERT INTO interacts VALUES(762206602341, 1, 'Kobbe', 2010, 234571, 1);
INSERT INTO interacts VALUES(762206602341, 1, 'Kobbe', 2010, 239257, 1);
INSERT INTO interacts VALUES(762206602341, 1, 'CoreJJ', 2049, 255417, 1);
INSERT INTO interacts VALUES(762206602341, 1, 'CoreJJ', 2010, 256273, 1);
INSERT INTO interacts VALUES(762206602341, 1, 'CoreJJ', 2010, 256402, 1);
INSERT INTO interacts VALUES(762206602341, 1, 'CoreJJ', 2043, 256622, 1);
INSERT INTO interacts VALUES(762206602341, 1, 'CoreJJ', 3341, 258089, 1);
INSERT INTO interacts VALUES(762206602341, 1, 'CoreJJ', 2043, 263620, 1);
INSERT INTO interacts VALUES(762206602341, 1, 'Trashy', 1001, 265700, 1);
INSERT INTO interacts VALUES(762206602341, 1, 'Trashy', 1052, 266025, 1);
INSERT INTO interacts VALUES(762206602341, 1, 'Trashy', 2043, 266840, 1);
INSERT INTO interacts VALUES(762206602341, 1, 'Mikyx', 2043, 301604, 1);
INSERT INTO interacts VALUES(762206602341, 1, 'Ambition', 3751, 323073, 1);
INSERT INTO interacts VALUES(762206602341, 1, 'Ambition', 2043, 324471, 1);
INSERT INTO interacts VALUES(762206602341, 1, 'Sencux', 3211, 345003, 1);
INSERT INTO interacts VALUES(762206602341, 1, 'Wunder', 1001, 345149, 1);
INSERT INTO interacts VALUES(762206602341, 1, 'Trashy', 3113, 345932, 1);
INSERT INTO interacts VALUES(762206602341, 1, 'Wunder', 1036, 346356, 1);
INSERT INTO interacts VALUES(762206602341, 1, 'Sencux', 2043, 347086, 1);
INSERT INTO interacts VALUES(762206602341, 1, 'Mikyx', 1001, 349215, 1);
INSERT INTO interacts VALUES(762206602341, 1, 'Crown', 3070, 355954, 1);
INSERT INTO interacts VALUES(762206602341, 1, 'Crown', 3010, 356927, 1);
INSERT INTO interacts VALUES(762206602341, 1, 'CoreJJ', 1001, 366224, 1);
INSERT INTO interacts VALUES(762206602341, 1, 'CoreJJ', 2010, 367071, 1);
INSERT INTO interacts VALUES(762206602341, 1, 'CoreJJ', 2043, 367264, 1);
INSERT INTO interacts VALUES(762206602341, 1, 'CuVee', 1052, 373124, 1);
INSERT INTO interacts VALUES(762206602341, 1, 'CuVee', 1001, 374163, 1);
INSERT INTO interacts VALUES(762206602341, 1, 'CuVee', 2043, 374923, 1);
INSERT INTO interacts VALUES(762206602341, 1, 'Ruler', 3134, 394809, 1);
INSERT INTO interacts VALUES(762206602341, 1, 'Ruler', 1036, 395591, 1);
INSERT INTO interacts VALUES(762206602341, 1, 'Ruler', 2003, 396306, 1);
INSERT INTO interacts VALUES(762206602341, 1, 'Ruler', 2043, 397509, 1);
INSERT INTO interacts VALUES(762206602341, 1, 'Crown', 1001, 414428, 1);
INSERT INTO interacts VALUES(762206602341, 1, 'Kobbe', 1036, 428472, 1);
INSERT INTO interacts VALUES(762206602341, 1, 'Kobbe', 1001, 429188, 1);
INSERT INTO interacts VALUES(762206602341, 1, 'Kobbe', 1042, 430615, 1);
INSERT INTO interacts VALUES(762206602341, 1, 'Trashy', 3117, 484953, 1);
INSERT INTO interacts VALUES(762206602341, 1, 'Mikyx', 2049, 499684, 1);
INSERT INTO interacts VALUES(762206602341, 1, 'Mikyx', 3341, 501011, 1);
INSERT INTO interacts VALUES(762206602341, 1, 'Mikyx', 2010, 502133, 1);
INSERT INTO interacts VALUES(762206602341, 1, 'Wunder', 1028, 502996, 1);
INSERT INTO interacts VALUES(762206602341, 1, 'Wunder', 1056, 503253, 1);
INSERT INTO interacts VALUES(762206602341, 1, 'CoreJJ', 3009, 520610, 1);
INSERT INTO interacts VALUES(762206602341, 1, 'CoreJJ', 2043, 522347, 1);
INSERT INTO interacts VALUES(762206602341, 1, 'Ruler', 3133, 546869, 1);
INSERT INTO interacts VALUES(762206602341, 1, 'Ruler', 3009, 548724, 1);
INSERT INTO interacts VALUES(762206602341, 1, 'Ruler', 2031, 549666, 1);
INSERT INTO interacts VALUES(762206602341, 1, 'Ruler', 2043, 551619, 1);
INSERT INTO interacts VALUES(762206602341, 1, 'CuVee', 3145, 558387, 1);
INSERT INTO interacts VALUES(762206602341, 1, 'CuVee', 3020, 561221, 1);
INSERT INTO interacts VALUES(762206602341, 1, 'Wunder', 3044, 580226, 1);
INSERT INTO interacts VALUES(762206602341, 1, 'Kobbe', 3006, 583428, 1);
INSERT INTO interacts VALUES(762206602341, 1, 'Kobbe', 2010, 584387, 1);
INSERT INTO interacts VALUES(762206602341, 1, 'Sencux', 3009, 594761, 1);
INSERT INTO interacts VALUES(762206602341, 1, 'Sencux', 1028, 595871, 1);
INSERT INTO interacts VALUES(762206602341, 1, 'Sencux', 2043, 596228, 1);
INSERT INTO interacts VALUES(762206602341, 1, 'CoreJJ', 2010, 639695, 1);
INSERT INTO interacts VALUES(762206602341, 1, 'CoreJJ', 2010, 640613, 1);
INSERT INTO interacts VALUES(762206602341, 1, 'Ambition', 3155, 646728, 1);
INSERT INTO interacts VALUES(762206602341, 1, 'Mikyx', 1028, 648014, 1);
INSERT INTO interacts VALUES(762206602341, 1, 'Ambition', 3711, 648065, 1);
INSERT INTO interacts VALUES(762206602341, 1, 'Mikyx', 2010, 649202, 1);
INSERT INTO interacts VALUES(762206602341, 1, 'Trashy', 3711, 649468, 1);
INSERT INTO interacts VALUES(762206602341, 1, 'Ambition', 3341, 650182, 1);
INSERT INTO interacts VALUES(762206602341, 1, 'Trashy', 2043, 650729, 1);
INSERT INTO interacts VALUES(762206602341, 1, 'Crown', 3027, 691663, 1);
INSERT INTO interacts VALUES(762206602341, 1, 'Crown', 2043, 693019, 1);
INSERT INTO interacts VALUES(762206602341, 1, 'Crown', 3363, 693585, 1);
INSERT INTO interacts VALUES(762206602341, 1, 'Mikyx', 2043, 736043, 1);
INSERT INTO interacts VALUES(762206602341, 1, 'Sencux', 3010, 763318, 1);
INSERT INTO interacts VALUES(762206602341, 1, 'Ruler', 3142, 770642, 1);
INSERT INTO interacts VALUES(762206602341, 1, 'CoreJJ', 1028, 772722, 1);
INSERT INTO interacts VALUES(762206602341, 1, 'CoreJJ', 2010, 773540, 1);
INSERT INTO interacts VALUES(762206602341, 1, 'CoreJJ', 2010, 773670, 1);
INSERT INTO interacts VALUES(762206602341, 1, 'Wunder', 3111, 774126, 1);
INSERT INTO interacts VALUES(762206602341, 1, 'Kobbe', 1038, 786858, 1);
INSERT INTO interacts VALUES(762206602341, 1, 'Ambition', 1409, 790719, 1);
INSERT INTO interacts VALUES(762206602341, 1, 'Ambition', 1001, 791598, 1);
INSERT INTO interacts VALUES(762206602341, 1, 'Ambition', 2043, 791891, 1);
INSERT INTO interacts VALUES(762206602341, 1, 'Ambition', 3364, 792283, 1);
INSERT INTO interacts VALUES(762206602341, 1, 'CuVee', 3067, 792344, 1);
INSERT INTO interacts VALUES(762206602341, 1, 'Ambition', 2043, 792605, 1);
INSERT INTO interacts VALUES(762206602341, 1, 'CuVee', 2031, 793016, 1);
INSERT INTO interacts VALUES(762206602341, 1, 'Trashy', 1410, 794723, 1);
INSERT INTO interacts VALUES(762206602341, 1, 'Crown', 3158, 809269, 1);
INSERT INTO interacts VALUES(762206602341, 1, 'Crown', 1052, 811083, 1);
INSERT INTO interacts VALUES(762206602341, 1, 'Crown', 2043, 812286, 1);
INSERT INTO interacts VALUES(762206602341, 1, 'Mikyx', 3117, 854043, 1);
INSERT INTO interacts VALUES(762206602341, 1, 'Mikyx', 2043, 854498, 1);
INSERT INTO interacts VALUES(762206602341, 1, 'Mikyx', 2010, 854822, 1);
INSERT INTO interacts VALUES(762206602341, 1, 'Wunder', 1042, 856268, 1);
INSERT INTO interacts VALUES(762206602341, 1, 'CoreJJ', 2045, 857763, 1);
INSERT INTO interacts VALUES(762206602341, 1, 'Ambition', 3111, 955853, 1);
INSERT INTO interacts VALUES(762206602341, 1, 'Ambition', 1028, 956374, 1);
INSERT INTO interacts VALUES(762206602341, 1, 'Trashy', 3145, 967545, 1);
INSERT INTO interacts VALUES(762206602341, 1, 'Sencux', 3145, 972410, 1);
INSERT INTO interacts VALUES(762206602341, 1, 'Kobbe', 1018, 973098, 1);
INSERT INTO interacts VALUES(762206602341, 1, 'Trashy', 3364, 977722, 1);
INSERT INTO interacts VALUES(762206602341, 1, 'Trashy', 2043, 978078, 1);
INSERT INTO interacts VALUES(762206602341, 1, 'CuVee', 3152, 978240, 1);
INSERT INTO interacts VALUES(762206602341, 1, 'Kobbe', 3363, 978240, 1);
INSERT INTO interacts VALUES(762206602341, 1, 'CoreJJ', 3097, 979346, 1);
INSERT INTO interacts VALUES(762206602341, 1, 'CoreJJ', 1028, 979790, 1);
INSERT INTO interacts VALUES(762206602341, 1, 'CuVee', 1026, 980163, 1);
INSERT INTO interacts VALUES(762206602341, 1, 'Ruler', 3363, 981305, 1);
INSERT INTO interacts VALUES(762206602341, 1, 'CoreJJ', 2010, 981987, 1);
INSERT INTO interacts VALUES(762206602341, 1, 'Ruler', 2031, 982828, 0);
INSERT INTO interacts VALUES(762206602341, 1, 'Ruler', 1038, 985106, 1);
INSERT INTO interacts VALUES(762206602341, 1, 'Ruler', 1036, 986413, 1);
INSERT INTO interacts VALUES(762206602341, 1, 'Ruler', 2043, 988300, 1);
INSERT INTO interacts VALUES(762206602341, 1, 'Crown', 3108, 1000136, 1);
INSERT INTO interacts VALUES(762206602341, 1, 'Crown', 1057, 1000365, 1);
INSERT INTO interacts VALUES(762206602341, 1, 'Wunder', 3101, 1041636, 1);
INSERT INTO interacts VALUES(762206602341, 1, 'CoreJJ', 2010, 1078459, 1);
INSERT INTO interacts VALUES(762206602341, 1, 'CoreJJ', 2010, 1078593, 1);
INSERT INTO interacts VALUES(762206602341, 1, 'Mikyx', 2045, 1117069, 1);
INSERT INTO interacts VALUES(762206602341, 1, 'Mikyx', 3801, 1118757, 1);
INSERT INTO interacts VALUES(762206602341, 1, 'Sencux', 3030, 1119927, 1);
INSERT INTO interacts VALUES(762206602341, 1, 'Kobbe', 3508, 1132616, 1);
INSERT INTO interacts VALUES(762206602341, 1, 'Kobbe', 1042, 1134759, 1);
INSERT INTO interacts VALUES(762206602341, 1, 'Kobbe', 1042, 1136493, 1);
INSERT INTO interacts VALUES(762206602341, 1, 'Mikyx', 2043, 1137533, 1);
INSERT INTO interacts VALUES(762206602341, 1, 'CoreJJ', 3067, 1156365, 1);
INSERT INTO interacts VALUES(762206602341, 1, 'Crown', 3001, 1159688, 1);
INSERT INTO interacts VALUES(762206602341, 1, 'Crown', 1026, 1163589, 1);
INSERT INTO interacts VALUES(762206602341, 1, 'Ambition', 3211, 1163944, 1);
INSERT INTO interacts VALUES(762206602341, 1, 'Ambition', 2031, 1166553, 0);
INSERT INTO interacts VALUES(762206602341, 1, 'Ambition', 1028, 1167303, 1);
INSERT INTO interacts VALUES(762206602341, 1, 'Ambition', 2043, 1167691, 1);
INSERT INTO interacts VALUES(762206602341, 1, 'Ambition', 2043, 1167824, 1);
INSERT INTO interacts VALUES(762206602341, 1, 'Ruler', 3147, 1171947, 1);
INSERT INTO interacts VALUES(762206602341, 1, 'Ruler', 2043, 1172530, 1);
INSERT INTO interacts VALUES(762206602341, 1, 'Ruler', 2003, 1174288, 1);
INSERT INTO interacts VALUES(762206602341, 1, 'CuVee', 3135, 1178719, 1);
INSERT INTO interacts VALUES(762206602341, 1, 'Trashy', 3067, 1186958, 1);
INSERT INTO interacts VALUES(762206602341, 1, 'Trashy', 2043, 1187803, 1);
INSERT INTO interacts VALUES(762206602341, 1, 'Wunder', 1056, 1208789, 0);
INSERT INTO interacts VALUES(762206602341, 1, 'Wunder', 3057, 1210805, 1);
INSERT INTO interacts VALUES(762206602341, 1, 'Trashy', 3152, 1308463, 1);
INSERT INTO interacts VALUES(762206602341, 1, 'Mikyx', 1033, 1324668, 1);
INSERT INTO interacts VALUES(762206602341, 1, 'Mikyx', 3364, 1325316, 1);
INSERT INTO interacts VALUES(762206602341, 1, 'Mikyx', 2043, 1325679, 1);
INSERT INTO interacts VALUES(762206602341, 1, 'Mikyx', 2043, 1325883, 1);
INSERT INTO interacts VALUES(762206602341, 1, 'Kobbe', 3086, 1326684, 1);
INSERT INTO interacts VALUES(762206602341, 1, 'Trashy', 2043, 1330000, 1);
INSERT INTO interacts VALUES(762206602341, 1, 'Sencux', 1028, 1335251, 1);
INSERT INTO interacts VALUES(762206602341, 1, 'Sencux', 1052, 1335997, 1);
INSERT INTO interacts VALUES(762206602341, 1, 'Wunder', 3078, 1353065, 1);
INSERT INTO interacts VALUES(762206602341, 1, 'Wunder', 1036, 1353521, 1);
INSERT INTO interacts VALUES(762206602341, 1, 'CuVee', 1055, 1380291, 0);
INSERT INTO interacts VALUES(762206602341, 1, 'CuVee', 3116, 1380648, 1);
INSERT INTO interacts VALUES(762206602341, 1, 'Mikyx', 3105, 1388974, 1);
INSERT INTO interacts VALUES(762206602341, 1, 'Mikyx', 2010, 1390140, 1);
INSERT INTO interacts VALUES(762206602341, 1, 'Trashy', 1029, 1391112, 1);
INSERT INTO interacts VALUES(762206602341, 1, 'Wunder', 1036, 1408205, 1);
INSERT INTO interacts VALUES(762206602341, 1, 'Kobbe', 1042, 1410803, 1);
INSERT INTO series VALUES(149320888428, 1);
INSERT INTO organizes VALUES('world_championship_2016', 149320888428, 'group_d - RNG-vs-TSM');
INSERT INTO competes VALUES(149320888428, 'RNG', 1);
INSERT INTO competes VALUES(149320888428, 'TSM', 0);
INSERT INTO matches VALUES(149320888428, 1, '2016-10-08');
INSERT INTO scores VALUES('RNG', 149320888428, 1, 2, 11, 0, 2, 4, 1);
INSERT INTO scores VALUES('TSM', 149320888428, 1, 0, 5, 0, 0, 0, 0);
INSERT INTO bans VALUES(149320888428, 1, 64, 1);
INSERT INTO bans VALUES(149320888428, 1, 202, 3);
INSERT INTO bans VALUES(149320888428, 1, 43, 5);
INSERT INTO bans VALUES(149320888428, 1, 76, 2);
INSERT INTO bans VALUES(149320888428, 1, 134, 4);
INSERT INTO bans VALUES(149320888428, 1, 51, 6);
INSERT INTO plays VALUES(149320888428, 1, 'Looper', 78, 'top', 5, 4, 10, 15370, 21, 6, 249, 0, 0, 14344);
INSERT INTO plays VALUES(149320888428, 1, 'Mlxg', 60, 'jungle', 3, 2, 12, 14009, 34, 29, 49, 67, 23, 13879);
INSERT INTO plays VALUES(149320888428, 1, 'Xiaohu', 136, 'mid', 4, 1, 14, 16031, 24, 5, 256, 9, 5, 14774);
INSERT INTO plays VALUES(149320888428, 1, 'Uzi', 81, 'adc', 10, 2, 8, 42861, 17, 7, 322, 18, 8, 18880);
INSERT INTO plays VALUES(149320888428, 1, 'Mata', 267, 'support', 0, 2, 19, 5466, 46, 16, 17, 0, 0, 11545);
INSERT INTO plays VALUES(149320888428, 1, 'Hauntzer', 126, 'top', 1, 5, 6, 24249, 20, 9, 312, 5, 0, 13841);
INSERT INTO plays VALUES(149320888428, 1, 'Svenskeren', 421, 'jungle', 1, 7, 8, 10722, 33, 17, 21, 108, 5, 11585);
INSERT INTO plays VALUES(149320888428, 1, 'Bjergsen', 13, 'mid', 5, 1, 5, 23207, 21, 4, 311, 19, 5, 14915);
INSERT INTO plays VALUES(149320888428, 1, 'Doublelift', 236, 'adc', 2, 5, 7, 12386, 18, 10, 271, 16, 0, 13736);
INSERT INTO plays VALUES(149320888428, 1, 'Biofrost', 201, 'support', 2, 4, 7, 4737, 55, 8, 47, 2, 0, 9227);
INSERT INTO interacts VALUES(149320888428, 1, 'Doublelift', 1055, 1247, 1);
INSERT INTO interacts VALUES(149320888428, 1, 'Svenskeren', 3340, 1379, 1);
INSERT INTO interacts VALUES(149320888428, 1, 'Doublelift', 2010, 1700, 1);
INSERT INTO interacts VALUES(149320888428, 1, 'Svenskeren', 1041, 1733, 1);
INSERT INTO interacts VALUES(149320888428, 1, 'Hauntzer', 3340, 1733, 1);
INSERT INTO interacts VALUES(149320888428, 1, 'Bjergsen', 3340, 1836, 1);
INSERT INTO interacts VALUES(149320888428, 1, 'Doublelift', 3340, 1864, 1);
INSERT INTO interacts VALUES(149320888428, 1, 'Mata', 3303, 1864, 1);
INSERT INTO interacts VALUES(149320888428, 1, 'Hauntzer', 1055, 1960, 1);
INSERT INTO interacts VALUES(149320888428, 1, 'Biofrost', 2010, 1960, 1);
INSERT INTO interacts VALUES(149320888428, 1, 'Xiaohu', 1056, 1994, 1);
INSERT INTO interacts VALUES(149320888428, 1, 'Bjergsen', 1027, 2057, 1);
INSERT INTO interacts VALUES(149320888428, 1, 'Mata', 2010, 2097, 1);
INSERT INTO interacts VALUES(149320888428, 1, 'Biofrost', 2010, 2154, 1);
INSERT INTO interacts VALUES(149320888428, 1, 'Mata', 2010, 2219, 1);
INSERT INTO interacts VALUES(149320888428, 1, 'Hauntzer', 2003, 2283, 1);
INSERT INTO interacts VALUES(149320888428, 1, 'Svenskeren', 1006, 2316, 1);
INSERT INTO interacts VALUES(149320888428, 1, 'Mata', 2010, 2355, 1);
INSERT INTO interacts VALUES(149320888428, 1, 'Uzi', 2003, 2445, 1);
INSERT INTO interacts VALUES(149320888428, 1, 'Mlxg', 1039, 2576, 1);
INSERT INTO interacts VALUES(149320888428, 1, 'Mata', 3340, 2613, 1);
INSERT INTO interacts VALUES(149320888428, 1, 'Uzi', 3340, 2704, 1);
INSERT INTO interacts VALUES(149320888428, 1, 'Mlxg', 2031, 2769, 1);
INSERT INTO interacts VALUES(149320888428, 1, 'Uzi', 1055, 2930, 1);
INSERT INTO interacts VALUES(149320888428, 1, 'Biofrost', 3302, 2930, 1);
INSERT INTO interacts VALUES(149320888428, 1, 'Bjergsen', 2031, 3027, 1);
INSERT INTO interacts VALUES(149320888428, 1, 'Biofrost', 2010, 3189, 1);
INSERT INTO interacts VALUES(149320888428, 1, 'Mlxg', 3340, 3189, 1);
INSERT INTO interacts VALUES(149320888428, 1, 'Biofrost', 3340, 3416, 1);
INSERT INTO interacts VALUES(149320888428, 1, 'Svenskeren', 2031, 3806, 1);
INSERT INTO interacts VALUES(149320888428, 1, 'Xiaohu', 3340, 3936, 1);
INSERT INTO interacts VALUES(149320888428, 1, 'Xiaohu', 2033, 4617, 1);
INSERT INTO interacts VALUES(149320888428, 1, 'Looper', 2033, 6890, 1);
INSERT INTO interacts VALUES(149320888428, 1, 'Looper', 3340, 7182, 1);
INSERT INTO interacts VALUES(149320888428, 1, 'Xiaohu', 1082, 183700, 1);
INSERT INTO interacts VALUES(149320888428, 1, 'Xiaohu', 2043, 184700, 1);
INSERT INTO interacts VALUES(149320888428, 1, 'Svenskeren', 1001, 226355, 1);
INSERT INTO interacts VALUES(149320888428, 1, 'Svenskeren', 2043, 227918, 1);
INSERT INTO interacts VALUES(149320888428, 1, 'Uzi', 3070, 311838, 1);
INSERT INTO interacts VALUES(149320888428, 1, 'Uzi', 2003, 313624, 1);
INSERT INTO interacts VALUES(149320888428, 1, 'Uzi', 1036, 314602, 1);
INSERT INTO interacts VALUES(149320888428, 1, 'Looper', 1054, 317944, 1);
INSERT INTO interacts VALUES(149320888428, 1, 'Looper', 1028, 318560, 1);
INSERT INTO interacts VALUES(149320888428, 1, 'Bjergsen', 3070, 325137, 1);
INSERT INTO interacts VALUES(149320888428, 1, 'Bjergsen', 1001, 326696, 1);
INSERT INTO interacts VALUES(149320888428, 1, 'Bjergsen', 1056, 327336, 1);
INSERT INTO interacts VALUES(149320888428, 1, 'Bjergsen', 2043, 328021, 1);
INSERT INTO interacts VALUES(149320888428, 1, 'Doublelift', 1083, 329158, 1);
INSERT INTO interacts VALUES(149320888428, 1, 'Doublelift', 1036, 329581, 1);
INSERT INTO interacts VALUES(149320888428, 1, 'Doublelift', 2010, 330606, 1);
INSERT INTO interacts VALUES(149320888428, 1, 'Doublelift', 2043, 330783, 1);
INSERT INTO interacts VALUES(149320888428, 1, 'Svenskeren', 1028, 340206, 1);
INSERT INTO interacts VALUES(149320888428, 1, 'Mata', 1028, 342664, 1);
INSERT INTO interacts VALUES(149320888428, 1, 'Mata', 2043, 343638, 1);
INSERT INTO interacts VALUES(149320888428, 1, 'Mata', 2031, 343929, 1);
INSERT INTO interacts VALUES(149320888428, 1, 'Svenskeren', 1039, 344626, 1);
INSERT INTO interacts VALUES(149320888428, 1, 'Mata', 2043, 347636, 1);
INSERT INTO interacts VALUES(149320888428, 1, 'Hauntzer', 1036, 348350, 1);
INSERT INTO interacts VALUES(149320888428, 1, 'Hauntzer', 1028, 349096, 1);
INSERT INTO interacts VALUES(149320888428, 1, 'Hauntzer', 1036, 349782, 1);
INSERT INTO interacts VALUES(149320888428, 1, 'Hauntzer', 2003, 350393, 1);
INSERT INTO interacts VALUES(149320888428, 1, 'Hauntzer', 2043, 353005, 1);
INSERT INTO interacts VALUES(149320888428, 1, 'Hauntzer', 2003, 355048, 1);
INSERT INTO interacts VALUES(149320888428, 1, 'Xiaohu', 1033, 358460, 1);
INSERT INTO interacts VALUES(149320888428, 1, 'Mlxg', 3711, 359821, 1);
INSERT INTO interacts VALUES(149320888428, 1, 'Xiaohu', 1028, 360316, 1);
INSERT INTO interacts VALUES(149320888428, 1, 'Xiaohu', 2043, 361276, 1);
INSERT INTO interacts VALUES(149320888428, 1, 'Mlxg', 1052, 361972, 1);
INSERT INTO interacts VALUES(149320888428, 1, 'Mlxg', 2043, 363088, 1);
INSERT INTO interacts VALUES(149320888428, 1, 'Biofrost', 2049, 434841, 1);
INSERT INTO interacts VALUES(149320888428, 1, 'Biofrost', 3341, 435801, 1);
INSERT INTO interacts VALUES(149320888428, 1, 'Biofrost', 2043, 436452, 1);
INSERT INTO interacts VALUES(149320888428, 1, 'Biofrost', 2010, 436711, 1);
INSERT INTO interacts VALUES(149320888428, 1, 'Doublelift', 1036, 441751, 1);
INSERT INTO interacts VALUES(149320888428, 1, 'Svenskeren', 2043, 445643, 1);
INSERT INTO interacts VALUES(149320888428, 1, 'Looper', 1001, 445839, 1);
INSERT INTO interacts VALUES(149320888428, 1, 'Looper', 1029, 446279, 1);
INSERT INTO interacts VALUES(149320888428, 1, 'Hauntzer', 3044, 463163, 1);
INSERT INTO interacts VALUES(149320888428, 1, 'Hauntzer', 1001, 464611, 1);
INSERT INTO interacts VALUES(149320888428, 1, 'Mlxg', 3113, 469402, 1);
INSERT INTO interacts VALUES(149320888428, 1, 'Xiaohu', 3111, 469935, 1);
INSERT INTO interacts VALUES(149320888428, 1, 'Mlxg', 2043, 470181, 1);
INSERT INTO interacts VALUES(149320888428, 1, 'Mlxg', 3341, 471015, 1);
INSERT INTO interacts VALUES(149320888428, 1, 'Xiaohu', 2043, 471828, 1);
INSERT INTO interacts VALUES(149320888428, 1, 'Bjergsen', 1028, 478134, 1);
INSERT INTO interacts VALUES(149320888428, 1, 'Bjergsen', 1027, 478689, 1);
INSERT INTO interacts VALUES(149320888428, 1, 'Mata', 2049, 485040, 1);
INSERT INTO interacts VALUES(149320888428, 1, 'Uzi', 3057, 485108, 1);
INSERT INTO interacts VALUES(149320888428, 1, 'Uzi', 3044, 486321, 1);
INSERT INTO interacts VALUES(149320888428, 1, 'Mata', 1001, 486340, 1);
INSERT INTO interacts VALUES(149320888428, 1, 'Uzi', 2043, 486795, 1);
INSERT INTO interacts VALUES(149320888428, 1, 'Mata', 2043, 487415, 1);
INSERT INTO interacts VALUES(149320888428, 1, 'Mata', 2043, 487512, 1);
INSERT INTO interacts VALUES(149320888428, 1, 'Mata', 3341, 488324, 1);
INSERT INTO interacts VALUES(149320888428, 1, 'Uzi', 1037, 490835, 1);
INSERT INTO interacts VALUES(149320888428, 1, 'Uzi', 2003, 491713, 1);
INSERT INTO interacts VALUES(149320888428, 1, 'Uzi', 2003, 491841, 1);
INSERT INTO interacts VALUES(149320888428, 1, 'Svenskeren', 3751, 567589, 1);
INSERT INTO interacts VALUES(149320888428, 1, 'Svenskeren', 3711, 568015, 1);
INSERT INTO interacts VALUES(149320888428, 1, 'Svenskeren', 3341, 568989, 1);
INSERT INTO interacts VALUES(149320888428, 1, 'Biofrost', 1001, 599099, 1);
INSERT INTO interacts VALUES(149320888428, 1, 'Looper', 3751, 621930, 1);
INSERT INTO interacts VALUES(149320888428, 1, 'Looper', 2043, 622427, 1);
INSERT INTO interacts VALUES(149320888428, 1, 'Mlxg', 1410, 630441, 1);
INSERT INTO interacts VALUES(149320888428, 1, 'Mata', 3117, 651675, 1);
INSERT INTO interacts VALUES(149320888428, 1, 'Uzi', 3004, 653898, 1);
INSERT INTO interacts VALUES(149320888428, 1, 'Uzi', 2003, 655632, 0);
INSERT INTO interacts VALUES(149320888428, 1, 'Uzi', 2003, 655826, 0);
INSERT INTO interacts VALUES(149320888428, 1, 'Uzi', 1001, 657750, 1);
INSERT INTO interacts VALUES(149320888428, 1, 'Bjergsen', 3010, 660732, 1);
INSERT INTO interacts VALUES(149320888428, 1, 'Bjergsen', 3158, 662038, 1);
INSERT INTO interacts VALUES(149320888428, 1, 'Bjergsen', 2043, 662344, 1);
INSERT INTO interacts VALUES(149320888428, 1, 'Hauntzer', 3133, 681485, 1);
INSERT INTO interacts VALUES(149320888428, 1, 'Hauntzer', 2031, 682690, 1);
INSERT INTO interacts VALUES(149320888428, 1, 'Hauntzer', 2043, 686691, 1);
INSERT INTO interacts VALUES(149320888428, 1, 'Svenskeren', 1409, 689714, 1);
INSERT INTO interacts VALUES(149320888428, 1, 'Svenskeren', 2043, 691957, 1);
INSERT INTO interacts VALUES(149320888428, 1, 'Doublelift', 3134, 699324, 1);
INSERT INTO interacts VALUES(149320888428, 1, 'Doublelift', 3133, 700685, 1);
INSERT INTO interacts VALUES(149320888428, 1, 'Doublelift', 1001, 702115, 1);
INSERT INTO interacts VALUES(149320888428, 1, 'Xiaohu', 3010, 717278, 1);
INSERT INTO interacts VALUES(149320888428, 1, 'Xiaohu', 1052, 718966, 1);
INSERT INTO interacts VALUES(149320888428, 1, 'Xiaohu', 1052, 721521, 1);
INSERT INTO interacts VALUES(149320888428, 1, 'Xiaohu', 3145, 725323, 1);
INSERT INTO interacts VALUES(149320888428, 1, 'Biofrost', 3117, 728148, 1);
INSERT INTO interacts VALUES(149320888428, 1, 'Looper', 3047, 729321, 1);
INSERT INTO interacts VALUES(149320888428, 1, 'Looper', 1029, 732057, 1);
INSERT INTO interacts VALUES(149320888428, 1, 'Hauntzer', 3071, 814174, 1);
INSERT INTO interacts VALUES(149320888428, 1, 'Biofrost', 1028, 839305, 1);
INSERT INTO interacts VALUES(149320888428, 1, 'Hauntzer', 1036, 839746, 1);
INSERT INTO interacts VALUES(149320888428, 1, 'Biofrost', 2043, 839823, 1);
INSERT INTO interacts VALUES(149320888428, 1, 'Svenskeren', 1028, 842624, 1);
INSERT INTO interacts VALUES(149320888428, 1, 'Svenskeren', 2043, 843225, 1);
INSERT INTO interacts VALUES(149320888428, 1, 'Looper', 1031, 844639, 1);
INSERT INTO interacts VALUES(149320888428, 1, 'Mlxg', 3158, 851034, 1);
INSERT INTO interacts VALUES(149320888428, 1, 'Xiaohu', 3030, 854298, 1);
INSERT INTO interacts VALUES(149320888428, 1, 'Mlxg', 1029, 854687, 1);
INSERT INTO interacts VALUES(149320888428, 1, 'Mata', 3098, 855205, 1);
INSERT INTO interacts VALUES(149320888428, 1, 'Uzi', 3044, 855240, 1);
INSERT INTO interacts VALUES(149320888428, 1, 'Mata', 2043, 855532, 1);
INSERT INTO interacts VALUES(149320888428, 1, 'Uzi', 3363, 855727, 1);
INSERT INTO interacts VALUES(149320888428, 1, 'Uzi', 2043, 856019, 1);
INSERT INTO interacts VALUES(149320888428, 1, 'Xiaohu', 2043, 856603, 1);
INSERT INTO interacts VALUES(149320888428, 1, 'Hauntzer', 2043, 892534, 1);
INSERT INTO interacts VALUES(149320888428, 1, 'Biofrost', 2045, 919309, 1);
INSERT INTO interacts VALUES(149320888428, 1, 'Doublelift', 3142, 919540, 1);
INSERT INTO interacts VALUES(149320888428, 1, 'Doublelift', 2043, 920417, 1);
INSERT INTO interacts VALUES(149320888428, 1, 'Bjergsen', 3027, 936355, 1);
INSERT INTO interacts VALUES(149320888428, 1, 'Bjergsen', 2043, 937004, 1);
INSERT INTO interacts VALUES(149320888428, 1, 'Looper', 1033, 941494, 1);
INSERT INTO interacts VALUES(149320888428, 1, 'Mlxg', 1031, 1020019, 1);
INSERT INTO interacts VALUES(149320888428, 1, 'Mlxg', 1028, 1022673, 1);
INSERT INTO interacts VALUES(149320888428, 1, 'Mlxg', 3364, 1023857, 1);
INSERT INTO interacts VALUES(149320888428, 1, 'Mata', 2301, 1049447, 1);
INSERT INTO interacts VALUES(149320888428, 1, 'Svenskeren', 3363, 1052122, 1);
INSERT INTO interacts VALUES(149320888428, 1, 'Mata', 2043, 1052350, 1);
INSERT INTO interacts VALUES(149320888428, 1, 'Mata', 2043, 1052514, 1);
INSERT INTO interacts VALUES(149320888428, 1, 'Svenskeren', 3364, 1053422, 1);
INSERT INTO interacts VALUES(149320888428, 1, 'Svenskeren', 1011, 1055211, 1);
INSERT INTO interacts VALUES(149320888428, 1, 'Svenskeren', 1029, 1056153, 1);
INSERT INTO interacts VALUES(149320888428, 1, 'Svenskeren', 1029, 1056251, 1);
INSERT INTO interacts VALUES(149320888428, 1, 'Xiaohu', 1011, 1056773, 1);
INSERT INTO interacts VALUES(149320888428, 1, 'Svenskeren', 3082, 1059949, 1);
INSERT INTO interacts VALUES(149320888428, 1, 'Biofrost', 1028, 1069008, 1);
INSERT INTO interacts VALUES(149320888428, 1, 'Hauntzer', 1037, 1087424, 1);
INSERT INTO interacts VALUES(149320888428, 1, 'Uzi', 3078, 1088289, 1);
INSERT INTO interacts VALUES(149320888428, 1, 'Uzi', 2043, 1088692, 1);
INSERT INTO interacts VALUES(149320888428, 1, 'Uzi', 2003, 1089330, 1);
INSERT INTO interacts VALUES(149320888428, 1, 'Uzi', 2003, 1089442, 1);
INSERT INTO interacts VALUES(149320888428, 1, 'Doublelift', 3044, 1095667, 1);
INSERT INTO interacts VALUES(149320888428, 1, 'Doublelift', 1083, 1097747, 0);
INSERT INTO interacts VALUES(149320888428, 1, 'Doublelift', 1036, 1098721, 1);
INSERT INTO interacts VALUES(149320888428, 1, 'Doublelift', 3363, 1099277, 1);
INSERT INTO interacts VALUES(149320888428, 1, 'Doublelift', 2043, 1099828, 1);
INSERT INTO interacts VALUES(149320888428, 1, 'Looper', 3068, 1102301, 1);
INSERT INTO interacts VALUES(149320888428, 1, 'Looper', 2043, 1103532, 1);
INSERT INTO interacts VALUES(149320888428, 1, 'Bjergsen', 1058, 1112825, 1);
INSERT INTO interacts VALUES(149320888428, 1, 'Bjergsen', 2031, 1113903, 0);
INSERT INTO interacts VALUES(149320888428, 1, 'Bjergsen', 2043, 1114423, 1);
INSERT INTO interacts VALUES(149320888428, 1, 'Hauntzer', 3035, 1182728, 1);
INSERT INTO interacts VALUES(149320888428, 1, 'Doublelift', 3133, 1225762, 1);
INSERT INTO interacts VALUES(149320888428, 1, 'Doublelift', 2043, 1226148, 1);
INSERT INTO interacts VALUES(149320888428, 1, 'Hauntzer', 3134, 1240020, 1);
INSERT INTO interacts VALUES(149320888428, 1, 'Biofrost', 3067, 1248199, 1);
INSERT INTO interacts VALUES(149320888428, 1, 'Biofrost', 1028, 1248455, 1);
INSERT INTO interacts VALUES(149320888428, 1, 'Looper', 3211, 1250765, 1);
INSERT INTO interacts VALUES(149320888428, 1, 'Looper', 2043, 1251350, 1);
INSERT INTO interacts VALUES(149320888428, 1, 'Bjergsen', 3003, 1260830, 1);
INSERT INTO interacts VALUES(149320888428, 1, 'Bjergsen', 2043, 1261784, 1);
INSERT INTO interacts VALUES(149320888428, 1, 'Mata', 3028, 1262648, 1);
INSERT INTO interacts VALUES(149320888428, 1, 'Mata', 2043, 1264059, 1);
INSERT INTO interacts VALUES(149320888428, 1, 'Mata', 2043, 1264208, 1);
INSERT INTO interacts VALUES(149320888428, 1, 'Svenskeren', 3111, 1273497, 1);
INSERT INTO interacts VALUES(149320888428, 1, 'Svenskeren', 2043, 1274203, 1);
INSERT INTO interacts VALUES(149320888428, 1, 'Uzi', 3158, 1294135, 1);
INSERT INTO interacts VALUES(149320888428, 1, 'Uzi', 1036, 1295532, 1);
INSERT INTO interacts VALUES(149320888428, 1, 'Xiaohu', 1058, 1300589, 1);
INSERT INTO interacts VALUES(149320888428, 1, 'Looper', 1054, 1311289, 0);
INSERT INTO interacts VALUES(149320888428, 1, 'Looper', 3067, 1312847, 1);
INSERT INTO interacts VALUES(149320888428, 1, 'Mlxg', 3742, 1317280, 1);
INSERT INTO interacts VALUES(149320888428, 1, 'Mlxg', 2043, 1318773, 1);
INSERT INTO interacts VALUES(149320888428, 1, 'Mlxg', 2043, 1318871, 1);
INSERT INTO interacts VALUES(149320888428, 1, 'Biofrost', 3801, 1348620, 1);
INSERT INTO interacts VALUES(149320888428, 1, 'Biofrost', 3364, 1350104, 1);
INSERT INTO interacts VALUES(149320888428, 1, 'Biofrost', 2043, 1350461, 1);
INSERT INTO interacts VALUES(149320888428, 1, 'Doublelift', 3071, 1370796, 1);
INSERT INTO interacts VALUES(149320888428, 1, 'Doublelift', 2043, 1372979, 1);
INSERT INTO interacts VALUES(149320888428, 1, 'Uzi', 1038, 1436305, 1);
INSERT INTO interacts VALUES(149320888428, 1, 'Uzi', 1053, 1436698, 1);
INSERT INTO interacts VALUES(149320888428, 1, 'Looper', 3065, 1436891, 1);
INSERT INTO interacts VALUES(149320888428, 1, 'Svenskeren', 3143, 1440576, 1);
INSERT INTO interacts VALUES(149320888428, 1, 'Svenskeren', 2043, 1441286, 1);
INSERT INTO interacts VALUES(149320888428, 1, 'Mata', 3364, 1443499, 1);
INSERT INTO interacts VALUES(149320888428, 1, 'Mlxg', 1057, 1443531, 1);
INSERT INTO interacts VALUES(149320888428, 1, 'Hauntzer', 3036, 1444412, 1);
INSERT INTO interacts VALUES(149320888428, 1, 'Mlxg', 2043, 1445096, 1);
INSERT INTO interacts VALUES(149320888428, 1, 'Xiaohu', 3116, 1451337, 1);
INSERT INTO interacts VALUES(149320888428, 1, 'Xiaohu', 2043, 1452893, 1);
INSERT INTO interacts VALUES(149320888428, 1, 'Xiaohu', 2043, 1453348, 1);
INSERT INTO interacts VALUES(149320888428, 1, 'Doublelift', 1036, 1455717, 1);
INSERT INTO interacts VALUES(149320888428, 1, 'Mata', 3114, 1456560, 1);
INSERT INTO interacts VALUES(149320888428, 1, 'Looper', 2043, 1474633, 1);
INSERT INTO interacts VALUES(149320888428, 1, 'Bjergsen', 3108, 1478969, 1);
INSERT INTO interacts VALUES(149320888428, 1, 'Bjergsen', 1057, 1480168, 1);
INSERT INTO interacts VALUES(149320888428, 1, 'Biofrost', 3190, 1627166, 1);
INSERT INTO interacts VALUES(149320888428, 1, 'Biofrost', 2043, 1627784, 1);
INSERT INTO interacts VALUES(149320888428, 1, 'Biofrost', 2043, 1627909, 1);
INSERT INTO interacts VALUES(149320888428, 1, 'Uzi', 3072, 1648959, 1);
INSERT INTO interacts VALUES(149320888428, 1, 'Svenskeren', 1011, 1650960, 1);
INSERT INTO interacts VALUES(149320888428, 1, 'Svenskeren', 2043, 1651513, 1);
INSERT INTO interacts VALUES(149320888428, 1, 'Mata', 3222, 1652888, 1);
INSERT INTO interacts VALUES(149320888428, 1, 'Mata', 1033, 1654189, 1);
INSERT INTO interacts VALUES(149320888428, 1, 'Xiaohu', 2033, 1654253, 0);
INSERT INTO interacts VALUES(149320888428, 1, 'Uzi', 1033, 1655034, 1);
INSERT INTO interacts VALUES(149320888428, 1, 'Xiaohu', 3191, 1655422, 1);
INSERT INTO interacts VALUES(149320888428, 1, 'Mata', 2043, 1655478, 1);
INSERT INTO interacts VALUES(149320888428, 1, 'Mata', 3222, 1658697, 1);
INSERT INTO interacts VALUES(149320888428, 1, 'Mata', 1028, 1659675, 1);
INSERT INTO interacts VALUES(149320888428, 1, 'Hauntzer', 3111, 1660711, 1);
INSERT INTO interacts VALUES(149320888428, 1, 'Mata', 2043, 1661066, 1);
INSERT INTO interacts VALUES(149320888428, 1, 'Mata', 2043, 1661231, 1);
INSERT INTO interacts VALUES(149320888428, 1, 'Hauntzer', 2031, 1661814, 0);
INSERT INTO interacts VALUES(149320888428, 1, 'Doublelift', 1037, 1665142, 1);
INSERT INTO interacts VALUES(149320888428, 1, 'Mlxg', 3108, 1667745, 1);
INSERT INTO interacts VALUES(149320888428, 1, 'Mlxg', 2031, 1670839, 0);
INSERT INTO interacts VALUES(149320888428, 1, 'Mlxg', 2043, 1672657, 1);
INSERT INTO interacts VALUES(149320888428, 1, 'Mlxg', 2043, 1672917, 1);
INSERT INTO interacts VALUES(149320888428, 1, 'Looper', 1057, 1679932, 1);
INSERT INTO interacts VALUES(149320888428, 1, 'Bjergsen', 3001, 1679948, 1);
INSERT INTO interacts VALUES(149320888428, 1, 'Bjergsen', 1026, 1680975, 1);
INSERT INTO interacts VALUES(149320888428, 1, 'Looper', 3082, 1681230, 1);
INSERT INTO interacts VALUES(149320888428, 1, 'Looper', 2033, 1682337, 0);
INSERT INTO interacts VALUES(149320888428, 1, 'Looper', 2043, 1683739, 1);
INSERT INTO interacts VALUES(149320888428, 1, 'Biofrost', 1028, 1692221, 1);
INSERT INTO interacts VALUES(149320888428, 1, 'Doublelift', 1053, 1749631, 1);
INSERT INTO interacts VALUES(149320888428, 1, 'Biofrost', 3067, 1782595, 1);
INSERT INTO interacts VALUES(149320888428, 1, 'Hauntzer', 3155, 1783339, 1);
INSERT INTO interacts VALUES(149320888428, 1, 'Svenskeren', 2031, 1788385, 0);
INSERT INTO interacts VALUES(149320888428, 1, 'Looper', 2043, 1788438, 0);
INSERT INTO interacts VALUES(149320888428, 1, 'Svenskeren', 1028, 1788901, 1);
INSERT INTO interacts VALUES(149320888428, 1, 'Looper', 1011, 1789882, 1);
INSERT INTO interacts VALUES(149320888428, 1, 'Svenskeren', 2043, 1790922, 1);
INSERT INTO interacts VALUES(149320888428, 1, 'Uzi', 3140, 1793690, 1);
INSERT INTO interacts VALUES(149320888428, 1, 'Uzi', 1055, 1794790, 0);
INSERT INTO interacts VALUES(149320888428, 1, 'Uzi', 1037, 1796578, 1);
INSERT INTO interacts VALUES(149320888428, 1, 'Mlxg', 3001, 1803622, 1);
INSERT INTO interacts VALUES(149320888428, 1, 'Xiaohu', 3157, 1812272, 1);
INSERT INTO interacts VALUES(149320888428, 1, 'Xiaohu', 2043, 1813584, 1);
INSERT INTO interacts VALUES(149320888428, 1, 'Xiaohu', 2043, 1813841, 1);
INSERT INTO interacts VALUES(149320888428, 1, 'Doublelift', 3006, 1841219, 1);
INSERT INTO interacts VALUES(149320888428, 1, 'Bjergsen', 3363, 1846742, 1);
INSERT INTO interacts VALUES(149320888428, 1, 'Hauntzer', 3156, 1894735, 1);
INSERT INTO interacts VALUES(149320888428, 1, 'Hauntzer', 2043, 1896512, 1);
INSERT INTO interacts VALUES(149320888428, 1, 'Svenskeren', 1033, 1897472, 1);
INSERT INTO interacts VALUES(149320888428, 1, 'Looper', 3143, 1926966, 1);
INSERT INTO interacts VALUES(149320888428, 1, 'Biofrost', 3401, 1930833, 1);
INSERT INTO interacts VALUES(149320888428, 1, 'Uzi', 3139, 1932524, 1);
INSERT INTO interacts VALUES(149320888428, 1, 'Biofrost', 1029, 1934631, 1);
INSERT INTO interacts VALUES(149320888428, 1, 'Mata', 3105, 1937844, 1);
INSERT INTO interacts VALUES(149320888428, 1, 'Mata', 3190, 1939733, 1);
INSERT INTO interacts VALUES(149320888428, 1, 'Mlxg', 1031, 1939997, 1);
INSERT INTO interacts VALUES(149320888428, 1, 'Mlxg', 1057, 1940417, 1);
INSERT INTO interacts VALUES(149320888428, 1, 'Mata', 2043, 1941690, 1);
INSERT INTO interacts VALUES(149320888428, 1, 'Xiaohu', 1026, 1942657, 1);
INSERT INTO interacts VALUES(149320888428, 1, 'Svenskeren', 3211, 1943951, 1);
INSERT INTO interacts VALUES(149320888428, 1, 'Uzi', 2043, 1967408, 1);
INSERT INTO interacts VALUES(149320888428, 1, 'Uzi', 2043, 1967575, 1);
INSERT INTO interacts VALUES(149320888428, 1, 'Svenskeren', 1057, 1969491, 1);
INSERT INTO interacts VALUES(149320888428, 1, 'Looper', 1029, 1980009, 1);
INSERT INTO interacts VALUES(149320888428, 1, 'Doublelift', 3139, 1982055, 1);
INSERT INTO interacts VALUES(149320888428, 1, 'Bjergsen', 3135, 1982936, 1);
INSERT INTO interacts VALUES(149320888428, 1, 'Doublelift', 1042, 1984037, 1);
INSERT INTO interacts VALUES(149320888428, 1, 'Hauntzer', 2043, 1984687, 0);
INSERT INTO interacts VALUES(149320888428, 1, 'Bjergsen', 1056, 1985540, 0);
INSERT INTO interacts VALUES(149320888428, 1, 'Hauntzer', 3134, 1985797, 1);
INSERT INTO interacts VALUES(149320888428, 1, 'Bjergsen', 2043, 1986518, 1);
INSERT INTO interacts VALUES(149320888428, 1, 'Bjergsen', 2139, 1987486, 1);
INSERT INTO interacts VALUES(149320888428, 1, 'Hauntzer', 2140, 1990376, 1);
INSERT INTO interacts VALUES(149320888428, 1, 'Looper', 1031, 2039356, 1);
INSERT INTO interacts VALUES(149320888428, 1, 'Biofrost', 2043, 2040507, 1);
INSERT INTO interacts VALUES(149320888428, 1, 'Svenskeren', 3102, 2041911, 1);
INSERT INTO interacts VALUES(149320888428, 1, 'Svenskeren', 2043, 2043273, 1);
INSERT INTO interacts VALUES(149320888428, 1, 'Mlxg', 3026, 2046473, 1);
INSERT INTO interacts VALUES(149320888428, 1, 'Mlxg', 2043, 2089895, 1);
INSERT INTO interacts VALUES(149320888428, 1, 'Mlxg', 2043, 2090042, 1);
INSERT INTO interacts VALUES(149320888428, 1, 'Mata', 3024, 2092510, 1);
INSERT INTO interacts VALUES(149320888428, 1, 'Uzi', 3035, 2092544, 1);
INSERT INTO interacts VALUES(149320888428, 1, 'Mata', 3024, 2096721, 1);
INSERT INTO interacts VALUES(149320888428, 1, 'Biofrost', 3024, 2097539, 1);
INSERT INTO interacts VALUES(149320888428, 1, 'Mata', 2031, 2097804, 0);
INSERT INTO interacts VALUES(149320888428, 1, 'Mata', 2043, 2098906, 1);
INSERT INTO interacts VALUES(149320888428, 1, 'Mata', 2043, 2099036, 1);
INSERT INTO interacts VALUES(149320888428, 1, 'Bjergsen', 1058, 2114554, 1);
INSERT INTO interacts VALUES(149320888428, 1, 'Doublelift', 3086, 2145053, 1);
INSERT INTO interacts VALUES(149320888428, 1, 'Svenskeren', 2138, 2181335, 1);
INSERT INTO interacts VALUES(149320888428, 1, 'Biofrost', 2043, 2199032, 1);
INSERT INTO interacts VALUES(149320888428, 1, 'Biofrost', 2043, 2199191, 1);
INSERT INTO interacts VALUES(149320888428, 1, 'Svenskeren', 2043, 2199191, 1);
INSERT INTO interacts VALUES(149320888428, 1, 'Svenskeren', 2043, 2199326, 1);
INSERT INTO series VALUES(530495266774, 1);
INSERT INTO organizes VALUES('world_championship_2016', 530495266774, 'group_b - IM-vs-FW');
INSERT INTO competes VALUES(530495266774, 'IM', 1);
INSERT INTO competes VALUES(530495266774, 'FW', 0);
INSERT INTO matches VALUES(530495266774, 1, '2016-10-09');
INSERT INTO scores VALUES('IM', 530495266774, 1, 1, 9, 0, 2, 1, 1);
INSERT INTO scores VALUES('FW', 530495266774, 1, 0, 4, 0, 0, 3, 0);
INSERT INTO bans VALUES(530495266774, 1, 72, 1);
INSERT INTO bans VALUES(530495266774, 1, 76, 3);
INSERT INTO bans VALUES(530495266774, 1, 134, 5);
INSERT INTO bans VALUES(530495266774, 1, 110, 2);
INSERT INTO bans VALUES(530495266774, 1, 43, 4);
INSERT INTO bans VALUES(530495266774, 1, 13, 6);
INSERT INTO plays VALUES(530495266774, 1, 'AmazingJ', 245, 'top', 4, 0, 10, 23472, 22, 1, 335, 3, 3, 16846);
INSERT INTO plays VALUES(530495266774, 1, 'Avoidless', 12, 'jungle', 1, 1, 9, 4047, 59, 16, 50, 0, 0, 11343);
INSERT INTO plays VALUES(530495266774, 1, 'Baeme', 136, 'mid', 6, 1, 7, 24326, 15, 6, 285, 16, 4, 16290);
INSERT INTO plays VALUES(530495266774, 1, 'Jinjiao', 15, 'adc', 4, 1, 7, 38553, 14, 23, 381, 21, 0, 18198);
INSERT INTO plays VALUES(530495266774, 1, 'Athena', 64, 'support', 1, 2, 5, 8440, 34, 23, 45, 106, 20, 14287);
INSERT INTO plays VALUES(530495266774, 1, 'MMD', 78, 'top', 2, 2, 2, 35253, 19, 6, 307, 0, 0, 13380);
INSERT INTO plays VALUES(530495266774, 1, 'Karsa', 60, 'jungle', 0, 3, 2, 18104, 39, 28, 68, 89, 26, 13157);
INSERT INTO plays VALUES(530495266774, 1, 'Maple', 90, 'mid', 3, 5, 2, 28919, 26, 9, 322, 12, 1, 14319);
INSERT INTO plays VALUES(530495266774, 1, 'NL', 202, 'adc', 0, 3, 4, 26268, 15, 5, 372, 9, 1, 14721);
INSERT INTO plays VALUES(530495266774, 1, 'SwordArt', 223, 'support', 0, 3, 1, 5624, 65, 11, 48, 0, 1, 9501);
INSERT INTO interacts VALUES(530495266774, 1, 'SwordArt', 3340, 1534, 1);
INSERT INTO interacts VALUES(530495266774, 1, 'NL', 1055, 1834, 1);
INSERT INTO interacts VALUES(530495266774, 1, 'Maple', 1056, 1891, 1);
INSERT INTO interacts VALUES(530495266774, 1, 'NL', 2010, 2093, 1);
INSERT INTO interacts VALUES(530495266774, 1, 'Maple', 2010, 2093, 1);
INSERT INTO interacts VALUES(530495266774, 1, 'Jinjiao', 1055, 2183, 1);
INSERT INTO interacts VALUES(530495266774, 1, 'Athena', 1041, 2183, 1);
INSERT INTO interacts VALUES(530495266774, 1, 'SwordArt', 2010, 2217, 1);
INSERT INTO interacts VALUES(530495266774, 1, 'Maple', 2010, 2217, 1);
INSERT INTO interacts VALUES(530495266774, 1, 'NL', 3340, 2312, 1);
INSERT INTO interacts VALUES(530495266774, 1, 'Karsa', 1039, 2352, 1);
INSERT INTO interacts VALUES(530495266774, 1, 'SwordArt', 2010, 2380, 1);
INSERT INTO interacts VALUES(530495266774, 1, 'Athena', 2031, 2380, 1);
INSERT INTO interacts VALUES(530495266774, 1, 'AmazingJ', 2033, 2380, 1);
INSERT INTO interacts VALUES(530495266774, 1, 'Maple', 3340, 2410, 1);
INSERT INTO interacts VALUES(530495266774, 1, 'Jinjiao', 2010, 2410, 1);
INSERT INTO interacts VALUES(530495266774, 1, 'SwordArt', 2010, 2474, 1);
INSERT INTO interacts VALUES(530495266774, 1, 'Karsa', 2031, 2506, 1);
INSERT INTO interacts VALUES(530495266774, 1, 'Athena', 3340, 2637, 1);
INSERT INTO interacts VALUES(530495266774, 1, 'Jinjiao', 3340, 2671, 1);
INSERT INTO interacts VALUES(530495266774, 1, 'Karsa', 3340, 2766, 1);
INSERT INTO interacts VALUES(530495266774, 1, 'AmazingJ', 3340, 2927, 1);
INSERT INTO interacts VALUES(530495266774, 1, 'SwordArt', 3302, 3057, 1);
INSERT INTO interacts VALUES(530495266774, 1, 'Avoidless', 3302, 3736, 1);
INSERT INTO interacts VALUES(530495266774, 1, 'Avoidless', 3340, 4094, 1);
INSERT INTO interacts VALUES(530495266774, 1, 'Avoidless', 2010, 4681, 1);
INSERT INTO interacts VALUES(530495266774, 1, 'MMD', 3340, 4738, 1);
INSERT INTO interacts VALUES(530495266774, 1, 'MMD', 2033, 4899, 1);
INSERT INTO interacts VALUES(530495266774, 1, 'Avoidless', 2010, 4940, 1);
INSERT INTO interacts VALUES(530495266774, 1, 'Avoidless', 2010, 5228, 1);
INSERT INTO interacts VALUES(530495266774, 1, 'Baeme', 2033, 7022, 1);
INSERT INTO interacts VALUES(530495266774, 1, 'Baeme', 3340, 7753, 1);
INSERT INTO interacts VALUES(530495266774, 1, 'Baeme', 1082, 183252, 1);
INSERT INTO interacts VALUES(530495266774, 1, 'Karsa', 1001, 271452, 1);
INSERT INTO interacts VALUES(530495266774, 1, 'Karsa', 3711, 273595, 1);
INSERT INTO interacts VALUES(530495266774, 1, 'AmazingJ', 1082, 320799, 1);
INSERT INTO interacts VALUES(530495266774, 1, 'AmazingJ', 1056, 322037, 1);
INSERT INTO interacts VALUES(530495266774, 1, 'AmazingJ', 1029, 322673, 1);
INSERT INTO interacts VALUES(530495266774, 1, 'AmazingJ', 2043, 323029, 1);
INSERT INTO interacts VALUES(530495266774, 1, 'Athena', 3133, 330112, 1);
INSERT INTO interacts VALUES(530495266774, 1, 'Athena', 2043, 332057, 1);
INSERT INTO interacts VALUES(530495266774, 1, 'Baeme', 1028, 338310, 1);
INSERT INTO interacts VALUES(530495266774, 1, 'Baeme', 1001, 339088, 1);
INSERT INTO interacts VALUES(530495266774, 1, 'Baeme', 2043, 340225, 1);
INSERT INTO interacts VALUES(530495266774, 1, 'MMD', 3211, 346706, 1);
INSERT INTO interacts VALUES(530495266774, 1, 'Maple', 3802, 362602, 1);
INSERT INTO interacts VALUES(530495266774, 1, 'Maple', 1001, 363558, 1);
INSERT INTO interacts VALUES(530495266774, 1, 'Maple', 2043, 365254, 1);
INSERT INTO interacts VALUES(530495266774, 1, 'Maple', 2010, 366457, 1);
INSERT INTO interacts VALUES(530495266774, 1, 'Karsa', 1052, 384654, 1);
INSERT INTO interacts VALUES(530495266774, 1, 'Karsa', 2043, 385922, 1);
INSERT INTO interacts VALUES(530495266774, 1, 'Avoidless', 3117, 433262, 1);
INSERT INTO interacts VALUES(530495266774, 1, 'Avoidless', 2043, 434727, 1);
INSERT INTO interacts VALUES(530495266774, 1, 'NL', 3134, 460620, 1);
INSERT INTO interacts VALUES(530495266774, 1, 'NL', 3009, 461563, 1);
INSERT INTO interacts VALUES(530495266774, 1, 'SwordArt', 2049, 461593, 1);
INSERT INTO interacts VALUES(530495266774, 1, 'NL', 2010, 462699, 1);
INSERT INTO interacts VALUES(530495266774, 1, 'NL', 2010, 462832, 1);
INSERT INTO interacts VALUES(530495266774, 1, 'SwordArt', 1001, 463157, 1);
INSERT INTO interacts VALUES(530495266774, 1, 'Jinjiao', 1038, 477512, 1);
INSERT INTO interacts VALUES(530495266774, 1, 'Jinjiao', 1001, 477840, 1);
INSERT INTO interacts VALUES(530495266774, 1, 'Jinjiao', 1036, 479274, 1);
INSERT INTO interacts VALUES(530495266774, 1, 'Jinjiao', 2043, 483477, 1);
INSERT INTO interacts VALUES(530495266774, 1, 'Athena', 3711, 491376, 1);
INSERT INTO interacts VALUES(530495266774, 1, 'Athena', 2043, 492384, 1);
INSERT INTO interacts VALUES(530495266774, 1, 'Baeme', 3009, 517216, 1);
INSERT INTO interacts VALUES(530495266774, 1, 'Baeme', 1027, 519003, 1);
INSERT INTO interacts VALUES(530495266774, 1, 'Baeme', 2043, 519327, 1);
INSERT INTO interacts VALUES(530495266774, 1, 'Baeme', 2043, 519456, 1);
INSERT INTO interacts VALUES(530495266774, 1, 'AmazingJ', 3751, 581601, 1);
INSERT INTO interacts VALUES(530495266774, 1, 'AmazingJ', 1001, 582165, 1);
INSERT INTO interacts VALUES(530495266774, 1, 'MMD', 3751, 587895, 1);
INSERT INTO interacts VALUES(530495266774, 1, 'MMD', 1001, 589501, 1);
INSERT INTO interacts VALUES(530495266774, 1, 'SwordArt', 1028, 613856, 1);
INSERT INTO interacts VALUES(530495266774, 1, 'SwordArt', 2010, 614860, 1);
INSERT INTO interacts VALUES(530495266774, 1, 'Karsa', 1410, 617555, 1);
INSERT INTO interacts VALUES(530495266774, 1, 'Karsa', 2043, 618013, 1);
INSERT INTO interacts VALUES(530495266774, 1, 'Maple', 3020, 629569, 1);
INSERT INTO interacts VALUES(530495266774, 1, 'Maple', 3108, 631121, 1);
INSERT INTO interacts VALUES(530495266774, 1, 'Maple', 2043, 632362, 1);
INSERT INTO interacts VALUES(530495266774, 1, 'Jinjiao', 3006, 638469, 1);
INSERT INTO interacts VALUES(530495266774, 1, 'Avoidless', 2010, 642009, 0);
INSERT INTO interacts VALUES(530495266774, 1, 'Avoidless', 2010, 642149, 0);
INSERT INTO interacts VALUES(530495266774, 1, 'Avoidless', 3341, 644701, 1);
INSERT INTO interacts VALUES(530495266774, 1, 'Athena', 1408, 647042, 1);
INSERT INTO interacts VALUES(530495266774, 1, 'Athena', 1001, 648703, 1);
INSERT INTO interacts VALUES(530495266774, 1, 'NL', 1036, 650658, 1);
INSERT INTO interacts VALUES(530495266774, 1, 'NL', 1036, 650755, 1);
INSERT INTO interacts VALUES(530495266774, 1, 'Avoidless', 2049, 651695, 1);
INSERT INTO interacts VALUES(530495266774, 1, 'Baeme', 3010, 657288, 1);
INSERT INTO interacts VALUES(530495266774, 1, 'Baeme', 1033, 658623, 1);
INSERT INTO interacts VALUES(530495266774, 1, 'Baeme', 3363, 661083, 1);
INSERT INTO interacts VALUES(530495266774, 1, 'Baeme', 3364, 662023, 1);
INSERT INTO interacts VALUES(530495266774, 1, 'AmazingJ', 3024, 710267, 1);
INSERT INTO interacts VALUES(530495266774, 1, 'MMD', 3057, 816149, 1);
INSERT INTO interacts VALUES(530495266774, 1, 'Athena', 3111, 877872, 1);
INSERT INTO interacts VALUES(530495266774, 1, 'Athena', 2043, 879563, 1);
INSERT INTO interacts VALUES(530495266774, 1, 'Baeme', 2043, 882831, 0);
INSERT INTO interacts VALUES(530495266774, 1, 'Baeme', 3145, 885146, 1);
INSERT INTO interacts VALUES(530495266774, 1, 'Avoidless', 2045, 923378, 1);
INSERT INTO interacts VALUES(530495266774, 1, 'Avoidless', 2043, 924999, 1);
INSERT INTO interacts VALUES(530495266774, 1, 'Karsa', 3020, 926801, 1);
INSERT INTO interacts VALUES(530495266774, 1, 'Karsa', 3364, 927594, 1);
INSERT INTO interacts VALUES(530495266774, 1, 'Karsa', 1028, 928016, 1);
INSERT INTO interacts VALUES(530495266774, 1, 'Karsa', 2043, 930972, 1);
INSERT INTO interacts VALUES(530495266774, 1, 'Avoidless', 2010, 931005, 1);
INSERT INTO interacts VALUES(530495266774, 1, 'NL', 3142, 940721, 1);
INSERT INTO interacts VALUES(530495266774, 1, 'SwordArt', 3117, 940753, 1);
INSERT INTO interacts VALUES(530495266774, 1, 'NL', 1036, 941147, 1);
INSERT INTO interacts VALUES(530495266774, 1, 'NL', 1036, 941246, 1);
INSERT INTO interacts VALUES(530495266774, 1, 'NL', 3363, 942930, 1);
INSERT INTO interacts VALUES(530495266774, 1, 'SwordArt', 3009, 943186, 1);
INSERT INTO interacts VALUES(530495266774, 1, 'NL', 2010, 943225, 1);
INSERT INTO interacts VALUES(530495266774, 1, 'SwordArt', 2045, 944556, 1);
INSERT INTO interacts VALUES(530495266774, 1, 'SwordArt', 2043, 945010, 1);
INSERT INTO interacts VALUES(530495266774, 1, 'SwordArt', 2043, 945269, 1);
INSERT INTO interacts VALUES(530495266774, 1, 'Maple', 3165, 963743, 1);
INSERT INTO interacts VALUES(530495266774, 1, 'Maple', 1028, 965825, 1);
INSERT INTO interacts VALUES(530495266774, 1, 'Maple', 2043, 966509, 1);
INSERT INTO interacts VALUES(530495266774, 1, 'AmazingJ', 3025, 1008819, 1);
INSERT INTO interacts VALUES(530495266774, 1, 'Athena', 3155, 1012159, 1);
INSERT INTO interacts VALUES(530495266774, 1, 'Baeme', 3030, 1017748, 1);
INSERT INTO interacts VALUES(530495266774, 1, 'Baeme', 2043, 1019178, 1);
INSERT INTO interacts VALUES(530495266774, 1, 'Baeme', 2043, 1019276, 1);
INSERT INTO interacts VALUES(530495266774, 1, 'MMD', 3065, 1025537, 1);
INSERT INTO interacts VALUES(530495266774, 1, 'Maple', 1011, 1095626, 1);
INSERT INTO interacts VALUES(530495266774, 1, 'Maple', 2043, 1100638, 1);
INSERT INTO interacts VALUES(530495266774, 1, 'Avoidless', 3801, 1112317, 1);
INSERT INTO interacts VALUES(530495266774, 1, 'NL', 1038, 1115387, 1);
INSERT INTO interacts VALUES(530495266774, 1, 'SwordArt', 1033, 1117405, 1);
INSERT INTO interacts VALUES(530495266774, 1, 'SwordArt', 1028, 1117697, 1);
INSERT INTO interacts VALUES(530495266774, 1, 'SwordArt', 3364, 1118996, 1);
INSERT INTO interacts VALUES(530495266774, 1, 'Avoidless', 3364, 1119028, 1);
INSERT INTO interacts VALUES(530495266774, 1, 'Avoidless', 2010, 1119596, 1);
INSERT INTO interacts VALUES(530495266774, 1, 'SwordArt', 2043, 1119709, 1);
INSERT INTO interacts VALUES(530495266774, 1, 'Karsa', 3145, 1122663, 1);
INSERT INTO interacts VALUES(530495266774, 1, 'Karsa', 2031, 1123445, 0);
INSERT INTO interacts VALUES(530495266774, 1, 'MMD', 3111, 1124387, 1);
INSERT INTO interacts VALUES(530495266774, 1, 'Karsa', 2043, 1124531, 1);
INSERT INTO interacts VALUES(530495266774, 1, 'Karsa', 2003, 1127953, 1);
INSERT INTO interacts VALUES(530495266774, 1, 'Jinjiao', 3508, 1130917, 1);
INSERT INTO interacts VALUES(530495266774, 1, 'Jinjiao', 3363, 1131810, 1);
INSERT INTO interacts VALUES(530495266774, 1, 'Jinjiao', 1037, 1133777, 1);
INSERT INTO interacts VALUES(530495266774, 1, 'Jinjiao', 2010, 1135044, 1);
INSERT INTO interacts VALUES(530495266774, 1, 'Jinjiao', 2043, 1135400, 1);
INSERT INTO interacts VALUES(530495266774, 1, 'Baeme', 3211, 1138450, 1);
INSERT INTO interacts VALUES(530495266774, 1, 'Jinjiao', 1042, 1213892, 1);
INSERT INTO interacts VALUES(530495266774, 1, 'Avoidless', 2043, 1216728, 1);
INSERT INTO interacts VALUES(530495266774, 1, 'Avoidless', 2010, 1217147, 1);
INSERT INTO interacts VALUES(530495266774, 1, 'SwordArt', 3801, 1227518, 1);
INSERT INTO interacts VALUES(530495266774, 1, 'SwordArt', 2043, 1228812, 1);
INSERT INTO interacts VALUES(530495266774, 1, 'Baeme', 2043, 1234394, 1);
INSERT INTO interacts VALUES(530495266774, 1, 'AmazingJ', 3111, 1243545, 1);
INSERT INTO interacts VALUES(530495266774, 1, 'AmazingJ', 1056, 1244393, 0);
INSERT INTO interacts VALUES(530495266774, 1, 'AmazingJ', 1028, 1245061, 1);
INSERT INTO interacts VALUES(530495266774, 1, 'Athena', 3211, 1295679, 1);
INSERT INTO interacts VALUES(530495266774, 1, 'Athena', 2043, 1296913, 1);
INSERT INTO interacts VALUES(530495266774, 1, 'SwordArt', 2043, 1299510, 1);
INSERT INTO interacts VALUES(530495266774, 1, 'SwordArt', 2043, 1299672, 1);
INSERT INTO interacts VALUES(530495266774, 1, 'Karsa', 3152, 1308342, 1);
INSERT INTO interacts VALUES(530495266774, 1, 'MMD', 3024, 1308539, 1);
INSERT INTO interacts VALUES(530495266774, 1, 'Karsa', 2043, 1309318, 1);
INSERT INTO interacts VALUES(530495266774, 1, 'Maple', 1058, 1318843, 1);
INSERT INTO interacts VALUES(530495266774, 1, 'Maple', 2010, 1319752, 0);
INSERT INTO interacts VALUES(530495266774, 1, 'Maple', 2010, 1319849, 0);
INSERT INTO interacts VALUES(530495266774, 1, 'Maple', 2010, 1319945, 0);
INSERT INTO interacts VALUES(530495266774, 1, 'Maple', 2043, 1321105, 1);
INSERT INTO interacts VALUES(530495266774, 1, 'Baeme', 3065, 1376052, 1);
INSERT INTO interacts VALUES(530495266774, 1, 'Baeme', 2043, 1378659, 1);
INSERT INTO interacts VALUES(530495266774, 1, 'Avoidless', 3105, 1384523, 1);
INSERT INTO interacts VALUES(530495266774, 1, 'Avoidless', 2043, 1385925, 1);
INSERT INTO interacts VALUES(530495266774, 1, 'Jinjiao', 2010, 1386249, 0);
INSERT INTO interacts VALUES(530495266774, 1, 'Jinjiao', 1038, 1387256, 1);
INSERT INTO interacts VALUES(530495266774, 1, 'NL', 3147, 1440894, 1);
INSERT INTO interacts VALUES(530495266774, 1, 'SwordArt', 3105, 1443577, 1);
INSERT INTO interacts VALUES(530495266774, 1, 'SwordArt', 1028, 1443953, 1);
INSERT INTO interacts VALUES(530495266774, 1, 'SwordArt', 2043, 1444354, 1);
INSERT INTO interacts VALUES(530495266774, 1, 'SwordArt', 2043, 1444520, 1);
INSERT INTO interacts VALUES(530495266774, 1, 'NL', 1037, 1446987, 1);
INSERT INTO interacts VALUES(530495266774, 1, 'Baeme', 2043, 1451772, 1);
INSERT INTO interacts VALUES(530495266774, 1, 'Baeme', 2043, 1451899, 1);
INSERT INTO interacts VALUES(530495266774, 1, 'NL', 2010, 1452580, 1);
INSERT INTO interacts VALUES(530495266774, 1, 'Avoidless', 1028, 1453850, 1);
INSERT INTO interacts VALUES(530495266774, 1, 'AmazingJ', 3211, 1454924, 1);
INSERT INTO interacts VALUES(530495266774, 1, 'Maple', 3116, 1457621, 1);
INSERT INTO interacts VALUES(530495266774, 1, 'Maple', 2043, 1459187, 1);
INSERT INTO interacts VALUES(530495266774, 1, 'Maple', 1052, 1461142, 1);
INSERT INTO interacts VALUES(530495266774, 1, 'MMD', 3025, 1470217, 1);
INSERT INTO interacts VALUES(530495266774, 1, 'Karsa', 1011, 1470266, 1);
INSERT INTO interacts VALUES(530495266774, 1, 'Karsa', 2043, 1470657, 1);
INSERT INTO interacts VALUES(530495266774, 1, 'Karsa', 2043, 1470787, 1);
INSERT INTO interacts VALUES(530495266774, 1, 'MMD', 2043, 1471568, 1);
INSERT INTO interacts VALUES(530495266774, 1, 'Athena', 3102, 1592643, 1);
INSERT INTO interacts VALUES(530495266774, 1, 'Avoidless', 3067, 1594081, 1);
INSERT INTO interacts VALUES(530495266774, 1, 'Jinjiao', 3031, 1594341, 1);
INSERT INTO interacts VALUES(530495266774, 1, 'Athena', 1029, 1594375, 1);
INSERT INTO interacts VALUES(530495266774, 1, 'Avoidless', 2043, 1595415, 1);
INSERT INTO interacts VALUES(530495266774, 1, 'Athena', 1029, 1596623, 0);
INSERT INTO interacts VALUES(530495266774, 1, 'Athena', 2043, 1598777, 1);
INSERT INTO interacts VALUES(530495266774, 1, 'Athena', 2043, 1598965, 1);
INSERT INTO interacts VALUES(530495266774, 1, 'Baeme', 2043, 1606084, 1);
INSERT INTO interacts VALUES(530495266774, 1, 'Karsa', 1052, 1612622, 1);
INSERT INTO interacts VALUES(530495266774, 1, 'AmazingJ', 3065, 1613341, 1);
INSERT INTO interacts VALUES(530495266774, 1, 'Karsa', 1052, 1615011, 1);
INSERT INTO interacts VALUES(530495266774, 1, 'Karsa', 2043, 1615729, 1);
INSERT INTO interacts VALUES(530495266774, 1, 'SwordArt', 3190, 1616701, 1);
INSERT INTO interacts VALUES(530495266774, 1, 'SwordArt', 2043, 1617410, 1);
INSERT INTO interacts VALUES(530495266774, 1, 'SwordArt', 2043, 1617540, 1);
INSERT INTO interacts VALUES(530495266774, 1, 'MMD', 2033, 1627642, 0);
INSERT INTO interacts VALUES(530495266774, 1, 'MMD', 1029, 1628715, 1);
INSERT INTO interacts VALUES(530495266774, 1, 'MMD', 1031, 1629692, 1);
INSERT INTO interacts VALUES(530495266774, 1, 'MMD', 1057, 1630580, 1);
INSERT INTO interacts VALUES(530495266774, 1, 'Maple', 3136, 1632835, 1);
INSERT INTO interacts VALUES(530495266774, 1, 'Maple', 2043, 1633774, 1);
INSERT INTO interacts VALUES(530495266774, 1, 'Avoidless', 3190, 1695418, 1);
INSERT INTO interacts VALUES(530495266774, 1, 'Avoidless', 2043, 1696213, 1);
INSERT INTO interacts VALUES(530495266774, 1, 'Avoidless', 2010, 1697123, 1);
INSERT INTO interacts VALUES(530495266774, 1, 'Baeme', 1058, 1755573, 1);
INSERT INTO interacts VALUES(530495266774, 1, 'Baeme', 2033, 1756324, 0);
INSERT INTO interacts VALUES(530495266774, 1, 'Athena', 1031, 1756845, 1);
INSERT INTO interacts VALUES(530495266774, 1, 'Baeme', 2043, 1757915, 1);
INSERT INTO interacts VALUES(530495266774, 1, 'Baeme', 2043, 1758033, 1);
INSERT INTO interacts VALUES(530495266774, 1, 'MMD', 3026, 1777110, 1);
INSERT INTO interacts VALUES(530495266774, 1, 'MMD', 2043, 1777753, 1);
INSERT INTO interacts VALUES(530495266774, 1, 'Karsa', 1058, 1804598, 1);
INSERT INTO interacts VALUES(530495266774, 1, 'Maple', 1026, 1829797, 1);
INSERT INTO interacts VALUES(530495266774, 1, 'NL', 1038, 1835825, 1);
INSERT INTO interacts VALUES(530495266774, 1, 'SwordArt', 3067, 1843983, 1);
INSERT INTO interacts VALUES(530495266774, 1, 'SwordArt', 2043, 1844509, 1);
INSERT INTO interacts VALUES(530495266774, 1, 'SwordArt', 2043, 1846832, 1);
INSERT INTO interacts VALUES(530495266774, 1, 'Athena', 2031, 1871871, 0);
INSERT INTO interacts VALUES(530495266774, 1, 'Jinjiao', 3140, 1872917, 1);
INSERT INTO interacts VALUES(530495266774, 1, 'Athena', 1011, 1873374, 1);
INSERT INTO interacts VALUES(530495266774, 1, 'NL', 1055, 1873829, 0);
INSERT INTO interacts VALUES(530495266774, 1, 'Jinjiao', 3086, 1874282, 1);
INSERT INTO interacts VALUES(530495266774, 1, 'AmazingJ', 3068, 1874935, 1);
INSERT INTO interacts VALUES(530495266774, 1, 'NL', 3031, 1875031, 1);
INSERT INTO interacts VALUES(530495266774, 1, 'Avoidless', 3097, 1875914, 1);
INSERT INTO interacts VALUES(530495266774, 1, 'AmazingJ', 2033, 1876012, 0);
INSERT INTO interacts VALUES(530495266774, 1, 'Avoidless', 3067, 1876501, 1);
INSERT INTO interacts VALUES(530495266774, 1, 'AmazingJ', 1057, 1876698, 1);
INSERT INTO interacts VALUES(530495266774, 1, 'AmazingJ', 2138, 1878680, 1);
INSERT INTO interacts VALUES(530495266774, 1, 'Karsa', 3116, 1880247, 1);
INSERT INTO interacts VALUES(530495266774, 1, 'Karsa', 2043, 1881120, 1);
INSERT INTO interacts VALUES(530495266774, 1, 'Karsa', 2043, 1881283, 1);
INSERT INTO interacts VALUES(530495266774, 1, 'MMD', 2043, 1886429, 0);
INSERT INTO interacts VALUES(530495266774, 1, 'Maple', 3151, 1966418, 1);
INSERT INTO interacts VALUES(530495266774, 1, 'Avoidless', 2043, 1966607, 1);
INSERT INTO interacts VALUES(530495266774, 1, 'Maple', 2043, 1967073, 1);
INSERT INTO interacts VALUES(530495266774, 1, 'Karsa', 1033, 1968171, 1);
INSERT INTO interacts VALUES(530495266774, 1, 'Baeme', 3116, 1969749, 1);
INSERT INTO interacts VALUES(530495266774, 1, 'Jinjiao', 3094, 2037341, 1);
INSERT INTO interacts VALUES(530495266774, 1, 'Baeme', 2043, 2055746, 1);
INSERT INTO interacts VALUES(530495266774, 1, 'Athena', 3742, 2084108, 1);
INSERT INTO interacts VALUES(530495266774, 1, 'AmazingJ', 1082, 2095751, 0);
INSERT INTO interacts VALUES(530495266774, 1, 'AmazingJ', 3026, 2096847, 1);
INSERT INTO interacts VALUES(530495266774, 1, 'Athena', 1029, 2119436, 1);
INSERT INTO interacts VALUES(530495266774, 1, 'Avoidless', 3401, 2164807, 1);
INSERT INTO interacts VALUES(530495266774, 1, 'Avoidless', 1031, 2170395, 1);
INSERT INTO interacts VALUES(530495266774, 1, 'SwordArt', 3401, 2180272, 1);
INSERT INTO interacts VALUES(530495266774, 1, 'Karsa', 3105, 2186648, 1);
INSERT INTO interacts VALUES(530495266774, 1, 'Baeme', 2043, 2187235, 0);
INSERT INTO interacts VALUES(530495266774, 1, 'NL', 3035, 2187878, 1);
INSERT INTO interacts VALUES(530495266774, 1, 'NL', 2043, 2189149, 1);
INSERT INTO interacts VALUES(530495266774, 1, 'Baeme', 3136, 2189557, 1);
INSERT INTO interacts VALUES(530495266774, 1, 'Maple', 1026, 2194877, 1);
INSERT INTO interacts VALUES(530495266774, 1, 'Athena', 1031, 2195810, 1);
INSERT INTO interacts VALUES(530495266774, 1, 'SwordArt', 2043, 2197650, 1);
INSERT INTO interacts VALUES(530495266774, 1, 'SwordArt', 2043, 2197853, 1);
INSERT INTO interacts VALUES(530495266774, 1, 'Karsa', 2043, 2200806, 1);
INSERT INTO interacts VALUES(530495266774, 1, 'AmazingJ', 1011, 2211049, 1);
INSERT INTO interacts VALUES(530495266774, 1, 'MMD', 3068, 2215029, 1);
INSERT INTO interacts VALUES(530495266774, 1, 'Avoidless', 1057, 2247904, 1);
INSERT INTO interacts VALUES(530495266774, 1, 'Jinjiao', 1055, 2254405, 0);
INSERT INTO interacts VALUES(530495266774, 1, 'Jinjiao', 3036, 2254942, 1);
INSERT INTO interacts VALUES(530495266774, 1, 'NL', 3036, 2353601, 1);
INSERT INTO interacts VALUES(530495266774, 1, 'NL', 2043, 2354324, 1);
INSERT INTO interacts VALUES(530495266774, 1, 'SwordArt', 2043, 2356614, 1);
INSERT INTO interacts VALUES(530495266774, 1, 'SwordArt', 2043, 2356809, 1);
INSERT INTO interacts VALUES(530495266774, 1, 'Karsa', 1028, 2357058, 1);
INSERT INTO interacts VALUES(530495266774, 1, 'SwordArt', 1029, 2359659, 1);
INSERT INTO interacts VALUES(530495266774, 1, 'Avoidless', 2053, 2365511, 1);
INSERT INTO interacts VALUES(530495266774, 1, 'AmazingJ', 3143, 2386528, 1);
INSERT INTO interacts VALUES(530495266774, 1, 'Athena', 3026, 2386953, 1);
INSERT INTO interacts VALUES(530495266774, 1, 'Karsa', 3067, 2410268, 1);
INSERT INTO interacts VALUES(530495266774, 1, 'Karsa', 3190, 2410592, 1);
INSERT INTO interacts VALUES(530495266774, 1, 'Karsa', 2043, 2411153, 1);
INSERT INTO interacts VALUES(530495266774, 1, 'Karsa', 2043, 2428038, 1);
INSERT INTO interacts VALUES(530495266774, 1, 'SwordArt', 2043, 2441934, 1);
INSERT INTO interacts VALUES(530495266774, 1, 'Maple', 3135, 2447429, 1);
INSERT INTO series VALUES(337474561664, 1);
INSERT INTO organizes VALUES('world_championship_2016', 337474561664, 'group_b - C9-vs-SKT');
INSERT INTO competes VALUES(337474561664, 'C9', 1);
INSERT INTO competes VALUES(337474561664, 'SKT', 0);
INSERT INTO matches VALUES(337474561664, 1, '2016-10-09');
INSERT INTO scores VALUES('C9', 337474561664, 1, 0, 4, 0, 0, 3, 0);
INSERT INTO scores VALUES('SKT', 337474561664, 1, 1, 9, 0, 2, 2, 1);
INSERT INTO bans VALUES(337474561664, 1, 43, 1);
INSERT INTO bans VALUES(337474561664, 1, 60, 3);
INSERT INTO bans VALUES(337474561664, 1, 76, 5);
INSERT INTO bans VALUES(337474561664, 1, 136, 2);
INSERT INTO bans VALUES(337474561664, 1, 134, 4);
INSERT INTO bans VALUES(337474561664, 1, 51, 6);
INSERT INTO plays VALUES(337474561664, 1, 'Impact', 85, 'top', 6, 3, 2, 23734, 26, 14, 410, 22, 0, 18718);
INSERT INTO plays VALUES(337474561664, 1, 'Meteos', 2, 'jungle', 1, 2, 6, 13944, 46, 38, 114, 118, 11, 16295);
INSERT INTO plays VALUES(337474561664, 1, 'Jensen', 13, 'mid', 2, 2, 3, 13797, 21, 14, 494, 22, 1, 19722);
INSERT INTO plays VALUES(337474561664, 1, 'Sneaky', 81, 'adc', 2, 5, 3, 29581, 14, 9, 402, 12, 1, 17484);
INSERT INTO plays VALUES(337474561664, 1, 'Smoothie', 12, 'support', 0, 7, 6, 5779, 71, 22, 48, 0, 0, 11194);
INSERT INTO plays VALUES(337474561664, 1, 'Duke', 126, 'top', 1, 4, 12, 27172, 21, 7, 410, 8, 3, 19903);
INSERT INTO plays VALUES(337474561664, 1, 'Blank', 64, 'jungle', 5, 0, 10, 12932, 55, 23, 37, 118, 24, 18034);
INSERT INTO plays VALUES(337474561664, 1, 'Faker', 112, 'mid', 7, 2, 8, 47107, 25, 14, 402, 34, 7, 22191);
INSERT INTO plays VALUES(337474561664, 1, 'Bang', 202, 'adc', 6, 1, 11, 48051, 22, 5, 412, 16, 3, 20825);
INSERT INTO plays VALUES(337474561664, 1, 'Wolf', 143, 'support', 0, 4, 11, 25905, 66, 32, 43, 0, 0, 14453);
INSERT INTO interacts VALUES(337474561664, 1, 'Sneaky', 3340, 1391, 1);
INSERT INTO interacts VALUES(337474561664, 1, 'Jensen', 3340, 1650, 1);
INSERT INTO interacts VALUES(337474561664, 1, 'Sneaky', 1055, 1684, 1);
INSERT INTO interacts VALUES(337474561664, 1, 'Impact', 3340, 1716, 1);
INSERT INTO interacts VALUES(337474561664, 1, 'Blank', 1041, 1781, 1);
INSERT INTO interacts VALUES(337474561664, 1, 'Meteos', 3340, 1909, 1);
INSERT INTO interacts VALUES(337474561664, 1, 'Smoothie', 3302, 1942, 1);
INSERT INTO interacts VALUES(337474561664, 1, 'Impact', 2003, 1975, 1);
INSERT INTO interacts VALUES(337474561664, 1, 'Jensen', 1027, 2007, 1);
INSERT INTO interacts VALUES(337474561664, 1, 'Sneaky', 2010, 2077, 1);
INSERT INTO interacts VALUES(337474561664, 1, 'Impact', 1055, 2201, 1);
INSERT INTO interacts VALUES(337474561664, 1, 'Blank', 2031, 2233, 1);
INSERT INTO interacts VALUES(337474561664, 1, 'Smoothie', 3340, 2266, 1);
INSERT INTO interacts VALUES(337474561664, 1, 'Meteos', 1039, 2336, 1);
INSERT INTO interacts VALUES(337474561664, 1, 'Blank', 3340, 2459, 1);
INSERT INTO interacts VALUES(337474561664, 1, 'Meteos', 2031, 2524, 1);
INSERT INTO interacts VALUES(337474561664, 1, 'Faker', 1056, 2556, 1);
INSERT INTO interacts VALUES(337474561664, 1, 'Smoothie', 2010, 2686, 1);
INSERT INTO interacts VALUES(337474561664, 1, 'Wolf', 3303, 2718, 1);
INSERT INTO interacts VALUES(337474561664, 1, 'Faker', 2003, 2751, 1);
INSERT INTO interacts VALUES(337474561664, 1, 'Duke', 1055, 2815, 1);
INSERT INTO interacts VALUES(337474561664, 1, 'Smoothie', 2010, 2853, 1);
INSERT INTO interacts VALUES(337474561664, 1, 'Faker', 2003, 2879, 1);
INSERT INTO interacts VALUES(337474561664, 1, 'Bang', 1055, 2976, 1);
INSERT INTO interacts VALUES(337474561664, 1, 'Duke', 2003, 3009, 1);
INSERT INTO interacts VALUES(337474561664, 1, 'Smoothie', 2010, 3113, 1);
INSERT INTO interacts VALUES(337474561664, 1, 'Faker', 3340, 3139, 1);
INSERT INTO interacts VALUES(337474561664, 1, 'Bang', 2010, 3202, 1);
INSERT INTO interacts VALUES(337474561664, 1, 'Duke', 3340, 3235, 1);
INSERT INTO interacts VALUES(337474561664, 1, 'Wolf', 2010, 3331, 1);
INSERT INTO interacts VALUES(337474561664, 1, 'Bang', 3340, 3429, 1);
INSERT INTO interacts VALUES(337474561664, 1, 'Wolf', 2010, 3494, 1);
INSERT INTO interacts VALUES(337474561664, 1, 'Jensen', 2031, 3591, 1);
INSERT INTO interacts VALUES(337474561664, 1, 'Wolf', 2010, 3630, 1);
INSERT INTO interacts VALUES(337474561664, 1, 'Wolf', 3340, 4889, 1);
INSERT INTO interacts VALUES(337474561664, 1, 'Jensen', 3070, 190518, 1);
INSERT INTO interacts VALUES(337474561664, 1, 'Jensen', 2043, 191232, 1);
INSERT INTO interacts VALUES(337474561664, 1, 'Blank', 3711, 241356, 1);
INSERT INTO interacts VALUES(337474561664, 1, 'Blank', 2043, 242070, 1);
INSERT INTO interacts VALUES(337474561664, 1, 'Meteos', 1001, 268746, 1);
INSERT INTO interacts VALUES(337474561664, 1, 'Meteos', 1028, 269166, 1);
INSERT INTO interacts VALUES(337474561664, 1, 'Meteos', 2032, 269749, 1);
INSERT INTO interacts VALUES(337474561664, 1, 'Wolf', 3098, 320098, 1);
INSERT INTO interacts VALUES(337474561664, 1, 'Wolf', 2043, 320357, 1);
INSERT INTO interacts VALUES(337474561664, 1, 'Wolf', 2010, 320554, 1);
INSERT INTO interacts VALUES(337474561664, 1, 'Sneaky', 3070, 337417, 1);
INSERT INTO interacts VALUES(337474561664, 1, 'Smoothie', 1001, 338233, 1);
INSERT INTO interacts VALUES(337474561664, 1, 'Smoothie', 2043, 338429, 1);
INSERT INTO interacts VALUES(337474561664, 1, 'Smoothie', 2010, 338668, 1);
INSERT INTO interacts VALUES(337474561664, 1, 'Sneaky', 1036, 340019, 1);
INSERT INTO interacts VALUES(337474561664, 1, 'Sneaky', 1001, 340604, 1);
INSERT INTO interacts VALUES(337474561664, 1, 'Sneaky', 2010, 340898, 1);
INSERT INTO interacts VALUES(337474561664, 1, 'Jensen', 1001, 340898, 1);
INSERT INTO interacts VALUES(337474561664, 1, 'Jensen', 1027, 341934, 1);
INSERT INTO interacts VALUES(337474561664, 1, 'Jensen', 2043, 342485, 1);
INSERT INTO interacts VALUES(337474561664, 1, 'Faker', 3196, 363397, 1);
INSERT INTO interacts VALUES(337474561664, 1, 'Faker', 2043, 364764, 1);
INSERT INTO interacts VALUES(337474561664, 1, 'Bang', 3134, 371925, 1);
INSERT INTO interacts VALUES(337474561664, 1, 'Bang', 1036, 372222, 1);
INSERT INTO interacts VALUES(337474561664, 1, 'Bang', 2010, 373321, 1);
INSERT INTO interacts VALUES(337474561664, 1, 'Duke', 3155, 407947, 1);
INSERT INTO interacts VALUES(337474561664, 1, 'Duke', 2043, 408821, 1);
INSERT INTO interacts VALUES(337474561664, 1, 'Duke', 2003, 411677, 1);
INSERT INTO interacts VALUES(337474561664, 1, 'Duke', 2003, 416420, 1);
INSERT INTO interacts VALUES(337474561664, 1, 'Impact', 3145, 417916, 1);
INSERT INTO interacts VALUES(337474561664, 1, 'Impact', 1055, 419832, 1);
INSERT INTO interacts VALUES(337474561664, 1, 'Impact', 2031, 421369, 1);
INSERT INTO interacts VALUES(337474561664, 1, 'Meteos', 3047, 437400, 1);
INSERT INTO interacts VALUES(337474561664, 1, 'Meteos', 2043, 437761, 1);
INSERT INTO interacts VALUES(337474561664, 1, 'Blank', 3133, 464006, 1);
INSERT INTO interacts VALUES(337474561664, 1, 'Wolf', 1028, 499387, 1);
INSERT INTO interacts VALUES(337474561664, 1, 'Smoothie', 3117, 500199, 1);
INSERT INTO interacts VALUES(337474561664, 1, 'Smoothie', 2043, 500536, 1);
INSERT INTO interacts VALUES(337474561664, 1, 'Smoothie', 2010, 500755, 1);
INSERT INTO interacts VALUES(337474561664, 1, 'Smoothie', 2010, 500918, 1);
INSERT INTO interacts VALUES(337474561664, 1, 'Wolf', 1001, 500950, 1);
INSERT INTO interacts VALUES(337474561664, 1, 'Faker', 3158, 513934, 1);
INSERT INTO interacts VALUES(337474561664, 1, 'Faker', 2043, 514515, 1);
INSERT INTO interacts VALUES(337474561664, 1, 'Sneaky', 3057, 558548, 1);
INSERT INTO interacts VALUES(337474561664, 1, 'Sneaky', 2010, 559425, 1);
INSERT INTO interacts VALUES(337474561664, 1, 'Sneaky', 2010, 559591, 1);
INSERT INTO interacts VALUES(337474561664, 1, 'Jensen', 3010, 572610, 1);
INSERT INTO interacts VALUES(337474561664, 1, 'Jensen', 3158, 573715, 1);
INSERT INTO interacts VALUES(337474561664, 1, 'Bang', 3133, 580235, 1);
INSERT INTO interacts VALUES(337474561664, 1, 'Bang', 2031, 580790, 1);
INSERT INTO interacts VALUES(337474561664, 1, 'Bang', 1001, 581929, 1);
INSERT INTO interacts VALUES(337474561664, 1, 'Duke', 1036, 595921, 1);
INSERT INTO interacts VALUES(337474561664, 1, 'Duke', 1036, 596082, 1);
INSERT INTO interacts VALUES(337474561664, 1, 'Duke', 1001, 597160, 1);
INSERT INTO interacts VALUES(337474561664, 1, 'Smoothie', 1028, 605063, 1);
INSERT INTO interacts VALUES(337474561664, 1, 'Impact', 3191, 618379, 1);
INSERT INTO interacts VALUES(337474561664, 1, 'Impact', 2043, 620086, 1);
INSERT INTO interacts VALUES(337474561664, 1, 'Blank', 1408, 624951, 1);
INSERT INTO interacts VALUES(337474561664, 1, 'Blank', 2043, 625888, 1);
INSERT INTO interacts VALUES(337474561664, 1, 'Faker', 3197, 688516, 1);
INSERT INTO interacts VALUES(337474561664, 1, 'Faker', 1006, 689590, 1);
INSERT INTO interacts VALUES(337474561664, 1, 'Faker', 2031, 690787, 1);
INSERT INTO interacts VALUES(337474561664, 1, 'Faker', 3363, 692187, 1);
INSERT INTO interacts VALUES(337474561664, 1, 'Meteos', 3751, 714562, 1);
INSERT INTO interacts VALUES(337474561664, 1, 'Jensen', 1026, 716349, 1);
INSERT INTO interacts VALUES(337474561664, 1, 'Meteos', 2049, 716384, 1);
INSERT INTO interacts VALUES(337474561664, 1, 'Jensen', 2043, 717359, 1);
INSERT INTO interacts VALUES(337474561664, 1, 'Meteos', 2043, 717485, 1);
INSERT INTO interacts VALUES(337474561664, 1, 'Jensen', 3363, 718330, 1);
INSERT INTO interacts VALUES(337474561664, 1, 'Meteos', 3341, 719471, 1);
INSERT INTO interacts VALUES(337474561664, 1, 'Faker', 1033, 759501, 1);
INSERT INTO interacts VALUES(337474561664, 1, 'Blank', 1001, 771668, 1);
INSERT INTO interacts VALUES(337474561664, 1, 'Blank', 1028, 773515, 1);
INSERT INTO interacts VALUES(337474561664, 1, 'Duke', 3134, 781959, 1);
INSERT INTO interacts VALUES(337474561664, 1, 'Duke', 1033, 783326, 1);
INSERT INTO interacts VALUES(337474561664, 1, 'Duke', 2003, 784245, 0);
INSERT INTO interacts VALUES(337474561664, 1, 'Duke', 2031, 785660, 1);
INSERT INTO interacts VALUES(337474561664, 1, 'Sneaky', 1037, 825848, 1);
INSERT INTO interacts VALUES(337474561664, 1, 'Smoothie', 3341, 826562, 1);
INSERT INTO interacts VALUES(337474561664, 1, 'Sneaky', 3158, 826624, 1);
INSERT INTO interacts VALUES(337474561664, 1, 'Smoothie', 2043, 827048, 1);
INSERT INTO interacts VALUES(337474561664, 1, 'Smoothie', 2049, 827927, 1);
INSERT INTO interacts VALUES(337474561664, 1, 'Smoothie', 2043, 828970, 1);
INSERT INTO interacts VALUES(337474561664, 1, 'Smoothie', 2010, 829229, 1);
INSERT INTO interacts VALUES(337474561664, 1, 'Jensen', 3027, 838482, 1);
INSERT INTO interacts VALUES(337474561664, 1, 'Wolf', 2049, 839783, 1);
INSERT INTO interacts VALUES(337474561664, 1, 'Bang', 3142, 840187, 1);
INSERT INTO interacts VALUES(337474561664, 1, 'Wolf', 3117, 840304, 1);
INSERT INTO interacts VALUES(337474561664, 1, 'Bang', 1036, 840952, 1);
INSERT INTO interacts VALUES(337474561664, 1, 'Bang', 3363, 841276, 1);
INSERT INTO interacts VALUES(337474561664, 1, 'Wolf', 3341, 841519, 1);
INSERT INTO interacts VALUES(337474561664, 1, 'Bang', 2043, 841993, 1);
INSERT INTO interacts VALUES(337474561664, 1, 'Meteos', 1401, 924792, 1);
INSERT INTO interacts VALUES(337474561664, 1, 'Meteos', 3364, 926540, 1);
INSERT INTO interacts VALUES(337474561664, 1, 'Faker', 3198, 960302, 1);
INSERT INTO interacts VALUES(337474561664, 1, 'Faker', 1057, 962163, 1);
INSERT INTO interacts VALUES(337474561664, 1, 'Faker', 2043, 962943, 1);
INSERT INTO interacts VALUES(337474561664, 1, 'Blank', 3105, 969148, 1);
INSERT INTO interacts VALUES(337474561664, 1, 'Blank', 3364, 970170, 1);
INSERT INTO interacts VALUES(337474561664, 1, 'Blank', 2043, 970902, 1);
INSERT INTO interacts VALUES(337474561664, 1, 'Blank', 3340, 971136, 1);
INSERT INTO interacts VALUES(337474561664, 1, 'Impact', 3152, 1046106, 1);
INSERT INTO interacts VALUES(337474561664, 1, 'Impact', 1001, 1054505, 1);
INSERT INTO interacts VALUES(337474561664, 1, 'Wolf', 2301, 1057506, 1);
INSERT INTO interacts VALUES(337474561664, 1, 'Wolf', 2043, 1057765, 1);
INSERT INTO interacts VALUES(337474561664, 1, 'Wolf', 2043, 1057882, 1);
INSERT INTO interacts VALUES(337474561664, 1, 'Wolf', 2031, 1058855, 1);
INSERT INTO interacts VALUES(337474561664, 1, 'Sneaky', 3004, 1064832, 1);
INSERT INTO interacts VALUES(337474561664, 1, 'Sneaky', 3363, 1066972, 1);
INSERT INTO interacts VALUES(337474561664, 1, 'Sneaky', 2043, 1067496, 1);
INSERT INTO interacts VALUES(337474561664, 1, 'Smoothie', 2045, 1067527, 1);
INSERT INTO interacts VALUES(337474561664, 1, 'Smoothie', 2043, 1068279, 1);
INSERT INTO interacts VALUES(337474561664, 1, 'Smoothie', 2010, 1068568, 1);
INSERT INTO interacts VALUES(337474561664, 1, 'Duke', 3156, 1075319, 1);
INSERT INTO interacts VALUES(337474561664, 1, 'Duke', 3111, 1076584, 1);
INSERT INTO interacts VALUES(337474561664, 1, 'Duke', 1028, 1078176, 1);
INSERT INTO interacts VALUES(337474561664, 1, 'Duke', 2043, 1078809, 1);
INSERT INTO interacts VALUES(337474561664, 1, 'Bang', 3009, 1092043, 1);
INSERT INTO interacts VALUES(337474561664, 1, 'Bang', 3134, 1093376, 1);
INSERT INTO interacts VALUES(337474561664, 1, 'Impact', 3020, 1122541, 1);
INSERT INTO interacts VALUES(337474561664, 1, 'Jensen', 1058, 1145747, 1);
INSERT INTO interacts VALUES(337474561664, 1, 'Jensen', 2043, 1146627, 1);
INSERT INTO interacts VALUES(337474561664, 1, 'Sneaky', 2043, 1204807, 0);
INSERT INTO interacts VALUES(337474561664, 1, 'Sneaky', 3024, 1205786, 1);
INSERT INTO interacts VALUES(337474561664, 1, 'Wolf', 1028, 1216371, 1);
INSERT INTO interacts VALUES(337474561664, 1, 'Wolf', 2043, 1217865, 1);
INSERT INTO interacts VALUES(337474561664, 1, 'Wolf', 3364, 1218808, 1);
INSERT INTO interacts VALUES(337474561664, 1, 'Faker', 3001, 1225278, 1);
INSERT INTO interacts VALUES(337474561664, 1, 'Meteos', 3211, 1228751, 1);
INSERT INTO interacts VALUES(337474561664, 1, 'Meteos', 2043, 1230410, 1);
INSERT INTO interacts VALUES(337474561664, 1, 'Smoothie', 3364, 1232226, 1);
INSERT INTO interacts VALUES(337474561664, 1, 'Smoothie', 2043, 1232846, 1);
INSERT INTO interacts VALUES(337474561664, 1, 'Smoothie', 2043, 1233008, 1);
INSERT INTO interacts VALUES(337474561664, 1, 'Jensen', 3003, 1233315, 1);
INSERT INTO interacts VALUES(337474561664, 1, 'Smoothie', 1028, 1234346, 1);
INSERT INTO interacts VALUES(337474561664, 1, 'Impact', 2031, 1236088, 0);
INSERT INTO interacts VALUES(337474561664, 1, 'Impact', 3108, 1237846, 1);
INSERT INTO interacts VALUES(337474561664, 1, 'Blank', 3111, 1239031, 1);
INSERT INTO interacts VALUES(337474561664, 1, 'Blank', 1028, 1240958, 1);
INSERT INTO interacts VALUES(337474561664, 1, 'Blank', 2043, 1242426, 1);
INSERT INTO interacts VALUES(337474561664, 1, 'Blank', 2043, 1242557, 1);
INSERT INTO interacts VALUES(337474561664, 1, 'Duke', 3133, 1253218, 1);
INSERT INTO interacts VALUES(337474561664, 1, 'Jensen', 1057, 1354548, 1);
INSERT INTO interacts VALUES(337474561664, 1, 'Jensen', 2043, 1355486, 1);
INSERT INTO interacts VALUES(337474561664, 1, 'Impact', 3157, 1381852, 1);
INSERT INTO interacts VALUES(337474561664, 1, 'Impact', 2043, 1383410, 1);
INSERT INTO interacts VALUES(337474561664, 1, 'Bang', 3147, 1388213, 1);
INSERT INTO interacts VALUES(337474561664, 1, 'Bang', 2043, 1388669, 1);
INSERT INTO interacts VALUES(337474561664, 1, 'Wolf', 1052, 1391526, 1);
INSERT INTO interacts VALUES(337474561664, 1, 'Duke', 3071, 1391982, 1);
INSERT INTO interacts VALUES(337474561664, 1, 'Wolf', 2043, 1394324, 1);
INSERT INTO interacts VALUES(337474561664, 1, 'Wolf', 2043, 1394454, 1);
INSERT INTO interacts VALUES(337474561664, 1, 'Duke', 2043, 1396244, 1);
INSERT INTO interacts VALUES(337474561664, 1, 'Smoothie', 1033, 1407069, 1);
INSERT INTO interacts VALUES(337474561664, 1, 'Smoothie', 2043, 1407589, 1);
INSERT INTO interacts VALUES(337474561664, 1, 'Meteos', 2032, 1410637, 0);
INSERT INTO interacts VALUES(337474561664, 1, 'Faker', 1058, 1410685, 1);
INSERT INTO interacts VALUES(337474561664, 1, 'Meteos', 3065, 1411774, 1);
INSERT INTO interacts VALUES(337474561664, 1, 'Meteos', 2043, 1412096, 1);
INSERT INTO interacts VALUES(337474561664, 1, 'Blank', 3190, 1413282, 1);
INSERT INTO interacts VALUES(337474561664, 1, 'Blank', 1029, 1415286, 1);
INSERT INTO interacts VALUES(337474561664, 1, 'Sneaky', 3025, 1415709, 1);
INSERT INTO interacts VALUES(337474561664, 1, 'Blank', 2043, 1417189, 1);
INSERT INTO interacts VALUES(337474561664, 1, 'Sneaky', 3155, 1418490, 1);
INSERT INTO interacts VALUES(337474561664, 1, 'Sneaky', 2043, 1420571, 1);
INSERT INTO interacts VALUES(337474561664, 1, 'Smoothie', 3105, 1579427, 1);
INSERT INTO interacts VALUES(337474561664, 1, 'Smoothie', 2043, 1580092, 1);
INSERT INTO interacts VALUES(337474561664, 1, 'Meteos', 1031, 1581442, 1);
INSERT INTO interacts VALUES(337474561664, 1, 'Meteos', 2043, 1581963, 1);
INSERT INTO interacts VALUES(337474561664, 1, 'Jensen', 1026, 1610856, 1);
INSERT INTO interacts VALUES(337474561664, 1, 'Impact', 1026, 1611052, 1);
INSERT INTO interacts VALUES(337474561664, 1, 'Impact', 1055, 1618045, 0);
INSERT INTO interacts VALUES(337474561664, 1, 'Impact', 1052, 1619862, 1);
INSERT INTO interacts VALUES(337474561664, 1, 'Sneaky', 3134, 1621602, 1);
INSERT INTO interacts VALUES(337474561664, 1, 'Wolf', 3136, 1633004, 1);
INSERT INTO interacts VALUES(337474561664, 1, 'Wolf', 1026, 1633199, 1);
INSERT INTO interacts VALUES(337474561664, 1, 'Wolf', 2043, 1634565, 1);
INSERT INTO interacts VALUES(337474561664, 1, 'Wolf', 2043, 1634693, 1);
INSERT INTO interacts VALUES(337474561664, 1, 'Faker', 3116, 1639508, 1);
INSERT INTO interacts VALUES(337474561664, 1, 'Bang', 3035, 1639574, 1);
INSERT INTO interacts VALUES(337474561664, 1, 'Blank', 1011, 1641098, 1);
INSERT INTO interacts VALUES(337474561664, 1, 'Duke', 3035, 1641847, 1);
INSERT INTO interacts VALUES(337474561664, 1, 'Blank', 1031, 1643440, 1);
INSERT INTO interacts VALUES(337474561664, 1, 'Blank', 2031, 1644611, 0);
INSERT INTO interacts VALUES(337474561664, 1, 'Blank', 2043, 1646470, 1);
INSERT INTO interacts VALUES(337474561664, 1, 'Blank', 2043, 1646595, 1);
INSERT INTO interacts VALUES(337474561664, 1, 'Sneaky', 3156, 1734701, 1);
INSERT INTO interacts VALUES(337474561664, 1, 'Smoothie', 3190, 1737087, 1);
INSERT INTO interacts VALUES(337474561664, 1, 'Sneaky', 2043, 1763803, 1);
INSERT INTO interacts VALUES(337474561664, 1, 'Meteos', 1057, 1778312, 1);
INSERT INTO interacts VALUES(337474561664, 1, 'Duke', 2031, 1785551, 0);
INSERT INTO interacts VALUES(337474561664, 1, 'Duke', 3034, 1787453, 1);
INSERT INTO interacts VALUES(337474561664, 1, 'Impact', 3135, 1787808, 1);
INSERT INTO interacts VALUES(337474561664, 1, 'Impact', 2043, 1789988, 1);
INSERT INTO interacts VALUES(337474561664, 1, 'Jensen', 3135, 1793647, 1);
INSERT INTO interacts VALUES(337474561664, 1, 'Jensen', 2031, 1796574, 0);
INSERT INTO interacts VALUES(337474561664, 1, 'Jensen', 2043, 1796896, 1);
INSERT INTO interacts VALUES(337474561664, 1, 'Faker', 2031, 1797650, 0);
INSERT INTO interacts VALUES(337474561664, 1, 'Bang', 3036, 1797746, 1);
INSERT INTO interacts VALUES(337474561664, 1, 'Bang', 2140, 1798722, 1);
INSERT INTO interacts VALUES(337474561664, 1, 'Wolf', 3151, 1799755, 1);
INSERT INTO interacts VALUES(337474561664, 1, 'Faker', 1058, 1800244, 1);
INSERT INTO interacts VALUES(337474561664, 1, 'Wolf', 2043, 1800647, 1);
INSERT INTO interacts VALUES(337474561664, 1, 'Wolf', 2043, 1800839, 1);
INSERT INTO interacts VALUES(337474561664, 1, 'Blank', 3742, 1800970, 1);
INSERT INTO interacts VALUES(337474561664, 1, 'Wolf', 1028, 1802788, 1);
INSERT INTO interacts VALUES(337474561664, 1, 'Blank', 1057, 1803307, 1);
INSERT INTO interacts VALUES(337474561664, 1, 'Duke', 3036, 1818676, 1);
INSERT INTO interacts VALUES(337474561664, 1, 'Duke', 1036, 1819132, 1);
INSERT INTO interacts VALUES(337474561664, 1, 'Jensen', 1052, 1923785, 1);
INSERT INTO interacts VALUES(337474561664, 1, 'Sneaky', 2043, 1925538, 0);
INSERT INTO interacts VALUES(337474561664, 1, 'Smoothie', 2043, 1927390, 1);
INSERT INTO interacts VALUES(337474561664, 1, 'Meteos', 3026, 1928945, 1);
INSERT INTO interacts VALUES(337474561664, 1, 'Sneaky', 3144, 1930050, 1);
INSERT INTO interacts VALUES(337474561664, 1, 'Meteos', 2043, 1930310, 1);
INSERT INTO interacts VALUES(337474561664, 1, 'Smoothie', 3067, 1930538, 1);
INSERT INTO interacts VALUES(337474561664, 1, 'Blank', 2043, 1937260, 1);
INSERT INTO interacts VALUES(337474561664, 1, 'Blank', 2043, 1937392, 1);
INSERT INTO interacts VALUES(337474561664, 1, 'Wolf', 1011, 1945048, 1);
INSERT INTO interacts VALUES(337474561664, 1, 'Wolf', 2043, 1945923, 1);
INSERT INTO interacts VALUES(337474561664, 1, 'Impact', 1058, 1948953, 1);
INSERT INTO interacts VALUES(337474561664, 1, 'Smoothie', 2043, 2020196, 1);
INSERT INTO interacts VALUES(337474561664, 1, 'Bang', 2031, 2068877, 0);
INSERT INTO interacts VALUES(337474561664, 1, 'Bang', 3140, 2069816, 1);
INSERT INTO interacts VALUES(337474561664, 1, 'Faker', 3089, 2095812, 1);
INSERT INTO interacts VALUES(337474561664, 1, 'Smoothie', 3097, 2110907, 1);
INSERT INTO interacts VALUES(337474561664, 1, 'Meteos', 2045, 2112765, 1);
INSERT INTO interacts VALUES(337474561664, 1, 'Meteos', 2138, 2113487, 1);
INSERT INTO interacts VALUES(337474561664, 1, 'Blank', 3026, 2114165, 1);
INSERT INTO interacts VALUES(337474561664, 1, 'Impact', 1055, 2114688, 0);
INSERT INTO interacts VALUES(337474561664, 1, 'Wolf', 2043, 2117199, 1);
INSERT INTO interacts VALUES(337474561664, 1, 'Jensen', 3001, 2117275, 1);
INSERT INTO interacts VALUES(337474561664, 1, 'Impact', 1026, 2117275, 1);
INSERT INTO interacts VALUES(337474561664, 1, 'Wolf', 2043, 2117312, 1);
INSERT INTO interacts VALUES(337474561664, 1, 'Jensen', 2043, 2117898, 1);
INSERT INTO interacts VALUES(337474561664, 1, 'Duke', 1055, 2172241, 0);
INSERT INTO interacts VALUES(337474561664, 1, 'Duke', 1053, 2175922, 1);
INSERT INTO interacts VALUES(337474561664, 1, 'Sneaky', 1055, 2176150, 0);
INSERT INTO interacts VALUES(337474561664, 1, 'Sneaky', 3153, 2176900, 1);
INSERT INTO interacts VALUES(337474561664, 1, 'Duke', 1038, 2177095, 1);
INSERT INTO interacts VALUES(337474561664, 1, 'Impact', 3089, 2311012, 1);
INSERT INTO interacts VALUES(337474561664, 1, 'Wolf', 2043, 2325714, 1);
INSERT INTO interacts VALUES(337474561664, 1, 'Wolf', 2043, 2325845, 1);
INSERT INTO interacts VALUES(337474561664, 1, 'Bang', 1055, 2325975, 0);
INSERT INTO interacts VALUES(337474561664, 1, 'Wolf', 2031, 2326824, 0);
INSERT INTO interacts VALUES(337474561664, 1, 'Bang', 3086, 2327931, 1);
INSERT INTO interacts VALUES(337474561664, 1, 'Wolf', 1058, 2328274, 1);
INSERT INTO interacts VALUES(337474561664, 1, 'Duke', 3072, 2348645, 1);
INSERT INTO interacts VALUES(337474561664, 1, 'Duke', 1033, 2349982, 1);
INSERT INTO interacts VALUES(337474561664, 1, 'Impact', 2139, 2378839, 1);
INSERT INTO interacts VALUES(337474561664, 1, 'Meteos', 1011, 2416958, 1);
INSERT INTO interacts VALUES(337474561664, 1, 'Bang', 3094, 2417624, 1);
INSERT INTO interacts VALUES(337474561664, 1, 'Smoothie', 3401, 2420573, 1);
INSERT INTO interacts VALUES(337474561664, 1, 'Smoothie', 2043, 2421161, 1);
INSERT INTO interacts VALUES(337474561664, 1, 'Smoothie', 2043, 2421286, 1);
INSERT INTO interacts VALUES(337474561664, 1, 'Faker', 1056, 2435504, 0);
INSERT INTO interacts VALUES(337474561664, 1, 'Faker', 3135, 2435894, 1);
INSERT INTO interacts VALUES(337474561664, 1, 'Smoothie', 2043, 2486922, 1);
INSERT INTO interacts VALUES(337474561664, 1, 'Duke', 1057, 2531446, 1);
INSERT INTO interacts VALUES(337474561664, 1, 'Smoothie', 2043, 2533595, 1);
INSERT INTO interacts VALUES(337474561664, 1, 'Smoothie', 1029, 2535096, 1);
INSERT INTO interacts VALUES(337474561664, 1, 'Sneaky', 3035, 2536952, 1);
INSERT INTO interacts VALUES(337474561664, 1, 'Wolf', 3116, 2537117, 1);
INSERT INTO interacts VALUES(337474561664, 1, 'Wolf', 2043, 2539555, 1);
INSERT INTO interacts VALUES(337474561664, 1, 'Wolf', 2043, 2539651, 1);
INSERT INTO interacts VALUES(337474561664, 1, 'Wolf', 2010, 2540885, 1);
INSERT INTO interacts VALUES(337474561664, 1, 'Impact', 1052, 2542092, 1);
INSERT INTO interacts VALUES(337474561664, 1, 'Jensen', 3089, 2553727, 1);
INSERT INTO interacts VALUES(337474561664, 1, 'Faker', 2139, 2556498, 1);
INSERT INTO interacts VALUES(337474561664, 1, 'Bang', 2140, 2559530, 1);
INSERT INTO interacts VALUES(337474561664, 1, 'Blank', 3082, 2565869, 1);
INSERT INTO interacts VALUES(337474561664, 1, 'Blank', 2138, 2570337, 1);
INSERT INTO interacts VALUES(337474561664, 1, 'Wolf', 1033, 2571117, 1);
INSERT INTO interacts VALUES(337474561664, 1, 'Sneaky', 2140, 2578810, 1);
INSERT INTO interacts VALUES(337474561664, 1, 'Impact', 3136, 2598319, 1);
INSERT INTO interacts VALUES(337474561664, 1, 'Smoothie', 3024, 2666547, 1);
INSERT INTO interacts VALUES(337474561664, 1, 'Smoothie', 2043, 2667136, 1);
INSERT INTO interacts VALUES(337474561664, 1, 'Jensen', 2139, 2681509, 1);
INSERT INTO interacts VALUES(337474561664, 1, 'Wolf', 2043, 2698454, 1);
INSERT INTO interacts VALUES(337474561664, 1, 'Wolf', 2043, 2698634, 1);
INSERT INTO interacts VALUES(337474561664, 1, 'Duke', 3026, 2698779, 1);
INSERT INTO interacts VALUES(337474561664, 1, 'Impact', 2139, 2703414, 1);
INSERT INTO interacts VALUES(337474561664, 1, 'Meteos', 3083, 2705492, 1);
INSERT INTO interacts VALUES(337474561664, 1, 'Meteos', 2138, 2706312, 1);
INSERT INTO interacts VALUES(337474561664, 1, 'Duke', 2140, 2721625, 1);
INSERT INTO interacts VALUES(337474561664, 1, 'Bang', 3139, 2725507, 1);
INSERT INTO interacts VALUES(337474561664, 1, 'Smoothie', 2043, 2809679, 1);
INSERT INTO interacts VALUES(337474561664, 1, 'Smoothie', 2043, 2809805, 1);
INSERT INTO interacts VALUES(337474561664, 1, 'Smoothie', 2138, 2810812, 1);
INSERT INTO interacts VALUES(337474561664, 1, 'Duke', 2140, 2854670, 1);
INSERT INTO interacts VALUES(337474561664, 1, 'Bang', 2140, 2854900, 1);
INSERT INTO interacts VALUES(337474561664, 1, 'Wolf', 3105, 2854967, 1);
INSERT INTO interacts VALUES(337474561664, 1, 'Wolf', 2043, 2855552, 1);
INSERT INTO interacts VALUES(337474561664, 1, 'Wolf', 2043, 2855661, 1);
INSERT INTO interacts VALUES(337474561664, 1, 'Faker', 2139, 2856283, 1);
INSERT INTO interacts VALUES(337474561664, 1, 'Blank', 3143, 2857792, 1);
INSERT INTO interacts VALUES(337474561664, 1, 'Sneaky', 3036, 2870996, 1);
INSERT INTO interacts VALUES(337474561664, 1, 'Meteos', 2138, 2873279, 1);
INSERT INTO interacts VALUES(337474561664, 1, 'Impact', 3151, 2904797, 1);
INSERT INTO interacts VALUES(337474561664, 1, 'Jensen', 2139, 2938928, 1);
INSERT INTO interacts VALUES(337474561664, 1, 'Smoothie', 2043, 2986955, 1);
INSERT INTO interacts VALUES(337474561664, 1, 'Wolf', 3190, 2988061, 1);
INSERT INTO interacts VALUES(337474561664, 1, 'Wolf', 2043, 2988947, 1);
INSERT INTO interacts VALUES(337474561664, 1, 'Impact', 2139, 2993880, 1);
INSERT INTO series VALUES(223566166966, 1);
INSERT INTO organizes VALUES('world_championship_2016', 223566166966, 'group_b - C9-vs-FW');
INSERT INTO competes VALUES(223566166966, 'C9', 1);
INSERT INTO competes VALUES(223566166966, 'FW', 0);
INSERT INTO matches VALUES(223566166966, 1, '2016-10-09');
INSERT INTO scores VALUES('C9', 223566166966, 1, 0, 2, 0, 0, 1, 0);
INSERT INTO scores VALUES('FW', 223566166966, 1, 1, 11, 0, 2, 4, 1);
INSERT INTO bans VALUES(223566166966, 1, 12, 1);
INSERT INTO bans VALUES(223566166966, 1, 60, 3);
INSERT INTO bans VALUES(223566166966, 1, 136, 5);
INSERT INTO bans VALUES(223566166966, 1, 85, 2);
INSERT INTO bans VALUES(223566166966, 1, 134, 4);
INSERT INTO bans VALUES(223566166966, 1, 202, 6);
INSERT INTO plays VALUES(223566166966, 1, 'Impact', 150, 'top', 0, 3, 2, 14173, 20, 5, 319, 14, 2, 13731);
INSERT INTO plays VALUES(223566166966, 1, 'Meteos', 76, 'jungle', 1, 3, 1, 13353, 25, 32, 64, 128, 8, 12704);
INSERT INTO plays VALUES(223566166966, 1, 'Jensen', 112, 'mid', 1, 2, 0, 14711, 14, 6, 388, 9, 1, 14751);
INSERT INTO plays VALUES(223566166966, 1, 'Sneaky', 81, 'adc', 0, 4, 1, 23992, 15, 14, 327, 8, 0, 13210);
INSERT INTO plays VALUES(223566166966, 1, 'Smoothie', 201, 'support', 0, 2, 1, 5634, 55, 5, 36, 0, 0, 8228);
INSERT INTO plays VALUES(223566166966, 1, 'MMD', 78, 'top', 1, 2, 5, 6346, 24, 6, 291, 6, 1, 15363);
INSERT INTO plays VALUES(223566166966, 1, 'Karsa', 64, 'jungle', 4, 0, 7, 8260, 32, 32, 43, 99, 27, 15064);
INSERT INTO plays VALUES(223566166966, 1, 'Maple', 13, 'mid', 7, 0, 4, 31205, 24, 10, 361, 15, 8, 18741);
INSERT INTO plays VALUES(223566166966, 1, 'NL', 51, 'adc', 2, 0, 4, 17801, 15, 8, 374, 8, 5, 17278);
INSERT INTO plays VALUES(223566166966, 1, 'SwordArt', 223, 'support', 0, 0, 6, 5698, 68, 3, 33, 0, 0, 10812);
INSERT INTO interacts VALUES(223566166966, 1, 'Maple', 1027, 1263, 1);
INSERT INTO interacts VALUES(223566166966, 1, 'SwordArt', 3340, 1424, 1);
INSERT INTO interacts VALUES(223566166966, 1, 'Sneaky', 3340, 1488, 1);
INSERT INTO interacts VALUES(223566166966, 1, 'Karsa', 2031, 1618, 1);
INSERT INTO interacts VALUES(223566166966, 1, 'Jensen', 3340, 1651, 1);
INSERT INTO interacts VALUES(223566166966, 1, 'Karsa', 3340, 1819, 1);
INSERT INTO interacts VALUES(223566166966, 1, 'Impact', 3340, 1819, 1);
INSERT INTO interacts VALUES(223566166966, 1, 'Meteos', 3340, 1846, 1);
INSERT INTO interacts VALUES(223566166966, 1, 'Impact', 2003, 2007, 1);
INSERT INTO interacts VALUES(223566166966, 1, 'Karsa', 1041, 2078, 1);
INSERT INTO interacts VALUES(223566166966, 1, 'SwordArt', 2010, 2104, 1);
INSERT INTO interacts VALUES(223566166966, 1, 'NL', 1055, 2104, 1);
INSERT INTO interacts VALUES(223566166966, 1, 'Jensen', 1056, 2104, 1);
INSERT INTO interacts VALUES(223566166966, 1, 'MMD', 3340, 2137, 1);
INSERT INTO interacts VALUES(223566166966, 1, 'Maple', 2031, 2137, 1);
INSERT INTO interacts VALUES(223566166966, 1, 'Sneaky', 1055, 2137, 1);
INSERT INTO interacts VALUES(223566166966, 1, 'Impact', 1055, 2232, 1);
INSERT INTO interacts VALUES(223566166966, 1, 'SwordArt', 2010, 2265, 1);
INSERT INTO interacts VALUES(223566166966, 1, 'Meteos', 1039, 2297, 1);
INSERT INTO interacts VALUES(223566166966, 1, 'Smoothie', 3302, 2297, 1);
INSERT INTO interacts VALUES(223566166966, 1, 'Sneaky', 2010, 2362, 1);
INSERT INTO interacts VALUES(223566166966, 1, 'MMD', 2033, 2394, 1);
INSERT INTO interacts VALUES(223566166966, 1, 'SwordArt', 2010, 2457, 1);
INSERT INTO interacts VALUES(223566166966, 1, 'NL', 2010, 2457, 1);
INSERT INTO interacts VALUES(223566166966, 1, 'Maple', 3341, 2462, 1);
INSERT INTO interacts VALUES(223566166966, 1, 'Meteos', 2031, 2525, 1);
INSERT INTO interacts VALUES(223566166966, 1, 'Jensen', 2010, 2557, 1);
INSERT INTO interacts VALUES(223566166966, 1, 'Jensen', 2010, 2655, 1);
INSERT INTO interacts VALUES(223566166966, 1, 'Smoothie', 3340, 2655, 1);
INSERT INTO interacts VALUES(223566166966, 1, 'NL', 3340, 2655, 1);
INSERT INTO interacts VALUES(223566166966, 1, 'SwordArt', 3302, 3010, 1);
INSERT INTO interacts VALUES(223566166966, 1, 'Smoothie', 2010, 3173, 1);
INSERT INTO interacts VALUES(223566166966, 1, 'Smoothie', 2010, 3333, 1);
INSERT INTO interacts VALUES(223566166966, 1, 'Smoothie', 2010, 3592, 1);
INSERT INTO interacts VALUES(223566166966, 1, 'Maple', 3340, 3818, 1);
INSERT INTO interacts VALUES(223566166966, 1, 'Maple', 3070, 182064, 1);
INSERT INTO interacts VALUES(223566166966, 1, 'Meteos', 3711, 210309, 1);
INSERT INTO interacts VALUES(223566166966, 1, 'Meteos', 2043, 210610, 1);
INSERT INTO interacts VALUES(223566166966, 1, 'Jensen', 1056, 216879, 1);
INSERT INTO interacts VALUES(223566166966, 1, 'Jensen', 2043, 217595, 1);
INSERT INTO interacts VALUES(223566166966, 1, 'MMD', 1028, 275132, 1);
INSERT INTO interacts VALUES(223566166966, 1, 'MMD', 1029, 288637, 1);
INSERT INTO interacts VALUES(223566166966, 1, 'Karsa', 3711, 308906, 1);
INSERT INTO interacts VALUES(223566166966, 1, 'Karsa', 1036, 309222, 1);
INSERT INTO interacts VALUES(223566166966, 1, 'Karsa', 2043, 309945, 1);
INSERT INTO interacts VALUES(223566166966, 1, 'Impact', 1036, 311653, 1);
INSERT INTO interacts VALUES(223566166966, 1, 'Impact', 1028, 312665, 1);
INSERT INTO interacts VALUES(223566166966, 1, 'Impact', 1036, 314970, 1);
INSERT INTO interacts VALUES(223566166966, 1, 'Impact', 2043, 315683, 1);
INSERT INTO interacts VALUES(223566166966, 1, 'Meteos', 3113, 349507, 1);
INSERT INTO interacts VALUES(223566166966, 1, 'Meteos', 1001, 351003, 1);
INSERT INTO interacts VALUES(223566166966, 1, 'Maple', 3010, 366849, 1);
INSERT INTO interacts VALUES(223566166966, 1, 'Jensen', 2010, 394682, 1);
INSERT INTO interacts VALUES(223566166966, 1, 'Jensen', 2010, 394772, 1);
INSERT INTO interacts VALUES(223566166966, 1, 'Sneaky', 3070, 446515, 1);
INSERT INTO interacts VALUES(223566166966, 1, 'Sneaky', 3057, 447365, 1);
INSERT INTO interacts VALUES(223566166966, 1, 'Sneaky', 2010, 447622, 1);
INSERT INTO interacts VALUES(223566166966, 1, 'Jensen', 3196, 457881, 1);
INSERT INTO interacts VALUES(223566166966, 1, 'NL', 1038, 461678, 1);
INSERT INTO interacts VALUES(223566166966, 1, 'NL', 1001, 462256, 1);
INSERT INTO interacts VALUES(223566166966, 1, 'NL', 1042, 463103, 1);
INSERT INTO interacts VALUES(223566166966, 1, 'NL', 2031, 464916, 1);
INSERT INTO interacts VALUES(223566166966, 1, 'NL', 2043, 465286, 1);
INSERT INTO interacts VALUES(223566166966, 1, 'SwordArt', 2049, 470016, 1);
INSERT INTO interacts VALUES(223566166966, 1, 'SwordArt', 1001, 470340, 1);
INSERT INTO interacts VALUES(223566166966, 1, 'SwordArt', 2043, 472193, 1);
INSERT INTO interacts VALUES(223566166966, 1, 'Maple', 1001, 479064, 1);
INSERT INTO interacts VALUES(223566166966, 1, 'Maple', 2043, 481095, 1);
INSERT INTO interacts VALUES(223566166966, 1, 'Smoothie', 2049, 481879, 1);
INSERT INTO interacts VALUES(223566166966, 1, 'Smoothie', 2043, 482398, 1);
INSERT INTO interacts VALUES(223566166966, 1, 'Smoothie', 2010, 482592, 1);
INSERT INTO interacts VALUES(223566166966, 1, 'Smoothie', 2010, 482755, 1);
INSERT INTO interacts VALUES(223566166966, 1, 'Smoothie', 3341, 483111, 1);
INSERT INTO interacts VALUES(223566166966, 1, 'MMD', 3751, 530798, 1);
INSERT INTO interacts VALUES(223566166966, 1, 'Meteos', 1410, 531967, 1);
INSERT INTO interacts VALUES(223566166966, 1, 'MMD', 1001, 532454, 1);
INSERT INTO interacts VALUES(223566166966, 1, 'Meteos', 2043, 533466, 1);
INSERT INTO interacts VALUES(223566166966, 1, 'Impact', 3044, 554454, 1);
INSERT INTO interacts VALUES(223566166966, 1, 'Impact', 3133, 555401, 1);
INSERT INTO interacts VALUES(223566166966, 1, 'Karsa', 1408, 561796, 1);
INSERT INTO interacts VALUES(223566166966, 1, 'Karsa', 2043, 562317, 1);
INSERT INTO interacts VALUES(223566166966, 1, 'Karsa', 2043, 562447, 1);
INSERT INTO interacts VALUES(223566166966, 1, 'Meteos', 3341, 634975, 1);
INSERT INTO interacts VALUES(223566166966, 1, 'Meteos', 3158, 640015, 1);
INSERT INTO interacts VALUES(223566166966, 1, 'SwordArt', 1028, 645072, 1);
INSERT INTO interacts VALUES(223566166966, 1, 'SwordArt', 2043, 646509, 1);
INSERT INTO interacts VALUES(223566166966, 1, 'SwordArt', 2010, 646779, 1);
INSERT INTO interacts VALUES(223566166966, 1, 'Maple', 3027, 699694, 1);
INSERT INTO interacts VALUES(223566166966, 1, 'Karsa', 1001, 699725, 1);
INSERT INTO interacts VALUES(223566166966, 1, 'Karsa', 1033, 699951, 1);
INSERT INTO interacts VALUES(223566166966, 1, 'Impact', 3071, 702448, 1);
INSERT INTO interacts VALUES(223566166966, 1, 'Impact', 2043, 703779, 1);
INSERT INTO interacts VALUES(223566166966, 1, 'Jensen', 3197, 722857, 1);
INSERT INTO interacts VALUES(223566166966, 1, 'Jensen', 1001, 723940, 1);
INSERT INTO interacts VALUES(223566166966, 1, 'Jensen', 2043, 724515, 1);
INSERT INTO interacts VALUES(223566166966, 1, 'Jensen', 3363, 726560, 1);
INSERT INTO interacts VALUES(223566166966, 1, 'MMD', 3047, 730362, 1);
INSERT INTO interacts VALUES(223566166966, 1, 'MMD', 1029, 731334, 1);
INSERT INTO interacts VALUES(223566166966, 1, 'MMD', 1028, 733253, 1);
INSERT INTO interacts VALUES(223566166966, 1, 'Sneaky', 3004, 774028, 1);
INSERT INTO interacts VALUES(223566166966, 1, 'Sneaky', 2043, 776007, 1);
INSERT INTO interacts VALUES(223566166966, 1, 'Smoothie', 3117, 788565, 1);
INSERT INTO interacts VALUES(223566166966, 1, 'Smoothie', 2043, 789214, 1);
INSERT INTO interacts VALUES(223566166966, 1, 'NL', 3086, 791073, 1);
INSERT INTO interacts VALUES(223566166966, 1, 'NL', 3006, 792694, 1);
INSERT INTO interacts VALUES(223566166966, 1, 'SwordArt', 3009, 793017, 1);
INSERT INTO interacts VALUES(223566166966, 1, 'NL', 1042, 793442, 1);
INSERT INTO interacts VALUES(223566166966, 1, 'SwordArt', 2043, 794150, 1);
INSERT INTO interacts VALUES(223566166966, 1, 'Smoothie', 2010, 794314, 1);
INSERT INTO interacts VALUES(223566166966, 1, 'SwordArt', 2010, 794478, 1);
INSERT INTO interacts VALUES(223566166966, 1, 'Karsa', 3111, 795550, 1);
INSERT INTO interacts VALUES(223566166966, 1, 'Karsa', 1028, 795907, 1);
INSERT INTO interacts VALUES(223566166966, 1, 'Karsa', 3364, 796213, 1);
INSERT INTO interacts VALUES(223566166966, 1, 'MMD', 1031, 808086, 1);
INSERT INTO interacts VALUES(223566166966, 1, 'Impact', 1028, 819223, 1);
INSERT INTO interacts VALUES(223566166966, 1, 'Impact', 1036, 819739, 1);
INSERT INTO interacts VALUES(223566166966, 1, 'Impact', 1001, 820487, 1);
INSERT INTO interacts VALUES(223566166966, 1, 'Sneaky', 1001, 832269, 1);
INSERT INTO interacts VALUES(223566166966, 1, 'Sneaky', 2010, 834342, 1);
INSERT INTO interacts VALUES(223566166966, 1, 'Sneaky', 2010, 834908, 1);
INSERT INTO interacts VALUES(223566166966, 1, 'Maple', 1057, 897049, 1);
INSERT INTO interacts VALUES(223566166966, 1, 'Maple', 1057, 897179, 1);
INSERT INTO interacts VALUES(223566166966, 1, 'Maple', 3158, 900351, 1);
INSERT INTO interacts VALUES(223566166966, 1, 'Maple', 1004, 901134, 1);
INSERT INTO interacts VALUES(223566166966, 1, 'Maple', 2043, 902666, 1);
INSERT INTO interacts VALUES(223566166966, 1, 'SwordArt', 2010, 909252, 0);
INSERT INTO interacts VALUES(223566166966, 1, 'SwordArt', 2045, 910549, 1);
INSERT INTO interacts VALUES(223566166966, 1, 'Meteos', 1058, 920254, 1);
INSERT INTO interacts VALUES(223566166966, 1, 'Meteos', 1028, 921081, 1);
INSERT INTO interacts VALUES(223566166966, 1, 'Meteos', 2043, 921566, 1);
INSERT INTO interacts VALUES(223566166966, 1, 'Meteos', 3364, 922633, 1);
INSERT INTO interacts VALUES(223566166966, 1, 'Jensen', 3198, 925659, 1);
INSERT INTO interacts VALUES(223566166966, 1, 'Jensen', 3158, 927539, 1);
INSERT INTO interacts VALUES(223566166966, 1, 'Impact', 3044, 944870, 1);
INSERT INTO interacts VALUES(223566166966, 1, 'Impact', 1036, 945519, 1);
INSERT INTO interacts VALUES(223566166966, 1, 'Impact', 3052, 949614, 1);
INSERT INTO interacts VALUES(223566166966, 1, 'Impact', 1028, 952890, 1);
INSERT INTO interacts VALUES(223566166966, 1, 'NL', 3085, 967329, 1);
INSERT INTO interacts VALUES(223566166966, 1, 'NL', 3363, 968527, 1);
INSERT INTO interacts VALUES(223566166966, 1, 'NL', 2043, 968947, 1);
INSERT INTO interacts VALUES(223566166966, 1, 'MMD', 3068, 983755, 1);
INSERT INTO interacts VALUES(223566166966, 1, 'MMD', 1033, 986005, 1);
INSERT INTO interacts VALUES(223566166966, 1, 'Smoothie', 2045, 1009944, 1);
INSERT INTO interacts VALUES(223566166966, 1, 'NL', 1042, 1068669, 1);
INSERT INTO interacts VALUES(223566166966, 1, 'SwordArt', 1028, 1071516, 1);
INSERT INTO interacts VALUES(223566166966, 1, 'SwordArt', 2043, 1071926, 1);
INSERT INTO interacts VALUES(223566166966, 1, 'Karsa', 3105, 1094663, 1);
INSERT INTO interacts VALUES(223566166966, 1, 'Karsa', 1028, 1094925, 1);
INSERT INTO interacts VALUES(223566166966, 1, 'Karsa', 2043, 1095996, 1);
INSERT INTO interacts VALUES(223566166966, 1, 'Karsa', 2043, 1096157, 1);
INSERT INTO interacts VALUES(223566166966, 1, 'Jensen', 2010, 1101643, 0);
INSERT INTO interacts VALUES(223566166966, 1, 'Jensen', 2010, 1101773, 0);
INSERT INTO interacts VALUES(223566166966, 1, 'Jensen', 1058, 1103437, 1);
INSERT INTO interacts VALUES(223566166966, 1, 'Jensen', 2043, 1104124, 1);
INSERT INTO interacts VALUES(223566166966, 1, 'Sneaky', 3158, 1118528, 1);
INSERT INTO interacts VALUES(223566166966, 1, 'Smoothie', 2043, 1118723, 1);
INSERT INTO interacts VALUES(223566166966, 1, 'Smoothie', 2043, 1118852, 1);
INSERT INTO interacts VALUES(223566166966, 1, 'Smoothie', 2010, 1119239, 1);
INSERT INTO interacts VALUES(223566166966, 1, 'Sneaky', 1036, 1120307, 1);
INSERT INTO interacts VALUES(223566166966, 1, 'Sneaky', 3363, 1121385, 1);
INSERT INTO interacts VALUES(223566166966, 1, 'Sneaky', 2043, 1121837, 1);
INSERT INTO interacts VALUES(223566166966, 1, 'Impact', 1011, 1129178, 1);
INSERT INTO interacts VALUES(223566166966, 1, 'Impact', 2043, 1131314, 1);
INSERT INTO interacts VALUES(223566166966, 1, 'MMD', 3211, 1137209, 1);
INSERT INTO interacts VALUES(223566166966, 1, 'MMD', 1028, 1138315, 1);
INSERT INTO interacts VALUES(223566166966, 1, 'MMD', 2043, 1139000, 1);
INSERT INTO interacts VALUES(223566166966, 1, 'SwordArt', 1033, 1203207, 1);
INSERT INTO interacts VALUES(223566166966, 1, 'Maple', 3001, 1203989, 1);
INSERT INTO interacts VALUES(223566166966, 1, 'Maple', 2043, 1204998, 1);
INSERT INTO interacts VALUES(223566166966, 1, 'SwordArt', 2043, 1209745, 1);
INSERT INTO interacts VALUES(223566166966, 1, 'Karsa', 3190, 1214256, 1);
INSERT INTO interacts VALUES(223566166966, 1, 'Impact', 3022, 1269721, 1);
INSERT INTO interacts VALUES(223566166966, 1, 'Smoothie', 3364, 1341450, 1);
INSERT INTO interacts VALUES(223566166966, 1, 'Smoothie', 2043, 1342487, 1);
INSERT INTO interacts VALUES(223566166966, 1, 'Smoothie', 2043, 1342616, 1);
INSERT INTO interacts VALUES(223566166966, 1, 'Meteos', 3116, 1343764, 1);
INSERT INTO interacts VALUES(223566166966, 1, 'Smoothie', 1028, 1344217, 1);
INSERT INTO interacts VALUES(223566166966, 1, 'Meteos', 1052, 1345121, 1);
INSERT INTO interacts VALUES(223566166966, 1, 'Meteos', 2043, 1345740, 1);
INSERT INTO interacts VALUES(223566166966, 1, 'Maple', 2031, 1348007, 0);
INSERT INTO interacts VALUES(223566166966, 1, 'Maple', 1058, 1349211, 1);
INSERT INTO interacts VALUES(223566166966, 1, 'SwordArt', 3364, 1349449, 1);
INSERT INTO interacts VALUES(223566166966, 1, 'Karsa', 1028, 1349763, 1);
INSERT INTO interacts VALUES(223566166966, 1, 'SwordArt', 3801, 1349859, 1);
INSERT INTO interacts VALUES(223566166966, 1, 'Karsa', 1029, 1350443, 1);
INSERT INTO interacts VALUES(223566166966, 1, 'Maple', 2003, 1350491, 1);
INSERT INTO interacts VALUES(223566166966, 1, 'SwordArt', 2043, 1350604, 1);
INSERT INTO interacts VALUES(223566166966, 1, 'SwordArt', 2043, 1350766, 1);
INSERT INTO interacts VALUES(223566166966, 1, 'Karsa', 2031, 1351268, 0);
INSERT INTO interacts VALUES(223566166966, 1, 'NL', 2031, 1351639, 0);
INSERT INTO interacts VALUES(223566166966, 1, 'NL', 1037, 1353036, 1);
INSERT INTO interacts VALUES(223566166966, 1, 'NL', 3086, 1354592, 1);
INSERT INTO interacts VALUES(223566166966, 1, 'Karsa', 2043, 1356830, 1);
INSERT INTO interacts VALUES(223566166966, 1, 'MMD', 3065, 1357811, 1);
INSERT INTO interacts VALUES(223566166966, 1, 'MMD', 1029, 1359591, 1);
INSERT INTO interacts VALUES(223566166966, 1, 'Jensen', 3116, 1376542, 1);
INSERT INTO interacts VALUES(223566166966, 1, 'Sneaky', 3101, 1379500, 1);
INSERT INTO interacts VALUES(223566166966, 1, 'Jensen', 1052, 1470447, 1);
INSERT INTO interacts VALUES(223566166966, 1, 'Sneaky', 3078, 1510927, 1);
INSERT INTO interacts VALUES(223566166966, 1, 'Smoothie', 2043, 1511515, 1);
INSERT INTO interacts VALUES(223566166966, 1, 'Smoothie', 2043, 1511646, 1);
INSERT INTO interacts VALUES(223566166966, 1, 'Smoothie', 2010, 1512621, 0);
INSERT INTO interacts VALUES(223566166966, 1, 'Smoothie', 1033, 1513643, 1);
INSERT INTO interacts VALUES(223566166966, 1, 'Smoothie', 3801, 1513924, 1);
INSERT INTO interacts VALUES(223566166966, 1, 'Sneaky', 2043, 1523953, 1);
INSERT INTO interacts VALUES(223566166966, 1, 'Meteos', 3028, 1524297, 1);
INSERT INTO interacts VALUES(223566166966, 1, 'Impact', 3111, 1525546, 1);
INSERT INTO interacts VALUES(223566166966, 1, 'Impact', 1033, 1537114, 1);
INSERT INTO interacts VALUES(223566166966, 1, 'Impact', 1029, 1537827, 1);
INSERT INTO interacts VALUES(223566166966, 1, 'Maple', 3003, 1540684, 1);
INSERT INTO interacts VALUES(223566166966, 1, 'Karsa', 3742, 1541793, 1);
INSERT INTO interacts VALUES(223566166966, 1, 'SwordArt', 3190, 1543285, 1);
INSERT INTO interacts VALUES(223566166966, 1, 'Maple', 1058, 1543285, 1);
INSERT INTO interacts VALUES(223566166966, 1, 'SwordArt', 2043, 1544328, 1);
INSERT INTO interacts VALUES(223566166966, 1, 'SwordArt', 2043, 1546415, 1);
INSERT INTO interacts VALUES(223566166966, 1, 'Maple', 2003, 1548332, 1);
INSERT INTO interacts VALUES(223566166966, 1, 'Maple', 2043, 1549924, 1);
INSERT INTO interacts VALUES(223566166966, 1, 'MMD', 1057, 1552083, 1);
INSERT INTO interacts VALUES(223566166966, 1, 'MMD', 1031, 1552409, 1);
INSERT INTO interacts VALUES(223566166966, 1, 'NL', 3031, 1557847, 1);
INSERT INTO interacts VALUES(223566166966, 1, 'NL', 2015, 1559258, 1);
INSERT INTO interacts VALUES(223566166966, 1, 'MMD', 3026, 1626342, 1);
INSERT INTO interacts VALUES(223566166966, 1, 'MMD', 2043, 1645553, 1);
INSERT INTO interacts VALUES(223566166966, 1, 'Karsa', 1011, 1670402, 1);
INSERT INTO interacts VALUES(223566166966, 1, 'NL', 3094, 1674167, 1);
INSERT INTO interacts VALUES(223566166966, 1, 'NL', 1036, 1675142, 1);
INSERT INTO interacts VALUES(223566166966, 1, 'Smoothie', 3105, 1682457, 1);
INSERT INTO interacts VALUES(223566166966, 1, 'Smoothie', 1028, 1683073, 1);
INSERT INTO interacts VALUES(223566166966, 1, 'Jensen', 1056, 1688011, 0);
INSERT INTO interacts VALUES(223566166966, 1, 'Jensen', 1026, 1689348, 1);
INSERT INTO interacts VALUES(223566166966, 1, 'Meteos', 3174, 1691004, 1);
INSERT INTO interacts VALUES(223566166966, 1, 'Impact', 1057, 1692369, 1);
INSERT INTO interacts VALUES(223566166966, 1, 'Impact', 1031, 1693279, 1);
INSERT INTO interacts VALUES(223566166966, 1, 'Sneaky', 1037, 1699228, 1);
INSERT INTO interacts VALUES(223566166966, 1, 'Sneaky', 3035, 1711787, 1);
INSERT INTO interacts VALUES(223566166966, 1, 'Jensen', 3135, 1742629, 1);
INSERT INTO interacts VALUES(223566166966, 1, 'Jensen', 2043, 1748277, 1);
INSERT INTO interacts VALUES(223566166966, 1, 'Impact', 3026, 1797459, 1);
INSERT INTO interacts VALUES(223566166966, 1, 'MMD', 3057, 1839502, 1);
INSERT INTO interacts VALUES(223566166966, 1, 'NL', 1036, 1840019, 0);
INSERT INTO interacts VALUES(223566166966, 1, 'NL', 1038, 1841476, 1);
INSERT INTO interacts VALUES(223566166966, 1, 'MMD', 2033, 1841574, 0);
INSERT INTO interacts VALUES(223566166966, 1, 'Karsa', 3082, 1841672, 1);
INSERT INTO interacts VALUES(223566166966, 1, 'Maple', 3089, 1841705, 1);
INSERT INTO interacts VALUES(223566166966, 1, 'MMD', 2043, 1841770, 1);
INSERT INTO interacts VALUES(223566166966, 1, 'MMD', 2043, 1841931, 1);
INSERT INTO interacts VALUES(223566166966, 1, 'SwordArt', 3067, 1842713, 1);
INSERT INTO interacts VALUES(223566166966, 1, 'Smoothie', 3067, 1843301, 1);
INSERT INTO interacts VALUES(223566166966, 1, 'SwordArt', 3114, 1843999, 1);
INSERT INTO interacts VALUES(223566166966, 1, 'Smoothie', 2043, 1844047, 1);
INSERT INTO interacts VALUES(223566166966, 1, 'SwordArt', 2043, 1844966, 1);
INSERT INTO interacts VALUES(223566166966, 1, 'SwordArt', 2043, 1845129, 1);
INSERT INTO interacts VALUES(223566166966, 1, 'Smoothie', 2043, 1845778, 1);
INSERT INTO interacts VALUES(223566166966, 1, 'Jensen', 1058, 1922911, 1);
INSERT INTO interacts VALUES(223566166966, 1, 'Smoothie', 3190, 1929439, 1);
INSERT INTO interacts VALUES(223566166966, 1, 'Sneaky', 3036, 1931127, 1);
INSERT INTO interacts VALUES(223566166966, 1, 'SwordArt', 2043, 1939221, 1);
INSERT INTO interacts VALUES(223566166966, 1, 'SwordArt', 2043, 1939386, 1);
INSERT INTO interacts VALUES(223566166966, 1, 'Karsa', 2138, 1943279, 1);
INSERT INTO interacts VALUES(223566166966, 1, 'NL', 1055, 1944807, 0);
INSERT INTO interacts VALUES(223566166966, 1, 'NL', 1053, 1946110, 1);
INSERT INTO interacts VALUES(223566166966, 1, 'Sneaky', 2043, 1980847, 1);
INSERT INTO interacts VALUES(223566166966, 1, 'Meteos', 1026, 2007435, 1);
INSERT INTO interacts VALUES(223566166966, 1, 'Meteos', 2031, 2008480, 0);
INSERT INTO interacts VALUES(223566166966, 1, 'Meteos', 1052, 2009295, 1);
INSERT INTO interacts VALUES(223566166966, 1, 'Smoothie', 1028, 2055722, 1);
INSERT INTO interacts VALUES(223566166966, 1, 'Jensen', 2139, 2068152, 1);
INSERT INTO interacts VALUES(223566166966, 1, 'MMD', 3025, 2112851, 1);
INSERT INTO interacts VALUES(223566166966, 1, 'MMD', 2043, 2113907, 1);
INSERT INTO interacts VALUES(223566166966, 1, 'SwordArt', 3222, 2114423, 1);
INSERT INTO interacts VALUES(223566166966, 1, 'NL', 3072, 2114783, 1);
INSERT INTO interacts VALUES(223566166966, 1, 'SwordArt', 2043, 2115562, 1);
INSERT INTO interacts VALUES(223566166966, 1, 'Smoothie', 3067, 2116144, 1);
INSERT INTO interacts VALUES(223566166966, 1, 'NL', 2043, 2116228, 1);
INSERT INTO interacts VALUES(223566166966, 1, 'Maple', 1026, 2118065, 1);
INSERT INTO interacts VALUES(223566166966, 1, 'Maple', 2139, 2118354, 1);
INSERT INTO interacts VALUES(223566166966, 1, 'Karsa', 3143, 2118582, 1);
INSERT INTO interacts VALUES(223566166966, 1, 'Karsa', 2043, 2119008, 1);
INSERT INTO interacts VALUES(223566166966, 1, 'Karsa', 2043, 2119140, 1);
INSERT INTO interacts VALUES(223566166966, 1, 'Impact', 1011, 2160248, 1);
INSERT INTO interacts VALUES(223566166966, 1, 'Sneaky', 1043, 2161402, 1);
INSERT INTO interacts VALUES(223566166966, 1, 'Impact', 3075, 2162703, 1);
INSERT INTO interacts VALUES(223566166966, 1, 'Impact', 1055, 2228706, 0);
INSERT INTO interacts VALUES(223566166966, 1, 'Impact', 1033, 2230889, 1);
INSERT INTO interacts VALUES(223566166966, 1, 'MMD', 1011, 2257333, 1);
INSERT INTO interacts VALUES(223566166966, 1, 'Karsa', 2043, 2263090, 1);
INSERT INTO interacts VALUES(223566166966, 1, 'Karsa', 2138, 2263478, 1);
INSERT INTO interacts VALUES(223566166966, 1, 'Maple', 3135, 2270486, 1);
INSERT INTO interacts VALUES(223566166966, 1, 'Smoothie', 2043, 2273227, 1);
INSERT INTO interacts VALUES(223566166966, 1, 'Smoothie', 3097, 2274276, 1);
INSERT INTO interacts VALUES(223566166966, 1, 'Meteos', 3135, 2278968, 1);
INSERT INTO interacts VALUES(223566166966, 1, 'Meteos', 2043, 2279647, 1);
INSERT INTO interacts VALUES(223566166966, 1, 'NL', 3140, 2283706, 1);
INSERT INTO interacts VALUES(223566166966, 1, 'SwordArt', 3302, 2288672, 0);
INSERT INTO interacts VALUES(223566166966, 1, 'SwordArt', 3096, 2289707, 1);
INSERT INTO interacts VALUES(223566166966, 1, 'Jensen', 3285, 2321803, 1);
INSERT INTO series VALUES(857489472514, 1);
INSERT INTO organizes VALUES('world_championship_2016', 857489472514, 'group_b - SKT-vs-IM');
INSERT INTO competes VALUES(857489472514, 'SKT', 1);
INSERT INTO competes VALUES(857489472514, 'IM', 0);
INSERT INTO matches VALUES(857489472514, 1, '2016-10-09');
INSERT INTO scores VALUES('SKT', 857489472514, 1, 2, 10, 0, 1, 5, 1);
INSERT INTO scores VALUES('IM', 857489472514, 1, 0, 3, 0, 1, 0, 0);
INSERT INTO bans VALUES(857489472514, 1, 12, 1);
INSERT INTO bans VALUES(857489472514, 1, 136, 3);
INSERT INTO bans VALUES(857489472514, 1, 8, 5);
INSERT INTO bans VALUES(857489472514, 1, 13, 2);
INSERT INTO bans VALUES(857489472514, 1, 76, 4);
INSERT INTO bans VALUES(857489472514, 1, 134, 6);
INSERT INTO plays VALUES(857489472514, 1, 'Duke', 126, 'top', 4, 2, 6, 24040, 20, 3, 386, 6, 0, 18818);
INSERT INTO plays VALUES(857489472514, 1, 'Blank', 2, 'jungle', 4, 3, 8, 13794, 36, 13, 48, 100, 26, 16490);
INSERT INTO plays VALUES(857489472514, 1, 'Faker', 110, 'mid', 3, 1, 9, 43071, 25, 9, 320, 18, 8, 17811);
INSERT INTO plays VALUES(857489472514, 1, 'Bang', 51, 'adc', 4, 2, 4, 24517, 20, 20, 406, 43, 9, 20941);
INSERT INTO plays VALUES(857489472514, 1, 'Wolf', 43, 'support', 1, 2, 11, 7607, 62, 33, 35, 0, 0, 12418);
INSERT INTO plays VALUES(857489472514, 1, 'AmazingJ', 111, 'top', 1, 4, 7, 13707, 25, 7, 302, 13, 0, 14555);
INSERT INTO plays VALUES(857489472514, 1, 'Avoidless', 121, 'jungle', 4, 4, 3, 13533, 28, 13, 59, 98, 7, 14499);
INSERT INTO plays VALUES(857489472514, 1, 'Athena', 69, 'mid', 1, 4, 3, 21238, 25, 10, 377, 46, 0, 17411);
INSERT INTO plays VALUES(857489472514, 1, 'Jinjiao', 202, 'adc', 4, 2, 2, 18314, 13, 11, 279, 16, 0, 14804);
INSERT INTO plays VALUES(857489472514, 1, 'Road', 432, 'support', 0, 2, 5, 6564, 68, 33, 52, 1, 0, 10984);
INSERT INTO interacts VALUES(857489472514, 1, 'Wolf', 3303, 1544, 1);
INSERT INTO interacts VALUES(857489472514, 1, 'Road', 3303, 1544, 1);
INSERT INTO interacts VALUES(857489472514, 1, 'Wolf', 2010, 1739, 1);
INSERT INTO interacts VALUES(857489472514, 1, 'Road', 2010, 1772, 1);
INSERT INTO interacts VALUES(857489472514, 1, 'Jinjiao', 1055, 1842, 1);
INSERT INTO interacts VALUES(857489472514, 1, 'Blank', 1039, 1842, 1);
INSERT INTO interacts VALUES(857489472514, 1, 'Wolf', 2010, 1870, 1);
INSERT INTO interacts VALUES(857489472514, 1, 'Road', 2010, 1901, 1);
INSERT INTO interacts VALUES(857489472514, 1, 'Wolf', 2010, 2030, 1);
INSERT INTO interacts VALUES(857489472514, 1, 'AmazingJ', 2033, 2030, 1);
INSERT INTO interacts VALUES(857489472514, 1, 'Road', 2010, 2030, 1);
INSERT INTO interacts VALUES(857489472514, 1, 'Jinjiao', 2010, 2101, 1);
INSERT INTO interacts VALUES(857489472514, 1, 'Athena', 1056, 2101, 1);
INSERT INTO interacts VALUES(857489472514, 1, 'Duke', 1055, 2128, 1);
INSERT INTO interacts VALUES(857489472514, 1, 'Blank', 3340, 2161, 1);
INSERT INTO interacts VALUES(857489472514, 1, 'Wolf', 3340, 2193, 1);
INSERT INTO interacts VALUES(857489472514, 1, 'Road', 3340, 2226, 1);
INSERT INTO interacts VALUES(857489472514, 1, 'Jinjiao', 3340, 2322, 1);
INSERT INTO interacts VALUES(857489472514, 1, 'Athena', 3340, 2322, 1);
INSERT INTO interacts VALUES(857489472514, 1, 'Duke', 2003, 2364, 1);
INSERT INTO interacts VALUES(857489472514, 1, 'Duke', 3340, 2581, 1);
INSERT INTO interacts VALUES(857489472514, 1, 'Athena', 2003, 2619, 1);
INSERT INTO interacts VALUES(857489472514, 1, 'AmazingJ', 3340, 2678, 1);
INSERT INTO interacts VALUES(857489472514, 1, 'Athena', 2003, 2774, 1);
INSERT INTO interacts VALUES(857489472514, 1, 'Blank', 2031, 3196, 1);
INSERT INTO interacts VALUES(857489472514, 1, 'Bang', 1055, 3843, 1);
INSERT INTO interacts VALUES(857489472514, 1, 'Bang', 3340, 4329, 1);
INSERT INTO interacts VALUES(857489472514, 1, 'Bang', 2010, 4782, 1);
INSERT INTO interacts VALUES(857489472514, 1, 'Avoidless', 1039, 5138, 1);
INSERT INTO interacts VALUES(857489472514, 1, 'Avoidless', 3340, 5656, 1);
INSERT INTO interacts VALUES(857489472514, 1, 'AmazingJ', 1056, 5690, 1);
INSERT INTO interacts VALUES(857489472514, 1, 'AmazingJ', 3340, 6273, 1);
INSERT INTO interacts VALUES(857489472514, 1, 'AmazingJ', 2003, 6726, 1);
INSERT INTO interacts VALUES(857489472514, 1, 'AmazingJ', 2003, 6856, 1);
INSERT INTO interacts VALUES(857489472514, 1, 'Faker', 2033, 7211, 1);
INSERT INTO interacts VALUES(857489472514, 1, 'Faker', 3340, 7666, 1);
INSERT INTO interacts VALUES(857489472514, 1, 'Avoidless', 2031, 7991, 1);
INSERT INTO interacts VALUES(857489472514, 1, 'Duke', 1055, 259892, 1);
INSERT INTO interacts VALUES(857489472514, 1, 'Duke', 1036, 260317, 1);
INSERT INTO interacts VALUES(857489472514, 1, 'AmazingJ', 1056, 263888, 1);
INSERT INTO interacts VALUES(857489472514, 1, 'AmazingJ', 1029, 264390, 1);
INSERT INTO interacts VALUES(857489472514, 1, 'Duke', 2003, 265639, 1);
INSERT INTO interacts VALUES(857489472514, 1, 'Blank', 3158, 273603, 1);
INSERT INTO interacts VALUES(857489472514, 1, 'Blank', 2043, 275156, 1);
INSERT INTO interacts VALUES(857489472514, 1, 'Avoidless', 2032, 282825, 1);
INSERT INTO interacts VALUES(857489472514, 1, 'Avoidless', 1036, 283923, 1);
INSERT INTO interacts VALUES(857489472514, 1, 'Avoidless', 1036, 284181, 1);
INSERT INTO interacts VALUES(857489472514, 1, 'Athena', 3070, 361212, 1);
INSERT INTO interacts VALUES(857489472514, 1, 'Athena', 1056, 363577, 1);
INSERT INTO interacts VALUES(857489472514, 1, 'Athena', 2043, 364288, 1);
INSERT INTO interacts VALUES(857489472514, 1, 'Athena', 2003, 364869, 1);
INSERT INTO interacts VALUES(857489472514, 1, 'Athena', 2003, 365037, 1);
INSERT INTO interacts VALUES(857489472514, 1, 'Jinjiao', 3134, 373711, 1);
INSERT INTO interacts VALUES(857489472514, 1, 'Jinjiao', 2010, 374750, 1);
INSERT INTO interacts VALUES(857489472514, 1, 'Faker', 3070, 383263, 1);
INSERT INTO interacts VALUES(857489472514, 1, 'Faker', 1036, 384751, 1);
INSERT INTO interacts VALUES(857489472514, 1, 'Faker', 1001, 385114, 1);
INSERT INTO interacts VALUES(857489472514, 1, 'Faker', 2043, 386182, 1);
INSERT INTO interacts VALUES(857489472514, 1, 'Wolf', 2049, 395616, 1);
INSERT INTO interacts VALUES(857489472514, 1, 'Wolf', 3341, 396317, 1);
INSERT INTO interacts VALUES(857489472514, 1, 'Wolf', 2043, 396704, 1);
INSERT INTO interacts VALUES(857489472514, 1, 'Wolf', 2010, 396933, 1);
INSERT INTO interacts VALUES(857489472514, 1, 'Bang', 1038, 398294, 1);
INSERT INTO interacts VALUES(857489472514, 1, 'Bang', 1042, 399850, 1);
INSERT INTO interacts VALUES(857489472514, 1, 'Bang', 2043, 400854, 1);
INSERT INTO interacts VALUES(857489472514, 1, 'Road', 2049, 406363, 1);
INSERT INTO interacts VALUES(857489472514, 1, 'Road', 3341, 407143, 1);
INSERT INTO interacts VALUES(857489472514, 1, 'Road', 2043, 407403, 1);
INSERT INTO interacts VALUES(857489472514, 1, 'AmazingJ', 1028, 415427, 1);
INSERT INTO interacts VALUES(857489472514, 1, 'AmazingJ', 1001, 415753, 1);
INSERT INTO interacts VALUES(857489472514, 1, 'AmazingJ', 2003, 417730, 1);
INSERT INTO interacts VALUES(857489472514, 1, 'AmazingJ', 2003, 417859, 1);
INSERT INTO interacts VALUES(857489472514, 1, 'Duke', 3044, 429409, 1);
INSERT INTO interacts VALUES(857489472514, 1, 'Duke', 2043, 431003, 1);
INSERT INTO interacts VALUES(857489472514, 1, 'Blank', 2032, 436887, 1);
INSERT INTO interacts VALUES(857489472514, 1, 'Blank', 1028, 438901, 1);
INSERT INTO interacts VALUES(857489472514, 1, 'Blank', 1028, 440947, 1);
INSERT INTO interacts VALUES(857489472514, 1, 'Blank', 2043, 442537, 1);
INSERT INTO interacts VALUES(857489472514, 1, 'Avoidless', 3715, 457997, 1);
INSERT INTO interacts VALUES(857489472514, 1, 'Avoidless', 1001, 459911, 1);
INSERT INTO interacts VALUES(857489472514, 1, 'Athena', 1052, 568863, 1);
INSERT INTO interacts VALUES(857489472514, 1, 'Athena', 1029, 570182, 1);
INSERT INTO interacts VALUES(857489472514, 1, 'Athena', 2043, 573100, 1);
INSERT INTO interacts VALUES(857489472514, 1, 'Avoidless', 3133, 586452, 1);
INSERT INTO interacts VALUES(857489472514, 1, 'Blank', 3751, 594666, 1);
INSERT INTO interacts VALUES(857489472514, 1, 'Blank', 3711, 600692, 1);
INSERT INTO interacts VALUES(857489472514, 1, 'Blank', 3751, 603121, 1);
INSERT INTO interacts VALUES(857489472514, 1, 'Blank', 3067, 605078, 1);
INSERT INTO interacts VALUES(857489472514, 1, 'Avoidless', 1412, 612278, 1);
INSERT INTO interacts VALUES(857489472514, 1, 'Road', 1001, 653644, 1);
INSERT INTO interacts VALUES(857489472514, 1, 'Road', 2043, 654453, 1);
INSERT INTO interacts VALUES(857489472514, 1, 'Road', 2010, 654713, 1);
INSERT INTO interacts VALUES(857489472514, 1, 'Road', 2010, 654856, 1);
INSERT INTO interacts VALUES(857489472514, 1, 'Road', 2010, 654942, 1);
INSERT INTO interacts VALUES(857489472514, 1, 'Faker', 3134, 659443, 1);
INSERT INTO interacts VALUES(857489472514, 1, 'Faker', 3133, 660581, 1);
INSERT INTO interacts VALUES(857489472514, 1, 'Duke', 3133, 661136, 1);
INSERT INTO interacts VALUES(857489472514, 1, 'Faker', 2043, 661718, 1);
INSERT INTO interacts VALUES(857489472514, 1, 'Duke', 2031, 662045, 1);
INSERT INTO interacts VALUES(857489472514, 1, 'AmazingJ', 3751, 666298, 1);
INSERT INTO interacts VALUES(857489472514, 1, 'AmazingJ', 3047, 667789, 1);
INSERT INTO interacts VALUES(857489472514, 1, 'Blank', 2043, 668351, 1);
INSERT INTO interacts VALUES(857489472514, 1, 'AmazingJ', 1029, 669283, 1);
INSERT INTO interacts VALUES(857489472514, 1, 'AmazingJ', 2031, 669868, 1);
INSERT INTO interacts VALUES(857489472514, 1, 'Avoidless', 1029, 671007, 1);
INSERT INTO interacts VALUES(857489472514, 1, 'Avoidless', 2043, 674848, 1);
INSERT INTO interacts VALUES(857489472514, 1, 'Athena', 3191, 686216, 1);
INSERT INTO interacts VALUES(857489472514, 1, 'Athena', 2043, 687333, 1);
INSERT INTO interacts VALUES(857489472514, 1, 'Athena', 2031, 687806, 1);
INSERT INTO interacts VALUES(857489472514, 1, 'Bang', 3006, 696857, 1);
INSERT INTO interacts VALUES(857489472514, 1, 'Bang', 1037, 698585, 1);
INSERT INTO interacts VALUES(857489472514, 1, 'Bang', 2031, 698909, 1);
INSERT INTO interacts VALUES(857489472514, 1, 'Wolf', 3158, 700922, 1);
INSERT INTO interacts VALUES(857489472514, 1, 'Bang', 2010, 701539, 1);
INSERT INTO interacts VALUES(857489472514, 1, 'Jinjiao', 3133, 701704, 1);
INSERT INTO interacts VALUES(857489472514, 1, 'Bang', 2043, 701736, 1);
INSERT INTO interacts VALUES(857489472514, 1, 'Jinjiao', 1001, 702402, 1);
INSERT INTO interacts VALUES(857489472514, 1, 'Wolf', 2010, 702711, 1);
INSERT INTO interacts VALUES(857489472514, 1, 'Jinjiao', 1036, 702937, 1);
INSERT INTO interacts VALUES(857489472514, 1, 'Jinjiao', 2010, 704009, 1);
INSERT INTO interacts VALUES(857489472514, 1, 'Avoidless', 3047, 774253, 1);
INSERT INTO interacts VALUES(857489472514, 1, 'Road', 3009, 781509, 1);
INSERT INTO interacts VALUES(857489472514, 1, 'Duke', 3071, 800144, 1);
INSERT INTO interacts VALUES(857489472514, 1, 'Duke', 1001, 803105, 1);
INSERT INTO interacts VALUES(857489472514, 1, 'Wolf', 1028, 826177, 1);
INSERT INTO interacts VALUES(857489472514, 1, 'Wolf', 2043, 827113, 1);
INSERT INTO interacts VALUES(857489472514, 1, 'Wolf', 2010, 827326, 1);
INSERT INTO interacts VALUES(857489472514, 1, 'Avoidless', 1036, 863696, 1);
INSERT INTO interacts VALUES(857489472514, 1, 'Road', 2043, 864831, 1);
INSERT INTO interacts VALUES(857489472514, 1, 'Duke', 1036, 865219, 1);
INSERT INTO interacts VALUES(857489472514, 1, 'Bang', 3031, 870193, 1);
INSERT INTO interacts VALUES(857489472514, 1, 'Bang', 3363, 871978, 1);
INSERT INTO interacts VALUES(857489472514, 1, 'Bang', 1051, 874171, 1);
INSERT INTO interacts VALUES(857489472514, 1, 'Faker', 3142, 893322, 1);
INSERT INTO interacts VALUES(857489472514, 1, 'Faker', 3158, 895112, 1);
INSERT INTO interacts VALUES(857489472514, 1, 'Faker', 1036, 896412, 1);
INSERT INTO interacts VALUES(857489472514, 1, 'Faker', 2043, 896772, 1);
INSERT INTO interacts VALUES(857489472514, 1, 'AmazingJ', 3068, 900308, 1);
INSERT INTO interacts VALUES(857489472514, 1, 'AmazingJ', 2043, 901122, 1);
INSERT INTO interacts VALUES(857489472514, 1, 'Blank', 1409, 904505, 1);
INSERT INTO interacts VALUES(857489472514, 1, 'Blank', 3364, 905639, 1);
INSERT INTO interacts VALUES(857489472514, 1, 'Athena', 1058, 907497, 1);
INSERT INTO interacts VALUES(857489472514, 1, 'Blank', 1033, 909380, 1);
INSERT INTO interacts VALUES(857489472514, 1, 'Blank', 2043, 910454, 1);
INSERT INTO interacts VALUES(857489472514, 1, 'Jinjiao', 3142, 911560, 1);
INSERT INTO interacts VALUES(857489472514, 1, 'Jinjiao', 3363, 913348, 1);
INSERT INTO interacts VALUES(857489472514, 1, 'Avoidless', 3133, 1006363, 1);
INSERT INTO interacts VALUES(857489472514, 1, 'Avoidless', 2043, 1007671, 1);
INSERT INTO interacts VALUES(857489472514, 1, 'Road', 3098, 1010017, 1);
INSERT INTO interacts VALUES(857489472514, 1, 'Road', 2043, 1010293, 1);
INSERT INTO interacts VALUES(857489472514, 1, 'Road', 2010, 1010542, 1);
INSERT INTO interacts VALUES(857489472514, 1, 'Road', 2010, 1010651, 1);
INSERT INTO interacts VALUES(857489472514, 1, 'Road', 2010, 1010794, 1);
INSERT INTO interacts VALUES(857489472514, 1, 'Blank', 3211, 1061437, 1);
INSERT INTO interacts VALUES(857489472514, 1, 'Wolf', 2045, 1061632, 1);
INSERT INTO interacts VALUES(857489472514, 1, 'AmazingJ', 1028, 1062705, 1);
INSERT INTO interacts VALUES(857489472514, 1, 'Wolf', 1052, 1063324, 1);
INSERT INTO interacts VALUES(857489472514, 1, 'Wolf', 2043, 1064008, 1);
INSERT INTO interacts VALUES(857489472514, 1, 'Wolf', 2043, 1064136, 1);
INSERT INTO interacts VALUES(857489472514, 1, 'Bang', 3086, 1065692, 1);
INSERT INTO interacts VALUES(857489472514, 1, 'Bang', 1042, 1065918, 1);
INSERT INTO interacts VALUES(857489472514, 1, 'Bang', 1042, 1066048, 1);
INSERT INTO interacts VALUES(857489472514, 1, 'Wolf', 2031, 1067511, 1);
INSERT INTO interacts VALUES(857489472514, 1, 'Athena', 2031, 1079894, 0);
INSERT INTO interacts VALUES(857489472514, 1, 'Athena', 1011, 1081384, 1);
INSERT INTO interacts VALUES(857489472514, 1, 'Duke', 2031, 1092969, 0);
INSERT INTO interacts VALUES(857489472514, 1, 'Jinjiao', 3009, 1094397, 1);
INSERT INTO interacts VALUES(857489472514, 1, 'Duke', 3155, 1095758, 1);
INSERT INTO interacts VALUES(857489472514, 1, 'Jinjiao', 1036, 1096510, 1);
INSERT INTO interacts VALUES(857489472514, 1, 'Duke', 1036, 1097152, 1);
INSERT INTO interacts VALUES(857489472514, 1, 'Jinjiao', 2010, 1098161, 1);
INSERT INTO interacts VALUES(857489472514, 1, 'Faker', 1037, 1106352, 1);
INSERT INTO interacts VALUES(857489472514, 1, 'AmazingJ', 1011, 1152518, 1);
INSERT INTO interacts VALUES(857489472514, 1, 'Road', 2301, 1155869, 1);
INSERT INTO interacts VALUES(857489472514, 1, 'Duke', 3134, 1164021, 1);
INSERT INTO interacts VALUES(857489472514, 1, 'Bang', 3085, 1244176, 1);
INSERT INTO interacts VALUES(857489472514, 1, 'Road', 3364, 1252670, 1);
INSERT INTO interacts VALUES(857489472514, 1, 'Road', 1033, 1254660, 1);
INSERT INTO interacts VALUES(857489472514, 1, 'Wolf', 3113, 1256656, 1);
INSERT INTO interacts VALUES(857489472514, 1, 'Wolf', 2043, 1257829, 1);
INSERT INTO interacts VALUES(857489472514, 1, 'Wolf', 2043, 1257956, 1);
INSERT INTO interacts VALUES(857489472514, 1, 'Avoidless', 3044, 1260559, 1);
INSERT INTO interacts VALUES(857489472514, 1, 'Athena', 3116, 1261712, 1);
INSERT INTO interacts VALUES(857489472514, 1, 'Jinjiao', 2010, 1263565, 0);
INSERT INTO interacts VALUES(857489472514, 1, 'Faker', 3004, 1266063, 1);
INSERT INTO interacts VALUES(857489472514, 1, 'Athena', 2043, 1266454, 1);
INSERT INTO interacts VALUES(857489472514, 1, 'Jinjiao', 1038, 1266550, 1);
INSERT INTO interacts VALUES(857489472514, 1, 'Bang', 1042, 1268920, 1);
INSERT INTO interacts VALUES(857489472514, 1, 'Faker', 1053, 1276174, 1);
INSERT INTO interacts VALUES(857489472514, 1, 'Faker', 2043, 1277084, 1);
INSERT INTO interacts VALUES(857489472514, 1, 'Blank', 3065, 1285956, 1);
INSERT INTO interacts VALUES(857489472514, 1, 'Blank', 1029, 1287193, 1);
INSERT INTO interacts VALUES(857489472514, 1, 'Blank', 2043, 1288199, 1);
INSERT INTO interacts VALUES(857489472514, 1, 'Faker', 3363, 1288751, 1);
INSERT INTO interacts VALUES(857489472514, 1, 'Blank', 2043, 1289046, 1);
INSERT INTO interacts VALUES(857489472514, 1, 'AmazingJ', 2031, 1327688, 0);
INSERT INTO interacts VALUES(857489472514, 1, 'AmazingJ', 3024, 1328993, 1);
INSERT INTO interacts VALUES(857489472514, 1, 'Athena', 3108, 1362478, 1);
INSERT INTO interacts VALUES(857489472514, 1, 'Wolf', 2031, 1410057, 0);
INSERT INTO interacts VALUES(857489472514, 1, 'Wolf', 3364, 1412394, 1);
INSERT INTO interacts VALUES(857489472514, 1, 'Road', 1028, 1417102, 1);
INSERT INTO interacts VALUES(857489472514, 1, 'Road', 2043, 1418463, 1);
INSERT INTO interacts VALUES(857489472514, 1, 'Road', 2043, 1418592, 1);
INSERT INTO interacts VALUES(857489472514, 1, 'Wolf', 3114, 1418695, 1);
INSERT INTO interacts VALUES(857489472514, 1, 'Avoidless', 3071, 1427879, 1);
INSERT INTO interacts VALUES(857489472514, 1, 'Avoidless', 2043, 1428657, 1);
INSERT INTO interacts VALUES(857489472514, 1, 'Blank', 3082, 1436255, 1);
INSERT INTO interacts VALUES(857489472514, 1, 'Duke', 3156, 1438999, 1);
INSERT INTO interacts VALUES(857489472514, 1, 'Duke', 1036, 1441314, 1);
INSERT INTO interacts VALUES(857489472514, 1, 'Jinjiao', 3147, 1442571, 1);
INSERT INTO interacts VALUES(857489472514, 1, 'Jinjiao', 2043, 1443416, 1);
INSERT INTO interacts VALUES(857489472514, 1, 'Jinjiao', 2010, 1444229, 1);
INSERT INTO interacts VALUES(857489472514, 1, 'Faker', 1038, 1474897, 1);
INSERT INTO interacts VALUES(857489472514, 1, 'Wolf', 2043, 1481135, 1);
INSERT INTO interacts VALUES(857489472514, 1, 'Wolf', 2043, 1481263, 1);
INSERT INTO interacts VALUES(857489472514, 1, 'AmazingJ', 1056, 1485711, 0);
INSERT INTO interacts VALUES(857489472514, 1, 'AmazingJ', 3082, 1488210, 1);
INSERT INTO interacts VALUES(857489472514, 1, 'Bang', 3086, 1493026, 1);
INSERT INTO interacts VALUES(857489472514, 1, 'Bang', 1042, 1494131, 1);
INSERT INTO interacts VALUES(857489472514, 1, 'Duke', 1055, 1498350, 0);
INSERT INTO interacts VALUES(857489472514, 1, 'Duke', 1037, 1499882, 1);
INSERT INTO interacts VALUES(857489472514, 1, 'Road', 3801, 1551070, 1);
INSERT INTO interacts VALUES(857489472514, 1, 'Road', 2043, 1551641, 1);
INSERT INTO interacts VALUES(857489472514, 1, 'Road', 2043, 1551774, 1);
INSERT INTO interacts VALUES(857489472514, 1, 'Road', 2010, 1552639, 1);
INSERT INTO interacts VALUES(857489472514, 1, 'Duke', 3035, 1559936, 1);
INSERT INTO interacts VALUES(857489472514, 1, 'Avoidless', 1011, 1584495, 1);
INSERT INTO interacts VALUES(857489472514, 1, 'Blank', 2032, 1584746, 0);
INSERT INTO interacts VALUES(857489472514, 1, 'Avoidless', 2043, 1587229, 1);
INSERT INTO interacts VALUES(857489472514, 1, 'Blank', 1011, 1588336, 1);
INSERT INTO interacts VALUES(857489472514, 1, 'Athena', 1056, 1596975, 0);
INSERT INTO interacts VALUES(857489472514, 1, 'Athena', 3165, 1598106, 1);
INSERT INTO interacts VALUES(857489472514, 1, 'AmazingJ', 3143, 1601370, 1);
INSERT INTO interacts VALUES(857489472514, 1, 'AmazingJ', 2043, 1603195, 1);
INSERT INTO interacts VALUES(857489472514, 1, 'Bang', 3094, 1627852, 1);
INSERT INTO interacts VALUES(857489472514, 1, 'Bang', 2043, 1628937, 1);
INSERT INTO interacts VALUES(857489472514, 1, 'Road', 3105, 1721870, 1);
INSERT INTO interacts VALUES(857489472514, 1, 'Road', 2043, 1722665, 1);
INSERT INTO interacts VALUES(857489472514, 1, 'Road', 2043, 1722764, 1);
INSERT INTO interacts VALUES(857489472514, 1, 'Road', 2010, 1722991, 1);
INSERT INTO interacts VALUES(857489472514, 1, 'Road', 2010, 1723089, 1);
INSERT INTO interacts VALUES(857489472514, 1, 'Jinjiao', 3134, 1739480, 1);
INSERT INTO interacts VALUES(857489472514, 1, 'Jinjiao', 2010, 1741440, 1);
INSERT INTO interacts VALUES(857489472514, 1, 'Athena', 2043, 1749332, 1);
INSERT INTO interacts VALUES(857489472514, 1, 'Athena', 2043, 1749497, 1);
INSERT INTO interacts VALUES(857489472514, 1, 'AmazingJ', 1031, 1786126, 1);
INSERT INTO interacts VALUES(857489472514, 1, 'Faker', 3072, 1789043, 1);
INSERT INTO interacts VALUES(857489472514, 1, 'Faker', 2043, 1790266, 1);
INSERT INTO interacts VALUES(857489472514, 1, 'Duke', 3036, 1793173, 1);
INSERT INTO interacts VALUES(857489472514, 1, 'Duke', 1036, 1795120, 1);
INSERT INTO interacts VALUES(857489472514, 1, 'Blank', 3143, 1797888, 1);
INSERT INTO interacts VALUES(857489472514, 1, 'Blank', 2043, 1799444, 1);
INSERT INTO interacts VALUES(857489472514, 1, 'Blank', 2043, 1799541, 1);
INSERT INTO interacts VALUES(857489472514, 1, 'Wolf', 3504, 1809893, 1);
INSERT INTO interacts VALUES(857489472514, 1, 'Wolf', 2043, 1810947, 1);
INSERT INTO interacts VALUES(857489472514, 1, 'Wolf', 2043, 1812488, 1);
INSERT INTO interacts VALUES(857489472514, 1, 'Bang', 3035, 1816504, 1);
INSERT INTO interacts VALUES(857489472514, 1, 'Wolf', 1028, 1818427, 1);
INSERT INTO interacts VALUES(857489472514, 1, 'Avoidless', 3082, 1821918, 1);
INSERT INTO interacts VALUES(857489472514, 1, 'Avoidless', 2032, 1822920, 0);
INSERT INTO interacts VALUES(857489472514, 1, 'Road', 1028, 1823740, 1);
INSERT INTO interacts VALUES(857489472514, 1, 'Avoidless', 2043, 1824067, 1);
INSERT INTO interacts VALUES(857489472514, 1, 'Avoidless', 2043, 1824323, 1);
INSERT INTO interacts VALUES(857489472514, 1, 'Road', 2043, 1825079, 1);
INSERT INTO interacts VALUES(857489472514, 1, 'Athena', 2043, 1830823, 0);
INSERT INTO interacts VALUES(857489472514, 1, 'Athena', 1058, 1832346, 1);
INSERT INTO interacts VALUES(857489472514, 1, 'Road', 3067, 1945145, 1);
INSERT INTO interacts VALUES(857489472514, 1, 'Jinjiao', 2010, 2012481, 0);
INSERT INTO interacts VALUES(857489472514, 1, 'Jinjiao', 1038, 2013473, 1);
INSERT INTO interacts VALUES(857489472514, 1, 'Faker', 3035, 2015071, 1);
INSERT INTO interacts VALUES(857489472514, 1, 'Athena', 3003, 2016601, 1);
INSERT INTO interacts VALUES(857489472514, 1, 'Athena', 2003, 2018324, 1);
INSERT INTO interacts VALUES(857489472514, 1, 'Wolf', 3801, 2021345, 1);
INSERT INTO interacts VALUES(857489472514, 1, 'Wolf', 2043, 2022290, 1);
INSERT INTO interacts VALUES(857489472514, 1, 'Wolf', 2043, 2022435, 1);
INSERT INTO interacts VALUES(857489472514, 1, 'Bang', 3036, 2029190, 1);
INSERT INTO interacts VALUES(857489472514, 1, 'Blank', 1031, 2030017, 1);
INSERT INTO interacts VALUES(857489472514, 1, 'Duke', 3111, 2030017, 1);
INSERT INTO interacts VALUES(857489472514, 1, 'Duke', 1053, 2030536, 1);
INSERT INTO interacts VALUES(857489472514, 1, 'Blank', 2043, 2031220, 1);
INSERT INTO interacts VALUES(857489472514, 1, 'Blank', 2043, 2031319, 1);
INSERT INTO interacts VALUES(857489472514, 1, 'Road', 3190, 2037601, 1);
INSERT INTO interacts VALUES(857489472514, 1, 'Avoidless', 1038, 2038042, 1);
INSERT INTO interacts VALUES(857489472514, 1, 'Road', 2043, 2038612, 1);
INSERT INTO interacts VALUES(857489472514, 1, 'AmazingJ', 3110, 2051985, 1);
INSERT INTO interacts VALUES(857489472514, 1, 'AmazingJ', 3075, 2056319, 1);
INSERT INTO interacts VALUES(857489472514, 1, 'Road', 2043, 2151324, 1);
INSERT INTO interacts VALUES(857489472514, 1, 'Road', 2043, 2151487, 1);
INSERT INTO interacts VALUES(857489472514, 1, 'Road', 2010, 2151810, 1);
INSERT INTO interacts VALUES(857489472514, 1, 'Road', 2010, 2151913, 1);
INSERT INTO interacts VALUES(857489472514, 1, 'AmazingJ', 3075, 2169886, 0);
INSERT INTO interacts VALUES(857489472514, 1, 'AmazingJ', 1056, 2172640, 0);
INSERT INTO interacts VALUES(857489472514, 1, 'AmazingJ', 3082, 2175148, 1);
INSERT INTO interacts VALUES(857489472514, 1, 'Bang', 1055, 2215181, 0);
INSERT INTO interacts VALUES(857489472514, 1, 'Bang', 3140, 2216129, 1);
INSERT INTO interacts VALUES(857489472514, 1, 'Wolf', 3105, 2216789, 1);
INSERT INTO interacts VALUES(857489472514, 1, 'Bang', 2140, 2217403, 1);
INSERT INTO interacts VALUES(857489472514, 1, 'Wolf', 2043, 2217403, 1);
INSERT INTO interacts VALUES(857489472514, 1, 'Faker', 3036, 2218713, 1);
INSERT INTO interacts VALUES(857489472514, 1, 'Duke', 1055, 2223801, 0);
INSERT INTO interacts VALUES(857489472514, 1, 'Duke', 3140, 2226556, 1);
INSERT INTO interacts VALUES(857489472514, 1, 'Blank', 2043, 2231873, 0);
INSERT INTO interacts VALUES(857489472514, 1, 'Blank', 1057, 2233119, 1);
INSERT INTO interacts VALUES(857489472514, 1, 'Athena', 3157, 2274694, 1);
INSERT INTO interacts VALUES(857489472514, 1, 'Jinjiao', 1055, 2281886, 0);
INSERT INTO interacts VALUES(857489472514, 1, 'Jinjiao', 1037, 2283191, 1);
INSERT INTO interacts VALUES(857489472514, 1, 'Athena', 2003, 2287519, 0);
INSERT INTO interacts VALUES(857489472514, 1, 'Athena', 1026, 2288957, 1);
INSERT INTO interacts VALUES(857489472514, 1, 'Road', 3024, 2289541, 1);
INSERT INTO interacts VALUES(857489472514, 1, 'AmazingJ', 3110, 2353381, 1);
INSERT INTO interacts VALUES(857489472514, 1, 'AmazingJ', 2043, 2354015, 1);
INSERT INTO interacts VALUES(857489472514, 1, 'Road', 2043, 2361511, 1);
INSERT INTO interacts VALUES(857489472514, 1, 'Athena', 2139, 2367338, 1);
INSERT INTO interacts VALUES(857489472514, 1, 'Faker', 2033, 2392663, 0);
INSERT INTO interacts VALUES(857489472514, 1, 'Duke', 3139, 2393927, 1);
INSERT INTO interacts VALUES(857489472514, 1, 'Bang', 3139, 2396788, 1);
INSERT INTO interacts VALUES(857489472514, 1, 'Blank', 3026, 2398099, 1);
INSERT INTO interacts VALUES(857489472514, 1, 'Blank', 2043, 2399532, 1);
INSERT INTO interacts VALUES(857489472514, 1, 'Blank', 2043, 2399664, 1);
INSERT INTO interacts VALUES(857489472514, 1, 'Blank', 2138, 2400878, 1);
INSERT INTO interacts VALUES(857489472514, 1, 'Faker', 3155, 2401169, 1);
INSERT INTO interacts VALUES(857489472514, 1, 'Duke', 1031, 2401837, 1);
INSERT INTO interacts VALUES(857489472514, 1, 'Wolf', 3190, 2408711, 1);
INSERT INTO interacts VALUES(857489472514, 1, 'Wolf', 2043, 2409554, 1);
INSERT INTO interacts VALUES(857489472514, 1, 'Avoidless', 3147, 2414537, 1);
INSERT INTO interacts VALUES(857489472514, 1, 'Jinjiao', 3031, 2423303, 1);
INSERT INTO interacts VALUES(857489472514, 1, 'Jinjiao', 1036, 2429660, 1);
INSERT INTO interacts VALUES(857489472514, 1, 'Athena', 3135, 2559432, 1);
INSERT INTO interacts VALUES(857489472514, 1, 'Avoidless', 3143, 2561242, 1);
INSERT INTO interacts VALUES(857489472514, 1, 'AmazingJ', 1031, 2564224, 1);
INSERT INTO interacts VALUES(857489472514, 1, 'Avoidless', 2043, 2565033, 1);
INSERT INTO interacts VALUES(857489472514, 1, 'Wolf', 3303, 2570384, 0);
INSERT INTO interacts VALUES(857489472514, 1, 'Athena', 1056, 2577299, 0);
INSERT INTO interacts VALUES(857489472514, 1, 'Athena', 2043, 2578241, 1);
INSERT INTO interacts VALUES(857489472514, 1, 'Athena', 2043, 2578339, 1);
INSERT INTO interacts VALUES(857489472514, 1, 'Wolf', 3028, 2581415, 1);
INSERT INTO interacts VALUES(857489472514, 1, 'Road', 3050, 2582331, 1);
INSERT INTO interacts VALUES(857489472514, 1, 'Wolf', 2032, 2582331, 1);
INSERT INTO interacts VALUES(857489472514, 1, 'Road', 2043, 2583457, 1);
INSERT INTO interacts VALUES(857489472514, 1, 'Road', 2043, 2583570, 1);
INSERT INTO interacts VALUES(857489472514, 1, 'Wolf', 2043, 2583861, 1);
INSERT INTO interacts VALUES(857489472514, 1, 'Wolf', 2043, 2583979, 1);
INSERT INTO interacts VALUES(857489472514, 1, 'Jinjiao', 3034, 2592526, 1);
INSERT INTO interacts VALUES(857489472514, 1, 'Bang', 2140, 2598096, 1);
INSERT INTO interacts VALUES(857489472514, 1, 'Jinjiao', 3134, 2604667, 0);
INSERT INTO interacts VALUES(857489472514, 1, 'Faker', 3156, 2606334, 1);
INSERT INTO interacts VALUES(857489472514, 1, 'Jinjiao', 3035, 2608317, 1);
INSERT INTO interacts VALUES(857489472514, 1, 'Duke', 3026, 2608388, 1);
INSERT INTO interacts VALUES(857489472514, 1, 'Jinjiao', 3034, 2609201, 1);
INSERT INTO interacts VALUES(857489472514, 1, 'Duke', 2140, 2609394, 1);
INSERT INTO interacts VALUES(857489472514, 1, 'Blank', 3075, 2616563, 1);
INSERT INTO interacts VALUES(857489472514, 1, 'Wolf', 3222, 2635401, 1);
INSERT INTO interacts VALUES(857489472514, 1, 'Avoidless', 2043, 2636154, 1);
INSERT INTO interacts VALUES(857489472514, 1, 'Road', 2043, 2665124, 1);
INSERT INTO interacts VALUES(857489472514, 1, 'Road', 2010, 2665620, 1);
INSERT INTO interacts VALUES(857489472514, 1, 'Road', 2010, 2665693, 1);
INSERT INTO interacts VALUES(857489472514, 1, 'Athena', 2139, 2665889, 1);
INSERT INTO interacts VALUES(857489472514, 1, 'AmazingJ', 2138, 2666542, 1);
INSERT INTO interacts VALUES(857489472514, 1, 'Road', 2138, 2666674, 1);
INSERT INTO interacts VALUES(857489472514, 1, 'Jinjiao', 3036, 2696842, 1);
INSERT INTO series VALUES(513295324165, 1);
INSERT INTO organizes VALUES('world_championship_2016', 513295324165, 'group_b - IM-vs-C9');
INSERT INTO competes VALUES(513295324165, 'IM', 1);
INSERT INTO competes VALUES(513295324165, 'C9', 0);
INSERT INTO matches VALUES(513295324165, 1, '2016-10-09');
INSERT INTO scores VALUES('IM', 513295324165, 1, 0, 2, 0, 1, 1, 0);
INSERT INTO scores VALUES('C9', 513295324165, 1, 4, 11, 0, 3, 4, 1);
INSERT INTO bans VALUES(513295324165, 1, 2, 1);
INSERT INTO bans VALUES(513295324165, 1, 51, 3);
INSERT INTO bans VALUES(513295324165, 1, 134, 5);
INSERT INTO bans VALUES(513295324165, 1, 76, 2);
INSERT INTO bans VALUES(513295324165, 1, 110, 4);
INSERT INTO bans VALUES(513295324165, 1, 60, 6);
INSERT INTO plays VALUES(513295324165, 1, 'AmazingJ', 57, 'top', 3, 4, 12, 18882, 30, 5, 311, 9, 0, 16177);
INSERT INTO plays VALUES(513295324165, 1, 'Avoidless', 72, 'jungle', 3, 3, 13, 8934, 47, 21, 47, 85, 10, 15262);
INSERT INTO plays VALUES(513295324165, 1, 'Athena', 112, 'mid', 4, 6, 9, 26308, 18, 5, 432, 32, 0, 20338);
INSERT INTO plays VALUES(513295324165, 1, 'Jinjiao', 15, 'adc', 6, 3, 10, 40429, 15, 17, 475, 28, 0, 21966);
INSERT INTO plays VALUES(513295324165, 1, 'Road', 85, 'support', 2, 9, 13, 15716, 88, 48, 74, 2, 1, 13263);
INSERT INTO plays VALUES(513295324165, 1, 'Impact', 68, 'top', 4, 5, 10, 38609, 29, 5, 380, 24, 1, 21154);
INSERT INTO plays VALUES(513295324165, 1, 'Meteos', 421, 'jungle', 0, 2, 16, 15056, 34, 34, 75, 101, 54, 19115);
INSERT INTO plays VALUES(513295324165, 1, 'Jensen', 13, 'mid', 10, 3, 11, 40327, 16, 11, 433, 15, 36, 25126);
INSERT INTO plays VALUES(513295324165, 1, 'Sneaky', 202, 'adc', 9, 2, 14, 42075, 13, 19, 381, 15, 7, 23192);
INSERT INTO plays VALUES(513295324165, 1, 'Smoothie', 12, 'support', 2, 6, 18, 7938, 71, 15, 42, 0, 0, 14914);
INSERT INTO interacts VALUES(513295324165, 1, 'Impact', 1054, 1367, 1);
INSERT INTO interacts VALUES(513295324165, 1, 'Sneaky', 3340, 1432, 1);
INSERT INTO interacts VALUES(513295324165, 1, 'Impact', 2003, 1596, 1);
INSERT INTO interacts VALUES(513295324165, 1, 'Road', 1055, 1661, 1);
INSERT INTO interacts VALUES(513295324165, 1, 'Sneaky', 1055, 1725, 1);
INSERT INTO interacts VALUES(513295324165, 1, 'Athena', 1056, 1757, 1);
INSERT INTO interacts VALUES(513295324165, 1, 'AmazingJ', 1056, 1790, 1);
INSERT INTO interacts VALUES(513295324165, 1, 'Impact', 3340, 1832, 1);
INSERT INTO interacts VALUES(513295324165, 1, 'Jinjiao', 1055, 1887, 1);
INSERT INTO interacts VALUES(513295324165, 1, 'Sneaky', 2010, 1918, 1);
INSERT INTO interacts VALUES(513295324165, 1, 'Avoidless', 1039, 1951, 1);
INSERT INTO interacts VALUES(513295324165, 1, 'AmazingJ', 2003, 1984, 1);
INSERT INTO interacts VALUES(513295324165, 1, 'Jensen', 1027, 2016, 1);
INSERT INTO interacts VALUES(513295324165, 1, 'Meteos', 3340, 2090, 1);
INSERT INTO interacts VALUES(513295324165, 1, 'Athena', 2010, 2112, 1);
INSERT INTO interacts VALUES(513295324165, 1, 'Jinjiao', 2010, 2112, 1);
INSERT INTO interacts VALUES(513295324165, 1, 'AmazingJ', 2003, 2112, 1);
INSERT INTO interacts VALUES(513295324165, 1, 'Smoothie', 3302, 2145, 1);
INSERT INTO interacts VALUES(513295324165, 1, 'Athena', 2010, 2275, 1);
INSERT INTO interacts VALUES(513295324165, 1, 'Avoidless', 2031, 2347, 1);
INSERT INTO interacts VALUES(513295324165, 1, 'Jinjiao', 3340, 2347, 1);
INSERT INTO interacts VALUES(513295324165, 1, 'AmazingJ', 3340, 2436, 1);
INSERT INTO interacts VALUES(513295324165, 1, 'Meteos', 1041, 2502, 1);
INSERT INTO interacts VALUES(513295324165, 1, 'Smoothie', 3340, 2502, 1);
INSERT INTO interacts VALUES(513295324165, 1, 'Athena', 3340, 2607, 1);
INSERT INTO interacts VALUES(513295324165, 1, 'Meteos', 2031, 2729, 1);
INSERT INTO interacts VALUES(513295324165, 1, 'Jensen', 2031, 2923, 1);
INSERT INTO interacts VALUES(513295324165, 1, 'Smoothie', 2010, 3020, 1);
INSERT INTO interacts VALUES(513295324165, 1, 'Avoidless', 3340, 3086, 1);
INSERT INTO interacts VALUES(513295324165, 1, 'Smoothie', 2010, 3150, 1);
INSERT INTO interacts VALUES(513295324165, 1, 'Smoothie', 2010, 3279, 1);
INSERT INTO interacts VALUES(513295324165, 1, 'Jensen', 3340, 3344, 1);
INSERT INTO interacts VALUES(513295324165, 1, 'Road', 3303, 4058, 1);
INSERT INTO interacts VALUES(513295324165, 1, 'Road', 2010, 4904, 1);
INSERT INTO interacts VALUES(513295324165, 1, 'Road', 2010, 5033, 1);
INSERT INTO interacts VALUES(513295324165, 1, 'Road', 2010, 5130, 1);
INSERT INTO interacts VALUES(513295324165, 1, 'Road', 3340, 5651, 1);
INSERT INTO interacts VALUES(513295324165, 1, 'Jensen', 3070, 185389, 1);
INSERT INTO interacts VALUES(513295324165, 1, 'Jensen', 2043, 185906, 1);
INSERT INTO interacts VALUES(513295324165, 1, 'AmazingJ', 1056, 241179, 1);
INSERT INTO interacts VALUES(513295324165, 1, 'AmazingJ', 2031, 242441, 1);
INSERT INTO interacts VALUES(513295324165, 1, 'Jinjiao', 1083, 243482, 1);
INSERT INTO interacts VALUES(513295324165, 1, 'Jinjiao', 2010, 244037, 1);
INSERT INTO interacts VALUES(513295324165, 1, 'Jinjiao', 2043, 244762, 1);
INSERT INTO interacts VALUES(513295324165, 1, 'Sneaky', 1038, 281023, 1);
INSERT INTO interacts VALUES(513295324165, 1, 'Sneaky', 2010, 282425, 1);
INSERT INTO interacts VALUES(513295324165, 1, 'Smoothie', 1001, 282914, 1);
INSERT INTO interacts VALUES(513295324165, 1, 'Smoothie', 2043, 283141, 1);
INSERT INTO interacts VALUES(513295324165, 1, 'Smoothie', 2010, 283466, 1);
INSERT INTO interacts VALUES(513295324165, 1, 'Smoothie', 2010, 283628, 1);
INSERT INTO interacts VALUES(513295324165, 1, 'Meteos', 3751, 300221, 1);
INSERT INTO interacts VALUES(513295324165, 1, 'Jinjiao', 1036, 311324, 1);
INSERT INTO interacts VALUES(513295324165, 1, 'Athena', 1056, 339850, 1);
INSERT INTO interacts VALUES(513295324165, 1, 'Athena', 1001, 340658, 1);
INSERT INTO interacts VALUES(513295324165, 1, 'Athena', 2043, 341831, 1);
INSERT INTO interacts VALUES(513295324165, 1, 'Athena', 2031, 342288, 1);
INSERT INTO interacts VALUES(513295324165, 1, 'Road', 2049, 348582, 1);
INSERT INTO interacts VALUES(513295324165, 1, 'Road', 3341, 349781, 1);
INSERT INTO interacts VALUES(513295324165, 1, 'Road', 2043, 350073, 1);
INSERT INTO interacts VALUES(513295324165, 1, 'Jensen', 3158, 360172, 1);
INSERT INTO interacts VALUES(513295324165, 1, 'Avoidless', 3706, 395365, 1);
INSERT INTO interacts VALUES(513295324165, 1, 'Avoidless', 1036, 395931, 1);
INSERT INTO interacts VALUES(513295324165, 1, 'Avoidless', 1001, 396973, 1);
INSERT INTO interacts VALUES(513295324165, 1, 'Avoidless', 2043, 398307, 1);
INSERT INTO interacts VALUES(513295324165, 1, 'AmazingJ', 1028, 416585, 1);
INSERT INTO interacts VALUES(513295324165, 1, 'AmazingJ', 1033, 419712, 1);
INSERT INTO interacts VALUES(513295324165, 1, 'Impact', 3136, 433435, 1);
INSERT INTO interacts VALUES(513295324165, 1, 'Jinjiao', 1036, 434210, 1);
INSERT INTO interacts VALUES(513295324165, 1, 'Impact', 2043, 434765, 1);
INSERT INTO interacts VALUES(513295324165, 1, 'Impact', 2003, 435191, 1);
INSERT INTO interacts VALUES(513295324165, 1, 'Smoothie', 3117, 476573, 1);
INSERT INTO interacts VALUES(513295324165, 1, 'Smoothie', 1028, 477989, 1);
INSERT INTO interacts VALUES(513295324165, 1, 'Smoothie', 2043, 478451, 1);
INSERT INTO interacts VALUES(513295324165, 1, 'Sneaky', 1001, 484108, 1);
INSERT INTO interacts VALUES(513295324165, 1, 'Sneaky', 3133, 485714, 1);
INSERT INTO interacts VALUES(513295324165, 1, 'Sneaky', 2043, 486453, 1);
INSERT INTO interacts VALUES(513295324165, 1, 'Road', 1001, 524279, 1);
INSERT INTO interacts VALUES(513295324165, 1, 'Road', 2043, 525123, 1);
INSERT INTO interacts VALUES(513295324165, 1, 'Road', 2010, 525350, 1);
INSERT INTO interacts VALUES(513295324165, 1, 'Road', 2043, 535385, 1);
INSERT INTO interacts VALUES(513295324165, 1, 'Jensen', 3010, 546591, 1);
INSERT INTO interacts VALUES(513295324165, 1, 'Jensen', 2043, 547373, 1);
INSERT INTO interacts VALUES(513295324165, 1, 'Jensen', 2043, 549126, 1);
INSERT INTO interacts VALUES(513295324165, 1, 'Jinjiao', 3133, 552080, 1);
INSERT INTO interacts VALUES(513295324165, 1, 'Jinjiao', 1001, 553062, 1);
INSERT INTO interacts VALUES(513295324165, 1, 'Meteos', 1409, 558583, 1);
INSERT INTO interacts VALUES(513295324165, 1, 'Meteos', 1001, 559045, 1);
INSERT INTO interacts VALUES(513295324165, 1, 'Meteos', 2043, 559584, 1);
INSERT INTO interacts VALUES(513295324165, 1, 'Meteos', 3341, 561796, 1);
INSERT INTO interacts VALUES(513295324165, 1, 'Athena', 3196, 562832, 1);
INSERT INTO interacts VALUES(513295324165, 1, 'Athena', 2043, 564361, 1);
INSERT INTO interacts VALUES(513295324165, 1, 'Avoidless', 1400, 665364, 1);
INSERT INTO interacts VALUES(513295324165, 1, 'AmazingJ', 3211, 666727, 1);
INSERT INTO interacts VALUES(513295324165, 1, 'Impact', 1026, 667101, 1);
INSERT INTO interacts VALUES(513295324165, 1, 'AmazingJ', 3111, 668546, 1);
INSERT INTO interacts VALUES(513295324165, 1, 'AmazingJ', 2043, 668969, 1);
INSERT INTO interacts VALUES(513295324165, 1, 'Road', 2010, 672557, 1);
INSERT INTO interacts VALUES(513295324165, 1, 'Road', 2043, 672776, 1);
INSERT INTO interacts VALUES(513295324165, 1, 'Impact', 3151, 678492, 1);
INSERT INTO interacts VALUES(513295324165, 1, 'Meteos', 1029, 681663, 1);
INSERT INTO interacts VALUES(513295324165, 1, 'Meteos', 2043, 681976, 1);
INSERT INTO interacts VALUES(513295324165, 1, 'Smoothie', 3341, 683307, 1);
INSERT INTO interacts VALUES(513295324165, 1, 'Smoothie', 2049, 683696, 1);
INSERT INTO interacts VALUES(513295324165, 1, 'Smoothie', 1028, 685517, 1);
INSERT INTO interacts VALUES(513295324165, 1, 'Jensen', 1026, 688612, 1);
INSERT INTO interacts VALUES(513295324165, 1, 'Jensen', 1033, 690177, 1);
INSERT INTO interacts VALUES(513295324165, 1, 'Jensen', 3363, 691409, 1);
INSERT INTO interacts VALUES(513295324165, 1, 'Jinjiao', 3006, 696797, 1);
INSERT INTO interacts VALUES(513295324165, 1, 'Sneaky', 3508, 730677, 1);
INSERT INTO interacts VALUES(513295324165, 1, 'Sneaky', 1051, 734432, 1);
INSERT INTO interacts VALUES(513295324165, 1, 'Sneaky', 2043, 739933, 1);
INSERT INTO interacts VALUES(513295324165, 1, 'Sneaky', 3363, 741173, 1);
INSERT INTO interacts VALUES(513295324165, 1, 'Smoothie', 2045, 781961, 1);
INSERT INTO interacts VALUES(513295324165, 1, 'Smoothie', 2043, 783913, 1);
INSERT INTO interacts VALUES(513295324165, 1, 'Athena', 3197, 786138, 1);
INSERT INTO interacts VALUES(513295324165, 1, 'AmazingJ', 3067, 808051, 1);
INSERT INTO interacts VALUES(513295324165, 1, 'Jensen', 3027, 811697, 1);
INSERT INTO interacts VALUES(513295324165, 1, 'Jensen', 2043, 813095, 1);
INSERT INTO interacts VALUES(513295324165, 1, 'Road', 3117, 826893, 1);
INSERT INTO interacts VALUES(513295324165, 1, 'Road', 1028, 828092, 1);
INSERT INTO interacts VALUES(513295324165, 1, 'Road', 2043, 828708, 1);
INSERT INTO interacts VALUES(513295324165, 1, 'Road', 2010, 828927, 1);
INSERT INTO interacts VALUES(513295324165, 1, 'Road', 2010, 829007, 1);
INSERT INTO interacts VALUES(513295324165, 1, 'Impact', 1033, 839176, 1);
INSERT INTO interacts VALUES(513295324165, 1, 'Impact', 1001, 840027, 1);
INSERT INTO interacts VALUES(513295324165, 1, 'Impact', 2031, 842760, 1);
INSERT INTO interacts VALUES(513295324165, 1, 'Avoidless', 3111, 858810, 1);
INSERT INTO interacts VALUES(513295324165, 1, 'Avoidless', 2043, 859946, 1);
INSERT INTO interacts VALUES(513295324165, 1, 'Meteos', 3082, 922801, 1);
INSERT INTO interacts VALUES(513295324165, 1, 'Meteos', 1011, 923741, 1);
INSERT INTO interacts VALUES(513295324165, 1, 'Meteos', 2043, 924391, 1);
INSERT INTO interacts VALUES(513295324165, 1, 'Smoothie', 1028, 924520, 1);
INSERT INTO interacts VALUES(513295324165, 1, 'Meteos', 3364, 924812, 1);
INSERT INTO interacts VALUES(513295324165, 1, 'Sneaky', 3094, 925201, 1);
INSERT INTO interacts VALUES(513295324165, 1, 'Sneaky', 2043, 926533, 1);
INSERT INTO interacts VALUES(513295324165, 1, 'Road', 2010, 926793, 0);
INSERT INTO interacts VALUES(513295324165, 1, 'Jensen', 3140, 929451, 1);
INSERT INTO interacts VALUES(513295324165, 1, 'Road', 2045, 929874, 1);
INSERT INTO interacts VALUES(513295324165, 1, 'AmazingJ', 3065, 935648, 1);
INSERT INTO interacts VALUES(513295324165, 1, 'Athena', 3198, 935786, 1);
INSERT INTO interacts VALUES(513295324165, 1, 'AmazingJ', 2043, 936041, 1);
INSERT INTO interacts VALUES(513295324165, 1, 'Athena', 2043, 939489, 1);
INSERT INTO interacts VALUES(513295324165, 1, 'Impact', 3111, 951442, 1);
INSERT INTO interacts VALUES(513295324165, 1, 'Impact', 1052, 956645, 1);
INSERT INTO interacts VALUES(513295324165, 1, 'Jinjiao', 3363, 968966, 1);
INSERT INTO interacts VALUES(513295324165, 1, 'Jinjiao', 1038, 970396, 1);
INSERT INTO interacts VALUES(513295324165, 1, 'Smoothie', 1033, 1026078, 1);
INSERT INTO interacts VALUES(513295324165, 1, 'Road', 1033, 1029592, 1);
INSERT INTO interacts VALUES(513295324165, 1, 'Road', 2010, 1031120, 1);
INSERT INTO interacts VALUES(513295324165, 1, 'Athena', 3158, 1057832, 1);
INSERT INTO interacts VALUES(513295324165, 1, 'Jinjiao', 1018, 1058063, 1);
INSERT INTO interacts VALUES(513295324165, 1, 'Avoidless', 1011, 1059711, 1);
INSERT INTO interacts VALUES(513295324165, 1, 'Avoidless', 3364, 1061527, 1);
INSERT INTO interacts VALUES(513295324165, 1, 'Avoidless', 2043, 1061885, 1);
INSERT INTO interacts VALUES(513295324165, 1, 'Jensen', 1058, 1070884, 1);
INSERT INTO interacts VALUES(513295324165, 1, 'AmazingJ', 1028, 1089369, 1);
INSERT INTO interacts VALUES(513295324165, 1, 'Road', 2043, 1136747, 1);
INSERT INTO interacts VALUES(513295324165, 1, 'Road', 2043, 1136843, 1);
INSERT INTO interacts VALUES(513295324165, 1, 'Road', 2010, 1137819, 0);
INSERT INTO interacts VALUES(513295324165, 1, 'Road', 2010, 1137951, 0);
INSERT INTO interacts VALUES(513295324165, 1, 'Road', 1028, 1139413, 1);
INSERT INTO interacts VALUES(513295324165, 1, 'Jinjiao', 3508, 1139704, 1);
INSERT INTO interacts VALUES(513295324165, 1, 'Jinjiao', 1037, 1141437, 1);
INSERT INTO interacts VALUES(513295324165, 1, 'AmazingJ', 3751, 1145183, 1);
INSERT INTO interacts VALUES(513295324165, 1, 'AmazingJ', 2031, 1146449, 0);
INSERT INTO interacts VALUES(513295324165, 1, 'AmazingJ', 1029, 1147650, 1);
INSERT INTO interacts VALUES(513295324165, 1, 'Smoothie', 3105, 1155690, 1);
INSERT INTO interacts VALUES(513295324165, 1, 'Meteos', 3143, 1168689, 1);
INSERT INTO interacts VALUES(513295324165, 1, 'Athena', 1057, 1172072, 1);
INSERT INTO interacts VALUES(513295324165, 1, 'Meteos', 1033, 1172332, 1);
INSERT INTO interacts VALUES(513295324165, 1, 'Impact', 1026, 1178856, 1);
INSERT INTO interacts VALUES(513295324165, 1, 'Road', 3801, 1242046, 1);
INSERT INTO interacts VALUES(513295324165, 1, 'Road', 2043, 1243018, 1);
INSERT INTO interacts VALUES(513295324165, 1, 'Road', 3364, 1243248, 1);
INSERT INTO interacts VALUES(513295324165, 1, 'Smoothie', 1028, 1249877, 1);
INSERT INTO interacts VALUES(513295324165, 1, 'Smoothie', 2043, 1250463, 1);
INSERT INTO interacts VALUES(513295324165, 1, 'Jensen', 3003, 1254493, 1);
INSERT INTO interacts VALUES(513295324165, 1, 'Jensen', 1052, 1257098, 1);
INSERT INTO interacts VALUES(513295324165, 1, 'Sneaky', 3140, 1270302, 1);
INSERT INTO interacts VALUES(513295324165, 1, 'Sneaky', 2010, 1272901, 0);
INSERT INTO interacts VALUES(513295324165, 1, 'Sneaky', 2043, 1273291, 1);
INSERT INTO interacts VALUES(513295324165, 1, 'Jinjiao', 1018, 1279281, 1);
INSERT INTO interacts VALUES(513295324165, 1, 'Athena', 2031, 1285306, 0);
INSERT INTO interacts VALUES(513295324165, 1, 'Athena', 3108, 1286865, 1);
INSERT INTO interacts VALUES(513295324165, 1, 'AmazingJ', 1031, 1293500, 1);
INSERT INTO interacts VALUES(513295324165, 1, 'Avoidless', 3742, 1309311, 1);
INSERT INTO interacts VALUES(513295324165, 1, 'Avoidless', 2031, 1311392, 0);
INSERT INTO interacts VALUES(513295324165, 1, 'Avoidless', 2043, 1312332, 1);
INSERT INTO interacts VALUES(513295324165, 1, 'Avoidless', 2003, 1312688, 1);
INSERT INTO interacts VALUES(513295324165, 1, 'Impact', 3135, 1317587, 1);
INSERT INTO interacts VALUES(513295324165, 1, 'Impact', 2043, 1318460, 1);
INSERT INTO interacts VALUES(513295324165, 1, 'Meteos', 3111, 1322485, 1);
INSERT INTO interacts VALUES(513295324165, 1, 'Meteos', 1028, 1324140, 1);
INSERT INTO interacts VALUES(513295324165, 1, 'Meteos', 2043, 1324726, 1);
INSERT INTO interacts VALUES(513295324165, 1, 'Road', 3105, 1350821, 1);
INSERT INTO interacts VALUES(513295324165, 1, 'Road', 2043, 1351729, 1);
INSERT INTO interacts VALUES(513295324165, 1, 'Avoidless', 2043, 1396124, 1);
INSERT INTO interacts VALUES(513295324165, 1, 'Road', 1028, 1421875, 1);
INSERT INTO interacts VALUES(513295324165, 1, 'Road', 2043, 1423722, 1);
INSERT INTO interacts VALUES(513295324165, 1, 'Athena', 3001, 1459789, 1);
INSERT INTO interacts VALUES(513295324165, 1, 'Avoidless', 1028, 1472571, 1);
INSERT INTO interacts VALUES(513295324165, 1, 'Avoidless', 2043, 1473547, 1);
INSERT INTO interacts VALUES(513295324165, 1, 'Sneaky', 2043, 1474913, 0);
INSERT INTO interacts VALUES(513295324165, 1, 'Sneaky', 3009, 1475399, 1);
INSERT INTO interacts VALUES(513295324165, 1, 'Sneaky', 1038, 1475690, 1);
INSERT INTO interacts VALUES(513295324165, 1, 'Smoothie', 3190, 1476648, 1);
INSERT INTO interacts VALUES(513295324165, 1, 'Smoothie', 3364, 1477798, 1);
INSERT INTO interacts VALUES(513295324165, 1, 'Smoothie', 2043, 1478383, 1);
INSERT INTO interacts VALUES(513295324165, 1, 'Smoothie', 2043, 1478511, 1);
INSERT INTO interacts VALUES(513295324165, 1, 'Smoothie', 3067, 1483060, 1);
INSERT INTO interacts VALUES(513295324165, 1, 'Impact', 3191, 1483323, 1);
INSERT INTO interacts VALUES(513295324165, 1, 'AmazingJ', 1056, 1483811, 0);
INSERT INTO interacts VALUES(513295324165, 1, 'AmazingJ', 3068, 1485484, 1);
INSERT INTO interacts VALUES(513295324165, 1, 'AmazingJ', 2043, 1486182, 1);
INSERT INTO interacts VALUES(513295324165, 1, 'Jinjiao', 1083, 1489727, 0);
INSERT INTO interacts VALUES(513295324165, 1, 'Jinjiao', 1038, 1490283, 1);
INSERT INTO interacts VALUES(513295324165, 1, 'Impact', 1058, 1498109, 1);
INSERT INTO interacts VALUES(513295324165, 1, 'Impact', 3191, 1499611, 1);
INSERT INTO interacts VALUES(513295324165, 1, 'Meteos', 3211, 1506468, 1);
INSERT INTO interacts VALUES(513295324165, 1, 'Jensen', 3135, 1506533, 1);
INSERT INTO interacts VALUES(513295324165, 1, 'Meteos', 2043, 1507802, 1);
INSERT INTO interacts VALUES(513295324165, 1, 'Jensen', 2031, 1507884, 0);
INSERT INTO interacts VALUES(513295324165, 1, 'Jensen', 1026, 1509723, 1);
INSERT INTO interacts VALUES(513295324165, 1, 'Jinjiao', 3031, 1551974, 1);
INSERT INTO interacts VALUES(513295324165, 1, 'Jinjiao', 1042, 1553512, 1);
INSERT INTO interacts VALUES(513295324165, 1, 'Athena', 3057, 1634338, 1);
INSERT INTO interacts VALUES(513295324165, 1, 'AmazingJ', 1028, 1639194, 1);
INSERT INTO interacts VALUES(513295324165, 1, 'Meteos', 2031, 1657700, 0);
INSERT INTO interacts VALUES(513295324165, 1, 'Meteos', 3065, 1658640, 1);
INSERT INTO interacts VALUES(513295324165, 1, 'Sneaky', 1055, 1671989, 0);
INSERT INTO interacts VALUES(513295324165, 1, 'Impact', 2031, 1672525, 0);
INSERT INTO interacts VALUES(513295324165, 1, 'Smoothie', 3097, 1672557, 1);
INSERT INTO interacts VALUES(513295324165, 1, 'Sneaky', 1037, 1673336, 1);
INSERT INTO interacts VALUES(513295324165, 1, 'Impact', 3108, 1673956, 1);
INSERT INTO interacts VALUES(513295324165, 1, 'Road', 3190, 1684533, 1);
INSERT INTO interacts VALUES(513295324165, 1, 'Road', 1029, 1687494, 1);
INSERT INTO interacts VALUES(513295324165, 1, 'Road', 2043, 1688601, 1);
INSERT INTO interacts VALUES(513295324165, 1, 'Avoidless', 2049, 1702958, 1);
INSERT INTO interacts VALUES(513295324165, 1, 'Avoidless', 1033, 1704138, 1);
INSERT INTO interacts VALUES(513295324165, 1, 'Avoidless', 2043, 1706350, 1);
INSERT INTO interacts VALUES(513295324165, 1, 'Impact', 3157, 1721094, 1);
INSERT INTO interacts VALUES(513295324165, 1, 'Impact', 2043, 1722591, 1);
INSERT INTO interacts VALUES(513295324165, 1, 'Jinjiao', 3086, 1725356, 1);
INSERT INTO interacts VALUES(513295324165, 1, 'Jinjiao', 1042, 1726037, 1);
INSERT INTO interacts VALUES(513295324165, 1, 'Road', 2043, 1800627, 1);
INSERT INTO interacts VALUES(513295324165, 1, 'AmazingJ', 3024, 1803464, 1);
INSERT INTO interacts VALUES(513295324165, 1, 'Athena', 1056, 1805421, 0);
INSERT INTO interacts VALUES(513295324165, 1, 'Athena', 3113, 1807040, 1);
INSERT INTO interacts VALUES(513295324165, 1, 'Avoidless', 3211, 1817540, 1);
INSERT INTO interacts VALUES(513295324165, 1, 'Avoidless', 2043, 1818880, 1);
INSERT INTO interacts VALUES(513295324165, 1, 'Sneaky', 3031, 1820998, 1);
INSERT INTO interacts VALUES(513295324165, 1, 'Smoothie', 3401, 1823961, 1);
INSERT INTO interacts VALUES(513295324165, 1, 'Smoothie', 1029, 1825577, 1);
INSERT INTO interacts VALUES(513295324165, 1, 'Meteos', 1031, 1834620, 1);
INSERT INTO interacts VALUES(513295324165, 1, 'Meteos', 2043, 1835206, 1);
INSERT INTO interacts VALUES(513295324165, 1, 'Jinjiao', 3094, 1857394, 1);
INSERT INTO interacts VALUES(513295324165, 1, 'Impact', 1026, 1866279, 1);
INSERT INTO interacts VALUES(513295324165, 1, 'Impact', 1054, 1867491, 0);
INSERT INTO interacts VALUES(513295324165, 1, 'Impact', 2043, 1868409, 1);
INSERT INTO interacts VALUES(513295324165, 1, 'Jensen', 3089, 1889972, 1);
INSERT INTO interacts VALUES(513295324165, 1, 'Athena', 3100, 1908814, 1);
INSERT INTO interacts VALUES(513295324165, 1, 'Road', 3191, 1909270, 1);
INSERT INTO interacts VALUES(513295324165, 1, 'Jensen', 2139, 1957295, 1);
INSERT INTO interacts VALUES(513295324165, 1, 'Impact', 1052, 1958594, 1);
INSERT INTO interacts VALUES(513295324165, 1, 'Road', 2043, 1964932, 1);
INSERT INTO interacts VALUES(513295324165, 1, 'Road', 2043, 1965061, 1);
INSERT INTO interacts VALUES(513295324165, 1, 'Avoidless', 1028, 1967142, 1);
INSERT INTO interacts VALUES(513295324165, 1, 'Sneaky', 1037, 1985176, 1);
INSERT INTO interacts VALUES(513295324165, 1, 'Athena', 2043, 1987416, 1);
INSERT INTO interacts VALUES(513295324165, 1, 'Jinjiao', 3035, 1988754, 1);
INSERT INTO interacts VALUES(513295324165, 1, 'Meteos', 1057, 1989406, 1);
INSERT INTO interacts VALUES(513295324165, 1, 'AmazingJ', 1011, 2015215, 1);
INSERT INTO interacts VALUES(513295324165, 1, 'AmazingJ', 1056, 2016213, 0);
INSERT INTO interacts VALUES(513295324165, 1, 'AmazingJ', 3082, 2017425, 1);
INSERT INTO interacts VALUES(513295324165, 1, 'Athena', 1058, 2103315, 1);
INSERT INTO interacts VALUES(513295324165, 1, 'Avoidless', 1028, 2119721, 0);
INSERT INTO interacts VALUES(513295324165, 1, 'Road', 3303, 2121267, 0);
INSERT INTO interacts VALUES(513295324165, 1, 'Avoidless', 3102, 2121431, 1);
INSERT INTO interacts VALUES(513295324165, 1, 'Road', 3108, 2123079, 1);
INSERT INTO interacts VALUES(513295324165, 1, 'Meteos', 3026, 2148140, 1);
INSERT INTO interacts VALUES(513295324165, 1, 'Meteos', 1028, 2149082, 1);
INSERT INTO interacts VALUES(513295324165, 1, 'Smoothie', 2043, 2149993, 1);
INSERT INTO interacts VALUES(513295324165, 1, 'Smoothie', 2043, 2150160, 1);
INSERT INTO interacts VALUES(513295324165, 1, 'Sneaky', 3036, 2150680, 1);
INSERT INTO interacts VALUES(513295324165, 1, 'Smoothie', 3024, 2151269, 1);
INSERT INTO interacts VALUES(513295324165, 1, 'Jensen', 2139, 2151849, 1);
INSERT INTO interacts VALUES(513295324165, 1, 'Smoothie', 2138, 2151915, 1);
INSERT INTO interacts VALUES(513295324165, 1, 'Avoidless', 2043, 2173196, 1);
INSERT INTO interacts VALUES(513295324165, 1, 'Jinjiao', 3036, 2222953, 1);
INSERT INTO interacts VALUES(513295324165, 1, 'Athena', 1058, 2261126, 0);
INSERT INTO interacts VALUES(513295324165, 1, 'Athena', 1011, 2262641, 1);
INSERT INTO interacts VALUES(513295324165, 1, 'Avoidless', 2043, 2265298, 1);
INSERT INTO interacts VALUES(513295324165, 1, 'AmazingJ', 3143, 2267091, 1);
INSERT INTO interacts VALUES(513295324165, 1, 'Impact', 3089, 2268063, 1);
INSERT INTO interacts VALUES(513295324165, 1, 'Impact', 2139, 2277109, 1);
INSERT INTO interacts VALUES(513295324165, 1, 'Smoothie', 2043, 2281453, 1);
INSERT INTO interacts VALUES(513295324165, 1, 'Smoothie', 2138, 2283281, 1);
INSERT INTO interacts VALUES(513295324165, 1, 'Sneaky', 2140, 2286439, 1);
INSERT INTO interacts VALUES(513295324165, 1, 'Jensen', 3139, 2288157, 1);
INSERT INTO interacts VALUES(513295324165, 1, 'Jensen', 2139, 2288651, 1);
INSERT INTO interacts VALUES(513295324165, 1, 'Meteos', 2138, 2302872, 1);
INSERT INTO interacts VALUES(513295324165, 1, 'Meteos', 1011, 2305623, 1);
INSERT INTO interacts VALUES(513295324165, 1, 'AmazingJ', 2043, 2314797, 1);
INSERT INTO interacts VALUES(513295324165, 1, 'Jinjiao', 1055, 2315595, 0);
INSERT INTO interacts VALUES(513295324165, 1, 'Jinjiao', 1053, 2318568, 1);
INSERT INTO interacts VALUES(513295324165, 1, 'Athena', 1056, 2318796, 0);
INSERT INTO interacts VALUES(513295324165, 1, 'Athena', 1058, 2320029, 1);
INSERT INTO interacts VALUES(513295324165, 1, 'Road', 3157, 2323123, 1);
INSERT INTO interacts VALUES(513295324165, 1, 'Road', 2043, 2326862, 1);
INSERT INTO interacts VALUES(513295324165, 1, 'Athena', 3116, 2394880, 1);
INSERT INTO interacts VALUES(513295324165, 1, 'Avoidless', 2043, 2400560, 1);
INSERT INTO interacts VALUES(513295324165, 1, 'Road', 2139, 2440898, 1);
INSERT INTO interacts VALUES(513295324165, 1, 'AmazingJ', 1028, 2443242, 1);
INSERT INTO interacts VALUES(513295324165, 1, 'Avoidless', 2043, 2445429, 0);
INSERT INTO interacts VALUES(513295324165, 1, 'Avoidless', 3057, 2446079, 1);
INSERT INTO interacts VALUES(513295324165, 1, 'Athena', 2139, 2469599, 1);
INSERT INTO interacts VALUES(513295324165, 1, 'Meteos', 1011, 2505742, 0);
INSERT INTO interacts VALUES(513295324165, 1, 'Smoothie', 3110, 2505856, 1);
INSERT INTO interacts VALUES(513295324165, 1, 'Meteos', 3140, 2509000, 1);
INSERT INTO interacts VALUES(513295324165, 1, 'Road', 2043, 2513713, 1);
INSERT INTO interacts VALUES(513295324165, 1, 'Road', 2043, 2514029, 1);
INSERT INTO interacts VALUES(513295324165, 1, 'Jensen', 2139, 2519436, 1);
INSERT INTO interacts VALUES(513295324165, 1, 'Impact', 3140, 2522788, 1);
INSERT INTO interacts VALUES(513295324165, 1, 'Smoothie', 2043, 2526866, 1);
INSERT INTO interacts VALUES(513295324165, 1, 'Meteos', 2138, 2555223, 1);
INSERT INTO interacts VALUES(513295324165, 1, 'Jinjiao', 3139, 2560299, 1);
INSERT INTO interacts VALUES(513295324165, 1, 'AmazingJ', 1011, 2561818, 1);
INSERT INTO interacts VALUES(513295324165, 1, 'Jensen', 2139, 2561861, 1);
INSERT INTO interacts VALUES(513295324165, 1, 'Athena', 1058, 2575381, 1);
INSERT INTO interacts VALUES(513295324165, 1, 'Road', 3211, 2577009, 1);
INSERT INTO interacts VALUES(513295324165, 1, 'Sneaky', 3139, 2590543, 1);
INSERT INTO interacts VALUES(513295324165, 1, 'Sneaky', 2140, 2591307, 1);
INSERT INTO interacts VALUES(513295324165, 1, 'AmazingJ', 2138, 2592653, 1);
INSERT INTO interacts VALUES(513295324165, 1, 'Impact', 2139, 2614111, 1);
INSERT INTO interacts VALUES(513295324165, 1, 'Jinjiao', 2140, 2617975, 1);
INSERT INTO interacts VALUES(513295324165, 1, 'Avoidless', 3025, 2626053, 1);
INSERT INTO interacts VALUES(513295324165, 1, 'Road', 2043, 2634885, 1);
INSERT INTO interacts VALUES(513295324165, 1, 'Road', 2043, 2634979, 1);
INSERT INTO interacts VALUES(513295324165, 1, 'Road', 2043, 2704156, 1);
INSERT INTO interacts VALUES(513295324165, 1, 'Smoothie', 2043, 2711716, 1);
INSERT INTO interacts VALUES(513295324165, 1, 'Smoothie', 2138, 2713146, 1);
INSERT INTO interacts VALUES(513295324165, 1, 'Jinjiao', 2140, 2714847, 1);
INSERT INTO interacts VALUES(513295324165, 1, 'Athena', 3089, 2794210, 1);
INSERT INTO interacts VALUES(513295324165, 1, 'Avoidless', 2045, 2837418, 1);
INSERT INTO interacts VALUES(513295324165, 1, 'Road', 2043, 2845226, 1);
INSERT INTO interacts VALUES(513295324165, 1, 'Road', 2139, 2846075, 1);
INSERT INTO interacts VALUES(513295324165, 1, 'Jinjiao', 2140, 2850306, 1);
INSERT INTO interacts VALUES(513295324165, 1, 'Smoothie', 2043, 2852588, 1);
INSERT INTO interacts VALUES(513295324165, 1, 'Impact', 3111, 2870056, 0);
INSERT INTO interacts VALUES(513295324165, 1, 'Athena', 2139, 2870357, 1);
INSERT INTO interacts VALUES(513295324165, 1, 'Impact', 3020, 2871296, 1);
INSERT INTO interacts VALUES(513295324165, 1, 'Impact', 2139, 2873487, 1);
INSERT INTO interacts VALUES(513295324165, 1, 'Meteos', 3139, 2874754, 1);
INSERT INTO interacts VALUES(513295324165, 1, 'AmazingJ', 1011, 2875535, 0);
INSERT INTO interacts VALUES(513295324165, 1, 'AmazingJ', 3026, 2876827, 1);
INSERT INTO interacts VALUES(513295324165, 1, 'Sneaky', 3009, 2884909, 0);
INSERT INTO interacts VALUES(513295324165, 1, 'Sneaky', 3046, 2886112, 1);
INSERT INTO interacts VALUES(513295324165, 1, 'AmazingJ', 2138, 2937053, 1);
INSERT INTO interacts VALUES(513295324165, 1, 'Road', 2043, 2968227, 1);
INSERT INTO interacts VALUES(513295324165, 1, 'Road', 2043, 2968499, 1);
INSERT INTO interacts VALUES(513295324165, 1, 'Impact', 3140, 3016399, 0);
INSERT INTO interacts VALUES(513295324165, 1, 'Smoothie', 2043, 3022098, 1);
INSERT INTO interacts VALUES(513295324165, 1, 'Smoothie', 2138, 3022421, 1);
INSERT INTO interacts VALUES(513295324165, 1, 'Jinjiao', 2140, 3025125, 1);
INSERT INTO interacts VALUES(513295324165, 1, 'Road', 2139, 3025224, 1);
INSERT INTO series VALUES(459144577369, 1);
INSERT INTO organizes VALUES('world_championship_2016', 459144577369, 'group_b - FW-vs-SKT');
INSERT INTO competes VALUES(459144577369, 'FW', 1);
INSERT INTO competes VALUES(459144577369, 'SKT', 0);
INSERT INTO matches VALUES(459144577369, 1, '2016-10-09');
INSERT INTO scores VALUES('FW', 459144577369, 1, 0, 1, 0, 1, 0, 0);
INSERT INTO scores VALUES('SKT', 459144577369, 1, 1, 9, 0, 1, 3, 1);
INSERT INTO bans VALUES(459144577369, 1, 43, 1);
INSERT INTO bans VALUES(459144577369, 1, 143, 3);
INSERT INTO bans VALUES(459144577369, 1, 13, 5);
INSERT INTO bans VALUES(459144577369, 1, 12, 2);
INSERT INTO bans VALUES(459144577369, 1, 76, 4);
INSERT INTO bans VALUES(459144577369, 1, 134, 6);
INSERT INTO plays VALUES(459144577369, 1, 'MMD', 78, 'top', 1, 3, 2, 17346, 22, 9, 341, 6, 1, 13903);
INSERT INTO plays VALUES(459144577369, 1, 'Karsa', 64, 'jungle', 0, 3, 5, 10292, 30, 22, 36, 88, 9, 11319);
INSERT INTO plays VALUES(459144577369, 1, 'Maple', 112, 'mid', 4, 5, 0, 28304, 22, 6, 354, 17, 0, 14935);
INSERT INTO plays VALUES(459144577369, 1, 'NL', 51, 'adc', 2, 4, 3, 16528, 15, 6, 323, 8, 0, 13704);
INSERT INTO plays VALUES(459144577369, 1, 'SwordArt', 201, 'support', 0, 5, 2, 6857, 68, 16, 40, 0, 0, 8805);
INSERT INTO plays VALUES(459144577369, 1, 'Duke', 48, 'top', 3, 1, 10, 16320, 22, 4, 340, 6, 17, 16804);
INSERT INTO plays VALUES(459144577369, 1, 'Bengi', 2, 'jungle', 1, 1, 14, 11851, 27, 26, 59, 80, 49, 14799);
INSERT INTO plays VALUES(459144577369, 1, 'Faker', 127, 'mid', 5, 5, 10, 16850, 22, 5, 354, 17, 13, 17424);
INSERT INTO plays VALUES(459144577369, 1, 'Bang', 81, 'adc', 10, 0, 7, 40924, 19, 15, 386, 24, 4, 20123);
INSERT INTO plays VALUES(459144577369, 1, 'Wolf', 267, 'support', 1, 0, 17, 6587, 53, 34, 38, 1, 0, 11519);
INSERT INTO interacts VALUES(459144577369, 1, 'Maple', 1056, 1417, 1);
INSERT INTO interacts VALUES(459144577369, 1, 'Karsa', 1041, 1553, 1);
INSERT INTO interacts VALUES(459144577369, 1, 'Maple', 2010, 1611, 1);
INSERT INTO interacts VALUES(459144577369, 1, 'Duke', 2033, 1611, 1);
INSERT INTO interacts VALUES(459144577369, 1, 'Karsa', 2031, 1708, 1);
INSERT INTO interacts VALUES(459144577369, 1, 'Maple', 2010, 1741, 1);
INSERT INTO interacts VALUES(459144577369, 1, 'Duke', 3340, 1837, 1);
INSERT INTO interacts VALUES(459144577369, 1, 'Maple', 3340, 1901, 1);
INSERT INTO interacts VALUES(459144577369, 1, 'SwordArt', 3340, 1998, 1);
INSERT INTO interacts VALUES(459144577369, 1, 'Karsa', 3340, 1998, 1);
INSERT INTO interacts VALUES(459144577369, 1, 'Bengi', 1039, 2072, 1);
INSERT INTO interacts VALUES(459144577369, 1, 'Bang', 1055, 2160, 1);
INSERT INTO interacts VALUES(459144577369, 1, 'MMD', 3340, 2160, 1);
INSERT INTO interacts VALUES(459144577369, 1, 'MMD', 2033, 2354, 1);
INSERT INTO interacts VALUES(459144577369, 1, 'Bang', 2010, 2354, 1);
INSERT INTO interacts VALUES(459144577369, 1, 'SwordArt', 2010, 2452, 1);
INSERT INTO interacts VALUES(459144577369, 1, 'Bengi', 3340, 2516, 1);
INSERT INTO interacts VALUES(459144577369, 1, 'Bang', 3340, 2549, 1);
INSERT INTO interacts VALUES(459144577369, 1, 'SwordArt', 2010, 2613, 1);
INSERT INTO interacts VALUES(459144577369, 1, 'SwordArt', 2010, 2742, 1);
INSERT INTO interacts VALUES(459144577369, 1, 'Faker', 1056, 2808, 1);
INSERT INTO interacts VALUES(459144577369, 1, 'SwordArt', 3302, 3002, 1);
INSERT INTO interacts VALUES(459144577369, 1, 'Faker', 2003, 3164, 1);
INSERT INTO interacts VALUES(459144577369, 1, 'Faker', 3340, 3369, 1);
INSERT INTO interacts VALUES(459144577369, 1, 'NL', 1055, 3650, 1);
INSERT INTO interacts VALUES(459144577369, 1, 'Faker', 2003, 3747, 1);
INSERT INTO interacts VALUES(459144577369, 1, 'Bengi', 2031, 3810, 1);
INSERT INTO interacts VALUES(459144577369, 1, 'NL', 2010, 3907, 1);
INSERT INTO interacts VALUES(459144577369, 1, 'NL', 3340, 4167, 1);
INSERT INTO interacts VALUES(459144577369, 1, 'Wolf', 3303, 4524, 1);
INSERT INTO interacts VALUES(459144577369, 1, 'Wolf', 2010, 4783, 1);
INSERT INTO interacts VALUES(459144577369, 1, 'Wolf', 2010, 4944, 1);
INSERT INTO interacts VALUES(459144577369, 1, 'Wolf', 2010, 5075, 1);
INSERT INTO interacts VALUES(459144577369, 1, 'Wolf', 3340, 5301, 1);
INSERT INTO interacts VALUES(459144577369, 1, 'Faker', 1057, 270084, 1);
INSERT INTO interacts VALUES(459144577369, 1, 'Faker', 2043, 271281, 1);
INSERT INTO interacts VALUES(459144577369, 1, 'Bengi', 3158, 308613, 1);
INSERT INTO interacts VALUES(459144577369, 1, 'Bengi', 2032, 310174, 1);
INSERT INTO interacts VALUES(459144577369, 1, 'Bengi', 2043, 311210, 1);
INSERT INTO interacts VALUES(459144577369, 1, 'Duke', 1036, 322955, 1);
INSERT INTO interacts VALUES(459144577369, 1, 'Duke', 1036, 323086, 1);
INSERT INTO interacts VALUES(459144577369, 1, 'MMD', 3751, 323246, 1);
INSERT INTO interacts VALUES(459144577369, 1, 'NL', 3006, 326493, 1);
INSERT INTO interacts VALUES(459144577369, 1, 'SwordArt', 1028, 327370, 1);
INSERT INTO interacts VALUES(459144577369, 1, 'NL', 2010, 327432, 1);
INSERT INTO interacts VALUES(459144577369, 1, 'NL', 2010, 327561, 1);
INSERT INTO interacts VALUES(459144577369, 1, 'Duke', 1001, 328304, 1);
INSERT INTO interacts VALUES(459144577369, 1, 'SwordArt', 2043, 328304, 1);
INSERT INTO interacts VALUES(459144577369, 1, 'Duke', 2043, 329019, 1);
INSERT INTO interacts VALUES(459144577369, 1, 'SwordArt', 2031, 329430, 1);
INSERT INTO interacts VALUES(459144577369, 1, 'Karsa', 3133, 334891, 1);
INSERT INTO interacts VALUES(459144577369, 1, 'Karsa', 2043, 335540, 1);
INSERT INTO interacts VALUES(459144577369, 1, 'Bang', 3070, 341812, 1);
INSERT INTO interacts VALUES(459144577369, 1, 'Bang', 1083, 344085, 1);
INSERT INTO interacts VALUES(459144577369, 1, 'Bang', 2010, 345122, 1);
INSERT INTO interacts VALUES(459144577369, 1, 'Bang', 2043, 345317, 1);
INSERT INTO interacts VALUES(459144577369, 1, 'Wolf', 3341, 355356, 1);
INSERT INTO interacts VALUES(459144577369, 1, 'Wolf', 2049, 365501, 1);
INSERT INTO interacts VALUES(459144577369, 1, 'Faker', 2031, 372740, 1);
INSERT INTO interacts VALUES(459144577369, 1, 'Faker', 1001, 372935, 1);
INSERT INTO interacts VALUES(459144577369, 1, 'Maple', 3196, 398898, 1);
INSERT INTO interacts VALUES(459144577369, 1, 'Maple', 1001, 399902, 1);
INSERT INTO interacts VALUES(459144577369, 1, 'Maple', 2043, 401003, 1);
INSERT INTO interacts VALUES(459144577369, 1, 'Maple', 2010, 405800, 1);
INSERT INTO interacts VALUES(459144577369, 1, 'Faker', 3158, 489393, 1);
INSERT INTO interacts VALUES(459144577369, 1, 'Faker', 2043, 490237, 1);
INSERT INTO interacts VALUES(459144577369, 1, 'Bengi', 3711, 499335, 1);
INSERT INTO interacts VALUES(459144577369, 1, 'Bengi', 1029, 502486, 1);
INSERT INTO interacts VALUES(459144577369, 1, 'Bengi', 2043, 502874, 1);
INSERT INTO interacts VALUES(459144577369, 1, 'Maple', 1028, 508627, 1);
INSERT INTO interacts VALUES(459144577369, 1, 'Maple', 2043, 509406, 1);
INSERT INTO interacts VALUES(459144577369, 1, 'Duke', 3077, 519372, 1);
INSERT INTO interacts VALUES(459144577369, 1, 'Duke', 1036, 520635, 1);
INSERT INTO interacts VALUES(459144577369, 1, 'Karsa', 3711, 523296, 1);
INSERT INTO interacts VALUES(459144577369, 1, 'Karsa', 2043, 524567, 1);
INSERT INTO interacts VALUES(459144577369, 1, 'Karsa', 1001, 525865, 1);
INSERT INTO interacts VALUES(459144577369, 1, 'MMD', 1031, 545113, 1);
INSERT INTO interacts VALUES(459144577369, 1, 'MMD', 1001, 546987, 1);
INSERT INTO interacts VALUES(459144577369, 1, 'MMD', 2043, 547555, 1);
INSERT INTO interacts VALUES(459144577369, 1, 'Duke', 1053, 578179, 1);
INSERT INTO interacts VALUES(459144577369, 1, 'SwordArt', 1001, 601865, 1);
INSERT INTO interacts VALUES(459144577369, 1, 'SwordArt', 2049, 602384, 1);
INSERT INTO interacts VALUES(459144577369, 1, 'SwordArt', 2043, 603371, 1);
INSERT INTO interacts VALUES(459144577369, 1, 'Bang', 3004, 611936, 1);
INSERT INTO interacts VALUES(459144577369, 1, 'Bang', 2010, 613755, 1);
INSERT INTO interacts VALUES(459144577369, 1, 'Bang', 1001, 616357, 1);
INSERT INTO interacts VALUES(459144577369, 1, 'Wolf', 1001, 617346, 1);
INSERT INTO interacts VALUES(459144577369, 1, 'Wolf', 2043, 618254, 1);
INSERT INTO interacts VALUES(459144577369, 1, 'Faker', 1052, 619362, 1);
INSERT INTO interacts VALUES(459144577369, 1, 'Wolf', 1028, 619732, 1);
INSERT INTO interacts VALUES(459144577369, 1, 'Faker', 2043, 620147, 1);
INSERT INTO interacts VALUES(459144577369, 1, 'NL', 1038, 640105, 1);
INSERT INTO interacts VALUES(459144577369, 1, 'NL', 1042, 641405, 1);
INSERT INTO interacts VALUES(459144577369, 1, 'NL', 2043, 642409, 1);
INSERT INTO interacts VALUES(459144577369, 1, 'NL', 2031, 644320, 1);
INSERT INTO interacts VALUES(459144577369, 1, 'Karsa', 1408, 650598, 1);
INSERT INTO interacts VALUES(459144577369, 1, 'Bengi', 1028, 666120, 1);
INSERT INTO interacts VALUES(459144577369, 1, 'Bengi', 1028, 666251, 1);
INSERT INTO interacts VALUES(459144577369, 1, 'Duke', 1037, 765773, 1);
INSERT INTO interacts VALUES(459144577369, 1, 'Duke', 2043, 773091, 1);
INSERT INTO interacts VALUES(459144577369, 1, 'MMD', 3068, 790171, 1);
INSERT INTO interacts VALUES(459144577369, 1, 'MMD', 1028, 795079, 1);
INSERT INTO interacts VALUES(459144577369, 1, 'Maple', 3198, 809112, 1);
INSERT INTO interacts VALUES(459144577369, 1, 'Maple', 2043, 811278, 1);
INSERT INTO interacts VALUES(459144577369, 1, 'Wolf', 3117, 817867, 1);
INSERT INTO interacts VALUES(459144577369, 1, 'Wolf', 2043, 819364, 1);
INSERT INTO interacts VALUES(459144577369, 1, 'Wolf', 2043, 819510, 1);
INSERT INTO interacts VALUES(459144577369, 1, 'Wolf', 2031, 819692, 1);
INSERT INTO interacts VALUES(459144577369, 1, 'Bang', 3158, 831798, 1);
INSERT INTO interacts VALUES(459144577369, 1, 'Karsa', 3111, 833526, 1);
INSERT INTO interacts VALUES(459144577369, 1, 'Karsa', 1028, 834456, 1);
INSERT INTO interacts VALUES(459144577369, 1, 'Bang', 3057, 834456, 1);
INSERT INTO interacts VALUES(459144577369, 1, 'Karsa', 2031, 835466, 0);
INSERT INTO interacts VALUES(459144577369, 1, 'Karsa', 2043, 835918, 1);
INSERT INTO interacts VALUES(459144577369, 1, 'Karsa', 3364, 836181, 1);
INSERT INTO interacts VALUES(459144577369, 1, 'SwordArt', 3117, 850895, 1);
INSERT INTO interacts VALUES(459144577369, 1, 'SwordArt', 2043, 852486, 1);
INSERT INTO interacts VALUES(459144577369, 1, 'SwordArt', 2043, 853201, 1);
INSERT INTO interacts VALUES(459144577369, 1, 'NL', 3086, 853625, 1);
INSERT INTO interacts VALUES(459144577369, 1, 'NL', 3363, 854894, 1);
INSERT INTO interacts VALUES(459144577369, 1, 'NL', 2043, 856029, 1);
INSERT INTO interacts VALUES(459144577369, 1, 'Bengi', 1409, 868700, 1);
INSERT INTO interacts VALUES(459144577369, 1, 'Bengi', 2043, 870214, 1);
INSERT INTO interacts VALUES(459144577369, 1, 'Bengi', 3364, 870618, 1);
INSERT INTO interacts VALUES(459144577369, 1, 'Faker', 3001, 886597, 1);
INSERT INTO interacts VALUES(459144577369, 1, 'Faker', 2043, 887296, 1);
INSERT INTO interacts VALUES(459144577369, 1, 'Duke', 3074, 906681, 1);
INSERT INTO interacts VALUES(459144577369, 1, 'Duke', 1029, 908466, 1);
INSERT INTO interacts VALUES(459144577369, 1, 'MMD', 3009, 933296, 1);
INSERT INTO interacts VALUES(459144577369, 1, 'Wolf', 2045, 1011085, 1);
INSERT INTO interacts VALUES(459144577369, 1, 'Faker', 3145, 1040234, 1);
INSERT INTO interacts VALUES(459144577369, 1, 'NL', 3085, 1094662, 1);
INSERT INTO interacts VALUES(459144577369, 1, 'SwordArt', 2045, 1099537, 1);
INSERT INTO interacts VALUES(459144577369, 1, 'SwordArt', 2043, 1099993, 1);
INSERT INTO interacts VALUES(459144577369, 1, 'Karsa', 3211, 1100289, 1);
INSERT INTO interacts VALUES(459144577369, 1, 'Karsa', 2043, 1100971, 1);
INSERT INTO interacts VALUES(459144577369, 1, 'MMD', 3211, 1101597, 1);
INSERT INTO interacts VALUES(459144577369, 1, 'MMD', 3111, 1105200, 1);
INSERT INTO interacts VALUES(459144577369, 1, 'Maple', 1058, 1107798, 1);
INSERT INTO interacts VALUES(459144577369, 1, 'MMD', 2043, 1108253, 1);
INSERT INTO interacts VALUES(459144577369, 1, 'Maple', 3158, 1109808, 1);
INSERT INTO interacts VALUES(459144577369, 1, 'Maple', 2043, 1111011, 1);
INSERT INTO interacts VALUES(459144577369, 1, 'Bang', 3044, 1114658, 1);
INSERT INTO interacts VALUES(459144577369, 1, 'Bang', 1083, 1115792, 0);
INSERT INTO interacts VALUES(459144577369, 1, 'Bang', 3101, 1117838, 1);
INSERT INTO interacts VALUES(459144577369, 1, 'Bang', 3363, 1118132, 1);
INSERT INTO interacts VALUES(459144577369, 1, 'Bengi', 1011, 1127671, 1);
INSERT INTO interacts VALUES(459144577369, 1, 'Bengi', 1031, 1128035, 1);
INSERT INTO interacts VALUES(459144577369, 1, 'Bengi', 2043, 1129527, 1);
INSERT INTO interacts VALUES(459144577369, 1, 'Wolf', 3801, 1132875, 1);
INSERT INTO interacts VALUES(459144577369, 1, 'Wolf', 2031, 1135466, 0);
INSERT INTO interacts VALUES(459144577369, 1, 'Wolf', 1033, 1136213, 1);
INSERT INTO interacts VALUES(459144577369, 1, 'Wolf', 2043, 1137735, 1);
INSERT INTO interacts VALUES(459144577369, 1, 'Duke', 3057, 1138590, 1);
INSERT INTO interacts VALUES(459144577369, 1, 'Duke', 1033, 1141091, 1);
INSERT INTO interacts VALUES(459144577369, 1, 'Faker', 3152, 1214649, 1);
INSERT INTO interacts VALUES(459144577369, 1, 'Faker', 2043, 1215870, 1);
INSERT INTO interacts VALUES(459144577369, 1, 'Faker', 3363, 1216210, 1);
INSERT INTO interacts VALUES(459144577369, 1, 'NL', 1037, 1235544, 1);
INSERT INTO interacts VALUES(459144577369, 1, 'SwordArt', 3801, 1238140, 1);
INSERT INTO interacts VALUES(459144577369, 1, 'SwordArt', 2031, 1239799, 0);
INSERT INTO interacts VALUES(459144577369, 1, 'SwordArt', 2043, 1240544, 1);
INSERT INTO interacts VALUES(459144577369, 1, 'MMD', 1028, 1259891, 1);
INSERT INTO interacts VALUES(459144577369, 1, 'Wolf', 3105, 1272967, 1);
INSERT INTO interacts VALUES(459144577369, 1, 'Wolf', 2043, 1273650, 1);
INSERT INTO interacts VALUES(459144577369, 1, 'Wolf', 3364, 1274239, 1);
INSERT INTO interacts VALUES(459144577369, 1, 'Duke', 3024, 1302611, 1);
INSERT INTO interacts VALUES(459144577369, 1, 'Duke', 3111, 1304495, 1);
INSERT INTO interacts VALUES(459144577369, 1, 'Karsa', 1011, 1308783, 1);
INSERT INTO interacts VALUES(459144577369, 1, 'Karsa', 2043, 1309459, 1);
INSERT INTO interacts VALUES(459144577369, 1, 'Karsa', 2003, 1309752, 1);
INSERT INTO interacts VALUES(459144577369, 1, 'Faker', 1052, 1314824, 1);
INSERT INTO interacts VALUES(459144577369, 1, 'Bang', 3078, 1324947, 1);
INSERT INTO interacts VALUES(459144577369, 1, 'Bang', 1036, 1325375, 1);
INSERT INTO interacts VALUES(459144577369, 1, 'Bang', 1036, 1326798, 1);
INSERT INTO interacts VALUES(459144577369, 1, 'Bengi', 3742, 1336982, 1);
INSERT INTO interacts VALUES(459144577369, 1, 'Bengi', 2043, 1338719, 1);
INSERT INTO interacts VALUES(459144577369, 1, 'Bengi', 2043, 1338819, 1);
INSERT INTO interacts VALUES(459144577369, 1, 'Maple', 3116, 1346080, 1);
INSERT INTO interacts VALUES(459144577369, 1, 'Maple', 2043, 1347644, 1);
INSERT INTO interacts VALUES(459144577369, 1, 'SwordArt', 2043, 1359543, 1);
INSERT INTO interacts VALUES(459144577369, 1, 'SwordArt', 2043, 1359704, 1);
INSERT INTO interacts VALUES(459144577369, 1, 'SwordArt', 3364, 1360545, 1);
INSERT INTO interacts VALUES(459144577369, 1, 'SwordArt', 2031, 1360809, 1);
INSERT INTO interacts VALUES(459144577369, 1, 'MMD', 3065, 1383244, 1);
INSERT INTO interacts VALUES(459144577369, 1, 'MMD', 2043, 1385995, 1);
INSERT INTO interacts VALUES(459144577369, 1, 'Karsa', 1029, 1449155, 1);
INSERT INTO interacts VALUES(459144577369, 1, 'SwordArt', 2031, 1449368, 0);
INSERT INTO interacts VALUES(459144577369, 1, 'SwordArt', 1033, 1449887, 1);
INSERT INTO interacts VALUES(459144577369, 1, 'SwordArt', 2043, 1450380, 1);
INSERT INTO interacts VALUES(459144577369, 1, 'Maple', 1026, 1462724, 1);
INSERT INTO interacts VALUES(459144577369, 1, 'Faker', 3191, 1466497, 1);
INSERT INTO interacts VALUES(459144577369, 1, 'Maple', 2043, 1476362, 1);
INSERT INTO interacts VALUES(459144577369, 1, 'Maple', 3363, 1478547, 1);
INSERT INTO interacts VALUES(459144577369, 1, 'Wolf', 3190, 1481251, 1);
INSERT INTO interacts VALUES(459144577369, 1, 'Wolf', 2043, 1481805, 1);
INSERT INTO interacts VALUES(459144577369, 1, 'Wolf', 2043, 1482443, 1);
INSERT INTO interacts VALUES(459144577369, 1, 'Wolf', 2031, 1483329, 1);
INSERT INTO interacts VALUES(459144577369, 1, 'Bang', 3144, 1484043, 1);
INSERT INTO interacts VALUES(459144577369, 1, 'Bang', 1043, 1484662, 1);
INSERT INTO interacts VALUES(459144577369, 1, 'MMD', 2043, 1491551, 1);
INSERT INTO interacts VALUES(459144577369, 1, 'NL', 3031, 1501519, 1);
INSERT INTO interacts VALUES(459144577369, 1, 'Bengi', 3211, 1513060, 1);
INSERT INTO interacts VALUES(459144577369, 1, 'Duke', 3025, 1521293, 1);
INSERT INTO interacts VALUES(459144577369, 1, 'Duke', 3211, 1521711, 1);
INSERT INTO interacts VALUES(459144577369, 1, 'Duke', 2043, 1523499, 1);
INSERT INTO interacts VALUES(459144577369, 1, 'MMD', 1031, 1539974, 1);
INSERT INTO interacts VALUES(459144577369, 1, 'SwordArt', 3105, 1619689, 1);
INSERT INTO interacts VALUES(459144577369, 1, 'SwordArt', 2043, 1620642, 1);
INSERT INTO interacts VALUES(459144577369, 1, 'SwordArt', 2043, 1620786, 1);
INSERT INTO interacts VALUES(459144577369, 1, 'SwordArt', 2031, 1621258, 1);
INSERT INTO interacts VALUES(459144577369, 1, 'Faker', 3157, 1634097, 1);
INSERT INTO interacts VALUES(459144577369, 1, 'Wolf', 2031, 1638392, 0);
INSERT INTO interacts VALUES(459144577369, 1, 'Wolf', 3114, 1645708, 1);
INSERT INTO interacts VALUES(459144577369, 1, 'Bang', 3153, 1650088, 1);
INSERT INTO interacts VALUES(459144577369, 1, 'Bang', 2043, 1651524, 1);
INSERT INTO interacts VALUES(459144577369, 1, 'Duke', 3067, 1658800, 1);
INSERT INTO interacts VALUES(459144577369, 1, 'Karsa', 1031, 1660231, 1);
INSERT INTO interacts VALUES(459144577369, 1, 'MMD', 2033, 1714584, 0);
INSERT INTO interacts VALUES(459144577369, 1, 'MMD', 3026, 1715824, 1);
INSERT INTO interacts VALUES(459144577369, 1, 'MMD', 2043, 1716552, 1);
INSERT INTO interacts VALUES(459144577369, 1, 'NL', 3140, 1734428, 1);
INSERT INTO interacts VALUES(459144577369, 1, 'Faker', 2031, 1789354, 0);
INSERT INTO interacts VALUES(459144577369, 1, 'Faker', 1058, 1789842, 1);
INSERT INTO interacts VALUES(459144577369, 1, 'Maple', 3135, 1797812, 1);
INSERT INTO interacts VALUES(459144577369, 1, 'Maple', 2043, 1798959, 1);
INSERT INTO interacts VALUES(459144577369, 1, 'Karsa', 3742, 1803936, 1);
INSERT INTO interacts VALUES(459144577369, 1, 'Karsa', 2043, 1804262, 1);
INSERT INTO interacts VALUES(459144577369, 1, 'SwordArt', 2031, 1842930, 0);
INSERT INTO interacts VALUES(459144577369, 1, 'SwordArt', 3067, 1848721, 1);
INSERT INTO interacts VALUES(459144577369, 1, 'Karsa', 1033, 1879465, 1);
INSERT INTO interacts VALUES(459144577369, 1, 'NL', 2031, 1880117, 0);
INSERT INTO interacts VALUES(459144577369, 1, 'NL', 1037, 1882655, 1);
INSERT INTO interacts VALUES(459144577369, 1, 'Bengi', 3102, 1885913, 1);
INSERT INTO interacts VALUES(459144577369, 1, 'Karsa', 1057, 1887678, 1);
INSERT INTO interacts VALUES(459144577369, 1, 'Bengi', 1011, 1891676, 1);
INSERT INTO interacts VALUES(459144577369, 1, 'Wolf', 3222, 1900355, 1);
INSERT INTO interacts VALUES(459144577369, 1, 'Bang', 3036, 1900684, 1);
INSERT INTO interacts VALUES(459144577369, 1, 'Wolf', 2043, 1905780, 1);
INSERT INTO interacts VALUES(459144577369, 1, 'MMD', 3057, 1906331, 1);
INSERT INTO interacts VALUES(459144577369, 1, 'MMD', 2043, 1908182, 1);
INSERT INTO interacts VALUES(459144577369, 1, 'Duke', 3065, 1915424, 1);
INSERT INTO interacts VALUES(459144577369, 1, 'Duke', 1011, 1918412, 1);
INSERT INTO interacts VALUES(459144577369, 1, 'Karsa', 2043, 1920350, 1);
INSERT INTO interacts VALUES(459144577369, 1, 'Maple', 2043, 1924409, 0);
INSERT INTO interacts VALUES(459144577369, 1, 'Maple', 1026, 1925753, 1);
INSERT INTO interacts VALUES(459144577369, 1, 'NL', 3035, 1925776, 1);
INSERT INTO interacts VALUES(459144577369, 1, 'SwordArt', 3190, 1934339, 1);
INSERT INTO interacts VALUES(459144577369, 1, 'SwordArt', 1033, 1937466, 1);
INSERT INTO interacts VALUES(459144577369, 1, 'SwordArt', 2043, 1941716, 1);
INSERT INTO interacts VALUES(459144577369, 1, 'Karsa', 3102, 1977448, 1);
INSERT INTO interacts VALUES(459144577369, 1, 'Faker', 3089, 1989151, 1);
INSERT INTO interacts VALUES(459144577369, 1, 'Bang', 1055, 1998640, 0);
INSERT INTO interacts VALUES(459144577369, 1, 'Bang', 3140, 1999744, 1);
INSERT INTO interacts VALUES(459144577369, 1, 'Wolf', 2043, 2000397, 1);
INSERT INTO interacts VALUES(459144577369, 1, 'Wolf', 2043, 2000953, 1);
INSERT INTO interacts VALUES(459144577369, 1, 'MMD', 3024, 2048182, 1);
INSERT INTO interacts VALUES(459144577369, 1, 'Karsa', 1028, 2066185, 1);
INSERT INTO interacts VALUES(459144577369, 1, 'SwordArt', 3028, 2066285, 1);
INSERT INTO interacts VALUES(459144577369, 1, 'SwordArt', 2043, 2067750, 1);
INSERT INTO interacts VALUES(459144577369, 1, 'Faker', 1056, 2078491, 0);
INSERT INTO interacts VALUES(459144577369, 1, 'Faker', 1052, 2079017, 1);
INSERT INTO interacts VALUES(459144577369, 1, 'Maple', 1056, 2121654, 0);
INSERT INTO interacts VALUES(459144577369, 1, 'Maple', 1058, 2122375, 1);
INSERT INTO interacts VALUES(459144577369, 1, 'Duke', 2033, 2124208, 0);
INSERT INTO interacts VALUES(459144577369, 1, 'SwordArt', 2043, 2127613, 1);
INSERT INTO interacts VALUES(459144577369, 1, 'NL', 3036, 2127649, 1);
INSERT INTO interacts VALUES(459144577369, 1, 'SwordArt', 2043, 2127780, 1);
INSERT INTO interacts VALUES(459144577369, 1, 'Duke', 2033, 2127941, 0);
INSERT INTO interacts VALUES(459144577369, 1, 'Duke', 3026, 2129636, 1);
INSERT INTO interacts VALUES(459144577369, 1, 'Bang', 2140, 2132897, 1);
INSERT INTO interacts VALUES(459144577369, 1, 'Bengi', 2032, 2162838, 0);
INSERT INTO interacts VALUES(459144577369, 1, 'MMD', 3025, 2163265, 1);
INSERT INTO interacts VALUES(459144577369, 1, 'Bengi', 3143, 2164337, 1);
INSERT INTO interacts VALUES(459144577369, 1, 'Bengi', 2043, 2167191, 1);
INSERT INTO interacts VALUES(459144577369, 1, 'SwordArt', 2043, 2242979, 1);
INSERT INTO interacts VALUES(459144577369, 1, 'SwordArt', 2043, 2243180, 1);
INSERT INTO interacts VALUES(459144577369, 1, 'Karsa', 1011, 2243676, 1);
INSERT INTO interacts VALUES(459144577369, 1, 'Wolf', 3303, 2247746, 0);
INSERT INTO interacts VALUES(459144577369, 1, 'Wolf', 3024, 2248863, 1);
INSERT INTO interacts VALUES(459144577369, 1, 'Bang', 3139, 2250011, 1);
INSERT INTO interacts VALUES(459144577369, 1, 'Karsa', 2043, 2251689, 1);
INSERT INTO interacts VALUES(459144577369, 1, 'NL', 1055, 2277332, 0);
INSERT INTO interacts VALUES(459144577369, 1, 'NL', 3086, 2284733, 1);
INSERT INTO interacts VALUES(459144577369, 1, 'Faker', 3135, 2299310, 1);
INSERT INTO interacts VALUES(459144577369, 1, 'MMD', 1011, 2317137, 1);
INSERT INTO interacts VALUES(459144577369, 1, 'Karsa', 2043, 2361868, 1);
INSERT INTO interacts VALUES(459144577369, 1, 'Karsa', 2043, 2362033, 1);
INSERT INTO interacts VALUES(459144577369, 1, 'SwordArt', 1004, 2364552, 1);
INSERT INTO interacts VALUES(459144577369, 1, 'Maple', 3089, 2366157, 1);
INSERT INTO series VALUES(580425212695, '5');
INSERT INTO organizes VALUES('world_championship_2016', 580425212695, 'elimination - R2M1');
INSERT INTO competes VALUES(580425212695, 'ROX', 1);
INSERT INTO competes VALUES(580425212695, 'SKT', 0);
INSERT INTO matches VALUES(580425212695, 1, '2016-10-21');
INSERT INTO scores VALUES('ROX', 580425212695, 1, 0, 5, 0, 1, 3, 0);
INSERT INTO scores VALUES('SKT', 580425212695, 1, 1, 11, 0, 1, 2, 1);
INSERT INTO bans VALUES(580425212695, 1, 13, 1);
INSERT INTO bans VALUES(580425212695, 1, 81, 3);
INSERT INTO bans VALUES(580425212695, 1, 134, 5);
INSERT INTO bans VALUES(580425212695, 1, 76, 2);
INSERT INTO bans VALUES(580425212695, 1, 136, 4);
INSERT INTO bans VALUES(580425212695, 1, 126, 6);
INSERT INTO plays VALUES(580425212695, 1, 'Smeb', 78, 'top', 3, 2, 2, 23775, 27, 2, 319, 9, 0, 15101);
INSERT INTO plays VALUES(580425212695, 1, 'Peanut', 60, 'jungle', 0, 2, 1, 10681, 38, 25, 61, 95, 11, 13665);
INSERT INTO plays VALUES(580425212695, 1, 'Kuro', 112, 'mid', 3, 1, 3, 21681, 23, 6, 356, 20, 7, 16535);
INSERT INTO plays VALUES(580425212695, 1, 'PraY', 51, 'adc', 0, 2, 2, 19731, 20, 18, 453, 20, 7, 17425);
INSERT INTO plays VALUES(580425212695, 1, 'GorillA', 43, 'support', 0, 5, 3, 4033, 78, 21, 30, 0, 0, 9977);
INSERT INTO plays VALUES(580425212695, 1, 'Duke', 48, 'top', 4, 0, 5, 11994, 25, 3, 388, 3, 8, 18957);
INSERT INTO plays VALUES(580425212695, 1, 'Bengi', 2, 'jungle', 1, 2, 6, 10831, 38, 28, 69, 92, 29, 15213);
INSERT INTO plays VALUES(580425212695, 1, 'Faker', 61, 'mid', 4, 2, 5, 20558, 24, 9, 351, 26, 14, 18755);
INSERT INTO plays VALUES(580425212695, 1, 'Bang', 22, 'adc', 1, 0, 9, 17337, 21, 14, 416, 26, 12, 19293);
INSERT INTO plays VALUES(580425212695, 1, 'Wolf', 143, 'support', 2, 2, 5, 17014, 62, 33, 40, 0, 4, 12896);
INSERT INTO interacts VALUES(580425212695, 1, 'GorillA', 3303, 1113, 1);
INSERT INTO interacts VALUES(580425212695, 1, 'GorillA', 2010, 1373, 1);
INSERT INTO interacts VALUES(580425212695, 1, 'GorillA', 2010, 1470, 1);
INSERT INTO interacts VALUES(580425212695, 1, 'GorillA', 2010, 1574, 1);
INSERT INTO interacts VALUES(580425212695, 1, 'Peanut', 1039, 1633, 1);
INSERT INTO interacts VALUES(580425212695, 1, 'GorillA', 3340, 1923, 1);
INSERT INTO interacts VALUES(580425212695, 1, 'Smeb', 2033, 2054, 1);
INSERT INTO interacts VALUES(580425212695, 1, 'Bengi', 1039, 2054, 1);
INSERT INTO interacts VALUES(580425212695, 1, 'Smeb', 3340, 2247, 1);
INSERT INTO interacts VALUES(580425212695, 1, 'Faker', 1056, 2311, 1);
INSERT INTO interacts VALUES(580425212695, 1, 'Bengi', 3340, 2440, 1);
INSERT INTO interacts VALUES(580425212695, 1, 'Faker', 2003, 2473, 1);
INSERT INTO interacts VALUES(580425212695, 1, 'PraY', 1055, 2572, 1);
INSERT INTO interacts VALUES(580425212695, 1, 'Faker', 2003, 2636, 1);
INSERT INTO interacts VALUES(580425212695, 1, 'Wolf', 3303, 2870, 1);
INSERT INTO interacts VALUES(580425212695, 1, 'Faker', 3340, 2959, 1);
INSERT INTO interacts VALUES(580425212695, 1, 'PraY', 2003, 3186, 1);
INSERT INTO interacts VALUES(580425212695, 1, 'Wolf', 2010, 3506, 1);
INSERT INTO interacts VALUES(580425212695, 1, 'Bang', 1055, 3506, 1);
INSERT INTO interacts VALUES(580425212695, 1, 'Duke', 2033, 3603, 1);
INSERT INTO interacts VALUES(580425212695, 1, 'PraY', 3340, 3603, 1);
INSERT INTO interacts VALUES(580425212695, 1, 'Wolf', 2010, 3669, 1);
INSERT INTO interacts VALUES(580425212695, 1, 'Bengi', 2031, 3669, 1);
INSERT INTO interacts VALUES(580425212695, 1, 'Bang', 2010, 3702, 1);
INSERT INTO interacts VALUES(580425212695, 1, 'Duke', 3340, 3765, 1);
INSERT INTO interacts VALUES(580425212695, 1, 'Wolf', 2010, 3798, 1);
INSERT INTO interacts VALUES(580425212695, 1, 'Kuro', 1056, 3926, 1);
INSERT INTO interacts VALUES(580425212695, 1, 'Bang', 3340, 3926, 1);
INSERT INTO interacts VALUES(580425212695, 1, 'Kuro', 2003, 4088, 1);
INSERT INTO interacts VALUES(580425212695, 1, 'Wolf', 3340, 4088, 1);
INSERT INTO interacts VALUES(580425212695, 1, 'Kuro', 2003, 4251, 1);
INSERT INTO interacts VALUES(580425212695, 1, 'Kuro', 3340, 4448, 1);
INSERT INTO interacts VALUES(580425212695, 1, 'Peanut', 1041, 4642, 1);
INSERT INTO interacts VALUES(580425212695, 1, 'Peanut', 2031, 4998, 1);
INSERT INTO interacts VALUES(580425212695, 1, 'Peanut', 3340, 5482, 1);
INSERT INTO interacts VALUES(580425212695, 1, 'Faker', 1056, 249100, 1);
INSERT INTO interacts VALUES(580425212695, 1, 'Faker', 1001, 249557, 1);
INSERT INTO interacts VALUES(580425212695, 1, 'Peanut', 1052, 272098, 1);
INSERT INTO interacts VALUES(580425212695, 1, 'Peanut', 3711, 274989, 1);
INSERT INTO interacts VALUES(580425212695, 1, 'Peanut', 2043, 276099, 1);
INSERT INTO interacts VALUES(580425212695, 1, 'Smeb', 1001, 313525, 1);
INSERT INTO interacts VALUES(580425212695, 1, 'Smeb', 1028, 314826, 1);
INSERT INTO interacts VALUES(580425212695, 1, 'Smeb', 1029, 315637, 1);
INSERT INTO interacts VALUES(580425212695, 1, 'Bengi', 3158, 319308, 1);
INSERT INTO interacts VALUES(580425212695, 1, 'Bengi', 2032, 320604, 1);
INSERT INTO interacts VALUES(580425212695, 1, 'Bengi', 2043, 321252, 1);
INSERT INTO interacts VALUES(580425212695, 1, 'Duke', 3077, 344908, 1);
INSERT INTO interacts VALUES(580425212695, 1, 'Duke', 2043, 345707, 1);
INSERT INTO interacts VALUES(580425212695, 1, 'Kuro', 3196, 368864, 1);
INSERT INTO interacts VALUES(580425212695, 1, 'Kuro', 2003, 369968, 1);
INSERT INTO interacts VALUES(580425212695, 1, 'Wolf', 2049, 370662, 1);
INSERT INTO interacts VALUES(580425212695, 1, 'Wolf', 3341, 373474, 1);
INSERT INTO interacts VALUES(580425212695, 1, 'Kuro', 2003, 373672, 1);
INSERT INTO interacts VALUES(580425212695, 1, 'Wolf', 2010, 377439, 1);
INSERT INTO interacts VALUES(580425212695, 1, 'GorillA', 1028, 385392, 1);
INSERT INTO interacts VALUES(580425212695, 1, 'GorillA', 2043, 386110, 1);
INSERT INTO interacts VALUES(580425212695, 1, 'GorillA', 2031, 386435, 1);
INSERT INTO interacts VALUES(580425212695, 1, 'Duke', 1001, 446467, 1);
INSERT INTO interacts VALUES(580425212695, 1, 'Duke', 2043, 447114, 1);
INSERT INTO interacts VALUES(580425212695, 1, 'Peanut', 1001, 447245, 1);
INSERT INTO interacts VALUES(580425212695, 1, 'Peanut', 1052, 448772, 1);
INSERT INTO interacts VALUES(580425212695, 1, 'Peanut', 2043, 450072, 1);
INSERT INTO interacts VALUES(580425212695, 1, 'Smeb', 3751, 463370, 1);
INSERT INTO interacts VALUES(580425212695, 1, 'Smeb', 2043, 464280, 1);
INSERT INTO interacts VALUES(580425212695, 1, 'Bang', 1038, 464579, 1);
INSERT INTO interacts VALUES(580425212695, 1, 'Bang', 1001, 464830, 1);
INSERT INTO interacts VALUES(580425212695, 1, 'Bang', 1042, 465835, 1);
INSERT INTO interacts VALUES(580425212695, 1, 'Bang', 2043, 466584, 1);
INSERT INTO interacts VALUES(580425212695, 1, 'PraY', 1038, 492115, 1);
INSERT INTO interacts VALUES(580425212695, 1, 'PraY', 1001, 492636, 1);
INSERT INTO interacts VALUES(580425212695, 1, 'PraY', 1042, 494551, 1);
INSERT INTO interacts VALUES(580425212695, 1, 'Kuro', 1001, 494714, 1);
INSERT INTO interacts VALUES(580425212695, 1, 'PraY', 1042, 494781, 1);
INSERT INTO interacts VALUES(580425212695, 1, 'Kuro', 2003, 495271, 1);
INSERT INTO interacts VALUES(580425212695, 1, 'Kuro', 2003, 495408, 1);
INSERT INTO interacts VALUES(580425212695, 1, 'GorillA', 2049, 497754, 1);
INSERT INTO interacts VALUES(580425212695, 1, 'GorillA', 3341, 498026, 1);
INSERT INTO interacts VALUES(580425212695, 1, 'PraY', 2043, 500109, 1);
INSERT INTO interacts VALUES(580425212695, 1, 'PraY', 2003, 500470, 1);
INSERT INTO interacts VALUES(580425212695, 1, 'PraY', 2003, 500726, 1);
INSERT INTO interacts VALUES(580425212695, 1, 'Wolf', 1001, 502551, 1);
INSERT INTO interacts VALUES(580425212695, 1, 'Wolf', 2043, 503330, 1);
INSERT INTO interacts VALUES(580425212695, 1, 'Wolf', 2043, 503472, 1);
INSERT INTO interacts VALUES(580425212695, 1, 'Wolf', 2010, 506585, 1);
INSERT INTO interacts VALUES(580425212695, 1, 'Faker', 3802, 506638, 1);
INSERT INTO interacts VALUES(580425212695, 1, 'Faker', 1052, 507320, 1);
INSERT INTO interacts VALUES(580425212695, 1, 'Bengi', 3711, 550482, 1);
INSERT INTO interacts VALUES(580425212695, 1, 'Bengi', 1028, 551944, 1);
INSERT INTO interacts VALUES(580425212695, 1, 'Bengi', 2043, 552754, 1);
INSERT INTO interacts VALUES(580425212695, 1, 'Peanut', 3020, 602238, 1);
INSERT INTO interacts VALUES(580425212695, 1, 'Peanut', 3341, 603633, 1);
INSERT INTO interacts VALUES(580425212695, 1, 'Bengi', 3751, 680718, 1);
INSERT INTO interacts VALUES(580425212695, 1, 'Bengi', 2043, 681241, 1);
INSERT INTO interacts VALUES(580425212695, 1, 'Kuro', 3197, 693236, 1);
INSERT INTO interacts VALUES(580425212695, 1, 'Duke', 3052, 694274, 1);
INSERT INTO interacts VALUES(580425212695, 1, 'Kuro', 2003, 694437, 1);
INSERT INTO interacts VALUES(580425212695, 1, 'Duke', 2043, 695902, 1);
INSERT INTO interacts VALUES(580425212695, 1, 'Smeb', 3068, 728538, 1);
INSERT INTO interacts VALUES(580425212695, 1, 'Smeb', 2043, 729607, 1);
INSERT INTO interacts VALUES(580425212695, 1, 'Peanut', 3113, 737763, 1);
INSERT INTO interacts VALUES(580425212695, 1, 'Faker', 3165, 786702, 1);
INSERT INTO interacts VALUES(580425212695, 1, 'Faker', 2031, 787611, 1);
INSERT INTO interacts VALUES(580425212695, 1, 'Faker', 2043, 788067, 1);
INSERT INTO interacts VALUES(580425212695, 1, 'Bengi', 1409, 793778, 1);
INSERT INTO interacts VALUES(580425212695, 1, 'Wolf', 3117, 796022, 1);
INSERT INTO interacts VALUES(580425212695, 1, 'Wolf', 2043, 796284, 1);
INSERT INTO interacts VALUES(580425212695, 1, 'Wolf', 2043, 796412, 1);
INSERT INTO interacts VALUES(580425212695, 1, 'Wolf', 2031, 796638, 1);
INSERT INTO interacts VALUES(580425212695, 1, 'Bang', 3006, 796879, 1);
INSERT INTO interacts VALUES(580425212695, 1, 'Bang', 3086, 798841, 1);
INSERT INTO interacts VALUES(580425212695, 1, 'Bang', 2043, 799235, 1);
INSERT INTO interacts VALUES(580425212695, 1, 'Kuro', 3198, 806403, 1);
INSERT INTO interacts VALUES(580425212695, 1, 'Smeb', 1028, 808508, 1);
INSERT INTO interacts VALUES(580425212695, 1, 'Kuro', 2043, 808508, 1);
INSERT INTO interacts VALUES(580425212695, 1, 'Kuro', 2003, 808735, 1);
INSERT INTO interacts VALUES(580425212695, 1, 'Kuro', 3363, 809643, 1);
INSERT INTO interacts VALUES(580425212695, 1, 'GorillA', 3117, 824696, 1);
INSERT INTO interacts VALUES(580425212695, 1, 'GorillA', 2043, 825000, 1);
INSERT INTO interacts VALUES(580425212695, 1, 'PraY', 3006, 825944, 1);
INSERT INTO interacts VALUES(580425212695, 1, 'GorillA', 3158, 827244, 1);
INSERT INTO interacts VALUES(580425212695, 1, 'GorillA', 2043, 827955, 1);
INSERT INTO interacts VALUES(580425212695, 1, 'PraY', 1042, 827955, 1);
INSERT INTO interacts VALUES(580425212695, 1, 'GorillA', 1004, 829416, 1);
INSERT INTO interacts VALUES(580425212695, 1, 'PraY', 3140, 831441, 1);
INSERT INTO interacts VALUES(580425212695, 1, 'PraY', 3363, 833583, 1);
INSERT INTO interacts VALUES(580425212695, 1, 'Kuro', 2031, 875990, 1);
INSERT INTO interacts VALUES(580425212695, 1, 'Peanut', 1410, 878982, 1);
INSERT INTO interacts VALUES(580425212695, 1, 'Peanut', 2043, 879926, 1);
INSERT INTO interacts VALUES(580425212695, 1, 'Peanut', 3364, 880902, 1);
INSERT INTO interacts VALUES(580425212695, 1, 'Duke', 3748, 904865, 1);
INSERT INTO interacts VALUES(580425212695, 1, 'Duke', 1028, 905178, 1);
INSERT INTO interacts VALUES(580425212695, 1, 'GorillA', 3098, 946287, 1);
INSERT INTO interacts VALUES(580425212695, 1, 'GorillA', 2043, 947069, 1);
INSERT INTO interacts VALUES(580425212695, 1, 'Faker', 1058, 953253, 1);
INSERT INTO interacts VALUES(580425212695, 1, 'Wolf', 3098, 963432, 1);
INSERT INTO interacts VALUES(580425212695, 1, 'Wolf', 2043, 963757, 1);
INSERT INTO interacts VALUES(580425212695, 1, 'Wolf', 2043, 963887, 1);
INSERT INTO interacts VALUES(580425212695, 1, 'Kuro', 3009, 987568, 1);
INSERT INTO interacts VALUES(580425212695, 1, 'Kuro', 1052, 995725, 1);
INSERT INTO interacts VALUES(580425212695, 1, 'Bengi', 3211, 1008264, 1);
INSERT INTO interacts VALUES(580425212695, 1, 'Bengi', 3364, 1009241, 1);
INSERT INTO interacts VALUES(580425212695, 1, 'Bengi', 2043, 1009534, 1);
INSERT INTO interacts VALUES(580425212695, 1, 'Duke', 1033, 1010639, 1);
INSERT INTO interacts VALUES(580425212695, 1, 'Duke', 1029, 1012595, 1);
INSERT INTO interacts VALUES(580425212695, 1, 'Peanut', 3067, 1020465, 1);
INSERT INTO interacts VALUES(580425212695, 1, 'Smeb', 3111, 1031629, 1);
INSERT INTO interacts VALUES(580425212695, 1, 'Smeb', 1011, 1034067, 1);
INSERT INTO interacts VALUES(580425212695, 1, 'Smeb', 2043, 1035132, 1);
INSERT INTO interacts VALUES(580425212695, 1, 'Faker', 3089, 1215824, 1);
INSERT INTO interacts VALUES(580425212695, 1, 'GorillA', 2301, 1215989, 1);
INSERT INTO interacts VALUES(580425212695, 1, 'GorillA', 2043, 1216212, 1);
INSERT INTO interacts VALUES(580425212695, 1, 'Peanut', 3145, 1217539, 1);
INSERT INTO interacts VALUES(580425212695, 1, 'Peanut', 2043, 1218709, 1);
INSERT INTO interacts VALUES(580425212695, 1, 'PraY', 3085, 1221146, 1);
INSERT INTO interacts VALUES(580425212695, 1, 'PraY', 2043, 1222561, 1);
INSERT INTO interacts VALUES(580425212695, 1, 'Bengi', 1057, 1223487, 1);
INSERT INTO interacts VALUES(580425212695, 1, 'GorillA', 1028, 1225423, 1);
INSERT INTO interacts VALUES(580425212695, 1, 'Bengi', 1029, 1225727, 1);
INSERT INTO interacts VALUES(580425212695, 1, 'Bang', 3085, 1227613, 1);
INSERT INTO interacts VALUES(580425212695, 1, 'Kuro', 1058, 1228015, 1);
INSERT INTO interacts VALUES(580425212695, 1, 'Duke', 3111, 1228803, 1);
INSERT INTO interacts VALUES(580425212695, 1, 'Bang', 1037, 1229012, 1);
INSERT INTO interacts VALUES(580425212695, 1, 'Bang', 1018, 1229502, 1);
INSERT INTO interacts VALUES(580425212695, 1, 'Duke', 3057, 1230245, 1);
INSERT INTO interacts VALUES(580425212695, 1, 'Wolf', 2301, 1234920, 1);
INSERT INTO interacts VALUES(580425212695, 1, 'Wolf', 1052, 1236291, 1);
INSERT INTO interacts VALUES(580425212695, 1, 'Wolf', 1028, 1237121, 1);
INSERT INTO interacts VALUES(580425212695, 1, 'Wolf', 2043, 1237950, 1);
INSERT INTO interacts VALUES(580425212695, 1, 'Wolf', 3364, 1240383, 1);
INSERT INTO interacts VALUES(580425212695, 1, 'Smeb', 3742, 1242054, 1);
INSERT INTO interacts VALUES(580425212695, 1, 'Smeb', 2043, 1243113, 1);
INSERT INTO interacts VALUES(580425212695, 1, 'Wolf', 3136, 1322572, 1);
INSERT INTO interacts VALUES(580425212695, 1, 'Bengi', 3102, 1333348, 1);
INSERT INTO interacts VALUES(580425212695, 1, 'Bengi', 2043, 1334402, 1);
INSERT INTO interacts VALUES(580425212695, 1, 'GorillA', 3067, 1339705, 1);
INSERT INTO interacts VALUES(580425212695, 1, 'GorillA', 2043, 1355639, 1);
INSERT INTO interacts VALUES(580425212695, 1, 'GorillA', 3364, 1355993, 1);
INSERT INTO interacts VALUES(580425212695, 1, 'Kuro', 3116, 1359315, 1);
INSERT INTO interacts VALUES(580425212695, 1, 'Kuro', 2043, 1360822, 1);
INSERT INTO interacts VALUES(580425212695, 1, 'Bang', 3031, 1383551, 1);
INSERT INTO interacts VALUES(580425212695, 1, 'Bang', 1042, 1384461, 1);
INSERT INTO interacts VALUES(580425212695, 1, 'Bang', 1051, 1385302, 1);
INSERT INTO interacts VALUES(580425212695, 1, 'Peanut', 3152, 1386332, 1);
INSERT INTO interacts VALUES(580425212695, 1, 'Peanut', 1033, 1388887, 1);
INSERT INTO interacts VALUES(580425212695, 1, 'Peanut', 2043, 1389974, 1);
INSERT INTO interacts VALUES(580425212695, 1, 'Duke', 3024, 1393466, 1);
INSERT INTO interacts VALUES(580425212695, 1, 'PraY', 1037, 1394507, 1);
INSERT INTO interacts VALUES(580425212695, 1, 'Faker', 3020, 1448968, 1);
INSERT INTO interacts VALUES(580425212695, 1, 'GorillA', 1033, 1449972, 1);
INSERT INTO interacts VALUES(580425212695, 1, 'Faker', 2031, 1450036, 0);
INSERT INTO interacts VALUES(580425212695, 1, 'GorillA', 2043, 1450296, 1);
INSERT INTO interacts VALUES(580425212695, 1, 'Faker', 1026, 1450687, 1);
INSERT INTO interacts VALUES(580425212695, 1, 'Bang', 3086, 1474348, 1);
INSERT INTO interacts VALUES(580425212695, 1, 'Bang', 3363, 1474739, 1);
INSERT INTO interacts VALUES(580425212695, 1, 'Bang', 2043, 1475980, 1);
INSERT INTO interacts VALUES(580425212695, 1, 'Bengi', 1031, 1480843, 1);
INSERT INTO interacts VALUES(580425212695, 1, 'Bengi', 2043, 1481722, 1);
INSERT INTO interacts VALUES(580425212695, 1, 'Wolf', 1026, 1483114, 1);
INSERT INTO interacts VALUES(580425212695, 1, 'GorillA', 2043, 1505729, 1);
INSERT INTO interacts VALUES(580425212695, 1, 'GorillA', 2043, 1505846, 1);
INSERT INTO interacts VALUES(580425212695, 1, 'Kuro', 1057, 1507577, 1);
INSERT INTO interacts VALUES(580425212695, 1, 'Kuro', 2031, 1508984, 0);
INSERT INTO interacts VALUES(580425212695, 1, 'Kuro', 1052, 1509826, 1);
INSERT INTO interacts VALUES(580425212695, 1, 'Duke', 3025, 1529359, 1);
INSERT INTO interacts VALUES(580425212695, 1, 'Duke', 1033, 1530920, 1);
INSERT INTO interacts VALUES(580425212695, 1, 'Smeb', 3211, 1547480, 1);
INSERT INTO interacts VALUES(580425212695, 1, 'Smeb', 1028, 1547809, 1);
INSERT INTO interacts VALUES(580425212695, 1, 'PraY', 3031, 1590701, 1);
INSERT INTO interacts VALUES(580425212695, 1, 'PraY', 2043, 1592520, 1);
INSERT INTO interacts VALUES(580425212695, 1, 'GorillA', 2043, 1596350, 1);
INSERT INTO interacts VALUES(580425212695, 1, 'GorillA', 2043, 1596480, 1);
INSERT INTO interacts VALUES(580425212695, 1, 'Kuro', 3108, 1597957, 1);
INSERT INTO interacts VALUES(580425212695, 1, 'Peanut', 3105, 1599085, 1);
INSERT INTO interacts VALUES(580425212695, 1, 'Wolf', 2043, 1599832, 1);
INSERT INTO interacts VALUES(580425212695, 1, 'Wolf', 2043, 1599996, 1);
INSERT INTO interacts VALUES(580425212695, 1, 'Peanut', 2043, 1600198, 1);
INSERT INTO interacts VALUES(580425212695, 1, 'Duke', 3211, 1601369, 1);
INSERT INTO interacts VALUES(580425212695, 1, 'Duke', 1028, 1602538, 1);
INSERT INTO interacts VALUES(580425212695, 1, 'Bengi', 1028, 1614435, 1);
INSERT INTO interacts VALUES(580425212695, 1, 'Smeb', 3067, 1670238, 1);
INSERT INTO interacts VALUES(580425212695, 1, 'GorillA', 2031, 1671247, 0);
INSERT INTO interacts VALUES(580425212695, 1, 'GorillA', 1028, 1672998, 1);
INSERT INTO interacts VALUES(580425212695, 1, 'GorillA', 2043, 1683167, 1);
INSERT INTO interacts VALUES(580425212695, 1, 'Faker', 3135, 1692744, 1);
INSERT INTO interacts VALUES(580425212695, 1, 'Bang', 3046, 1693677, 1);
INSERT INTO interacts VALUES(580425212695, 1, 'Duke', 3065, 1694196, 1);
INSERT INTO interacts VALUES(580425212695, 1, 'Bang', 1033, 1694556, 1);
INSERT INTO interacts VALUES(580425212695, 1, 'Duke', 2043, 1695786, 1);
INSERT INTO interacts VALUES(580425212695, 1, 'Wolf', 3151, 1702319, 1);
INSERT INTO interacts VALUES(580425212695, 1, 'Wolf', 1028, 1704241, 1);
INSERT INTO interacts VALUES(580425212695, 1, 'Smeb', 3065, 1763054, 1);
INSERT INTO interacts VALUES(580425212695, 1, 'Peanut', 3190, 1801545, 1);
INSERT INTO interacts VALUES(580425212695, 1, 'Kuro', 3001, 1830041, 1);
INSERT INTO interacts VALUES(580425212695, 1, 'Kuro', 2043, 1831023, 1);
INSERT INTO interacts VALUES(580425212695, 1, 'PraY', 3035, 1838074, 1);
INSERT INTO interacts VALUES(580425212695, 1, 'Faker', 1056, 1859690, 0);
INSERT INTO interacts VALUES(580425212695, 1, 'Faker', 1058, 1860017, 1);
INSERT INTO interacts VALUES(580425212695, 1, 'Bang', 3140, 1861792, 1);
INSERT INTO interacts VALUES(580425212695, 1, 'Wolf', 1011, 1862540, 1);
INSERT INTO interacts VALUES(580425212695, 1, 'Bang', 1055, 1862883, 0);
INSERT INTO interacts VALUES(580425212695, 1, 'Peanut', 2043, 1862930, 1);
INSERT INTO interacts VALUES(580425212695, 1, 'Wolf', 2043, 1862965, 1);
INSERT INTO interacts VALUES(580425212695, 1, 'Wolf', 2043, 1863094, 1);
INSERT INTO interacts VALUES(580425212695, 1, 'GorillA', 3105, 1863356, 1);
INSERT INTO interacts VALUES(580425212695, 1, 'Bang', 1037, 1863924, 1);
INSERT INTO interacts VALUES(580425212695, 1, 'Bengi', 3742, 1864443, 1);
INSERT INTO interacts VALUES(580425212695, 1, 'Bengi', 1028, 1865591, 1);
INSERT INTO interacts VALUES(580425212695, 1, 'Duke', 3026, 1886599, 1);
INSERT INTO interacts VALUES(580425212695, 1, 'GorillA', 3190, 1922407, 1);
INSERT INTO interacts VALUES(580425212695, 1, 'Bang', 3035, 1922505, 1);
INSERT INTO interacts VALUES(580425212695, 1, 'Smeb', 1027, 1923842, 1);
INSERT INTO interacts VALUES(580425212695, 1, 'Wolf', 2043, 1933842, 1);
INSERT INTO interacts VALUES(580425212695, 1, 'Bengi', 1011, 1936282, 1);
INSERT INTO interacts VALUES(580425212695, 1, 'Smeb', 3057, 1982804, 1);
INSERT INTO interacts VALUES(580425212695, 1, 'Peanut', 1026, 2024287, 1);
INSERT INTO interacts VALUES(580425212695, 1, 'GorillA', 2043, 2024333, 1);
INSERT INTO interacts VALUES(580425212695, 1, 'GorillA', 2031, 2024595, 1);
INSERT INTO interacts VALUES(580425212695, 1, 'PraY', 3033, 2024693, 1);
INSERT INTO interacts VALUES(580425212695, 1, 'GorillA', 1004, 2025117, 1);
INSERT INTO interacts VALUES(580425212695, 1, 'Kuro', 1026, 2025214, 1);
INSERT INTO interacts VALUES(580425212695, 1, 'GorillA', 1004, 2106448, 1);
INSERT INTO interacts VALUES(580425212695, 1, 'GorillA', 2031, 2107102, 0);
INSERT INTO interacts VALUES(580425212695, 1, 'GorillA', 2043, 2107948, 1);
INSERT INTO interacts VALUES(580425212695, 1, 'GorillA', 2043, 2108020, 1);
INSERT INTO interacts VALUES(580425212695, 1, 'Bang', 3036, 2123070, 1);
INSERT INTO interacts VALUES(580425212695, 1, 'Bengi', 2032, 2138585, 0);
INSERT INTO interacts VALUES(580425212695, 1, 'Wolf', 2031, 2139160, 0);
INSERT INTO interacts VALUES(580425212695, 1, 'Bengi', 3082, 2140114, 1);
INSERT INTO interacts VALUES(580425212695, 1, 'Wolf', 1058, 2140669, 1);
INSERT INTO interacts VALUES(580425212695, 1, 'Wolf', 2043, 2141719, 1);
INSERT INTO interacts VALUES(580425212695, 1, 'Faker', 3285, 2144059, 1);
INSERT INTO interacts VALUES(580425212695, 1, 'GorillA', 3114, 2173310, 1);
INSERT INTO interacts VALUES(580425212695, 1, 'GorillA', 2043, 2173635, 1);
INSERT INTO interacts VALUES(580425212695, 1, 'Kuro', 1056, 2189463, 0);
INSERT INTO interacts VALUES(580425212695, 1, 'Kuro', 3135, 2190479, 1);
INSERT INTO interacts VALUES(580425212695, 1, 'Kuro', 2043, 2190972, 1);
INSERT INTO interacts VALUES(580425212695, 1, 'GorillA', 2043, 2197344, 1);
INSERT INTO interacts VALUES(580425212695, 1, 'PraY', 1055, 2211043, 0);
INSERT INTO interacts VALUES(580425212695, 1, 'PraY', 3086, 2213357, 1);
INSERT INTO interacts VALUES(580425212695, 1, 'PraY', 2140, 2214755, 1);
INSERT INTO interacts VALUES(580425212695, 1, 'Smeb', 2033, 2220021, 0);
INSERT INTO interacts VALUES(580425212695, 1, 'Smeb', 3025, 2221071, 1);
INSERT INTO interacts VALUES(580425212695, 1, 'Smeb', 2043, 2222020, 1);
INSERT INTO interacts VALUES(580425212695, 1, 'Duke', 2033, 2222708, 0);
INSERT INTO interacts VALUES(580425212695, 1, 'Duke', 3082, 2223539, 1);
INSERT INTO interacts VALUES(580425212695, 1, 'Bengi', 3143, 2229838, 1);
INSERT INTO interacts VALUES(580425212695, 1, 'Bengi', 2043, 2231144, 1);
INSERT INTO interacts VALUES(580425212695, 1, 'Bengi', 2043, 2231249, 1);
INSERT INTO interacts VALUES(580425212695, 1, 'Smeb', 1033, 2313147, 1);
INSERT INTO interacts VALUES(580425212695, 1, 'Bang', 2140, 2315345, 1);
INSERT INTO interacts VALUES(580425212695, 1, 'Wolf', 3116, 2332007, 1);
INSERT INTO interacts VALUES(580425212695, 1, 'Peanut', 3135, 2360852, 1);
INSERT INTO interacts VALUES(580425212695, 1, 'GorillA', 3028, 2361113, 1);
INSERT INTO interacts VALUES(580425212695, 1, 'PraY', 3094, 2361281, 1);
INSERT INTO interacts VALUES(580425212695, 1, 'GorillA', 2043, 2361441, 1);
INSERT INTO interacts VALUES(580425212695, 1, 'Smeb', 1057, 2361531, 1);
INSERT INTO interacts VALUES(580425212695, 1, 'Peanut', 2031, 2362072, 0);
INSERT INTO interacts VALUES(580425212695, 1, 'Kuro', 1058, 2362393, 1);
INSERT INTO interacts VALUES(580425212695, 1, 'Peanut', 1052, 2362855, 1);
INSERT INTO interacts VALUES(580425212695, 1, 'GorillA', 2043, 2365509, 1);
INSERT INTO interacts VALUES(580425212695, 1, 'Faker', 1056, 2403427, 0);
INSERT INTO interacts VALUES(580425212695, 1, 'Faker', 3108, 2404745, 1);
INSERT INTO interacts VALUES(580425212695, 1, 'Wolf', 2043, 2486822, 1);
INSERT INTO interacts VALUES(580425212695, 1, 'Wolf', 2043, 2486919, 1);
INSERT INTO interacts VALUES(580425212695, 1, 'Faker', 2139, 2499870, 1);
INSERT INTO interacts VALUES(580425212695, 1, 'Bang', 3139, 2500247, 1);
INSERT INTO interacts VALUES(580425212695, 1, 'Wolf', 1052, 2505062, 1);
INSERT INTO interacts VALUES(580425212695, 1, 'Smeb', 2138, 2531606, 1);
INSERT INTO interacts VALUES(580425212695, 1, 'GorillA', 3222, 2539140, 1);
INSERT INTO interacts VALUES(580425212695, 1, 'GorillA', 2043, 2588987, 1);
INSERT INTO interacts VALUES(580425212695, 1, 'GorillA', 2043, 2589097, 1);
INSERT INTO interacts VALUES(580425212695, 1, 'PraY', 3139, 2589877, 1);
INSERT INTO matches VALUES(580425212695, 2, '2016-10-21');
INSERT INTO scores VALUES('ROX', 580425212695, 2, 0, 3, 1, 0, 0, 0);
INSERT INTO scores VALUES('SKT', 580425212695, 2, 2, 10, 0, 1, 3, 1);
INSERT INTO bans VALUES(580425212695, 2, 136, 1);
INSERT INTO bans VALUES(580425212695, 2, 126, 3);
INSERT INTO bans VALUES(580425212695, 2, 202, 5);
INSERT INTO bans VALUES(580425212695, 2, 134, 2);
INSERT INTO bans VALUES(580425212695, 2, 13, 4);
INSERT INTO bans VALUES(580425212695, 2, 76, 6);
INSERT INTO plays VALUES(580425212695, 2, 'Duke', 245, 'top', 3, 5, 5, 11843, 15, 5, 295, 0, 1, 12781);
INSERT INTO plays VALUES(580425212695, 2, 'Blank', 2, 'jungle', 2, 3, 3, 8364, 32, 12, 26, 79, 21, 10906);
INSERT INTO plays VALUES(580425212695, 2, 'Faker', 112, 'mid', 4, 4, 4, 16999, 17, 5, 341, 18, 4, 14752);
INSERT INTO plays VALUES(580425212695, 2, 'Bang', 81, 'adc', 1, 4, 6, 12263, 15, 7, 222, 23, 6, 11815);
INSERT INTO plays VALUES(580425212695, 2, 'Wolf', 143, 'support', 1, 5, 8, 11115, 38, 13, 23, 0, 0, 8735);
INSERT INTO plays VALUES(580425212695, 2, 'Smeb', 68, 'top', 7, 1, 8, 24069, 17, 4, 255, 31, 0, 15173);
INSERT INTO plays VALUES(580425212695, 2, 'Peanut', 64, 'jungle', 5, 4, 5, 13222, 29, 11, 33, 70, 17, 12439);
INSERT INTO plays VALUES(580425212695, 2, 'Kuro', 43, 'mid', 1, 3, 15, 13796, 19, 8, 249, 7, 4, 13057);
INSERT INTO plays VALUES(580425212695, 2, 'PraY', 22, 'adc', 7, 2, 7, 17970, 16, 10, 310, 5, 0, 15912);
INSERT INTO plays VALUES(580425212695, 2, 'GorillA', 21, 'support', 1, 1, 10, 12547, 57, 16, 48, 0, 0, 10777);
INSERT INTO interacts VALUES(580425212695, 2, 'Blank', 1039, 2170, 1);
INSERT INTO interacts VALUES(580425212695, 2, 'Faker', 1056, 2203, 1);
INSERT INTO interacts VALUES(580425212695, 2, 'PraY', 1055, 2266, 1);
INSERT INTO interacts VALUES(580425212695, 2, 'Faker', 2003, 2461, 1);
INSERT INTO interacts VALUES(580425212695, 2, 'Wolf', 3303, 2461, 1);
INSERT INTO interacts VALUES(580425212695, 2, 'PraY', 2010, 2596, 1);
INSERT INTO interacts VALUES(580425212695, 2, 'Faker', 2003, 2596, 1);
INSERT INTO interacts VALUES(580425212695, 2, 'Smeb', 1054, 2718, 1);
INSERT INTO interacts VALUES(580425212695, 2, 'PraY', 3340, 2912, 1);
INSERT INTO interacts VALUES(580425212695, 2, 'Faker', 3340, 2912, 1);
INSERT INTO interacts VALUES(580425212695, 2, 'Smeb', 2003, 2945, 1);
INSERT INTO interacts VALUES(580425212695, 2, 'Wolf', 2010, 3009, 1);
INSERT INTO interacts VALUES(580425212695, 2, 'Bang', 1055, 3073, 1);
INSERT INTO interacts VALUES(580425212695, 2, 'Wolf', 2010, 3138, 1);
INSERT INTO interacts VALUES(580425212695, 2, 'Smeb', 3340, 3172, 1);
INSERT INTO interacts VALUES(580425212695, 2, 'Duke', 2033, 3269, 1);
INSERT INTO interacts VALUES(580425212695, 2, 'Blank', 2031, 3269, 1);
INSERT INTO interacts VALUES(580425212695, 2, 'Bang', 2010, 3269, 1);
INSERT INTO interacts VALUES(580425212695, 2, 'Wolf', 2010, 3398, 1);
INSERT INTO interacts VALUES(580425212695, 2, 'Wolf', 3340, 3689, 1);
INSERT INTO interacts VALUES(580425212695, 2, 'Duke', 3340, 3890, 1);
INSERT INTO interacts VALUES(580425212695, 2, 'Bang', 3340, 4626, 1);
INSERT INTO interacts VALUES(580425212695, 2, 'Kuro', 1056, 5208, 1);
INSERT INTO interacts VALUES(580425212695, 2, 'Peanut', 1041, 5368, 1);
INSERT INTO interacts VALUES(580425212695, 2, 'Kuro', 2003, 5627, 1);
INSERT INTO interacts VALUES(580425212695, 2, 'Kuro', 2003, 5820, 1);
INSERT INTO interacts VALUES(580425212695, 2, 'Peanut', 2031, 5823, 1);
INSERT INTO interacts VALUES(580425212695, 2, 'Peanut', 3340, 6180, 1);
INSERT INTO interacts VALUES(580425212695, 2, 'Kuro', 3340, 6221, 1);
INSERT INTO interacts VALUES(580425212695, 2, 'GorillA', 3303, 6245, 1);
INSERT INTO interacts VALUES(580425212695, 2, 'GorillA', 2010, 6796, 1);
INSERT INTO interacts VALUES(580425212695, 2, 'GorillA', 2010, 6895, 1);
INSERT INTO interacts VALUES(580425212695, 2, 'GorillA', 2010, 7025, 1);
INSERT INTO interacts VALUES(580425212695, 2, 'GorillA', 3340, 7481, 1);
INSERT INTO interacts VALUES(580425212695, 2, 'Duke', 1056, 221136, 1);
INSERT INTO interacts VALUES(580425212695, 2, 'Peanut', 1036, 242329, 1);
INSERT INTO interacts VALUES(580425212695, 2, 'Peanut', 1036, 242460, 1);
INSERT INTO interacts VALUES(580425212695, 2, 'Smeb', 1001, 243627, 1);
INSERT INTO interacts VALUES(580425212695, 2, 'Peanut', 2043, 243726, 1);
INSERT INTO interacts VALUES(580425212695, 2, 'Smeb', 1033, 243983, 1);
INSERT INTO interacts VALUES(580425212695, 2, 'Smeb', 2043, 244956, 1);
INSERT INTO interacts VALUES(580425212695, 2, 'Smeb', 2031, 246156, 1);
INSERT INTO interacts VALUES(580425212695, 2, 'Blank', 3158, 260342, 1);
INSERT INTO interacts VALUES(580425212695, 2, 'Blank', 2043, 263721, 1);
INSERT INTO interacts VALUES(580425212695, 2, 'Kuro', 3028, 355389, 1);
INSERT INTO interacts VALUES(580425212695, 2, 'Kuro', 1001, 362550, 1);
INSERT INTO interacts VALUES(580425212695, 2, 'Kuro', 2003, 365239, 1);
INSERT INTO interacts VALUES(580425212695, 2, 'Peanut', 3133, 380371, 1);
INSERT INTO interacts VALUES(580425212695, 2, 'Peanut', 1001, 381408, 1);
INSERT INTO interacts VALUES(580425212695, 2, 'Peanut', 2043, 381893, 1);
INSERT INTO interacts VALUES(580425212695, 2, 'Wolf', 2049, 398599, 1);
INSERT INTO interacts VALUES(580425212695, 2, 'Wolf', 1001, 399816, 1);
INSERT INTO interacts VALUES(580425212695, 2, 'Wolf', 3341, 401024, 1);
INSERT INTO interacts VALUES(580425212695, 2, 'Wolf', 2043, 402069, 1);
INSERT INTO interacts VALUES(580425212695, 2, 'Bang', 3057, 402423, 1);
INSERT INTO interacts VALUES(580425212695, 2, 'Bang', 3070, 406583, 1);
INSERT INTO interacts VALUES(580425212695, 2, 'Bang', 1001, 407135, 1);
INSERT INTO interacts VALUES(580425212695, 2, 'Bang', 1083, 409516, 1);
INSERT INTO interacts VALUES(580425212695, 2, 'GorillA', 2049, 418010, 1);
INSERT INTO interacts VALUES(580425212695, 2, 'Faker', 3196, 418757, 1);
INSERT INTO interacts VALUES(580425212695, 2, 'GorillA', 2043, 419017, 1);
INSERT INTO interacts VALUES(580425212695, 2, 'GorillA', 3341, 419244, 1);
INSERT INTO interacts VALUES(580425212695, 2, 'GorillA', 2031, 419504, 1);
INSERT INTO interacts VALUES(580425212695, 2, 'Faker', 1001, 420777, 1);
INSERT INTO interacts VALUES(580425212695, 2, 'Smeb', 3111, 421322, 1);
INSERT INTO interacts VALUES(580425212695, 2, 'GorillA', 1004, 421680, 1);
INSERT INTO interacts VALUES(580425212695, 2, 'Faker', 1052, 422846, 1);
INSERT INTO interacts VALUES(580425212695, 2, 'Faker', 2043, 423401, 1);
INSERT INTO interacts VALUES(580425212695, 2, 'Smeb', 1026, 423564, 1);
INSERT INTO interacts VALUES(580425212695, 2, 'Duke', 3211, 425549, 1);
INSERT INTO interacts VALUES(580425212695, 2, 'PraY', 1038, 425940, 1);
INSERT INTO interacts VALUES(580425212695, 2, 'PraY', 1001, 427331, 1);
INSERT INTO interacts VALUES(580425212695, 2, 'PraY', 1036, 427978, 1);
INSERT INTO interacts VALUES(580425212695, 2, 'PraY', 2010, 430038, 1);
INSERT INTO interacts VALUES(580425212695, 2, 'PraY', 2010, 430316, 1);
INSERT INTO interacts VALUES(580425212695, 2, 'PraY', 2043, 430640, 1);
INSERT INTO interacts VALUES(580425212695, 2, 'Blank', 1028, 468223, 1);
INSERT INTO interacts VALUES(580425212695, 2, 'Blank', 2032, 469529, 1);
INSERT INTO interacts VALUES(580425212695, 2, 'Blank', 2043, 471298, 1);
INSERT INTO interacts VALUES(580425212695, 2, 'Blank', 3711, 476106, 1);
INSERT INTO interacts VALUES(580425212695, 2, 'Blank', 1028, 479285, 1);
INSERT INTO interacts VALUES(580425212695, 2, 'Blank', 2032, 480259, 1);
INSERT INTO interacts VALUES(580425212695, 2, 'Blank', 2043, 483370, 1);
INSERT INTO interacts VALUES(580425212695, 2, 'Wolf', 2043, 549206, 1);
INSERT INTO interacts VALUES(580425212695, 2, 'Wolf', 2031, 549538, 1);
INSERT INTO interacts VALUES(580425212695, 2, 'Wolf', 2043, 549983, 1);
INSERT INTO interacts VALUES(580425212695, 2, 'Duke', 1001, 579990, 1);
INSERT INTO interacts VALUES(580425212695, 2, 'Duke', 1033, 580315, 1);
INSERT INTO interacts VALUES(580425212695, 2, 'GorillA', 3098, 583056, 1);
INSERT INTO interacts VALUES(580425212695, 2, 'GorillA', 1001, 583433, 1);
INSERT INTO interacts VALUES(580425212695, 2, 'PraY', 3009, 585519, 1);
INSERT INTO interacts VALUES(580425212695, 2, 'Smeb', 1052, 606261, 1);
INSERT INTO interacts VALUES(580425212695, 2, 'Smeb', 1028, 606814, 1);
INSERT INTO interacts VALUES(580425212695, 2, 'Bang', 1037, 611690, 1);
INSERT INTO interacts VALUES(580425212695, 2, 'Bang', 2010, 613229, 1);
INSERT INTO interacts VALUES(580425212695, 2, 'Blank', 3711, 618277, 1);
INSERT INTO interacts VALUES(580425212695, 2, 'Faker', 3197, 631119, 1);
INSERT INTO interacts VALUES(580425212695, 2, 'Faker', 2031, 632258, 1);
INSERT INTO interacts VALUES(580425212695, 2, 'Faker', 2043, 632614, 1);
INSERT INTO interacts VALUES(580425212695, 2, 'Faker', 3363, 633037, 1);
INSERT INTO interacts VALUES(580425212695, 2, 'Kuro', 3174, 661873, 1);
INSERT INTO interacts VALUES(580425212695, 2, 'Kuro', 2043, 662685, 1);
INSERT INTO interacts VALUES(580425212695, 2, 'Kuro', 2031, 663108, 1);
INSERT INTO interacts VALUES(580425212695, 2, 'Peanut', 1408, 673323, 1);
INSERT INTO interacts VALUES(580425212695, 2, 'Peanut', 1028, 674360, 1);
INSERT INTO interacts VALUES(580425212695, 2, 'Peanut', 2043, 675041, 1);
INSERT INTO interacts VALUES(580425212695, 2, 'Smeb', 3136, 733821, 1);
INSERT INTO interacts VALUES(580425212695, 2, 'Wolf', 3117, 762503, 1);
INSERT INTO interacts VALUES(580425212695, 2, 'Bang', 3004, 764941, 1);
INSERT INTO interacts VALUES(580425212695, 2, 'Bang', 2010, 766010, 1);
INSERT INTO interacts VALUES(580425212695, 2, 'Smeb', 3151, 792182, 1);
INSERT INTO interacts VALUES(580425212695, 2, 'GorillA', 2301, 793869, 1);
INSERT INTO interacts VALUES(580425212695, 2, 'Smeb', 2043, 793997, 1);
INSERT INTO interacts VALUES(580425212695, 2, 'GorillA', 2043, 795197, 1);
INSERT INTO interacts VALUES(580425212695, 2, 'Duke', 3111, 803931, 1);
INSERT INTO interacts VALUES(580425212695, 2, 'Duke', 3057, 805593, 1);
INSERT INTO interacts VALUES(580425212695, 2, 'Duke', 2043, 807245, 1);
INSERT INTO interacts VALUES(580425212695, 2, 'PraY', 3508, 816864, 1);
INSERT INTO interacts VALUES(580425212695, 2, 'PraY', 1042, 818229, 1);
INSERT INTO interacts VALUES(580425212695, 2, 'PraY', 1051, 818842, 1);
INSERT INTO interacts VALUES(580425212695, 2, 'Blank', 1409, 834599, 1);
INSERT INTO interacts VALUES(580425212695, 2, 'Peanut', 3009, 834894, 1);
INSERT INTO interacts VALUES(580425212695, 2, 'Blank', 3364, 835506, 1);
INSERT INTO interacts VALUES(580425212695, 2, 'Blank', 1028, 837517, 1);
INSERT INTO interacts VALUES(580425212695, 2, 'Peanut', 1011, 838265, 1);
INSERT INTO interacts VALUES(580425212695, 2, 'Faker', 3198, 843664, 1);
INSERT INTO interacts VALUES(580425212695, 2, 'Faker', 3158, 845313, 1);
INSERT INTO interacts VALUES(580425212695, 2, 'Faker', 3113, 848627, 1);
INSERT INTO interacts VALUES(580425212695, 2, 'Faker', 2043, 849117, 1);
INSERT INTO interacts VALUES(580425212695, 2, 'Wolf', 3098, 878638, 1);
INSERT INTO interacts VALUES(580425212695, 2, 'GorillA', 3009, 878835, 1);
INSERT INTO interacts VALUES(580425212695, 2, 'Wolf', 2043, 878979, 1);
INSERT INTO interacts VALUES(580425212695, 2, 'Wolf', 2043, 879159, 1);
INSERT INTO interacts VALUES(580425212695, 2, 'GorillA', 2043, 879192, 1);
INSERT INTO interacts VALUES(580425212695, 2, 'Bang', 3158, 883839, 1);
INSERT INTO interacts VALUES(580425212695, 2, 'Bang', 1027, 886173, 1);
INSERT INTO interacts VALUES(580425212695, 2, 'Duke', 3067, 928764, 1);
INSERT INTO interacts VALUES(580425212695, 2, 'Blank', 3067, 943267, 1);
INSERT INTO interacts VALUES(580425212695, 2, 'Kuro', 3504, 971376, 1);
INSERT INTO interacts VALUES(580425212695, 2, 'PraY', 3086, 972907, 1);
INSERT INTO interacts VALUES(580425212695, 2, 'Kuro', 2043, 973299, 1);
INSERT INTO interacts VALUES(580425212695, 2, 'PraY', 1042, 973524, 1);
INSERT INTO interacts VALUES(580425212695, 2, 'PraY', 2043, 974660, 1);
INSERT INTO interacts VALUES(580425212695, 2, 'PraY', 3363, 975244, 1);
INSERT INTO interacts VALUES(580425212695, 2, 'Smeb', 1057, 983591, 1);
INSERT INTO interacts VALUES(580425212695, 2, 'Smeb', 3108, 984243, 1);
INSERT INTO interacts VALUES(580425212695, 2, 'GorillA', 3123, 988896, 1);
INSERT INTO interacts VALUES(580425212695, 2, 'GorillA', 2043, 989769, 1);
INSERT INTO interacts VALUES(580425212695, 2, 'Faker', 3057, 1004235, 1);
INSERT INTO interacts VALUES(580425212695, 2, 'Peanut', 3155, 1025363, 1);
INSERT INTO interacts VALUES(580425212695, 2, 'Peanut', 2043, 1026755, 1);
INSERT INTO interacts VALUES(580425212695, 2, 'Duke', 3065, 1079378, 1);
INSERT INTO interacts VALUES(580425212695, 2, 'Blank', 1033, 1081134, 1);
INSERT INTO interacts VALUES(580425212695, 2, 'Blank', 2043, 1084114, 1);
INSERT INTO interacts VALUES(580425212695, 2, 'Smeb', 3001, 1139272, 1);
INSERT INTO interacts VALUES(580425212695, 2, 'Kuro', 3020, 1141000, 1);
INSERT INTO interacts VALUES(580425212695, 2, 'Kuro', 1052, 1141810, 1);
INSERT INTO interacts VALUES(580425212695, 2, 'Smeb', 2043, 1143697, 1);
INSERT INTO interacts VALUES(580425212695, 2, 'Duke', 2043, 1151406, 1);
INSERT INTO interacts VALUES(580425212695, 2, 'Bang', 3057, 1155700, 1);
INSERT INTO interacts VALUES(580425212695, 2, 'Bang', 1028, 1159285, 1);
INSERT INTO interacts VALUES(580425212695, 2, 'Duke', 1029, 1161833, 1);
INSERT INTO interacts VALUES(580425212695, 2, 'Bang', 3363, 1162352, 1);
INSERT INTO interacts VALUES(580425212695, 2, 'GorillA', 1037, 1162677, 1);
INSERT INTO interacts VALUES(580425212695, 2, 'GorillA', 2043, 1162936, 1);
INSERT INTO interacts VALUES(580425212695, 2, 'GorillA', 3364, 1163096, 1);
INSERT INTO interacts VALUES(580425212695, 2, 'PraY', 3085, 1165526, 1);
INSERT INTO interacts VALUES(580425212695, 2, 'PraY', 2043, 1166747, 1);
INSERT INTO interacts VALUES(580425212695, 2, 'PraY', 2010, 1168143, 1);
INSERT INTO interacts VALUES(580425212695, 2, 'Wolf', 2301, 1169600, 1);
INSERT INTO interacts VALUES(580425212695, 2, 'Wolf', 1052, 1172720, 1);
INSERT INTO interacts VALUES(580425212695, 2, 'Wolf', 1028, 1174471, 1);
INSERT INTO interacts VALUES(580425212695, 2, 'Faker', 3100, 1179289, 1);
INSERT INTO interacts VALUES(580425212695, 2, 'Blank', 2032, 1221231, 0);
INSERT INTO interacts VALUES(580425212695, 2, 'Blank', 3105, 1224158, 1);
INSERT INTO interacts VALUES(580425212695, 2, 'Blank', 3105, 1225964, 1);
INSERT INTO interacts VALUES(580425212695, 2, 'Faker', 2043, 1271919, 1);
INSERT INTO interacts VALUES(580425212695, 2, 'Wolf', 2043, 1274884, 1);
INSERT INTO interacts VALUES(580425212695, 2, 'Wolf', 2043, 1275013, 1);
INSERT INTO interacts VALUES(580425212695, 2, 'Bang', 3044, 1295845, 1);
INSERT INTO interacts VALUES(580425212695, 2, 'Bang', 1083, 1296888, 0);
INSERT INTO interacts VALUES(580425212695, 2, 'Bang', 1042, 1298154, 1);
INSERT INTO interacts VALUES(580425212695, 2, 'Peanut', 2031, 1300140, 0);
INSERT INTO interacts VALUES(580425212695, 2, 'Peanut', 3742, 1301436, 1);
INSERT INTO interacts VALUES(580425212695, 2, 'Kuro', 2031, 1308007, 0);
INSERT INTO interacts VALUES(580425212695, 2, 'Kuro', 1058, 1308817, 1);
INSERT INTO interacts VALUES(580425212695, 2, 'GorillA', 2043, 1313205, 1);
INSERT INTO interacts VALUES(580425212695, 2, 'PraY', 1038, 1331383, 1);
INSERT INTO interacts VALUES(580425212695, 2, 'Duke', 3024, 1339487, 1);
INSERT INTO interacts VALUES(580425212695, 2, 'Smeb', 3191, 1341544, 1);
INSERT INTO interacts VALUES(580425212695, 2, 'Blank', 3190, 1342942, 1);
INSERT INTO interacts VALUES(580425212695, 2, 'Blank', 2043, 1344244, 1);
INSERT INTO interacts VALUES(580425212695, 2, 'Blank', 2043, 1345120, 1);
INSERT INTO interacts VALUES(580425212695, 2, 'GorillA', 3033, 1400758, 1);
INSERT INTO interacts VALUES(580425212695, 2, 'GorillA', 2043, 1401116, 1);
INSERT INTO interacts VALUES(580425212695, 2, 'GorillA', 2043, 1401245, 1);
INSERT INTO interacts VALUES(580425212695, 2, 'Kuro', 1056, 1409645, 0);
INSERT INTO interacts VALUES(580425212695, 2, 'Kuro', 2043, 1410395, 1);
INSERT INTO interacts VALUES(580425212695, 2, 'Kuro', 3113, 1411728, 1);
INSERT INTO interacts VALUES(580425212695, 2, 'Faker', 2043, 1422285, 0);
INSERT INTO interacts VALUES(580425212695, 2, 'Faker', 1058, 1422700, 1);
INSERT INTO interacts VALUES(580425212695, 2, 'Bang', 3078, 1474615, 1);
INSERT INTO interacts VALUES(580425212695, 2, 'Wolf', 3136, 1474686, 1);
INSERT INTO interacts VALUES(580425212695, 2, 'Bang', 1036, 1475006, 1);
INSERT INTO interacts VALUES(580425212695, 2, 'Wolf', 3364, 1475427, 1);
INSERT INTO interacts VALUES(580425212695, 2, 'Wolf', 2043, 1475624, 1);
INSERT INTO interacts VALUES(580425212695, 2, 'Wolf', 2043, 1475754, 1);
INSERT INTO interacts VALUES(580425212695, 2, 'Bang', 2043, 1475916, 1);
INSERT INTO interacts VALUES(580425212695, 2, 'Blank', 1031, 1477428, 1);
INSERT INTO interacts VALUES(580425212695, 2, 'Duke', 3025, 1508090, 1);
INSERT INTO interacts VALUES(580425212695, 2, 'Duke', 1057, 1510790, 1);
INSERT INTO interacts VALUES(580425212695, 2, 'Peanut', 1028, 1542797, 1);
INSERT INTO interacts VALUES(580425212695, 2, 'GorillA', 1036, 1543189, 1);
INSERT INTO interacts VALUES(580425212695, 2, 'Peanut', 2043, 1543741, 1);
INSERT INTO interacts VALUES(580425212695, 2, 'GorillA', 2043, 1544407, 1);
INSERT INTO interacts VALUES(580425212695, 2, 'GorillA', 2043, 1544489, 1);
INSERT INTO interacts VALUES(580425212695, 2, 'PraY', 3086, 1545038, 1);
INSERT INTO interacts VALUES(580425212695, 2, 'Kuro', 3285, 1571089, 1);
INSERT INTO interacts VALUES(580425212695, 2, 'Kuro', 2043, 1572065, 1);
INSERT INTO interacts VALUES(580425212695, 2, 'Smeb', 3157, 1583729, 1);
INSERT INTO interacts VALUES(580425212695, 2, 'Faker', 3116, 1638044, 1);
INSERT INTO interacts VALUES(580425212695, 2, 'GorillA', 3133, 1676907, 1);
INSERT INTO interacts VALUES(580425212695, 2, 'GorillA', 2043, 1677298, 1);
INSERT INTO interacts VALUES(580425212695, 2, 'GorillA', 2043, 1677722, 1);
INSERT INTO interacts VALUES(580425212695, 2, 'Duke', 3026, 1681862, 1);
INSERT INTO interacts VALUES(580425212695, 2, 'Blank', 1011, 1688261, 1);
INSERT INTO interacts VALUES(580425212695, 2, 'Blank', 2032, 1689830, 0);
INSERT INTO interacts VALUES(580425212695, 2, 'Blank', 1004, 1691261, 1);
INSERT INTO interacts VALUES(580425212695, 2, 'Bang', 3144, 1691473, 1);
INSERT INTO interacts VALUES(580425212695, 2, 'Bang', 1042, 1692372, 1);
INSERT INTO interacts VALUES(580425212695, 2, 'Blank', 2043, 1692779, 1);
INSERT INTO interacts VALUES(580425212695, 2, 'Blank', 2043, 1692891, 1);
INSERT INTO interacts VALUES(580425212695, 2, 'Wolf', 1026, 1693214, 1);
INSERT INTO interacts VALUES(580425212695, 2, 'Wolf', 2043, 1694517, 1);
INSERT INTO interacts VALUES(580425212695, 2, 'Wolf', 2043, 1694648, 1);
INSERT INTO interacts VALUES(580425212695, 2, 'Duke', 1056, 1698096, 0);
INSERT INTO interacts VALUES(580425212695, 2, 'GorillA', 2031, 1698715, 0);
INSERT INTO interacts VALUES(580425212695, 2, 'Duke', 1028, 1699201, 1);
INSERT INTO interacts VALUES(580425212695, 2, 'GorillA', 2031, 1699950, 0);
INSERT INTO interacts VALUES(580425212695, 2, 'Smeb', 2031, 1704620, 0);
INSERT INTO interacts VALUES(580425212695, 2, 'Smeb', 1026, 1706607, 1);
INSERT INTO interacts VALUES(580425212695, 2, 'GorillA', 1036, 1707159, 1);
INSERT INTO interacts VALUES(580425212695, 2, 'PraY', 3046, 1708169, 1);
INSERT INTO interacts VALUES(580425212695, 2, 'PraY', 1055, 1709889, 0);
INSERT INTO interacts VALUES(580425212695, 2, 'PraY', 3155, 1712797, 1);
INSERT INTO interacts VALUES(580425212695, 2, 'Kuro', 1058, 1729995, 1);
INSERT INTO interacts VALUES(580425212695, 2, 'Peanut', 3156, 1731375, 1);
INSERT INTO interacts VALUES(580425212695, 2, 'Peanut', 2043, 1732336, 1);
INSERT INTO interacts VALUES(580425212695, 2, 'Faker', 2031, 1771772, 0);
INSERT INTO interacts VALUES(580425212695, 2, 'Faker', 1026, 1772551, 1);
INSERT INTO interacts VALUES(580425212695, 2, 'Wolf', 3151, 1790332, 1);
INSERT INTO interacts VALUES(580425212695, 2, 'Bang', 1043, 1811806, 1);
INSERT INTO interacts VALUES(580425212695, 2, 'Smeb', 3135, 1841565, 1);
INSERT INTO interacts VALUES(580425212695, 2, 'Kuro', 1026, 1848827, 1);
INSERT INTO interacts VALUES(580425212695, 2, 'GorillA', 3044, 1853224, 1);
INSERT INTO interacts VALUES(580425212695, 2, 'GorillA', 2043, 1853483, 1);
INSERT INTO interacts VALUES(580425212695, 2, 'GorillA', 2043, 1853548, 1);
INSERT INTO interacts VALUES(580425212695, 2, 'Peanut', 3105, 1865098, 1);
INSERT INTO interacts VALUES(580425212695, 2, 'Peanut', 2043, 1866625, 1);
INSERT INTO interacts VALUES(580425212695, 2, 'Blank', 3742, 1891287, 1);
INSERT INTO interacts VALUES(580425212695, 2, 'Blank', 2043, 1892686, 1);
INSERT INTO interacts VALUES(580425212695, 2, 'Blank', 2043, 1892816, 1);
INSERT INTO interacts VALUES(580425212695, 2, 'Wolf', 1028, 1894564, 1);
INSERT INTO interacts VALUES(580425212695, 2, 'Wolf', 2043, 1896096, 1);
INSERT INTO interacts VALUES(580425212695, 2, 'Duke', 1011, 1898049, 1);
INSERT INTO interacts VALUES(580425212695, 2, 'Faker', 3135, 1898571, 1);
INSERT INTO interacts VALUES(580425212695, 2, 'Bang', 3153, 1909055, 1);
INSERT INTO interacts VALUES(580425212695, 2, 'Bang', 2043, 1909931, 1);
INSERT INTO interacts VALUES(580425212695, 2, 'Smeb', 2139, 1968505, 1);
INSERT INTO interacts VALUES(580425212695, 2, 'Peanut', 2043, 1993456, 0);
INSERT INTO interacts VALUES(580425212695, 2, 'Peanut', 1056, 1994693, 1);
INSERT INTO matches VALUES(580425212695, 3, '2016-10-21');
INSERT INTO scores VALUES('ROX', 580425212695, 3, 2, 10, 0, 2, 3, 1);
INSERT INTO scores VALUES('SKT', 580425212695, 3, 0, 3, 0, 0, 1, 0);
INSERT INTO bans VALUES(580425212695, 3, 134, 1);
INSERT INTO bans VALUES(580425212695, 3, 13, 3);
INSERT INTO bans VALUES(580425212695, 3, 43, 5);
INSERT INTO bans VALUES(580425212695, 3, 136, 2);
INSERT INTO bans VALUES(580425212695, 3, 76, 4);
INSERT INTO bans VALUES(580425212695, 3, 126, 6);
INSERT INTO plays VALUES(580425212695, 3, 'Smeb', 68, 'top', 0, 3, 10, 28097, 23, 7, 275, 23, 3, 15016);
INSERT INTO plays VALUES(580425212695, 3, 'Peanut', 64, 'jungle', 7, 2, 6, 12017, 41, 13, 46, 89, 14, 15407);
INSERT INTO plays VALUES(580425212695, 3, 'Kuro', 112, 'mid', 4, 1, 2, 26972, 22, 7, 308, 29, 4, 16282);
INSERT INTO plays VALUES(580425212695, 3, 'PraY', 22, 'adc', 5, 2, 12, 25648, 16, 10, 346, 18, 5, 18820);
INSERT INTO plays VALUES(580425212695, 3, 'GorillA', 21, 'support', 3, 3, 9, 17507, 70, 24, 48, 0, 0, 13751);
INSERT INTO plays VALUES(580425212695, 3, 'Duke', 245, 'top', 4, 3, 3, 11631, 20, 4, 320, 0, 0, 14484);
INSERT INTO plays VALUES(580425212695, 3, 'Blank', 2, 'jungle', 2, 4, 5, 12546, 34, 23, 56, 99, 7, 12538);
INSERT INTO plays VALUES(580425212695, 3, 'Faker', 61, 'mid', 3, 2, 4, 17000, 20, 13, 345, 18, 2, 14931);
INSERT INTO plays VALUES(580425212695, 3, 'Bang', 51, 'adc', 2, 4, 3, 17399, 16, 12, 342, 37, 3, 15317);
INSERT INTO plays VALUES(580425212695, 3, 'Wolf', 143, 'support', 0, 6, 4, 11806, 49, 17, 26, 0, 0, 9623);
INSERT INTO interacts VALUES(580425212695, 3, 'PraY', 1055, 2205, 1);
INSERT INTO interacts VALUES(580425212695, 3, 'Bang', 1055, 2366, 1);
INSERT INTO interacts VALUES(580425212695, 3, 'Faker', 1056, 2399, 1);
INSERT INTO interacts VALUES(580425212695, 3, 'Blank', 1039, 2431, 1);
INSERT INTO interacts VALUES(580425212695, 3, 'Faker', 2003, 2560, 1);
INSERT INTO interacts VALUES(580425212695, 3, 'GorillA', 3303, 2600, 1);
INSERT INTO interacts VALUES(580425212695, 3, 'Kuro', 1056, 2625, 1);
INSERT INTO interacts VALUES(580425212695, 3, 'Bang', 2010, 2625, 1);
INSERT INTO interacts VALUES(580425212695, 3, 'Smeb', 1054, 2625, 1);
INSERT INTO interacts VALUES(580425212695, 3, 'Faker', 2003, 2690, 1);
INSERT INTO interacts VALUES(580425212695, 3, 'Blank', 3340, 2722, 1);
INSERT INTO interacts VALUES(580425212695, 3, 'PraY', 2010, 2786, 1);
INSERT INTO interacts VALUES(580425212695, 3, 'Bang', 3340, 2858, 1);
INSERT INTO interacts VALUES(580425212695, 3, 'Kuro', 2003, 2858, 1);
INSERT INTO interacts VALUES(580425212695, 3, 'Faker', 3340, 2885, 1);
INSERT INTO interacts VALUES(580425212695, 3, 'Smeb', 2003, 2885, 1);
INSERT INTO interacts VALUES(580425212695, 3, 'Kuro', 2003, 3012, 1);
INSERT INTO interacts VALUES(580425212695, 3, 'GorillA', 2010, 3114, 1);
INSERT INTO interacts VALUES(580425212695, 3, 'Smeb', 3340, 3141, 1);
INSERT INTO interacts VALUES(580425212695, 3, 'Kuro', 3340, 3205, 1);
INSERT INTO interacts VALUES(580425212695, 3, 'GorillA', 2010, 3205, 1);
INSERT INTO interacts VALUES(580425212695, 3, 'PraY', 3340, 3205, 1);
INSERT INTO interacts VALUES(580425212695, 3, 'Duke', 2033, 3303, 1);
INSERT INTO interacts VALUES(580425212695, 3, 'GorillA', 2010, 3336, 1);
INSERT INTO interacts VALUES(580425212695, 3, 'Blank', 2031, 3529, 1);
INSERT INTO interacts VALUES(580425212695, 3, 'GorillA', 3340, 3820, 1);
INSERT INTO interacts VALUES(580425212695, 3, 'Duke', 3340, 3853, 1);
INSERT INTO interacts VALUES(580425212695, 3, 'Wolf', 3303, 4014, 1);
INSERT INTO interacts VALUES(580425212695, 3, 'Wolf', 2010, 4598, 1);
INSERT INTO interacts VALUES(580425212695, 3, 'Wolf', 2010, 4759, 1);
INSERT INTO interacts VALUES(580425212695, 3, 'Wolf', 2010, 4890, 1);
INSERT INTO interacts VALUES(580425212695, 3, 'Wolf', 3340, 6869, 1);
INSERT INTO interacts VALUES(580425212695, 3, 'Peanut', 1041, 9947, 1);
INSERT INTO interacts VALUES(580425212695, 3, 'Peanut', 2031, 10142, 1);
INSERT INTO interacts VALUES(580425212695, 3, 'Peanut', 3340, 10401, 1);
INSERT INTO interacts VALUES(580425212695, 3, 'Blank', 3158, 284208, 1);
INSERT INTO interacts VALUES(580425212695, 3, 'Blank', 2043, 285117, 1);
INSERT INTO interacts VALUES(580425212695, 3, 'Wolf', 3098, 288592, 1);
INSERT INTO interacts VALUES(580425212695, 3, 'Wolf', 2010, 288946, 1);
INSERT INTO interacts VALUES(580425212695, 3, 'Peanut', 1036, 296380, 1);
INSERT INTO interacts VALUES(580425212695, 3, 'Peanut', 1036, 296509, 1);
INSERT INTO interacts VALUES(580425212695, 3, 'Peanut', 2043, 298131, 1);
INSERT INTO interacts VALUES(580425212695, 3, 'PraY', 1036, 314446, 1);
INSERT INTO interacts VALUES(580425212695, 3, 'PraY', 1083, 315061, 1);
INSERT INTO interacts VALUES(580425212695, 3, 'PraY', 1001, 315712, 1);
INSERT INTO interacts VALUES(580425212695, 3, 'PraY', 2010, 316073, 1);
INSERT INTO interacts VALUES(580425212695, 3, 'PraY', 2010, 316302, 1);
INSERT INTO interacts VALUES(580425212695, 3, 'GorillA', 3098, 316440, 1);
INSERT INTO interacts VALUES(580425212695, 3, 'GorillA', 2043, 316720, 1);
INSERT INTO interacts VALUES(580425212695, 3, 'GorillA', 2010, 318216, 1);
INSERT INTO interacts VALUES(580425212695, 3, 'GorillA', 2010, 318315, 1);
INSERT INTO interacts VALUES(580425212695, 3, 'Faker', 3802, 342029, 1);
INSERT INTO interacts VALUES(580425212695, 3, 'Faker', 1001, 342355, 1);
INSERT INTO interacts VALUES(580425212695, 3, 'Faker', 2043, 343495, 1);
INSERT INTO interacts VALUES(580425212695, 3, 'Bang', 1038, 344079, 1);
INSERT INTO interacts VALUES(580425212695, 3, 'Bang', 2043, 345520, 1);
INSERT INTO interacts VALUES(580425212695, 3, 'Kuro', 3196, 367728, 1);
INSERT INTO interacts VALUES(580425212695, 3, 'Kuro', 2003, 368995, 1);
INSERT INTO interacts VALUES(580425212695, 3, 'Duke', 1056, 381083, 1);
INSERT INTO interacts VALUES(580425212695, 3, 'Duke', 1082, 381399, 1);
INSERT INTO interacts VALUES(580425212695, 3, 'Duke', 1033, 382532, 1);
INSERT INTO interacts VALUES(580425212695, 3, 'Duke', 2043, 383279, 1);
INSERT INTO interacts VALUES(580425212695, 3, 'Smeb', 3136, 402828, 1);
INSERT INTO interacts VALUES(580425212695, 3, 'Smeb', 2003, 405262, 1);
INSERT INTO interacts VALUES(580425212695, 3, 'Peanut', 3711, 405972, 1);
INSERT INTO interacts VALUES(580425212695, 3, 'Blank', 2032, 408087, 1);
INSERT INTO interacts VALUES(580425212695, 3, 'Peanut', 2043, 408791, 1);
INSERT INTO interacts VALUES(580425212695, 3, 'Blank', 1028, 412523, 1);
INSERT INTO interacts VALUES(580425212695, 3, 'Wolf', 1028, 476312, 1);
INSERT INTO interacts VALUES(580425212695, 3, 'Wolf', 2043, 477093, 1);
INSERT INTO interacts VALUES(580425212695, 3, 'Wolf', 2031, 477288, 1);
INSERT INTO interacts VALUES(580425212695, 3, 'Bang', 1001, 478132, 1);
INSERT INTO interacts VALUES(580425212695, 3, 'Bang', 1042, 478749, 1);
INSERT INTO interacts VALUES(580425212695, 3, 'Bang', 2010, 479074, 1);
INSERT INTO interacts VALUES(580425212695, 3, 'GorillA', 2049, 481056, 1);
INSERT INTO interacts VALUES(580425212695, 3, 'GorillA', 2043, 482095, 1);
INSERT INTO interacts VALUES(580425212695, 3, 'GorillA', 3341, 482392, 1);
INSERT INTO interacts VALUES(580425212695, 3, 'GorillA', 2010, 482747, 1);
INSERT INTO interacts VALUES(580425212695, 3, 'PraY', 1038, 493916, 1);
INSERT INTO interacts VALUES(580425212695, 3, 'GorillA', 2010, 494471, 1);
INSERT INTO interacts VALUES(580425212695, 3, 'PraY', 2010, 497524, 1);
INSERT INTO interacts VALUES(580425212695, 3, 'PraY', 2010, 497787, 1);
INSERT INTO interacts VALUES(580425212695, 3, 'Blank', 3711, 537470, 1);
INSERT INTO interacts VALUES(580425212695, 3, 'Kuro', 3158, 539222, 1);
INSERT INTO interacts VALUES(580425212695, 3, 'Blank', 3341, 540306, 1);
INSERT INTO interacts VALUES(580425212695, 3, 'Kuro', 1001, 540982, 1);
INSERT INTO interacts VALUES(580425212695, 3, 'Kuro', 2031, 541375, 1);
INSERT INTO interacts VALUES(580425212695, 3, 'Kuro', 2043, 541671, 1);
INSERT INTO interacts VALUES(580425212695, 3, 'Blank', 1028, 551112, 1);
INSERT INTO interacts VALUES(580425212695, 3, 'Faker', 3020, 567899, 1);
INSERT INTO interacts VALUES(580425212695, 3, 'Faker', 1052, 569661, 1);
INSERT INTO interacts VALUES(580425212695, 3, 'Faker', 2031, 570276, 1);
INSERT INTO interacts VALUES(580425212695, 3, 'Faker', 2043, 570629, 1);
INSERT INTO interacts VALUES(580425212695, 3, 'Smeb', 1026, 577400, 1);
INSERT INTO interacts VALUES(580425212695, 3, 'Smeb', 2043, 578141, 1);
INSERT INTO interacts VALUES(580425212695, 3, 'Smeb', 2003, 579422, 1);
INSERT INTO interacts VALUES(580425212695, 3, 'Wolf', 2049, 586135, 1);
INSERT INTO interacts VALUES(580425212695, 3, 'Wolf', 3341, 586813, 1);
INSERT INTO interacts VALUES(580425212695, 3, 'Duke', 3211, 601866, 1);
INSERT INTO interacts VALUES(580425212695, 3, 'Duke', 1001, 603194, 1);
INSERT INTO interacts VALUES(580425212695, 3, 'Peanut', 1408, 604263, 1);
INSERT INTO interacts VALUES(580425212695, 3, 'GorillA', 2301, 609317, 1);
INSERT INTO interacts VALUES(580425212695, 3, 'PraY', 3006, 609494, 1);
INSERT INTO interacts VALUES(580425212695, 3, 'GorillA', 2043, 609528, 1);
INSERT INTO interacts VALUES(580425212695, 3, 'GorillA', 2010, 610534, 1);
INSERT INTO interacts VALUES(580425212695, 3, 'Bang', 3006, 643496, 1);
INSERT INTO interacts VALUES(580425212695, 3, 'Bang', 1042, 643818, 1);
INSERT INTO interacts VALUES(580425212695, 3, 'Blank', 3751, 704495, 1);
INSERT INTO interacts VALUES(580425212695, 3, 'Smeb', 3151, 724490, 1);
INSERT INTO interacts VALUES(580425212695, 3, 'Duke', 3067, 732961, 1);
INSERT INTO interacts VALUES(580425212695, 3, 'Wolf', 1001, 762261, 1);
INSERT INTO interacts VALUES(580425212695, 3, 'Wolf', 2043, 763103, 1);
INSERT INTO interacts VALUES(580425212695, 3, 'Wolf', 2043, 763269, 1);
INSERT INTO interacts VALUES(580425212695, 3, 'Kuro', 3198, 777318, 1);
INSERT INTO interacts VALUES(580425212695, 3, 'Kuro', 2043, 778195, 1);
INSERT INTO interacts VALUES(580425212695, 3, 'Kuro', 3363, 778618, 1);
INSERT INTO interacts VALUES(580425212695, 3, 'Faker', 3165, 783097, 1);
INSERT INTO interacts VALUES(580425212695, 3, 'Faker', 3363, 783885, 1);
INSERT INTO interacts VALUES(580425212695, 3, 'Faker', 2043, 786214, 1);
INSERT INTO interacts VALUES(580425212695, 3, 'GorillA', 3009, 814480, 1);
INSERT INTO interacts VALUES(580425212695, 3, 'GorillA', 2043, 815227, 1);
INSERT INTO interacts VALUES(580425212695, 3, 'GorillA', 2031, 815453, 1);
INSERT INTO interacts VALUES(580425212695, 3, 'PraY', 3508, 817301, 1);
INSERT INTO interacts VALUES(580425212695, 3, 'PraY', 2043, 819148, 1);
INSERT INTO interacts VALUES(580425212695, 3, 'Smeb', 1001, 841227, 1);
INSERT INTO interacts VALUES(580425212695, 3, 'Smeb', 1033, 841520, 1);
INSERT INTO interacts VALUES(580425212695, 3, 'Smeb', 2031, 843240, 1);
INSERT INTO interacts VALUES(580425212695, 3, 'Bang', 3086, 851692, 1);
INSERT INTO interacts VALUES(580425212695, 3, 'Bang', 1051, 852586, 1);
INSERT INTO interacts VALUES(580425212695, 3, 'Bang', 1042, 853772, 1);
INSERT INTO interacts VALUES(580425212695, 3, 'Bang', 3363, 856371, 1);
INSERT INTO interacts VALUES(580425212695, 3, 'Wolf', 3117, 871234, 1);
INSERT INTO interacts VALUES(580425212695, 3, 'Wolf', 2043, 873671, 1);
INSERT INTO interacts VALUES(580425212695, 3, 'GorillA', 1036, 902411, 1);
INSERT INTO interacts VALUES(580425212695, 3, 'GorillA', 2043, 903269, 1);
INSERT INTO interacts VALUES(580425212695, 3, 'PraY', 1051, 906714, 1);
INSERT INTO interacts VALUES(580425212695, 3, 'PraY', 2010, 909088, 0);
INSERT INTO interacts VALUES(580425212695, 3, 'PraY', 1042, 910062, 1);
INSERT INTO interacts VALUES(580425212695, 3, 'PraY', 3363, 910550, 1);
INSERT INTO interacts VALUES(580425212695, 3, 'Smeb', 3111, 913606, 1);
INSERT INTO interacts VALUES(580425212695, 3, 'Duke', 3065, 942043, 1);
INSERT INTO interacts VALUES(580425212695, 3, 'Duke', 3111, 943668, 1);
INSERT INTO interacts VALUES(580425212695, 3, 'Peanut', 3134, 952584, 1);
INSERT INTO interacts VALUES(580425212695, 3, 'Peanut', 3155, 953933, 1);
INSERT INTO interacts VALUES(580425212695, 3, 'Peanut', 1001, 955134, 1);
INSERT INTO interacts VALUES(580425212695, 3, 'Peanut', 2031, 956538, 0);
INSERT INTO interacts VALUES(580425212695, 3, 'Peanut', 1028, 957385, 1);
INSERT INTO interacts VALUES(580425212695, 3, 'Blank', 1409, 957448, 1);
INSERT INTO interacts VALUES(580425212695, 3, 'Blank', 3364, 958427, 1);
INSERT INTO interacts VALUES(580425212695, 3, 'Blank', 3211, 959469, 1);
INSERT INTO interacts VALUES(580425212695, 3, 'Bang', 1043, 971202, 1);
INSERT INTO interacts VALUES(580425212695, 3, 'Bang', 2010, 971556, 1);
INSERT INTO interacts VALUES(580425212695, 3, 'Smeb', 1033, 985212, 1);
INSERT INTO interacts VALUES(580425212695, 3, 'Smeb', 2043, 986652, 1);
INSERT INTO interacts VALUES(580425212695, 3, 'PraY', 3086, 1016031, 1);
INSERT INTO interacts VALUES(580425212695, 3, 'GorillA', 3123, 1017204, 1);
INSERT INTO interacts VALUES(580425212695, 3, 'GorillA', 2043, 1017596, 1);
INSERT INTO interacts VALUES(580425212695, 3, 'Kuro', 3158, 1023504, 1);
INSERT INTO interacts VALUES(580425212695, 3, 'Faker', 1058, 1023733, 1);
INSERT INTO interacts VALUES(580425212695, 3, 'Faker', 1052, 1025294, 1);
INSERT INTO interacts VALUES(580425212695, 3, 'Kuro', 1052, 1026298, 1);
INSERT INTO interacts VALUES(580425212695, 3, 'Kuro', 1028, 1026657, 1);
INSERT INTO interacts VALUES(580425212695, 3, 'Smeb', 1057, 1031760, 1);
INSERT INTO interacts VALUES(580425212695, 3, 'Wolf', 2301, 1056619, 1);
INSERT INTO interacts VALUES(580425212695, 3, 'Wolf', 2043, 1056816, 1);
INSERT INTO interacts VALUES(580425212695, 3, 'Blank', 1028, 1063208, 1);
INSERT INTO interacts VALUES(580425212695, 3, 'Blank', 2043, 1064112, 1);
INSERT INTO interacts VALUES(580425212695, 3, 'Duke', 1027, 1066824, 1);
INSERT INTO interacts VALUES(580425212695, 3, 'Peanut', 3009, 1094019, 1);
INSERT INTO interacts VALUES(580425212695, 3, 'Bang', 3085, 1094702, 1);
INSERT INTO interacts VALUES(580425212695, 3, 'Peanut', 1011, 1095550, 1);
INSERT INTO interacts VALUES(580425212695, 3, 'Peanut', 2043, 1096134, 1);
INSERT INTO interacts VALUES(580425212695, 3, 'PraY', 1042, 1098341, 1);
INSERT INTO interacts VALUES(580425212695, 3, 'Bang', 2043, 1098858, 1);
INSERT INTO interacts VALUES(580425212695, 3, 'Kuro', 1011, 1106580, 1);
INSERT INTO interacts VALUES(580425212695, 3, 'Bang', 1037, 1162933, 1);
INSERT INTO interacts VALUES(580425212695, 3, 'Duke', 3057, 1168113, 1);
INSERT INTO interacts VALUES(580425212695, 3, 'GorillA', 3035, 1174415, 1);
INSERT INTO interacts VALUES(580425212695, 3, 'PraY', 3085, 1175747, 1);
INSERT INTO interacts VALUES(580425212695, 3, 'GorillA', 2031, 1176151, 0);
INSERT INTO interacts VALUES(580425212695, 3, 'GorillA', 2043, 1176981, 1);
INSERT INTO interacts VALUES(580425212695, 3, 'GorillA', 3364, 1177205, 1);
INSERT INTO interacts VALUES(580425212695, 3, 'GorillA', 2010, 1182242, 1);
INSERT INTO interacts VALUES(580425212695, 3, 'Blank', 1057, 1206208, 1);
INSERT INTO interacts VALUES(580425212695, 3, 'Wolf', 1028, 1209731, 1);
INSERT INTO interacts VALUES(580425212695, 3, 'Wolf', 2043, 1210466, 1);
INSERT INTO interacts VALUES(580425212695, 3, 'Wolf', 2043, 1210560, 1);
INSERT INTO interacts VALUES(580425212695, 3, 'Duke', 1056, 1266605, 0);
INSERT INTO interacts VALUES(580425212695, 3, 'Duke', 3025, 1268007, 1);
INSERT INTO interacts VALUES(580425212695, 3, 'Duke', 2043, 1268692, 1);
INSERT INTO interacts VALUES(580425212695, 3, 'GorillA', 2010, 1331190, 0);
INSERT INTO interacts VALUES(580425212695, 3, 'GorillA', 1036, 1331940, 1);
INSERT INTO interacts VALUES(580425212695, 3, 'GorillA', 2043, 1332423, 1);
INSERT INTO interacts VALUES(580425212695, 3, 'Smeb', 3001, 1351663, 1);
INSERT INTO interacts VALUES(580425212695, 3, 'Peanut', 3134, 1351858, 1);
INSERT INTO interacts VALUES(580425212695, 3, 'Faker', 3285, 1351990, 1);
INSERT INTO interacts VALUES(580425212695, 3, 'Smeb', 2043, 1352381, 1);
INSERT INTO interacts VALUES(580425212695, 3, 'Kuro', 3116, 1352771, 1);
INSERT INTO interacts VALUES(580425212695, 3, 'Blank', 3102, 1353259, 1);
INSERT INTO interacts VALUES(580425212695, 3, 'Wolf', 1052, 1353391, 1);
INSERT INTO interacts VALUES(580425212695, 3, 'Kuro', 2043, 1353782, 1);
INSERT INTO interacts VALUES(580425212695, 3, 'Blank', 2043, 1354074, 1);
INSERT INTO interacts VALUES(580425212695, 3, 'Blank', 2043, 1354233, 1);
INSERT INTO interacts VALUES(580425212695, 3, 'Peanut', 1029, 1354427, 1);
INSERT INTO interacts VALUES(580425212695, 3, 'Faker', 2043, 1355075, 1);
INSERT INTO interacts VALUES(580425212695, 3, 'Wolf', 3364, 1355986, 1);
INSERT INTO interacts VALUES(580425212695, 3, 'Wolf', 2043, 1356199, 1);
INSERT INTO interacts VALUES(580425212695, 3, 'Wolf', 2043, 1356312, 1);
INSERT INTO interacts VALUES(580425212695, 3, 'Duke', 1033, 1360353, 1);
INSERT INTO interacts VALUES(580425212695, 3, 'PraY', 1038, 1364682, 1);
INSERT INTO interacts VALUES(580425212695, 3, 'Peanut', 1031, 1472701, 1);
INSERT INTO interacts VALUES(580425212695, 3, 'Bang', 3031, 1489162, 1);
INSERT INTO interacts VALUES(580425212695, 3, 'Bang', 1033, 1491153, 1);
INSERT INTO interacts VALUES(580425212695, 3, 'GorillA', 3033, 1503587, 1);
INSERT INTO interacts VALUES(580425212695, 3, 'GorillA', 2043, 1503813, 1);
INSERT INTO interacts VALUES(580425212695, 3, 'GorillA', 2043, 1504073, 1);
INSERT INTO interacts VALUES(580425212695, 3, 'Faker', 2043, 1506697, 0);
INSERT INTO interacts VALUES(580425212695, 3, 'Faker', 1058, 1507136, 1);
INSERT INTO interacts VALUES(580425212695, 3, 'Wolf', 3136, 1511545, 1);
INSERT INTO interacts VALUES(580425212695, 3, 'Wolf', 2043, 1511826, 1);
INSERT INTO interacts VALUES(580425212695, 3, 'PraY', 1083, 1515499, 0);
INSERT INTO interacts VALUES(580425212695, 3, 'Blank', 1011, 1517258, 1);
INSERT INTO interacts VALUES(580425212695, 3, 'Blank', 1031, 1517900, 1);
INSERT INTO interacts VALUES(580425212695, 3, 'Blank', 2032, 1520117, 0);
INSERT INTO interacts VALUES(580425212695, 3, 'Blank', 2043, 1520527, 1);
INSERT INTO interacts VALUES(580425212695, 3, 'Blank', 2043, 1520685, 1);
INSERT INTO interacts VALUES(580425212695, 3, 'PraY', 3155, 1527438, 1);
INSERT INTO interacts VALUES(580425212695, 3, 'GorillA', 1036, 1530778, 1);
INSERT INTO interacts VALUES(580425212695, 3, 'Duke', 3026, 1558711, 1);
INSERT INTO interacts VALUES(580425212695, 3, 'Smeb', 1026, 1567214, 1);
INSERT INTO interacts VALUES(580425212695, 3, 'Peanut', 3156, 1610418, 1);
INSERT INTO interacts VALUES(580425212695, 3, 'Kuro', 3135, 1624351, 1);
INSERT INTO interacts VALUES(580425212695, 3, 'Blank', 2043, 1747327, 1);
INSERT INTO interacts VALUES(580425212695, 3, 'Peanut', 1057, 1748200, 1);
INSERT INTO interacts VALUES(580425212695, 3, 'Kuro', 2031, 1749476, 0);
INSERT INTO interacts VALUES(580425212695, 3, 'Wolf', 1026, 1749506, 1);
INSERT INTO interacts VALUES(580425212695, 3, 'GorillA', 3133, 1750414, 1);
INSERT INTO interacts VALUES(580425212695, 3, 'Wolf', 2043, 1750414, 1);
INSERT INTO interacts VALUES(580425212695, 3, 'Kuro', 1058, 1750513, 1);
INSERT INTO interacts VALUES(580425212695, 3, 'Wolf', 2043, 1750545, 1);
INSERT INTO interacts VALUES(580425212695, 3, 'GorillA', 3044, 1750775, 1);
INSERT INTO interacts VALUES(580425212695, 3, 'GorillA', 2043, 1751298, 1);
INSERT INTO interacts VALUES(580425212695, 3, 'GorillA', 2043, 1751359, 1);
INSERT INTO interacts VALUES(580425212695, 3, 'Kuro', 1056, 1752364, 0);
INSERT INTO interacts VALUES(580425212695, 3, 'Kuro', 2043, 1753340, 1);
INSERT INTO interacts VALUES(580425212695, 3, 'Bang', 3140, 1754774, 1);
INSERT INTO interacts VALUES(580425212695, 3, 'Bang', 3086, 1756903, 1);
INSERT INTO interacts VALUES(580425212695, 3, 'Smeb', 3135, 1760316, 1);
INSERT INTO interacts VALUES(580425212695, 3, 'PraY', 3156, 1776353, 1);
INSERT INTO interacts VALUES(580425212695, 3, 'Duke', 1082, 1796628, 0);
INSERT INTO interacts VALUES(580425212695, 3, 'Duke', 3082, 1799657, 1);
INSERT INTO interacts VALUES(580425212695, 3, 'Blank', 3742, 1869726, 1);
INSERT INTO interacts VALUES(580425212695, 3, 'GorillA', 3071, 1877443, 1);
INSERT INTO interacts VALUES(580425212695, 3, 'Peanut', 3026, 1877506, 1);
INSERT INTO interacts VALUES(580425212695, 3, 'GorillA', 2043, 1877925, 1);
INSERT INTO interacts VALUES(580425212695, 3, 'GorillA', 2043, 1878083, 1);
INSERT INTO interacts VALUES(580425212695, 3, 'GorillA', 2010, 1878250, 1);
INSERT INTO interacts VALUES(580425212695, 3, 'Kuro', 1026, 1878804, 1);
INSERT INTO interacts VALUES(580425212695, 3, 'Smeb', 2031, 1880557, 0);
INSERT INTO interacts VALUES(580425212695, 3, 'Smeb', 3108, 1881857, 1);
INSERT INTO interacts VALUES(580425212695, 3, 'Wolf', 2043, 1883029, 1);
INSERT INTO interacts VALUES(580425212695, 3, 'Wolf', 2043, 1883193, 1);
INSERT INTO interacts VALUES(580425212695, 3, 'Faker', 3089, 1911156, 1);
INSERT INTO interacts VALUES(580425212695, 3, 'Duke', 2033, 1927804, 0);
INSERT INTO interacts VALUES(580425212695, 3, 'Duke', 3143, 1928258, 1);
INSERT INTO interacts VALUES(580425212695, 3, 'GorillA', 1036, 1982904, 1);
INSERT INTO interacts VALUES(580425212695, 3, 'Wolf', 3151, 1983119, 1);
INSERT INTO interacts VALUES(580425212695, 3, 'Faker', 2031, 1986298, 0);
INSERT INTO interacts VALUES(580425212695, 3, 'Faker', 1026, 1986948, 1);
INSERT INTO interacts VALUES(580425212695, 3, 'Bang', 3085, 1988994, 1);
INSERT INTO interacts VALUES(580425212695, 3, 'Bang', 3094, 1991776, 1);
INSERT INTO interacts VALUES(580425212695, 3, 'Blank', 1031, 2015184, 1);
INSERT INTO interacts VALUES(580425212695, 3, 'Blank', 2043, 2016020, 1);
INSERT INTO interacts VALUES(580425212695, 3, 'Blank', 2043, 2016169, 1);
INSERT INTO interacts VALUES(580425212695, 3, 'Duke', 2043, 2023225, 1);
INSERT INTO interacts VALUES(580425212695, 3, 'PraY', 1055, 2025252, 0);
INSERT INTO interacts VALUES(580425212695, 3, 'PraY', 3046, 2028500, 1);
INSERT INTO interacts VALUES(580425212695, 3, 'PraY', 2140, 2030063, 1);
INSERT INTO interacts VALUES(580425212695, 3, 'Peanut', 3143, 2039329, 1);
INSERT INTO interacts VALUES(580425212695, 3, 'Peanut', 1028, 2040292, 1);
INSERT INTO interacts VALUES(580425212695, 3, 'GorillA', 2043, 2056634, 1);
INSERT INTO interacts VALUES(580425212695, 3, 'GorillA', 2043, 2056731, 1);
INSERT INTO interacts VALUES(580425212695, 3, 'Bang', 1055, 2058650, 0);
INSERT INTO interacts VALUES(580425212695, 3, 'Bang', 1038, 2059654, 1);
INSERT INTO interacts VALUES(580425212695, 3, 'Blank', 2043, 2106193, 1);
INSERT INTO interacts VALUES(580425212695, 3, 'Blank', 2138, 2107410, 1);
INSERT INTO interacts VALUES(580425212695, 3, 'Faker', 2139, 2110197, 1);
INSERT INTO interacts VALUES(580425212695, 3, 'Kuro', 3089, 2151413, 1);
INSERT INTO interacts VALUES(580425212695, 3, 'Kuro', 2043, 2152212, 1);
INSERT INTO interacts VALUES(580425212695, 3, 'Smeb', 1054, 2168212, 0);
INSERT INTO interacts VALUES(580425212695, 3, 'Smeb', 3157, 2170359, 1);
INSERT INTO interacts VALUES(580425212695, 3, 'GorillA', 3155, 2171625, 1);
INSERT INTO interacts VALUES(580425212695, 3, 'Smeb', 2043, 2171789, 1);
INSERT INTO interacts VALUES(580425212695, 3, 'Wolf', 1011, 2272502, 1);
INSERT INTO interacts VALUES(580425212695, 3, 'Wolf', 2043, 2273339, 1);
INSERT INTO interacts VALUES(580425212695, 3, 'Duke', 1011, 2275112, 1);
INSERT INTO interacts VALUES(580425212695, 3, 'Blank', 1057, 2307424, 1);
INSERT INTO interacts VALUES(580425212695, 3, 'Smeb', 1026, 2308699, 1);
INSERT INTO matches VALUES(580425212695, 4, '2016-10-21');
INSERT INTO scores VALUES('ROX', 580425212695, 4, 2, 10, 0, 1, 3, 1);
INSERT INTO scores VALUES('SKT', 580425212695, 4, 0, 2, 0, 0, 1, 0);
INSERT INTO bans VALUES(580425212695, 4, 21, 1);
INSERT INTO bans VALUES(580425212695, 4, 126, 3);
INSERT INTO bans VALUES(580425212695, 4, 136, 5);
INSERT INTO bans VALUES(580425212695, 4, 134, 2);
INSERT INTO bans VALUES(580425212695, 4, 13, 4);
INSERT INTO bans VALUES(580425212695, 4, 69, 6);
INSERT INTO plays VALUES(580425212695, 4, 'Duke', 150, 'top', 0, 0, 6, 10102, 23, 6, 369, 6, 7, 17274);
INSERT INTO plays VALUES(580425212695, 4, 'Bengi', 76, 'jungle', 6, 2, 7, 24722, 30, 37, 84, 112, 44, 18001);
INSERT INTO plays VALUES(580425212695, 4, 'Faker', 26, 'mid', 5, 2, 5, 21733, 20, 8, 330, 21, 14, 18278);
INSERT INTO plays VALUES(580425212695, 4, 'Bang', 202, 'adc', 9, 1, 5, 36215, 21, 5, 315, 13, 7, 18376);
INSERT INTO plays VALUES(580425212695, 4, 'Wolf', 43, 'support', 0, 0, 14, 6412, 61, 22, 43, 0, 0, 12059);
INSERT INTO plays VALUES(580425212695, 4, 'Smeb', 68, 'top', 1, 5, 1, 14750, 25, 4, 302, 14, 0, 13519);
INSERT INTO plays VALUES(580425212695, 4, 'Peanut', 2, 'jungle', 0, 1, 3, 9661, 26, 25, 76, 99, 6, 13027);
INSERT INTO plays VALUES(580425212695, 4, 'Kuro', 112, 'mid', 0, 5, 3, 22692, 25, 9, 360, 21, 0, 14696);
INSERT INTO plays VALUES(580425212695, 4, 'PraY', 22, 'adc', 1, 3, 2, 14250, 19, 9, 350, 14, 0, 15373);
INSERT INTO plays VALUES(580425212695, 4, 'GorillA', 143, 'support', 3, 6, 1, 19526, 81, 18, 23, 1, 0, 10844);
INSERT INTO interacts VALUES(580425212695, 4, 'Bengi', 1039, 1845, 1);
INSERT INTO interacts VALUES(580425212695, 4, 'Smeb', 1054, 1942, 1);
INSERT INTO interacts VALUES(580425212695, 4, 'PraY', 1055, 2040, 1);
INSERT INTO interacts VALUES(580425212695, 4, 'Bengi', 3340, 2136, 1);
INSERT INTO interacts VALUES(580425212695, 4, 'Smeb', 2003, 2201, 1);
INSERT INTO interacts VALUES(580425212695, 4, 'Faker', 1056, 2235, 1);
INSERT INTO interacts VALUES(580425212695, 4, 'Wolf', 3303, 2268, 1);
INSERT INTO interacts VALUES(580425212695, 4, 'GorillA', 3303, 2300, 1);
INSERT INTO interacts VALUES(580425212695, 4, 'PraY', 2010, 2341, 1);
INSERT INTO interacts VALUES(580425212695, 4, 'Bang', 1055, 2367, 1);
INSERT INTO interacts VALUES(580425212695, 4, 'Smeb', 3340, 2399, 1);
INSERT INTO interacts VALUES(580425212695, 4, 'Faker', 2003, 2431, 1);
INSERT INTO interacts VALUES(580425212695, 4, 'Wolf', 2010, 2527, 1);
INSERT INTO interacts VALUES(580425212695, 4, 'Faker', 2003, 2560, 1);
INSERT INTO interacts VALUES(580425212695, 4, 'Bang', 2010, 2560, 1);
INSERT INTO interacts VALUES(580425212695, 4, 'PraY', 3340, 2625, 1);
INSERT INTO interacts VALUES(580425212695, 4, 'Wolf', 2010, 2658, 1);
INSERT INTO interacts VALUES(580425212695, 4, 'Kuro', 1056, 2658, 1);
INSERT INTO interacts VALUES(580425212695, 4, 'Faker', 3340, 2723, 1);
INSERT INTO interacts VALUES(580425212695, 4, 'Bang', 3340, 2756, 1);
INSERT INTO interacts VALUES(580425212695, 4, 'Peanut', 1039, 2788, 1);
INSERT INTO interacts VALUES(580425212695, 4, 'Wolf', 2010, 2788, 1);
INSERT INTO interacts VALUES(580425212695, 4, 'GorillA', 2010, 2884, 1);
INSERT INTO interacts VALUES(580425212695, 4, 'GorillA', 2010, 2981, 1);
INSERT INTO interacts VALUES(580425212695, 4, 'Wolf', 3340, 3014, 1);
INSERT INTO interacts VALUES(580425212695, 4, 'Kuro', 2003, 3046, 1);
INSERT INTO interacts VALUES(580425212695, 4, 'GorillA', 2010, 3116, 1);
INSERT INTO interacts VALUES(580425212695, 4, 'Kuro', 3340, 3241, 1);
INSERT INTO interacts VALUES(580425212695, 4, 'Bengi', 2031, 3307, 1);
INSERT INTO interacts VALUES(580425212695, 4, 'Kuro', 2003, 3663, 1);
INSERT INTO interacts VALUES(580425212695, 4, 'GorillA', 3340, 3697, 1);
INSERT INTO interacts VALUES(580425212695, 4, 'Peanut', 2031, 3989, 1);
INSERT INTO interacts VALUES(580425212695, 4, 'Peanut', 3340, 4376, 1);
INSERT INTO interacts VALUES(580425212695, 4, 'Duke', 1054, 10769, 1);
INSERT INTO interacts VALUES(580425212695, 4, 'Duke', 2003, 11481, 1);
INSERT INTO interacts VALUES(580425212695, 4, 'Duke', 3340, 11940, 1);
INSERT INTO interacts VALUES(580425212695, 4, 'Peanut', 1001, 233325, 1);
INSERT INTO interacts VALUES(580425212695, 4, 'Peanut', 1028, 234597, 1);
INSERT INTO interacts VALUES(580425212695, 4, 'Peanut', 2043, 235091, 1);
INSERT INTO interacts VALUES(580425212695, 4, 'GorillA', 1028, 272565, 1);
INSERT INTO interacts VALUES(580425212695, 4, 'GorillA', 2010, 273277, 1);
INSERT INTO interacts VALUES(580425212695, 4, 'GorillA', 2010, 273373, 1);
INSERT INTO interacts VALUES(580425212695, 4, 'Bang', 1036, 288006, 1);
INSERT INTO interacts VALUES(580425212695, 4, 'Bang', 1036, 288119, 1);
INSERT INTO interacts VALUES(580425212695, 4, 'Bang', 2031, 289507, 1);
INSERT INTO interacts VALUES(580425212695, 4, 'Bang', 2043, 289866, 1);
INSERT INTO interacts VALUES(580425212695, 4, 'Kuro', 1001, 318475, 1);
INSERT INTO interacts VALUES(580425212695, 4, 'Kuro', 1056, 319426, 1);
INSERT INTO interacts VALUES(580425212695, 4, 'Kuro', 2031, 319902, 1);
INSERT INTO interacts VALUES(580425212695, 4, 'Faker', 3010, 320811, 1);
INSERT INTO interacts VALUES(580425212695, 4, 'Faker', 1001, 321425, 1);
INSERT INTO interacts VALUES(580425212695, 4, 'Faker', 2043, 323244, 1);
INSERT INTO interacts VALUES(580425212695, 4, 'Wolf', 3098, 323924, 1);
INSERT INTO interacts VALUES(580425212695, 4, 'Wolf', 2043, 324803, 1);
INSERT INTO interacts VALUES(580425212695, 4, 'Wolf', 2010, 325061, 1);
INSERT INTO interacts VALUES(580425212695, 4, 'PraY', 1036, 350959, 1);
INSERT INTO interacts VALUES(580425212695, 4, 'PraY', 1083, 351445, 1);
INSERT INTO interacts VALUES(580425212695, 4, 'PraY', 1001, 352581, 1);
INSERT INTO interacts VALUES(580425212695, 4, 'PraY', 2010, 352947, 1);
INSERT INTO interacts VALUES(580425212695, 4, 'GorillA', 2043, 353989, 1);
INSERT INTO interacts VALUES(580425212695, 4, 'Smeb', 3191, 374804, 1);
INSERT INTO interacts VALUES(580425212695, 4, 'Smeb', 2043, 376462, 1);
INSERT INTO interacts VALUES(580425212695, 4, 'Smeb', 2003, 377498, 0);
INSERT INTO interacts VALUES(580425212695, 4, 'Smeb', 2031, 378761, 1);
INSERT INTO interacts VALUES(580425212695, 4, 'Bengi', 3711, 382579, 1);
INSERT INTO interacts VALUES(580425212695, 4, 'Bengi', 3113, 384325, 1);
INSERT INTO interacts VALUES(580425212695, 4, 'Bengi', 2043, 385180, 1);
INSERT INTO interacts VALUES(580425212695, 4, 'Duke', 3052, 406920, 1);
INSERT INTO interacts VALUES(580425212695, 4, 'Duke', 2043, 408386, 1);
INSERT INTO interacts VALUES(580425212695, 4, 'Duke', 2003, 409426, 1);
INSERT INTO interacts VALUES(580425212695, 4, 'Peanut', 3158, 422496, 1);
INSERT INTO interacts VALUES(580425212695, 4, 'Peanut', 2032, 426161, 1);
INSERT INTO interacts VALUES(580425212695, 4, 'Peanut', 2043, 428116, 1);
INSERT INTO interacts VALUES(580425212695, 4, 'Kuro', 3158, 458338, 1);
INSERT INTO interacts VALUES(580425212695, 4, 'Kuro', 2043, 459605, 1);
INSERT INTO interacts VALUES(580425212695, 4, 'Faker', 1026, 499057, 1);
INSERT INTO interacts VALUES(580425212695, 4, 'GorillA', 2049, 627828, 1);
INSERT INTO interacts VALUES(580425212695, 4, 'GorillA', 3117, 628870, 1);
INSERT INTO interacts VALUES(580425212695, 4, 'GorillA', 3341, 629207, 1);
INSERT INTO interacts VALUES(580425212695, 4, 'GorillA', 2043, 643493, 1);
INSERT INTO interacts VALUES(580425212695, 4, 'PraY', 1038, 649784, 1);
INSERT INTO interacts VALUES(580425212695, 4, 'Smeb', 3020, 651668, 1);
INSERT INTO interacts VALUES(580425212695, 4, 'PraY', 1036, 651927, 1);
INSERT INTO interacts VALUES(580425212695, 4, 'Smeb', 1028, 653261, 1);
INSERT INTO interacts VALUES(580425212695, 4, 'Smeb', 2043, 655597, 1);
INSERT INTO interacts VALUES(580425212695, 4, 'Bang', 3133, 658489, 1);
INSERT INTO interacts VALUES(580425212695, 4, 'Wolf', 3341, 658589, 1);
INSERT INTO interacts VALUES(580425212695, 4, 'Wolf', 2049, 659565, 1);
INSERT INTO interacts VALUES(580425212695, 4, 'Faker', 3027, 660476, 1);
INSERT INTO interacts VALUES(580425212695, 4, 'Bang', 3009, 660969, 1);
INSERT INTO interacts VALUES(580425212695, 4, 'Wolf', 1001, 661031, 1);
INSERT INTO interacts VALUES(580425212695, 4, 'Faker', 2031, 661292, 1);
INSERT INTO interacts VALUES(580425212695, 4, 'Bang', 1036, 661747, 1);
INSERT INTO interacts VALUES(580425212695, 4, 'Bang', 1036, 661911, 1);
INSERT INTO interacts VALUES(580425212695, 4, 'Duke', 3044, 664576, 1);
INSERT INTO interacts VALUES(580425212695, 4, 'Duke', 1001, 667548, 1);
INSERT INTO interacts VALUES(580425212695, 4, 'Kuro', 3196, 685445, 1);
INSERT INTO interacts VALUES(580425212695, 4, 'Kuro', 2043, 687589, 1);
INSERT INTO interacts VALUES(580425212695, 4, 'Peanut', 3751, 698193, 1);
INSERT INTO interacts VALUES(580425212695, 4, 'Peanut', 3715, 698578, 1);
INSERT INTO interacts VALUES(580425212695, 4, 'Peanut', 2043, 699680, 1);
INSERT INTO interacts VALUES(580425212695, 4, 'PraY', 3009, 718904, 1);
INSERT INTO interacts VALUES(580425212695, 4, 'Bengi', 1410, 722852, 1);
INSERT INTO interacts VALUES(580425212695, 4, 'Bengi', 3158, 724213, 1);
INSERT INTO interacts VALUES(580425212695, 4, 'Bengi', 2043, 725509, 1);
INSERT INTO interacts VALUES(580425212695, 4, 'Bengi', 2032, 727298, 1);
INSERT INTO interacts VALUES(580425212695, 4, 'Bengi', 3341, 728072, 1);
INSERT INTO interacts VALUES(580425212695, 4, 'GorillA', 2043, 745342, 1);
INSERT INTO interacts VALUES(580425212695, 4, 'GorillA', 2031, 745646, 1);
INSERT INTO interacts VALUES(580425212695, 4, 'Wolf', 2043, 751364, 1);
INSERT INTO interacts VALUES(580425212695, 4, 'Wolf', 2043, 751479, 1);
INSERT INTO interacts VALUES(580425212695, 4, 'Wolf', 2031, 751674, 1);
INSERT INTO interacts VALUES(580425212695, 4, 'Faker', 3158, 788553, 1);
INSERT INTO interacts VALUES(580425212695, 4, 'Faker', 2043, 789283, 1);
INSERT INTO interacts VALUES(580425212695, 4, 'Faker', 3363, 790600, 1);
INSERT INTO interacts VALUES(580425212695, 4, 'PraY', 3133, 822134, 1);
INSERT INTO interacts VALUES(580425212695, 4, 'PraY', 2043, 823755, 1);
INSERT INTO interacts VALUES(580425212695, 4, 'Bang', 3134, 866730, 1);
INSERT INTO interacts VALUES(580425212695, 4, 'Peanut', 1413, 869514, 1);
INSERT INTO interacts VALUES(580425212695, 4, 'Duke', 1011, 869871, 1);
INSERT INTO interacts VALUES(580425212695, 4, 'Peanut', 1033, 870844, 1);
INSERT INTO interacts VALUES(580425212695, 4, 'Smeb', 3108, 871006, 1);
INSERT INTO interacts VALUES(580425212695, 4, 'GorillA', 2043, 872246, 1);
INSERT INTO interacts VALUES(580425212695, 4, 'GorillA', 1004, 872457, 1);
INSERT INTO interacts VALUES(580425212695, 4, 'Bang', 2031, 872734, 0);
INSERT INTO interacts VALUES(580425212695, 4, 'Bang', 3142, 877654, 1);
INSERT INTO interacts VALUES(580425212695, 4, 'Kuro', 3197, 895159, 1);
INSERT INTO interacts VALUES(580425212695, 4, 'Kuro', 2043, 896492, 1);
INSERT INTO interacts VALUES(580425212695, 4, 'Bengi', 1011, 923892, 1);
INSERT INTO interacts VALUES(580425212695, 4, 'Bengi', 3364, 925159, 1);
INSERT INTO interacts VALUES(580425212695, 4, 'Bengi', 2043, 925503, 1);
INSERT INTO interacts VALUES(580425212695, 4, 'GorillA', 3098, 968909, 1);
INSERT INTO interacts VALUES(580425212695, 4, 'GorillA', 2043, 969167, 1);
INSERT INTO interacts VALUES(580425212695, 4, 'Wolf', 2045, 1002558, 1);
INSERT INTO interacts VALUES(580425212695, 4, 'Wolf', 2043, 1003275, 1);
INSERT INTO interacts VALUES(580425212695, 4, 'Wolf', 2043, 1003401, 1);
INSERT INTO interacts VALUES(580425212695, 4, 'Bang', 1036, 1021070, 1);
INSERT INTO interacts VALUES(580425212695, 4, 'Bang', 3363, 1021980, 1);
INSERT INTO interacts VALUES(580425212695, 4, 'Bang', 2010, 1022337, 1);
INSERT INTO interacts VALUES(580425212695, 4, 'Bang', 2043, 1022602, 1);
INSERT INTO interacts VALUES(580425212695, 4, 'Peanut', 1028, 1026986, 1);
INSERT INTO interacts VALUES(580425212695, 4, 'GorillA', 2043, 1053851, 1);
INSERT INTO interacts VALUES(580425212695, 4, 'Kuro', 3198, 1061043, 1);
INSERT INTO interacts VALUES(580425212695, 4, 'Kuro', 2043, 1062111, 1);
INSERT INTO interacts VALUES(580425212695, 4, 'Kuro', 3363, 1063282, 1);
INSERT INTO interacts VALUES(580425212695, 4, 'Faker', 3108, 1103341, 1);
INSERT INTO interacts VALUES(580425212695, 4, 'Faker', 1052, 1104702, 1);
INSERT INTO interacts VALUES(580425212695, 4, 'Duke', 3022, 1118711, 1);
INSERT INTO interacts VALUES(580425212695, 4, 'Duke', 1033, 1120235, 1);
INSERT INTO interacts VALUES(580425212695, 4, 'Duke', 2043, 1121075, 1);
INSERT INTO interacts VALUES(580425212695, 4, 'GorillA', 2301, 1121821, 1);
INSERT INTO interacts VALUES(580425212695, 4, 'Smeb', 3157, 1130985, 1);
INSERT INTO interacts VALUES(580425212695, 4, 'Smeb', 1052, 1132287, 1);
INSERT INTO interacts VALUES(580425212695, 4, 'PraY', 3508, 1152880, 1);
INSERT INTO interacts VALUES(580425212695, 4, 'PraY', 1051, 1154016, 1);
INSERT INTO interacts VALUES(580425212695, 4, 'PraY', 1042, 1154408, 1);
INSERT INTO interacts VALUES(580425212695, 4, 'PraY', 3363, 1154738, 1);
INSERT INTO interacts VALUES(580425212695, 4, 'Bang', 3134, 1173719, 1);
INSERT INTO interacts VALUES(580425212695, 4, 'Wolf', 3158, 1179404, 1);
INSERT INTO interacts VALUES(580425212695, 4, 'Bengi', 1058, 1230445, 1);
INSERT INTO interacts VALUES(580425212695, 4, 'Bengi', 2032, 1232728, 0);
INSERT INTO interacts VALUES(580425212695, 4, 'Bengi', 3116, 1234191, 1);
INSERT INTO interacts VALUES(580425212695, 4, 'Kuro', 1058, 1243117, 1);
INSERT INTO interacts VALUES(580425212695, 4, 'Kuro', 2031, 1243969, 0);
INSERT INTO interacts VALUES(580425212695, 4, 'Kuro', 2043, 1244872, 1);
INSERT INTO interacts VALUES(580425212695, 4, 'GorillA', 1028, 1258927, 1);
INSERT INTO interacts VALUES(580425212695, 4, 'GorillA', 2043, 1259705, 1);
INSERT INTO interacts VALUES(580425212695, 4, 'Duke', 3133, 1298575, 1);
INSERT INTO interacts VALUES(580425212695, 4, 'Smeb', 3136, 1306910, 1);
INSERT INTO interacts VALUES(580425212695, 4, 'Faker', 3165, 1309462, 1);
INSERT INTO interacts VALUES(580425212695, 4, 'Wolf', 3364, 1312925, 1);
INSERT INTO interacts VALUES(580425212695, 4, 'Wolf', 2043, 1313153, 1);
INSERT INTO interacts VALUES(580425212695, 4, 'Wolf', 2043, 1313286, 1);
INSERT INTO interacts VALUES(580425212695, 4, 'Wolf', 3801, 1317339, 1);
INSERT INTO interacts VALUES(580425212695, 4, 'Peanut', 3190, 1327362, 1);
INSERT INTO interacts VALUES(580425212695, 4, 'Peanut', 2043, 1329281, 1);
INSERT INTO interacts VALUES(580425212695, 4, 'Faker', 1026, 1330368, 1);
INSERT INTO interacts VALUES(580425212695, 4, 'Bengi', 1057, 1339513, 1);
INSERT INTO interacts VALUES(580425212695, 4, 'Bengi', 1052, 1340256, 1);
INSERT INTO interacts VALUES(580425212695, 4, 'Bengi', 2043, 1341535, 1);
INSERT INTO interacts VALUES(580425212695, 4, 'PraY', 3086, 1382741, 1);
INSERT INTO interacts VALUES(580425212695, 4, 'PraY', 1083, 1384102, 0);
INSERT INTO interacts VALUES(580425212695, 4, 'GorillA', 1052, 1384817, 1);
INSERT INTO interacts VALUES(580425212695, 4, 'GorillA', 2043, 1385075, 1);
INSERT INTO interacts VALUES(580425212695, 4, 'PraY', 1043, 1385953, 1);
INSERT INTO interacts VALUES(580425212695, 4, 'Smeb', 1026, 1407944, 1);
INSERT INTO interacts VALUES(580425212695, 4, 'Peanut', 1029, 1420613, 1);
INSERT INTO interacts VALUES(580425212695, 4, 'Peanut', 1029, 1420745, 1);
INSERT INTO interacts VALUES(580425212695, 4, 'Bang', 1038, 1421977, 1);
INSERT INTO interacts VALUES(580425212695, 4, 'Kuro', 1011, 1431395, 1);
INSERT INTO interacts VALUES(580425212695, 4, 'Wolf', 2043, 1433560, 1);
INSERT INTO interacts VALUES(580425212695, 4, 'Wolf', 2043, 1433672, 1);
INSERT INTO interacts VALUES(580425212695, 4, 'PraY', 3085, 1441330, 1);
INSERT INTO interacts VALUES(580425212695, 4, 'PraY', 2010, 1442568, 1);
INSERT INTO interacts VALUES(580425212695, 4, 'Duke', 3071, 1492740, 1);
INSERT INTO interacts VALUES(580425212695, 4, 'Duke', 3111, 1494627, 1);
INSERT INTO interacts VALUES(580425212695, 4, 'Duke', 2043, 1497458, 1);
INSERT INTO interacts VALUES(580425212695, 4, 'Smeb', 3151, 1497945, 1);
INSERT INTO interacts VALUES(580425212695, 4, 'Smeb', 2043, 1500333, 1);
INSERT INTO interacts VALUES(580425212695, 4, 'PraY', 1042, 1502969, 1);
INSERT INTO interacts VALUES(580425212695, 4, 'GorillA', 3136, 1517619, 1);
INSERT INTO interacts VALUES(580425212695, 4, 'GorillA', 2043, 1517882, 1);
INSERT INTO interacts VALUES(580425212695, 4, 'GorillA', 3364, 1518059, 1);
INSERT INTO interacts VALUES(580425212695, 4, 'Peanut', 3082, 1528413, 1);
INSERT INTO interacts VALUES(580425212695, 4, 'Kuro', 3116, 1533983, 1);
INSERT INTO interacts VALUES(580425212695, 4, 'Kuro', 2043, 1535378, 1);
INSERT INTO interacts VALUES(580425212695, 4, 'Bengi', 3001, 1542883, 1);
INSERT INTO interacts VALUES(580425212695, 4, 'Bang', 3147, 1545468, 1);
INSERT INTO interacts VALUES(580425212695, 4, 'Bang', 1036, 1548247, 1);
INSERT INTO interacts VALUES(580425212695, 4, 'PraY', 1051, 1592272, 1);
INSERT INTO interacts VALUES(580425212695, 4, 'GorillA', 1028, 1633596, 1);
INSERT INTO interacts VALUES(580425212695, 4, 'GorillA', 2043, 1634119, 1);
INSERT INTO interacts VALUES(580425212695, 4, 'Kuro', 1056, 1650084, 0);
INSERT INTO interacts VALUES(580425212695, 4, 'Kuro', 1033, 1650508, 1);
INSERT INTO interacts VALUES(580425212695, 4, 'Bengi', 1026, 1654476, 1);
INSERT INTO interacts VALUES(580425212695, 4, 'Bengi', 2043, 1655890, 1);
INSERT INTO interacts VALUES(580425212695, 4, 'Bengi', 2043, 1656004, 1);
INSERT INTO interacts VALUES(580425212695, 4, 'PraY', 3086, 1659475, 1);
INSERT INTO interacts VALUES(580425212695, 4, 'Bang', 2043, 1669146, 1);
INSERT INTO interacts VALUES(580425212695, 4, 'Wolf', 3105, 1690747, 1);
INSERT INTO interacts VALUES(580425212695, 4, 'Wolf', 2043, 1692179, 1);
INSERT INTO interacts VALUES(580425212695, 4, 'Wolf', 2043, 1692307, 1);
INSERT INTO interacts VALUES(580425212695, 4, 'Duke', 1057, 1699263, 1);
INSERT INTO interacts VALUES(580425212695, 4, 'Duke', 1029, 1700697, 1);
INSERT INTO interacts VALUES(580425212695, 4, 'GorillA', 2043, 1703729, 1);
INSERT INTO interacts VALUES(580425212695, 4, 'GorillA', 1026, 1779311, 1);
INSERT INTO interacts VALUES(580425212695, 4, 'GorillA', 2031, 1779952, 0);
INSERT INTO interacts VALUES(580425212695, 4, 'GorillA', 2043, 1780471, 1);
INSERT INTO interacts VALUES(580425212695, 4, 'Bang', 3035, 1797593, 1);
INSERT INTO interacts VALUES(580425212695, 4, 'Faker', 2031, 1803899, 0);
INSERT INTO interacts VALUES(580425212695, 4, 'Wolf', 3190, 1809115, 1);
INSERT INTO interacts VALUES(580425212695, 4, 'Faker', 3089, 1809309, 1);
INSERT INTO interacts VALUES(580425212695, 4, 'PraY', 3046, 1814014, 1);
INSERT INTO interacts VALUES(580425212695, 4, 'PraY', 2043, 1815281, 1);
INSERT INTO interacts VALUES(580425212695, 4, 'Kuro', 1057, 1817071, 1);
INSERT INTO interacts VALUES(580425212695, 4, 'Kuro', 1026, 1817808, 1);
INSERT INTO interacts VALUES(580425212695, 4, 'Bang', 3036, 1913588, 1);
INSERT INTO interacts VALUES(580425212695, 4, 'Bang', 2043, 1915066, 1);
INSERT INTO interacts VALUES(580425212695, 4, 'Duke', 3026, 1916712, 1);
INSERT INTO interacts VALUES(580425212695, 4, 'Wolf', 2043, 1917862, 1);
INSERT INTO interacts VALUES(580425212695, 4, 'Duke', 1028, 1918900, 1);
INSERT INTO interacts VALUES(580425212695, 4, 'PraY', 3123, 1928453, 1);
INSERT INTO interacts VALUES(580425212695, 4, 'Peanut', 3143, 1929539, 1);
INSERT INTO interacts VALUES(580425212695, 4, 'Peanut', 2043, 1930870, 1);
INSERT INTO interacts VALUES(580425212695, 4, 'GorillA', 3151, 1931573, 1);
INSERT INTO interacts VALUES(580425212695, 4, 'Smeb', 3135, 1948496, 1);
INSERT INTO interacts VALUES(580425212695, 4, 'Faker', 1026, 1949698, 1);
INSERT INTO interacts VALUES(580425212695, 4, 'Kuro', 3135, 2045418, 1);
INSERT INTO interacts VALUES(580425212695, 4, 'Kuro', 1056, 2046522, 0);
INSERT INTO interacts VALUES(580425212695, 4, 'Kuro', 2043, 2047245, 1);
INSERT INTO interacts VALUES(580425212695, 4, 'Bang', 3140, 2072408, 1);
INSERT INTO interacts VALUES(580425212695, 4, 'Smeb', 2031, 2076486, 0);
INSERT INTO interacts VALUES(580425212695, 4, 'Smeb', 1057, 2077855, 1);
INSERT INTO interacts VALUES(580425212695, 4, 'GorillA', 1011, 2089786, 1);
INSERT INTO interacts VALUES(580425212695, 4, 'GorillA', 2043, 2090883, 1);
INSERT INTO interacts VALUES(580425212695, 4, 'GorillA', 2043, 2090965, 1);
INSERT INTO interacts VALUES(580425212695, 4, 'Wolf', 2031, 2091736, 0);
INSERT INTO interacts VALUES(580425212695, 4, 'GorillA', 2031, 2091808, 1);
INSERT INTO interacts VALUES(580425212695, 4, 'PraY', 1055, 2093176, 0);
INSERT INTO interacts VALUES(580425212695, 4, 'Wolf', 3114, 2093742, 1);
INSERT INTO interacts VALUES(580425212695, 4, 'PraY', 1038, 2094315, 1);
INSERT INTO interacts VALUES(580425212695, 4, 'Bengi', 3089, 2099892, 1);
INSERT INTO interacts VALUES(580425212695, 4, 'Bengi', 2043, 2102392, 1);
INSERT INTO interacts VALUES(580425212695, 4, 'Duke', 1054, 2107041, 0);
INSERT INTO interacts VALUES(580425212695, 4, 'Duke', 1011, 2107780, 1);
INSERT INTO interacts VALUES(580425212695, 4, 'Duke', 3082, 2109149, 1);
INSERT INTO interacts VALUES(580425212695, 4, 'Bang', 2140, 2183496, 1);
INSERT INTO interacts VALUES(580425212695, 4, 'Faker', 3135, 2186723, 1);
INSERT INTO interacts VALUES(580425212695, 4, 'Kuro', 1052, 2229943, 1);
INSERT INTO interacts VALUES(580425212695, 4, 'GorillA', 1052, 2269462, 1);
INSERT INTO interacts VALUES(580425212695, 4, 'GorillA', 2031, 2270250, 0);
INSERT INTO interacts VALUES(580425212695, 4, 'GorillA', 2043, 2270894, 1);
INSERT INTO interacts VALUES(580425212695, 4, 'GorillA', 2043, 2272630, 1);
INSERT INTO interacts VALUES(580425212695, 4, 'Peanut', 3105, 2305894, 1);
INSERT INTO interacts VALUES(580425212695, 4, 'Smeb', 1054, 2308217, 0);
INSERT INTO interacts VALUES(580425212695, 4, 'Faker', 2139, 2309341, 1);
INSERT INTO interacts VALUES(580425212695, 4, 'Smeb', 1058, 2309928, 1);
INSERT INTO interacts VALUES(580425212695, 4, 'Bengi', 1026, 2310910, 1);
INSERT INTO interacts VALUES(580425212695, 4, 'Bang', 1055, 2348178, 0);
INSERT INTO interacts VALUES(580425212695, 4, 'Wolf', 3222, 2348370, 1);
INSERT INTO interacts VALUES(580425212695, 4, 'Bang', 3094, 2349709, 1);
INSERT INTO interacts VALUES(580425212695, 4, 'Wolf', 2043, 2350448, 1);
INSERT INTO interacts VALUES(580425212695, 4, 'Peanut', 3105, 2350621, 0);
INSERT INTO interacts VALUES(580425212695, 4, 'Peanut', 3211, 2352115, 1);
INSERT INTO interacts VALUES(580425212695, 4, 'Wolf', 3098, 2353004, 0);
INSERT INTO interacts VALUES(580425212695, 4, 'Peanut', 2032, 2353723, 0);
INSERT INTO interacts VALUES(580425212695, 4, 'Faker', 1056, 2354114, 0);
INSERT INTO interacts VALUES(580425212695, 4, 'Faker', 1058, 2354796, 1);
INSERT INTO interacts VALUES(580425212695, 4, 'Peanut', 2043, 2354962, 1);
INSERT INTO interacts VALUES(580425212695, 4, 'Wolf', 3114, 2358608, 1);
INSERT INTO interacts VALUES(580425212695, 4, 'Duke', 3143, 2362134, 1);
INSERT INTO interacts VALUES(580425212695, 4, 'Duke', 3211, 2364260, 1);
INSERT INTO interacts VALUES(580425212695, 4, 'GorillA', 2139, 2364927, 1);
INSERT INTO interacts VALUES(580425212695, 4, 'Kuro', 3108, 2413876, 1);
INSERT INTO interacts VALUES(580425212695, 4, 'Kuro', 2139, 2414360, 1);
INSERT INTO interacts VALUES(580425212695, 4, 'Peanut', 1057, 2428166, 1);
INSERT INTO interacts VALUES(580425212695, 4, 'Bengi', 3135, 2482118, 1);
INSERT INTO interacts VALUES(580425212695, 4, 'Wolf', 2139, 2482215, 1);
INSERT INTO interacts VALUES(580425212695, 4, 'Bang', 2140, 2483359, 1);
INSERT INTO interacts VALUES(580425212695, 4, 'PraY', 3031, 2491285, 1);
INSERT INTO interacts VALUES(580425212695, 4, 'Duke', 3065, 2492687, 1);
INSERT INTO interacts VALUES(580425212695, 4, 'GorillA', 2043, 2496423, 1);
INSERT INTO interacts VALUES(580425212695, 4, 'GorillA', 2043, 2496558, 1);
INSERT INTO interacts VALUES(580425212695, 4, 'Kuro', 3001, 2496642, 1);
INSERT INTO interacts VALUES(580425212695, 4, 'GorillA', 2139, 2497687, 1);
INSERT INTO interacts VALUES(580425212695, 4, 'Faker', 3285, 2502515, 1);
INSERT INTO interacts VALUES(580425212695, 4, 'Peanut', 3102, 2514208, 1);
INSERT INTO interacts VALUES(580425212695, 4, 'Peanut', 1029, 2517251, 1);
INSERT INTO matches VALUES(580425212695, 5, '2016-10-21');
INSERT INTO scores VALUES('ROX', 580425212695, 5, 0, 2, 0, 1, 0, 0);
INSERT INTO scores VALUES('SKT', 580425212695, 5, 2, 10, 0, 2, 5, 1);
INSERT INTO bans VALUES(580425212695, 5, 13, 1);
INSERT INTO bans VALUES(580425212695, 5, 134, 3);
INSERT INTO bans VALUES(580425212695, 5, 2, 5);
INSERT INTO bans VALUES(580425212695, 5, 21, 2);
INSERT INTO bans VALUES(580425212695, 5, 76, 4);
INSERT INTO bans VALUES(580425212695, 5, 136, 6);
INSERT INTO plays VALUES(580425212695, 5, 'Smeb', 126, 'top', 1, 2, 3, 30948, 20, 4, 369, 11, 2, 15554);
INSERT INTO plays VALUES(580425212695, 5, 'Peanut', 60, 'jungle', 2, 3, 3, 15723, 28, 25, 70, 87, 13, 13210);
INSERT INTO plays VALUES(580425212695, 5, 'Kuro', 43, 'mid', 2, 2, 2, 20231, 22, 8, 316, 23, 0, 14594);
INSERT INTO plays VALUES(580425212695, 5, 'PraY', 202, 'adc', 2, 5, 1, 22745, 18, 5, 292, 2, 0, 13537);
INSERT INTO plays VALUES(580425212695, 5, 'GorillA', 143, 'support', 0, 4, 2, 14107, 90, 15, 28, 1, 0, 10150);
INSERT INTO plays VALUES(580425212695, 5, 'Duke', 78, 'top', 5, 0, 5, 13439, 21, 3, 335, 5, 3, 17349);
INSERT INTO plays VALUES(580425212695, 5, 'Bengi', 64, 'jungle', 4, 4, 9, 10687, 42, 26, 47, 77, 36, 15518);
INSERT INTO plays VALUES(580425212695, 5, 'Faker', 61, 'mid', 1, 1, 8, 24212, 19, 9, 379, 28, 22, 18982);
INSERT INTO plays VALUES(580425212695, 5, 'Bang', 22, 'adc', 4, 1, 7, 26545, 17, 13, 419, 36, 14, 20188);
INSERT INTO plays VALUES(580425212695, 5, 'Wolf', 267, 'support', 2, 1, 9, 6947, 59, 12, 19, 0, 1, 11810);
INSERT INTO interacts VALUES(580425212695, 5, 'Duke', 2033, 1836, 1);
INSERT INTO interacts VALUES(580425212695, 5, 'PraY', 1055, 2057, 1);
INSERT INTO interacts VALUES(580425212695, 5, 'Duke', 3340, 2057, 1);
INSERT INTO interacts VALUES(580425212695, 5, 'Bengi', 1041, 2153, 1);
INSERT INTO interacts VALUES(580425212695, 5, 'Smeb', 1055, 2191, 1);
INSERT INTO interacts VALUES(580425212695, 5, 'Faker', 1056, 2282, 1);
INSERT INTO interacts VALUES(580425212695, 5, 'PraY', 2010, 2379, 1);
INSERT INTO interacts VALUES(580425212695, 5, 'Bengi', 2031, 2379, 1);
INSERT INTO interacts VALUES(580425212695, 5, 'Smeb', 2003, 2379, 1);
INSERT INTO interacts VALUES(580425212695, 5, 'Faker', 2003, 2476, 1);
INSERT INTO interacts VALUES(580425212695, 5, 'Bang', 1055, 2541, 1);
INSERT INTO interacts VALUES(580425212695, 5, 'Smeb', 3340, 2614, 1);
INSERT INTO interacts VALUES(580425212695, 5, 'Faker', 2003, 2614, 1);
INSERT INTO interacts VALUES(580425212695, 5, 'Bengi', 3340, 2639, 1);
INSERT INTO interacts VALUES(580425212695, 5, 'GorillA', 3303, 2703, 1);
INSERT INTO interacts VALUES(580425212695, 5, 'Bang', 2010, 2768, 1);
INSERT INTO interacts VALUES(580425212695, 5, 'Faker', 3340, 2800, 1);
INSERT INTO interacts VALUES(580425212695, 5, 'Bang', 3340, 2962, 1);
INSERT INTO interacts VALUES(580425212695, 5, 'PraY', 3340, 2962, 1);
INSERT INTO interacts VALUES(580425212695, 5, 'GorillA', 2010, 3219, 1);
INSERT INTO interacts VALUES(580425212695, 5, 'Kuro', 1056, 3316, 1);
INSERT INTO interacts VALUES(580425212695, 5, 'GorillA', 2010, 3349, 1);
INSERT INTO interacts VALUES(580425212695, 5, 'GorillA', 2010, 3446, 1);
INSERT INTO interacts VALUES(580425212695, 5, 'Kuro', 2003, 3646, 1);
INSERT INTO interacts VALUES(580425212695, 5, 'Peanut', 1041, 3769, 1);
INSERT INTO interacts VALUES(580425212695, 5, 'Kuro', 2003, 3802, 1);
INSERT INTO interacts VALUES(580425212695, 5, 'GorillA', 3340, 3867, 1);
INSERT INTO interacts VALUES(580425212695, 5, 'Peanut', 2031, 4128, 1);
INSERT INTO interacts VALUES(580425212695, 5, 'Kuro', 3340, 4288, 1);
INSERT INTO interacts VALUES(580425212695, 5, 'Peanut', 3340, 4450, 1);
INSERT INTO interacts VALUES(580425212695, 5, 'Wolf', 3303, 8732, 1);
INSERT INTO interacts VALUES(580425212695, 5, 'Wolf', 2010, 8960, 1);
INSERT INTO interacts VALUES(580425212695, 5, 'Wolf', 2010, 9122, 1);
INSERT INTO interacts VALUES(580425212695, 5, 'Wolf', 2010, 9413, 1);
INSERT INTO interacts VALUES(580425212695, 5, 'Wolf', 3340, 9672, 1);
INSERT INTO interacts VALUES(580425212695, 5, 'PraY', 1036, 15094, 1);
INSERT INTO interacts VALUES(580425212695, 5, 'PraY', 2010, 15645, 1);
INSERT INTO interacts VALUES(580425212695, 5, 'PraY', 2010, 15906, 1);
INSERT INTO interacts VALUES(580425212695, 5, 'PraY', 2010, 16166, 1);
INSERT INTO interacts VALUES(580425212695, 5, 'PraY', 3340, 16553, 1);
INSERT INTO interacts VALUES(580425212695, 5, 'Kuro', 1056, 216625, 1);
INSERT INTO interacts VALUES(580425212695, 5, 'Kuro', 2031, 220911, 1);
INSERT INTO interacts VALUES(580425212695, 5, 'Faker', 1056, 241266, 1);
INSERT INTO interacts VALUES(580425212695, 5, 'Faker', 1001, 241507, 1);
INSERT INTO interacts VALUES(580425212695, 5, 'Bengi', 3711, 266045, 1);
INSERT INTO interacts VALUES(580425212695, 5, 'Bengi', 2043, 266891, 1);
INSERT INTO interacts VALUES(580425212695, 5, 'Peanut', 3020, 288104, 1);
INSERT INTO interacts VALUES(580425212695, 5, 'Peanut', 2043, 289607, 1);
INSERT INTO interacts VALUES(580425212695, 5, 'GorillA', 1028, 325316, 1);
INSERT INTO interacts VALUES(580425212695, 5, 'GorillA', 2043, 326166, 1);
INSERT INTO interacts VALUES(580425212695, 5, 'GorillA', 2031, 326327, 1);
INSERT INTO interacts VALUES(580425212695, 5, 'Wolf', 1028, 355163, 1);
INSERT INTO interacts VALUES(580425212695, 5, 'Wolf', 2043, 355971, 1);
INSERT INTO interacts VALUES(580425212695, 5, 'Wolf', 2031, 356130, 1);
INSERT INTO interacts VALUES(580425212695, 5, 'PraY', 3134, 357234, 1);
INSERT INTO interacts VALUES(580425212695, 5, 'PraY', 1036, 359606, 1);
INSERT INTO interacts VALUES(580425212695, 5, 'PraY', 2010, 360534, 1);
INSERT INTO interacts VALUES(580425212695, 5, 'PraY', 2043, 360891, 1);
INSERT INTO interacts VALUES(580425212695, 5, 'Bang', 1038, 383266, 1);
INSERT INTO interacts VALUES(580425212695, 5, 'Bang', 2010, 384156, 1);
INSERT INTO interacts VALUES(580425212695, 5, 'Duke', 3751, 416763, 1);
INSERT INTO interacts VALUES(580425212695, 5, 'Duke', 1029, 417860, 1);
INSERT INTO interacts VALUES(580425212695, 5, 'Duke', 2043, 418609, 1);
INSERT INTO interacts VALUES(580425212695, 5, 'Faker', 3802, 423961, 1);
INSERT INTO interacts VALUES(580425212695, 5, 'Peanut', 1052, 424317, 1);
INSERT INTO interacts VALUES(580425212695, 5, 'Faker', 2043, 424998, 1);
INSERT INTO interacts VALUES(580425212695, 5, 'Faker', 3341, 425685, 1);
INSERT INTO interacts VALUES(580425212695, 5, 'Smeb', 3047, 426175, 1);
INSERT INTO interacts VALUES(580425212695, 5, 'Peanut', 1052, 427669, 1);
INSERT INTO interacts VALUES(580425212695, 5, 'Smeb', 1036, 427699, 1);
INSERT INTO interacts VALUES(580425212695, 5, 'Smeb', 1036, 427992, 1);
INSERT INTO interacts VALUES(580425212695, 5, 'Smeb', 2003, 429972, 0);
INSERT INTO interacts VALUES(580425212695, 5, 'Smeb', 2031, 431950, 1);
INSERT INTO interacts VALUES(580425212695, 5, 'Bengi', 1036, 447264, 1);
INSERT INTO interacts VALUES(580425212695, 5, 'Bengi', 1036, 447367, 1);
INSERT INTO interacts VALUES(580425212695, 5, 'Bengi', 2043, 448404, 1);
INSERT INTO interacts VALUES(580425212695, 5, 'Kuro', 3028, 453672, 1);
INSERT INTO interacts VALUES(580425212695, 5, 'Kuro', 2043, 454882, 1);
INSERT INTO interacts VALUES(580425212695, 5, 'Wolf', 3341, 474118, 1);
INSERT INTO interacts VALUES(580425212695, 5, 'Wolf', 2049, 486748, 1);
INSERT INTO interacts VALUES(580425212695, 5, 'GorillA', 2049, 489611, 1);
INSERT INTO interacts VALUES(580425212695, 5, 'GorillA', 3341, 490391, 1);
INSERT INTO interacts VALUES(580425212695, 5, 'GorillA', 2043, 490622, 1);
INSERT INTO interacts VALUES(580425212695, 5, 'PraY', 3133, 520013, 1);
INSERT INTO interacts VALUES(580425212695, 5, 'PraY', 1001, 521408, 1);
INSERT INTO interacts VALUES(580425212695, 5, 'Duke', 1031, 529072, 1);
INSERT INTO interacts VALUES(580425212695, 5, 'Smeb', 3133, 554669, 1);
INSERT INTO interacts VALUES(580425212695, 5, 'Smeb', 1036, 555579, 1);
INSERT INTO interacts VALUES(580425212695, 5, 'GorillA', 1001, 576793, 1);
INSERT INTO interacts VALUES(580425212695, 5, 'GorillA', 2043, 578835, 1);
INSERT INTO interacts VALUES(580425212695, 5, 'Kuro', 1001, 601754, 1);
INSERT INTO interacts VALUES(580425212695, 5, 'Kuro', 1052, 602793, 1);
INSERT INTO interacts VALUES(580425212695, 5, 'Bang', 3006, 607555, 1);
INSERT INTO interacts VALUES(580425212695, 5, 'Bang', 1042, 613386, 1);
INSERT INTO interacts VALUES(580425212695, 5, 'Bang', 2010, 613739, 1);
INSERT INTO interacts VALUES(580425212695, 5, 'Wolf', 1001, 618121, 1);
INSERT INTO interacts VALUES(580425212695, 5, 'Wolf', 2043, 618870, 1);
INSERT INTO interacts VALUES(580425212695, 5, 'Wolf', 2043, 618982, 1);
INSERT INTO interacts VALUES(580425212695, 5, 'Faker', 3020, 625596, 1);
INSERT INTO interacts VALUES(580425212695, 5, 'Faker', 1052, 626284, 1);
INSERT INTO interacts VALUES(580425212695, 5, 'Faker', 3363, 626704, 1);
INSERT INTO interacts VALUES(580425212695, 5, 'Peanut', 3711, 640743, 1);
INSERT INTO interacts VALUES(580425212695, 5, 'Peanut', 3113, 641717, 1);
INSERT INTO interacts VALUES(580425212695, 5, 'Bengi', 1408, 642139, 1);
INSERT INTO interacts VALUES(580425212695, 5, 'Bengi', 2043, 643448, 1);
INSERT INTO interacts VALUES(580425212695, 5, 'Peanut', 2031, 709718, 0);
INSERT INTO interacts VALUES(580425212695, 5, 'PraY', 3142, 710175, 1);
INSERT INTO interacts VALUES(580425212695, 5, 'PraY', 2043, 711019, 1);
INSERT INTO interacts VALUES(580425212695, 5, 'Peanut', 1410, 711246, 1);
INSERT INTO interacts VALUES(580425212695, 5, 'Wolf', 3117, 751721, 1);
INSERT INTO interacts VALUES(580425212695, 5, 'GorillA', 2043, 752725, 1);
INSERT INTO interacts VALUES(580425212695, 5, 'Bang', 3086, 753536, 1);
INSERT INTO interacts VALUES(580425212695, 5, 'Kuro', 3174, 755709, 1);
INSERT INTO interacts VALUES(580425212695, 5, 'Kuro', 2043, 757386, 1);
INSERT INTO interacts VALUES(580425212695, 5, 'Smeb', 3044, 757402, 1);
INSERT INTO interacts VALUES(580425212695, 5, 'Smeb', 2043, 760784, 1);
INSERT INTO interacts VALUES(580425212695, 5, 'Duke', 3068, 797851, 1);
INSERT INTO interacts VALUES(580425212695, 5, 'Duke', 1001, 800750, 1);
INSERT INTO interacts VALUES(580425212695, 5, 'Duke', 2043, 801611, 1);
INSERT INTO interacts VALUES(580425212695, 5, 'Faker', 3165, 838154, 1);
INSERT INTO interacts VALUES(580425212695, 5, 'Faker', 2043, 840934, 1);
INSERT INTO interacts VALUES(580425212695, 5, 'Faker', 2031, 842136, 1);
INSERT INTO interacts VALUES(580425212695, 5, 'GorillA', 3117, 842707, 1);
INSERT INTO interacts VALUES(580425212695, 5, 'PraY', 1036, 865810, 1);
INSERT INTO interacts VALUES(580425212695, 5, 'PraY', 1036, 866075, 1);
INSERT INTO interacts VALUES(580425212695, 5, 'Wolf', 1028, 867083, 1);
INSERT INTO interacts VALUES(580425212695, 5, 'Bengi', 1001, 871077, 1);
INSERT INTO interacts VALUES(580425212695, 5, 'Smeb', 3071, 874753, 1);
INSERT INTO interacts VALUES(580425212695, 5, 'Bengi', 3155, 876213, 1);
INSERT INTO interacts VALUES(580425212695, 5, 'Bengi', 3111, 879335, 1);
INSERT INTO interacts VALUES(580425212695, 5, 'Bengi', 2043, 880742, 1);
INSERT INTO interacts VALUES(580425212695, 5, 'Peanut', 3067, 882984, 1);
INSERT INTO interacts VALUES(580425212695, 5, 'Peanut', 2043, 883863, 1);
INSERT INTO interacts VALUES(580425212695, 5, 'Peanut', 3364, 884417, 1);
INSERT INTO interacts VALUES(580425212695, 5, 'Kuro', 3020, 923719, 1);
INSERT INTO interacts VALUES(580425212695, 5, 'Kuro', 1052, 924536, 1);
INSERT INTO interacts VALUES(580425212695, 5, 'Duke', 3047, 934197, 1);
INSERT INTO interacts VALUES(580425212695, 5, 'Bang', 1043, 950657, 1);
INSERT INTO interacts VALUES(580425212695, 5, 'GorillA', 3098, 989028, 1);
INSERT INTO interacts VALUES(580425212695, 5, 'GorillA', 2043, 991195, 1);
INSERT INTO interacts VALUES(580425212695, 5, 'Faker', 1058, 1026894, 1);
INSERT INTO interacts VALUES(580425212695, 5, 'PraY', 3134, 1029631, 1);
INSERT INTO interacts VALUES(580425212695, 5, 'PraY', 3158, 1031222, 1);
INSERT INTO interacts VALUES(580425212695, 5, 'PraY', 3363, 1033044, 1);
INSERT INTO interacts VALUES(580425212695, 5, 'Wolf', 2045, 1041286, 1);
INSERT INTO interacts VALUES(580425212695, 5, 'Wolf', 1033, 1044422, 1);
INSERT INTO interacts VALUES(580425212695, 5, 'Wolf', 2043, 1045043, 1);
INSERT INTO interacts VALUES(580425212695, 5, 'Wolf', 2043, 1045141, 1);
INSERT INTO interacts VALUES(580425212695, 5, 'Peanut', 3145, 1051284, 1);
INSERT INTO interacts VALUES(580425212695, 5, 'Duke', 1028, 1094031, 1);
INSERT INTO interacts VALUES(580425212695, 5, 'Duke', 1027, 1095954, 1);
INSERT INTO interacts VALUES(580425212695, 5, 'Kuro', 2031, 1105793, 0);
INSERT INTO interacts VALUES(580425212695, 5, 'Kuro', 1058, 1106972, 1);
INSERT INTO interacts VALUES(580425212695, 5, 'Bang', 3085, 1117869, 1);
INSERT INTO interacts VALUES(580425212695, 5, 'Bang', 1037, 1119266, 1);
INSERT INTO interacts VALUES(580425212695, 5, 'Bang', 3363, 1119915, 1);
INSERT INTO interacts VALUES(580425212695, 5, 'GorillA', 2301, 1119980, 1);
INSERT INTO interacts VALUES(580425212695, 5, 'GorillA', 2043, 1121860, 1);
INSERT INTO interacts VALUES(580425212695, 5, 'Smeb', 3134, 1157308, 1);
INSERT INTO interacts VALUES(580425212695, 5, 'Smeb', 3133, 1157862, 1);
INSERT INTO interacts VALUES(580425212695, 5, 'Bengi', 3155, 1158434, 1);
INSERT INTO interacts VALUES(580425212695, 5, 'Bengi', 3364, 1159329, 1);
INSERT INTO interacts VALUES(580425212695, 5, 'Bengi', 2043, 1159597, 1);
INSERT INTO interacts VALUES(580425212695, 5, 'Bengi', 2043, 1159762, 1);
INSERT INTO interacts VALUES(580425212695, 5, 'PraY', 1036, 1165680, 1);
INSERT INTO interacts VALUES(580425212695, 5, 'Wolf', 3028, 1166455, 1);
INSERT INTO interacts VALUES(580425212695, 5, 'PraY', 2010, 1166816, 1);
INSERT INTO interacts VALUES(580425212695, 5, 'Wolf', 2043, 1167565, 1);
INSERT INTO interacts VALUES(580425212695, 5, 'Kuro', 3113, 1205750, 1);
INSERT INTO interacts VALUES(580425212695, 5, 'Bang', 1018, 1296366, 1);
INSERT INTO interacts VALUES(580425212695, 5, 'Duke', 3057, 1303581, 1);
INSERT INTO interacts VALUES(580425212695, 5, 'Duke', 1029, 1304618, 1);
INSERT INTO interacts VALUES(580425212695, 5, 'Wolf', 2031, 1306351, 0);
INSERT INTO interacts VALUES(580425212695, 5, 'Wolf', 3364, 1308121, 1);
INSERT INTO interacts VALUES(580425212695, 5, 'Wolf', 3114, 1312205, 1);
INSERT INTO interacts VALUES(580425212695, 5, 'Smeb', 3142, 1343345, 1);
INSERT INTO interacts VALUES(580425212695, 5, 'PraY', 1038, 1344712, 1);
INSERT INTO interacts VALUES(580425212695, 5, 'GorillA', 1028, 1345494, 1);
INSERT INTO interacts VALUES(580425212695, 5, 'GorillA', 1052, 1346357, 1);
INSERT INTO interacts VALUES(580425212695, 5, 'GorillA', 2043, 1347132, 1);
INSERT INTO interacts VALUES(580425212695, 5, 'GorillA', 3364, 1347379, 1);
INSERT INTO interacts VALUES(580425212695, 5, 'Peanut', 3152, 1350547, 1);
INSERT INTO interacts VALUES(580425212695, 5, 'GorillA', 2043, 1351714, 1);
INSERT INTO interacts VALUES(580425212695, 5, 'Peanut', 1058, 1360110, 1);
INSERT INTO interacts VALUES(580425212695, 5, 'Kuro', 3285, 1360161, 1);
INSERT INTO interacts VALUES(580425212695, 5, 'Kuro', 1052, 1361030, 1);
INSERT INTO interacts VALUES(580425212695, 5, 'Peanut', 1028, 1361357, 1);
INSERT INTO interacts VALUES(580425212695, 5, 'Bang', 3031, 1392223, 1);
INSERT INTO interacts VALUES(580425212695, 5, 'Faker', 3089, 1392818, 1);
INSERT INTO interacts VALUES(580425212695, 5, 'Faker', 1056, 1393652, 0);
INSERT INTO interacts VALUES(580425212695, 5, 'Faker', 1026, 1394076, 1);
INSERT INTO interacts VALUES(580425212695, 5, 'Bang', 1051, 1394398, 1);
INSERT INTO interacts VALUES(580425212695, 5, 'Bang', 1042, 1394724, 1);
INSERT INTO interacts VALUES(580425212695, 5, 'Bengi', 3156, 1394991, 1);
INSERT INTO interacts VALUES(580425212695, 5, 'Wolf', 3222, 1407390, 1);
INSERT INTO interacts VALUES(580425212695, 5, 'Wolf', 2043, 1408199, 1);
INSERT INTO interacts VALUES(580425212695, 5, 'Duke', 3025, 1412526, 1);
INSERT INTO interacts VALUES(580425212695, 5, 'Duke', 1033, 1415113, 1);
INSERT INTO interacts VALUES(580425212695, 5, 'Smeb', 1037, 1490798, 1);
INSERT INTO interacts VALUES(580425212695, 5, 'GorillA', 3136, 1500828, 1);
INSERT INTO interacts VALUES(580425212695, 5, 'GorillA', 2043, 1501181, 1);
INSERT INTO interacts VALUES(580425212695, 5, 'Kuro', 3113, 1508566, 1);
INSERT INTO interacts VALUES(580425212695, 5, 'Wolf', 1028, 1510696, 1);
INSERT INTO interacts VALUES(580425212695, 5, 'Bang', 3086, 1516605, 1);
INSERT INTO interacts VALUES(580425212695, 5, 'Bang', 1042, 1516992, 1);
INSERT INTO interacts VALUES(580425212695, 5, 'Bengi', 1011, 1531471, 1);
INSERT INTO interacts VALUES(580425212695, 5, 'Bengi', 2043, 1532742, 1);
INSERT INTO interacts VALUES(580425212695, 5, 'Duke', 3211, 1533081, 1);
INSERT INTO interacts VALUES(580425212695, 5, 'Duke', 3067, 1533356, 1);
INSERT INTO interacts VALUES(580425212695, 5, 'Bengi', 2043, 1535567, 1);
INSERT INTO interacts VALUES(580425212695, 5, 'PraY', 3147, 1552588, 1);
INSERT INTO interacts VALUES(580425212695, 5, 'PraY', 2043, 1553880, 1);
INSERT INTO interacts VALUES(580425212695, 5, 'Peanut', 1011, 1556861, 1);
INSERT INTO interacts VALUES(580425212695, 5, 'Peanut', 2043, 1557539, 1);
INSERT INTO interacts VALUES(580425212695, 5, 'GorillA', 2043, 1562413, 1);
INSERT INTO interacts VALUES(580425212695, 5, 'GorillA', 2043, 1562544, 1);
INSERT INTO interacts VALUES(580425212695, 5, 'Smeb', 3035, 1582276, 1);
INSERT INTO interacts VALUES(580425212695, 5, 'GorillA', 1028, 1637374, 1);
INSERT INTO interacts VALUES(580425212695, 5, 'Bang', 3046, 1637832, 1);
INSERT INTO interacts VALUES(580425212695, 5, 'Bengi', 2031, 1641272, 0);
INSERT INTO interacts VALUES(580425212695, 5, 'Bengi', 1029, 1643514, 1);
INSERT INTO interacts VALUES(580425212695, 5, 'Bang', 2140, 1647635, 1);
INSERT INTO interacts VALUES(580425212695, 5, 'Faker', 3135, 1653566, 1);
INSERT INTO interacts VALUES(580425212695, 5, 'Wolf', 3801, 1654624, 1);
INSERT INTO interacts VALUES(580425212695, 5, 'Wolf', 2043, 1655938, 1);
INSERT INTO interacts VALUES(580425212695, 5, 'PraY', 1037, 1669643, 1);
INSERT INTO interacts VALUES(580425212695, 5, 'Duke', 3065, 1672483, 1);
INSERT INTO interacts VALUES(580425212695, 5, 'Duke', 2043, 1674307, 1);
INSERT INTO interacts VALUES(580425212695, 5, 'Kuro', 1056, 1711459, 0);
INSERT INTO interacts VALUES(580425212695, 5, 'Kuro', 3504, 1712661, 1);
INSERT INTO interacts VALUES(580425212695, 5, 'GorillA', 1028, 1719254, 0);
INSERT INTO interacts VALUES(580425212695, 5, 'GorillA', 1033, 1721274, 1);
INSERT INTO interacts VALUES(580425212695, 5, 'GorillA', 2043, 1721908, 1);
INSERT INTO interacts VALUES(580425212695, 5, 'PraY', 3035, 1743718, 1);
INSERT INTO interacts VALUES(580425212695, 5, 'Smeb', 3036, 1751379, 1);
INSERT INTO interacts VALUES(580425212695, 5, 'Bengi', 3082, 1762705, 1);
INSERT INTO interacts VALUES(580425212695, 5, 'Bengi', 2043, 1763667, 1);
INSERT INTO interacts VALUES(580425212695, 5, 'Faker', 1056, 1772297, 0);
INSERT INTO interacts VALUES(580425212695, 5, 'Faker', 3191, 1772711, 1);
INSERT INTO interacts VALUES(580425212695, 5, 'Bengi', 2043, 1836382, 1);
INSERT INTO interacts VALUES(580425212695, 5, 'Wolf', 3105, 1836606, 1);
INSERT INTO interacts VALUES(580425212695, 5, 'Wolf', 2043, 1836838, 1);
INSERT INTO interacts VALUES(580425212695, 5, 'Bang', 3140, 1837307, 1);
INSERT INTO interacts VALUES(580425212695, 5, 'GorillA', 2043, 1858843, 1);
INSERT INTO interacts VALUES(580425212695, 5, 'Peanut', 3116, 1898328, 1);
INSERT INTO interacts VALUES(580425212695, 5, 'Peanut', 1033, 1900426, 1);
INSERT INTO interacts VALUES(580425212695, 5, 'Peanut', 2043, 1902230, 1);
INSERT INTO interacts VALUES(580425212695, 5, 'GorillA', 2043, 1903487, 1);
INSERT INTO interacts VALUES(580425212695, 5, 'Smeb', 2031, 1923830, 0);
INSERT INTO interacts VALUES(580425212695, 5, 'Smeb', 3134, 1924841, 1);
INSERT INTO interacts VALUES(580425212695, 5, 'PraY', 3036, 1933724, 1);
INSERT INTO interacts VALUES(580425212695, 5, 'Peanut', 1057, 1968401, 1);
INSERT INTO interacts VALUES(580425212695, 5, 'Peanut', 2043, 1969382, 1);
INSERT INTO interacts VALUES(580425212695, 5, 'GorillA', 3140, 2002445, 1);
INSERT INTO interacts VALUES(580425212695, 5, 'GorillA', 2043, 2002714, 1);
INSERT INTO interacts VALUES(580425212695, 5, 'Wolf', 3190, 2010193, 1);
INSERT INTO interacts VALUES(580425212695, 5, 'Faker', 3157, 2010346, 1);
INSERT INTO interacts VALUES(580425212695, 5, 'Wolf', 2043, 2010413, 1);
INSERT INTO interacts VALUES(580425212695, 5, 'Duke', 3026, 2012763, 1);
INSERT INTO interacts VALUES(580425212695, 5, 'Bang', 1055, 2012793, 0);
INSERT INTO interacts VALUES(580425212695, 5, 'Bang', 3035, 2013887, 1);
INSERT INTO interacts VALUES(580425212695, 5, 'Bang', 2140, 2014773, 1);
INSERT INTO interacts VALUES(580425212695, 5, 'Kuro', 1058, 2018846, 1);
INSERT INTO interacts VALUES(580425212695, 5, 'Kuro', 1056, 2019627, 0);
INSERT INTO interacts VALUES(580425212695, 5, 'Kuro', 2043, 2020535, 1);
INSERT INTO interacts VALUES(580425212695, 5, 'PraY', 1042, 2021739, 1);
INSERT INTO interacts VALUES(580425212695, 5, 'PraY', 1042, 2021869, 1);
INSERT INTO interacts VALUES(580425212695, 5, 'Bengi', 3143, 2023070, 1);
INSERT INTO interacts VALUES(580425212695, 5, 'Bengi', 1028, 2024755, 1);
INSERT INTO interacts VALUES(580425212695, 5, 'Bengi', 1031, 2027345, 1);
INSERT INTO interacts VALUES(580425212695, 5, 'Wolf', 2043, 2144601, 1);
INSERT INTO interacts VALUES(580425212695, 5, 'Bengi', 2043, 2146242, 1);
INSERT INTO interacts VALUES(580425212695, 5, 'Bengi', 2043, 2146405, 1);
INSERT INTO interacts VALUES(580425212695, 5, 'Wolf', 3303, 2147548, 0);
INSERT INTO interacts VALUES(580425212695, 5, 'Bang', 3036, 2150959, 1);
INSERT INTO interacts VALUES(580425212695, 5, 'GorillA', 1028, 2157637, 1);
INSERT INTO interacts VALUES(580425212695, 5, 'Kuro', 1026, 2159137, 1);
INSERT INTO interacts VALUES(580425212695, 5, 'GorillA', 2043, 2160424, 1);
INSERT INTO interacts VALUES(580425212695, 5, 'Faker', 2031, 2163719, 0);
INSERT INTO interacts VALUES(580425212695, 5, 'Kuro', 3363, 2164113, 1);
INSERT INTO interacts VALUES(580425212695, 5, 'Faker', 1058, 2164150, 1);
INSERT INTO interacts VALUES(580425212695, 5, 'Duke', 2033, 2166681, 0);
INSERT INTO interacts VALUES(580425212695, 5, 'Duke', 1011, 2168244, 1);
INSERT INTO interacts VALUES(580425212695, 5, 'Smeb', 1055, 2184876, 0);
INSERT INTO interacts VALUES(580425212695, 5, 'Smeb', 3155, 2186622, 1);
INSERT INTO interacts VALUES(580425212695, 5, 'GorillA', 2031, 2223732, 0);
INSERT INTO interacts VALUES(580425212695, 5, 'GorillA', 1026, 2225105, 1);
INSERT INTO interacts VALUES(580425212695, 5, 'GorillA', 2043, 2225434, 1);
INSERT INTO interacts VALUES(580425212695, 5, 'Peanut', 1026, 2225729, 1);
INSERT INTO interacts VALUES(580425212695, 5, 'Smeb', 3156, 2262814, 1);
INSERT INTO interacts VALUES(580425212695, 5, 'PraY', 3086, 2268328, 1);
INSERT INTO interacts VALUES(580425212695, 5, 'GorillA', 2043, 2286932, 1);
INSERT INTO interacts VALUES(580425212695, 5, 'GorillA', 2043, 2287077, 1);
INSERT INTO interacts VALUES(580425212695, 5, 'Wolf', 2043, 2313579, 1);
INSERT INTO interacts VALUES(580425212695, 5, 'Wolf', 2043, 2313740, 1);
INSERT INTO interacts VALUES(580425212695, 5, 'Bengi', 3026, 2315181, 1);
INSERT INTO interacts VALUES(580425212695, 5, 'Faker', 3285, 2316585, 1);
INSERT INTO interacts VALUES(580425212695, 5, 'Duke', 3143, 2317806, 1);
INSERT INTO interacts VALUES(580425212695, 5, 'Wolf', 3303, 2320193, 0);
INSERT INTO interacts VALUES(580425212695, 5, 'Wolf', 3024, 2325148, 1);
INSERT INTO interacts VALUES(580425212695, 5, 'Bang', 3139, 2327828, 1);
INSERT INTO interacts VALUES(580425212695, 5, 'GorillA', 2043, 2336812, 1);
INSERT INTO interacts VALUES(580425212695, 5, 'Kuro', 3089, 2346688, 1);
INSERT INTO interacts VALUES(580425212695, 5, 'Faker', 2139, 2437305, 1);
INSERT INTO interacts VALUES(580425212695, 5, 'Bang', 2140, 2440644, 1);
INSERT INTO interacts VALUES(580425212695, 5, 'Bengi', 1031, 2445309, 1);
INSERT INTO interacts VALUES(580425212695, 5, 'GorillA', 3151, 2450692, 1);
INSERT INTO interacts VALUES(580425212695, 5, 'GorillA', 2043, 2451222, 1);
INSERT INTO interacts VALUES(580425212695, 5, 'Smeb', 1038, 2468213, 1);
INSERT INTO interacts VALUES(580425212695, 5, 'PraY', 3094, 2472999, 1);
INSERT INTO interacts VALUES(580425212695, 5, 'Kuro', 1052, 2486736, 1);
INSERT INTO series VALUES(541479827217, '5');
INSERT INTO organizes VALUES('world_championship_2016', 541479827217, 'elimination - R2M2');
INSERT INTO competes VALUES(541479827217, 'SSG', 1);
INSERT INTO competes VALUES(541479827217, 'H2K', 0);
INSERT INTO matches VALUES(541479827217, 1, '2016-10-22');
INSERT INTO scores VALUES('SSG', 541479827217, 1, 2, 11, 0, 1, 3, 1);
INSERT INTO scores VALUES('H2K', 541479827217, 1, 0, 2, 0, 0, 1, 0);
INSERT INTO bans VALUES(541479827217, 1, 51, 1);
INSERT INTO bans VALUES(541479827217, 1, 126, 3);
INSERT INTO bans VALUES(541479827217, 1, 134, 5);
INSERT INTO bans VALUES(541479827217, 1, 78, 2);
INSERT INTO bans VALUES(541479827217, 1, 202, 4);
INSERT INTO bans VALUES(541479827217, 1, 13, 6);
INSERT INTO plays VALUES(541479827217, 1, 'CuVee', 245, 'top', 3, 2, 1, 19060, 23, 5, 356, 7, 9, 17683);
INSERT INTO plays VALUES(541479827217, 1, 'Ambition', 76, 'jungle', 3, 4, 4, 15481, 29, 34, 64, 139, 34, 16897);
INSERT INTO plays VALUES(541479827217, 1, 'Crown', 112, 'mid', 5, 2, 3, 21846, 19, 5, 310, 31, 7, 17607);
INSERT INTO plays VALUES(541479827217, 1, 'Ruler', 22, 'adc', 0, 2, 4, 12284, 13, 9, 376, 7, 6, 16576);
INSERT INTO plays VALUES(541479827217, 1, 'CoreJJ', 21, 'support', 2, 5, 6, 16191, 71, 19, 55, 0, 0, 12642);
INSERT INTO plays VALUES(541479827217, 1, 'Odoamne', 85, 'top', 4, 2, 3, 30306, 21, 6, 329, 2, 0, 14334);
INSERT INTO plays VALUES(541479827217, 1, 'Jankos', 2, 'jungle', 5, 1, 10, 17091, 17, 32, 52, 96, 4, 12640);
INSERT INTO plays VALUES(541479827217, 1, 'Ryu', 69, 'mid', 1, 4, 8, 8843, 19, 9, 263, 15, 3, 13086);
INSERT INTO plays VALUES(541479827217, 1, 'FORG1VEN', 15, 'adc', 4, 2, 8, 18860, 15, 16, 382, 20, 1, 16143);
INSERT INTO plays VALUES(541479827217, 1, 'Vander', 143, 'support', 1, 4, 6, 10058, 74, 21, 30, 0, 0, 9418);
INSERT INTO interacts VALUES(541479827217, 1, 'FORG1VEN', 1055, 1334, 1);
INSERT INTO interacts VALUES(541479827217, 1, 'Odoamne', 3340, 1566, 1);
INSERT INTO interacts VALUES(541479827217, 1, 'FORG1VEN', 2010, 1658, 1);
INSERT INTO interacts VALUES(541479827217, 1, 'FORG1VEN', 3340, 1982, 1);
INSERT INTO interacts VALUES(541479827217, 1, 'Odoamne', 1055, 2111, 1);
INSERT INTO interacts VALUES(541479827217, 1, 'Vander', 2010, 2177, 1);
INSERT INTO interacts VALUES(541479827217, 1, 'Vander', 2010, 2345, 1);
INSERT INTO interacts VALUES(541479827217, 1, 'Vander', 2010, 2437, 1);
INSERT INTO interacts VALUES(541479827217, 1, 'Odoamne', 2003, 2501, 1);
INSERT INTO interacts VALUES(541479827217, 1, 'Vander', 3340, 2631, 1);
INSERT INTO interacts VALUES(541479827217, 1, 'Jankos', 3340, 2696, 1);
INSERT INTO interacts VALUES(541479827217, 1, 'CuVee', 2033, 2728, 1);
INSERT INTO interacts VALUES(541479827217, 1, 'Jankos', 1039, 3148, 1);
INSERT INTO interacts VALUES(541479827217, 1, 'CuVee', 3340, 3278, 1);
INSERT INTO interacts VALUES(541479827217, 1, 'Ruler', 1055, 3385, 1);
INSERT INTO interacts VALUES(541479827217, 1, 'Ruler', 2010, 3603, 1);
INSERT INTO interacts VALUES(541479827217, 1, 'Ruler', 3340, 3829, 1);
INSERT INTO interacts VALUES(541479827217, 1, 'CoreJJ', 3303, 4023, 1);
INSERT INTO interacts VALUES(541479827217, 1, 'Vander', 3303, 4087, 1);
INSERT INTO interacts VALUES(541479827217, 1, 'CoreJJ', 2010, 4442, 1);
INSERT INTO interacts VALUES(541479827217, 1, 'Crown', 1056, 4475, 1);
INSERT INTO interacts VALUES(541479827217, 1, 'CoreJJ', 2010, 4539, 1);
INSERT INTO interacts VALUES(541479827217, 1, 'CoreJJ', 2010, 4675, 1);
INSERT INTO interacts VALUES(541479827217, 1, 'Crown', 2003, 4700, 1);
INSERT INTO interacts VALUES(541479827217, 1, 'Crown', 2003, 4830, 1);
INSERT INTO interacts VALUES(541479827217, 1, 'Crown', 3340, 5057, 1);
INSERT INTO interacts VALUES(541479827217, 1, 'Jankos', 2031, 5122, 1);
INSERT INTO interacts VALUES(541479827217, 1, 'CoreJJ', 3340, 5155, 1);
INSERT INTO interacts VALUES(541479827217, 1, 'Ambition', 1039, 5512, 1);
INSERT INTO interacts VALUES(541479827217, 1, 'Ambition', 2031, 6495, 1);
INSERT INTO interacts VALUES(541479827217, 1, 'Ryu', 1056, 6516, 1);
INSERT INTO interacts VALUES(541479827217, 1, 'Ryu', 2003, 6752, 1);
INSERT INTO interacts VALUES(541479827217, 1, 'Ryu', 2003, 6904, 1);
INSERT INTO interacts VALUES(541479827217, 1, 'Ryu', 3340, 7071, 1);
INSERT INTO interacts VALUES(541479827217, 1, 'FORG1VEN', 1036, 68379, 1);
INSERT INTO interacts VALUES(541479827217, 1, 'FORG1VEN', 2010, 69935, 1);
INSERT INTO interacts VALUES(541479827217, 1, 'Vander', 2043, 71977, 1);
INSERT INTO interacts VALUES(541479827217, 1, 'CoreJJ', 1001, 202391, 1);
INSERT INTO interacts VALUES(541479827217, 1, 'CoreJJ', 2010, 212974, 1);
INSERT INTO interacts VALUES(541479827217, 1, 'Ryu', 1056, 214337, 1);
INSERT INTO interacts VALUES(541479827217, 1, 'Ryu', 2043, 215355, 1);
INSERT INTO interacts VALUES(541479827217, 1, 'Ryu', 2003, 215648, 1);
INSERT INTO interacts VALUES(541479827217, 1, 'Ryu', 2003, 215781, 1);
INSERT INTO interacts VALUES(541479827217, 1, 'Ryu', 2003, 266399, 1);
INSERT INTO interacts VALUES(541479827217, 1, 'CuVee', 1056, 286775, 1);
INSERT INTO interacts VALUES(541479827217, 1, 'CuVee', 1082, 286938, 1);
INSERT INTO interacts VALUES(541479827217, 1, 'Jankos', 3158, 299808, 1);
INSERT INTO interacts VALUES(541479827217, 1, 'Jankos', 2032, 300459, 1);
INSERT INTO interacts VALUES(541479827217, 1, 'Jankos', 2043, 300767, 1);
INSERT INTO interacts VALUES(541479827217, 1, 'Crown', 1001, 304697, 1);
INSERT INTO interacts VALUES(541479827217, 1, 'Crown', 1056, 306647, 1);
INSERT INTO interacts VALUES(541479827217, 1, 'Crown', 2043, 307361, 1);
INSERT INTO interacts VALUES(541479827217, 1, 'Crown', 2031, 308107, 1);
INSERT INTO interacts VALUES(541479827217, 1, 'Odoamne', 1055, 316304, 1);
INSERT INTO interacts VALUES(541479827217, 1, 'Odoamne', 1001, 316613, 1);
INSERT INTO interacts VALUES(541479827217, 1, 'Odoamne', 2043, 320025, 1);
INSERT INTO interacts VALUES(541479827217, 1, 'Odoamne', 2031, 320581, 1);
INSERT INTO interacts VALUES(541479827217, 1, 'Ambition', 3711, 333030, 1);
INSERT INTO interacts VALUES(541479827217, 1, 'Ambition', 1052, 334004, 1);
INSERT INTO interacts VALUES(541479827217, 1, 'Ambition', 3158, 338092, 1);
INSERT INTO interacts VALUES(541479827217, 1, 'Ambition', 2043, 338447, 1);
INSERT INTO interacts VALUES(541479827217, 1, 'CoreJJ', 2049, 370542, 1);
INSERT INTO interacts VALUES(541479827217, 1, 'CoreJJ', 3341, 376101, 1);
INSERT INTO interacts VALUES(541479827217, 1, 'CoreJJ', 2010, 379419, 1);
INSERT INTO interacts VALUES(541479827217, 1, 'Vander', 2049, 380520, 1);
INSERT INTO interacts VALUES(541479827217, 1, 'Vander', 3341, 382007, 1);
INSERT INTO interacts VALUES(541479827217, 1, 'Vander', 2010, 382833, 1);
INSERT INTO interacts VALUES(541479827217, 1, 'Vander', 2043, 384652, 1);
INSERT INTO interacts VALUES(541479827217, 1, 'FORG1VEN', 1038, 391485, 1);
INSERT INTO interacts VALUES(541479827217, 1, 'FORG1VEN', 1001, 392814, 1);
INSERT INTO interacts VALUES(541479827217, 1, 'FORG1VEN', 1042, 394442, 1);
INSERT INTO interacts VALUES(541479827217, 1, 'CuVee', 1033, 397785, 1);
INSERT INTO interacts VALUES(541479827217, 1, 'CuVee', 2043, 398496, 1);
INSERT INTO interacts VALUES(541479827217, 1, 'Ruler', 1038, 427601, 1);
INSERT INTO interacts VALUES(541479827217, 1, 'Ruler', 1036, 429454, 1);
INSERT INTO interacts VALUES(541479827217, 1, 'Ruler', 2010, 430040, 1);
INSERT INTO interacts VALUES(541479827217, 1, 'Ruler', 2010, 430171, 1);
INSERT INTO interacts VALUES(541479827217, 1, 'Ryu', 3070, 430819, 1);
INSERT INTO interacts VALUES(541479827217, 1, 'Ruler', 2043, 430935, 1);
INSERT INTO interacts VALUES(541479827217, 1, 'Ryu', 2003, 431729, 1);
INSERT INTO interacts VALUES(541479827217, 1, 'CoreJJ', 2043, 434307, 1);
INSERT INTO interacts VALUES(541479827217, 1, 'CoreJJ', 2010, 435089, 1);
INSERT INTO interacts VALUES(541479827217, 1, 'Jankos', 1028, 460167, 1);
INSERT INTO interacts VALUES(541479827217, 1, 'Jankos', 1028, 460324, 1);
INSERT INTO interacts VALUES(541479827217, 1, 'Jankos', 2043, 461495, 1);
INSERT INTO interacts VALUES(541479827217, 1, 'Ryu', 2043, 518526, 1);
INSERT INTO interacts VALUES(541479827217, 1, 'Ryu', 2031, 519757, 1);
INSERT INTO interacts VALUES(541479827217, 1, 'CuVee', 3111, 532719, 1);
INSERT INTO interacts VALUES(541479827217, 1, 'CuVee', 2043, 533012, 1);
INSERT INTO interacts VALUES(541479827217, 1, 'Crown', 3196, 541024, 1);
INSERT INTO interacts VALUES(541479827217, 1, 'Crown', 2043, 541499, 1);
INSERT INTO interacts VALUES(541479827217, 1, 'FORG1VEN', 3006, 559635, 1);
INSERT INTO interacts VALUES(541479827217, 1, 'FORG1VEN', 1036, 561159, 1);
INSERT INTO interacts VALUES(541479827217, 1, 'Vander', 1001, 561617, 1);
INSERT INTO interacts VALUES(541479827217, 1, 'Vander', 2031, 562870, 1);
INSERT INTO interacts VALUES(541479827217, 1, 'Vander', 2043, 563079, 1);
INSERT INTO interacts VALUES(541479827217, 1, 'Ambition', 1410, 570528, 1);
INSERT INTO interacts VALUES(541479827217, 1, 'Ambition', 2043, 571407, 1);
INSERT INTO interacts VALUES(541479827217, 1, 'Ruler', 3133, 574621, 1);
INSERT INTO interacts VALUES(541479827217, 1, 'Ruler', 2043, 575240, 1);
INSERT INTO interacts VALUES(541479827217, 1, 'Ruler', 2010, 575496, 1);
INSERT INTO interacts VALUES(541479827217, 1, 'CoreJJ', 3098, 587220, 1);
INSERT INTO interacts VALUES(541479827217, 1, 'CuVee', 1028, 610037, 1);
INSERT INTO interacts VALUES(541479827217, 1, 'Odoamne', 3145, 659703, 1);
INSERT INTO interacts VALUES(541479827217, 1, 'Odoamne', 3020, 661430, 1);
INSERT INTO interacts VALUES(541479827217, 1, 'Odoamne', 1028, 663215, 1);
INSERT INTO interacts VALUES(541479827217, 1, 'Vander', 2043, 679262, 1);
INSERT INTO interacts VALUES(541479827217, 1, 'Jankos', 3801, 689241, 1);
INSERT INTO interacts VALUES(541479827217, 1, 'Jankos', 3715, 690411, 1);
INSERT INTO interacts VALUES(541479827217, 1, 'Jankos', 2043, 692411, 1);
INSERT INTO interacts VALUES(541479827217, 1, 'Jankos', 2043, 692504, 1);
INSERT INTO interacts VALUES(541479827217, 1, 'Jankos', 3341, 693016, 1);
INSERT INTO interacts VALUES(541479827217, 1, 'CuVee', 1033, 695294, 1);
INSERT INTO interacts VALUES(541479827217, 1, 'CoreJJ', 1036, 724700, 1);
INSERT INTO interacts VALUES(541479827217, 1, 'CoreJJ', 2043, 725384, 1);
INSERT INTO interacts VALUES(541479827217, 1, 'CoreJJ', 2010, 725579, 1);
INSERT INTO interacts VALUES(541479827217, 1, 'Ryu', 1057, 752099, 1);
INSERT INTO interacts VALUES(541479827217, 1, 'Ryu', 1057, 752194, 1);
INSERT INTO interacts VALUES(541479827217, 1, 'FORG1VEN', 3133, 753373, 1);
INSERT INTO interacts VALUES(541479827217, 1, 'Ryu', 1056, 754187, 0);
INSERT INTO interacts VALUES(541479827217, 1, 'FORG1VEN', 1042, 756033, 1);
INSERT INTO interacts VALUES(541479827217, 1, 'Ryu', 3108, 756167, 1);
INSERT INTO interacts VALUES(541479827217, 1, 'Vander', 3098, 757193, 1);
INSERT INTO interacts VALUES(541479827217, 1, 'Vander', 2043, 758050, 1);
INSERT INTO interacts VALUES(541479827217, 1, 'Ambition', 1058, 766193, 1);
INSERT INTO interacts VALUES(541479827217, 1, 'Ambition', 2043, 767296, 1);
INSERT INTO interacts VALUES(541479827217, 1, 'Ambition', 3364, 767620, 1);
INSERT INTO interacts VALUES(541479827217, 1, 'Crown', 3197, 779745, 1);
INSERT INTO interacts VALUES(541479827217, 1, 'Crown', 3158, 781389, 1);
INSERT INTO interacts VALUES(541479827217, 1, 'Ruler', 3508, 782380, 1);
INSERT INTO interacts VALUES(541479827217, 1, 'Ruler', 3363, 783027, 1);
INSERT INTO interacts VALUES(541479827217, 1, 'Ruler', 2043, 783290, 1);
INSERT INTO interacts VALUES(541479827217, 1, 'Ruler', 2010, 783516, 1);
INSERT INTO interacts VALUES(541479827217, 1, 'CuVee', 3211, 800637, 1);
INSERT INTO interacts VALUES(541479827217, 1, 'CuVee', 2043, 801548, 1);
INSERT INTO interacts VALUES(541479827217, 1, 'CoreJJ', 2301, 875689, 1);
INSERT INTO interacts VALUES(541479827217, 1, 'CoreJJ', 2043, 876824, 1);
INSERT INTO interacts VALUES(541479827217, 1, 'CoreJJ', 2043, 876921, 1);
INSERT INTO interacts VALUES(541479827217, 1, 'CoreJJ', 2010, 877168, 1);
INSERT INTO interacts VALUES(541479827217, 1, 'Ruler', 1042, 879816, 1);
INSERT INTO interacts VALUES(541479827217, 1, 'Ruler', 1001, 880237, 1);
INSERT INTO interacts VALUES(541479827217, 1, 'Vander', 2043, 880694, 1);
INSERT INTO interacts VALUES(541479827217, 1, 'Odoamne', 3152, 886670, 1);
INSERT INTO interacts VALUES(541479827217, 1, 'Odoamne', 1028, 887980, 1);
INSERT INTO interacts VALUES(541479827217, 1, 'Odoamne', 1052, 893109, 1);
INSERT INTO interacts VALUES(541479827217, 1, 'FORG1VEN', 3508, 900875, 1);
INSERT INTO interacts VALUES(541479827217, 1, 'FORG1VEN', 1042, 901879, 1);
INSERT INTO interacts VALUES(541479827217, 1, 'FORG1VEN', 3363, 903730, 1);
INSERT INTO interacts VALUES(541479827217, 1, 'Ryu', 1052, 915033, 1);
INSERT INTO interacts VALUES(541479827217, 1, 'Jankos', 3800, 925736, 1);
INSERT INTO interacts VALUES(541479827217, 1, 'CuVee', 3057, 937412, 1);
INSERT INTO interacts VALUES(541479827217, 1, 'Crown', 1058, 974201, 1);
INSERT INTO interacts VALUES(541479827217, 1, 'Crown', 3363, 975339, 1);
INSERT INTO interacts VALUES(541479827217, 1, 'FORG1VEN', 1042, 988827, 1);
INSERT INTO interacts VALUES(541479827217, 1, 'Vander', 3117, 992782, 1);
INSERT INTO interacts VALUES(541479827217, 1, 'Ambition', 1011, 993592, 1);
INSERT INTO interacts VALUES(541479827217, 1, 'Vander', 2043, 994370, 1);
INSERT INTO interacts VALUES(541479827217, 1, 'Ambition', 1057, 995216, 1);
INSERT INTO interacts VALUES(541479827217, 1, 'CoreJJ', 3009, 995999, 1);
INSERT INTO interacts VALUES(541479827217, 1, 'Ryu', 3001, 998077, 1);
INSERT INTO interacts VALUES(541479827217, 1, 'Ryu', 3363, 1000030, 1);
INSERT INTO interacts VALUES(541479827217, 1, 'Ryu', 2043, 1000968, 1);
INSERT INTO interacts VALUES(541479827217, 1, 'Ruler', 3086, 1013238, 1);
INSERT INTO interacts VALUES(541479827217, 1, 'Odoamne', 2031, 1082030, 0);
INSERT INTO interacts VALUES(541479827217, 1, 'Odoamne', 1026, 1082712, 1);
INSERT INTO interacts VALUES(541479827217, 1, 'Odoamne', 1055, 1084447, 0);
INSERT INTO interacts VALUES(541479827217, 1, 'Odoamne', 3108, 1086156, 1);
INSERT INTO interacts VALUES(541479827217, 1, 'Odoamne', 1052, 1086840, 1);
INSERT INTO interacts VALUES(541479827217, 1, 'Jankos', 1028, 1106345, 1);
INSERT INTO interacts VALUES(541479827217, 1, 'Jankos', 3364, 1107290, 1);
INSERT INTO interacts VALUES(541479827217, 1, 'Vander', 2301, 1108462, 1);
INSERT INTO interacts VALUES(541479827217, 1, 'Jankos', 1033, 1108561, 1);
INSERT INTO interacts VALUES(541479827217, 1, 'Vander', 2043, 1109471, 1);
INSERT INTO interacts VALUES(541479827217, 1, 'Ruler', 3006, 1171543, 1);
INSERT INTO interacts VALUES(541479827217, 1, 'Ruler', 2010, 1172454, 0);
INSERT INTO interacts VALUES(541479827217, 1, 'Ruler', 1042, 1173880, 1);
INSERT INTO interacts VALUES(541479827217, 1, 'Ruler', 2010, 1184560, 0);
INSERT INTO interacts VALUES(541479827217, 1, 'CoreJJ', 3133, 1185257, 1);
INSERT INTO interacts VALUES(541479827217, 1, 'Ruler', 1042, 1185617, 1);
INSERT INTO interacts VALUES(541479827217, 1, 'CoreJJ', 2043, 1186171, 1);
INSERT INTO interacts VALUES(541479827217, 1, 'CoreJJ', 2043, 1186300, 1);
INSERT INTO interacts VALUES(541479827217, 1, 'CoreJJ', 2010, 1186502, 1);
INSERT INTO interacts VALUES(541479827217, 1, 'CoreJJ', 2010, 1186592, 1);
INSERT INTO interacts VALUES(541479827217, 1, 'CoreJJ', 3364, 1186818, 1);
INSERT INTO interacts VALUES(541479827217, 1, 'Crown', 3198, 1189781, 1);
INSERT INTO interacts VALUES(541479827217, 1, 'Crown', 2031, 1190818, 0);
INSERT INTO interacts VALUES(541479827217, 1, 'Vander', 1028, 1190850, 1);
INSERT INTO interacts VALUES(541479827217, 1, 'FORG1VEN', 3046, 1191179, 1);
INSERT INTO interacts VALUES(541479827217, 1, 'Ambition', 3116, 1191404, 1);
INSERT INTO interacts VALUES(541479827217, 1, 'Crown', 1011, 1204240, 1);
INSERT INTO interacts VALUES(541479827217, 1, 'FORG1VEN', 1036, 1207389, 1);
INSERT INTO interacts VALUES(541479827217, 1, 'Ambition', 1052, 1215278, 1);
INSERT INTO interacts VALUES(541479827217, 1, 'Ambition', 2031, 1215931, 0);
INSERT INTO interacts VALUES(541479827217, 1, 'Ambition', 2043, 1216551, 1);
INSERT INTO interacts VALUES(541479827217, 1, 'Ryu', 1058, 1220926, 1);
INSERT INTO interacts VALUES(541479827217, 1, 'Ryu', 1052, 1224537, 1);
INSERT INTO interacts VALUES(541479827217, 1, 'Vander', 2043, 1260329, 1);
INSERT INTO interacts VALUES(541479827217, 1, 'Vander', 3364, 1261687, 1);
INSERT INTO interacts VALUES(541479827217, 1, 'CuVee', 1082, 1261783, 0);
INSERT INTO interacts VALUES(541479827217, 1, 'CuVee', 3078, 1262625, 1);
INSERT INTO interacts VALUES(541479827217, 1, 'CuVee', 2043, 1263795, 1);
INSERT INTO interacts VALUES(541479827217, 1, 'CoreJJ', 1028, 1265275, 1);
INSERT INTO interacts VALUES(541479827217, 1, 'CoreJJ', 2010, 1266583, 0);
INSERT INTO interacts VALUES(541479827217, 1, 'CoreJJ', 2043, 1267304, 1);
INSERT INTO interacts VALUES(541479827217, 1, 'Jankos', 3190, 1270517, 1);
INSERT INTO interacts VALUES(541479827217, 1, 'Jankos', 2043, 1271845, 1);
INSERT INTO interacts VALUES(541479827217, 1, 'Jankos', 2043, 1271942, 1);
INSERT INTO interacts VALUES(541479827217, 1, 'Odoamne', 3135, 1279137, 1);
INSERT INTO interacts VALUES(541479827217, 1, 'Odoamne', 2043, 1280276, 1);
INSERT INTO interacts VALUES(541479827217, 1, 'Ruler', 3085, 1289248, 1);
INSERT INTO interacts VALUES(541479827217, 1, 'Ruler', 2043, 1290227, 1);
INSERT INTO interacts VALUES(541479827217, 1, 'Ruler', 2010, 1290515, 1);
INSERT INTO interacts VALUES(541479827217, 1, 'Crown', 3116, 1295548, 1);
INSERT INTO interacts VALUES(541479827217, 1, 'CuVee', 1028, 1320336, 1);
INSERT INTO interacts VALUES(541479827217, 1, 'Vander', 1052, 1348576, 1);
INSERT INTO interacts VALUES(541479827217, 1, 'Vander', 2043, 1349728, 1);
INSERT INTO interacts VALUES(541479827217, 1, 'Crown', 2043, 1359218, 1);
INSERT INTO interacts VALUES(541479827217, 1, 'Ambition', 3108, 1387530, 1);
INSERT INTO interacts VALUES(541479827217, 1, 'Ambition', 1052, 1388018, 1);
INSERT INTO interacts VALUES(541479827217, 1, 'Odoamne', 1052, 1396105, 1);
INSERT INTO interacts VALUES(541479827217, 1, 'Jankos', 1028, 1406493, 1);
INSERT INTO interacts VALUES(541479827217, 1, 'CuVee', 3067, 1429423, 1);
INSERT INTO interacts VALUES(541479827217, 1, 'Ruler', 1037, 1437326, 1);
INSERT INTO interacts VALUES(541479827217, 1, 'CoreJJ', 2043, 1449495, 0);
INSERT INTO interacts VALUES(541479827217, 1, 'CoreJJ', 2010, 1450664, 0);
INSERT INTO interacts VALUES(541479827217, 1, 'CoreJJ', 3044, 1456031, 1);
INSERT INTO interacts VALUES(541479827217, 1, 'Vander', 2043, 1471090, 1);
INSERT INTO interacts VALUES(541479827217, 1, 'Ryu', 3116, 1483047, 1);
INSERT INTO interacts VALUES(541479827217, 1, 'Ryu', 2043, 1484253, 1);
INSERT INTO interacts VALUES(541479827217, 1, 'Odoamne', 3191, 1502916, 1);
INSERT INTO interacts VALUES(541479827217, 1, 'Crown', 1026, 1504308, 1);
INSERT INTO interacts VALUES(541479827217, 1, 'FORG1VEN', 1038, 1507881, 1);
INSERT INTO interacts VALUES(541479827217, 1, 'FORG1VEN', 3155, 1508431, 1);
INSERT INTO interacts VALUES(541479827217, 1, 'CuVee', 3065, 1532134, 1);
INSERT INTO interacts VALUES(541479827217, 1, 'CuVee', 1029, 1533412, 1);
INSERT INTO interacts VALUES(541479827217, 1, 'Vander', 3136, 1594352, 1);
INSERT INTO interacts VALUES(541479827217, 1, 'CoreJJ', 2043, 1594805, 1);
INSERT INTO interacts VALUES(541479827217, 1, 'CoreJJ', 2043, 1594937, 1);
INSERT INTO interacts VALUES(541479827217, 1, 'Jankos', 1413, 1595002, 1);
INSERT INTO interacts VALUES(541479827217, 1, 'Vander', 2043, 1595294, 1);
INSERT INTO interacts VALUES(541479827217, 1, 'Jankos', 2043, 1596161, 1);
INSERT INTO interacts VALUES(541479827217, 1, 'Odoamne', 3157, 1601042, 1);
INSERT INTO interacts VALUES(541479827217, 1, 'Jankos', 2043, 1601661, 1);
INSERT INTO interacts VALUES(541479827217, 1, 'Odoamne', 2043, 1602957, 1);
INSERT INTO interacts VALUES(541479827217, 1, 'Ambition', 3001, 1611017, 1);
INSERT INTO interacts VALUES(541479827217, 1, 'Ambition', 1052, 1612215, 1);
INSERT INTO interacts VALUES(541479827217, 1, 'Ambition', 2043, 1612604, 1);
INSERT INTO interacts VALUES(541479827217, 1, 'CuVee', 1031, 1653455, 1);
INSERT INTO interacts VALUES(541479827217, 1, 'Ruler', 1038, 1700995, 1);
INSERT INTO interacts VALUES(541479827217, 1, 'Crown', 3135, 1706712, 1);
INSERT INTO interacts VALUES(541479827217, 1, 'CoreJJ', 3071, 1708500, 1);
INSERT INTO interacts VALUES(541479827217, 1, 'CoreJJ', 1036, 1709311, 1);
INSERT INTO interacts VALUES(541479827217, 1, 'CoreJJ', 2043, 1709930, 1);
INSERT INTO interacts VALUES(541479827217, 1, 'CoreJJ', 2043, 1710059, 1);
INSERT INTO interacts VALUES(541479827217, 1, 'Jankos', 1029, 1741213, 1);
INSERT INTO interacts VALUES(541479827217, 1, 'Ryu', 1058, 1741541, 1);
INSERT INTO interacts VALUES(541479827217, 1, 'CuVee', 3742, 1754009, 1);
INSERT INTO interacts VALUES(541479827217, 1, 'Vander', 1026, 1757160, 1);
INSERT INTO interacts VALUES(541479827217, 1, 'Vander', 2043, 1758336, 1);
INSERT INTO interacts VALUES(541479827217, 1, 'Jankos', 2032, 1759083, 0);
INSERT INTO interacts VALUES(541479827217, 1, 'Jankos', 2043, 1760484, 1);
INSERT INTO interacts VALUES(541479827217, 1, 'Jankos', 2043, 1761640, 1);
INSERT INTO interacts VALUES(541479827217, 1, 'CoreJJ', 3123, 1764319, 1);
INSERT INTO interacts VALUES(541479827217, 1, 'Ambition', 3057, 1767575, 1);
INSERT INTO interacts VALUES(541479827217, 1, 'Crown', 1056, 1786356, 0);
INSERT INTO interacts VALUES(541479827217, 1, 'Crown', 1058, 1788434, 1);
INSERT INTO interacts VALUES(541479827217, 1, 'FORG1VEN', 1055, 1788487, 0);
INSERT INTO interacts VALUES(541479827217, 1, 'FORG1VEN', 3156, 1789776, 1);
INSERT INTO interacts VALUES(541479827217, 1, 'Vander', 2043, 1797455, 1);
INSERT INTO interacts VALUES(541479827217, 1, 'Odoamne', 1058, 1819050, 1);
INSERT INTO interacts VALUES(541479827217, 1, 'Ruler', 3031, 1831681, 1);
INSERT INTO interacts VALUES(541479827217, 1, 'CuVee', 1056, 1855742, 0);
INSERT INTO interacts VALUES(541479827217, 1, 'CuVee', 1031, 1856994, 1);
INSERT INTO interacts VALUES(541479827217, 1, 'CoreJJ', 1037, 1875015, 1);
INSERT INTO interacts VALUES(541479827217, 1, 'CoreJJ', 2043, 1876184, 1);
INSERT INTO interacts VALUES(541479827217, 1, 'CoreJJ', 2043, 1876311, 1);
INSERT INTO interacts VALUES(541479827217, 1, 'Ryu', 3003, 1933778, 1);
INSERT INTO interacts VALUES(541479827217, 1, 'Jankos', 1031, 1934345, 1);
INSERT INTO interacts VALUES(541479827217, 1, 'Ryu', 2043, 1934961, 1);
INSERT INTO interacts VALUES(541479827217, 1, 'Jankos', 2043, 1935743, 1);
INSERT INTO interacts VALUES(541479827217, 1, 'Jankos', 2043, 1936374, 1);
INSERT INTO interacts VALUES(541479827217, 1, 'Vander', 3151, 1936586, 1);
INSERT INTO interacts VALUES(541479827217, 1, 'Vander', 2043, 1937269, 1);
INSERT INTO interacts VALUES(541479827217, 1, 'Ruler', 2043, 1942220, 1);
INSERT INTO interacts VALUES(541479827217, 1, 'FORG1VEN', 1037, 1951313, 1);
INSERT INTO interacts VALUES(541479827217, 1, 'CuVee', 2033, 1979135, 0);
INSERT INTO interacts VALUES(541479827217, 1, 'CuVee', 1057, 1980594, 1);
INSERT INTO interacts VALUES(541479827217, 1, 'Odoamne', 1055, 1992051, 0);
INSERT INTO interacts VALUES(541479827217, 1, 'Odoamne', 1026, 1992619, 1);
INSERT INTO interacts VALUES(541479827217, 1, 'CoreJJ', 3035, 2015017, 1);
INSERT INTO interacts VALUES(541479827217, 1, 'CuVee', 3026, 2022313, 1);
INSERT INTO interacts VALUES(541479827217, 1, 'CuVee', 2043, 2023309, 1);
INSERT INTO interacts VALUES(541479827217, 1, 'Ambition', 3100, 2063606, 1);
INSERT INTO interacts VALUES(541479827217, 1, 'Ambition', 2043, 2064360, 1);
INSERT INTO interacts VALUES(541479827217, 1, 'Ryu', 1026, 2068692, 1);
INSERT INTO interacts VALUES(541479827217, 1, 'Ryu', 2031, 2070452, 0);
INSERT INTO interacts VALUES(541479827217, 1, 'Ryu', 2043, 2071655, 1);
INSERT INTO interacts VALUES(541479827217, 1, 'Crown', 3089, 2100465, 1);
INSERT INTO interacts VALUES(541479827217, 1, 'Ruler', 3035, 2102680, 1);
INSERT INTO interacts VALUES(541479827217, 1, 'FORG1VEN', 3031, 2132730, 1);
INSERT INTO interacts VALUES(541479827217, 1, 'CoreJJ', 3033, 2157793, 1);
INSERT INTO interacts VALUES(541479827217, 1, 'CoreJJ', 2043, 2158800, 1);
INSERT INTO interacts VALUES(541479827217, 1, 'Vander', 1028, 2178136, 1);
INSERT INTO interacts VALUES(541479827217, 1, 'Vander', 2043, 2179376, 1);
INSERT INTO interacts VALUES(541479827217, 1, 'CuVee', 1057, 2184454, 1);
INSERT INTO interacts VALUES(541479827217, 1, 'Jankos', 3026, 2224012, 1);
INSERT INTO interacts VALUES(541479827217, 1, 'Jankos', 2043, 2224536, 1);
INSERT INTO interacts VALUES(541479827217, 1, 'CuVee', 2139, 2236081, 1);
INSERT INTO interacts VALUES(541479827217, 1, 'Odoamne', 3089, 2252470, 1);
INSERT INTO interacts VALUES(541479827217, 1, 'Vander', 1011, 2288004, 1);
INSERT INTO interacts VALUES(541479827217, 1, 'Vander', 2043, 2288953, 1);
INSERT INTO interacts VALUES(541479827217, 1, 'Jankos', 1029, 2302384, 1);
INSERT INTO interacts VALUES(541479827217, 1, 'FORG1VEN', 1038, 2342776, 1);
INSERT INTO interacts VALUES(541479827217, 1, 'CuVee', 3001, 2347202, 1);
INSERT INTO matches VALUES(541479827217, 2, '2016-10-22');
INSERT INTO scores VALUES('SSG', 541479827217, 2, 0, 2, 0, 0, 2, 0);
INSERT INTO scores VALUES('H2K', 541479827217, 2, 2, 10, 0, 2, 2, 1);
INSERT INTO bans VALUES(541479827217, 2, 245, 1);
INSERT INTO bans VALUES(541479827217, 2, 21, 3);
INSERT INTO bans VALUES(541479827217, 2, 112, 5);
INSERT INTO bans VALUES(541479827217, 2, 51, 2);
INSERT INTO bans VALUES(541479827217, 2, 76, 4);
INSERT INTO bans VALUES(541479827217, 2, 134, 6);
INSERT INTO plays VALUES(541479827217, 2, 'Odoamne', 68, 'top', 3, 7, 7, 21876, 18, 2, 242, 5, 1, 12175);
INSERT INTO plays VALUES(541479827217, 2, 'Jankos', 64, 'jungle', 7, 4, 4, 13217, 50, 15, 27, 79, 18, 11965);
INSERT INTO plays VALUES(541479827217, 2, 'Ryu', 13, 'mid', 3, 3, 5, 10685, 16, 5, 279, 8, 1, 12914);
INSERT INTO plays VALUES(541479827217, 2, 'FORG1VEN', 15, 'adc', 2, 4, 6, 20986, 12, 10, 351, 5, 1, 13483);
INSERT INTO plays VALUES(541479827217, 2, 'Vander', 43, 'support', 0, 4, 6, 4578, 59, 13, 29, 0, 0, 8020);
INSERT INTO plays VALUES(541479827217, 2, 'CuVee', 126, 'top', 8, 5, 5, 26087, 21, 5, 279, 17, 7, 16834);
INSERT INTO plays VALUES(541479827217, 2, 'Ambition', 2, 'jungle', 3, 2, 8, 13864, 26, 19, 46, 77, 43, 14490);
INSERT INTO plays VALUES(541479827217, 2, 'Crown', 69, 'mid', 6, 3, 10, 19662, 16, 10, 264, 10, 9, 15391);
INSERT INTO plays VALUES(541479827217, 2, 'Ruler', 202, 'adc', 4, 2, 9, 19116, 11, 6, 261, 6, 8, 14816);
INSERT INTO plays VALUES(541479827217, 2, 'CoreJJ', 143, 'support', 1, 3, 8, 13519, 52, 18, 32, 0, 5, 10996);
INSERT INTO interacts VALUES(541479827217, 2, 'Odoamne', 3340, 1536, 1);
INSERT INTO interacts VALUES(541479827217, 2, 'FORG1VEN', 1055, 1666, 1);
INSERT INTO interacts VALUES(541479827217, 2, 'CuVee', 1055, 1925, 1);
INSERT INTO interacts VALUES(541479827217, 2, 'FORG1VEN', 2010, 2023, 1);
INSERT INTO interacts VALUES(541479827217, 2, 'CuVee', 2003, 2093, 1);
INSERT INTO interacts VALUES(541479827217, 2, 'CuVee', 3340, 2280, 1);
INSERT INTO interacts VALUES(541479827217, 2, 'Jankos', 3340, 2280, 1);
INSERT INTO interacts VALUES(541479827217, 2, 'FORG1VEN', 3340, 2313, 1);
INSERT INTO interacts VALUES(541479827217, 2, 'Ruler', 1055, 2442, 1);
INSERT INTO interacts VALUES(541479827217, 2, 'Jankos', 1041, 2574, 1);
INSERT INTO interacts VALUES(541479827217, 2, 'Ryu', 1027, 2574, 1);
INSERT INTO interacts VALUES(541479827217, 2, 'Ruler', 2003, 2671, 1);
INSERT INTO interacts VALUES(541479827217, 2, 'Jankos', 2031, 2736, 1);
INSERT INTO interacts VALUES(541479827217, 2, 'Vander', 2010, 2871, 1);
INSERT INTO interacts VALUES(541479827217, 2, 'Vander', 2010, 2994, 1);
INSERT INTO interacts VALUES(541479827217, 2, 'Ruler', 3340, 3091, 1);
INSERT INTO interacts VALUES(541479827217, 2, 'Odoamne', 1029, 3091, 1);
INSERT INTO interacts VALUES(541479827217, 2, 'Vander', 2010, 3131, 1);
INSERT INTO interacts VALUES(541479827217, 2, 'Ambition', 1039, 3157, 1);
INSERT INTO interacts VALUES(541479827217, 2, 'CoreJJ', 3303, 3351, 1);
INSERT INTO interacts VALUES(541479827217, 2, 'Vander', 3303, 3351, 1);
INSERT INTO interacts VALUES(541479827217, 2, 'Odoamne', 2003, 3448, 1);
INSERT INTO interacts VALUES(541479827217, 2, 'Odoamne', 2003, 3578, 1);
INSERT INTO interacts VALUES(541479827217, 2, 'Vander', 3340, 3709, 1);
INSERT INTO interacts VALUES(541479827217, 2, 'Odoamne', 2003, 3709, 1);
INSERT INTO interacts VALUES(541479827217, 2, 'CoreJJ', 2010, 3709, 1);
INSERT INTO interacts VALUES(541479827217, 2, 'CoreJJ', 2010, 3839, 1);
INSERT INTO interacts VALUES(541479827217, 2, 'Odoamne', 2003, 3871, 1);
INSERT INTO interacts VALUES(541479827217, 2, 'Ryu', 2031, 3936, 1);
INSERT INTO interacts VALUES(541479827217, 2, 'CoreJJ', 2010, 3969, 1);
INSERT INTO interacts VALUES(541479827217, 2, 'Ryu', 3340, 4227, 1);
INSERT INTO interacts VALUES(541479827217, 2, 'Ambition', 2031, 4259, 1);
INSERT INTO interacts VALUES(541479827217, 2, 'CoreJJ', 3340, 4356, 1);
INSERT INTO interacts VALUES(541479827217, 2, 'Crown', 2003, 7239, 1);
INSERT INTO interacts VALUES(541479827217, 2, 'Crown', 2003, 7369, 1);
INSERT INTO interacts VALUES(541479827217, 2, 'Crown', 1056, 7563, 1);
INSERT INTO interacts VALUES(541479827217, 2, 'Crown', 3340, 7887, 1);
INSERT INTO interacts VALUES(541479827217, 2, 'Ryu', 3070, 193060, 1);
INSERT INTO interacts VALUES(541479827217, 2, 'FORG1VEN', 1036, 258459, 1);
INSERT INTO interacts VALUES(541479827217, 2, 'FORG1VEN', 1036, 258688, 1);
INSERT INTO interacts VALUES(541479827217, 2, 'FORG1VEN', 2010, 260736, 1);
INSERT INTO interacts VALUES(541479827217, 2, 'Ruler', 1036, 285663, 1);
INSERT INTO interacts VALUES(541479827217, 2, 'Ruler', 1036, 285793, 1);
INSERT INTO interacts VALUES(541479827217, 2, 'Ruler', 2043, 287804, 1);
INSERT INTO interacts VALUES(541479827217, 2, 'Ruler', 2003, 287998, 1);
INSERT INTO interacts VALUES(541479827217, 2, 'CoreJJ', 1028, 293057, 1);
INSERT INTO interacts VALUES(541479827217, 2, 'CoreJJ', 2010, 293709, 1);
INSERT INTO interacts VALUES(541479827217, 2, 'CoreJJ', 2010, 293867, 1);
INSERT INTO interacts VALUES(541479827217, 2, 'CoreJJ', 2043, 294099, 1);
INSERT INTO interacts VALUES(541479827217, 2, 'Vander', 1028, 294598, 1);
INSERT INTO interacts VALUES(541479827217, 2, 'Vander', 2010, 295299, 1);
INSERT INTO interacts VALUES(541479827217, 2, 'Vander', 2043, 296697, 1);
INSERT INTO interacts VALUES(541479827217, 2, 'Vander', 2010, 296931, 1);
INSERT INTO interacts VALUES(541479827217, 2, 'Crown', 3070, 302486, 1);
INSERT INTO interacts VALUES(541479827217, 2, 'Crown', 1027, 303883, 1);
INSERT INTO interacts VALUES(541479827217, 2, 'Jankos', 3711, 336709, 1);
INSERT INTO interacts VALUES(541479827217, 2, 'Jankos', 1001, 338718, 1);
INSERT INTO interacts VALUES(541479827217, 2, 'Jankos', 1036, 339020, 1);
INSERT INTO interacts VALUES(541479827217, 2, 'Ryu', 1027, 343847, 1);
INSERT INTO interacts VALUES(541479827217, 2, 'Ryu', 1001, 344950, 1);
INSERT INTO interacts VALUES(541479827217, 2, 'Ryu', 2043, 345697, 1);
INSERT INTO interacts VALUES(541479827217, 2, 'CuVee', 3155, 346834, 1);
INSERT INTO interacts VALUES(541479827217, 2, 'Odoamne', 3191, 349917, 1);
INSERT INTO interacts VALUES(541479827217, 2, 'Odoamne', 1001, 350783, 1);
INSERT INTO interacts VALUES(541479827217, 2, 'Odoamne', 2043, 355745, 1);
INSERT INTO interacts VALUES(541479827217, 2, 'Ambition', 3158, 384678, 1);
INSERT INTO interacts VALUES(541479827217, 2, 'Ambition', 2032, 385840, 1);
INSERT INTO interacts VALUES(541479827217, 2, 'Ambition', 1028, 387239, 1);
INSERT INTO interacts VALUES(541479827217, 2, 'Ambition', 2043, 387633, 1);
INSERT INTO interacts VALUES(541479827217, 2, 'CuVee', 1001, 445312, 1);
INSERT INTO interacts VALUES(541479827217, 2, 'CuVee', 2003, 447424, 0);
INSERT INTO interacts VALUES(541479827217, 2, 'CuVee', 2031, 447879, 1);
INSERT INTO interacts VALUES(541479827217, 2, 'CuVee', 2043, 448496, 1);
INSERT INTO interacts VALUES(541479827217, 2, 'Odoamne', 1026, 481444, 1);
INSERT INTO interacts VALUES(541479827217, 2, 'Odoamne', 2043, 482814, 1);
INSERT INTO interacts VALUES(541479827217, 2, 'Ambition', 1041, 510701, 1);
INSERT INTO interacts VALUES(541479827217, 2, 'Ambition', 2043, 511016, 1);
INSERT INTO interacts VALUES(541479827217, 2, 'Jankos', 1408, 521005, 1);
INSERT INTO interacts VALUES(541479827217, 2, 'Jankos', 2043, 522038, 1);
INSERT INTO interacts VALUES(541479827217, 2, 'CoreJJ', 2049, 545446, 1);
INSERT INTO interacts VALUES(541479827217, 2, 'CoreJJ', 1001, 546319, 1);
INSERT INTO interacts VALUES(541479827217, 2, 'Vander', 2049, 546706, 1);
INSERT INTO interacts VALUES(541479827217, 2, 'CoreJJ', 2010, 546970, 1);
INSERT INTO interacts VALUES(541479827217, 2, 'CoreJJ', 2043, 547134, 1);
INSERT INTO interacts VALUES(541479827217, 2, 'CoreJJ', 3341, 547690, 1);
INSERT INTO interacts VALUES(541479827217, 2, 'Vander', 2031, 547863, 1);
INSERT INTO interacts VALUES(541479827217, 2, 'Vander', 2043, 548078, 1);
INSERT INTO interacts VALUES(541479827217, 2, 'Vander', 3341, 548854, 1);
INSERT INTO interacts VALUES(541479827217, 2, 'Ruler', 3134, 550973, 1);
INSERT INTO interacts VALUES(541479827217, 2, 'Ruler', 3133, 552418, 1);
INSERT INTO interacts VALUES(541479827217, 2, 'Ruler', 2003, 554236, 1);
INSERT INTO interacts VALUES(541479827217, 2, 'FORG1VEN', 1038, 564074, 1);
INSERT INTO interacts VALUES(541479827217, 2, 'FORG1VEN', 1001, 565926, 1);
INSERT INTO interacts VALUES(541479827217, 2, 'FORG1VEN', 2010, 566580, 1);
INSERT INTO interacts VALUES(541479827217, 2, 'Ryu', 3010, 569082, 1);
INSERT INTO interacts VALUES(541479827217, 2, 'Ryu', 3158, 570717, 1);
INSERT INTO interacts VALUES(541479827217, 2, 'Crown', 3802, 599770, 1);
INSERT INTO interacts VALUES(541479827217, 2, 'Crown', 1033, 601452, 1);
INSERT INTO interacts VALUES(541479827217, 2, 'Crown', 3108, 601975, 1);
INSERT INTO interacts VALUES(541479827217, 2, 'Crown', 2003, 604278, 0);
INSERT INTO interacts VALUES(541479827217, 2, 'Crown', 2043, 605641, 1);
INSERT INTO interacts VALUES(541479827217, 2, 'Crown', 2043, 605784, 1);
INSERT INTO interacts VALUES(541479827217, 2, 'Ambition', 3751, 654407, 1);
INSERT INTO interacts VALUES(541479827217, 2, 'FORG1VEN', 3133, 667389, 1);
INSERT INTO interacts VALUES(541479827217, 2, 'FORG1VEN', 1042, 669286, 1);
INSERT INTO interacts VALUES(541479827217, 2, 'CuVee', 3134, 670467, 1);
INSERT INTO interacts VALUES(541479827217, 2, 'Vander', 1001, 670846, 1);
INSERT INTO interacts VALUES(541479827217, 2, 'Vander', 2043, 671624, 1);
INSERT INTO interacts VALUES(541479827217, 2, 'FORG1VEN', 2010, 674264, 1);
INSERT INTO interacts VALUES(541479827217, 2, 'Ryu', 2031, 674329, 0);
INSERT INTO interacts VALUES(541479827217, 2, 'CuVee', 2043, 675012, 1);
INSERT INTO interacts VALUES(541479827217, 2, 'CoreJJ', 2043, 676965, 1);
INSERT INTO interacts VALUES(541479827217, 2, 'CoreJJ', 2043, 677077, 1);
INSERT INTO interacts VALUES(541479827217, 2, 'CoreJJ', 1004, 678460, 1);
INSERT INTO interacts VALUES(541479827217, 2, 'Ryu', 1026, 679594, 1);
INSERT INTO interacts VALUES(541479827217, 2, 'Odoamne', 3136, 682617, 1);
INSERT INTO interacts VALUES(541479827217, 2, 'Odoamne', 2043, 684628, 1);
INSERT INTO interacts VALUES(541479827217, 2, 'Odoamne', 2031, 685181, 1);
INSERT INTO interacts VALUES(541479827217, 2, 'Jankos', 3155, 688296, 1);
INSERT INTO interacts VALUES(541479827217, 2, 'Jankos', 2043, 688621, 1);
INSERT INTO interacts VALUES(541479827217, 2, 'Jankos', 2043, 688718, 1);
INSERT INTO interacts VALUES(541479827217, 2, 'Crown', 3165, 693758, 1);
INSERT INTO interacts VALUES(541479827217, 2, 'Crown', 3363, 695610, 1);
INSERT INTO interacts VALUES(541479827217, 2, 'Ruler', 3142, 704672, 1);
INSERT INTO interacts VALUES(541479827217, 2, 'Odoamne', 3020, 824794, 1);
INSERT INTO interacts VALUES(541479827217, 2, 'CoreJJ', 3117, 863006, 1);
INSERT INTO interacts VALUES(541479827217, 2, 'Ambition', 1409, 863786, 1);
INSERT INTO interacts VALUES(541479827217, 2, 'CoreJJ', 2043, 871373, 1);
INSERT INTO interacts VALUES(541479827217, 2, 'CoreJJ', 2010, 871803, 1);
INSERT INTO interacts VALUES(541479827217, 2, 'Ambition', 1028, 883360, 1);
INSERT INTO interacts VALUES(541479827217, 2, 'Ambition', 2043, 883817, 1);
INSERT INTO interacts VALUES(541479827217, 2, 'FORG1VEN', 3508, 884302, 1);
INSERT INTO interacts VALUES(541479827217, 2, 'Ambition', 3364, 884498, 1);
INSERT INTO interacts VALUES(541479827217, 2, 'Jankos', 3111, 885279, 1);
INSERT INTO interacts VALUES(541479827217, 2, 'FORG1VEN', 1042, 886215, 1);
INSERT INTO interacts VALUES(541479827217, 2, 'FORG1VEN', 3363, 887488, 1);
INSERT INTO interacts VALUES(541479827217, 2, 'Jankos', 1028, 889491, 1);
INSERT INTO interacts VALUES(541479827217, 2, 'Jankos', 1029, 890156, 1);
INSERT INTO interacts VALUES(541479827217, 2, 'Vander', 3117, 896591, 1);
INSERT INTO interacts VALUES(541479827217, 2, 'Vander', 1028, 899798, 1);
INSERT INTO interacts VALUES(541479827217, 2, 'Vander', 2043, 900815, 1);
INSERT INTO interacts VALUES(541479827217, 2, 'Jankos', 2043, 907115, 1);
INSERT INTO interacts VALUES(541479827217, 2, 'CuVee', 3156, 907472, 1);
INSERT INTO interacts VALUES(541479827217, 2, 'Jankos', 2043, 907472, 1);
INSERT INTO interacts VALUES(541479827217, 2, 'CuVee', 1036, 908320, 1);
INSERT INTO interacts VALUES(541479827217, 2, 'CuVee', 2043, 909748, 1);
INSERT INTO interacts VALUES(541479827217, 2, 'Ryu', 3027, 937644, 1);
INSERT INTO interacts VALUES(541479827217, 2, 'Ryu', 1033, 939562, 1);
INSERT INTO interacts VALUES(541479827217, 2, 'Ryu', 2043, 940926, 1);
INSERT INTO interacts VALUES(541479827217, 2, 'Ryu', 2003, 941188, 1);
INSERT INTO interacts VALUES(541479827217, 2, 'Ryu', 2003, 941317, 1);
INSERT INTO interacts VALUES(541479827217, 2, 'Ruler', 1038, 950477, 1);
INSERT INTO interacts VALUES(541479827217, 2, 'Ruler', 2043, 951777, 1);
INSERT INTO interacts VALUES(541479827217, 2, 'Ruler', 3363, 953229, 1);
INSERT INTO interacts VALUES(541479827217, 2, 'Odoamne', 3151, 1027945, 1);
INSERT INTO interacts VALUES(541479827217, 2, 'FORG1VEN', 3006, 1047125, 1);
INSERT INTO interacts VALUES(541479827217, 2, 'Jankos', 1011, 1047255, 1);
INSERT INTO interacts VALUES(541479827217, 2, 'Jankos', 2031, 1048001, 0);
INSERT INTO interacts VALUES(541479827217, 2, 'FORG1VEN', 1051, 1048455, 1);
INSERT INTO interacts VALUES(541479827217, 2, 'Jankos', 1029, 1049525, 1);
INSERT INTO interacts VALUES(541479827217, 2, 'Jankos', 2043, 1050468, 1);
INSERT INTO interacts VALUES(541479827217, 2, 'Vander', 2045, 1053978, 1);
INSERT INTO interacts VALUES(541479827217, 2, 'Vander', 2043, 1054692, 1);
INSERT INTO interacts VALUES(541479827217, 2, 'CoreJJ', 2301, 1057062, 1);
INSERT INTO interacts VALUES(541479827217, 2, 'Odoamne', 2043, 1057839, 1);
INSERT INTO interacts VALUES(541479827217, 2, 'CoreJJ', 2043, 1058163, 1);
INSERT INTO interacts VALUES(541479827217, 2, 'Ambition', 3211, 1065105, 1);
INSERT INTO interacts VALUES(541479827217, 2, 'CuVee', 3111, 1065820, 1);
INSERT INTO interacts VALUES(541479827217, 2, 'Ambition', 1028, 1066146, 1);
INSERT INTO interacts VALUES(541479827217, 2, 'CuVee', 3044, 1067250, 1);
INSERT INTO interacts VALUES(541479827217, 2, 'CuVee', 1036, 1068062, 1);
INSERT INTO interacts VALUES(541479827217, 2, 'Crown', 3001, 1082078, 1);
INSERT INTO interacts VALUES(541479827217, 2, 'Crown', 1052, 1083990, 1);
INSERT INTO interacts VALUES(541479827217, 2, 'Crown', 2043, 1084719, 1);
INSERT INTO interacts VALUES(541479827217, 2, 'Crown', 2043, 1086451, 1);
INSERT INTO interacts VALUES(541479827217, 2, 'Ruler', 3009, 1092932, 1);
INSERT INTO interacts VALUES(541479827217, 2, 'FORG1VEN', 3086, 1173208, 1);
INSERT INTO interacts VALUES(541479827217, 2, 'FORG1VEN', 1042, 1173828, 1);
INSERT INTO interacts VALUES(541479827217, 2, 'CuVee', 3133, 1191996, 1);
INSERT INTO interacts VALUES(541479827217, 2, 'Vander', 1028, 1194388, 1);
INSERT INTO interacts VALUES(541479827217, 2, 'Vander', 2043, 1195492, 1);
INSERT INTO interacts VALUES(541479827217, 2, 'Odoamne', 3108, 1195655, 1);
INSERT INTO interacts VALUES(541479827217, 2, 'Odoamne', 1026, 1209740, 1);
INSERT INTO interacts VALUES(541479827217, 2, 'Ambition', 3065, 1215423, 1);
INSERT INTO interacts VALUES(541479827217, 2, 'CoreJJ', 1052, 1219640, 1);
INSERT INTO interacts VALUES(541479827217, 2, 'CoreJJ', 1028, 1220028, 1);
INSERT INTO interacts VALUES(541479827217, 2, 'CoreJJ', 2043, 1221005, 1);
INSERT INTO interacts VALUES(541479827217, 2, 'CoreJJ', 2043, 1221132, 1);
INSERT INTO interacts VALUES(541479827217, 2, 'CoreJJ', 2010, 1221379, 1);
INSERT INTO interacts VALUES(541479827217, 2, 'CoreJJ', 3364, 1221588, 1);
INSERT INTO interacts VALUES(541479827217, 2, 'CuVee', 2031, 1227606, 0);
INSERT INTO interacts VALUES(541479827217, 2, 'Crown', 1058, 1228851, 1);
INSERT INTO interacts VALUES(541479827217, 2, 'Ruler', 1036, 1229598, 1);
INSERT INTO interacts VALUES(541479827217, 2, 'Ruler', 1036, 1229728, 1);
INSERT INTO interacts VALUES(541479827217, 2, 'Ryu', 1057, 1232717, 1);
INSERT INTO interacts VALUES(541479827217, 2, 'CuVee', 3071, 1233056, 1);
INSERT INTO interacts VALUES(541479827217, 2, 'Ryu', 3108, 1233076, 1);
INSERT INTO interacts VALUES(541479827217, 2, 'Ambition', 1029, 1304757, 1);
INSERT INTO interacts VALUES(541479827217, 2, 'Ambition', 1031, 1307126, 1);
INSERT INTO interacts VALUES(541479827217, 2, 'Jankos', 3742, 1312696, 1);
INSERT INTO interacts VALUES(541479827217, 2, 'Jankos', 2043, 1313835, 1);
INSERT INTO interacts VALUES(541479827217, 2, 'Vander', 3067, 1314520, 1);
INSERT INTO interacts VALUES(541479827217, 2, 'CoreJJ', 3136, 1314855, 1);
INSERT INTO interacts VALUES(541479827217, 2, 'Vander', 2043, 1315303, 1);
INSERT INTO interacts VALUES(541479827217, 2, 'CoreJJ', 2043, 1315887, 1);
INSERT INTO interacts VALUES(541479827217, 2, 'CoreJJ', 2043, 1316034, 1);
INSERT INTO interacts VALUES(541479827217, 2, 'Vander', 3364, 1316404, 1);
INSERT INTO interacts VALUES(541479827217, 2, 'Vander', 2043, 1316664, 1);
INSERT INTO interacts VALUES(541479827217, 2, 'Ryu', 2043, 1317733, 0);
INSERT INTO interacts VALUES(541479827217, 2, 'Ruler', 3147, 1318154, 1);
INSERT INTO interacts VALUES(541479827217, 2, 'Ryu', 3001, 1318903, 1);
INSERT INTO interacts VALUES(541479827217, 2, 'FORG1VEN', 3046, 1362102, 1);
INSERT INTO interacts VALUES(541479827217, 2, 'CuVee', 3134, 1366100, 1);
INSERT INTO interacts VALUES(541479827217, 2, 'CuVee', 1036, 1366816, 1);
INSERT INTO interacts VALUES(541479827217, 2, 'Jankos', 2043, 1419301, 1);
INSERT INTO interacts VALUES(541479827217, 2, 'Crown', 3003, 1423468, 1);
INSERT INTO interacts VALUES(541479827217, 2, 'Crown', 1028, 1425799, 1);
INSERT INTO interacts VALUES(541479827217, 2, 'Jankos', 1029, 1427229, 1);
INSERT INTO interacts VALUES(541479827217, 2, 'Odoamne', 3135, 1448546, 1);
INSERT INTO interacts VALUES(541479827217, 2, 'Vander', 2031, 1452216, 0);
INSERT INTO interacts VALUES(541479827217, 2, 'Vander', 1033, 1453158, 1);
INSERT INTO interacts VALUES(541479827217, 2, 'Vander', 2043, 1453970, 1);
INSERT INTO interacts VALUES(541479827217, 2, 'Vander', 2043, 1454099, 1);
INSERT INTO interacts VALUES(541479827217, 2, 'CuVee', 3133, 1454842, 1);
INSERT INTO interacts VALUES(541479827217, 2, 'CoreJJ', 1026, 1455445, 1);
INSERT INTO interacts VALUES(541479827217, 2, 'Ruler', 1038, 1455445, 1);
INSERT INTO interacts VALUES(541479827217, 2, 'Ruler', 2043, 1456140, 1);
INSERT INTO interacts VALUES(541479827217, 2, 'CoreJJ', 2043, 1456640, 1);
INSERT INTO interacts VALUES(541479827217, 2, 'CoreJJ', 2010, 1456899, 1);
INSERT INTO interacts VALUES(541479827217, 2, 'Ambition', 1011, 1457807, 1);
INSERT INTO interacts VALUES(541479827217, 2, 'Ambition', 2032, 1459398, 0);
INSERT INTO interacts VALUES(541479827217, 2, 'Ambition', 2043, 1460132, 1);
INSERT INTO interacts VALUES(541479827217, 2, 'Ambition', 2043, 1460276, 1);
INSERT INTO interacts VALUES(541479827217, 2, 'Odoamne', 1052, 1530537, 1);
INSERT INTO interacts VALUES(541479827217, 2, 'Ryu', 1058, 1530734, 1);
INSERT INTO interacts VALUES(541479827217, 2, 'Ryu', 2043, 1532132, 1);
INSERT INTO interacts VALUES(541479827217, 2, 'CuVee', 1055, 1551537, 0);
INSERT INTO interacts VALUES(541479827217, 2, 'CuVee', 3142, 1552421, 1);
INSERT INTO interacts VALUES(541479827217, 2, 'CuVee', 2043, 1553421, 1);
INSERT INTO interacts VALUES(541479827217, 2, 'FORG1VEN', 1038, 1558098, 1);
INSERT INTO interacts VALUES(541479827217, 2, 'Jankos', 1031, 1560827, 1);
INSERT INTO interacts VALUES(541479827217, 2, 'Jankos', 2043, 1561657, 1);
INSERT INTO interacts VALUES(541479827217, 2, 'Jankos', 2043, 1561784, 1);
INSERT INTO interacts VALUES(541479827217, 2, 'CoreJJ', 3151, 1585193, 1);
INSERT INTO interacts VALUES(541479827217, 2, 'CoreJJ', 2010, 1586103, 1);
INSERT INTO interacts VALUES(541479827217, 2, 'CoreJJ', 2043, 1586436, 1);
INSERT INTO interacts VALUES(541479827217, 2, 'Ambition', 3742, 1589009, 1);
INSERT INTO interacts VALUES(541479827217, 2, 'Ambition', 2043, 1590370, 1);
INSERT INTO interacts VALUES(541479827217, 2, 'Ruler', 1037, 1592383, 1);
INSERT INTO interacts VALUES(541479827217, 2, 'Ruler', 1055, 1593289, 0);
INSERT INTO interacts VALUES(541479827217, 2, 'Ruler', 2043, 1594131, 1);
INSERT INTO interacts VALUES(541479827217, 2, 'Ruler', 2140, 1594895, 1);
INSERT INTO interacts VALUES(541479827217, 2, 'Odoamne', 3108, 1597966, 1);
INSERT INTO interacts VALUES(541479827217, 2, 'Vander', 3105, 1631324, 1);
INSERT INTO interacts VALUES(541479827217, 2, 'CuVee', 1036, 1631810, 1);
INSERT INTO interacts VALUES(541479827217, 2, 'Crown', 1011, 1634084, 1);
INSERT INTO interacts VALUES(541479827217, 2, 'Crown', 1056, 1661862, 0);
INSERT INTO interacts VALUES(541479827217, 2, 'Crown', 1058, 1662706, 1);
INSERT INTO interacts VALUES(541479827217, 2, 'Vander', 2043, 1663517, 1);
INSERT INTO interacts VALUES(541479827217, 2, 'Ryu', 3003, 1671743, 1);
INSERT INTO interacts VALUES(541479827217, 2, 'Ambition', 1057, 1675455, 1);
INSERT INTO interacts VALUES(541479827217, 2, 'CoreJJ', 1028, 1680199, 1);
INSERT INTO interacts VALUES(541479827217, 2, 'CoreJJ', 2010, 1680891, 1);
INSERT INTO interacts VALUES(541479827217, 2, 'CoreJJ', 2010, 1681018, 1);
INSERT INTO interacts VALUES(541479827217, 2, 'Jankos', 2043, 1690509, 1);
INSERT INTO interacts VALUES(541479827217, 2, 'Odoamne', 2031, 1703729, 0);
INSERT INTO interacts VALUES(541479827217, 2, 'Odoamne', 3157, 1704247, 1);
INSERT INTO interacts VALUES(541479827217, 2, 'CuVee', 1053, 1763211, 1);
INSERT INTO interacts VALUES(541479827217, 2, 'CuVee', 2043, 1764123, 1);
INSERT INTO interacts VALUES(541479827217, 2, 'Ruler', 3031, 1792327, 1);
INSERT INTO interacts VALUES(541479827217, 2, 'FORG1VEN', 1037, 1795116, 1);
INSERT INTO interacts VALUES(541479827217, 2, 'Jankos', 1057, 1798452, 1);
INSERT INTO interacts VALUES(541479827217, 2, 'Ruler', 2043, 1816153, 1);
INSERT INTO interacts VALUES(541479827217, 2, 'Ruler', 2043, 1818136, 1);
INSERT INTO interacts VALUES(541479827217, 2, 'Ruler', 2140, 1818396, 1);
INSERT INTO interacts VALUES(541479827217, 2, 'Ambition', 1031, 1820276, 1);
INSERT INTO interacts VALUES(541479827217, 2, 'CoreJJ', 1011, 1820867, 1);
INSERT INTO interacts VALUES(541479827217, 2, 'CoreJJ', 1052, 1821289, 1);
INSERT INTO interacts VALUES(541479827217, 2, 'CoreJJ', 2043, 1822361, 1);
INSERT INTO interacts VALUES(541479827217, 2, 'Odoamne', 1052, 1832087, 1);
INSERT INTO interacts VALUES(541479827217, 2, 'Crown', 3116, 1832293, 1);
INSERT INTO interacts VALUES(541479827217, 2, 'Vander', 3190, 1836235, 1);
INSERT INTO interacts VALUES(541479827217, 2, 'Crown', 1026, 1839206, 1);
INSERT INTO interacts VALUES(541479827217, 2, 'CuVee', 2140, 1840444, 1);
INSERT INTO interacts VALUES(541479827217, 2, 'Odoamne', 1052, 1844144, 1);
INSERT INTO interacts VALUES(541479827217, 2, 'Odoamne', 1028, 1845538, 1);
INSERT INTO interacts VALUES(541479827217, 2, 'Vander', 2043, 1845606, 1);
INSERT INTO interacts VALUES(541479827217, 2, 'Vander', 2043, 1845736, 1);
INSERT INTO interacts VALUES(541479827217, 2, 'Ambition', 3026, 1853276, 1);
INSERT INTO interacts VALUES(541479827217, 2, 'Ambition', 2043, 1854517, 1);
INSERT INTO interacts VALUES(541479827217, 2, 'Ryu', 1026, 1861906, 1);
INSERT INTO interacts VALUES(541479827217, 2, 'Ryu', 1052, 1862352, 1);
INSERT INTO interacts VALUES(541479827217, 2, 'FORG1VEN', 3031, 1863543, 1);
INSERT INTO interacts VALUES(541479827217, 2, 'Odoamne', 1011, 1941681, 1);
INSERT INTO interacts VALUES(541479827217, 2, 'Jankos', 3026, 1944311, 1);
INSERT INTO interacts VALUES(541479827217, 2, 'Jankos', 2043, 1945973, 1);
INSERT INTO interacts VALUES(541479827217, 2, 'Crown', 1052, 1947986, 1);
INSERT INTO interacts VALUES(541479827217, 2, 'FORG1VEN', 1033, 1952051, 1);
INSERT INTO interacts VALUES(541479827217, 2, 'Ruler', 1037, 1954943, 1);
INSERT INTO interacts VALUES(541479827217, 2, 'Vander', 3114, 1957122, 1);
INSERT INTO interacts VALUES(541479827217, 2, 'Vander', 2043, 1959784, 1);
INSERT INTO interacts VALUES(541479827217, 2, 'CuVee', 1038, 1971385, 1);
INSERT INTO interacts VALUES(541479827217, 2, 'Ambition', 1058, 1993087, 1);
INSERT INTO interacts VALUES(541479827217, 2, 'Ryu', 3135, 1997553, 1);
INSERT INTO interacts VALUES(541479827217, 2, 'Ryu', 2043, 1998692, 1);
INSERT INTO interacts VALUES(541479827217, 2, 'Ryu', 3364, 1999018, 1);
INSERT INTO interacts VALUES(541479827217, 2, 'Jankos', 1036, 2011293, 1);
INSERT INTO interacts VALUES(541479827217, 2, 'FORG1VEN', 3155, 2059824, 1);
INSERT INTO matches VALUES(541479827217, 3, '2016-10-22');
INSERT INTO scores VALUES('SSG', 541479827217, 3, 3, 11, 1, 1, 3, 1);
INSERT INTO scores VALUES('H2K', 541479827217, 3, 0, 1, 0, 0, 0, 0);
INSERT INTO bans VALUES(541479827217, 3, 51, 1);
INSERT INTO bans VALUES(541479827217, 3, 134, 3);
INSERT INTO bans VALUES(541479827217, 3, 64, 5);
INSERT INTO bans VALUES(541479827217, 3, 202, 2);
INSERT INTO bans VALUES(541479827217, 3, 76, 4);
INSERT INTO bans VALUES(541479827217, 3, 22, 6);
INSERT INTO plays VALUES(541479827217, 3, 'CuVee', 78, 'top', 1, 1, 1, 11944, 13, 2, 227, 2, 2, 11293);
INSERT INTO plays VALUES(541479827217, 3, 'Ambition', 2, 'jungle', 2, 0, 1, 8840, 16, 10, 37, 77, 25, 11166);
INSERT INTO plays VALUES(541479827217, 3, 'Crown', 112, 'mid', 3, 0, 1, 22873, 15, 4, 250, 9, 10, 12597);
INSERT INTO plays VALUES(541479827217, 3, 'Ruler', 81, 'adc', 2, 2, 3, 16457, 9, 3, 247, 5, 1, 11767);
INSERT INTO plays VALUES(541479827217, 3, 'CoreJJ', 143, 'support', 1, 2, 4, 9642, 39, 11, 24, 0, 2, 8422);
INSERT INTO plays VALUES(541479827217, 3, 'Odoamne', 48, 'top', 0, 2, 2, 9369, 13, 1, 187, 7, 0, 8586);
INSERT INTO plays VALUES(541479827217, 3, 'Jankos', 60, 'jungle', 2, 3, 1, 8824, 31, 14, 25, 69, 6, 7990);
INSERT INTO plays VALUES(541479827217, 3, 'Ryu', 13, 'mid', 2, 4, 1, 8936, 13, 2, 190, 3, 0, 8518);
INSERT INTO plays VALUES(541479827217, 3, 'FORG1VEN', 15, 'adc', 0, 0, 2, 12755, 10, 2, 255, 10, 0, 9604);
INSERT INTO plays VALUES(541479827217, 3, 'Vander', 43, 'support', 1, 0, 3, 5640, 44, 7, 20, 3, 0, 6129);
INSERT INTO interacts VALUES(541479827217, 3, 'CuVee', 2033, 1489, 1);
INSERT INTO interacts VALUES(541479827217, 3, 'CuVee', 3340, 1651, 1);
INSERT INTO interacts VALUES(541479827217, 3, 'Odoamne', 3340, 1685, 1);
INSERT INTO interacts VALUES(541479827217, 3, 'Vander', 2010, 1781, 1);
INSERT INTO interacts VALUES(541479827217, 3, 'Ryu', 1027, 1878, 1);
INSERT INTO interacts VALUES(541479827217, 3, 'Vander', 2010, 1910, 1);
INSERT INTO interacts VALUES(541479827217, 3, 'Vander', 2010, 2008, 1);
INSERT INTO interacts VALUES(541479827217, 3, 'Jankos', 3340, 2041, 1);
INSERT INTO interacts VALUES(541479827217, 3, 'FORG1VEN', 1055, 2105, 1);
INSERT INTO interacts VALUES(541479827217, 3, 'Vander', 3303, 2203, 1);
INSERT INTO interacts VALUES(541479827217, 3, 'Jankos', 1039, 2339, 1);
INSERT INTO interacts VALUES(541479827217, 3, 'FORG1VEN', 2010, 2461, 1);
INSERT INTO interacts VALUES(541479827217, 3, 'Vander', 3340, 2557, 1);
INSERT INTO interacts VALUES(541479827217, 3, 'FORG1VEN', 3340, 2751, 1);
INSERT INTO interacts VALUES(541479827217, 3, 'Ruler', 1055, 2784, 1);
INSERT INTO interacts VALUES(541479827217, 3, 'Odoamne', 2033, 2817, 1);
INSERT INTO interacts VALUES(541479827217, 3, 'Ruler', 2010, 2979, 1);
INSERT INTO interacts VALUES(541479827217, 3, 'Jankos', 2031, 3374, 1);
INSERT INTO interacts VALUES(541479827217, 3, 'Ryu', 2031, 3374, 1);
INSERT INTO interacts VALUES(541479827217, 3, 'Ruler', 3340, 3496, 1);
INSERT INTO interacts VALUES(541479827217, 3, 'CoreJJ', 3303, 3753, 1);
INSERT INTO interacts VALUES(541479827217, 3, 'Ryu', 3340, 3753, 1);
INSERT INTO interacts VALUES(541479827217, 3, 'CoreJJ', 2010, 4149, 1);
INSERT INTO interacts VALUES(541479827217, 3, 'CoreJJ', 2010, 4302, 1);
INSERT INTO interacts VALUES(541479827217, 3, 'CoreJJ', 2010, 4407, 1);
INSERT INTO interacts VALUES(541479827217, 3, 'Crown', 1056, 4818, 1);
INSERT INTO interacts VALUES(541479827217, 3, 'CoreJJ', 3340, 5014, 1);
INSERT INTO interacts VALUES(541479827217, 3, 'Crown', 2003, 5184, 1);
INSERT INTO interacts VALUES(541479827217, 3, 'Ambition', 1039, 5241, 1);
INSERT INTO interacts VALUES(541479827217, 3, 'Crown', 2003, 5372, 1);
INSERT INTO interacts VALUES(541479827217, 3, 'Crown', 3340, 5629, 1);
INSERT INTO interacts VALUES(541479827217, 3, 'Ambition', 2031, 6670, 1);
INSERT INTO interacts VALUES(541479827217, 3, 'Ryu', 3070, 241429, 1);
INSERT INTO interacts VALUES(541479827217, 3, 'Ryu', 2043, 242496, 1);
INSERT INTO interacts VALUES(541479827217, 3, 'Crown', 1056, 243892, 1);
INSERT INTO interacts VALUES(541479827217, 3, 'Crown', 2043, 245357, 1);
INSERT INTO interacts VALUES(541479827217, 3, 'Crown', 2031, 245715, 1);
INSERT INTO interacts VALUES(541479827217, 3, 'Odoamne', 1083, 258035, 1);
INSERT INTO interacts VALUES(541479827217, 3, 'Odoamne', 2043, 267121, 1);
INSERT INTO interacts VALUES(541479827217, 3, 'CuVee', 1028, 268192, 1);
INSERT INTO interacts VALUES(541479827217, 3, 'CuVee', 1029, 268483, 1);
INSERT INTO interacts VALUES(541479827217, 3, 'CuVee', 2043, 269492, 1);
INSERT INTO interacts VALUES(541479827217, 3, 'Vander', 1028, 291318, 1);
INSERT INTO interacts VALUES(541479827217, 3, 'Vander', 2010, 293714, 1);
INSERT INTO interacts VALUES(541479827217, 3, 'Vander', 2010, 293844, 1);
INSERT INTO interacts VALUES(541479827217, 3, 'Vander', 2043, 294201, 1);
INSERT INTO interacts VALUES(541479827217, 3, 'CoreJJ', 1028, 303311, 1);
INSERT INTO interacts VALUES(541479827217, 3, 'CoreJJ', 2010, 303768, 1);
INSERT INTO interacts VALUES(541479827217, 3, 'CoreJJ', 2010, 303897, 1);
INSERT INTO interacts VALUES(541479827217, 3, 'CoreJJ', 2043, 304133, 1);
INSERT INTO interacts VALUES(541479827217, 3, 'Ambition', 3158, 305066, 1);
INSERT INTO interacts VALUES(541479827217, 3, 'Ambition', 2032, 306399, 1);
INSERT INTO interacts VALUES(541479827217, 3, 'Ruler', 3057, 310623, 1);
INSERT INTO interacts VALUES(541479827217, 3, 'Ambition', 1041, 310715, 1);
INSERT INTO interacts VALUES(541479827217, 3, 'Ruler', 2010, 312182, 1);
INSERT INTO interacts VALUES(541479827217, 3, 'Ruler', 2010, 312302, 1);
INSERT INTO interacts VALUES(541479827217, 3, 'CoreJJ', 2043, 372302, 1);
INSERT INTO interacts VALUES(541479827217, 3, 'CoreJJ', 2043, 372432, 1);
INSERT INTO interacts VALUES(541479827217, 3, 'CoreJJ', 2010, 372661, 1);
INSERT INTO interacts VALUES(541479827217, 3, 'Jankos', 3009, 387123, 1);
INSERT INTO interacts VALUES(541479827217, 3, 'Jankos', 3711, 390087, 1);
INSERT INTO interacts VALUES(541479827217, 3, 'Jankos', 2043, 390480, 1);
INSERT INTO interacts VALUES(541479827217, 3, 'Jankos', 3341, 390685, 1);
INSERT INTO interacts VALUES(541479827217, 3, 'Ruler', 1027, 393658, 1);
INSERT INTO interacts VALUES(541479827217, 3, 'Ruler', 1036, 398531, 1);
INSERT INTO interacts VALUES(541479827217, 3, 'FORG1VEN', 1038, 405091, 1);
INSERT INTO interacts VALUES(541479827217, 3, 'FORG1VEN', 1001, 406787, 1);
INSERT INTO interacts VALUES(541479827217, 3, 'FORG1VEN', 2010, 407101, 1);
INSERT INTO interacts VALUES(541479827217, 3, 'Vander', 2049, 411205, 1);
INSERT INTO interacts VALUES(541479827217, 3, 'Vander', 1001, 413303, 1);
INSERT INTO interacts VALUES(541479827217, 3, 'Vander', 2043, 415024, 1);
INSERT INTO interacts VALUES(541479827217, 3, 'Vander', 3341, 415736, 1);
INSERT INTO interacts VALUES(541479827217, 3, 'Ryu', 1001, 431375, 1);
INSERT INTO interacts VALUES(541479827217, 3, 'Ryu', 1027, 432251, 1);
INSERT INTO interacts VALUES(541479827217, 3, 'Ryu', 2043, 433791, 1);
INSERT INTO interacts VALUES(541479827217, 3, 'CuVee', 3751, 439094, 1);
INSERT INTO interacts VALUES(541479827217, 3, 'CuVee', 1001, 441113, 1);
INSERT INTO interacts VALUES(541479827217, 3, 'Odoamne', 1036, 486830, 1);
INSERT INTO interacts VALUES(541479827217, 3, 'Odoamne', 1036, 486958, 1);
INSERT INTO interacts VALUES(541479827217, 3, 'Odoamne', 1001, 488582, 1);
INSERT INTO interacts VALUES(541479827217, 3, 'Odoamne', 2043, 489589, 1);
INSERT INTO interacts VALUES(541479827217, 3, 'Ambition', 3751, 533949, 1);
INSERT INTO interacts VALUES(541479827217, 3, 'Ambition', 2043, 534597, 1);
INSERT INTO interacts VALUES(541479827217, 3, 'Ryu', 3010, 570448, 1);
INSERT INTO interacts VALUES(541479827217, 3, 'Crown', 3196, 596126, 1);
INSERT INTO interacts VALUES(541479827217, 3, 'Crown', 3197, 596584, 1);
INSERT INTO interacts VALUES(541479827217, 3, 'Crown', 2043, 597750, 1);
INSERT INTO interacts VALUES(541479827217, 3, 'Odoamne', 3077, 641882, 1);
INSERT INTO interacts VALUES(541479827217, 3, 'Odoamne', 1036, 642618, 1);
INSERT INTO interacts VALUES(541479827217, 3, 'Jankos', 3113, 650993, 1);
INSERT INTO interacts VALUES(541479827217, 3, 'Jankos', 2043, 651317, 1);
INSERT INTO interacts VALUES(541479827217, 3, 'CuVee', 3047, 656971, 1);
INSERT INTO interacts VALUES(541479827217, 3, 'CuVee', 1031, 658080, 1);
INSERT INTO interacts VALUES(541479827217, 3, 'Ambition', 1409, 659573, 1);
INSERT INTO interacts VALUES(541479827217, 3, 'Ambition', 1028, 660877, 1);
INSERT INTO interacts VALUES(541479827217, 3, 'Ambition', 1029, 661559, 1);
INSERT INTO interacts VALUES(541479827217, 3, 'FORG1VEN', 3006, 667565, 1);
INSERT INTO interacts VALUES(541479827217, 3, 'FORG1VEN', 1036, 668702, 1);
INSERT INTO interacts VALUES(541479827217, 3, 'FORG1VEN', 1036, 668963, 1);
INSERT INTO interacts VALUES(541479827217, 3, 'Vander', 3117, 672767, 1);
INSERT INTO interacts VALUES(541479827217, 3, 'Vander', 2043, 673801, 1);
INSERT INTO interacts VALUES(541479827217, 3, 'Vander', 2010, 679129, 1);
INSERT INTO interacts VALUES(541479827217, 3, 'Ruler', 3070, 697615, 1);
INSERT INTO interacts VALUES(541479827217, 3, 'Ruler', 3004, 702040, 1);
INSERT INTO interacts VALUES(541479827217, 3, 'Ruler', 2010, 702722, 1);
INSERT INTO interacts VALUES(541479827217, 3, 'Ruler', 2010, 702821, 1);
INSERT INTO interacts VALUES(541479827217, 3, 'Ruler', 2043, 703477, 1);
INSERT INTO interacts VALUES(541479827217, 3, 'CoreJJ', 2301, 708601, 1);
INSERT INTO interacts VALUES(541479827217, 3, 'CoreJJ', 2043, 709512, 1);
INSERT INTO interacts VALUES(541479827217, 3, 'CoreJJ', 2010, 709738, 1);
INSERT INTO interacts VALUES(541479827217, 3, 'CoreJJ', 3341, 710098, 1);
INSERT INTO interacts VALUES(541479827217, 3, 'Crown', 3158, 746542, 1);
INSERT INTO interacts VALUES(541479827217, 3, 'Jankos', 1410, 756089, 1);
INSERT INTO interacts VALUES(541479827217, 3, 'Vander', 2010, 761225, 1);
INSERT INTO interacts VALUES(541479827217, 3, 'Vander', 2043, 761454, 1);
INSERT INTO interacts VALUES(541479827217, 3, 'FORG1VEN', 3133, 780009, 1);
INSERT INTO interacts VALUES(541479827217, 3, 'FORG1VEN', 1042, 781518, 1);
INSERT INTO interacts VALUES(541479827217, 3, 'FORG1VEN', 1042, 781776, 1);
INSERT INTO interacts VALUES(541479827217, 3, 'Odoamne', 3052, 823849, 1);
INSERT INTO interacts VALUES(541479827217, 3, 'Odoamne', 1028, 824598, 1);
INSERT INTO interacts VALUES(541479827217, 3, 'CoreJJ', 1001, 825834, 1);
INSERT INTO interacts VALUES(541479827217, 3, 'CoreJJ', 2010, 826616, 1);
INSERT INTO interacts VALUES(541479827217, 3, 'CoreJJ', 2043, 826811, 1);
INSERT INTO interacts VALUES(541479827217, 3, 'Ruler', 3044, 844377, 1);
INSERT INTO interacts VALUES(541479827217, 3, 'Ruler', 3363, 845107, 1);
INSERT INTO interacts VALUES(541479827217, 3, 'Ruler', 1001, 845622, 1);
INSERT INTO interacts VALUES(541479827217, 3, 'Jankos', 1028, 874096, 1);
INSERT INTO interacts VALUES(541479827217, 3, 'Jankos', 2043, 874454, 1);
INSERT INTO interacts VALUES(541479827217, 3, 'Jankos', 3364, 874909, 1);
INSERT INTO interacts VALUES(541479827217, 3, 'CuVee', 3068, 879034, 1);
INSERT INTO interacts VALUES(541479827217, 3, 'Ryu', 3027, 879492, 1);
INSERT INTO interacts VALUES(541479827217, 3, 'Ryu', 2043, 880596, 1);
INSERT INTO interacts VALUES(541479827217, 3, 'CuVee', 1033, 880948, 1);
INSERT INTO interacts VALUES(541479827217, 3, 'CuVee', 2043, 882247, 1);
INSERT INTO interacts VALUES(541479827217, 3, 'Vander', 1028, 883258, 1);
INSERT INTO interacts VALUES(541479827217, 3, 'Vander', 2043, 884141, 1);
INSERT INTO interacts VALUES(541479827217, 3, 'Vander', 2043, 884273, 1);
INSERT INTO interacts VALUES(541479827217, 3, 'Crown', 1058, 905711, 1);
INSERT INTO interacts VALUES(541479827217, 3, 'Crown', 2031, 906511, 0);
INSERT INTO interacts VALUES(541479827217, 3, 'Crown', 2043, 907681, 1);
INSERT INTO interacts VALUES(541479827217, 3, 'Crown', 3363, 908230, 1);
INSERT INTO interacts VALUES(541479827217, 3, 'Ambition', 1011, 910706, 1);
INSERT INTO interacts VALUES(541479827217, 3, 'Ambition', 1031, 911948, 1);
INSERT INTO interacts VALUES(541479827217, 3, 'CoreJJ', 3117, 912325, 1);
INSERT INTO interacts VALUES(541479827217, 3, 'Ambition', 1033, 913009, 1);
INSERT INTO interacts VALUES(541479827217, 3, 'Ambition', 3364, 914998, 1);
INSERT INTO interacts VALUES(541479827217, 3, 'Odoamne', 3748, 965579, 1);
INSERT INTO interacts VALUES(541479827217, 3, 'Vander', 2045, 975099, 1);
INSERT INTO interacts VALUES(541479827217, 3, 'FORG1VEN', 3508, 992369, 1);
INSERT INTO interacts VALUES(541479827217, 3, 'FORG1VEN', 3363, 994740, 1);
INSERT INTO interacts VALUES(541479827217, 3, 'Ryu', 3158, 998215, 1);
INSERT INTO interacts VALUES(541479827217, 3, 'Jankos', 3067, 1001987, 1);
INSERT INTO interacts VALUES(541479827217, 3, 'Jankos', 1052, 1002507, 1);
INSERT INTO interacts VALUES(541479827217, 3, 'Jankos', 2043, 1002901, 1);
INSERT INTO interacts VALUES(541479827217, 3, 'CuVee', 3211, 1025792, 1);
INSERT INTO interacts VALUES(541479827217, 3, 'CuVee', 2043, 1027323, 1);
INSERT INTO interacts VALUES(541479827217, 3, 'Ryu', 1052, 1038701, 1);
INSERT INTO interacts VALUES(541479827217, 3, 'CoreJJ', 1028, 1060655, 1);
INSERT INTO interacts VALUES(541479827217, 3, 'CoreJJ', 2043, 1061344, 1);
INSERT INTO interacts VALUES(541479827217, 3, 'CoreJJ', 2043, 1061472, 1);
INSERT INTO interacts VALUES(541479827217, 3, 'Odoamne', 3024, 1067549, 1);
INSERT INTO interacts VALUES(541479827217, 3, 'Odoamne', 2043, 1069694, 1);
INSERT INTO interacts VALUES(541479827217, 3, 'Ruler', 3078, 1076774, 1);
INSERT INTO interacts VALUES(541479827217, 3, 'Ruler', 2043, 1077635, 1);
INSERT INTO interacts VALUES(541479827217, 3, 'Vander', 2010, 1079857, 1);
INSERT INTO interacts VALUES(541479827217, 3, 'Vander', 2043, 1080204, 1);
INSERT INTO interacts VALUES(541479827217, 3, 'FORG1VEN', 1051, 1080324, 1);
INSERT INTO interacts VALUES(541479827217, 3, 'Jankos', 2043, 1112700, 1);
INSERT INTO interacts VALUES(541479827217, 3, 'Ambition', 3742, 1146878, 1);
INSERT INTO interacts VALUES(541479827217, 3, 'Ambition', 2043, 1147438, 1);
INSERT INTO interacts VALUES(541479827217, 3, 'Ryu', 3802, 1152351, 1);
INSERT INTO interacts VALUES(541479827217, 3, 'CoreJJ', 1052, 1161224, 1);
INSERT INTO interacts VALUES(541479827217, 3, 'CoreJJ', 2010, 1162225, 1);
INSERT INTO interacts VALUES(541479827217, 3, 'Crown', 3116, 1167716, 1);
INSERT INTO interacts VALUES(541479827217, 3, 'Crown', 2043, 1170011, 1);
INSERT INTO interacts VALUES(541479827217, 3, 'Crown', 2043, 1170119, 1);
INSERT INTO interacts VALUES(541479827217, 3, 'Ruler', 3158, 1191026, 1);
INSERT INTO interacts VALUES(541479827217, 3, 'Ruler', 2043, 1191446, 1);
INSERT INTO interacts VALUES(541479827217, 3, 'Ruler', 2010, 1193041, 1);
INSERT INTO interacts VALUES(541479827217, 3, 'FORG1VEN', 3086, 1196790, 1);
INSERT INTO interacts VALUES(541479827217, 3, 'CuVee', 3057, 1197587, 1);
INSERT INTO interacts VALUES(541479827217, 3, 'FORG1VEN', 1042, 1197717, 1);
INSERT INTO interacts VALUES(541479827217, 3, 'Vander', 3067, 1210700, 1);
INSERT INTO interacts VALUES(541479827217, 3, 'Vander', 3364, 1211742, 1);
INSERT INTO interacts VALUES(541479827217, 3, 'Vander', 2043, 1219329, 1);
INSERT INTO interacts VALUES(541479827217, 3, 'Jankos', 3145, 1284324, 1);
INSERT INTO interacts VALUES(541479827217, 3, 'Jankos', 2043, 1284769, 1);
INSERT INTO interacts VALUES(541479827217, 3, 'Jankos', 2043, 1284846, 1);
INSERT INTO interacts VALUES(541479827217, 3, 'Vander', 2010, 1287831, 1);
INSERT INTO interacts VALUES(541479827217, 3, 'Vander', 2043, 1288092, 1);
INSERT INTO interacts VALUES(541479827217, 3, 'Vander', 2043, 1288221, 1);
INSERT INTO interacts VALUES(541479827217, 3, 'CoreJJ', 3136, 1305868, 1);
INSERT INTO interacts VALUES(541479827217, 3, 'Ryu', 3108, 1306257, 1);
INSERT INTO interacts VALUES(541479827217, 3, 'Crown', 3198, 1306782, 1);
INSERT INTO interacts VALUES(541479827217, 3, 'CoreJJ', 3364, 1306813, 1);
INSERT INTO interacts VALUES(541479827217, 3, 'CoreJJ', 2043, 1307077, 1);
INSERT INTO interacts VALUES(541479827217, 3, 'CoreJJ', 2043, 1307169, 1);
INSERT INTO interacts VALUES(541479827217, 3, 'CoreJJ', 2010, 1307329, 1);
INSERT INTO interacts VALUES(541479827217, 3, 'Crown', 1052, 1308207, 1);
INSERT INTO interacts VALUES(541479827217, 3, 'Ambition', 3211, 1308371, 1);
INSERT INTO interacts VALUES(541479827217, 3, 'Ambition', 2043, 1309094, 1);
INSERT INTO interacts VALUES(541479827217, 3, 'Ruler', 1043, 1316345, 1);
INSERT INTO interacts VALUES(541479827217, 3, 'Ruler', 2043, 1317252, 1);
INSERT INTO interacts VALUES(541479827217, 3, 'Odoamne', 3057, 1333159, 1);
INSERT INTO interacts VALUES(541479827217, 3, 'Jankos', 3152, 1389865, 1);
INSERT INTO interacts VALUES(541479827217, 3, 'Odoamne', 3025, 1401597, 1);
INSERT INTO interacts VALUES(541479827217, 3, 'Vander', 2010, 1408876, 0);
INSERT INTO interacts VALUES(541479827217, 3, 'Vander', 1033, 1410205, 1);
INSERT INTO interacts VALUES(541479827217, 3, 'FORG1VEN', 3046, 1412564, 1);
INSERT INTO interacts VALUES(541479827217, 3, 'FORG1VEN', 1036, 1414872, 1);
INSERT INTO interacts VALUES(541479827217, 3, 'Jankos', 1029, 1454289, 1);
INSERT INTO interacts VALUES(541479827217, 3, 'Ruler', 2043, 1455075, 0);
INSERT INTO interacts VALUES(541479827217, 3, 'Ruler', 3144, 1455921, 1);
INSERT INTO interacts VALUES(541479827217, 3, 'CoreJJ', 3151, 1465352, 1);
INSERT INTO interacts VALUES(541479827217, 3, 'Vander', 2043, 1466296, 1);
INSERT INTO interacts VALUES(541479827217, 3, 'CuVee', 3078, 1467306, 1);
INSERT INTO interacts VALUES(541479827217, 3, 'CuVee', 2043, 1469153, 1);
INSERT INTO interacts VALUES(541479827217, 3, 'Ambition', 3065, 1470744, 1);
INSERT INTO interacts VALUES(541479827217, 3, 'Crown', 3165, 1476648, 1);
INSERT INTO interacts VALUES(541479827217, 3, 'Odoamne', 1033, 1491641, 1);
INSERT INTO interacts VALUES(541479827217, 3, 'Ryu', 3165, 1498747, 1);
INSERT INTO interacts VALUES(541479827217, 3, 'Ryu', 2043, 1499917, 1);
INSERT INTO interacts VALUES(541479827217, 3, 'Jankos', 2043, 1509826, 1);
INSERT INTO interacts VALUES(541479827217, 3, 'FORG1VEN', 1037, 1517083, 1);
INSERT INTO interacts VALUES(541479827217, 3, 'CoreJJ', 1028, 1588178, 1);
INSERT INTO interacts VALUES(541479827217, 3, 'Jankos', 2031, 1588345, 0);
INSERT INTO interacts VALUES(541479827217, 3, 'Jankos', 3191, 1589779, 1);
INSERT INTO interacts VALUES(541479827217, 3, 'CoreJJ', 1052, 1592155, 1);
INSERT INTO series VALUES(566526236788, '5');
INSERT INTO organizes VALUES('world_championship_2016', 566526236788, 'elimination - R3M1');
INSERT INTO competes VALUES(566526236788, 'SSG', 1);
INSERT INTO competes VALUES(566526236788, 'SKT', 0);
INSERT INTO matches VALUES(566526236788, 1, '2016-10-29');
INSERT INTO scores VALUES('SSG', 566526236788, 1, 0, 5, 0, 1, 2, 0);
INSERT INTO scores VALUES('SKT', 566526236788, 1, 3, 10, 0, 2, 4, 1);
INSERT INTO bans VALUES(566526236788, 1, 22, 1);
INSERT INTO bans VALUES(566526236788, 1, 134, 3);
INSERT INTO bans VALUES(566526236788, 1, 69, 5);
INSERT INTO bans VALUES(566526236788, 1, 76, 2);
INSERT INTO bans VALUES(566526236788, 1, 21, 4);
INSERT INTO bans VALUES(566526236788, 1, 13, 6);
INSERT INTO plays VALUES(566526236788, 1, 'CuVee', 78, 'top', 0, 0, 8, 30337, 29, 2, 425, 4, 0, 18454);
INSERT INTO plays VALUES(566526236788, 1, 'Ambition', 64, 'jungle', 1, 3, 7, 11929, 81, 19, 72, 125, 15, 17829);
INSERT INTO plays VALUES(566526236788, 1, 'Crown', 112, 'mid', 5, 2, 1, 37886, 30, 14, 526, 32, 0, 23131);
INSERT INTO plays VALUES(566526236788, 1, 'Ruler', 51, 'adc', 5, 2, 3, 38294, 18, 17, 517, 16, 1, 22723);
INSERT INTO plays VALUES(566526236788, 1, 'CoreJJ', 143, 'support', 1, 2, 6, 30383, 84, 28, 54, 4, 0, 15289);
INSERT INTO plays VALUES(566526236788, 1, 'Duke', 48, 'top', 1, 3, 2, 24735, 29, 10, 518, 1, 5, 22195);
INSERT INTO plays VALUES(566526236788, 1, 'Bengi', 2, 'jungle', 3, 1, 3, 19378, 35, 46, 135, 95, 45, 20120);
INSERT INTO plays VALUES(566526236788, 1, 'Faker', 61, 'mid', 3, 4, 2, 38091, 29, 11, 501, 34, 30, 24806);
INSERT INTO plays VALUES(566526236788, 1, 'Bang', 202, 'adc', 2, 2, 1, 37019, 25, 7, 486, 23, 12, 22827);
INSERT INTO plays VALUES(566526236788, 1, 'Wolf', 43, 'support', 0, 2, 4, 8017, 71, 40, 54, 0, 1, 14761);
INSERT INTO interacts VALUES(566526236788, 1, 'Duke', 2033, 1583, 1);
INSERT INTO interacts VALUES(566526236788, 1, 'Duke', 3340, 1801, 1);
INSERT INTO interacts VALUES(566526236788, 1, 'Crown', 1056, 2155, 1);
INSERT INTO interacts VALUES(566526236788, 1, 'CoreJJ', 3303, 2317, 1);
INSERT INTO interacts VALUES(566526236788, 1, 'Crown', 2003, 2382, 1);
INSERT INTO interacts VALUES(566526236788, 1, 'Crown', 2003, 2513, 1);
INSERT INTO interacts VALUES(566526236788, 1, 'CuVee', 2033, 2705, 1);
INSERT INTO interacts VALUES(566526236788, 1, 'CoreJJ', 2010, 2740, 1);
INSERT INTO interacts VALUES(566526236788, 1, 'Crown', 3340, 2740, 1);
INSERT INTO interacts VALUES(566526236788, 1, 'Ruler', 1055, 2740, 1);
INSERT INTO interacts VALUES(566526236788, 1, 'Bang', 1055, 2740, 1);
INSERT INTO interacts VALUES(566526236788, 1, 'CuVee', 3340, 2878, 1);
INSERT INTO interacts VALUES(566526236788, 1, 'Ruler', 3340, 2935, 1);
INSERT INTO interacts VALUES(566526236788, 1, 'CoreJJ', 2010, 2999, 1);
INSERT INTO interacts VALUES(566526236788, 1, 'Bengi', 1039, 2999, 1);
INSERT INTO interacts VALUES(566526236788, 1, 'Bang', 2010, 2999, 1);
INSERT INTO interacts VALUES(566526236788, 1, 'Ambition', 1041, 3135, 1);
INSERT INTO interacts VALUES(566526236788, 1, 'Ruler', 2003, 3233, 1);
INSERT INTO interacts VALUES(566526236788, 1, 'Bang', 3340, 3233, 1);
INSERT INTO interacts VALUES(566526236788, 1, 'Bengi', 3340, 3296, 1);
INSERT INTO interacts VALUES(566526236788, 1, 'Ambition', 2031, 3716, 1);
INSERT INTO interacts VALUES(566526236788, 1, 'Bengi', 2031, 4526, 1);
INSERT INTO interacts VALUES(566526236788, 1, 'Wolf', 3303, 5820, 1);
INSERT INTO interacts VALUES(566526236788, 1, 'Wolf', 2010, 6049, 1);
INSERT INTO interacts VALUES(566526236788, 1, 'Wolf', 2010, 6210, 1);
INSERT INTO interacts VALUES(566526236788, 1, 'Wolf', 2010, 6374, 1);
INSERT INTO interacts VALUES(566526236788, 1, 'Faker', 1056, 6437, 1);
INSERT INTO interacts VALUES(566526236788, 1, 'Wolf', 3340, 6567, 1);
INSERT INTO interacts VALUES(566526236788, 1, 'Faker', 2003, 6892, 1);
INSERT INTO interacts VALUES(566526236788, 1, 'Faker', 2003, 6988, 1);
INSERT INTO interacts VALUES(566526236788, 1, 'Faker', 3340, 7184, 1);
INSERT INTO interacts VALUES(566526236788, 1, 'CoreJJ', 2043, 56205, 1);
INSERT INTO interacts VALUES(566526236788, 1, 'Faker', 1056, 244927, 1);
INSERT INTO interacts VALUES(566526236788, 1, 'Faker', 1001, 245743, 1);
INSERT INTO interacts VALUES(566526236788, 1, 'Faker', 2043, 246327, 1);
INSERT INTO interacts VALUES(566526236788, 1, 'Bang', 1036, 251939, 1);
INSERT INTO interacts VALUES(566526236788, 1, 'Bang', 1036, 252102, 1);
INSERT INTO interacts VALUES(566526236788, 1, 'Bang', 2010, 253406, 1);
INSERT INTO interacts VALUES(566526236788, 1, 'Ruler', 1037, 283061, 1);
INSERT INTO interacts VALUES(566526236788, 1, 'Ruler', 2043, 283839, 1);
INSERT INTO interacts VALUES(566526236788, 1, 'CoreJJ', 1028, 284524, 1);
INSERT INTO interacts VALUES(566526236788, 1, 'CoreJJ', 2010, 285208, 1);
INSERT INTO interacts VALUES(566526236788, 1, 'CoreJJ', 2043, 285399, 1);
INSERT INTO interacts VALUES(566526236788, 1, 'Ruler', 2003, 290273, 1);
INSERT INTO interacts VALUES(566526236788, 1, 'Wolf', 2043, 292809, 1);
INSERT INTO interacts VALUES(566526236788, 1, 'Wolf', 3098, 296049, 1);
INSERT INTO interacts VALUES(566526236788, 1, 'Ambition', 3711, 313755, 1);
INSERT INTO interacts VALUES(566526236788, 1, 'Ambition', 1036, 315709, 1);
INSERT INTO interacts VALUES(566526236788, 1, 'Ambition', 2043, 316166, 1);
INSERT INTO interacts VALUES(566526236788, 1, 'Bengi', 3158, 377789, 1);
INSERT INTO interacts VALUES(566526236788, 1, 'Bengi', 3711, 379506, 1);
INSERT INTO interacts VALUES(566526236788, 1, 'Bengi', 2043, 379933, 1);
INSERT INTO interacts VALUES(566526236788, 1, 'Bengi', 2043, 384468, 1);
INSERT INTO interacts VALUES(566526236788, 1, 'Crown', 3196, 384534, 1);
INSERT INTO interacts VALUES(566526236788, 1, 'Crown', 2031, 386484, 1);
INSERT INTO interacts VALUES(566526236788, 1, 'Crown', 2043, 386807, 1);
INSERT INTO interacts VALUES(566526236788, 1, 'Duke', 3077, 417446, 1);
INSERT INTO interacts VALUES(566526236788, 1, 'Faker', 3802, 418269, 1);
INSERT INTO interacts VALUES(566526236788, 1, 'Faker', 2043, 419457, 1);
INSERT INTO interacts VALUES(566526236788, 1, 'Duke', 1001, 420261, 1);
INSERT INTO interacts VALUES(566526236788, 1, 'Ambition', 1027, 430382, 1);
INSERT INTO interacts VALUES(566526236788, 1, 'Ambition', 1036, 431848, 1);
INSERT INTO interacts VALUES(566526236788, 1, 'Ambition', 2043, 432425, 1);
INSERT INTO interacts VALUES(566526236788, 1, 'CuVee', 3751, 435404, 1);
INSERT INTO interacts VALUES(566526236788, 1, 'CuVee', 1001, 436343, 1);
INSERT INTO interacts VALUES(566526236788, 1, 'CuVee', 1029, 436603, 1);
INSERT INTO interacts VALUES(566526236788, 1, 'CoreJJ', 2049, 481464, 1);
INSERT INTO interacts VALUES(566526236788, 1, 'CoreJJ', 2010, 482309, 1);
INSERT INTO interacts VALUES(566526236788, 1, 'CoreJJ', 2010, 482473, 1);
INSERT INTO interacts VALUES(566526236788, 1, 'CoreJJ', 2043, 482668, 1);
INSERT INTO interacts VALUES(566526236788, 1, 'CoreJJ', 3341, 483189, 1);
INSERT INTO interacts VALUES(566526236788, 1, 'Bang', 3134, 518293, 1);
INSERT INTO interacts VALUES(566526236788, 1, 'Bang', 3133, 518588, 1);
INSERT INTO interacts VALUES(566526236788, 1, 'Bang', 2010, 519850, 1);
INSERT INTO interacts VALUES(566526236788, 1, 'Ruler', 3006, 522319, 1);
INSERT INTO interacts VALUES(566526236788, 1, 'Ruler', 2003, 522742, 1);
INSERT INTO interacts VALUES(566526236788, 1, 'Ambition', 3133, 530749, 1);
INSERT INTO interacts VALUES(566526236788, 1, 'Ruler', 2003, 531194, 1);
INSERT INTO interacts VALUES(566526236788, 1, 'Ambition', 2043, 531194, 1);
INSERT INTO interacts VALUES(566526236788, 1, 'Wolf', 3341, 536938, 1);
INSERT INTO interacts VALUES(566526236788, 1, 'Bengi', 1028, 539903, 1);
INSERT INTO interacts VALUES(566526236788, 1, 'Bengi', 1011, 546030, 1);
INSERT INTO interacts VALUES(566526236788, 1, 'Wolf', 2049, 555187, 1);
INSERT INTO interacts VALUES(566526236788, 1, 'CuVee', 3047, 579878, 1);
INSERT INTO interacts VALUES(566526236788, 1, 'CuVee', 1029, 580078, 1);
INSERT INTO interacts VALUES(566526236788, 1, 'CuVee', 2043, 581402, 1);
INSERT INTO interacts VALUES(566526236788, 1, 'Duke', 1053, 603631, 1);
INSERT INTO interacts VALUES(566526236788, 1, 'Duke', 2043, 605176, 1);
INSERT INTO interacts VALUES(566526236788, 1, 'Faker', 3108, 639419, 1);
INSERT INTO interacts VALUES(566526236788, 1, 'Faker', 1052, 639726, 1);
INSERT INTO interacts VALUES(566526236788, 1, 'Crown', 3197, 660309, 1);
INSERT INTO interacts VALUES(566526236788, 1, 'Crown', 3198, 662081, 1);
INSERT INTO interacts VALUES(566526236788, 1, 'Crown', 1001, 663434, 1);
INSERT INTO interacts VALUES(566526236788, 1, 'Crown', 2043, 664212, 1);
INSERT INTO interacts VALUES(566526236788, 1, 'Wolf', 1001, 679289, 1);
INSERT INTO interacts VALUES(566526236788, 1, 'Wolf', 2043, 680031, 1);
INSERT INTO interacts VALUES(566526236788, 1, 'Wolf', 2031, 680356, 1);
INSERT INTO interacts VALUES(566526236788, 1, 'CoreJJ', 1001, 686382, 1);
INSERT INTO interacts VALUES(566526236788, 1, 'Bang', 3142, 686870, 1);
INSERT INTO interacts VALUES(566526236788, 1, 'Bang', 2010, 687391, 1);
INSERT INTO interacts VALUES(566526236788, 1, 'Ambition', 3158, 688526, 1);
INSERT INTO interacts VALUES(566526236788, 1, 'CoreJJ', 2010, 689241, 1);
INSERT INTO interacts VALUES(566526236788, 1, 'CoreJJ', 2010, 689372, 1);
INSERT INTO interacts VALUES(566526236788, 1, 'CoreJJ', 2043, 689694, 1);
INSERT INTO interacts VALUES(566526236788, 1, 'CoreJJ', 2043, 689793, 1);
INSERT INTO interacts VALUES(566526236788, 1, 'Ambition', 2043, 692648, 1);
INSERT INTO interacts VALUES(566526236788, 1, 'Ruler', 1038, 735085, 1);
INSERT INTO interacts VALUES(566526236788, 1, 'Ruler', 2003, 735604, 1);
INSERT INTO interacts VALUES(566526236788, 1, 'Ruler', 2003, 735689, 1);
INSERT INTO interacts VALUES(566526236788, 1, 'Ambition', 1408, 776668, 1);
INSERT INTO interacts VALUES(566526236788, 1, 'Faker', 3020, 777724, 1);
INSERT INTO interacts VALUES(566526236788, 1, 'Bengi', 3364, 781272, 1);
INSERT INTO interacts VALUES(566526236788, 1, 'Bengi', 1409, 781821, 1);
INSERT INTO interacts VALUES(566526236788, 1, 'Bengi', 2043, 782208, 1);
INSERT INTO interacts VALUES(566526236788, 1, 'Crown', 3158, 871821, 1);
INSERT INTO interacts VALUES(566526236788, 1, 'Ambition', 1028, 872082, 1);
INSERT INTO interacts VALUES(566526236788, 1, 'Crown', 1028, 873850, 1);
INSERT INTO interacts VALUES(566526236788, 1, 'Crown', 2043, 875850, 1);
INSERT INTO interacts VALUES(566526236788, 1, 'CoreJJ', 3098, 886538, 1);
INSERT INTO interacts VALUES(566526236788, 1, 'CoreJJ', 2010, 887637, 1);
INSERT INTO interacts VALUES(566526236788, 1, 'CoreJJ', 2010, 887795, 1);
INSERT INTO interacts VALUES(566526236788, 1, 'CoreJJ', 2043, 892123, 1);
INSERT INTO interacts VALUES(566526236788, 1, 'CuVee', 3068, 910638, 1);
INSERT INTO interacts VALUES(566526236788, 1, 'CuVee', 2043, 911707, 1);
INSERT INTO interacts VALUES(566526236788, 1, 'Duke', 3074, 932048, 1);
INSERT INTO interacts VALUES(566526236788, 1, 'Duke', 3057, 934057, 1);
INSERT INTO interacts VALUES(566526236788, 1, 'Ruler', 1018, 938615, 1);
INSERT INTO interacts VALUES(566526236788, 1, 'Ruler', 3363, 939496, 1);
INSERT INTO interacts VALUES(566526236788, 1, 'Ruler', 2043, 939693, 1);
INSERT INTO interacts VALUES(566526236788, 1, 'Faker', 3165, 945374, 1);
INSERT INTO interacts VALUES(566526236788, 1, 'Faker', 1058, 945700, 1);
INSERT INTO interacts VALUES(566526236788, 1, 'Faker', 1052, 947615, 1);
INSERT INTO interacts VALUES(566526236788, 1, 'Bengi', 1031, 953147, 1);
INSERT INTO interacts VALUES(566526236788, 1, 'Bengi', 1028, 954216, 1);
INSERT INTO interacts VALUES(566526236788, 1, 'Bengi', 2032, 955613, 1);
INSERT INTO interacts VALUES(566526236788, 1, 'Wolf', 3158, 957546, 1);
INSERT INTO interacts VALUES(566526236788, 1, 'Wolf', 2045, 958863, 1);
INSERT INTO interacts VALUES(566526236788, 1, 'Bang', 3009, 961731, 1);
INSERT INTO interacts VALUES(566526236788, 1, 'Bang', 3134, 962157, 1);
INSERT INTO interacts VALUES(566526236788, 1, 'Bang', 2010, 963425, 1);
INSERT INTO interacts VALUES(566526236788, 1, 'Bang', 3363, 964334, 1);
INSERT INTO interacts VALUES(566526236788, 1, 'CoreJJ', 3117, 1000910, 1);
INSERT INTO interacts VALUES(566526236788, 1, 'Ruler', 3031, 1072183, 1);
INSERT INTO interacts VALUES(566526236788, 1, 'Ruler', 2043, 1073155, 1);
INSERT INTO interacts VALUES(566526236788, 1, 'Ruler', 2003, 1073667, 1);
INSERT INTO interacts VALUES(566526236788, 1, 'Crown', 3363, 1083143, 1);
INSERT INTO interacts VALUES(566526236788, 1, 'Crown', 1058, 1083931, 1);
INSERT INTO interacts VALUES(566526236788, 1, 'Crown', 2031, 1085073, 0);
INSERT INTO interacts VALUES(566526236788, 1, 'Ambition', 1011, 1085734, 1);
INSERT INTO interacts VALUES(566526236788, 1, 'Crown', 2043, 1085918, 1);
INSERT INTO interacts VALUES(566526236788, 1, 'Ambition', 1029, 1086599, 1);
INSERT INTO interacts VALUES(566526236788, 1, 'Crown', 2043, 1086781, 1);
INSERT INTO interacts VALUES(566526236788, 1, 'Ambition', 2043, 1087086, 1);
INSERT INTO interacts VALUES(566526236788, 1, 'Wolf', 2043, 1092153, 1);
INSERT INTO interacts VALUES(566526236788, 1, 'Wolf', 2043, 1092316, 1);
INSERT INTO interacts VALUES(566526236788, 1, 'Wolf', 1028, 1093797, 1);
INSERT INTO interacts VALUES(566526236788, 1, 'CoreJJ', 1028, 1119389, 1);
INSERT INTO interacts VALUES(566526236788, 1, 'CuVee', 3211, 1127712, 1);
INSERT INTO interacts VALUES(566526236788, 1, 'CuVee', 2043, 1128914, 1);
INSERT INTO interacts VALUES(566526236788, 1, 'Duke', 3025, 1138697, 1);
INSERT INTO interacts VALUES(566526236788, 1, 'Duke', 2043, 1140207, 1);
INSERT INTO interacts VALUES(566526236788, 1, 'Crown', 1011, 1152369, 1);
INSERT INTO interacts VALUES(566526236788, 1, 'Faker', 3089, 1238968, 1);
INSERT INTO interacts VALUES(566526236788, 1, 'CoreJJ', 2301, 1260581, 1);
INSERT INTO interacts VALUES(566526236788, 1, 'CoreJJ', 2010, 1261474, 1);
INSERT INTO interacts VALUES(566526236788, 1, 'Ruler', 2003, 1261767, 0);
INSERT INTO interacts VALUES(566526236788, 1, 'CoreJJ', 2043, 1263796, 1);
INSERT INTO interacts VALUES(566526236788, 1, 'Ruler', 3086, 1266201, 1);
INSERT INTO interacts VALUES(566526236788, 1, 'Crown', 3116, 1288683, 1);
INSERT INTO interacts VALUES(566526236788, 1, 'CuVee', 1011, 1294436, 1);
INSERT INTO interacts VALUES(566526236788, 1, 'Wolf', 3801, 1301877, 1);
INSERT INTO interacts VALUES(566526236788, 1, 'Wolf', 3364, 1303108, 1);
INSERT INTO interacts VALUES(566526236788, 1, 'Wolf', 2043, 1303319, 1);
INSERT INTO interacts VALUES(566526236788, 1, 'Wolf', 2043, 1303416, 1);
INSERT INTO interacts VALUES(566526236788, 1, 'Duke', 3047, 1314278, 1);
INSERT INTO interacts VALUES(566526236788, 1, 'Duke', 1029, 1314726, 1);
INSERT INTO interacts VALUES(566526236788, 1, 'Bengi', 3742, 1323988, 1);
INSERT INTO interacts VALUES(566526236788, 1, 'Bengi', 1033, 1325348, 1);
INSERT INTO interacts VALUES(566526236788, 1, 'Bang', 3147, 1335856, 1);
INSERT INTO interacts VALUES(566526236788, 1, 'Bang', 2043, 1336812, 1);
INSERT INTO interacts VALUES(566526236788, 1, 'Ambition', 3742, 1356955, 1);
INSERT INTO interacts VALUES(566526236788, 1, 'CoreJJ', 1052, 1379449, 1);
INSERT INTO interacts VALUES(566526236788, 1, 'CoreJJ', 3364, 1381292, 1);
INSERT INTO interacts VALUES(566526236788, 1, 'Faker', 1026, 1383473, 1);
INSERT INTO interacts VALUES(566526236788, 1, 'Wolf', 3105, 1409528, 1);
INSERT INTO interacts VALUES(566526236788, 1, 'Crown', 1026, 1425247, 1);
INSERT INTO interacts VALUES(566526236788, 1, 'Crown', 2043, 1425897, 1);
INSERT INTO interacts VALUES(566526236788, 1, 'Crown', 2043, 1426027, 1);
INSERT INTO interacts VALUES(566526236788, 1, 'CuVee', 1031, 1429453, 1);
INSERT INTO interacts VALUES(566526236788, 1, 'CoreJJ', 2043, 1461224, 1);
INSERT INTO interacts VALUES(566526236788, 1, 'CoreJJ', 2043, 1461397, 1);
INSERT INTO interacts VALUES(566526236788, 1, 'CoreJJ', 2010, 1461652, 1);
INSERT INTO interacts VALUES(566526236788, 1, 'CoreJJ', 2010, 1462758, 1);
INSERT INTO interacts VALUES(566526236788, 1, 'Ambition', 1033, 1484824, 1);
INSERT INTO interacts VALUES(566526236788, 1, 'Ambition', 2043, 1485311, 1);
INSERT INTO interacts VALUES(566526236788, 1, 'Ruler', 3085, 1505415, 1);
INSERT INTO interacts VALUES(566526236788, 1, 'Ruler', 2043, 1506425, 1);
INSERT INTO interacts VALUES(566526236788, 1, 'Ruler', 2003, 1507138, 1);
INSERT INTO interacts VALUES(566526236788, 1, 'Duke', 3211, 1559698, 1);
INSERT INTO interacts VALUES(566526236788, 1, 'Ruler', 2043, 1569839, 1);
INSERT INTO interacts VALUES(566526236788, 1, 'Ruler', 2031, 1571275, 1);
INSERT INTO interacts VALUES(566526236788, 1, 'CuVee', 3742, 1589126, 1);
INSERT INTO interacts VALUES(566526236788, 1, 'CuVee', 2043, 1590135, 1);
INSERT INTO interacts VALUES(566526236788, 1, 'Bang', 3035, 1606703, 1);
INSERT INTO interacts VALUES(566526236788, 1, 'Wolf', 2031, 1615325, 0);
INSERT INTO interacts VALUES(566526236788, 1, 'Wolf', 3067, 1616557, 1);
INSERT INTO interacts VALUES(566526236788, 1, 'Wolf', 2043, 1617855, 1);
INSERT INTO interacts VALUES(566526236788, 1, 'Faker', 3135, 1621875, 1);
INSERT INTO interacts VALUES(566526236788, 1, 'CoreJJ', 3136, 1625709, 1);
INSERT INTO interacts VALUES(566526236788, 1, 'Ambition', 3211, 1634285, 1);
INSERT INTO interacts VALUES(566526236788, 1, 'Ambition', 2043, 1635289, 1);
INSERT INTO interacts VALUES(566526236788, 1, 'Ambition', 2043, 1693996, 1);
INSERT INTO interacts VALUES(566526236788, 1, 'Duke', 3065, 1694904, 1);
INSERT INTO interacts VALUES(566526236788, 1, 'Bengi', 3065, 1734198, 1);
INSERT INTO interacts VALUES(566526236788, 1, 'Bengi', 1028, 1735431, 1);
INSERT INTO interacts VALUES(566526236788, 1, 'Bengi', 2043, 1737222, 1);
INSERT INTO interacts VALUES(566526236788, 1, 'Bengi', 2043, 1737417, 1);
INSERT INTO interacts VALUES(566526236788, 1, 'Wolf', 3190, 1752758, 1);
INSERT INTO interacts VALUES(566526236788, 1, 'Wolf', 2043, 1753535, 1);
INSERT INTO interacts VALUES(566526236788, 1, 'Crown', 3135, 1754542, 1);
INSERT INTO interacts VALUES(566526236788, 1, 'Crown', 2043, 1755320, 1);
INSERT INTO interacts VALUES(566526236788, 1, 'CoreJJ', 1028, 1769091, 1);
INSERT INTO interacts VALUES(566526236788, 1, 'CoreJJ', 2043, 1769806, 1);
INSERT INTO interacts VALUES(566526236788, 1, 'Ruler', 3086, 1774256, 1);
INSERT INTO interacts VALUES(566526236788, 1, 'Ruler', 3035, 1779974, 1);
INSERT INTO interacts VALUES(566526236788, 1, 'Bang', 3036, 1782634, 1);
INSERT INTO interacts VALUES(566526236788, 1, 'Ambition', 1057, 1801095, 1);
INSERT INTO interacts VALUES(566526236788, 1, 'CuVee', 3065, 1847996, 1);
INSERT INTO interacts VALUES(566526236788, 1, 'CuVee', 2043, 1848771, 1);
INSERT INTO interacts VALUES(566526236788, 1, 'Ambition', 2031, 1884395, 0);
INSERT INTO interacts VALUES(566526236788, 1, 'Ambition', 2043, 1885296, 1);
INSERT INTO interacts VALUES(566526236788, 1, 'CoreJJ', 1011, 1948680, 1);
INSERT INTO interacts VALUES(566526236788, 1, 'CoreJJ', 2043, 1949235, 1);
INSERT INTO interacts VALUES(566526236788, 1, 'CoreJJ', 2043, 1949366, 1);
INSERT INTO interacts VALUES(566526236788, 1, 'Wolf', 3028, 1975691, 1);
INSERT INTO interacts VALUES(566526236788, 1, 'Wolf', 2043, 1976412, 1);
INSERT INTO interacts VALUES(566526236788, 1, 'Wolf', 2043, 1976541, 1);
INSERT INTO interacts VALUES(566526236788, 1, 'Ruler', 3036, 1979270, 1);
INSERT INTO interacts VALUES(566526236788, 1, 'Faker', 1056, 1983169, 0);
INSERT INTO interacts VALUES(566526236788, 1, 'Crown', 1058, 1983420, 1);
INSERT INTO interacts VALUES(566526236788, 1, 'Bengi', 2043, 1983634, 0);
INSERT INTO interacts VALUES(566526236788, 1, 'Faker', 3157, 1983811, 1);
INSERT INTO interacts VALUES(566526236788, 1, 'Bang', 2010, 1984235, 0);
INSERT INTO interacts VALUES(566526236788, 1, 'Bengi', 2032, 1984499, 0);
INSERT INTO interacts VALUES(566526236788, 1, 'Bang', 3086, 1985304, 1);
INSERT INTO interacts VALUES(566526236788, 1, 'Bengi', 1011, 1986704, 1);
INSERT INTO interacts VALUES(566526236788, 1, 'Bengi', 3082, 1988141, 1);
INSERT INTO interacts VALUES(566526236788, 1, 'Duke', 3026, 1989374, 1);
INSERT INTO interacts VALUES(566526236788, 1, 'Ambition', 3102, 1998058, 1);
INSERT INTO interacts VALUES(566526236788, 1, 'Ambition', 1029, 1999771, 1);
INSERT INTO interacts VALUES(566526236788, 1, 'Ambition', 2043, 2003951, 1);
INSERT INTO interacts VALUES(566526236788, 1, 'Ambition', 2043, 2004116, 1);
INSERT INTO interacts VALUES(566526236788, 1, 'CuVee', 1031, 2004540, 1);
INSERT INTO interacts VALUES(566526236788, 1, 'CoreJJ', 2043, 2048858, 1);
INSERT INTO interacts VALUES(566526236788, 1, 'Ambition', 1031, 2142404, 1);
INSERT INTO interacts VALUES(566526236788, 1, 'Bang', 3094, 2160533, 1);
INSERT INTO interacts VALUES(566526236788, 1, 'Wolf', 2043, 2160627, 1);
INSERT INTO interacts VALUES(566526236788, 1, 'Bang', 2140, 2162355, 1);
INSERT INTO interacts VALUES(566526236788, 1, 'CoreJJ', 1026, 2162978, 1);
INSERT INTO interacts VALUES(566526236788, 1, 'Crown', 1056, 2165429, 0);
INSERT INTO interacts VALUES(566526236788, 1, 'Crown', 1026, 2166010, 1);
INSERT INTO interacts VALUES(566526236788, 1, 'Ruler', 2031, 2211228, 0);
INSERT INTO interacts VALUES(566526236788, 1, 'Ruler', 3086, 2211812, 1);
INSERT INTO interacts VALUES(566526236788, 1, 'CuVee', 3026, 2220588, 1);
INSERT INTO interacts VALUES(566526236788, 1, 'Wolf', 3222, 2290094, 1);
INSERT INTO interacts VALUES(566526236788, 1, 'CuVee', 2033, 2300954, 0);
INSERT INTO interacts VALUES(566526236788, 1, 'CuVee', 2043, 2301770, 1);
INSERT INTO interacts VALUES(566526236788, 1, 'Bengi', 3143, 2306532, 1);
INSERT INTO interacts VALUES(566526236788, 1, 'Ambition', 1057, 2306645, 1);
INSERT INTO interacts VALUES(566526236788, 1, 'Bengi', 1057, 2308510, 1);
INSERT INTO interacts VALUES(566526236788, 1, 'Faker', 1056, 2309390, 0);
INSERT INTO interacts VALUES(566526236788, 1, 'Ruler', 1055, 2311149, 0);
INSERT INTO interacts VALUES(566526236788, 1, 'CoreJJ', 3151, 2311670, 1);
INSERT INTO interacts VALUES(566526236788, 1, 'Ruler', 3094, 2312451, 1);
INSERT INTO interacts VALUES(566526236788, 1, 'Faker', 3151, 2314236, 1);
INSERT INTO interacts VALUES(566526236788, 1, 'Crown', 3089, 2345091, 1);
INSERT INTO interacts VALUES(566526236788, 1, 'Crown', 2043, 2347138, 1);
INSERT INTO interacts VALUES(566526236788, 1, 'Duke', 2033, 2348767, 0);
INSERT INTO interacts VALUES(566526236788, 1, 'Duke', 3143, 2371129, 1);
INSERT INTO interacts VALUES(566526236788, 1, 'CuVee', 3105, 2401437, 1);
INSERT INTO interacts VALUES(566526236788, 1, 'CoreJJ', 2043, 2402055, 1);
INSERT INTO interacts VALUES(566526236788, 1, 'CoreJJ', 2043, 2402193, 1);
INSERT INTO interacts VALUES(566526236788, 1, 'Faker', 2139, 2419497, 1);
INSERT INTO interacts VALUES(566526236788, 1, 'Ruler', 1038, 2439050, 1);
INSERT INTO interacts VALUES(566526236788, 1, 'Ambition', 3026, 2456401, 1);
INSERT INTO interacts VALUES(566526236788, 1, 'Ambition', 2043, 2457556, 1);
INSERT INTO interacts VALUES(566526236788, 1, 'Crown', 3057, 2468997, 1);
INSERT INTO interacts VALUES(566526236788, 1, 'Bang', 1055, 2469326, 0);
INSERT INTO interacts VALUES(566526236788, 1, 'Wolf', 3098, 2470334, 0);
INSERT INTO interacts VALUES(566526236788, 1, 'Wolf', 3024, 2471602, 1);
INSERT INTO interacts VALUES(566526236788, 1, 'Faker', 2139, 2472228, 1);
INSERT INTO interacts VALUES(566526236788, 1, 'Bang', 1038, 2472423, 1);
INSERT INTO interacts VALUES(566526236788, 1, 'Bang', 2140, 2473140, 1);
INSERT INTO interacts VALUES(566526236788, 1, 'Ambition', 1028, 2534524, 1);
INSERT INTO interacts VALUES(566526236788, 1, 'CoreJJ', 1058, 2545812, 1);
INSERT INTO interacts VALUES(566526236788, 1, 'Faker', 2139, 2547413, 1);
INSERT INTO interacts VALUES(566526236788, 1, 'Crown', 2139, 2587581, 1);
INSERT INTO interacts VALUES(566526236788, 1, 'CuVee', 2138, 2606651, 1);
INSERT INTO interacts VALUES(566526236788, 1, 'Ambition', 3067, 2606714, 1);
INSERT INTO interacts VALUES(566526236788, 1, 'Faker', 2139, 2634383, 1);
INSERT INTO interacts VALUES(566526236788, 1, 'Bengi', 3026, 2651417, 1);
INSERT INTO interacts VALUES(566526236788, 1, 'CoreJJ', 2043, 2653661, 1);
INSERT INTO interacts VALUES(566526236788, 1, 'Wolf', 3050, 2655093, 1);
INSERT INTO interacts VALUES(566526236788, 1, 'Bengi', 2138, 2655873, 1);
INSERT INTO interacts VALUES(566526236788, 1, 'Wolf', 2139, 2657076, 1);
INSERT INTO interacts VALUES(566526236788, 1, 'Duke', 3025, 2658976, 0);
INSERT INTO interacts VALUES(566526236788, 1, 'Duke', 3110, 2660712, 1);
INSERT INTO interacts VALUES(566526236788, 1, 'Duke', 3074, 2664185, 0);
INSERT INTO interacts VALUES(566526236788, 1, 'Duke', 3748, 2665720, 1);
INSERT INTO interacts VALUES(566526236788, 1, 'Bang', 3031, 2676142, 1);
INSERT INTO interacts VALUES(566526236788, 1, 'Bang', 2140, 2676836, 1);
INSERT INTO interacts VALUES(566526236788, 1, 'Duke', 2138, 2693306, 1);
INSERT INTO interacts VALUES(566526236788, 1, 'Crown', 3100, 2693306, 1);
INSERT INTO interacts VALUES(566526236788, 1, 'CoreJJ', 3116, 2713652, 1);
INSERT INTO interacts VALUES(566526236788, 1, 'Ruler', 3072, 2738324, 1);
INSERT INTO interacts VALUES(566526236788, 1, 'CuVee', 3190, 2750296, 1);
INSERT INTO interacts VALUES(566526236788, 1, 'Crown', 2139, 2750363, 1);
INSERT INTO interacts VALUES(566526236788, 1, 'CuVee', 3364, 2751347, 1);
INSERT INTO interacts VALUES(566526236788, 1, 'CoreJJ', 2010, 2759593, 1);
INSERT INTO interacts VALUES(566526236788, 1, 'CoreJJ', 2010, 2759689, 1);
INSERT INTO interacts VALUES(566526236788, 1, 'CoreJJ', 1052, 2810971, 1);
INSERT INTO interacts VALUES(566526236788, 1, 'Bengi', 2138, 2811684, 1);
INSERT INTO interacts VALUES(566526236788, 1, 'Bang', 2140, 2847346, 1);
INSERT INTO interacts VALUES(566526236788, 1, 'Faker', 2139, 2848823, 1);
INSERT INTO interacts VALUES(566526236788, 1, 'Duke', 2138, 2863011, 1);
INSERT INTO interacts VALUES(566526236788, 1, 'CuVee', 2138, 2885830, 1);
INSERT INTO interacts VALUES(566526236788, 1, 'Ruler', 3006, 2890368, 0);
INSERT INTO interacts VALUES(566526236788, 1, 'Ruler', 3046, 2892446, 1);
INSERT INTO interacts VALUES(566526236788, 1, 'Ruler', 2140, 2895681, 1);
INSERT INTO interacts VALUES(566526236788, 1, 'Ambition', 3067, 2908185, 0);
INSERT INTO interacts VALUES(566526236788, 1, 'Faker', 2139, 2922761, 1);
INSERT INTO interacts VALUES(566526236788, 1, 'Wolf', 2043, 2924108, 1);
INSERT INTO interacts VALUES(566526236788, 1, 'Wolf', 2043, 2924238, 1);
INSERT INTO interacts VALUES(566526236788, 1, 'Crown', 2139, 2931037, 1);
INSERT INTO interacts VALUES(566526236788, 1, 'Bang', 3147, 2950251, 0);
INSERT INTO interacts VALUES(566526236788, 1, 'Bang', 3156, 2951479, 1);
INSERT INTO interacts VALUES(566526236788, 1, 'CuVee', 2138, 2988808, 1);
INSERT INTO interacts VALUES(566526236788, 1, 'Ruler', 2140, 2989730, 1);
INSERT INTO interacts VALUES(566526236788, 1, 'Crown', 3158, 2990219, 0);
INSERT INTO interacts VALUES(566526236788, 1, 'Faker', 3363, 2991099, 1);
INSERT INTO interacts VALUES(566526236788, 1, 'Crown', 3285, 2992495, 1);
INSERT INTO interacts VALUES(566526236788, 1, 'CoreJJ', 2043, 2994321, 1);
INSERT INTO interacts VALUES(566526236788, 1, 'Ambition', 3067, 3010484, 0);
INSERT INTO interacts VALUES(566526236788, 1, 'Ambition', 3512, 3014576, 1);
INSERT INTO interacts VALUES(566526236788, 1, 'Ambition', 2138, 3016699, 1);
INSERT INTO interacts VALUES(566526236788, 1, 'Bang', 2140, 3030183, 1);
INSERT INTO interacts VALUES(566526236788, 1, 'Wolf', 2043, 3107649, 1);
INSERT INTO interacts VALUES(566526236788, 1, 'Bengi', 2138, 3107813, 1);
INSERT INTO interacts VALUES(566526236788, 1, 'Wolf', 2043, 3107813, 1);
INSERT INTO interacts VALUES(566526236788, 1, 'Faker', 2139, 3107813, 1);
INSERT INTO interacts VALUES(566526236788, 1, 'CoreJJ', 3135, 3113178, 1);
INSERT INTO interacts VALUES(566526236788, 1, 'Duke', 2138, 3116055, 1);
INSERT INTO interacts VALUES(566526236788, 1, 'Ambition', 3158, 3118852, 0);
INSERT INTO interacts VALUES(566526236788, 1, 'Ruler', 2140, 3119633, 1);
INSERT INTO interacts VALUES(566526236788, 1, 'Ambition', 3111, 3120450, 1);
INSERT INTO interacts VALUES(566526236788, 1, 'Crown', 2139, 3123727, 1);
INSERT INTO interacts VALUES(566526236788, 1, 'Faker', 2139, 3173074, 1);
INSERT INTO interacts VALUES(566526236788, 1, 'Ambition', 3512, 3265185, 0);
INSERT INTO interacts VALUES(566526236788, 1, 'CoreJJ', 2043, 3266757, 1);
INSERT INTO interacts VALUES(566526236788, 1, 'Ambition', 3033, 3267714, 1);
INSERT INTO matches VALUES(566526236788, 2, '2016-10-29');
INSERT INTO scores VALUES('SSG', 566526236788, 2, 1, 9, 1, 1, 2, 1);
INSERT INTO scores VALUES('SKT', 566526236788, 2, 0, 2, 0, 0, 2, 0);
INSERT INTO bans VALUES(566526236788, 2, 126, 1);
INSERT INTO bans VALUES(566526236788, 2, 2, 3);
INSERT INTO bans VALUES(566526236788, 2, 60, 5);
INSERT INTO bans VALUES(566526236788, 2, 134, 2);
INSERT INTO bans VALUES(566526236788, 2, 22, 4);
INSERT INTO bans VALUES(566526236788, 2, 76, 6);
INSERT INTO plays VALUES(566526236788, 2, 'Duke', 150, 'top', 3, 0, 5, 10749, 14, 6, 249, 2, 11, 13055);
INSERT INTO plays VALUES(566526236788, 2, 'Bengi', 64, 'jungle', 5, 1, 4, 10521, 28, 9, 16, 72, 31, 12414);
INSERT INTO plays VALUES(566526236788, 2, 'Faker', 13, 'mid', 6, 0, 5, 13974, 15, 10, 291, 22, 12, 15655);
INSERT INTO plays VALUES(566526236788, 2, 'Bang', 202, 'adc', 6, 1, 5, 18243, 12, 2, 275, 8, 7, 14291);
INSERT INTO plays VALUES(566526236788, 2, 'Wolf', 267, 'support', 0, 1, 14, 5134, 33, 19, 22, 0, 1, 9079);
INSERT INTO plays VALUES(566526236788, 2, 'CuVee', 85, 'top', 0, 6, 2, 9037, 17, 3, 235, 5, 0, 9850);
INSERT INTO plays VALUES(566526236788, 2, 'Ambition', 203, 'jungle', 2, 5, 0, 10785, 17, 8, 22, 84, 17, 9579);
INSERT INTO plays VALUES(566526236788, 2, 'Crown', 69, 'mid', 1, 2, 1, 5695, 19, 6, 268, 2, 0, 10699);
INSERT INTO plays VALUES(566526236788, 2, 'Ruler', 51, 'adc', 0, 2, 2, 10812, 9, 8, 266, 0, 0, 10268);
INSERT INTO plays VALUES(566526236788, 2, 'CoreJJ', 43, 'support', 0, 5, 2, 6296, 45, 10, 21, 0, 0, 6927);
INSERT INTO interacts VALUES(566526236788, 2, 'CuVee', 1055, 1456, 1);
INSERT INTO interacts VALUES(566526236788, 2, 'CuVee', 2003, 1683, 1);
INSERT INTO interacts VALUES(566526236788, 2, 'CuVee', 3340, 1812, 1);
INSERT INTO interacts VALUES(566526236788, 2, 'Bengi', 1041, 1877, 1);
INSERT INTO interacts VALUES(566526236788, 2, 'Crown', 1056, 2072, 1);
INSERT INTO interacts VALUES(566526236788, 2, 'Bengi', 2031, 2137, 1);
INSERT INTO interacts VALUES(566526236788, 2, 'Ruler', 1055, 2202, 1);
INSERT INTO interacts VALUES(566526236788, 2, 'Crown', 2003, 2372, 1);
INSERT INTO interacts VALUES(566526236788, 2, 'Ruler', 2010, 2428, 1);
INSERT INTO interacts VALUES(566526236788, 2, 'Crown', 2003, 2525, 1);
INSERT INTO interacts VALUES(566526236788, 2, 'Faker', 1027, 2687, 1);
INSERT INTO interacts VALUES(566526236788, 2, 'Ambition', 1039, 2718, 1);
INSERT INTO interacts VALUES(566526236788, 2, 'Crown', 3340, 2718, 1);
INSERT INTO interacts VALUES(566526236788, 2, 'Ruler', 3340, 3042, 1);
INSERT INTO interacts VALUES(566526236788, 2, 'CoreJJ', 3303, 3302, 1);
INSERT INTO interacts VALUES(566526236788, 2, 'Faker', 2031, 3406, 1);
INSERT INTO interacts VALUES(566526236788, 2, 'Ambition', 2031, 3624, 1);
INSERT INTO interacts VALUES(566526236788, 2, 'Faker', 3340, 3689, 1);
INSERT INTO interacts VALUES(566526236788, 2, 'Bang', 1055, 3851, 1);
INSERT INTO interacts VALUES(566526236788, 2, 'Bengi', 3340, 3948, 1);
INSERT INTO interacts VALUES(566526236788, 2, 'Bang', 2010, 4208, 1);
INSERT INTO interacts VALUES(566526236788, 2, 'Duke', 1054, 4240, 1);
INSERT INTO interacts VALUES(566526236788, 2, 'Wolf', 3303, 4337, 1);
INSERT INTO interacts VALUES(566526236788, 2, 'Bang', 3340, 4443, 1);
INSERT INTO interacts VALUES(566526236788, 2, 'Wolf', 2010, 4725, 1);
INSERT INTO interacts VALUES(566526236788, 2, 'Wolf', 2010, 4854, 1);
INSERT INTO interacts VALUES(566526236788, 2, 'Duke', 2003, 4887, 1);
INSERT INTO interacts VALUES(566526236788, 2, 'Wolf', 2010, 4985, 1);
INSERT INTO interacts VALUES(566526236788, 2, 'Wolf', 3340, 5220, 1);
INSERT INTO interacts VALUES(566526236788, 2, 'Duke', 3340, 5373, 1);
INSERT INTO interacts VALUES(566526236788, 2, 'CoreJJ', 2010, 7383, 1);
INSERT INTO interacts VALUES(566526236788, 2, 'CoreJJ', 2010, 14055, 1);
INSERT INTO interacts VALUES(566526236788, 2, 'CoreJJ', 2043, 60142, 1);
INSERT INTO interacts VALUES(566526236788, 2, 'Faker', 3070, 238615, 1);
INSERT INTO interacts VALUES(566526236788, 2, 'Faker', 2043, 239265, 1);
INSERT INTO interacts VALUES(566526236788, 2, 'Bengi', 3711, 239911, 1);
INSERT INTO interacts VALUES(566526236788, 2, 'Bengi', 2043, 240770, 1);
INSERT INTO interacts VALUES(566526236788, 2, 'Crown', 3070, 272742, 1);
INSERT INTO interacts VALUES(566526236788, 2, 'Crown', 2043, 273768, 1);
INSERT INTO interacts VALUES(566526236788, 2, 'Crown', 2003, 274060, 1);
INSERT INTO interacts VALUES(566526236788, 2, 'Duke', 1055, 292534, 1);
INSERT INTO interacts VALUES(566526236788, 2, 'Duke', 2031, 293505, 1);
INSERT INTO interacts VALUES(566526236788, 2, 'Ambition', 3715, 308448, 1);
INSERT INTO interacts VALUES(566526236788, 2, 'Ambition', 1042, 309967, 1);
INSERT INTO interacts VALUES(566526236788, 2, 'Ambition', 2032, 311118, 1);
INSERT INTO interacts VALUES(566526236788, 2, 'CuVee', 3145, 319548, 1);
INSERT INTO interacts VALUES(566526236788, 2, 'CuVee', 2043, 321463, 1);
INSERT INTO interacts VALUES(566526236788, 2, 'CuVee', 2003, 323510, 1);
INSERT INTO interacts VALUES(566526236788, 2, 'Faker', 3158, 402531, 1);
INSERT INTO interacts VALUES(566526236788, 2, 'Bengi', 1036, 408307, 1);
INSERT INTO interacts VALUES(566526236788, 2, 'Bengi', 1036, 408376, 1);
INSERT INTO interacts VALUES(566526236788, 2, 'Bengi', 2043, 409540, 1);
INSERT INTO interacts VALUES(566526236788, 2, 'CuVee', 1001, 411887, 1);
INSERT INTO interacts VALUES(566526236788, 2, 'CuVee', 2031, 413060, 1);
INSERT INTO interacts VALUES(566526236788, 2, 'CuVee', 2043, 413254, 1);
INSERT INTO interacts VALUES(566526236788, 2, 'Crown', 1057, 421368, 1);
INSERT INTO interacts VALUES(566526236788, 2, 'Crown', 2043, 422077, 1);
INSERT INTO interacts VALUES(566526236788, 2, 'Crown', 2003, 422863, 1);
INSERT INTO interacts VALUES(566526236788, 2, 'Duke', 1028, 441667, 1);
INSERT INTO interacts VALUES(566526236788, 2, 'Duke', 1033, 443031, 1);
INSERT INTO interacts VALUES(566526236788, 2, 'Bengi', 3133, 557515, 1);
INSERT INTO interacts VALUES(566526236788, 2, 'Bengi', 1001, 570019, 1);
INSERT INTO interacts VALUES(566526236788, 2, 'CoreJJ', 1028, 582547, 1);
INSERT INTO interacts VALUES(566526236788, 2, 'CoreJJ', 2049, 583779, 1);
INSERT INTO interacts VALUES(566526236788, 2, 'CoreJJ', 1001, 584175, 1);
INSERT INTO interacts VALUES(566526236788, 2, 'Ruler', 1038, 584415, 1);
INSERT INTO interacts VALUES(566526236788, 2, 'Ruler', 3086, 584566, 1);
INSERT INTO interacts VALUES(566526236788, 2, 'CoreJJ', 2043, 585250, 1);
INSERT INTO interacts VALUES(566526236788, 2, 'CoreJJ', 2043, 585385, 1);
INSERT INTO interacts VALUES(566526236788, 2, 'Ruler', 2043, 585511, 1);
INSERT INTO interacts VALUES(566526236788, 2, 'CoreJJ', 2010, 585604, 1);
INSERT INTO interacts VALUES(566526236788, 2, 'CoreJJ', 2010, 585718, 1);
INSERT INTO interacts VALUES(566526236788, 2, 'Ruler', 2010, 586096, 1);
INSERT INTO interacts VALUES(566526236788, 2, 'CoreJJ', 3341, 588603, 1);
INSERT INTO interacts VALUES(566526236788, 2, 'CoreJJ', 1004, 591793, 1);
INSERT INTO interacts VALUES(566526236788, 2, 'Faker', 3010, 592832, 1);
INSERT INTO interacts VALUES(566526236788, 2, 'Faker', 2043, 594261, 1);
INSERT INTO interacts VALUES(566526236788, 2, 'Ambition', 1419, 615874, 1);
INSERT INTO interacts VALUES(566526236788, 2, 'Bang', 3134, 616684, 1);
INSERT INTO interacts VALUES(566526236788, 2, 'Ambition', 1001, 616773, 1);
INSERT INTO interacts VALUES(566526236788, 2, 'Bang', 3009, 617327, 1);
INSERT INTO interacts VALUES(566526236788, 2, 'Ambition', 2043, 617591, 1);
INSERT INTO interacts VALUES(566526236788, 2, 'Bang', 1036, 618083, 1);
INSERT INTO interacts VALUES(566526236788, 2, 'Bang', 1036, 618242, 1);
INSERT INTO interacts VALUES(566526236788, 2, 'Bang', 2010, 618829, 1);
INSERT INTO interacts VALUES(566526236788, 2, 'Wolf', 1001, 619216, 1);
INSERT INTO interacts VALUES(566526236788, 2, 'Wolf', 2049, 619607, 1);
INSERT INTO interacts VALUES(566526236788, 2, 'Crown', 3108, 620160, 1);
INSERT INTO interacts VALUES(566526236788, 2, 'Wolf', 3341, 621133, 1);
INSERT INTO interacts VALUES(566526236788, 2, 'Wolf', 2043, 621425, 1);
INSERT INTO interacts VALUES(566526236788, 2, 'Wolf', 2043, 621555, 1);
INSERT INTO interacts VALUES(566526236788, 2, 'Crown', 2043, 621716, 1);
INSERT INTO interacts VALUES(566526236788, 2, 'Wolf', 2031, 621781, 1);
INSERT INTO interacts VALUES(566526236788, 2, 'Ruler', 1001, 644213, 1);
INSERT INTO interacts VALUES(566526236788, 2, 'Ruler', 2010, 644505, 1);
INSERT INTO interacts VALUES(566526236788, 2, 'CuVee', 3020, 649307, 1);
INSERT INTO interacts VALUES(566526236788, 2, 'CuVee', 1028, 650170, 1);
INSERT INTO interacts VALUES(566526236788, 2, 'CuVee', 2043, 669929, 1);
INSERT INTO interacts VALUES(566526236788, 2, 'Duke', 3052, 696151, 1);
INSERT INTO interacts VALUES(566526236788, 2, 'Duke', 1028, 700051, 1);
INSERT INTO interacts VALUES(566526236788, 2, 'Faker', 1026, 725182, 1);
INSERT INTO interacts VALUES(566526236788, 2, 'Faker', 1033, 726220, 1);
INSERT INTO interacts VALUES(566526236788, 2, 'Faker', 3363, 727811, 1);
INSERT INTO interacts VALUES(566526236788, 2, 'Bengi', 1408, 735841, 1);
INSERT INTO interacts VALUES(566526236788, 2, 'Bengi', 1028, 738002, 1);
INSERT INTO interacts VALUES(566526236788, 2, 'Bengi', 2043, 739606, 1);
INSERT INTO interacts VALUES(566526236788, 2, 'Bang', 3133, 767029, 1);
INSERT INTO interacts VALUES(566526236788, 2, 'Bang', 1036, 771319, 1);
INSERT INTO interacts VALUES(566526236788, 2, 'Bang', 1036, 771481, 1);
INSERT INTO interacts VALUES(566526236788, 2, 'Wolf', 3117, 773172, 1);
INSERT INTO interacts VALUES(566526236788, 2, 'Wolf', 2043, 773499, 1);
INSERT INTO interacts VALUES(566526236788, 2, 'Ambition', 3155, 774409, 1);
INSERT INTO interacts VALUES(566526236788, 2, 'Duke', 3111, 774660, 1);
INSERT INTO interacts VALUES(566526236788, 2, 'CuVee', 3067, 784262, 1);
INSERT INTO interacts VALUES(566526236788, 2, 'CuVee', 2043, 784687, 1);
INSERT INTO interacts VALUES(566526236788, 2, 'CoreJJ', 3158, 789444, 1);
INSERT INTO interacts VALUES(566526236788, 2, 'Ambition', 2043, 790334, 1);
INSERT INTO interacts VALUES(566526236788, 2, 'CoreJJ', 2010, 790689, 1);
INSERT INTO interacts VALUES(566526236788, 2, 'CoreJJ', 2043, 790916, 1);
INSERT INTO interacts VALUES(566526236788, 2, 'Crown', 3001, 792860, 1);
INSERT INTO interacts VALUES(566526236788, 2, 'Ruler', 3006, 800506, 1);
INSERT INTO interacts VALUES(566526236788, 2, 'Ruler', 2010, 800927, 1);
INSERT INTO interacts VALUES(566526236788, 2, 'Ruler', 3363, 872164, 1);
INSERT INTO interacts VALUES(566526236788, 2, 'Ruler', 2010, 872814, 1);
INSERT INTO interacts VALUES(566526236788, 2, 'Ambition', 1042, 903419, 1);
INSERT INTO interacts VALUES(566526236788, 2, 'Faker', 3027, 908216, 1);
INSERT INTO interacts VALUES(566526236788, 2, 'Faker', 1052, 910399, 1);
INSERT INTO interacts VALUES(566526236788, 2, 'Faker', 1057, 911339, 1);
INSERT INTO interacts VALUES(566526236788, 2, 'Duke', 3044, 913354, 1);
INSERT INTO interacts VALUES(566526236788, 2, 'CoreJJ', 3098, 916728, 1);
INSERT INTO interacts VALUES(566526236788, 2, 'Bang', 3142, 921656, 1);
INSERT INTO interacts VALUES(566526236788, 2, 'Bang', 3134, 921983, 1);
INSERT INTO interacts VALUES(566526236788, 2, 'CoreJJ', 2043, 923275, 1);
INSERT INTO interacts VALUES(566526236788, 2, 'Bang', 3363, 923467, 1);
INSERT INTO interacts VALUES(566526236788, 2, 'Wolf', 2045, 927784, 1);
INSERT INTO interacts VALUES(566526236788, 2, 'CuVee', 3152, 944096, 1);
INSERT INTO interacts VALUES(566526236788, 2, 'CuVee', 2043, 944962, 1);
INSERT INTO interacts VALUES(566526236788, 2, 'Bengi', 3155, 977639, 1);
INSERT INTO interacts VALUES(566526236788, 2, 'Bengi', 3364, 983950, 1);
INSERT INTO interacts VALUES(566526236788, 2, 'CuVee', 1052, 1062455, 1);
INSERT INTO interacts VALUES(566526236788, 2, 'CuVee', 1029, 1062810, 1);
INSERT INTO interacts VALUES(566526236788, 2, 'Ambition', 3006, 1090003, 1);
INSERT INTO interacts VALUES(566526236788, 2, 'Ambition', 1033, 1091239, 1);
INSERT INTO interacts VALUES(566526236788, 2, 'Ambition', 2043, 1092507, 1);
INSERT INTO interacts VALUES(566526236788, 2, 'CoreJJ', 2301, 1130522, 1);
INSERT INTO interacts VALUES(566526236788, 2, 'CoreJJ', 3364, 1131346, 1);
INSERT INTO interacts VALUES(566526236788, 2, 'CoreJJ', 1004, 1131811, 1);
INSERT INTO interacts VALUES(566526236788, 2, 'CoreJJ', 1004, 1131895, 1);
INSERT INTO interacts VALUES(566526236788, 2, 'CoreJJ', 2043, 1132541, 1);
INSERT INTO interacts VALUES(566526236788, 2, 'CoreJJ', 2010, 1132767, 1);
INSERT INTO interacts VALUES(566526236788, 2, 'CoreJJ', 2010, 1132900, 1);
INSERT INTO interacts VALUES(566526236788, 2, 'Faker', 3001, 1146488, 1);
INSERT INTO interacts VALUES(566526236788, 2, 'Faker', 2043, 1147704, 1);
INSERT INTO interacts VALUES(566526236788, 2, 'Ambition', 2043, 1151888, 0);
INSERT INTO interacts VALUES(566526236788, 2, 'Ambition', 1036, 1152664, 1);
INSERT INTO interacts VALUES(566526236788, 2, 'Wolf', 3801, 1155947, 1);
INSERT INTO interacts VALUES(566526236788, 2, 'Wolf', 2043, 1156871, 1);
INSERT INTO interacts VALUES(566526236788, 2, 'Wolf', 2043, 1156952, 1);
INSERT INTO interacts VALUES(566526236788, 2, 'Wolf', 3364, 1157664, 1);
INSERT INTO interacts VALUES(566526236788, 2, 'Crown', 1058, 1168306, 1);
INSERT INTO interacts VALUES(566526236788, 2, 'Crown', 1011, 1169249, 1);
INSERT INTO interacts VALUES(566526236788, 2, 'Crown', 1052, 1169507, 1);
INSERT INTO interacts VALUES(566526236788, 2, 'Crown', 3363, 1171195, 1);
INSERT INTO interacts VALUES(566526236788, 2, 'Ruler', 3085, 1196691, 1);
INSERT INTO interacts VALUES(566526236788, 2, 'Ruler', 1037, 1197688, 1);
INSERT INTO interacts VALUES(566526236788, 2, 'Ruler', 2010, 1198954, 0);
INSERT INTO interacts VALUES(566526236788, 2, 'Ruler', 1042, 1200584, 1);
INSERT INTO interacts VALUES(566526236788, 2, 'Bang', 1038, 1214410, 1);
INSERT INTO interacts VALUES(566526236788, 2, 'Bang', 1033, 1217007, 1);
INSERT INTO interacts VALUES(566526236788, 2, 'Ambition', 1033, 1239036, 0);
INSERT INTO interacts VALUES(566526236788, 2, 'Ambition', 1033, 1241062, 0);
INSERT INTO interacts VALUES(566526236788, 2, 'Ambition', 3134, 1242411, 1);
INSERT INTO interacts VALUES(566526236788, 2, 'Duke', 3022, 1263857, 1);
INSERT INTO interacts VALUES(566526236788, 2, 'Duke', 2031, 1264930, 0);
INSERT INTO interacts VALUES(566526236788, 2, 'Duke', 3133, 1266552, 1);
INSERT INTO interacts VALUES(566526236788, 2, 'Faker', 2043, 1279747, 0);
INSERT INTO interacts VALUES(566526236788, 2, 'Faker', 1058, 1281827, 1);
INSERT INTO interacts VALUES(566526236788, 2, 'CuVee', 3191, 1284067, 1);
INSERT INTO interacts VALUES(566526236788, 2, 'CuVee', 3108, 1284685, 1);
INSERT INTO interacts VALUES(566526236788, 2, 'Crown', 3116, 1295194, 1);
INSERT INTO interacts VALUES(566526236788, 2, 'CoreJJ', 3114, 1295655, 1);
INSERT INTO interacts VALUES(566526236788, 2, 'Crown', 2043, 1295719, 1);
INSERT INTO interacts VALUES(566526236788, 2, 'CoreJJ', 2043, 1297878, 1);
INSERT INTO interacts VALUES(566526236788, 2, 'Wolf', 3105, 1302558, 1);
INSERT INTO interacts VALUES(566526236788, 2, 'Bengi', 3156, 1310581, 1);
INSERT INTO interacts VALUES(566526236788, 2, 'Bengi', 3009, 1312038, 1);
INSERT INTO interacts VALUES(566526236788, 2, 'Bengi', 2043, 1317281, 1);
INSERT INTO interacts VALUES(566526236788, 2, 'Bengi', 2043, 1318640, 1);
INSERT INTO interacts VALUES(566526236788, 2, 'Bang', 3147, 1322138, 1);
INSERT INTO interacts VALUES(566526236788, 2, 'CuVee', 3157, 1382593, 1);
INSERT INTO interacts VALUES(566526236788, 2, 'CoreJJ', 1028, 1426261, 1);
INSERT INTO interacts VALUES(566526236788, 2, 'Faker', 3003, 1444372, 1);
INSERT INTO interacts VALUES(566526236788, 2, 'Faker', 1026, 1447753, 1);
INSERT INTO interacts VALUES(566526236788, 2, 'Duke', 3071, 1464539, 1);
INSERT INTO interacts VALUES(566526236788, 2, 'Duke', 1033, 1465937, 1);
INSERT INTO interacts VALUES(566526236788, 2, 'Ambition', 3156, 1468012, 1);
INSERT INTO interacts VALUES(566526236788, 2, 'Ambition', 2043, 1469740, 1);
INSERT INTO interacts VALUES(566526236788, 2, 'Ruler', 3031, 1488185, 1);
INSERT INTO interacts VALUES(566526236788, 2, 'Wolf', 2031, 1498279, 0);
INSERT INTO interacts VALUES(566526236788, 2, 'Wolf', 3190, 1499470, 1);
INSERT INTO interacts VALUES(566526236788, 2, 'Bang', 3140, 1500295, 1);
INSERT INTO interacts VALUES(566526236788, 2, 'Bengi', 1011, 1504992, 1);
INSERT INTO interacts VALUES(566526236788, 2, 'Bengi', 2043, 1505412, 1);
INSERT INTO interacts VALUES(566526236788, 2, 'Bang', 3035, 1505967, 1);
INSERT INTO interacts VALUES(566526236788, 2, 'CoreJJ', 2043, 1519376, 1);
INSERT INTO interacts VALUES(566526236788, 2, 'CoreJJ', 2043, 1519485, 1);
INSERT INTO interacts VALUES(566526236788, 2, 'CoreJJ', 2010, 1520796, 1);
INSERT INTO interacts VALUES(566526236788, 2, 'Crown', 1058, 1547978, 1);
INSERT INTO interacts VALUES(566526236788, 2, 'Crown', 2043, 1549794, 1);
INSERT INTO interacts VALUES(566526236788, 2, 'Crown', 2043, 1549902, 1);
INSERT INTO interacts VALUES(566526236788, 2, 'Ambition', 1028, 1556972, 1);
INSERT INTO interacts VALUES(566526236788, 2, 'Ambition', 2043, 1557584, 1);
INSERT INTO interacts VALUES(566526236788, 2, 'CuVee', 1026, 1593260, 1);
INSERT INTO interacts VALUES(566526236788, 2, 'Ruler', 1051, 1636058, 1);
INSERT INTO interacts VALUES(566526236788, 2, 'Faker', 3135, 1652696, 1);
INSERT INTO interacts VALUES(566526236788, 2, 'Bang', 3140, 1653316, 1);
INSERT INTO interacts VALUES(566526236788, 2, 'CoreJJ', 3067, 1656039, 1);
INSERT INTO interacts VALUES(566526236788, 2, 'Wolf', 3114, 1665552, 1);
INSERT INTO interacts VALUES(566526236788, 2, 'Wolf', 2043, 1666849, 1);
INSERT INTO interacts VALUES(566526236788, 2, 'Bengi', 2031, 1667724, 0);
INSERT INTO interacts VALUES(566526236788, 2, 'Bengi', 3082, 1669757, 1);
INSERT INTO interacts VALUES(566526236788, 2, 'Duke', 3026, 1672222, 1);
INSERT INTO interacts VALUES(566526236788, 2, 'Ambition', 1036, 1693432, 1);
INSERT INTO interacts VALUES(566526236788, 2, 'Crown', 3003, 1760216, 1);
INSERT INTO interacts VALUES(566526236788, 2, 'Crown', 2043, 1760544, 1);
INSERT INTO interacts VALUES(566526236788, 2, 'Faker', 2031, 1764347, 0);
INSERT INTO interacts VALUES(566526236788, 2, 'Faker', 1058, 1764703, 1);
INSERT INTO interacts VALUES(566526236788, 2, 'Bang', 3036, 1768863, 1);
INSERT INTO interacts VALUES(566526236788, 2, 'Ambition', 3044, 1769024, 1);
INSERT INTO interacts VALUES(566526236788, 2, 'Bang', 2140, 1769735, 1);
INSERT INTO interacts VALUES(566526236788, 2, 'Wolf', 3303, 1770974, 0);
INSERT INTO interacts VALUES(566526236788, 2, 'Wolf', 3028, 1772400, 1);
INSERT INTO interacts VALUES(566526236788, 2, 'Duke', 1054, 1772530, 0);
INSERT INTO interacts VALUES(566526236788, 2, 'Wolf', 2043, 1773439, 1);
INSERT INTO interacts VALUES(566526236788, 2, 'Wolf', 2043, 1773573, 1);
INSERT INTO interacts VALUES(566526236788, 2, 'Ruler', 3086, 1780231, 1);
INSERT INTO interacts VALUES(566526236788, 2, 'Ruler', 1042, 1780423, 1);
INSERT INTO interacts VALUES(566526236788, 2, 'Bengi', 3742, 1781398, 1);
INSERT INTO interacts VALUES(566526236788, 2, 'Duke', 3155, 1784027, 1);
INSERT INTO interacts VALUES(566526236788, 2, 'Duke', 3155, 1790431, 1);
INSERT INTO interacts VALUES(566526236788, 2, 'Ambition', 1036, 1843495, 1);
INSERT INTO interacts VALUES(566526236788, 2, 'CoreJJ', 3113, 1847059, 1);
INSERT INTO interacts VALUES(566526236788, 2, 'CoreJJ', 2010, 1851026, 0);
INSERT INTO interacts VALUES(566526236788, 2, 'CoreJJ', 2043, 1851577, 1);
INSERT INTO interacts VALUES(566526236788, 2, 'CoreJJ', 2043, 1851705, 1);
INSERT INTO interacts VALUES(566526236788, 2, 'Ruler', 2015, 1862535, 1);
INSERT INTO matches VALUES(566526236788, 3, '2016-10-29');
INSERT INTO scores VALUES('SSG', 566526236788, 3, 6, 11, 0, 3, 5, 1);
INSERT INTO scores VALUES('SKT', 566526236788, 3, 0, 6, 0, 1, 2, 0);
INSERT INTO bans VALUES(566526236788, 3, 134, 1);
INSERT INTO bans VALUES(566526236788, 3, 22, 3);
INSERT INTO bans VALUES(566526236788, 3, 69, 5);
INSERT INTO bans VALUES(566526236788, 3, 76, 2);
INSERT INTO bans VALUES(566526236788, 3, 2, 4);
INSERT INTO bans VALUES(566526236788, 3, 13, 6);
INSERT INTO plays VALUES(566526236788, 3, 'CuVee', 78, 'top', 2, 4, 10, 35802, 44, 9, 419, 3, 1, 24235);
INSERT INTO plays VALUES(566526236788, 3, 'Ambition', 64, 'jungle', 2, 2, 11, 24847, 73, 23, 140, 135, 38, 24535);
INSERT INTO plays VALUES(566526236788, 3, 'Crown', 136, 'mid', 3, 6, 8, 52784, 40, 15, 465, 33, 4, 25234);
INSERT INTO plays VALUES(566526236788, 3, 'Ruler', 81, 'adc', 8, 6, 7, 100002, 23, 9, 517, 26, 13, 28820);
INSERT INTO plays VALUES(566526236788, 3, 'CoreJJ', 143, 'support', 2, 1, 7, 76683, 103, 43, 97, 3, 1, 22436);
INSERT INTO plays VALUES(566526236788, 3, 'Duke', 48, 'top', 5, 3, 6, 43626, 37, 10, 598, 6, 6, 27247);
INSERT INTO plays VALUES(566526236788, 3, 'Bengi', 60, 'jungle', 1, 2, 13, 39792, 50, 41, 165, 105, 24, 22309);
INSERT INTO plays VALUES(566526236788, 3, 'Faker', 61, 'mid', 7, 5, 4, 65490, 37, 24, 596, 55, 7, 30956);
INSERT INTO plays VALUES(566526236788, 3, 'Bang', 202, 'adc', 6, 3, 7, 104952, 31, 17, 559, 38, 5, 27775);
INSERT INTO plays VALUES(566526236788, 3, 'Wolf', 267, 'support', 0, 4, 17, 15163, 84, 47, 58, 0, 0, 17652);
INSERT INTO interacts VALUES(566526236788, 3, 'Wolf', 3303, 1460, 1);
INSERT INTO interacts VALUES(566526236788, 3, 'Duke', 2033, 1563, 1);
INSERT INTO interacts VALUES(566526236788, 3, 'CuVee', 2033, 1751, 1);
INSERT INTO interacts VALUES(566526236788, 3, 'Duke', 3340, 1849, 1);
INSERT INTO interacts VALUES(566526236788, 3, 'Wolf', 2010, 1849, 1);
INSERT INTO interacts VALUES(566526236788, 3, 'Wolf', 2010, 2011, 1);
INSERT INTO interacts VALUES(566526236788, 3, 'Wolf', 2010, 2172, 1);
INSERT INTO interacts VALUES(566526236788, 3, 'Faker', 1056, 2560, 1);
INSERT INTO interacts VALUES(566526236788, 3, 'Wolf', 3340, 2601, 1);
INSERT INTO interacts VALUES(566526236788, 3, 'Bang', 1055, 2625, 1);
INSERT INTO interacts VALUES(566526236788, 3, 'Faker', 2003, 2755, 1);
INSERT INTO interacts VALUES(566526236788, 3, 'Bang', 2010, 2820, 1);
INSERT INTO interacts VALUES(566526236788, 3, 'Faker', 2003, 2860, 1);
INSERT INTO interacts VALUES(566526236788, 3, 'CuVee', 3340, 2917, 1);
INSERT INTO interacts VALUES(566526236788, 3, 'Faker', 3340, 3047, 1);
INSERT INTO interacts VALUES(566526236788, 3, 'Bengi', 1039, 3145, 1);
INSERT INTO interacts VALUES(566526236788, 3, 'Bengi', 3340, 3468, 1);
INSERT INTO interacts VALUES(566526236788, 3, 'CoreJJ', 3303, 3564, 1);
INSERT INTO interacts VALUES(566526236788, 3, 'Ruler', 2010, 3634, 1);
INSERT INTO interacts VALUES(566526236788, 3, 'Crown', 2033, 3821, 1);
INSERT INTO interacts VALUES(566526236788, 3, 'Ruler', 1055, 3893, 1);
INSERT INTO interacts VALUES(566526236788, 3, 'CoreJJ', 2010, 3950, 1);
INSERT INTO interacts VALUES(566526236788, 3, 'CoreJJ', 2010, 4081, 1);
INSERT INTO interacts VALUES(566526236788, 3, 'Ruler', 3340, 4210, 1);
INSERT INTO interacts VALUES(566526236788, 3, 'CoreJJ', 2010, 4210, 1);
INSERT INTO interacts VALUES(566526236788, 3, 'Bang', 3340, 4308, 1);
INSERT INTO interacts VALUES(566526236788, 3, 'Crown', 3340, 4438, 1);
INSERT INTO interacts VALUES(566526236788, 3, 'Bengi', 2031, 4534, 1);
INSERT INTO interacts VALUES(566526236788, 3, 'CoreJJ', 3340, 4728, 1);
INSERT INTO interacts VALUES(566526236788, 3, 'Ambition', 1041, 6834, 1);
INSERT INTO interacts VALUES(566526236788, 3, 'Ambition', 2031, 7739, 1);
INSERT INTO interacts VALUES(566526236788, 3, 'Ambition', 3340, 7965, 1);
INSERT INTO interacts VALUES(566526236788, 3, 'Crown', 1001, 184485, 1);
INSERT INTO interacts VALUES(566526236788, 3, 'Crown', 2043, 186078, 1);
INSERT INTO interacts VALUES(566526236788, 3, 'Duke', 1036, 270800, 1);
INSERT INTO interacts VALUES(566526236788, 3, 'Duke', 1036, 270980, 1);
INSERT INTO interacts VALUES(566526236788, 3, 'Duke', 2043, 277744, 1);
INSERT INTO interacts VALUES(566526236788, 3, 'CuVee', 1028, 284045, 1);
INSERT INTO interacts VALUES(566526236788, 3, 'CuVee', 1001, 285054, 1);
INSERT INTO interacts VALUES(566526236788, 3, 'CuVee', 2043, 286194, 1);
INSERT INTO interacts VALUES(566526236788, 3, 'Ruler', 3070, 315120, 1);
INSERT INTO interacts VALUES(566526236788, 3, 'Ruler', 2010, 315579, 1);
INSERT INTO interacts VALUES(566526236788, 3, 'Ruler', 2010, 315683, 1);
INSERT INTO interacts VALUES(566526236788, 3, 'Ruler', 2043, 316227, 1);
INSERT INTO interacts VALUES(566526236788, 3, 'Bang', 3134, 337712, 1);
INSERT INTO interacts VALUES(566526236788, 3, 'Bang', 2031, 339012, 1);
INSERT INTO interacts VALUES(566526236788, 3, 'Bang', 2043, 339338, 1);
INSERT INTO interacts VALUES(566526236788, 3, 'Wolf', 1028, 346910, 1);
INSERT INTO interacts VALUES(566526236788, 3, 'Wolf', 2010, 348830, 0);
INSERT INTO interacts VALUES(566526236788, 3, 'Wolf', 2043, 349383, 1);
INSERT INTO interacts VALUES(566526236788, 3, 'Wolf', 2031, 349678, 1);
INSERT INTO interacts VALUES(566526236788, 3, 'CoreJJ', 2049, 353279, 1);
INSERT INTO interacts VALUES(566526236788, 3, 'CoreJJ', 3341, 353931, 1);
INSERT INTO interacts VALUES(566526236788, 3, 'CoreJJ', 2010, 357673, 1);
INSERT INTO interacts VALUES(566526236788, 3, 'Faker', 3802, 372601, 1);
INSERT INTO interacts VALUES(566526236788, 3, 'Faker', 1001, 373197, 1);
INSERT INTO interacts VALUES(566526236788, 3, 'Faker', 2031, 374517, 1);
INSERT INTO interacts VALUES(566526236788, 3, 'Faker', 2043, 374872, 1);
INSERT INTO interacts VALUES(566526236788, 3, 'Crown', 3010, 386453, 1);
INSERT INTO interacts VALUES(566526236788, 3, 'Crown', 2043, 387588, 1);
INSERT INTO interacts VALUES(566526236788, 3, 'Ambition', 3133, 400745, 1);
INSERT INTO interacts VALUES(566526236788, 3, 'Ambition', 1001, 404836, 1);
INSERT INTO interacts VALUES(566526236788, 3, 'Ambition', 2043, 405097, 1);
INSERT INTO interacts VALUES(566526236788, 3, 'Bengi', 3020, 428312, 1);
INSERT INTO interacts VALUES(566526236788, 3, 'Bengi', 1052, 431152, 1);
INSERT INTO interacts VALUES(566526236788, 3, 'Bengi', 2043, 432113, 1);
INSERT INTO interacts VALUES(566526236788, 3, 'Bengi', 2043, 432211, 1);
INSERT INTO interacts VALUES(566526236788, 3, 'Crown', 3158, 550123, 1);
INSERT INTO interacts VALUES(566526236788, 3, 'Crown', 3009, 556350, 1);
INSERT INTO interacts VALUES(566526236788, 3, 'Crown', 2043, 557341, 1);
INSERT INTO interacts VALUES(566526236788, 3, 'Faker', 3020, 569655, 1);
INSERT INTO interacts VALUES(566526236788, 3, 'Faker', 2043, 570338, 1);
INSERT INTO interacts VALUES(566526236788, 3, 'CuVee', 3751, 584160, 1);
INSERT INTO interacts VALUES(566526236788, 3, 'CuVee', 3047, 585445, 1);
INSERT INTO interacts VALUES(566526236788, 3, 'CuVee', 2043, 586045, 1);
INSERT INTO interacts VALUES(566526236788, 3, 'Duke', 3077, 591176, 1);
INSERT INTO interacts VALUES(566526236788, 3, 'Duke', 1053, 591535, 1);
INSERT INTO interacts VALUES(566526236788, 3, 'Duke', 1001, 593028, 1);
INSERT INTO interacts VALUES(566526236788, 3, 'Ambition', 3711, 614035, 1);
INSERT INTO interacts VALUES(566526236788, 3, 'Ruler', 3057, 614623, 1);
INSERT INTO interacts VALUES(566526236788, 3, 'Ruler', 1027, 615759, 1);
INSERT INTO interacts VALUES(566526236788, 3, 'Ruler', 2043, 616214, 1);
INSERT INTO interacts VALUES(566526236788, 3, 'Ruler', 2010, 616864, 1);
INSERT INTO interacts VALUES(566526236788, 3, 'CoreJJ', 3098, 617675, 1);
INSERT INTO interacts VALUES(566526236788, 3, 'Ambition', 3111, 618392, 1);
INSERT INTO interacts VALUES(566526236788, 3, 'CoreJJ', 2043, 618458, 1);
INSERT INTO interacts VALUES(566526236788, 3, 'CoreJJ', 2043, 618554, 1);
INSERT INTO interacts VALUES(566526236788, 3, 'Ruler', 2010, 618692, 1);
INSERT INTO interacts VALUES(566526236788, 3, 'CoreJJ', 2010, 618848, 1);
INSERT INTO interacts VALUES(566526236788, 3, 'CoreJJ', 2010, 618946, 1);
INSERT INTO interacts VALUES(566526236788, 3, 'Ambition', 2043, 619468, 1);
INSERT INTO interacts VALUES(566526236788, 3, 'Wolf', 2049, 639595, 1);
INSERT INTO interacts VALUES(566526236788, 3, 'Wolf', 3341, 639832, 1);
INSERT INTO interacts VALUES(566526236788, 3, 'Wolf', 1001, 640634, 1);
INSERT INTO interacts VALUES(566526236788, 3, 'Wolf', 2043, 641250, 1);
INSERT INTO interacts VALUES(566526236788, 3, 'Bang', 3142, 641317, 1);
INSERT INTO interacts VALUES(566526236788, 3, 'Wolf', 2043, 641351, 1);
INSERT INTO interacts VALUES(566526236788, 3, 'Crown', 1052, 670411, 1);
INSERT INTO interacts VALUES(566526236788, 3, 'Crown', 2043, 671779, 1);
INSERT INTO interacts VALUES(566526236788, 3, 'Bengi', 3711, 679050, 1);
INSERT INTO interacts VALUES(566526236788, 3, 'Bengi', 3113, 681972, 1);
INSERT INTO interacts VALUES(566526236788, 3, 'Bengi', 3341, 682853, 1);
INSERT INTO interacts VALUES(566526236788, 3, 'Faker', 3108, 688538, 1);
INSERT INTO interacts VALUES(566526236788, 3, 'Ambition', 3711, 726886, 1);
INSERT INTO interacts VALUES(566526236788, 3, 'Crown', 3145, 761418, 1);
INSERT INTO interacts VALUES(566526236788, 3, 'Crown', 2043, 761938, 1);
INSERT INTO interacts VALUES(566526236788, 3, 'CuVee', 1031, 827700, 1);
INSERT INTO interacts VALUES(566526236788, 3, 'CuVee', 2043, 829687, 1);
INSERT INTO interacts VALUES(566526236788, 3, 'Duke', 3074, 871089, 1);
INSERT INTO interacts VALUES(566526236788, 3, 'Duke', 1029, 872747, 1);
INSERT INTO interacts VALUES(566526236788, 3, 'Duke', 1027, 874293, 1);
INSERT INTO interacts VALUES(566526236788, 3, 'Faker', 3165, 881618, 1);
INSERT INTO interacts VALUES(566526236788, 3, 'Crown', 3030, 896939, 1);
INSERT INTO interacts VALUES(566526236788, 3, 'Crown', 2043, 897717, 1);
INSERT INTO interacts VALUES(566526236788, 3, 'Ambition', 1408, 949799, 1);
INSERT INTO interacts VALUES(566526236788, 3, 'Ambition', 1036, 951587, 1);
INSERT INTO interacts VALUES(566526236788, 3, 'Ambition', 1033, 952331, 1);
INSERT INTO interacts VALUES(566526236788, 3, 'Wolf', 3117, 975112, 1);
INSERT INTO interacts VALUES(566526236788, 3, 'Wolf', 1028, 976540, 1);
INSERT INTO interacts VALUES(566526236788, 3, 'Wolf', 2043, 977156, 1);
INSERT INTO interacts VALUES(566526236788, 3, 'Bengi', 1410, 979919, 1);
INSERT INTO interacts VALUES(566526236788, 3, 'Bengi', 1052, 982366, 1);
INSERT INTO interacts VALUES(566526236788, 3, 'Bengi', 1028, 984612, 1);
INSERT INTO interacts VALUES(566526236788, 3, 'Bengi', 2043, 985846, 1);
INSERT INTO interacts VALUES(566526236788, 3, 'Bengi', 3364, 986109, 1);
INSERT INTO interacts VALUES(566526236788, 3, 'Ruler', 3025, 1004097, 1);
INSERT INTO interacts VALUES(566526236788, 3, 'Ruler', 1037, 1005072, 1);
INSERT INTO interacts VALUES(566526236788, 3, 'Ruler', 2010, 1005697, 1);
INSERT INTO interacts VALUES(566526236788, 3, 'Ruler', 2010, 1005835, 1);
INSERT INTO interacts VALUES(566526236788, 3, 'Ruler', 3363, 1010695, 1);
INSERT INTO interacts VALUES(566526236788, 3, 'CoreJJ', 3020, 1011212, 1);
INSERT INTO interacts VALUES(566526236788, 3, 'CoreJJ', 2043, 1012218, 1);
INSERT INTO interacts VALUES(566526236788, 3, 'CoreJJ', 2010, 1012512, 1);
INSERT INTO interacts VALUES(566526236788, 3, 'CoreJJ', 2010, 1012608, 1);
INSERT INTO interacts VALUES(566526236788, 3, 'Bang', 3009, 1028554, 1);
INSERT INTO interacts VALUES(566526236788, 3, 'Bang', 1038, 1029526, 1);
INSERT INTO interacts VALUES(566526236788, 3, 'Bang', 3363, 1031772, 1);
INSERT INTO interacts VALUES(566526236788, 3, 'Bang', 2043, 1031936, 1);
INSERT INTO interacts VALUES(566526236788, 3, 'CuVee', 3068, 1056850, 1);
INSERT INTO interacts VALUES(566526236788, 3, 'CuVee', 1033, 1058943, 1);
INSERT INTO interacts VALUES(566526236788, 3, 'CuVee', 2043, 1059628, 1);
INSERT INTO interacts VALUES(566526236788, 3, 'Crown', 1011, 1060179, 1);
INSERT INTO interacts VALUES(566526236788, 3, 'Faker', 1058, 1076946, 1);
INSERT INTO interacts VALUES(566526236788, 3, 'Faker', 2043, 1078015, 1);
INSERT INTO interacts VALUES(566526236788, 3, 'Faker', 3363, 1078935, 1);
INSERT INTO interacts VALUES(566526236788, 3, 'Duke', 3057, 1084820, 1);
INSERT INTO interacts VALUES(566526236788, 3, 'Duke', 1028, 1086446, 1);
INSERT INTO interacts VALUES(566526236788, 3, 'Ambition', 3155, 1097928, 1);
INSERT INTO interacts VALUES(566526236788, 3, 'Ambition', 1036, 1103928, 1);
INSERT INTO interacts VALUES(566526236788, 3, 'Wolf', 2045, 1121286, 1);
INSERT INTO interacts VALUES(566526236788, 3, 'Wolf', 2043, 1122259, 1);
INSERT INTO interacts VALUES(566526236788, 3, 'Wolf', 2043, 1122422, 1);
INSERT INTO interacts VALUES(566526236788, 3, 'CoreJJ', 2301, 1125764, 1);
INSERT INTO interacts VALUES(566526236788, 3, 'CoreJJ', 2043, 1126803, 1);
INSERT INTO interacts VALUES(566526236788, 3, 'Ruler', 3004, 1185995, 1);
INSERT INTO interacts VALUES(566526236788, 3, 'Ruler', 1001, 1186598, 1);
INSERT INTO interacts VALUES(566526236788, 3, 'Crown', 1052, 1187115, 1);
INSERT INTO interacts VALUES(566526236788, 3, 'Bengi', 2031, 1199699, 0);
INSERT INTO interacts VALUES(566526236788, 3, 'Bengi', 3152, 1202724, 1);
INSERT INTO interacts VALUES(566526236788, 3, 'Ruler', 2043, 1215197, 1);
INSERT INTO interacts VALUES(566526236788, 3, 'Ambition', 2031, 1217712, 0);
INSERT INTO interacts VALUES(566526236788, 3, 'Ambition', 3134, 1219467, 1);
INSERT INTO interacts VALUES(566526236788, 3, 'Faker', 3285, 1223304, 1);
INSERT INTO interacts VALUES(566526236788, 3, 'Wolf', 3801, 1223853, 1);
INSERT INTO interacts VALUES(566526236788, 3, 'Faker', 2043, 1225343, 1);
INSERT INTO interacts VALUES(566526236788, 3, 'Wolf', 3364, 1226115, 1);
INSERT INTO interacts VALUES(566526236788, 3, 'Bang', 1037, 1227928, 1);
INSERT INTO interacts VALUES(566526236788, 3, 'CoreJJ', 1028, 1247837, 1);
INSERT INTO interacts VALUES(566526236788, 3, 'CoreJJ', 2043, 1248651, 1);
INSERT INTO interacts VALUES(566526236788, 3, 'CoreJJ', 3364, 1249431, 1);
INSERT INTO interacts VALUES(566526236788, 3, 'CuVee', 3211, 1283431, 1);
INSERT INTO interacts VALUES(566526236788, 3, 'CuVee', 1028, 1284406, 1);
INSERT INTO interacts VALUES(566526236788, 3, 'CuVee', 3067, 1313181, 1);
INSERT INTO interacts VALUES(566526236788, 3, 'Faker', 1058, 1366804, 1);
INSERT INTO interacts VALUES(566526236788, 3, 'Bengi', 1011, 1371062, 1);
INSERT INTO interacts VALUES(566526236788, 3, 'Bengi', 1052, 1371555, 1);
INSERT INTO interacts VALUES(566526236788, 3, 'Duke', 3025, 1371952, 1);
INSERT INTO interacts VALUES(566526236788, 3, 'Bengi', 2043, 1373741, 1);
INSERT INTO interacts VALUES(566526236788, 3, 'Bengi', 2043, 1373902, 1);
INSERT INTO interacts VALUES(566526236788, 3, 'Wolf', 3105, 1374590, 1);
INSERT INTO interacts VALUES(566526236788, 3, 'Wolf', 2043, 1374879, 1);
INSERT INTO interacts VALUES(566526236788, 3, 'Duke', 3111, 1378901, 1);
INSERT INTO interacts VALUES(566526236788, 3, 'Duke', 3211, 1380426, 1);
INSERT INTO interacts VALUES(566526236788, 3, 'Duke', 2043, 1381400, 1);
INSERT INTO interacts VALUES(566526236788, 3, 'Bang', 3031, 1387220, 1);
INSERT INTO interacts VALUES(566526236788, 3, 'Bang', 2043, 1389820, 1);
INSERT INTO interacts VALUES(566526236788, 3, 'CoreJJ', 1052, 1391675, 1);
INSERT INTO interacts VALUES(566526236788, 3, 'Ambition', 3156, 1400232, 1);
INSERT INTO interacts VALUES(566526236788, 3, 'Ambition', 1029, 1401533, 1);
INSERT INTO interacts VALUES(566526236788, 3, 'Crown', 1058, 1414491, 1);
INSERT INTO interacts VALUES(566526236788, 3, 'Ruler', 1043, 1416238, 1);
INSERT INTO interacts VALUES(566526236788, 3, 'CuVee', 3065, 1447275, 1);
INSERT INTO interacts VALUES(566526236788, 3, 'Crown', 3116, 1460126, 1);
INSERT INTO interacts VALUES(566526236788, 3, 'Crown', 2043, 1462698, 1);
INSERT INTO interacts VALUES(566526236788, 3, 'Crown', 3363, 1463026, 1);
INSERT INTO interacts VALUES(566526236788, 3, 'CuVee', 2043, 1467131, 1);
INSERT INTO interacts VALUES(566526236788, 3, 'Ruler', 3158, 1484682, 1);
INSERT INTO interacts VALUES(566526236788, 3, 'Ruler', 2043, 1485200, 1);
INSERT INTO interacts VALUES(566526236788, 3, 'CoreJJ', 2043, 1490931, 1);
INSERT INTO interacts VALUES(566526236788, 3, 'CoreJJ', 2043, 1491029, 1);
INSERT INTO interacts VALUES(566526236788, 3, 'CoreJJ', 2010, 1491238, 1);
INSERT INTO interacts VALUES(566526236788, 3, 'Wolf', 3190, 1547421, 1);
INSERT INTO interacts VALUES(566526236788, 3, 'Duke', 3065, 1554352, 1);
INSERT INTO interacts VALUES(566526236788, 3, 'Bang', 3086, 1556994, 1);
INSERT INTO interacts VALUES(566526236788, 3, 'CuVee', 1028, 1565395, 1);
INSERT INTO interacts VALUES(566526236788, 3, 'Crown', 1052, 1582643, 1);
INSERT INTO interacts VALUES(566526236788, 3, 'CoreJJ', 3136, 1582804, 1);
INSERT INTO interacts VALUES(566526236788, 3, 'CoreJJ', 2043, 1583585, 1);
INSERT INTO interacts VALUES(566526236788, 3, 'Crown', 2043, 1583673, 1);
INSERT INTO interacts VALUES(566526236788, 3, 'Ambition', 1028, 1583945, 1);
INSERT INTO interacts VALUES(566526236788, 3, 'Ambition', 2043, 1586345, 1);
INSERT INTO interacts VALUES(566526236788, 3, 'Bengi', 3116, 1591725, 1);
INSERT INTO interacts VALUES(566526236788, 3, 'Ruler', 1053, 1597188, 1);
INSERT INTO interacts VALUES(566526236788, 3, 'Faker', 3089, 1641926, 1);
INSERT INTO interacts VALUES(566526236788, 3, 'Ambition', 1011, 1675450, 1);
INSERT INTO interacts VALUES(566526236788, 3, 'Ruler', 3144, 1719938, 1);
INSERT INTO interacts VALUES(566526236788, 3, 'Bang', 3094, 1722214, 1);
INSERT INTO interacts VALUES(566526236788, 3, 'Bang', 2140, 1765785, 1);
INSERT INTO interacts VALUES(566526236788, 3, 'Crown', 3136, 1774625, 1);
INSERT INTO interacts VALUES(566526236788, 3, 'Crown', 2043, 1775441, 1);
INSERT INTO interacts VALUES(566526236788, 3, 'CoreJJ', 1026, 1782935, 1);
INSERT INTO interacts VALUES(566526236788, 3, 'CoreJJ', 2043, 1784008, 1);
INSERT INTO interacts VALUES(566526236788, 3, 'CoreJJ', 2043, 1784110, 1);
INSERT INTO interacts VALUES(566526236788, 3, 'CuVee', 1011, 1787045, 1);
INSERT INTO interacts VALUES(566526236788, 3, 'CuVee', 1031, 1787369, 1);
INSERT INTO interacts VALUES(566526236788, 3, 'Wolf', 3028, 1805983, 1);
INSERT INTO interacts VALUES(566526236788, 3, 'Faker', 2031, 1806031, 0);
INSERT INTO interacts VALUES(566526236788, 3, 'Faker', 1026, 1807189, 1);
INSERT INTO interacts VALUES(566526236788, 3, 'Wolf', 2031, 1807220, 0);
INSERT INTO interacts VALUES(566526236788, 3, 'Bengi', 1057, 1807678, 1);
INSERT INTO interacts VALUES(566526236788, 3, 'Wolf', 2043, 1808390, 1);
INSERT INTO interacts VALUES(566526236788, 3, 'Wolf', 2043, 1808521, 1);
INSERT INTO interacts VALUES(566526236788, 3, 'Bengi', 2043, 1808589, 1);
INSERT INTO interacts VALUES(566526236788, 3, 'Duke', 1031, 1817853, 1);
INSERT INTO interacts VALUES(566526236788, 3, 'Ruler', 3153, 1825821, 1);
INSERT INTO interacts VALUES(566526236788, 3, 'Crown', 1026, 1826015, 1);
INSERT INTO interacts VALUES(566526236788, 3, 'Ruler', 1055, 1827510, 0);
INSERT INTO interacts VALUES(566526236788, 3, 'Ruler', 1037, 1828403, 1);
INSERT INTO interacts VALUES(566526236788, 3, 'Ambition', 3742, 1839738, 1);
INSERT INTO interacts VALUES(566526236788, 3, 'Ambition', 1033, 1911573, 1);
INSERT INTO interacts VALUES(566526236788, 3, 'Ambition', 2043, 1912089, 1);
INSERT INTO interacts VALUES(566526236788, 3, 'CoreJJ', 3151, 1915534, 1);
INSERT INTO interacts VALUES(566526236788, 3, 'Crown', 3151, 1915534, 1);
INSERT INTO interacts VALUES(566526236788, 3, 'CoreJJ', 1028, 1916424, 1);
INSERT INTO interacts VALUES(566526236788, 3, 'CuVee', 3742, 1916683, 1);
INSERT INTO interacts VALUES(566526236788, 3, 'CoreJJ', 2043, 1917005, 1);
INSERT INTO interacts VALUES(566526236788, 3, 'Crown', 1033, 1917102, 1);
INSERT INTO interacts VALUES(566526236788, 3, 'CoreJJ', 2010, 1917234, 1);
INSERT INTO interacts VALUES(566526236788, 3, 'CuVee', 2043, 1917459, 1);
INSERT INTO interacts VALUES(566526236788, 3, 'Ruler', 3035, 1919055, 1);
INSERT INTO interacts VALUES(566526236788, 3, 'Ruler', 1033, 1921700, 1);
INSERT INTO interacts VALUES(566526236788, 3, 'Wolf', 2043, 1934393, 1);
INSERT INTO interacts VALUES(566526236788, 3, 'Bang', 2031, 1941310, 0);
INSERT INTO interacts VALUES(566526236788, 3, 'Bang', 1037, 1942254, 1);
INSERT INTO interacts VALUES(566526236788, 3, 'CuVee', 1033, 1983030, 1);
INSERT INTO interacts VALUES(566526236788, 3, 'Bengi', 1031, 2018902, 1);
INSERT INTO interacts VALUES(566526236788, 3, 'Bang', 3035, 2019687, 1);
INSERT INTO interacts VALUES(566526236788, 3, 'Duke', 3026, 2023940, 1);
INSERT INTO interacts VALUES(566526236788, 3, 'Ambition', 1057, 2051421, 1);
INSERT INTO interacts VALUES(566526236788, 3, 'Ambition', 1031, 2053034, 1);
INSERT INTO interacts VALUES(566526236788, 3, 'Wolf', 3303, 2070721, 0);
INSERT INTO interacts VALUES(566526236788, 3, 'Wolf', 3222, 2073709, 1);
INSERT INTO interacts VALUES(566526236788, 3, 'CuVee', 1057, 2078796, 1);
INSERT INTO interacts VALUES(566526236788, 3, 'CoreJJ', 1058, 2080951, 1);
INSERT INTO interacts VALUES(566526236788, 3, 'Ruler', 3036, 2085006, 1);
INSERT INTO interacts VALUES(566526236788, 3, 'Crown', 3211, 2086897, 1);
INSERT INTO interacts VALUES(566526236788, 3, 'Ruler', 3033, 2087814, 1);
INSERT INTO interacts VALUES(566526236788, 3, 'Crown', 2033, 2088433, 0);
INSERT INTO interacts VALUES(566526236788, 3, 'Crown', 1057, 2089177, 1);
INSERT INTO interacts VALUES(566526236788, 3, 'Faker', 3135, 2106196, 1);
INSERT INTO interacts VALUES(566526236788, 3, 'Duke', 2033, 2114588, 0);
INSERT INTO interacts VALUES(566526236788, 3, 'Duke', 1031, 2116479, 1);
INSERT INTO interacts VALUES(566526236788, 3, 'Bang', 3036, 2136959, 1);
INSERT INTO interacts VALUES(566526236788, 3, 'Bengi', 3026, 2150342, 1);
INSERT INTO interacts VALUES(566526236788, 3, 'Bengi', 2043, 2151745, 1);
INSERT INTO interacts VALUES(566526236788, 3, 'Ambition', 3026, 2152687, 1);
INSERT INTO interacts VALUES(566526236788, 3, 'Crown', 3102, 2158666, 1);
INSERT INTO interacts VALUES(566526236788, 3, 'Faker', 1056, 2218228, 0);
INSERT INTO interacts VALUES(566526236788, 3, 'Faker', 3108, 2219317, 1);
INSERT INTO interacts VALUES(566526236788, 3, 'CoreJJ', 1011, 2224469, 1);
INSERT INTO interacts VALUES(566526236788, 3, 'CoreJJ', 2043, 2225380, 1);
INSERT INTO interacts VALUES(566526236788, 3, 'CoreJJ', 2043, 2225482, 1);
INSERT INTO interacts VALUES(566526236788, 3, 'Ruler', 3140, 2227441, 1);
INSERT INTO interacts VALUES(566526236788, 3, 'CuVee', 3026, 2242350, 1);
INSERT INTO interacts VALUES(566526236788, 3, 'Ambition', 1028, 2299790, 1);
INSERT INTO interacts VALUES(566526236788, 3, 'Wolf', 3024, 2302204, 1);
INSERT INTO interacts VALUES(566526236788, 3, 'Wolf', 2043, 2303320, 1);
INSERT INTO interacts VALUES(566526236788, 3, 'Bang', 1055, 2311614, 0);
INSERT INTO interacts VALUES(566526236788, 3, 'Bang', 3140, 2312713, 1);
INSERT INTO interacts VALUES(566526236788, 3, 'Bengi', 1011, 2318219, 1);
INSERT INTO interacts VALUES(566526236788, 3, 'Crown', 1026, 2350503, 1);
INSERT INTO interacts VALUES(566526236788, 3, 'Faker', 3157, 2377889, 1);
INSERT INTO interacts VALUES(566526236788, 3, 'Ambition', 3105, 2483546, 1);
INSERT INTO interacts VALUES(566526236788, 3, 'Wolf', 2043, 2484730, 1);
INSERT INTO interacts VALUES(566526236788, 3, 'Wolf', 2043, 2484860, 1);
INSERT INTO interacts VALUES(566526236788, 3, 'Faker', 2139, 2487052, 1);
INSERT INTO interacts VALUES(566526236788, 3, 'CuVee', 2033, 2490769, 0);
INSERT INTO interacts VALUES(566526236788, 3, 'Duke', 3742, 2492202, 1);
INSERT INTO interacts VALUES(566526236788, 3, 'CuVee', 3211, 2493277, 1);
INSERT INTO interacts VALUES(566526236788, 3, 'CoreJJ', 3116, 2494379, 1);
INSERT INTO interacts VALUES(566526236788, 3, 'CoreJJ', 2043, 2495354, 1);
INSERT INTO interacts VALUES(566526236788, 3, 'CoreJJ', 2043, 2495486, 1);
INSERT INTO interacts VALUES(566526236788, 3, 'CoreJJ', 1052, 2496984, 1);
INSERT INTO interacts VALUES(566526236788, 3, 'Duke', 3074, 2561882, 0);
INSERT INTO interacts VALUES(566526236788, 3, 'Duke', 3748, 2562553, 1);
INSERT INTO interacts VALUES(566526236788, 3, 'Ruler', 3139, 2562591, 1);
INSERT INTO interacts VALUES(566526236788, 3, 'CoreJJ', 2043, 2565989, 1);
INSERT INTO interacts VALUES(566526236788, 3, 'Crown', 3135, 2638509, 1);
INSERT INTO interacts VALUES(566526236788, 3, 'Bengi', 2139, 2650680, 1);
INSERT INTO interacts VALUES(566526236788, 3, 'Bang', 2140, 2656106, 1);
INSERT INTO interacts VALUES(566526236788, 3, 'Ambition', 3190, 2666038, 1);
INSERT INTO interacts VALUES(566526236788, 3, 'CuVee', 3102, 2675950, 1);
INSERT INTO interacts VALUES(566526236788, 3, 'Faker', 2139, 2741879, 1);
INSERT INTO interacts VALUES(566526236788, 3, 'Duke', 2138, 2744831, 1);
INSERT INTO interacts VALUES(566526236788, 3, 'CuVee', 3047, 2746027, 0);
INSERT INTO interacts VALUES(566526236788, 3, 'CoreJJ', 2043, 2746320, 1);
INSERT INTO interacts VALUES(566526236788, 3, 'CoreJJ', 2043, 2746417, 1);
INSERT INTO interacts VALUES(566526236788, 3, 'CuVee', 3111, 2747233, 1);
INSERT INTO interacts VALUES(566526236788, 3, 'Crown', 2139, 2755545, 1);
INSERT INTO interacts VALUES(566526236788, 3, 'Ambition', 2138, 2865741, 1);
INSERT INTO interacts VALUES(566526236788, 3, 'Bang', 3139, 2869280, 1);
INSERT INTO interacts VALUES(566526236788, 3, 'CoreJJ', 2043, 2893840, 1);
INSERT INTO interacts VALUES(566526236788, 3, 'CoreJJ', 2043, 2893973, 1);
INSERT INTO interacts VALUES(566526236788, 3, 'Ruler', 3025, 2927001, 0);
INSERT INTO interacts VALUES(566526236788, 3, 'Duke', 3025, 2927263, 0);
INSERT INTO interacts VALUES(566526236788, 3, 'Wolf', 3050, 2928187, 1);
INSERT INTO interacts VALUES(566526236788, 3, 'Ruler', 3078, 2928314, 1);
INSERT INTO interacts VALUES(566526236788, 3, 'Wolf', 2043, 2928715, 1);
INSERT INTO interacts VALUES(566526236788, 3, 'Wolf', 2043, 2928865, 1);
INSERT INTO interacts VALUES(566526236788, 3, 'Duke', 3110, 2929181, 1);
INSERT INTO interacts VALUES(566526236788, 3, 'Wolf', 2139, 2929977, 1);
INSERT INTO interacts VALUES(566526236788, 3, 'Duke', 2138, 2930694, 1);
INSERT INTO interacts VALUES(566526236788, 3, 'Faker', 2139, 2931763, 1);
INSERT INTO interacts VALUES(566526236788, 3, 'Ruler', 2140, 2937214, 1);
INSERT INTO interacts VALUES(566526236788, 3, 'Ambition', 2138, 2957327, 1);
INSERT INTO interacts VALUES(566526236788, 3, 'Crown', 2139, 3003291, 1);
INSERT INTO interacts VALUES(566526236788, 3, 'CuVee', 2138, 3005857, 1);
INSERT INTO interacts VALUES(566526236788, 3, 'Wolf', 2043, 3052869, 1);
INSERT INTO interacts VALUES(566526236788, 3, 'Wolf', 2043, 3053003, 1);
INSERT INTO interacts VALUES(566526236788, 3, 'Bengi', 3742, 3056851, 1);
INSERT INTO interacts VALUES(566526236788, 3, 'Bengi', 2139, 3060328, 1);
INSERT INTO interacts VALUES(566526236788, 3, 'Duke', 3026, 3068070, 0);
INSERT INTO interacts VALUES(566526236788, 3, 'Duke', 3512, 3087857, 1);
INSERT INTO interacts VALUES(566526236788, 3, 'Faker', 2139, 3094459, 1);
INSERT INTO interacts VALUES(566526236788, 3, 'Crown', 3151, 3103279, 0);
INSERT INTO interacts VALUES(566526236788, 3, 'Bengi', 3020, 3109333, 0);
INSERT INTO interacts VALUES(566526236788, 3, 'Bengi', 3111, 3110812, 1);
INSERT INTO interacts VALUES(566526236788, 3, 'CuVee', 2138, 3110851, 1);
INSERT INTO interacts VALUES(566526236788, 3, 'CoreJJ', 3135, 3112479, 1);
INSERT INTO interacts VALUES(566526236788, 3, 'CoreJJ', 2043, 3113041, 1);
INSERT INTO interacts VALUES(566526236788, 3, 'CoreJJ', 2043, 3113135, 1);
INSERT INTO interacts VALUES(566526236788, 3, 'Ruler', 2140, 3114323, 1);
INSERT INTO interacts VALUES(566526236788, 3, 'Bang', 3142, 3114483, 0);
INSERT INTO interacts VALUES(566526236788, 3, 'Bang', 3508, 3117119, 1);
INSERT INTO interacts VALUES(566526236788, 3, 'Bang', 2140, 3118599, 1);
INSERT INTO interacts VALUES(566526236788, 3, 'Wolf', 2043, 3119275, 0);
INSERT INTO interacts VALUES(566526236788, 3, 'Wolf', 2043, 3119385, 0);
INSERT INTO interacts VALUES(566526236788, 3, 'Wolf', 3114, 3121275, 1);
INSERT INTO interacts VALUES(566526236788, 3, 'Ambition', 2138, 3127344, 1);
INSERT INTO interacts VALUES(566526236788, 3, 'Crown', 3151, 3129209, 0);
INSERT INTO interacts VALUES(566526236788, 3, 'Crown', 3089, 3130970, 1);
INSERT INTO interacts VALUES(566526236788, 3, 'Bengi', 2138, 3215350, 1);
INSERT INTO interacts VALUES(566526236788, 3, 'Duke', 3512, 3325152, 0);
INSERT INTO interacts VALUES(566526236788, 3, 'Duke', 3026, 3327534, 1);
INSERT INTO interacts VALUES(566526236788, 3, 'Bang', 2140, 3332446, 1);
INSERT INTO interacts VALUES(566526236788, 3, 'Faker', 2139, 3355532, 1);
INSERT INTO interacts VALUES(566526236788, 3, 'Crown', 2139, 3363651, 1);
INSERT INTO interacts VALUES(566526236788, 3, 'CuVee', 2138, 3365095, 1);
INSERT INTO interacts VALUES(566526236788, 3, 'Ruler', 2140, 3366370, 1);
INSERT INTO interacts VALUES(566526236788, 3, 'CoreJJ', 1058, 3366493, 1);
INSERT INTO interacts VALUES(566526236788, 3, 'CoreJJ', 2139, 3368255, 1);
INSERT INTO interacts VALUES(566526236788, 3, 'Ambition', 1408, 3393901, 0);
INSERT INTO interacts VALUES(566526236788, 3, 'Ambition', 1409, 3396413, 1);
INSERT INTO interacts VALUES(566526236788, 3, 'Ambition', 3364, 3400093, 1);
INSERT INTO interacts VALUES(566526236788, 3, 'Ambition', 2138, 3401232, 1);
INSERT INTO interacts VALUES(566526236788, 3, 'Bengi', 2139, 3403559, 1);
INSERT INTO interacts VALUES(566526236788, 3, 'Faker', 2139, 3410627, 1);
INSERT INTO interacts VALUES(566526236788, 3, 'Ambition', 3026, 3534524, 0);
INSERT INTO interacts VALUES(566526236788, 3, 'Wolf', 3504, 3543443, 1);
INSERT INTO interacts VALUES(566526236788, 3, 'Wolf', 2139, 3544629, 1);
INSERT INTO interacts VALUES(566526236788, 3, 'Duke', 3026, 3547939, 0);
INSERT INTO interacts VALUES(566526236788, 3, 'Faker', 2139, 3548299, 1);
INSERT INTO interacts VALUES(566526236788, 3, 'Duke', 3143, 3552770, 1);
INSERT INTO interacts VALUES(566526236788, 3, 'Crown', 2139, 3574112, 1);
INSERT INTO interacts VALUES(566526236788, 3, 'Ruler', 2140, 3592426, 1);
INSERT INTO interacts VALUES(566526236788, 3, 'Bang', 2140, 3592950, 1);
INSERT INTO interacts VALUES(566526236788, 3, 'Ambition', 3340, 3615241, 1);
INSERT INTO interacts VALUES(566526236788, 3, 'Ambition', 2138, 3618740, 1);
INSERT INTO interacts VALUES(566526236788, 3, 'Duke', 2138, 3622086, 1);
INSERT INTO interacts VALUES(566526236788, 3, 'CuVee', 2138, 3723042, 1);
INSERT INTO interacts VALUES(566526236788, 3, 'CuVee', 3026, 3725996, 0);
INSERT INTO interacts VALUES(566526236788, 3, 'Crown', 2139, 3726349, 1);
INSERT INTO interacts VALUES(566526236788, 3, 'CuVee', 3110, 3727685, 1);
INSERT INTO interacts VALUES(566526236788, 3, 'Ambition', 3026, 3732473, 0);
INSERT INTO interacts VALUES(566526236788, 3, 'Ruler', 3042, 3737129, 0);
INSERT INTO interacts VALUES(566526236788, 3, 'Ambition', 3143, 3737193, 1);
INSERT INTO interacts VALUES(566526236788, 3, 'Bengi', 3152, 3737332, 0);
INSERT INTO interacts VALUES(566526236788, 3, 'Bengi', 3102, 3740539, 1);
INSERT INTO interacts VALUES(566526236788, 3, 'Faker', 2139, 3740895, 1);
INSERT INTO interacts VALUES(566526236788, 3, 'Crown', 3009, 3742636, 0);
INSERT INTO interacts VALUES(566526236788, 3, 'Crown', 3020, 3744913, 1);
INSERT INTO interacts VALUES(566526236788, 3, 'Ruler', 3033, 3751081, 0);
INSERT INTO interacts VALUES(566526236788, 3, 'Duke', 2138, 3751178, 1);
INSERT INTO interacts VALUES(566526236788, 3, 'Ruler', 3036, 3752957, 1);
INSERT INTO interacts VALUES(566526236788, 3, 'CoreJJ', 3089, 3753234, 1);
INSERT INTO interacts VALUES(566526236788, 3, 'Duke', 3143, 3757401, 0);
INSERT INTO interacts VALUES(566526236788, 3, 'Bang', 2140, 3758255, 1);
INSERT INTO interacts VALUES(566526236788, 3, 'Duke', 3026, 3758910, 1);
INSERT INTO interacts VALUES(566526236788, 3, 'Ruler', 2140, 3782788, 1);
INSERT INTO interacts VALUES(566526236788, 3, 'Wolf', 2139, 3786369, 1);
INSERT INTO interacts VALUES(566526236788, 3, 'Bengi', 2139, 3786681, 1);
INSERT INTO interacts VALUES(566526236788, 3, 'Duke', 2138, 3883188, 1);
INSERT INTO interacts VALUES(566526236788, 3, 'CoreJJ', 2139, 3899257, 1);
INSERT INTO interacts VALUES(566526236788, 3, 'Faker', 2139, 3899940, 1);
INSERT INTO interacts VALUES(566526236788, 3, 'Duke', 3026, 4030009, 0);
INSERT INTO interacts VALUES(566526236788, 3, 'Faker', 2139, 4030502, 1);
INSERT INTO interacts VALUES(566526236788, 3, 'CuVee', 3110, 4031283, 0);
INSERT INTO interacts VALUES(566526236788, 3, 'CuVee', 3026, 4031681, 1);
INSERT INTO interacts VALUES(566526236788, 3, 'Wolf', 2139, 4031905, 1);
INSERT INTO interacts VALUES(566526236788, 3, 'Duke', 2138, 4035149, 1);
INSERT INTO interacts VALUES(566526236788, 3, 'CoreJJ', 2139, 4038962, 1);
INSERT INTO interacts VALUES(566526236788, 3, 'Ambition', 3190, 4039912, 0);
INSERT INTO interacts VALUES(566526236788, 3, 'Ambition', 3026, 4041889, 1);
INSERT INTO interacts VALUES(566526236788, 3, 'Ambition', 2138, 4043840, 1);
INSERT INTO interacts VALUES(566526236788, 3, 'Ruler', 2140, 4052130, 1);
INSERT INTO interacts VALUES(566526236788, 3, 'Faker', 2139, 4081642, 1);
INSERT INTO interacts VALUES(566526236788, 3, 'Crown', 2139, 4088079, 1);
INSERT INTO interacts VALUES(566526236788, 3, 'CuVee', 3026, 4139825, 0);
INSERT INTO interacts VALUES(566526236788, 3, 'CuVee', 3110, 4140277, 1);
INSERT INTO interacts VALUES(566526236788, 3, 'Faker', 2139, 4163101, 1);
INSERT INTO interacts VALUES(566526236788, 3, 'Wolf', 2139, 4170154, 1);
INSERT INTO interacts VALUES(566526236788, 3, 'Bang', 2140, 4197069, 1);
INSERT INTO matches VALUES(566526236788, 4, '2016-10-29');
INSERT INTO scores VALUES('SSG', 566526236788, 4, 0, 3, 0, 0, 1, 0);
INSERT INTO scores VALUES('SKT', 566526236788, 4, 6, 11, 0, 2, 3, 1);
INSERT INTO bans VALUES(566526236788, 4, 126, 1);
INSERT INTO bans VALUES(566526236788, 4, 143, 3);
INSERT INTO bans VALUES(566526236788, 4, 2, 5);
INSERT INTO bans VALUES(566526236788, 4, 134, 2);
INSERT INTO bans VALUES(566526236788, 4, 13, 4);
INSERT INTO bans VALUES(566526236788, 4, 76, 6);
INSERT INTO plays VALUES(566526236788, 4, 'Duke', 150, 'top', 2, 4, 4, 15249, 23, 4, 360, 4, 2, 15908);
INSERT INTO plays VALUES(566526236788, 4, 'Blank', 154, 'jungle', 1, 2, 8, 17603, 40, 28, 62, 117, 20, 14725);
INSERT INTO plays VALUES(566526236788, 4, 'Faker', 61, 'mid', 2, 5, 7, 20137, 20, 13, 389, 29, 9, 17315);
INSERT INTO plays VALUES(566526236788, 4, 'Bang', 22, 'adc', 6, 4, 3, 26494, 20, 8, 482, 30, 0, 20621);
INSERT INTO plays VALUES(566526236788, 4, 'Wolf', 267, 'support', 1, 2, 10, 5959, 64, 49, 56, 0, 0, 10875);
INSERT INTO plays VALUES(566526236788, 4, 'CuVee', 85, 'top', 4, 3, 7, 35407, 24, 4, 356, 5, 5, 18401);
INSERT INTO plays VALUES(566526236788, 4, 'Ambition', 64, 'jungle', 0, 4, 9, 20871, 59, 17, 25, 120, 28, 16047);
INSERT INTO plays VALUES(566526236788, 4, 'Crown', 112, 'mid', 4, 3, 7, 41382, 24, 12, 357, 36, 4, 19290);
INSERT INTO plays VALUES(566526236788, 4, 'Ruler', 202, 'adc', 9, 1, 4, 42406, 16, 8, 386, 10, 5, 20724);
INSERT INTO plays VALUES(566526236788, 4, 'CoreJJ', 43, 'support', 0, 1, 15, 11108, 78, 29, 40, 0, 0, 13555);
INSERT INTO interacts VALUES(566526236788, 4, 'Crown', 2003, 1695, 1);
INSERT INTO interacts VALUES(566526236788, 4, 'Wolf', 3303, 1760, 1);
INSERT INTO interacts VALUES(566526236788, 4, 'Crown', 2003, 1831, 1);
INSERT INTO interacts VALUES(566526236788, 4, 'CuVee', 1055, 1831, 1);
INSERT INTO interacts VALUES(566526236788, 4, 'Bang', 1055, 1857, 1);
INSERT INTO interacts VALUES(566526236788, 4, 'CuVee', 2003, 1988, 1);
INSERT INTO interacts VALUES(566526236788, 4, 'Wolf', 2010, 2053, 1);
INSERT INTO interacts VALUES(566526236788, 4, 'Crown', 1056, 2053, 1);
INSERT INTO interacts VALUES(566526236788, 4, 'Bang', 2010, 2093, 1);
INSERT INTO interacts VALUES(566526236788, 4, 'CuVee', 3340, 2116, 1);
INSERT INTO interacts VALUES(566526236788, 4, 'Wolf', 2010, 2182, 1);
INSERT INTO interacts VALUES(566526236788, 4, 'Crown', 3340, 2310, 1);
INSERT INTO interacts VALUES(566526236788, 4, 'Wolf', 2010, 2350, 1);
INSERT INTO interacts VALUES(566526236788, 4, 'Bang', 3340, 2350, 1);
INSERT INTO interacts VALUES(566526236788, 4, 'Blank', 1039, 2350, 1);
INSERT INTO interacts VALUES(566526236788, 4, 'Wolf', 3340, 2571, 1);
INSERT INTO interacts VALUES(566526236788, 4, 'CoreJJ', 3303, 2700, 1);
INSERT INTO interacts VALUES(566526236788, 4, 'CoreJJ', 3340, 2926, 1);
INSERT INTO interacts VALUES(566526236788, 4, 'CoreJJ', 2010, 3153, 1);
INSERT INTO interacts VALUES(566526236788, 4, 'CoreJJ', 2010, 3282, 1);
INSERT INTO interacts VALUES(566526236788, 4, 'Blank', 2031, 3389, 1);
INSERT INTO interacts VALUES(566526236788, 4, 'Duke', 1054, 3444, 1);
INSERT INTO interacts VALUES(566526236788, 4, 'CoreJJ', 2010, 3444, 1);
INSERT INTO interacts VALUES(566526236788, 4, 'Ruler', 1055, 3996, 1);
INSERT INTO interacts VALUES(566526236788, 4, 'Ruler', 2010, 4223, 1);
INSERT INTO interacts VALUES(566526236788, 4, 'Duke', 2003, 4223, 1);
INSERT INTO interacts VALUES(566526236788, 4, 'Faker', 1056, 4385, 1);
INSERT INTO interacts VALUES(566526236788, 4, 'Ruler', 3340, 4450, 1);
INSERT INTO interacts VALUES(566526236788, 4, 'Faker', 2003, 4580, 1);
INSERT INTO interacts VALUES(566526236788, 4, 'Faker', 2003, 4710, 1);
INSERT INTO interacts VALUES(566526236788, 4, 'Duke', 3340, 4710, 1);
INSERT INTO interacts VALUES(566526236788, 4, 'Faker', 3340, 4905, 1);
INSERT INTO interacts VALUES(566526236788, 4, 'Ambition', 1041, 5682, 1);
INSERT INTO interacts VALUES(566526236788, 4, 'Ambition', 2031, 6038, 1);
INSERT INTO interacts VALUES(566526236788, 4, 'CoreJJ', 1001, 256713, 1);
INSERT INTO interacts VALUES(566526236788, 4, 'CoreJJ', 2043, 257459, 1);
INSERT INTO interacts VALUES(566526236788, 4, 'Faker', 1056, 269337, 1);
INSERT INTO interacts VALUES(566526236788, 4, 'Faker', 1001, 269533, 1);
INSERT INTO interacts VALUES(566526236788, 4, 'Faker', 2031, 270422, 1);
INSERT INTO interacts VALUES(566526236788, 4, 'CuVee', 1055, 280593, 1);
INSERT INTO interacts VALUES(566526236788, 4, 'CuVee', 1001, 281338, 1);
INSERT INTO interacts VALUES(566526236788, 4, 'CuVee', 2043, 284977, 1);
INSERT INTO interacts VALUES(566526236788, 4, 'Crown', 1001, 304451, 1);
INSERT INTO interacts VALUES(566526236788, 4, 'Ambition', 3711, 306599, 1);
INSERT INTO interacts VALUES(566526236788, 4, 'Ambition', 1036, 308440, 1);
INSERT INTO interacts VALUES(566526236788, 4, 'Crown', 3158, 310067, 1);
INSERT INTO interacts VALUES(566526236788, 4, 'Crown', 2043, 311012, 1);
INSERT INTO interacts VALUES(566526236788, 4, 'Crown', 2031, 311627, 1);
INSERT INTO interacts VALUES(566526236788, 4, 'Ambition', 2043, 312227, 1);
INSERT INTO interacts VALUES(566526236788, 4, 'Bang', 1038, 343151, 1);
INSERT INTO interacts VALUES(566526236788, 4, 'Bang', 2043, 344704, 1);
INSERT INTO interacts VALUES(566526236788, 4, 'Duke', 1055, 358525, 1);
INSERT INTO interacts VALUES(566526236788, 4, 'Duke', 1033, 360856, 1);
INSERT INTO interacts VALUES(566526236788, 4, 'Blank', 3158, 361215, 1);
INSERT INTO interacts VALUES(566526236788, 4, 'Blank', 1028, 362588, 1);
INSERT INTO interacts VALUES(566526236788, 4, 'Blank', 2043, 363257, 1);
INSERT INTO interacts VALUES(566526236788, 4, 'Duke', 2043, 365338, 1);
INSERT INTO interacts VALUES(566526236788, 4, 'Duke', 2031, 365629, 1);
INSERT INTO interacts VALUES(566526236788, 4, 'Ruler', 3134, 379203, 1);
INSERT INTO interacts VALUES(566526236788, 4, 'Ruler', 2043, 379844, 1);
INSERT INTO interacts VALUES(566526236788, 4, 'Ruler', 2010, 380078, 1);
INSERT INTO interacts VALUES(566526236788, 4, 'Ruler', 2010, 380171, 1);
INSERT INTO interacts VALUES(566526236788, 4, 'Wolf', 3341, 384785, 1);
INSERT INTO interacts VALUES(566526236788, 4, 'Wolf', 2010, 386575, 0);
INSERT INTO interacts VALUES(566526236788, 4, 'Wolf', 2010, 389785, 0);
INSERT INTO interacts VALUES(566526236788, 4, 'Wolf', 2049, 390274, 1);
INSERT INTO interacts VALUES(566526236788, 4, 'Faker', 3802, 528397, 1);
INSERT INTO interacts VALUES(566526236788, 4, 'Faker', 1052, 533357, 1);
INSERT INTO interacts VALUES(566526236788, 4, 'Crown', 3196, 562241, 1);
INSERT INTO interacts VALUES(566526236788, 4, 'Duke', 3111, 562860, 1);
INSERT INTO interacts VALUES(566526236788, 4, 'Crown', 2043, 562954, 1);
INSERT INTO interacts VALUES(566526236788, 4, 'Duke', 1028, 564314, 1);
INSERT INTO interacts VALUES(566526236788, 4, 'CuVee', 3145, 612174, 1);
INSERT INTO interacts VALUES(566526236788, 4, 'CuVee', 1028, 613669, 1);
INSERT INTO interacts VALUES(566526236788, 4, 'CuVee', 2031, 614882, 1);
INSERT INTO interacts VALUES(566526236788, 4, 'CoreJJ', 2049, 618787, 1);
INSERT INTO interacts VALUES(566526236788, 4, 'CoreJJ', 2010, 619715, 1);
INSERT INTO interacts VALUES(566526236788, 4, 'CoreJJ', 2010, 619824, 1);
INSERT INTO interacts VALUES(566526236788, 4, 'CoreJJ', 2043, 620135, 1);
INSERT INTO interacts VALUES(566526236788, 4, 'CoreJJ', 3341, 620657, 1);
INSERT INTO interacts VALUES(566526236788, 4, 'Ambition', 1408, 670401, 1);
INSERT INTO interacts VALUES(566526236788, 4, 'Ambition', 1001, 671211, 1);
INSERT INTO interacts VALUES(566526236788, 4, 'Ambition', 2043, 671633, 1);
INSERT INTO interacts VALUES(566526236788, 4, 'Blank', 3711, 671776, 1);
INSERT INTO interacts VALUES(566526236788, 4, 'Blank', 3751, 672551, 1);
INSERT INTO interacts VALUES(566526236788, 4, 'Blank', 3341, 673743, 1);
INSERT INTO interacts VALUES(566526236788, 4, 'Blank', 2043, 677408, 1);
INSERT INTO interacts VALUES(566526236788, 4, 'Duke', 3052, 709503, 1);
INSERT INTO interacts VALUES(566526236788, 4, 'CuVee', 3152, 733998, 1);
INSERT INTO interacts VALUES(566526236788, 4, 'Crown', 3197, 747114, 1);
INSERT INTO interacts VALUES(566526236788, 4, 'Crown', 3363, 748244, 1);
INSERT INTO interacts VALUES(566526236788, 4, 'Faker', 3165, 786234, 1);
INSERT INTO interacts VALUES(566526236788, 4, 'Wolf', 3117, 853243, 1);
INSERT INTO interacts VALUES(566526236788, 4, 'Bang', 3006, 854023, 1);
INSERT INTO interacts VALUES(566526236788, 4, 'Wolf', 2043, 854465, 1);
INSERT INTO interacts VALUES(566526236788, 4, 'Wolf', 2043, 854562, 1);
INSERT INTO interacts VALUES(566526236788, 4, 'Bang', 3133, 855084, 1);
INSERT INTO interacts VALUES(566526236788, 4, 'Bang', 1018, 856291, 1);
INSERT INTO interacts VALUES(566526236788, 4, 'Wolf', 2010, 857459, 0);
INSERT INTO interacts VALUES(566526236788, 4, 'Bang', 2043, 857492, 1);
INSERT INTO interacts VALUES(566526236788, 4, 'Bang', 3363, 857718, 1);
INSERT INTO interacts VALUES(566526236788, 4, 'Wolf', 2031, 858009, 1);
INSERT INTO interacts VALUES(566526236788, 4, 'CoreJJ', 3158, 873097, 1);
INSERT INTO interacts VALUES(566526236788, 4, 'CoreJJ', 1004, 874369, 1);
INSERT INTO interacts VALUES(566526236788, 4, 'Ruler', 3142, 878451, 1);
INSERT INTO interacts VALUES(566526236788, 4, 'Ruler', 3009, 879117, 1);
INSERT INTO interacts VALUES(566526236788, 4, 'Crown', 3198, 896855, 1);
INSERT INTO interacts VALUES(566526236788, 4, 'Crown', 2043, 897829, 1);
INSERT INTO interacts VALUES(566526236788, 4, 'Blank', 1409, 899355, 1);
INSERT INTO interacts VALUES(566526236788, 4, 'Blank', 3364, 900804, 1);
INSERT INTO interacts VALUES(566526236788, 4, 'Blank', 1028, 902540, 1);
INSERT INTO interacts VALUES(566526236788, 4, 'Ambition', 3155, 914868, 1);
INSERT INTO interacts VALUES(566526236788, 4, 'Ambition', 2043, 915253, 1);
INSERT INTO interacts VALUES(566526236788, 4, 'Duke', 1011, 966894, 1);
INSERT INTO interacts VALUES(566526236788, 4, 'CuVee', 3020, 986761, 1);
INSERT INTO interacts VALUES(566526236788, 4, 'CuVee', 1026, 987831, 1);
INSERT INTO interacts VALUES(566526236788, 4, 'Faker', 1058, 989587, 1);
INSERT INTO interacts VALUES(566526236788, 4, 'Duke', 1011, 997312, 1);
INSERT INTO interacts VALUES(566526236788, 4, 'Crown', 1052, 1013682, 1);
INSERT INTO interacts VALUES(566526236788, 4, 'Crown', 1028, 1014787, 1);
INSERT INTO interacts VALUES(566526236788, 4, 'CoreJJ', 3098, 1014949, 1);
INSERT INTO interacts VALUES(566526236788, 4, 'CoreJJ', 3364, 1015416, 1);
INSERT INTO interacts VALUES(566526236788, 4, 'CoreJJ', 2043, 1016455, 1);
INSERT INTO interacts VALUES(566526236788, 4, 'Ambition', 2031, 1031649, 0);
INSERT INTO interacts VALUES(566526236788, 4, 'Ambition', 3111, 1032833, 1);
INSERT INTO interacts VALUES(566526236788, 4, 'Wolf', 2045, 1033563, 1);
INSERT INTO interacts VALUES(566526236788, 4, 'Blank', 3211, 1042070, 1);
INSERT INTO interacts VALUES(566526236788, 4, 'Blank', 2043, 1043399, 1);
INSERT INTO interacts VALUES(566526236788, 4, 'Bang', 3508, 1091751, 1);
INSERT INTO interacts VALUES(566526236788, 4, 'Bang', 1043, 1093700, 1);
INSERT INTO interacts VALUES(566526236788, 4, 'Ruler', 1038, 1120330, 1);
INSERT INTO interacts VALUES(566526236788, 4, 'Ruler', 1036, 1121210, 1);
INSERT INTO interacts VALUES(566526236788, 4, 'Ruler', 2043, 1121990, 1);
INSERT INTO interacts VALUES(566526236788, 4, 'CoreJJ', 2301, 1122720, 1);
INSERT INTO interacts VALUES(566526236788, 4, 'Ruler', 3363, 1122896, 1);
INSERT INTO interacts VALUES(566526236788, 4, 'CoreJJ', 1004, 1125235, 1);
INSERT INTO interacts VALUES(566526236788, 4, 'Wolf', 3801, 1173759, 1);
INSERT INTO interacts VALUES(566526236788, 4, 'Wolf', 2043, 1174696, 1);
INSERT INTO interacts VALUES(566526236788, 4, 'Wolf', 2043, 1174827, 1);
INSERT INTO interacts VALUES(566526236788, 4, 'Wolf', 3364, 1176647, 1);
INSERT INTO interacts VALUES(566526236788, 4, 'Crown', 1011, 1176860, 1);
INSERT INTO interacts VALUES(566526236788, 4, 'Duke', 3022, 1182526, 1);
INSERT INTO interacts VALUES(566526236788, 4, 'Duke', 1033, 1185959, 1);
INSERT INTO interacts VALUES(566526236788, 4, 'Faker', 3020, 1235074, 1);
INSERT INTO interacts VALUES(566526236788, 4, 'Ambition', 1011, 1244827, 1);
INSERT INTO interacts VALUES(566526236788, 4, 'CoreJJ', 3114, 1245088, 1);
INSERT INTO interacts VALUES(566526236788, 4, 'Ambition', 2043, 1245539, 1);
INSERT INTO interacts VALUES(566526236788, 4, 'CoreJJ', 2043, 1245897, 1);
INSERT INTO interacts VALUES(566526236788, 4, 'CuVee', 3135, 1246806, 1);
INSERT INTO interacts VALUES(566526236788, 4, 'Ambition', 1036, 1247649, 1);
INSERT INTO interacts VALUES(566526236788, 4, 'Ruler', 3134, 1271454, 1);
INSERT INTO interacts VALUES(566526236788, 4, 'Ruler', 2010, 1272673, 1);
INSERT INTO interacts VALUES(566526236788, 4, 'Blank', 3067, 1274790, 1);
INSERT INTO interacts VALUES(566526236788, 4, 'Blank', 2043, 1277171, 1);
INSERT INTO interacts VALUES(566526236788, 4, 'Duke', 3211, 1283518, 1);
INSERT INTO interacts VALUES(566526236788, 4, 'Wolf', 2043, 1296081, 1);
INSERT INTO interacts VALUES(566526236788, 4, 'Bang', 3086, 1300402, 1);
INSERT INTO interacts VALUES(566526236788, 4, 'CoreJJ', 1028, 1373041, 1);
INSERT INTO interacts VALUES(566526236788, 4, 'CoreJJ', 2043, 1373954, 1);
INSERT INTO interacts VALUES(566526236788, 4, 'CoreJJ', 2010, 1375217, 0);
INSERT INTO interacts VALUES(566526236788, 4, 'CoreJJ', 2043, 1375704, 1);
INSERT INTO interacts VALUES(566526236788, 4, 'Ambition', 3134, 1382333, 1);
INSERT INTO interacts VALUES(566526236788, 4, 'Ambition', 2043, 1383793, 1);
INSERT INTO interacts VALUES(566526236788, 4, 'Bang', 3085, 1409099, 1);
INSERT INTO interacts VALUES(566526236788, 4, 'Bang', 2043, 1411024, 1);
INSERT INTO interacts VALUES(566526236788, 4, 'Bang', 2010, 1412287, 1);
INSERT INTO interacts VALUES(566526236788, 4, 'Wolf', 3105, 1413747, 1);
INSERT INTO interacts VALUES(566526236788, 4, 'Wolf', 2043, 1415383, 1);
INSERT INTO interacts VALUES(566526236788, 4, 'Ruler', 3147, 1431599, 1);
INSERT INTO interacts VALUES(566526236788, 4, 'Ruler', 1036, 1432643, 1);
INSERT INTO interacts VALUES(566526236788, 4, 'Ruler', 2010, 1433361, 0);
INSERT INTO interacts VALUES(566526236788, 4, 'Ruler', 2043, 1434528, 1);
INSERT INTO interacts VALUES(566526236788, 4, 'Crown', 3116, 1438323, 1);
INSERT INTO interacts VALUES(566526236788, 4, 'Crown', 1052, 1440184, 1);
INSERT INTO interacts VALUES(566526236788, 4, 'Crown', 2031, 1440879, 0);
INSERT INTO interacts VALUES(566526236788, 4, 'Blank', 3065, 1441384, 1);
INSERT INTO interacts VALUES(566526236788, 4, 'Crown', 2043, 1441955, 1);
INSERT INTO interacts VALUES(566526236788, 4, 'Blank', 1029, 1442343, 1);
INSERT INTO interacts VALUES(566526236788, 4, 'Blank', 2043, 1443456, 1);
INSERT INTO interacts VALUES(566526236788, 4, 'Blank', 2043, 1443577, 1);
INSERT INTO interacts VALUES(566526236788, 4, 'CoreJJ', 2043, 1449353, 1);
INSERT INTO interacts VALUES(566526236788, 4, 'CoreJJ', 2010, 1449580, 1);
INSERT INTO interacts VALUES(566526236788, 4, 'CuVee', 1055, 1499292, 0);
INSERT INTO interacts VALUES(566526236788, 4, 'CuVee', 3191, 1503303, 1);
INSERT INTO interacts VALUES(566526236788, 4, 'Faker', 1056, 1506685, 0);
INSERT INTO interacts VALUES(566526236788, 4, 'Faker', 3089, 1507530, 1);
INSERT INTO interacts VALUES(566526236788, 4, 'CuVee', 1055, 1507826, 0);
INSERT INTO interacts VALUES(566526236788, 4, 'CuVee', 3108, 1509089, 1);
INSERT INTO interacts VALUES(566526236788, 4, 'Duke', 2031, 1509120, 0);
INSERT INTO interacts VALUES(566526236788, 4, 'Duke', 3065, 1510162, 1);
INSERT INTO interacts VALUES(566526236788, 4, 'Blank', 1031, 1511038, 1);
INSERT INTO interacts VALUES(566526236788, 4, 'Duke', 1028, 1513343, 1);
INSERT INTO interacts VALUES(566526236788, 4, 'Bang', 1037, 1531231, 1);
INSERT INTO interacts VALUES(566526236788, 4, 'CuVee', 2031, 1540026, 0);
INSERT INTO interacts VALUES(566526236788, 4, 'Ambition', 3156, 1541418, 1);
INSERT INTO interacts VALUES(566526236788, 4, 'Ambition', 2043, 1542569, 1);
INSERT INTO interacts VALUES(566526236788, 4, 'Wolf', 2043, 1543716, 1);
INSERT INTO interacts VALUES(566526236788, 4, 'Ruler', 1036, 1547842, 0);
INSERT INTO interacts VALUES(566526236788, 4, 'Crown', 2043, 1550050, 1);
INSERT INTO interacts VALUES(566526236788, 4, 'CoreJJ', 3067, 1551483, 1);
INSERT INTO interacts VALUES(566526236788, 4, 'CoreJJ', 2010, 1552358, 1);
INSERT INTO interacts VALUES(566526236788, 4, 'Ruler', 3035, 1554724, 1);
INSERT INTO interacts VALUES(566526236788, 4, 'CuVee', 3157, 1612027, 1);
INSERT INTO interacts VALUES(566526236788, 4, 'CuVee', 2043, 1612869, 1);
INSERT INTO interacts VALUES(566526236788, 4, 'Crown', 2043, 1642876, 1);
INSERT INTO interacts VALUES(566526236788, 4, 'Faker', 3363, 1649167, 1);
INSERT INTO interacts VALUES(566526236788, 4, 'CoreJJ', 2010, 1649316, 0);
INSERT INTO interacts VALUES(566526236788, 4, 'CoreJJ', 1052, 1649998, 1);
INSERT INTO interacts VALUES(566526236788, 4, 'Faker', 1026, 1650253, 1);
INSERT INTO interacts VALUES(566526236788, 4, 'Wolf', 3190, 1650383, 1);
INSERT INTO interacts VALUES(566526236788, 4, 'CoreJJ', 2043, 1651244, 1);
INSERT INTO interacts VALUES(566526236788, 4, 'Bang', 1038, 1654626, 1);
INSERT INTO interacts VALUES(566526236788, 4, 'Duke', 3044, 1655489, 1);
INSERT INTO interacts VALUES(566526236788, 4, 'Ambition', 1031, 1662050, 1);
INSERT INTO interacts VALUES(566526236788, 4, 'Blank', 1057, 1667794, 1);
INSERT INTO interacts VALUES(566526236788, 4, 'Blank', 2031, 1669352, 0);
INSERT INTO interacts VALUES(566526236788, 4, 'Blank', 2043, 1670815, 1);
INSERT INTO interacts VALUES(566526236788, 4, 'Ambition', 2043, 1741314, 1);
INSERT INTO interacts VALUES(566526236788, 4, 'CoreJJ', 3113, 1759281, 1);
INSERT INTO interacts VALUES(566526236788, 4, 'CoreJJ', 2043, 1760089, 1);
INSERT INTO interacts VALUES(566526236788, 4, 'Ruler', 3036, 1773629, 1);
INSERT INTO interacts VALUES(566526236788, 4, 'Ruler', 2010, 1776193, 1);
INSERT INTO interacts VALUES(566526236788, 4, 'Bang', 3031, 1805715, 1);
INSERT INTO interacts VALUES(566526236788, 4, 'Faker', 3135, 1808749, 1);
INSERT INTO interacts VALUES(566526236788, 4, 'Blank', 3026, 1818953, 1);
INSERT INTO interacts VALUES(566526236788, 4, 'Blank', 1028, 1820331, 1);
INSERT INTO interacts VALUES(566526236788, 4, 'Blank', 2043, 1821404, 1);
INSERT INTO interacts VALUES(566526236788, 4, 'Wolf', 2031, 1829822, 0);
INSERT INTO interacts VALUES(566526236788, 4, 'Wolf', 2043, 1830955, 1);
INSERT INTO interacts VALUES(566526236788, 4, 'CuVee', 1058, 1832471, 1);
INSERT INTO interacts VALUES(566526236788, 4, 'CuVee', 2043, 1833295, 1);
INSERT INTO interacts VALUES(566526236788, 4, 'Wolf', 3114, 1834025, 1);
INSERT INTO interacts VALUES(566526236788, 4, 'Ambition', 2043, 1834950, 1);
INSERT INTO interacts VALUES(566526236788, 4, 'CoreJJ', 2043, 1838595, 1);
INSERT INTO interacts VALUES(566526236788, 4, 'CoreJJ', 2043, 1838720, 1);
INSERT INTO interacts VALUES(566526236788, 4, 'Crown', 1026, 1849220, 1);
INSERT INTO interacts VALUES(566526236788, 4, 'Duke', 3071, 1864084, 1);
INSERT INTO interacts VALUES(566526236788, 4, 'Crown', 3135, 1892148, 1);
INSERT INTO interacts VALUES(566526236788, 4, 'CuVee', 1026, 1966831, 1);
INSERT INTO interacts VALUES(566526236788, 4, 'Bang', 1033, 1968546, 1);
INSERT INTO interacts VALUES(566526236788, 4, 'CoreJJ', 2043, 1972388, 0);
INSERT INTO interacts VALUES(566526236788, 4, 'CoreJJ', 3504, 1974857, 1);
INSERT INTO interacts VALUES(566526236788, 4, 'CoreJJ', 1033, 1976872, 1);
INSERT INTO interacts VALUES(566526236788, 4, 'Ruler', 2010, 1980612, 0);
INSERT INTO interacts VALUES(566526236788, 4, 'Ruler', 3140, 1981961, 1);
INSERT INTO interacts VALUES(566526236788, 4, 'Crown', 3057, 1982483, 1);
INSERT INTO interacts VALUES(566526236788, 4, 'Ruler', 2140, 1983733, 1);
INSERT INTO interacts VALUES(566526236788, 4, 'CoreJJ', 2043, 1984266, 1);
INSERT INTO interacts VALUES(566526236788, 4, 'Blank', 1031, 1987199, 1);
INSERT INTO interacts VALUES(566526236788, 4, 'Ambition', 3742, 1992222, 1);
INSERT INTO interacts VALUES(566526236788, 4, 'Ambition', 1033, 1993344, 1);
INSERT INTO interacts VALUES(566526236788, 4, 'Bang', 3140, 2045492, 1);
INSERT INTO interacts VALUES(566526236788, 4, 'Faker', 2031, 2046806, 0);
INSERT INTO interacts VALUES(566526236788, 4, 'Faker', 1058, 2047884, 1);
INSERT INTO interacts VALUES(566526236788, 4, 'CoreJJ', 3028, 2098867, 1);
INSERT INTO interacts VALUES(566526236788, 4, 'CuVee', 3089, 2098999, 1);
INSERT INTO interacts VALUES(566526236788, 4, 'CuVee', 1028, 2100844, 1);
INSERT INTO interacts VALUES(566526236788, 4, 'Ambition', 3105, 2101920, 1);
INSERT INTO interacts VALUES(566526236788, 4, 'Crown', 1056, 2101925, 0);
INSERT INTO interacts VALUES(566526236788, 4, 'Ruler', 1055, 2101959, 0);
INSERT INTO interacts VALUES(566526236788, 4, 'CoreJJ', 2043, 2102382, 1);
INSERT INTO interacts VALUES(566526236788, 4, 'CoreJJ', 2043, 2102544, 1);
INSERT INTO interacts VALUES(566526236788, 4, 'Ambition', 2043, 2103002, 1);
INSERT INTO interacts VALUES(566526236788, 4, 'Crown', 3113, 2103682, 1);
INSERT INTO interacts VALUES(566526236788, 4, 'Ruler', 3139, 2107696, 1);
INSERT INTO interacts VALUES(566526236788, 4, 'Wolf', 3303, 2126935, 0);
INSERT INTO interacts VALUES(566526236788, 4, 'Wolf', 3028, 2127917, 1);
INSERT INTO interacts VALUES(566526236788, 4, 'Wolf', 2043, 2128834, 1);
INSERT INTO interacts VALUES(566526236788, 4, 'Wolf', 2043, 2128995, 1);
INSERT INTO interacts VALUES(566526236788, 4, 'Blank', 1011, 2170540, 1);
INSERT INTO interacts VALUES(566526236788, 4, 'Ruler', 2043, 2190385, 1);
INSERT INTO interacts VALUES(566526236788, 4, 'Crown', 3100, 2200353, 1);
INSERT INTO interacts VALUES(566526236788, 4, 'Wolf', 3222, 2228942, 1);
INSERT INTO interacts VALUES(566526236788, 4, 'Wolf', 2043, 2230015, 1);
INSERT INTO interacts VALUES(566526236788, 4, 'Wolf', 2043, 2230147, 1);
INSERT INTO interacts VALUES(566526236788, 4, 'Duke', 1054, 2235182, 0);
INSERT INTO interacts VALUES(566526236788, 4, 'Duke', 3026, 2235868, 1);
INSERT INTO interacts VALUES(566526236788, 4, 'Bang', 3139, 2237864, 1);
INSERT INTO interacts VALUES(566526236788, 4, 'Bang', 2140, 2239232, 1);
INSERT INTO interacts VALUES(566526236788, 4, 'CuVee', 3211, 2300153, 1);
INSERT INTO interacts VALUES(566526236788, 4, 'Ruler', 2140, 2301248, 1);
INSERT INTO interacts VALUES(566526236788, 4, 'CoreJJ', 3222, 2302525, 1);
INSERT INTO interacts VALUES(566526236788, 4, 'Ambition', 3190, 2303890, 1);
INSERT INTO interacts VALUES(566526236788, 4, 'CoreJJ', 3158, 2304189, 0);
INSERT INTO interacts VALUES(566526236788, 4, 'Ambition', 2043, 2304616, 1);
INSERT INTO interacts VALUES(566526236788, 4, 'CoreJJ', 3009, 2305528, 1);
INSERT INTO interacts VALUES(566526236788, 4, 'Crown', 1026, 2313761, 1);
INSERT INTO interacts VALUES(566526236788, 4, 'Bang', 1055, 2325089, 0);
INSERT INTO interacts VALUES(566526236788, 4, 'Bang', 3035, 2326057, 1);
INSERT INTO interacts VALUES(566526236788, 4, 'Blank', 3742, 2330563, 1);
INSERT INTO interacts VALUES(566526236788, 4, 'Blank', 2043, 2331999, 1);
INSERT INTO interacts VALUES(566526236788, 4, 'Blank', 2043, 2332129, 1);
INSERT INTO interacts VALUES(566526236788, 4, 'Faker', 3285, 2359323, 1);
INSERT INTO interacts VALUES(566526236788, 4, 'CuVee', 3102, 2433959, 1);
INSERT INTO interacts VALUES(566526236788, 4, 'Ambition', 1031, 2461791, 1);
INSERT INTO interacts VALUES(566526236788, 4, 'Ruler', 1038, 2462843, 1);
INSERT INTO interacts VALUES(566526236788, 4, 'Ruler', 2140, 2463596, 1);
INSERT INTO interacts VALUES(566526236788, 4, 'CoreJJ', 3801, 2463725, 1);
INSERT INTO interacts VALUES(566526236788, 4, 'CuVee', 2139, 2473553, 1);
INSERT INTO interacts VALUES(566526236788, 4, 'Duke', 1055, 2476815, 0);
INSERT INTO interacts VALUES(566526236788, 4, 'Duke', 3082, 2479476, 1);
INSERT INTO interacts VALUES(566526236788, 4, 'Wolf', 2043, 2480093, 1);
INSERT INTO interacts VALUES(566526236788, 4, 'Wolf', 2043, 2480198, 1);
INSERT INTO interacts VALUES(566526236788, 4, 'Wolf', 3024, 2484260, 1);
INSERT INTO interacts VALUES(566526236788, 4, 'Blank', 1057, 2496893, 1);
INSERT INTO interacts VALUES(566526236788, 4, 'Bang', 3036, 2543646, 1);
INSERT INTO interacts VALUES(566526236788, 4, 'Bang', 2140, 2544492, 1);
INSERT INTO interacts VALUES(566526236788, 4, 'CoreJJ', 3190, 2584365, 1);
INSERT INTO interacts VALUES(566526236788, 4, 'Wolf', 2043, 2663676, 1);
INSERT INTO interacts VALUES(566526236788, 4, 'Wolf', 2043, 2663820, 1);
INSERT INTO interacts VALUES(566526236788, 4, 'Blank', 2138, 2666184, 1);
INSERT INTO interacts VALUES(566526236788, 4, 'Faker', 2139, 2668811, 1);
INSERT INTO interacts VALUES(566526236788, 4, 'CuVee', 2139, 2707324, 1);
INSERT INTO interacts VALUES(566526236788, 4, 'Bang', 2140, 2719173, 1);
INSERT INTO matches VALUES(566526236788, 5, '2016-10-29');
INSERT INTO scores VALUES('SSG', 566526236788, 5, 0, 3, 0, 0, 1, 0);
INSERT INTO scores VALUES('SKT', 566526236788, 5, 3, 11, 0, 2, 5, 1);
INSERT INTO bans VALUES(566526236788, 5, 134, 1);
INSERT INTO bans VALUES(566526236788, 5, 13, 3);
INSERT INTO bans VALUES(566526236788, 5, 43, 5);
INSERT INTO bans VALUES(566526236788, 5, 76, 2);
INSERT INTO bans VALUES(566526236788, 5, 143, 4);
INSERT INTO bans VALUES(566526236788, 5, 136, 6);
INSERT INTO plays VALUES(566526236788, 5, 'CuVee', 78, 'top', 1, 2, 1, 15114, 31, 16, 354, 11, 1, 15943);
INSERT INTO plays VALUES(566526236788, 5, 'Ambition', 2, 'jungle', 1, 4, 7, 18822, 47, 35, 67, 125, 21, 15938);
INSERT INTO plays VALUES(566526236788, 5, 'Crown', 69, 'mid', 2, 3, 4, 16830, 29, 13, 451, 15, 2, 18094);
INSERT INTO plays VALUES(566526236788, 5, 'Ruler', 202, 'adc', 3, 0, 4, 41138, 17, 9, 439, 12, 1, 19000);
INSERT INTO plays VALUES(566526236788, 5, 'CoreJJ', 223, 'support', 1, 4, 3, 6044, 83, 17, 73, 1, 0, 12012);
INSERT INTO plays VALUES(566526236788, 5, 'Duke', 48, 'top', 2, 1, 5, 17951, 25, 9, 475, 5, 3, 20930);
INSERT INTO plays VALUES(566526236788, 5, 'Bengi', 64, 'jungle', 2, 2, 8, 14309, 42, 52, 71, 80, 31, 17025);
INSERT INTO plays VALUES(566526236788, 5, 'Faker', 112, 'mid', 6, 2, 4, 46387, 24, 10, 474, 35, 25, 24505);
INSERT INTO plays VALUES(566526236788, 5, 'Bang', 22, 'adc', 2, 2, 6, 32502, 20, 17, 397, 59, 16, 21649);
INSERT INTO plays VALUES(566526236788, 5, 'Wolf', 201, 'support', 1, 1, 10, 8514, 79, 30, 59, 0, 0, 14065);
INSERT INTO interacts VALUES(566526236788, 5, 'Duke', 2033, 1574, 1);
INSERT INTO interacts VALUES(566526236788, 5, 'CuVee', 2033, 1574, 1);
INSERT INTO interacts VALUES(566526236788, 5, 'CuVee', 3340, 1730, 1);
INSERT INTO interacts VALUES(566526236788, 5, 'Duke', 3340, 1796, 1);
INSERT INTO interacts VALUES(566526236788, 5, 'Wolf', 3302, 2351, 1);
INSERT INTO interacts VALUES(566526236788, 5, 'Ruler', 1055, 2505, 1);
INSERT INTO interacts VALUES(566526236788, 5, 'Bengi', 1041, 2537, 1);
INSERT INTO interacts VALUES(566526236788, 5, 'Wolf', 2010, 2572, 1);
INSERT INTO interacts VALUES(566526236788, 5, 'Wolf', 2010, 2700, 1);
INSERT INTO interacts VALUES(566526236788, 5, 'Ruler', 2010, 2766, 1);
INSERT INTO interacts VALUES(566526236788, 5, 'Bengi', 2031, 2798, 1);
INSERT INTO interacts VALUES(566526236788, 5, 'Wolf', 2010, 2831, 1);
INSERT INTO interacts VALUES(566526236788, 5, 'Crown', 2010, 3025, 1);
INSERT INTO interacts VALUES(566526236788, 5, 'Wolf', 3340, 3025, 1);
INSERT INTO interacts VALUES(566526236788, 5, 'Bengi', 3340, 3090, 1);
INSERT INTO interacts VALUES(566526236788, 5, 'Crown', 2010, 3153, 1);
INSERT INTO interacts VALUES(566526236788, 5, 'Crown', 1056, 3389, 1);
INSERT INTO interacts VALUES(566526236788, 5, 'Ruler', 3340, 3478, 1);
INSERT INTO interacts VALUES(566526236788, 5, 'Faker', 1056, 3542, 1);
INSERT INTO interacts VALUES(566526236788, 5, 'Crown', 3340, 3674, 1);
INSERT INTO interacts VALUES(566526236788, 5, 'CoreJJ', 3302, 3674, 1);
INSERT INTO interacts VALUES(566526236788, 5, 'Faker', 2003, 3705, 1);
INSERT INTO interacts VALUES(566526236788, 5, 'Bang', 1055, 3802, 1);
INSERT INTO interacts VALUES(566526236788, 5, 'Faker', 2003, 3868, 1);
INSERT INTO interacts VALUES(566526236788, 5, 'Faker', 3340, 4029, 1);
INSERT INTO interacts VALUES(566526236788, 5, 'Bang', 2010, 4093, 1);
INSERT INTO interacts VALUES(566526236788, 5, 'Bang', 3340, 4322, 1);
INSERT INTO interacts VALUES(566526236788, 5, 'CoreJJ', 2010, 4355, 1);
INSERT INTO interacts VALUES(566526236788, 5, 'CoreJJ', 2010, 4486, 1);
INSERT INTO interacts VALUES(566526236788, 5, 'CoreJJ', 2010, 4616, 1);
INSERT INTO interacts VALUES(566526236788, 5, 'Ambition', 1039, 4744, 1);
INSERT INTO interacts VALUES(566526236788, 5, 'CoreJJ', 3340, 5070, 1);
INSERT INTO interacts VALUES(566526236788, 5, 'Ambition', 2031, 5588, 1);
INSERT INTO interacts VALUES(566526236788, 5, 'CoreJJ', 2043, 199620, 1);
INSERT INTO interacts VALUES(566526236788, 5, 'CoreJJ', 2043, 199750, 1);
INSERT INTO interacts VALUES(566526236788, 5, 'Bengi', 1036, 208645, 1);
INSERT INTO interacts VALUES(566526236788, 5, 'Bengi', 2043, 210655, 1);
INSERT INTO interacts VALUES(566526236788, 5, 'Bang', 1036, 229450, 1);
INSERT INTO interacts VALUES(566526236788, 5, 'Bang', 1036, 229587, 1);
INSERT INTO interacts VALUES(566526236788, 5, 'Faker', 1001, 242400, 1);
INSERT INTO interacts VALUES(566526236788, 5, 'Faker', 1056, 242823, 1);
INSERT INTO interacts VALUES(566526236788, 5, 'Faker', 2031, 243637, 1);
INSERT INTO interacts VALUES(566526236788, 5, 'Ambition', 3158, 244026, 1);
INSERT INTO interacts VALUES(566526236788, 5, 'Crown', 3070, 250094, 1);
INSERT INTO interacts VALUES(566526236788, 5, 'Crown', 2043, 251085, 1);
INSERT INTO interacts VALUES(566526236788, 5, 'Ruler', 1036, 252982, 1);
INSERT INTO interacts VALUES(566526236788, 5, 'Ruler', 2043, 253697, 1);
INSERT INTO interacts VALUES(566526236788, 5, 'Ruler', 1036, 254446, 1);
INSERT INTO interacts VALUES(566526236788, 5, 'Ruler', 2010, 255186, 1);
INSERT INTO interacts VALUES(566526236788, 5, 'Ruler', 2010, 255280, 1);
INSERT INTO interacts VALUES(566526236788, 5, 'Crown', 2031, 258980, 1);
INSERT INTO interacts VALUES(566526236788, 5, 'Wolf', 2049, 266121, 1);
INSERT INTO interacts VALUES(566526236788, 5, 'Wolf', 3341, 266906, 1);
INSERT INTO interacts VALUES(566526236788, 5, 'Wolf', 2043, 267121, 1);
INSERT INTO interacts VALUES(566526236788, 5, 'Wolf', 2010, 267381, 1);
INSERT INTO interacts VALUES(566526236788, 5, 'Wolf', 2010, 269762, 0);
INSERT INTO interacts VALUES(566526236788, 5, 'Wolf', 2031, 270560, 1);
INSERT INTO interacts VALUES(566526236788, 5, 'Wolf', 2043, 273255, 1);
INSERT INTO interacts VALUES(566526236788, 5, 'Bengi', 3133, 316174, 1);
INSERT INTO interacts VALUES(566526236788, 5, 'Bengi', 2043, 317304, 1);
INSERT INTO interacts VALUES(566526236788, 5, 'Ambition', 2032, 338908, 1);
INSERT INTO interacts VALUES(566526236788, 5, 'Ambition', 1041, 341900, 1);
INSERT INTO interacts VALUES(566526236788, 5, 'Duke', 3077, 359656, 1);
INSERT INTO interacts VALUES(566526236788, 5, 'Duke', 2043, 362354, 1);
INSERT INTO interacts VALUES(566526236788, 5, 'CuVee', 3751, 380246, 1);
INSERT INTO interacts VALUES(566526236788, 5, 'CuVee', 1001, 381308, 1);
INSERT INTO interacts VALUES(566526236788, 5, 'CuVee', 2043, 384625, 1);
INSERT INTO interacts VALUES(566526236788, 5, 'Ruler', 3134, 431451, 1);
INSERT INTO interacts VALUES(566526236788, 5, 'Ruler', 1036, 432359, 1);
INSERT INTO interacts VALUES(566526236788, 5, 'Ruler', 2010, 434825, 1);
INSERT INTO interacts VALUES(566526236788, 5, 'Bang', 1038, 462786, 1);
INSERT INTO interacts VALUES(566526236788, 5, 'Wolf', 1001, 476904, 1);
INSERT INTO interacts VALUES(566526236788, 5, 'Wolf', 2043, 477668, 1);
INSERT INTO interacts VALUES(566526236788, 5, 'CoreJJ', 2049, 488385, 1);
INSERT INTO interacts VALUES(566526236788, 5, 'CoreJJ', 2043, 489161, 1);
INSERT INTO interacts VALUES(566526236788, 5, 'CoreJJ', 2043, 489258, 1);
INSERT INTO interacts VALUES(566526236788, 5, 'CoreJJ', 3341, 489588, 1);
INSERT INTO interacts VALUES(566526236788, 5, 'CuVee', 1029, 503223, 1);
INSERT INTO interacts VALUES(566526236788, 5, 'CuVee', 2043, 503873, 1);
INSERT INTO interacts VALUES(566526236788, 5, 'CuVee', 1029, 506186, 1);
INSERT INTO interacts VALUES(566526236788, 5, 'Bengi', 2031, 515245, 0);
INSERT INTO interacts VALUES(566526236788, 5, 'Duke', 1053, 517185, 1);
INSERT INTO interacts VALUES(566526236788, 5, 'Duke', 2043, 518810, 1);
INSERT INTO interacts VALUES(566526236788, 5, 'Bengi', 1408, 520400, 1);
INSERT INTO interacts VALUES(566526236788, 5, 'Ambition', 3711, 521602, 1);
INSERT INTO interacts VALUES(566526236788, 5, 'Ambition', 1028, 522027, 1);
INSERT INTO interacts VALUES(566526236788, 5, 'Ambition', 2043, 522449, 1);
INSERT INTO interacts VALUES(566526236788, 5, 'Faker', 3196, 543344, 1);
INSERT INTO interacts VALUES(566526236788, 5, 'Faker', 2043, 544063, 1);
INSERT INTO interacts VALUES(566526236788, 5, 'Crown', 1057, 565413, 1);
INSERT INTO interacts VALUES(566526236788, 5, 'Crown', 3108, 566060, 1);
INSERT INTO interacts VALUES(566526236788, 5, 'Crown', 2043, 567263, 1);
INSERT INTO interacts VALUES(566526236788, 5, 'Ambition', 3751, 616294, 1);
INSERT INTO interacts VALUES(566526236788, 5, 'Bengi', 1001, 655521, 1);
INSERT INTO interacts VALUES(566526236788, 5, 'Bengi', 2043, 656431, 1);
INSERT INTO interacts VALUES(566526236788, 5, 'Faker', 3197, 660645, 1);
INSERT INTO interacts VALUES(566526236788, 5, 'Faker', 2043, 661295, 1);
INSERT INTO interacts VALUES(566526236788, 5, 'Bang', 3006, 700585, 1);
INSERT INTO interacts VALUES(566526236788, 5, 'Bang', 3133, 701427, 1);
INSERT INTO interacts VALUES(566526236788, 5, 'Bang', 2010, 721847, 1);
INSERT INTO interacts VALUES(566526236788, 5, 'Wolf', 3111, 722172, 1);
INSERT INTO interacts VALUES(566526236788, 5, 'CoreJJ', 3009, 744318, 1);
INSERT INTO interacts VALUES(566526236788, 5, 'CoreJJ', 1028, 744940, 1);
INSERT INTO interacts VALUES(566526236788, 5, 'Ruler', 3142, 745301, 1);
INSERT INTO interacts VALUES(566526236788, 5, 'Ruler', 3009, 746168, 1);
INSERT INTO interacts VALUES(566526236788, 5, 'CoreJJ', 2043, 746168, 1);
INSERT INTO interacts VALUES(566526236788, 5, 'Ruler', 1036, 747011, 1);
INSERT INTO interacts VALUES(566526236788, 5, 'Ruler', 2043, 748662, 1);
INSERT INTO interacts VALUES(566526236788, 5, 'Crown', 3001, 749115, 1);
INSERT INTO interacts VALUES(566526236788, 5, 'Crown', 2043, 750218, 1);
INSERT INTO interacts VALUES(566526236788, 5, 'Crown', 3363, 752197, 1);
INSERT INTO interacts VALUES(566526236788, 5, 'Duke', 3074, 753041, 1);
INSERT INTO interacts VALUES(566526236788, 5, 'Ambition', 1409, 754145, 1);
INSERT INTO interacts VALUES(566526236788, 5, 'Ambition', 3364, 755089, 1);
INSERT INTO interacts VALUES(566526236788, 5, 'Ambition', 1028, 755738, 1);
INSERT INTO interacts VALUES(566526236788, 5, 'CuVee', 3068, 764281, 1);
INSERT INTO interacts VALUES(566526236788, 5, 'CuVee', 2043, 765580, 1);
INSERT INTO interacts VALUES(566526236788, 5, 'Faker', 3198, 775365, 1);
INSERT INTO interacts VALUES(566526236788, 5, 'CoreJJ', 2010, 846311, 1);
INSERT INTO interacts VALUES(566526236788, 5, 'CoreJJ', 2010, 846423, 1);
INSERT INTO interacts VALUES(566526236788, 5, 'CoreJJ', 2043, 846616, 1);
INSERT INTO interacts VALUES(566526236788, 5, 'Ambition', 1011, 872067, 1);
INSERT INTO interacts VALUES(566526236788, 5, 'Wolf', 2045, 872536, 1);
INSERT INTO interacts VALUES(566526236788, 5, 'Ambition', 2043, 873107, 1);
INSERT INTO interacts VALUES(566526236788, 5, 'Wolf', 2043, 873758, 1);
INSERT INTO interacts VALUES(566526236788, 5, 'Wolf', 2043, 873919, 1);
INSERT INTO interacts VALUES(566526236788, 5, 'Bang', 1018, 874876, 1);
INSERT INTO interacts VALUES(566526236788, 5, 'Bengi', 3009, 877033, 1);
INSERT INTO interacts VALUES(566526236788, 5, 'Bengi', 3364, 877390, 1);
INSERT INTO interacts VALUES(566526236788, 5, 'Bang', 3363, 877728, 1);
INSERT INTO interacts VALUES(566526236788, 5, 'Bengi', 1011, 878625, 1);
INSERT INTO interacts VALUES(566526236788, 5, 'Ruler', 1036, 888758, 1);
INSERT INTO interacts VALUES(566526236788, 5, 'Ruler', 2043, 889342, 1);
INSERT INTO interacts VALUES(566526236788, 5, 'Ruler', 3363, 890539, 1);
INSERT INTO interacts VALUES(566526236788, 5, 'Faker', 2043, 929861, 0);
INSERT INTO interacts VALUES(566526236788, 5, 'Faker', 1058, 931274, 1);
INSERT INTO interacts VALUES(566526236788, 5, 'Bengi', 2043, 953956, 1);
INSERT INTO interacts VALUES(566526236788, 5, 'Bengi', 2043, 954053, 1);
INSERT INTO interacts VALUES(566526236788, 5, 'Bang', 3508, 970551, 1);
INSERT INTO interacts VALUES(566526236788, 5, 'Bang', 1042, 971072, 1);
INSERT INTO interacts VALUES(566526236788, 5, 'CoreJJ', 2045, 993636, 1);
INSERT INTO interacts VALUES(566526236788, 5, 'CoreJJ', 2043, 994545, 1);
INSERT INTO interacts VALUES(566526236788, 5, 'CoreJJ', 2043, 994677, 1);
INSERT INTO interacts VALUES(566526236788, 5, 'Crown', 3108, 997148, 1);
INSERT INTO interacts VALUES(566526236788, 5, 'Bang', 2043, 998221, 1);
INSERT INTO interacts VALUES(566526236788, 5, 'Crown', 3802, 998775, 1);
INSERT INTO interacts VALUES(566526236788, 5, 'Crown', 2031, 1000201, 0);
INSERT INTO interacts VALUES(566526236788, 5, 'Crown', 2043, 1000852, 1);
INSERT INTO interacts VALUES(566526236788, 5, 'Ruler', 1038, 1017873, 1);
INSERT INTO interacts VALUES(566526236788, 5, 'Ambition', 1031, 1019153, 1);
INSERT INTO interacts VALUES(566526236788, 5, 'CuVee', 3047, 1031641, 1);
INSERT INTO interacts VALUES(566526236788, 5, 'CuVee', 1028, 1034695, 1);
INSERT INTO interacts VALUES(566526236788, 5, 'CuVee', 1033, 1034921, 1);
INSERT INTO interacts VALUES(566526236788, 5, 'CuVee', 2043, 1037920, 1);
INSERT INTO interacts VALUES(566526236788, 5, 'Duke', 3111, 1055426, 1);
INSERT INTO interacts VALUES(566526236788, 5, 'Duke', 3057, 1058545, 1);
INSERT INTO interacts VALUES(566526236788, 5, 'Duke', 2043, 1059327, 1);
INSERT INTO interacts VALUES(566526236788, 5, 'Wolf', 3801, 1069534, 1);
INSERT INTO interacts VALUES(566526236788, 5, 'Wolf', 2043, 1070833, 1);
INSERT INTO interacts VALUES(566526236788, 5, 'Wolf', 2043, 1070963, 1);
INSERT INTO interacts VALUES(566526236788, 5, 'Faker', 3158, 1108238, 1);
INSERT INTO interacts VALUES(566526236788, 5, 'CoreJJ', 3097, 1116132, 1);
INSERT INTO interacts VALUES(566526236788, 5, 'Bang', 3086, 1130006, 1);
INSERT INTO interacts VALUES(566526236788, 5, 'CuVee', 3211, 1134296, 1);
INSERT INTO interacts VALUES(566526236788, 5, 'Ambition', 3742, 1146040, 1);
INSERT INTO interacts VALUES(566526236788, 5, 'Crown', 3165, 1176303, 1);
INSERT INTO interacts VALUES(566526236788, 5, 'Crown', 1028, 1177829, 1);
INSERT INTO interacts VALUES(566526236788, 5, 'Duke', 3024, 1213233, 1);
INSERT INTO interacts VALUES(566526236788, 5, 'Ruler', 3134, 1233806, 1);
INSERT INTO interacts VALUES(566526236788, 5, 'Ruler', 2043, 1234424, 1);
INSERT INTO interacts VALUES(566526236788, 5, 'CoreJJ', 3364, 1235914, 1);
INSERT INTO interacts VALUES(566526236788, 5, 'CuVee', 1011, 1236354, 1);
INSERT INTO interacts VALUES(566526236788, 5, 'CoreJJ', 2043, 1236732, 1);
INSERT INTO interacts VALUES(566526236788, 5, 'Faker', 3116, 1238257, 1);
INSERT INTO interacts VALUES(566526236788, 5, 'Bengi', 3742, 1238518, 1);
INSERT INTO interacts VALUES(566526236788, 5, 'Wolf', 3105, 1240082, 1);
INSERT INTO interacts VALUES(566526236788, 5, 'Wolf', 3364, 1240728, 1);
INSERT INTO interacts VALUES(566526236788, 5, 'Wolf', 2043, 1240893, 1);
INSERT INTO interacts VALUES(566526236788, 5, 'Ambition', 1033, 1269298, 1);
INSERT INTO interacts VALUES(566526236788, 5, 'Ambition', 2043, 1270173, 1);
INSERT INTO interacts VALUES(566526236788, 5, 'Ambition', 2043, 1270389, 1);
INSERT INTO interacts VALUES(566526236788, 5, 'CoreJJ', 3067, 1319088, 1);
INSERT INTO interacts VALUES(566526236788, 5, 'Bang', 1043, 1321721, 1);
INSERT INTO interacts VALUES(566526236788, 5, 'Duke', 3025, 1328354, 1);
INSERT INTO interacts VALUES(566526236788, 5, 'Ruler', 3147, 1331810, 1);
INSERT INTO interacts VALUES(566526236788, 5, 'Ruler', 2043, 1332871, 1);
INSERT INTO interacts VALUES(566526236788, 5, 'Ruler', 2010, 1333131, 1);
INSERT INTO interacts VALUES(566526236788, 5, 'Duke', 1033, 1387605, 1);
INSERT INTO interacts VALUES(566526236788, 5, 'Faker', 2031, 1399530, 0);
INSERT INTO interacts VALUES(566526236788, 5, 'Faker', 1026, 1400471, 1);
INSERT INTO interacts VALUES(566526236788, 5, 'Faker', 3363, 1410322, 1);
INSERT INTO interacts VALUES(566526236788, 5, 'Ambition', 3211, 1417534, 1);
INSERT INTO interacts VALUES(566526236788, 5, 'CuVee', 1031, 1420368, 1);
INSERT INTO interacts VALUES(566526236788, 5, 'Duke', 2043, 1423354, 1);
INSERT INTO interacts VALUES(566526236788, 5, 'CoreJJ', 3401, 1425659, 1);
INSERT INTO interacts VALUES(566526236788, 5, 'CoreJJ', 2043, 1426549, 1);
INSERT INTO interacts VALUES(566526236788, 5, 'CoreJJ', 2010, 1426758, 1);
INSERT INTO interacts VALUES(566526236788, 5, 'CoreJJ', 2010, 1426919, 1);
INSERT INTO interacts VALUES(566526236788, 5, 'Crown', 1058, 1438553, 1);
INSERT INTO interacts VALUES(566526236788, 5, 'Crown', 1011, 1438878, 1);
INSERT INTO interacts VALUES(566526236788, 5, 'Ruler', 3035, 1453244, 1);
INSERT INTO interacts VALUES(566526236788, 5, 'Bang', 3085, 1458045, 1);
INSERT INTO interacts VALUES(566526236788, 5, 'Bang', 2010, 1461675, 1);
INSERT INTO interacts VALUES(566526236788, 5, 'Bang', 2043, 1461884, 1);
INSERT INTO interacts VALUES(566526236788, 5, 'Bengi', 3211, 1485301, 1);
INSERT INTO interacts VALUES(566526236788, 5, 'Bengi', 2043, 1486517, 1);
INSERT INTO interacts VALUES(566526236788, 5, 'CuVee', 3742, 1546881, 1);
INSERT INTO interacts VALUES(566526236788, 5, 'CuVee', 1028, 1548991, 1);
INSERT INTO interacts VALUES(566526236788, 5, 'Wolf', 2043, 1563625, 1);
INSERT INTO interacts VALUES(566526236788, 5, 'Wolf', 2043, 1564274, 1);
INSERT INTO interacts VALUES(566526236788, 5, 'Wolf', 3190, 1564728, 1);
INSERT INTO interacts VALUES(566526236788, 5, 'CoreJJ', 1033, 1574797, 1);
INSERT INTO interacts VALUES(566526236788, 5, 'CoreJJ', 2043, 1575695, 1);
INSERT INTO interacts VALUES(566526236788, 5, 'CoreJJ', 2043, 1575808, 1);
INSERT INTO interacts VALUES(566526236788, 5, 'Duke', 3211, 1578121, 1);
INSERT INTO interacts VALUES(566526236788, 5, 'Ambition', 3067, 1586470, 1);
INSERT INTO interacts VALUES(566526236788, 5, 'Ambition', 2032, 1587517, 0);
INSERT INTO interacts VALUES(566526236788, 5, 'Ambition', 2043, 1588553, 1);
INSERT INTO interacts VALUES(566526236788, 5, 'Ambition', 2043, 1588650, 1);
INSERT INTO interacts VALUES(566526236788, 5, 'Ruler', 2043, 1592546, 1);
INSERT INTO interacts VALUES(566526236788, 5, 'Bengi', 1028, 1617155, 1);
INSERT INTO interacts VALUES(566526236788, 5, 'Crown', 3116, 1627920, 1);
INSERT INTO interacts VALUES(566526236788, 5, 'Crown', 2043, 1629154, 1);
INSERT INTO interacts VALUES(566526236788, 5, 'Crown', 2043, 1629283, 1);
INSERT INTO interacts VALUES(566526236788, 5, 'Faker', 3135, 1638629, 1);
INSERT INTO interacts VALUES(566526236788, 5, 'Ruler', 3036, 1687506, 1);
INSERT INTO interacts VALUES(566526236788, 5, 'CoreJJ', 1028, 1693791, 1);
INSERT INTO interacts VALUES(566526236788, 5, 'CoreJJ', 2043, 1694530, 1);
INSERT INTO interacts VALUES(566526236788, 5, 'Duke', 2043, 1712122, 0);
INSERT INTO interacts VALUES(566526236788, 5, 'Bang', 1038, 1712673, 1);
INSERT INTO interacts VALUES(566526236788, 5, 'Ambition', 3065, 1712855, 1);
INSERT INTO interacts VALUES(566526236788, 5, 'Ambition', 2043, 1714037, 1);
INSERT INTO interacts VALUES(566526236788, 5, 'Duke', 3067, 1714201, 1);
INSERT INTO interacts VALUES(566526236788, 5, 'Wolf', 2043, 1714671, 1);
INSERT INTO interacts VALUES(566526236788, 5, 'Bengi', 2043, 1718332, 1);
INSERT INTO interacts VALUES(566526236788, 5, 'Bengi', 2043, 1718461, 1);
INSERT INTO interacts VALUES(566526236788, 5, 'Faker', 1056, 1760501, 0);
INSERT INTO interacts VALUES(566526236788, 5, 'Faker', 3057, 1761677, 1);
INSERT INTO interacts VALUES(566526236788, 5, 'CuVee', 3067, 1766279, 1);
INSERT INTO interacts VALUES(566526236788, 5, 'Duke', 3065, 1829356, 1);
INSERT INTO interacts VALUES(566526236788, 5, 'CoreJJ', 3801, 1830564, 1);
INSERT INTO interacts VALUES(566526236788, 5, 'CoreJJ', 2043, 1831438, 1);
INSERT INTO interacts VALUES(566526236788, 5, 'CoreJJ', 2043, 1831598, 1);
INSERT INTO interacts VALUES(566526236788, 5, 'Ambition', 1033, 1836826, 1);
INSERT INTO interacts VALUES(566526236788, 5, 'CuVee', 3065, 1842124, 1);
INSERT INTO interacts VALUES(566526236788, 5, 'CuVee', 1029, 1843615, 1);
INSERT INTO interacts VALUES(566526236788, 5, 'Ruler', 1055, 1857992, 0);
INSERT INTO interacts VALUES(566526236788, 5, 'Wolf', 2031, 1860829, 0);
INSERT INTO interacts VALUES(566526236788, 5, 'Ruler', 3086, 1861794, 1);
INSERT INTO interacts VALUES(566526236788, 5, 'Wolf', 1031, 1862842, 1);
INSERT INTO interacts VALUES(566526236788, 5, 'Wolf', 2043, 1863885, 1);
INSERT INTO interacts VALUES(566526236788, 5, 'Duke', 1033, 1876150, 1);
INSERT INTO interacts VALUES(566526236788, 5, 'Bang', 1037, 1879954, 1);
INSERT INTO interacts VALUES(566526236788, 5, 'Bengi', 3102, 1944146, 1);
INSERT INTO interacts VALUES(566526236788, 5, 'Bengi', 2043, 1944989, 1);
INSERT INTO interacts VALUES(566526236788, 5, 'Wolf', 2043, 1947496, 1);
INSERT INTO interacts VALUES(566526236788, 5, 'Ruler', 1042, 1954905, 1);
INSERT INTO interacts VALUES(566526236788, 5, 'CoreJJ', 3105, 1955553, 1);
INSERT INTO interacts VALUES(566526236788, 5, 'Ambition', 1031, 1956199, 1);
INSERT INTO interacts VALUES(566526236788, 5, 'Crown', 1058, 1960682, 1);
INSERT INTO interacts VALUES(566526236788, 5, 'Bang', 3031, 1977857, 1);
INSERT INTO interacts VALUES(566526236788, 5, 'CoreJJ', 1028, 2028351, 1);
INSERT INTO interacts VALUES(566526236788, 5, 'Faker', 3100, 2050152, 1);
INSERT INTO interacts VALUES(566526236788, 5, 'CuVee', 1031, 2062609, 1);
INSERT INTO interacts VALUES(566526236788, 5, 'CuVee', 2033, 2063525, 0);
INSERT INTO interacts VALUES(566526236788, 5, 'Bengi', 3067, 2063855, 1);
INSERT INTO interacts VALUES(566526236788, 5, 'Bengi', 2043, 2064312, 1);
INSERT INTO interacts VALUES(566526236788, 5, 'CuVee', 1057, 2064636, 1);
INSERT INTO interacts VALUES(566526236788, 5, 'Ruler', 3094, 2071418, 1);
INSERT INTO interacts VALUES(566526236788, 5, 'CuVee', 3026, 2164971, 1);
INSERT INTO interacts VALUES(566526236788, 5, 'CuVee', 2043, 2165799, 1);
INSERT INTO interacts VALUES(566526236788, 5, 'Ambition', 3026, 2171342, 1);
INSERT INTO interacts VALUES(566526236788, 5, 'CoreJJ', 3190, 2189094, 1);
INSERT INTO interacts VALUES(566526236788, 5, 'CoreJJ', 2043, 2190420, 1);
INSERT INTO interacts VALUES(566526236788, 5, 'CoreJJ', 2010, 2190807, 1);
INSERT INTO interacts VALUES(566526236788, 5, 'CoreJJ', 2010, 2190943, 1);
INSERT INTO interacts VALUES(566526236788, 5, 'Ruler', 2043, 2195568, 1);
INSERT INTO interacts VALUES(566526236788, 5, 'Ruler', 2140, 2198044, 1);
INSERT INTO interacts VALUES(566526236788, 5, 'Crown', 3003, 2211297, 1);
INSERT INTO interacts VALUES(566526236788, 5, 'Crown', 1056, 2213352, 0);
INSERT INTO interacts VALUES(566526236788, 5, 'Crown', 1026, 2213842, 1);
INSERT INTO interacts VALUES(566526236788, 5, 'Crown', 2043, 2217769, 1);
INSERT INTO interacts VALUES(566526236788, 5, 'Duke', 3026, 2228730, 1);
INSERT INTO interacts VALUES(566526236788, 5, 'Wolf', 3026, 2246702, 1);
INSERT INTO interacts VALUES(566526236788, 5, 'Bang', 3140, 2246957, 1);
INSERT INTO interacts VALUES(566526236788, 5, 'Bang', 1055, 2247630, 0);
INSERT INTO interacts VALUES(566526236788, 5, 'Wolf', 2043, 2248153, 1);
INSERT INTO interacts VALUES(566526236788, 5, 'Bang', 3035, 2248969, 1);
INSERT INTO interacts VALUES(566526236788, 5, 'Wolf', 2043, 2249230, 1);
INSERT INTO interacts VALUES(566526236788, 5, 'Bengi', 1011, 2251630, 1);
INSERT INTO interacts VALUES(566526236788, 5, 'Ruler', 1036, 2256586, 1);
INSERT INTO interacts VALUES(566526236788, 5, 'Ambition', 2043, 2257950, 1);
INSERT INTO interacts VALUES(566526236788, 5, 'Ambition', 2043, 2258154, 1);
INSERT INTO interacts VALUES(566526236788, 5, 'CuVee', 2043, 2270364, 1);
INSERT INTO interacts VALUES(566526236788, 5, 'Faker', 1056, 2360428, 0);
INSERT INTO interacts VALUES(566526236788, 5, 'Bang', 3036, 2362191, 1);
INSERT INTO interacts VALUES(566526236788, 5, 'Faker', 3089, 2362446, 1);
INSERT INTO interacts VALUES(566526236788, 5, 'Wolf', 3302, 2364655, 0);
INSERT INTO interacts VALUES(566526236788, 5, 'CuVee', 3302, 2365355, 1);
INSERT INTO interacts VALUES(566526236788, 5, 'Wolf', 2053, 2366077, 1);
INSERT INTO interacts VALUES(566526236788, 5, 'CuVee', 1029, 2367416, 1);
INSERT INTO interacts VALUES(566526236788, 5, 'Faker', 2139, 2371095, 1);
INSERT INTO interacts VALUES(566526236788, 5, 'CoreJJ', 2010, 2399411, 0);
INSERT INTO interacts VALUES(566526236788, 5, 'Ruler', 1036, 2400735, 0);
INSERT INTO interacts VALUES(566526236788, 5, 'CoreJJ', 1031, 2400769, 1);
INSERT INTO interacts VALUES(566526236788, 5, 'Ruler', 1038, 2401515, 1);
INSERT INTO interacts VALUES(566526236788, 5, 'Bengi', 3083, 2430062, 1);
INSERT INTO interacts VALUES(566526236788, 5, 'Bengi', 1031, 2434744, 1);
INSERT INTO interacts VALUES(566526236788, 5, 'Bang', 2140, 2437098, 1);
INSERT INTO interacts VALUES(566526236788, 5, 'Duke', 2033, 2440161, 0);
INSERT INTO interacts VALUES(566526236788, 5, 'Duke', 3143, 2441625, 1);
INSERT INTO interacts VALUES(566526236788, 5, 'Ambition', 2043, 2464006, 0);
INSERT INTO interacts VALUES(566526236788, 5, 'Ambition', 3211, 2466631, 1);
INSERT INTO interacts VALUES(566526236788, 5, 'Crown', 1052, 2484819, 1);
INSERT INTO interacts VALUES(566526236788, 5, 'Crown', 3135, 2521063, 1);
INSERT INTO interacts VALUES(566526236788, 5, 'Crown', 2043, 2521572, 1);
INSERT INTO interacts VALUES(566526236788, 5, 'CuVee', 1031, 2560771, 1);
INSERT INTO interacts VALUES(566526236788, 5, 'Wolf', 2043, 2561815, 1);
INSERT INTO interacts VALUES(566526236788, 5, 'Wolf', 2043, 2561947, 1);
INSERT INTO interacts VALUES(566526236788, 5, 'Faker', 2139, 2570076, 1);
INSERT INTO interacts VALUES(566526236788, 5, 'Bang', 2140, 2581794, 1);
INSERT INTO interacts VALUES(566526236788, 5, 'Duke', 3074, 2584146, 0);
INSERT INTO interacts VALUES(566526236788, 5, 'Duke', 3748, 2585314, 1);
INSERT INTO interacts VALUES(566526236788, 5, 'Duke', 2138, 2586978, 1);
INSERT INTO interacts VALUES(566526236788, 5, 'Bang', 3139, 2727933, 1);
INSERT INTO interacts VALUES(566526236788, 5, 'Duke', 3025, 2737551, 0);
INSERT INTO interacts VALUES(566526236788, 5, 'Wolf', 3512, 2738723, 1);
INSERT INTO interacts VALUES(566526236788, 5, 'Duke', 3110, 2739076, 1);
INSERT INTO interacts VALUES(566526236788, 5, 'Wolf', 2138, 2741057, 1);
INSERT INTO interacts VALUES(566526236788, 5, 'Bengi', 3026, 2742436, 1);
INSERT INTO interacts VALUES(566526236788, 5, 'Faker', 2139, 2742501, 1);
INSERT INTO interacts VALUES(566526236788, 5, 'Duke', 3742, 2747752, 1);
INSERT INTO interacts VALUES(566526236788, 5, 'Ruler', 3031, 2758816, 1);
INSERT INTO interacts VALUES(566526236788, 5, 'Crown', 1058, 2774291, 1);
INSERT INTO interacts VALUES(566526236788, 5, 'CoreJJ', 3026, 2781900, 1);
INSERT INTO interacts VALUES(566526236788, 5, 'Ambition', 3102, 2783108, 1);
INSERT INTO interacts VALUES(566526236788, 5, 'CuVee', 3075, 2826874, 1);
INSERT INTO interacts VALUES(566526236788, 5, 'Duke', 2138, 2854872, 1);
INSERT INTO interacts VALUES(566526236788, 5, 'CoreJJ', 2043, 2865670, 1);
INSERT INTO interacts VALUES(566526236788, 5, 'Wolf', 2138, 2865681, 1);
INSERT INTO interacts VALUES(566526236788, 5, 'Crown', 2139, 2865974, 1);
INSERT INTO interacts VALUES(566526236788, 5, 'Ruler', 2140, 2874557, 1);
INSERT INTO interacts VALUES(566526236788, 5, 'Faker', 2139, 2879036, 1);
INSERT INTO interacts VALUES(566526236788, 5, 'Bengi', 2138, 2883747, 1);
INSERT INTO interacts VALUES(566526236788, 5, 'Bang', 2140, 2884822, 1);
