INSERT INTO tournaments VALUES(nacs_2016_summer, None, NACS 2016 Summer, North America)
INSERT INTO teams VALUES(TLA, UNKNOWN, 
        Team Liquid Academy
      )
INSERT INTO participates VALUES(nacs_2016_summer, TLA, UNKNOWN)
INSERT INTO teams VALUES(C9C, UNKNOWN, 
        Cloud9 Challenger
      )
INSERT INTO participates VALUES(nacs_2016_summer, C9C, UNKNOWN)
INSERT INTO matches VALUES(539221810321, 1, 2016-06-08)
INSERT INTO competes VALUES(539221810321, TLA, True)
INSERT INTO competes VALUES(539221810321, C9C, False)
INSERT INTO scores VALUES(TLA, 539221810321, 1, 0, 2, 0, 0, 0, 0)
INSERT INTO scores VALUES(C9C, 539221810321, 1, 4, 11, 0, 2, 2, 1)
INSERT INTO bans VALUES(539221810321, 1, 8, 1)
INSERT INTO bans VALUES(539221810321, 1, 105, 3)
INSERT INTO bans VALUES(539221810321, 1, 76, 5)
INSERT INTO bans VALUES(539221810321, 1, 268, 2)
INSERT INTO bans VALUES(539221810321, 1, 13, 4)
INSERT INTO bans VALUES(539221810321, 1, 203, 6)
INSERT INTO players VALUES(Solo)
INSERT INTO registers VALUES(Solo, TLA, date('1970-01-01'))
INSERT INTO plays VALUES(539221810321, 1, Solo, 57, NONE, 0, 5, 2, 11269, 17, 1, 229, 0, 0, 9504)
INSERT INTO players VALUES(Dardoch)
INSERT INTO registers VALUES(Dardoch, TLA, date('1970-01-01'))
INSERT INTO plays VALUES(539221810321, 1, Dardoch, 64, Jungle, 1, 4, 1, 10268, 32, 7, 29, 70, 8, 9046)
INSERT INTO players VALUES(Goldenglue)
INSERT INTO registers VALUES(Goldenglue, TLA, date('1970-01-01'))
INSERT INTO plays VALUES(539221810321, 1, Goldenglue, 112, Mid, 2, 4, 1, 17725, 15, 5, 264, 7, 0, 11211)
INSERT INTO players VALUES(fabbbyyy)
INSERT INTO registers VALUES(fabbbyyy, TLA, date('1970-01-01'))
INSERT INTO plays VALUES(539221810321, 1, fabbbyyy, 236, Top, 1, 3, 1, 15758, 13, 6, 247, 3, 0, 10547)
INSERT INTO players VALUES(Stunt)
INSERT INTO registers VALUES(Stunt, TLA, date('1970-01-01'))
INSERT INTO plays VALUES(539221810321, 1, Stunt, 143, Top, 1, 3, 2, 15314, 29, 10, 19, 0, 0, 7859)
INSERT INTO players VALUES(Balls)
INSERT INTO registers VALUES(Balls, C9C, date('1970-01-01'))
INSERT INTO plays VALUES(539221810321, 1, Balls, 48, NONE, 2, 1, 9, 10705, 15, 2, 284, 2, 10, 13999)
INSERT INTO players VALUES(Rush)
INSERT INTO registers VALUES(Rush, C9C, date('1970-01-01'))
INSERT INTO plays VALUES(539221810321, 1, Rush, 421, Jungle, 3, 3, 9, 15157, 23, 20, 38, 64, 28, 12718)
INSERT INTO players VALUES(Hai)
INSERT INTO registers VALUES(Hai, C9C, date('1970-01-01'))
INSERT INTO plays VALUES(539221810321, 1, Hai, 4, Mid, 7, 1, 6, 25128, 13, 1, 252, 14, 12, 16877)
INSERT INTO players VALUES(Altec)
INSERT INTO registers VALUES(Altec, C9C, date('1970-01-01'))
INSERT INTO plays VALUES(539221810321, 1, Altec, 29, Top, 6, 0, 2, 16510, 11, 6, 269, 19, 9, 14626)
INSERT INTO players VALUES(LemonNation)
INSERT INTO registers VALUES(LemonNation, C9C, date('1970-01-01'))
INSERT INTO plays VALUES(539221810321, 1, LemonNation, 201, Top, 1, 0, 8, 8659, 37, 15, 43, 0, 0, 9417)
INSERT INTO interacts VALUES(539221810321, 1, Rush, 3340, 1384, 1)
INSERT INTO interacts VALUES(539221810321, 1, Altec, 3340, 1451, 1)
INSERT INTO interacts VALUES(539221810321, 1, Hai, 3340, 1451, 1)
INSERT INTO interacts VALUES(539221810321, 1, LemonNation, 3340, 1514, 1)
INSERT INTO interacts VALUES(539221810321, 1, Goldenglue, 1056, 1594, 1)
INSERT INTO interacts VALUES(539221810321, 1, LemonNation, 3302, 1773, 1)
INSERT INTO interacts VALUES(539221810321, 1, Altec, 1055, 1838, 1)
INSERT INTO interacts VALUES(539221810321, 1, Balls, 3340, 1873, 1)
INSERT INTO interacts VALUES(539221810321, 1, Goldenglue, 2010, 1873, 1)
INSERT INTO interacts VALUES(539221810321, 1, Hai, 1056, 1939, 1)
INSERT INTO interacts VALUES(539221810321, 1, LemonNation, 2010, 2002, 1)
INSERT INTO interacts VALUES(539221810321, 1, Altec, 2010, 2002, 1)
INSERT INTO interacts VALUES(539221810321, 1, Goldenglue, 2010, 2002, 1)
INSERT INTO interacts VALUES(539221810321, 1, Rush, 1041, 2002, 1)
INSERT INTO interacts VALUES(539221810321, 1, Balls, 2033, 2131, 1)
INSERT INTO interacts VALUES(539221810321, 1, LemonNation, 2010, 2131, 1)
INSERT INTO interacts VALUES(539221810321, 1, Hai, 2010, 2166, 1)
INSERT INTO interacts VALUES(539221810321, 1, LemonNation, 2010, 2260, 1)
INSERT INTO interacts VALUES(539221810321, 1, Goldenglue, 3340, 2293, 1)
INSERT INTO interacts VALUES(539221810321, 1, Hai, 2010, 2325, 1)
INSERT INTO interacts VALUES(539221810321, 1, Rush, 2031, 2891, 1)
INSERT INTO interacts VALUES(539221810321, 1, fabbbyyy, 1055, 3002, 1)
INSERT INTO interacts VALUES(539221810321, 1, fabbbyyy, 2010, 3166, 1)
INSERT INTO interacts VALUES(539221810321, 1, Dardoch, 1041, 3230, 1)
INSERT INTO interacts VALUES(539221810321, 1, fabbbyyy, 3340, 3264, 1)
INSERT INTO interacts VALUES(539221810321, 1, Dardoch, 2031, 3490, 1)
INSERT INTO interacts VALUES(539221810321, 1, Solo, 1056, 3718, 1)
INSERT INTO interacts VALUES(539221810321, 1, Solo, 2003, 3881, 1)
INSERT INTO interacts VALUES(539221810321, 1, Dardoch, 3340, 3949, 1)
INSERT INTO interacts VALUES(539221810321, 1, Solo, 2003, 4014, 1)
INSERT INTO interacts VALUES(539221810321, 1, Solo, 3340, 4532, 1)
INSERT INTO interacts VALUES(539221810321, 1, Stunt, 3303, 4631, 1)
INSERT INTO interacts VALUES(539221810321, 1, Stunt, 2010, 4957, 1)
INSERT INTO interacts VALUES(539221810321, 1, Stunt, 2010, 5119, 1)
INSERT INTO interacts VALUES(539221810321, 1, Stunt, 2010, 5239, 1)
INSERT INTO interacts VALUES(539221810321, 1, Stunt, 3340, 5803, 1)
INSERT INTO interacts VALUES(539221810321, 1, Balls, 1036, 203232, 1)
INSERT INTO interacts VALUES(539221810321, 1, Dardoch, 1036, 256784, 1)
INSERT INTO interacts VALUES(539221810321, 1, Dardoch, 1036, 256915, 1)
INSERT INTO interacts VALUES(539221810321, 1, Dardoch, 1001, 257551, 1)
INSERT INTO interacts VALUES(539221810321, 1, Dardoch, 2043, 257806, 1)
INSERT INTO interacts VALUES(539221810321, 1, Hai, 3108, 285872, 1)
INSERT INTO interacts VALUES(539221810321, 1, Hai, 2010, 286165, 1)
INSERT INTO interacts VALUES(539221810321, 1, Hai, 2010, 286354, 1)
INSERT INTO interacts VALUES(539221810321, 1, Solo, 3751, 309801, 1)
INSERT INTO interacts VALUES(539221810321, 1, Solo, 2043, 311689, 1)
INSERT INTO interacts VALUES(539221810321, 1, Rush, 3751, 337551, 1)
INSERT INTO interacts VALUES(539221810321, 1, Rush, 1001, 338636, 1)
INSERT INTO interacts VALUES(539221810321, 1, fabbbyyy, 3134, 380953, 1)
INSERT INTO interacts VALUES(539221810321, 1, fabbbyyy, 2010, 381759, 1)
INSERT INTO interacts VALUES(539221810321, 1, fabbbyyy, 2010, 381888, 1)
INSERT INTO interacts VALUES(539221810321, 1, fabbbyyy, 2043, 382782, 1)
INSERT INTO interacts VALUES(539221810321, 1, fabbbyyy, 2043, 383011, 1)
INSERT INTO interacts VALUES(539221810321, 1, Stunt, 2049, 384619, 1)
INSERT INTO interacts VALUES(539221810321, 1, Stunt, 3341, 385697, 1)
INSERT INTO interacts VALUES(539221810321, 1, Stunt, 2010, 388170, 1)
INSERT INTO interacts VALUES(539221810321, 1, Balls, 3077, 390404, 1)
INSERT INTO interacts VALUES(539221810321, 1, Balls, 2043, 392261, 1)
INSERT INTO interacts VALUES(539221810321, 1, Goldenglue, 3196, 392350, 1)
INSERT INTO interacts VALUES(539221810321, 1, Goldenglue, 1056, 393949, 1)
INSERT INTO interacts VALUES(539221810321, 1, Goldenglue, 2043, 394703, 1)
INSERT INTO interacts VALUES(539221810321, 1, Altec, 3134, 401638, 1)
INSERT INTO interacts VALUES(539221810321, 1, LemonNation, 2049, 402162, 1)
INSERT INTO interacts VALUES(539221810321, 1, Altec, 1036, 402617, 1)
INSERT INTO interacts VALUES(539221810321, 1, Altec, 2010, 403672, 1)
INSERT INTO interacts VALUES(539221810321, 1, LemonNation, 3341, 403769, 1)
INSERT INTO interacts VALUES(539221810321, 1, Altec, 2010, 404495, 1)
INSERT INTO interacts VALUES(539221810321, 1, LemonNation, 2043, 405448, 1)
INSERT INTO interacts VALUES(539221810321, 1, LemonNation, 2010, 405756, 1)
INSERT INTO interacts VALUES(539221810321, 1, Hai, 1001, 414543, 1)
INSERT INTO interacts VALUES(539221810321, 1, Hai, 1052, 417652, 1)
INSERT INTO interacts VALUES(539221810321, 1, Hai, 2043, 419250, 1)
INSERT INTO interacts VALUES(539221810321, 1, Hai, 2010, 419576, 1)
INSERT INTO interacts VALUES(539221810321, 1, Dardoch, 3711, 505483, 1)
INSERT INTO interacts VALUES(539221810321, 1, Dardoch, 2043, 506902, 1)
INSERT INTO interacts VALUES(539221810321, 1, Rush, 1401, 589909, 1)
INSERT INTO interacts VALUES(539221810321, 1, Rush, 1029, 591270, 1)
INSERT INTO interacts VALUES(539221810321, 1, Solo, 1031, 619413, 1)
INSERT INTO interacts VALUES(539221810321, 1, Solo, 1001, 619810, 1)
INSERT INTO interacts VALUES(539221810321, 1, Solo, 1033, 622740, 1)
INSERT INTO interacts VALUES(539221810321, 1, Balls, 1037, 649432, 1)
INSERT INTO interacts VALUES(539221810321, 1, Balls, 1053, 650956, 1)
INSERT INTO interacts VALUES(539221810321, 1, Balls, 1001, 652039, 1)
INSERT INTO interacts VALUES(539221810321, 1, Balls, 1028, 652595, 1)
INSERT INTO interacts VALUES(539221810321, 1, Dardoch, 1408, 658947, 1)
INSERT INTO interacts VALUES(539221810321, 1, Dardoch, 2043, 659676, 1)
INSERT INTO interacts VALUES(539221810321, 1, LemonNation, 1001, 666596, 1)
INSERT INTO interacts VALUES(539221810321, 1, LemonNation, 1028, 668307, 1)
INSERT INTO interacts VALUES(539221810321, 1, LemonNation, 2010, 669088, 1)
INSERT INTO interacts VALUES(539221810321, 1, Stunt, 3098, 674005, 1)
INSERT INTO interacts VALUES(539221810321, 1, fabbbyyy, 3133, 674512, 1)
INSERT INTO interacts VALUES(539221810321, 1, Stunt, 1001, 675348, 1)
INSERT INTO interacts VALUES(539221810321, 1, fabbbyyy, 1001, 675746, 1)
INSERT INTO interacts VALUES(539221810321, 1, Stunt, 2043, 676087, 1)
INSERT INTO interacts VALUES(539221810321, 1, fabbbyyy, 2010, 677036, 1)
INSERT INTO interacts VALUES(539221810321, 1, Goldenglue, 3197, 684760, 1)
INSERT INTO interacts VALUES(539221810321, 1, Goldenglue, 1001, 695455, 1)
INSERT INTO interacts VALUES(539221810321, 1, Altec, 3133, 695576, 1)
INSERT INTO interacts VALUES(539221810321, 1, Altec, 1001, 696219, 1)
INSERT INTO interacts VALUES(539221810321, 1, Altec, 1042, 696519, 1)
INSERT INTO interacts VALUES(539221810321, 1, Goldenglue, 2043, 696544, 1)
INSERT INTO interacts VALUES(539221810321, 1, Altec, 2010, 696785, 1)
INSERT INTO interacts VALUES(539221810321, 1, Altec, 2010, 696942, 1)
INSERT INTO interacts VALUES(539221810321, 1, Hai, 3165, 697350, 1)
INSERT INTO interacts VALUES(539221810321, 1, Goldenglue, 3363, 697546, 1)
INSERT INTO interacts VALUES(539221810321, 1, Goldenglue, 2010, 698915, 1)
INSERT INTO interacts VALUES(539221810321, 1, Hai, 3158, 699036, 1)
INSERT INTO interacts VALUES(539221810321, 1, Goldenglue, 2010, 699044, 1)
INSERT INTO interacts VALUES(539221810321, 1, Hai, 2043, 699421, 1)
INSERT INTO interacts VALUES(539221810321, 1, Hai, 2010, 699741, 1)
INSERT INTO interacts VALUES(539221810321, 1, Hai, 3363, 701599, 1)
INSERT INTO interacts VALUES(539221810321, 1, Hai, 2010, 705169, 1)
INSERT INTO interacts VALUES(539221810321, 1, Rush, 3047, 733788, 1)
INSERT INTO interacts VALUES(539221810321, 1, Rush, 1028, 734747, 1)
INSERT INTO interacts VALUES(539221810321, 1, Rush, 1029, 735156, 1)
INSERT INTO interacts VALUES(539221810321, 1, Rush, 2043, 735834, 1)
INSERT INTO interacts VALUES(539221810321, 1, Balls, 1037, 775524, 1)
INSERT INTO interacts VALUES(539221810321, 1, LemonNation, 3158, 793003, 1)
INSERT INTO interacts VALUES(539221810321, 1, fabbbyyy, 3142, 822050, 1)
INSERT INTO interacts VALUES(539221810321, 1, Rush, 1011, 832770, 1)
INSERT INTO interacts VALUES(539221810321, 1, Goldenglue, 3020, 839780, 1)
INSERT INTO interacts VALUES(539221810321, 1, Altec, 3142, 862580, 1)
INSERT INTO interacts VALUES(539221810321, 1, Dardoch, 3134, 863242, 1)
INSERT INTO interacts VALUES(539221810321, 1, Altec, 1042, 863382, 1)
INSERT INTO interacts VALUES(539221810321, 1, Altec, 2010, 863586, 1)
INSERT INTO interacts VALUES(539221810321, 1, Altec, 2010, 863723, 1)
INSERT INTO interacts VALUES(539221810321, 1, Hai, 1058, 867386, 1)
INSERT INTO interacts VALUES(539221810321, 1, Solo, 3068, 867969, 1)
INSERT INTO interacts VALUES(539221810321, 1, Hai, 1052, 868053, 1)
INSERT INTO interacts VALUES(539221810321, 1, Solo, 2043, 869745, 1)
INSERT INTO interacts VALUES(539221810321, 1, Dardoch, 3111, 877694, 1)
INSERT INTO interacts VALUES(539221810321, 1, Dardoch, 1036, 887666, 1)
INSERT INTO interacts VALUES(539221810321, 1, Stunt, 3020, 931592, 1)
INSERT INTO interacts VALUES(539221810321, 1, Stunt, 2043, 935746, 1)
INSERT INTO interacts VALUES(539221810321, 1, Rush, 2049, 959349, 1)
INSERT INTO interacts VALUES(539221810321, 1, Rush, 3364, 959924, 1)
INSERT INTO interacts VALUES(539221810321, 1, Balls, 3074, 967815, 1)
INSERT INTO interacts VALUES(539221810321, 1, Altec, 3006, 968713, 1)
INSERT INTO interacts VALUES(539221810321, 1, Altec, 1042, 970264, 1)
INSERT INTO interacts VALUES(539221810321, 1, Altec, 3363, 970789, 1)
INSERT INTO interacts VALUES(539221810321, 1, Balls, 3211, 971120, 1)
INSERT INTO interacts VALUES(539221810321, 1, Balls, 2043, 973931, 1)
INSERT INTO interacts VALUES(539221810321, 1, LemonNation, 3105, 980912, 1)
INSERT INTO interacts VALUES(539221810321, 1, LemonNation, 2043, 982321, 1)
INSERT INTO interacts VALUES(539221810321, 1, Goldenglue, 1058, 988324, 1)
INSERT INTO interacts VALUES(539221810321, 1, Dardoch, 1028, 988983, 1)
INSERT INTO interacts VALUES(539221810321, 1, Solo, 3047, 1006126, 1)
INSERT INTO interacts VALUES(539221810321, 1, Dardoch, 3133, 1134347, 1)
INSERT INTO interacts VALUES(539221810321, 1, Dardoch, 2043, 1135167, 1)
INSERT INTO interacts VALUES(539221810321, 1, Stunt, 2301, 1147025, 1)
INSERT INTO interacts VALUES(539221810321, 1, Stunt, 1036, 1148928, 1)
INSERT INTO interacts VALUES(539221810321, 1, Hai, 3089, 1150511, 1)
INSERT INTO interacts VALUES(539221810321, 1, Stunt, 1052, 1151044, 1)
INSERT INTO interacts VALUES(539221810321, 1, Hai, 2043, 1152273, 1)
INSERT INTO interacts VALUES(539221810321, 1, Stunt, 2043, 1152287, 1)
INSERT INTO interacts VALUES(539221810321, 1, Hai, 2010, 1152878, 1)
INSERT INTO interacts VALUES(539221810321, 1, Stunt, 2010, 1153061, 1)
INSERT INTO interacts VALUES(539221810321, 1, Hai, 2010, 1153068, 1)
INSERT INTO interacts VALUES(539221810321, 1, LemonNation, 3067, 1161568, 1)
INSERT INTO interacts VALUES(539221810321, 1, LemonNation, 2043, 1162611, 1)
INSERT INTO interacts VALUES(539221810321, 1, LemonNation, 3364, 1163941, 1)
INSERT INTO interacts VALUES(539221810321, 1, Balls, 3065, 1197694, 1)
INSERT INTO interacts VALUES(539221810321, 1, Solo, 3211, 1202435, 1)
INSERT INTO interacts VALUES(539221810321, 1, Solo, 1028, 1205086, 1)
INSERT INTO interacts VALUES(539221810321, 1, Solo, 2043, 1207265, 1)
INSERT INTO interacts VALUES(539221810321, 1, Rush, 3742, 1211731, 1)
INSERT INTO interacts VALUES(539221810321, 1, fabbbyyy, 3133, 1211790, 1)
INSERT INTO interacts VALUES(539221810321, 1, fabbbyyy, 3158, 1213059, 1)
INSERT INTO interacts VALUES(539221810321, 1, Rush, 2031, 1213070, 0)
INSERT INTO interacts VALUES(539221810321, 1, fabbbyyy, 1036, 1216084, 1)
INSERT INTO interacts VALUES(539221810321, 1, fabbbyyy, 3363, 1216699, 1)
INSERT INTO interacts VALUES(539221810321, 1, Rush, 2043, 1219166, 1)
INSERT INTO interacts VALUES(539221810321, 1, Goldenglue, 3198, 1224550, 1)
INSERT INTO interacts VALUES(539221810321, 1, Goldenglue, 2043, 1225320, 1)
INSERT INTO interacts VALUES(539221810321, 1, Altec, 3085, 1232166, 1)
INSERT INTO interacts VALUES(539221810321, 1, Altec, 2043, 1232808, 1)
INSERT INTO interacts VALUES(539221810321, 1, Altec, 2010, 1233091, 1)
INSERT INTO interacts VALUES(539221810321, 1, LemonNation, 3190, 1235702, 1)
INSERT INTO interacts VALUES(539221810321, 1, Solo, 3067, 1321743, 1)
INSERT INTO interacts VALUES(539221810321, 1, Dardoch, 3044, 1322514, 1)
INSERT INTO interacts VALUES(539221810321, 1, Dardoch, 2043, 1322923, 1)
INSERT INTO interacts VALUES(539221810321, 1, fabbbyyy, 1028, 1330306, 1)
INSERT INTO interacts VALUES(539221810321, 1, Hai, 2010, 1332350, 0)
INSERT INTO interacts VALUES(539221810321, 1, Hai, 1058, 1333674, 1)
INSERT INTO interacts VALUES(539221810321, 1, Balls, 3082, 1347870, 1)
INSERT INTO interacts VALUES(539221810321, 1, Balls, 1029, 1348886, 1)
INSERT INTO interacts VALUES(539221810321, 1, Rush, 1033, 1380274, 1)
INSERT INTO interacts VALUES(539221810321, 1, Rush, 1028, 1380659, 1)
INSERT INTO interacts VALUES(539221810321, 1, Stunt, 1052, 1380936, 1)
INSERT INTO interacts VALUES(539221810321, 1, Stunt, 1026, 1388722, 1)
INSERT INTO interacts VALUES(539221810321, 1, LemonNation, 2303, 1389612, 1)
INSERT INTO interacts VALUES(539221810321, 1, Stunt, 3364, 1390109, 1)
INSERT INTO interacts VALUES(539221810321, 1, LemonNation, 2043, 1390737, 1)
INSERT INTO interacts VALUES(539221810321, 1, Stunt, 2043, 1391183, 1)
INSERT INTO interacts VALUES(539221810321, 1, Goldenglue, 1011, 1414461, 1)
INSERT INTO interacts VALUES(539221810321, 1, Hai, 2043, 1423358, 0)
INSERT INTO interacts VALUES(539221810321, 1, Hai, 3113, 1425149, 1)
INSERT INTO interacts VALUES(539221810321, 1, fabbbyyy, 3044, 1428017, 1)
INSERT INTO interacts VALUES(539221810321, 1, Solo, 1056, 1429671, 0)
INSERT INTO interacts VALUES(539221810321, 1, Solo, 3065, 1430648, 1)
INSERT INTO interacts VALUES(539221810321, 1, Solo, 2043, 1432594, 1)
INSERT INTO interacts VALUES(539221810321, 1, Dardoch, 3071, 1484325, 1)
INSERT INTO interacts VALUES(539221810321, 1, Stunt, 1028, 1488315, 1)
INSERT INTO interacts VALUES(539221810321, 1, fabbbyyy, 3071, 1489941, 1)
INSERT INTO interacts VALUES(539221810321, 1, Balls, 3110, 1507141, 1)
INSERT INTO interacts VALUES(539221810321, 1, Rush, 3211, 1507583, 1)
INSERT INTO interacts VALUES(539221810321, 1, Goldenglue, 3116, 1507735, 1)
INSERT INTO interacts VALUES(539221810321, 1, Altec, 1038, 1508200, 1)
INSERT INTO interacts VALUES(539221810321, 1, Rush, 3067, 1509202, 1)
INSERT INTO interacts VALUES(539221810321, 1, Altec, 1018, 1512384, 1)
INSERT INTO interacts VALUES(539221810321, 1, LemonNation, 1029, 1512736, 1)
INSERT INTO interacts VALUES(539221810321, 1, LemonNation, 1029, 1512900, 1)
INSERT INTO interacts VALUES(539221810321, 1, LemonNation, 2043, 1515183, 1)
INSERT INTO interacts VALUES(539221810321, 1, LemonNation, 2043, 1515529, 1)
INSERT INTO interacts VALUES(539221810321, 1, Hai, 3285, 1520948, 1)
INSERT INTO interacts VALUES(539221810321, 1, Hai, 1052, 1521970, 1)
INSERT INTO interacts VALUES(539221810321, 1, Solo, 1029, 1556237, 1)
INSERT INTO interacts VALUES(539221810321, 1, Goldenglue, 2139, 1596623, 1)
INSERT INTO interacts VALUES(539221810321, 1, Rush, 3065, 1650218, 1)
INSERT INTO interacts VALUES(539221810321, 1, Hai, 1056, 1651669, 0)
INSERT INTO interacts VALUES(539221810321, 1, Dardoch, 1031, 1651703, 1)
INSERT INTO interacts VALUES(539221810321, 1, Rush, 2138, 1653309, 1)
INSERT INTO interacts VALUES(539221810321, 1, Hai, 1026, 1654786, 1)
INSERT INTO interacts VALUES(539221810321, 1, Rush, 2043, 1656951, 1)
INSERT INTO interacts VALUES(539221810321, 1, LemonNation, 3082, 1664183, 1)
INSERT INTO interacts VALUES(539221810321, 1, LemonNation, 1029, 1665610, 1)
INSERT INTO interacts VALUES(539221810321, 1, fabbbyyy, 3086, 1665647, 1)
INSERT INTO interacts VALUES(539221810321, 1, Stunt, 3136, 1667692, 1)
INSERT INTO interacts VALUES(539221810321, 1, Stunt, 2043, 1670310, 1)
INSERT INTO interacts VALUES(539221810321, 1, Solo, 3082, 1678982, 1)
INSERT INTO interacts VALUES(539221810321, 1, Altec, 3031, 1679638, 1)
INSERT INTO interacts VALUES(539221810321, 1, Rush, 2138, 1680564, 1)
INSERT INTO interacts VALUES(539221810321, 1, Altec, 1037, 1680957, 1)
INSERT INTO interacts VALUES(539221810321, 1, Hai, 2139, 1686516, 1)
INSERT INTO interacts VALUES(539221810321, 1, Goldenglue, 3057, 1688461, 1)
INSERT INTO interacts VALUES(539221810321, 1, Balls, 3026, 1706400, 1)
INSERT INTO interacts VALUES(539221810321, 1, Solo, 1029, 1778604, 1)
INSERT INTO interacts VALUES(539221810321, 1, Solo, 2043, 1779383, 1)
INSERT INTO interacts VALUES(539221810321, 1, Hai, 3135, 1814734, 1)
INSERT INTO interacts VALUES(539221810321, 1, Stunt, 3151, 1820598, 1)
INSERT INTO interacts VALUES(539221810321, 1, Dardoch, 1028, 1820617, 1)
INSERT INTO interacts VALUES(539221810321, 1, Stunt, 1029, 1821942, 1)
INSERT INTO interacts VALUES(539221810321, 1, fabbbyyy, 2015, 1823955, 1)
INSERT INTO interacts VALUES(539221810321, 1, Goldenglue, 1056, 1824776, 0)
INSERT INTO interacts VALUES(539221810321, 1, Goldenglue, 1026, 1825669, 1)
INSERT INTO matches VALUES(539221810321, 2, 2016-06-08)
INSERT INTO competes VALUES(539221810321, TLA, True)
INSERT INTO competes VALUES(539221810321, C9C, False)
INSERT INTO scores VALUES(TLA, 539221810321, 2, 0, 3, 0, 1, 2, 0)
INSERT INTO scores VALUES(C9C, 539221810321, 2, 1, 7, 0, 1, 2, 1)
INSERT INTO bans VALUES(539221810321, 2, 268, 1)
INSERT INTO bans VALUES(539221810321, 2, 105, 3)
INSERT INTO bans VALUES(539221810321, 2, 112, 5)
INSERT INTO bans VALUES(539221810321, 2, 203, 2)
INSERT INTO bans VALUES(539221810321, 2, 76, 4)
INSERT INTO bans VALUES(539221810321, 2, 8, 6)
INSERT INTO plays VALUES(539221810321, 2, Balls, 48, NONE, 1, 6, 4, 10396, 17, 4, 244, 13, 1, 13021)
INSERT INTO plays VALUES(539221810321, 2, Rush, 60, Jungle, 2, 10, 10, 14569, 26, 11, 30, 83, 4, 12455)
INSERT INTO plays VALUES(539221810321, 2, Hai, 13, Mid, 4, 7, 6, 28185, 18, 5, 239, 17, 0, 13499)
INSERT INTO plays VALUES(539221810321, 2, Altec, 15, Jungle, 7, 4, 7, 55360, 15, 9, 365, 40, 3, 18589)
INSERT INTO plays VALUES(539221810321, 2, LemonNation, 43, Jungle, 2, 3, 10, 10164, 49, 19, 30, 0, 0, 11054)
INSERT INTO plays VALUES(539221810321, 2, Solo, 57, Jungle, 3, 3, 19, 17924, 21, 2, 248, 16, 1, 15102)
INSERT INTO plays VALUES(539221810321, 2, Dardoch, 421, Jungle, 5, 4, 18, 16628, 28, 15, 77, 86, 31, 15601)
INSERT INTO plays VALUES(539221810321, 2, Goldenglue, 7, Mid, 12, 2, 11, 30214, 8, 16, 226, 12, 1, 15853)
INSERT INTO plays VALUES(539221810321, 2, fabbbyyy, 51, Jungle, 10, 3, 15, 45156, 15, 11, 327, 14, 2, 18018)
INSERT INTO plays VALUES(539221810321, 2, Stunt, 201, Jungle, 0, 4, 26, 6302, 40, 10, 70, 0, 0, 11697)
INSERT INTO interacts VALUES(539221810321, 2, Altec, 1055, 1336, 1)
INSERT INTO interacts VALUES(539221810321, 2, Hai, 3340, 1336, 1)
INSERT INTO interacts VALUES(539221810321, 2, Goldenglue, 1056, 1548, 1)
INSERT INTO interacts VALUES(539221810321, 2, Altec, 2010, 1548, 1)
INSERT INTO interacts VALUES(539221810321, 2, Rush, 3340, 1644, 1)
INSERT INTO interacts VALUES(539221810321, 2, Hai, 1056, 1644, 1)
INSERT INTO interacts VALUES(539221810321, 2, LemonNation, 3340, 1677, 1)
INSERT INTO interacts VALUES(539221810321, 2, Altec, 3340, 1678, 1)
INSERT INTO interacts VALUES(539221810321, 2, Goldenglue, 2010, 1742, 1)
INSERT INTO interacts VALUES(539221810321, 2, Goldenglue, 2010, 1872, 1)
INSERT INTO interacts VALUES(539221810321, 2, Hai, 2010, 1872, 1)
INSERT INTO interacts VALUES(539221810321, 2, LemonNation, 3303, 2065, 1)
INSERT INTO interacts VALUES(539221810321, 2, Hai, 2010, 2065, 1)
INSERT INTO interacts VALUES(539221810321, 2, Balls, 2033, 2065, 1)
INSERT INTO interacts VALUES(539221810321, 2, Goldenglue, 3340, 2163, 1)
INSERT INTO interacts VALUES(539221810321, 2, fabbbyyy, 1055, 2261, 1)
INSERT INTO interacts VALUES(539221810321, 2, fabbbyyy, 2010, 2391, 1)
INSERT INTO interacts VALUES(539221810321, 2, LemonNation, 2010, 2423, 1)
INSERT INTO interacts VALUES(539221810321, 2, Balls, 3340, 2488, 1)
INSERT INTO interacts VALUES(539221810321, 2, LemonNation, 2010, 2491, 1)
INSERT INTO interacts VALUES(539221810321, 2, LemonNation, 2010, 2634, 1)
INSERT INTO interacts VALUES(539221810321, 2, fabbbyyy, 3340, 2717, 1)
INSERT INTO interacts VALUES(539221810321, 2, Solo, 1056, 4113, 1)
INSERT INTO interacts VALUES(539221810321, 2, Solo, 2003, 4310, 1)
INSERT INTO interacts VALUES(539221810321, 2, Solo, 2003, 4456, 1)
INSERT INTO interacts VALUES(539221810321, 2, Solo, 3340, 4713, 1)
INSERT INTO interacts VALUES(539221810321, 2, Dardoch, 1041, 6483, 1)
INSERT INTO interacts VALUES(539221810321, 2, Stunt, 3302, 6646, 1)
INSERT INTO interacts VALUES(539221810321, 2, Dardoch, 3340, 6774, 1)
INSERT INTO interacts VALUES(539221810321, 2, Stunt, 2010, 7101, 1)
INSERT INTO interacts VALUES(539221810321, 2, Stunt, 2010, 7261, 1)
INSERT INTO interacts VALUES(539221810321, 2, Stunt, 2010, 7390, 1)
INSERT INTO interacts VALUES(539221810321, 2, Dardoch, 2031, 7649, 1)
INSERT INTO interacts VALUES(539221810321, 2, Stunt, 3340, 7875, 1)
INSERT INTO interacts VALUES(539221810321, 2, Rush, 1041, 8297, 1)
INSERT INTO interacts VALUES(539221810321, 2, Rush, 2031, 8521, 1)
INSERT INTO interacts VALUES(539221810321, 2, Altec, 1083, 200495, 1)
INSERT INTO interacts VALUES(539221810321, 2, Altec, 2043, 201439, 1)
INSERT INTO interacts VALUES(539221810321, 2, LemonNation, 1001, 201599, 1)
INSERT INTO interacts VALUES(539221810321, 2, Altec, 2010, 202818, 1)
INSERT INTO interacts VALUES(539221810321, 2, LemonNation, 2043, 203727, 1)
INSERT INTO interacts VALUES(539221810321, 2, fabbbyyy, 1042, 226538, 1)
INSERT INTO interacts VALUES(539221810321, 2, fabbbyyy, 1042, 226682, 1)
INSERT INTO interacts VALUES(539221810321, 2, Stunt, 1028, 227416, 1)
INSERT INTO interacts VALUES(539221810321, 2, Solo, 1056, 234322, 1)
INSERT INTO interacts VALUES(539221810321, 2, Solo, 1001, 234589, 1)
INSERT INTO interacts VALUES(539221810321, 2, Hai, 2010, 243903, 1)
INSERT INTO interacts VALUES(539221810321, 2, Hai, 3070, 244259, 1)
INSERT INTO interacts VALUES(539221810321, 2, Dardoch, 3009, 250372, 1)
INSERT INTO interacts VALUES(539221810321, 2, Goldenglue, 1057, 259143, 1)
INSERT INTO interacts VALUES(539221810321, 2, Goldenglue, 2010, 259989, 1)
INSERT INTO interacts VALUES(539221810321, 2, Goldenglue, 2010, 260131, 1)
INSERT INTO interacts VALUES(539221810321, 2, Rush, 3711, 331120, 1)
INSERT INTO interacts VALUES(539221810321, 2, Rush, 1052, 332084, 1)
INSERT INTO interacts VALUES(539221810321, 2, Rush, 2043, 332998, 1)
INSERT INTO interacts VALUES(539221810321, 2, Balls, 1036, 336412, 1)
INSERT INTO interacts VALUES(539221810321, 2, Balls, 1006, 336800, 1)
INSERT INTO interacts VALUES(539221810321, 2, Balls, 1036, 337190, 1)
INSERT INTO interacts VALUES(539221810321, 2, Solo, 1028, 348922, 1)
INSERT INTO interacts VALUES(539221810321, 2, Stunt, 2049, 350117, 1)
INSERT INTO interacts VALUES(539221810321, 2, Solo, 2003, 350975, 1)
INSERT INTO interacts VALUES(539221810321, 2, Stunt, 1001, 352010, 1)
INSERT INTO interacts VALUES(539221810321, 2, fabbbyyy, 1038, 352251, 1)
INSERT INTO interacts VALUES(539221810321, 2, Stunt, 3341, 352921, 1)
INSERT INTO interacts VALUES(539221810321, 2, Stunt, 2010, 354126, 1)
INSERT INTO interacts VALUES(539221810321, 2, Goldenglue, 1056, 364803, 1)
INSERT INTO interacts VALUES(539221810321, 2, Goldenglue, 2043, 365683, 1)
INSERT INTO interacts VALUES(539221810321, 2, Hai, 1001, 398267, 1)
INSERT INTO interacts VALUES(539221810321, 2, Hai, 1028, 399835, 1)
INSERT INTO interacts VALUES(539221810321, 2, Hai, 2043, 400763, 1)
INSERT INTO interacts VALUES(539221810321, 2, Hai, 2010, 401020, 1)
INSERT INTO interacts VALUES(539221810321, 2, Altec, 1038, 439922, 1)
INSERT INTO interacts VALUES(539221810321, 2, Balls, 3077, 461484, 1)
INSERT INTO interacts VALUES(539221810321, 2, Balls, 1036, 462830, 1)
INSERT INTO interacts VALUES(539221810321, 2, LemonNation, 2049, 466870, 1)
INSERT INTO interacts VALUES(539221810321, 2, Balls, 2043, 467262, 1)
INSERT INTO interacts VALUES(539221810321, 2, LemonNation, 3341, 468207, 1)
INSERT INTO interacts VALUES(539221810321, 2, Rush, 3113, 468278, 1)
INSERT INTO interacts VALUES(539221810321, 2, Rush, 1001, 469139, 1)
INSERT INTO interacts VALUES(539221810321, 2, Altec, 1001, 512235, 1)
INSERT INTO interacts VALUES(539221810321, 2, Altec, 2043, 513106, 1)
INSERT INTO interacts VALUES(539221810321, 2, Dardoch, 3751, 545791, 1)
INSERT INTO interacts VALUES(539221810321, 2, Dardoch, 2043, 546439, 1)
INSERT INTO interacts VALUES(539221810321, 2, Hai, 3010, 590770, 1)
INSERT INTO interacts VALUES(539221810321, 2, Rush, 1410, 612947, 1)
INSERT INTO interacts VALUES(539221810321, 2, Goldenglue, 3108, 626424, 1)
INSERT INTO interacts VALUES(539221810321, 2, Goldenglue, 1052, 629836, 1)
INSERT INTO interacts VALUES(539221810321, 2, Dardoch, 2049, 651025, 1)
INSERT INTO interacts VALUES(539221810321, 2, Dardoch, 3341, 651557, 1)
INSERT INTO interacts VALUES(539221810321, 2, Dardoch, 2043, 652353, 1)
INSERT INTO interacts VALUES(539221810321, 2, Balls, 1053, 688305, 1)
INSERT INTO interacts VALUES(539221810321, 2, Balls, 1001, 689759, 1)
INSERT INTO interacts VALUES(539221810321, 2, Balls, 2043, 712244, 1)
INSERT INTO interacts VALUES(539221810321, 2, Rush, 1028, 719021, 1)
INSERT INTO interacts VALUES(539221810321, 2, Dardoch, 3706, 719897, 1)
INSERT INTO interacts VALUES(539221810321, 2, Hai, 1026, 721283, 1)
INSERT INTO interacts VALUES(539221810321, 2, Solo, 3751, 728260, 1)
INSERT INTO interacts VALUES(539221810321, 2, Altec, 3133, 728326, 1)
INSERT INTO interacts VALUES(539221810321, 2, Solo, 1031, 729871, 1)
INSERT INTO interacts VALUES(539221810321, 2, Stunt, 3158, 730003, 1)
INSERT INTO interacts VALUES(539221810321, 2, Stunt, 3097, 731290, 1)
INSERT INTO interacts VALUES(539221810321, 2, Stunt, 2043, 731691, 1)
INSERT INTO interacts VALUES(539221810321, 2, Stunt, 2010, 731954, 1)
INSERT INTO interacts VALUES(539221810321, 2, Hai, 1033, 734267, 1)
INSERT INTO interacts VALUES(539221810321, 2, Hai, 3363, 736271, 1)
INSERT INTO interacts VALUES(539221810321, 2, LemonNation, 3098, 738961, 1)
INSERT INTO interacts VALUES(539221810321, 2, Solo, 1033, 739376, 1)
INSERT INTO interacts VALUES(539221810321, 2, LemonNation, 1028, 740629, 1)
INSERT INTO interacts VALUES(539221810321, 2, fabbbyyy, 3085, 741029, 1)
INSERT INTO interacts VALUES(539221810321, 2, fabbbyyy, 2010, 742406, 1)
INSERT INTO interacts VALUES(539221810321, 2, Goldenglue, 3364, 755247, 1)
INSERT INTO interacts VALUES(539221810321, 2, Goldenglue, 3165, 757002, 1)
INSERT INTO interacts VALUES(539221810321, 2, Altec, 3508, 831142, 1)
INSERT INTO interacts VALUES(539221810321, 2, Altec, 3006, 832523, 1)
INSERT INTO interacts VALUES(539221810321, 2, LemonNation, 2043, 832905, 1)
INSERT INTO interacts VALUES(539221810321, 2, Altec, 3363, 833525, 1)
INSERT INTO interacts VALUES(539221810321, 2, Altec, 2043, 833854, 1)
INSERT INTO interacts VALUES(539221810321, 2, Altec, 2010, 834008, 1)
INSERT INTO interacts VALUES(539221810321, 2, LemonNation, 2043, 834646, 1)
INSERT INTO interacts VALUES(539221810321, 2, LemonNation, 2010, 835661, 1)
INSERT INTO interacts VALUES(539221810321, 2, Rush, 1011, 839165, 1)
INSERT INTO interacts VALUES(539221810321, 2, Rush, 2043, 839532, 1)
INSERT INTO interacts VALUES(539221810321, 2, Rush, 3364, 840933, 1)
INSERT INTO interacts VALUES(539221810321, 2, Balls, 1037, 850332, 1)
INSERT INTO interacts VALUES(539221810321, 2, Hai, 3027, 854064, 1)
INSERT INTO interacts VALUES(539221810321, 2, fabbbyyy, 2010, 855458, 0)
INSERT INTO interacts VALUES(539221810321, 2, Solo, 3068, 856917, 1)
INSERT INTO interacts VALUES(539221810321, 2, fabbbyyy, 3006, 862213, 1)
INSERT INTO interacts VALUES(539221810321, 2, Solo, 2043, 862810, 1)
INSERT INTO interacts VALUES(539221810321, 2, Goldenglue, 1052, 873175, 1)
INSERT INTO interacts VALUES(539221810321, 2, Stunt, 1028, 874208, 1)
INSERT INTO interacts VALUES(539221810321, 2, Goldenglue, 1001, 874949, 1)
INSERT INTO interacts VALUES(539221810321, 2, Stunt, 1033, 875095, 1)
INSERT INTO interacts VALUES(539221810321, 2, Dardoch, 1401, 919374, 1)
INSERT INTO interacts VALUES(539221810321, 2, Dardoch, 1028, 920132, 1)
INSERT INTO interacts VALUES(539221810321, 2, Dardoch, 2043, 921071, 1)
INSERT INTO interacts VALUES(539221810321, 2, Dardoch, 3364, 921384, 1)
INSERT INTO interacts VALUES(539221810321, 2, Balls, 3074, 973172, 1)
INSERT INTO interacts VALUES(539221810321, 2, fabbbyyy, 1037, 980558, 1)
INSERT INTO interacts VALUES(539221810321, 2, LemonNation, 3158, 981270, 1)
INSERT INTO interacts VALUES(539221810321, 2, LemonNation, 2010, 984099, 0)
INSERT INTO interacts VALUES(539221810321, 2, fabbbyyy, 3363, 984619, 1)
INSERT INTO interacts VALUES(539221810321, 2, Balls, 1033, 985564, 1)
INSERT INTO interacts VALUES(539221810321, 2, fabbbyyy, 2043, 985762, 1)
INSERT INTO interacts VALUES(539221810321, 2, LemonNation, 1082, 985837, 1)
INSERT INTO interacts VALUES(539221810321, 2, Rush, 3111, 985925, 1)
INSERT INTO interacts VALUES(539221810321, 2, Dardoch, 2043, 988354, 0)
INSERT INTO interacts VALUES(539221810321, 2, Dardoch, 1033, 988834, 1)
INSERT INTO interacts VALUES(539221810321, 2, Altec, 2015, 989309, 1)
INSERT INTO interacts VALUES(539221810321, 2, Altec, 1042, 989540, 1)
INSERT INTO interacts VALUES(539221810321, 2, Hai, 3111, 997645, 1)
INSERT INTO interacts VALUES(539221810321, 2, Hai, 2043, 998451, 1)
INSERT INTO interacts VALUES(539221810321, 2, Hai, 2010, 999757, 1)
INSERT INTO interacts VALUES(539221810321, 2, Hai, 2010, 999899, 1)
INSERT INTO interacts VALUES(539221810321, 2, Solo, 3111, 1010188, 1)
INSERT INTO interacts VALUES(539221810321, 2, Solo, 1028, 1012201, 1)
INSERT INTO interacts VALUES(539221810321, 2, Solo, 1033, 1012458, 1)
INSERT INTO interacts VALUES(539221810321, 2, Stunt, 3105, 1015642, 1)
INSERT INTO interacts VALUES(539221810321, 2, Stunt, 3364, 1016124, 1)
INSERT INTO interacts VALUES(539221810321, 2, Stunt, 2043, 1016407, 1)
INSERT INTO interacts VALUES(539221810321, 2, Goldenglue, 3001, 1018191, 1)
INSERT INTO interacts VALUES(539221810321, 2, Goldenglue, 2043, 1023222, 1)
INSERT INTO interacts VALUES(539221810321, 2, Balls, 3211, 1084955, 1)
INSERT INTO interacts VALUES(539221810321, 2, Solo, 3211, 1153658, 1)
INSERT INTO interacts VALUES(539221810321, 2, LemonNation, 2301, 1164066, 1)
INSERT INTO interacts VALUES(539221810321, 2, Solo, 2043, 1165093, 1)
INSERT INTO interacts VALUES(539221810321, 2, Rush, 1029, 1168042, 1)
INSERT INTO interacts VALUES(539221810321, 2, Rush, 2043, 1168216, 1)
INSERT INTO interacts VALUES(539221810321, 2, Hai, 1058, 1172276, 1)
INSERT INTO interacts VALUES(539221810321, 2, LemonNation, 1033, 1172792, 1)
INSERT INTO interacts VALUES(539221810321, 2, fabbbyyy, 2043, 1175392, 0)
INSERT INTO interacts VALUES(539221810321, 2, Stunt, 2303, 1176369, 1)
INSERT INTO interacts VALUES(539221810321, 2, Hai, 2010, 1177313, 1)
INSERT INTO interacts VALUES(539221810321, 2, Stunt, 2043, 1177313, 1)
INSERT INTO interacts VALUES(539221810321, 2, fabbbyyy, 1018, 1178573, 1)
INSERT INTO interacts VALUES(539221810321, 2, Stunt, 2010, 1179467, 1)
INSERT INTO interacts VALUES(539221810321, 2, Stunt, 2010, 1179592, 1)
INSERT INTO interacts VALUES(539221810321, 2, Dardoch, 3211, 1182095, 1)
INSERT INTO interacts VALUES(539221810321, 2, Dardoch, 1031, 1183797, 1)
INSERT INTO interacts VALUES(539221810321, 2, Goldenglue, 1052, 1194048, 1)
INSERT INTO interacts VALUES(539221810321, 2, Altec, 3086, 1198500, 1)
INSERT INTO interacts VALUES(539221810321, 2, Stunt, 1028, 1265525, 1)
INSERT INTO interacts VALUES(539221810321, 2, Dardoch, 2031, 1272513, 0)
INSERT INTO interacts VALUES(539221810321, 2, Dardoch, 1028, 1273331, 1)
INSERT INTO interacts VALUES(539221810321, 2, fabbbyyy, 3031, 1291373, 1)
INSERT INTO interacts VALUES(539221810321, 2, fabbbyyy, 1042, 1293019, 1)
INSERT INTO interacts VALUES(539221810321, 2, LemonNation, 3105, 1296800, 1)
INSERT INTO interacts VALUES(539221810321, 2, LemonNation, 2043, 1298220, 1)
INSERT INTO interacts VALUES(539221810321, 2, LemonNation, 2043, 1298342, 1)
INSERT INTO interacts VALUES(539221810321, 2, Hai, 3003, 1301409, 1)
INSERT INTO interacts VALUES(539221810321, 2, Altec, 3087, 1320695, 1)
INSERT INTO interacts VALUES(539221810321, 2, Altec, 1037, 1321757, 1)
INSERT INTO interacts VALUES(539221810321, 2, Solo, 3067, 1322247, 1)
INSERT INTO interacts VALUES(539221810321, 2, Balls, 3065, 1365852, 1)
INSERT INTO interacts VALUES(539221810321, 2, Rush, 3143, 1417796, 1)
INSERT INTO interacts VALUES(539221810321, 2, Rush, 2043, 1418613, 1)
INSERT INTO interacts VALUES(539221810321, 2, Balls, 1028, 1419158, 1)
INSERT INTO interacts VALUES(539221810321, 2, Balls, 1029, 1423168, 1)
INSERT INTO interacts VALUES(539221810321, 2, Dardoch, 1011, 1426390, 1)
INSERT INTO interacts VALUES(539221810321, 2, Stunt, 3190, 1432258, 1)
INSERT INTO interacts VALUES(539221810321, 2, Stunt, 2043, 1433936, 1)
INSERT INTO interacts VALUES(539221810321, 2, Stunt, 2043, 1434024, 1)
INSERT INTO interacts VALUES(539221810321, 2, Solo, 3065, 1438621, 1)
INSERT INTO interacts VALUES(539221810321, 2, Solo, 1028, 1442182, 1)
INSERT INTO interacts VALUES(539221810321, 2, Hai, 2043, 1442182, 1)
INSERT INTO interacts VALUES(539221810321, 2, Hai, 1033, 1442538, 1)
INSERT INTO interacts VALUES(539221810321, 2, LemonNation, 1028, 1442829, 1)
INSERT INTO interacts VALUES(539221810321, 2, LemonNation, 2043, 1443387, 1)
INSERT INTO interacts VALUES(539221810321, 2, LemonNation, 3364, 1446536, 1)
INSERT INTO interacts VALUES(539221810321, 2, Goldenglue, 3020, 1447374, 1)
INSERT INTO interacts VALUES(539221810321, 2, Goldenglue, 1056, 1449083, 0)
INSERT INTO interacts VALUES(539221810321, 2, fabbbyyy, 3086, 1457503, 1)
INSERT INTO interacts VALUES(539221810321, 2, Goldenglue, 1026, 1457772, 1)
INSERT INTO interacts VALUES(539221810321, 2, fabbbyyy, 1042, 1460184, 1)
INSERT INTO interacts VALUES(539221810321, 2, Dardoch, 3742, 1553933, 1)
INSERT INTO interacts VALUES(539221810321, 2, Dardoch, 2043, 1554904, 1)
INSERT INTO interacts VALUES(539221810321, 2, Balls, 1028, 1561808, 1)
INSERT INTO interacts VALUES(539221810321, 2, Hai, 2043, 1590408, 0)
INSERT INTO interacts VALUES(539221810321, 2, Hai, 1031, 1591874, 1)
INSERT INTO interacts VALUES(539221810321, 2, LemonNation, 3190, 1597750, 1)
INSERT INTO interacts VALUES(539221810321, 2, LemonNation, 3114, 1603216, 1)
INSERT INTO interacts VALUES(539221810321, 2, Stunt, 3028, 1616619, 1)
INSERT INTO interacts VALUES(539221810321, 2, fabbbyyy, 3094, 1617632, 1)
INSERT INTO interacts VALUES(539221810321, 2, Goldenglue, 1056, 1623082, 0)
INSERT INTO interacts VALUES(539221810321, 2, Solo, 1011, 1623153, 1)
INSERT INTO interacts VALUES(539221810321, 2, Goldenglue, 3135, 1624355, 1)
INSERT INTO interacts VALUES(539221810321, 2, Solo, 1056, 1624939, 0)
INSERT INTO interacts VALUES(539221810321, 2, Goldenglue, 2043, 1625005, 1)
INSERT INTO interacts VALUES(539221810321, 2, Solo, 3082, 1626309, 1)
INSERT INTO interacts VALUES(539221810321, 2, Solo, 1056, 1627482, 0)
INSERT INTO interacts VALUES(539221810321, 2, Solo, 3024, 1629541, 1)
INSERT INTO interacts VALUES(539221810321, 2, Rush, 1057, 1630214, 1)
INSERT INTO interacts VALUES(539221810321, 2, Altec, 3036, 1634208, 1)
INSERT INTO interacts VALUES(539221810321, 2, Balls, 3111, 1663923, 1)
INSERT INTO interacts VALUES(539221810321, 2, Hai, 1057, 1710897, 1)
INSERT INTO interacts VALUES(539221810321, 2, LemonNation, 3113, 1734633, 1)
INSERT INTO interacts VALUES(539221810321, 2, Dardoch, 3102, 1742087, 1)
INSERT INTO interacts VALUES(539221810321, 2, fabbbyyy, 1055, 1742232, 0)
INSERT INTO interacts VALUES(539221810321, 2, Dardoch, 2043, 1742587, 1)
INSERT INTO interacts VALUES(539221810321, 2, fabbbyyy, 3035, 1743832, 1)
INSERT INTO interacts VALUES(539221810321, 2, Stunt, 3114, 1743872, 1)
INSERT INTO interacts VALUES(539221810321, 2, Stunt, 2043, 1744567, 1)
INSERT INTO interacts VALUES(539221810321, 2, fabbbyyy, 2043, 1744711, 1)
INSERT INTO interacts VALUES(539221810321, 2, Goldenglue, 1026, 1756159, 1)
INSERT INTO interacts VALUES(539221810321, 2, Altec, 1083, 1761853, 0)
INSERT INTO interacts VALUES(539221810321, 2, Altec, 1038, 1762974, 1)
INSERT INTO interacts VALUES(539221810321, 2, Balls, 1011, 1779840, 1)
INSERT INTO interacts VALUES(539221810321, 2, Hai, 3026, 1817869, 1)
INSERT INTO interacts VALUES(539221810321, 2, Hai, 2043, 1818936, 1)
INSERT INTO interacts VALUES(539221810321, 2, Solo, 3110, 1887930, 1)
INSERT INTO interacts VALUES(539221810321, 2, Rush, 3026, 1889915, 1)
INSERT INTO interacts VALUES(539221810321, 2, Solo, 1057, 1913698, 1)
INSERT INTO interacts VALUES(539221810321, 2, fabbbyyy, 1053, 1924280, 1)
INSERT INTO interacts VALUES(539221810321, 2, LemonNation, 3504, 1928176, 1)
INSERT INTO interacts VALUES(539221810321, 2, LemonNation, 2043, 1929717, 1)
INSERT INTO interacts VALUES(539221810321, 2, Stunt, 3222, 1948641, 1)
INSERT INTO interacts VALUES(539221810321, 2, Stunt, 2043, 1952219, 1)
INSERT INTO interacts VALUES(539221810321, 2, Balls, 1031, 1954015, 1)
INSERT INTO interacts VALUES(539221810321, 2, Hai, 1026, 1989608, 1)
INSERT INTO interacts VALUES(539221810321, 2, Solo, 1028, 2031985, 0)
INSERT INTO interacts VALUES(539221810321, 2, Solo, 1031, 2033160, 1)
INSERT INTO interacts VALUES(539221810321, 2, LemonNation, 2043, 2035018, 1)
INSERT INTO interacts VALUES(539221810321, 2, LemonNation, 2043, 2035188, 1)
INSERT INTO interacts VALUES(539221810321, 2, Altec, 3031, 2037710, 1)
INSERT INTO interacts VALUES(539221810321, 2, Goldenglue, 1058, 2039466, 1)
INSERT INTO interacts VALUES(539221810321, 2, Stunt, 1029, 2042102, 1)
INSERT INTO interacts VALUES(539221810321, 2, Dardoch, 3026, 2072190, 1)
INSERT INTO interacts VALUES(539221810321, 2, LemonNation, 2139, 2147279, 1)
INSERT INTO interacts VALUES(539221810321, 2, Dardoch, 2138, 2161091, 1)
INSERT INTO interacts VALUES(539221810321, 2, Balls, 3026, 2163478, 1)
INSERT INTO interacts VALUES(539221810321, 2, fabbbyyy, 3033, 2163918, 1)
INSERT INTO interacts VALUES(539221810321, 2, Rush, 2031, 2167582, 0)
INSERT INTO interacts VALUES(539221810321, 2, Rush, 3211, 2172282, 1)
INSERT INTO interacts VALUES(539221810321, 2, Rush, 2043, 2173032, 1)
INSERT INTO interacts VALUES(539221810321, 2, Altec, 1055, 2199129, 0)
INSERT INTO interacts VALUES(539221810321, 2, Altec, 3155, 2204774, 1)
INSERT INTO interacts VALUES(539221810321, 2, Altec, 2140, 2206066, 1)
INSERT INTO interacts VALUES(539221810321, 2, Hai, 3135, 2225414, 1)
INSERT INTO interacts VALUES(539221810321, 2, Solo, 3026, 2226178, 1)
INSERT INTO interacts VALUES(539221810321, 2, Solo, 2043, 2226757, 1)
INSERT INTO interacts VALUES(539221810321, 2, fabbbyyy, 2140, 2245278, 1)
INSERT INTO interacts VALUES(539221810321, 2, Stunt, 3024, 2250295, 1)
INSERT INTO interacts VALUES(539221810321, 2, Goldenglue, 3089, 2251012, 1)
INSERT INTO interacts VALUES(539221810321, 2, Stunt, 2138, 2252128, 1)
INSERT INTO interacts VALUES(539221810321, 2, Goldenglue, 2043, 2252241, 1)
INSERT INTO interacts VALUES(539221810321, 2, Dardoch, 2045, 2252379, 1)
INSERT INTO interacts VALUES(539221810321, 2, Altec, 3156, 2365276, 1)
INSERT INTO interacts VALUES(539221810321, 2, Goldenglue, 3041, 2393401, 1)
INSERT INTO series VALUES(
                    Game 1 of 2
                  )
INSERT INTO organizes VALUES(539221810321)
INSERT INTO teams VALUES(ENX, UNKNOWN, 
        Eanix
      )
INSERT INTO participates VALUES(nacs_2016_summer, ENX, UNKNOWN)
INSERT INTO teams VALUES(DT, UNKNOWN, 
        Dream Team
      )
INSERT INTO participates VALUES(nacs_2016_summer, DT, UNKNOWN)
INSERT INTO matches VALUES(154805528662, 1, 2016-06-08)
INSERT INTO competes VALUES(154805528662, ENX, True)
INSERT INTO competes VALUES(154805528662, DT, False)
INSERT INTO scores VALUES(ENX, 154805528662, 1, 0, 2, 0, 0, 1, 0)
INSERT INTO scores VALUES(DT, 154805528662, 1, 3, 11, 0, 2, 4, 1)
INSERT INTO bans VALUES(154805528662, 1, 29, 1)
INSERT INTO bans VALUES(154805528662, 1, 105, 3)
INSERT INTO bans VALUES(154805528662, 1, 76, 5)
INSERT INTO bans VALUES(154805528662, 1, 112, 2)
INSERT INTO bans VALUES(154805528662, 1, 8, 4)
INSERT INTO bans VALUES(154805528662, 1, 143, 6)
INSERT INTO players VALUES(k3soju)
INSERT INTO registers VALUES(k3soju, ENX, date('1970-01-01'))
INSERT INTO plays VALUES(154805528662, 1, k3soju, 48, Top, 0, 4, 1, 9050, 15, 3, 294, 5, 1, 12501)
INSERT INTO players VALUES(ShorterACE)
INSERT INTO registers VALUES(ShorterACE, ENX, date('1970-01-01'))
INSERT INTO plays VALUES(154805528662, 1, ShorterACE, 203, Jungle, 1, 3, 2, 11524, 44, 16, 60, 93, 13, 11881)
INSERT INTO players VALUES(Poppers OP)
INSERT INTO registers VALUES(Poppers OP, ENX, date('1970-01-01'))
INSERT INTO plays VALUES(154805528662, 1, Poppers OP, 268, Mid, 1, 2, 2, 25273, 16, 8, 342, 20, 0, 13994)
INSERT INTO players VALUES(Impactful)
INSERT INTO registers VALUES(Impactful, ENX, date('1970-01-01'))
INSERT INTO plays VALUES(154805528662, 1, Impactful, 236, Jungle, 2, 1, 3, 13469, 10, 3, 298, 14, 0, 13426)
INSERT INTO players VALUES(Nisker)
INSERT INTO registers VALUES(Nisker, ENX, date('1970-01-01'))
INSERT INTO plays VALUES(154805528662, 1, Nisker, 267, Jungle, 1, 4, 3, 5343, 52, 16, 17, 0, 0, 8726)
INSERT INTO players VALUES(Chorong)
INSERT INTO registers VALUES(Chorong, DT, date('1970-01-01'))
INSERT INTO plays VALUES(154805528662, 1, Chorong, 150, Jungle, 4, 2, 6, 28137, 21, 6, 292, 13, 12, 16880)
INSERT INTO players VALUES(Akaadian)
INSERT INTO registers VALUES(Akaadian, DT, date('1970-01-01'))
INSERT INTO plays VALUES(154805528662, 1, Akaadian, 104, Jungle, 5, 2, 5, 21916, 22, 15, 66, 105, 55, 16879)
INSERT INTO players VALUES(Pekin Woof)
INSERT INTO registers VALUES(Pekin Woof, DT, date('1970-01-01'))
INSERT INTO plays VALUES(154805528662, 1, Pekin Woof, 127, Mid, 1, 1, 5, 13528, 18, 11, 326, 19, 5, 16485)
INSERT INTO players VALUES(Massacre)
INSERT INTO registers VALUES(Massacre, DT, date('1970-01-01'))
INSERT INTO plays VALUES(154805528662, 1, Massacre, 22, ADC, 4, 1, 7, 21220, 17, 8, 336, 15, 8, 18160)
INSERT INTO players VALUES(Papa Chau)
INSERT INTO registers VALUES(Papa Chau, DT, date('1970-01-01'))
INSERT INTO plays VALUES(154805528662, 1, Papa Chau, 43, Support, 0, 1, 13, 4656, 46, 14, 18, 1, 0, 11229)
INSERT INTO interacts VALUES(154805528662, 1, Papa Chau, 3303, 1563, 1)
INSERT INTO interacts VALUES(154805528662, 1, Chorong, 1055, 2018, 1)
INSERT INTO interacts VALUES(154805528662, 1, Papa Chau, 2010, 2083, 1)
INSERT INTO interacts VALUES(154805528662, 1, Pekin Woof, 1056, 2083, 1)
INSERT INTO interacts VALUES(154805528662, 1, Impactful, 1055, 2116, 1)
INSERT INTO interacts VALUES(154805528662, 1, Chorong, 2003, 2181, 1)
INSERT INTO interacts VALUES(154805528662, 1, Papa Chau, 2010, 2216, 1)
INSERT INTO interacts VALUES(154805528662, 1, Chorong, 3340, 2345, 1)
INSERT INTO interacts VALUES(154805528662, 1, Papa Chau, 2010, 2442, 1)
INSERT INTO interacts VALUES(154805528662, 1, Impactful, 2010, 2572, 1)
INSERT INTO interacts VALUES(154805528662, 1, Nisker, 3303, 2701, 1)
INSERT INTO interacts VALUES(154805528662, 1, Pekin Woof, 2010, 2701, 1)
INSERT INTO interacts VALUES(154805528662, 1, Massacre, 1055, 2735, 1)
INSERT INTO interacts VALUES(154805528662, 1, Papa Chau, 3340, 2766, 1)
INSERT INTO interacts VALUES(154805528662, 1, Pekin Woof, 2010, 2894, 1)
INSERT INTO interacts VALUES(154805528662, 1, k3soju, 2033, 2914, 1)
INSERT INTO interacts VALUES(154805528662, 1, Massacre, 2010, 2992, 1)
INSERT INTO interacts VALUES(154805528662, 1, Nisker, 2010, 2993, 1)
INSERT INTO interacts VALUES(154805528662, 1, Impactful, 3340, 3089, 1)
INSERT INTO interacts VALUES(154805528662, 1, Pekin Woof, 3340, 3122, 1)
INSERT INTO interacts VALUES(154805528662, 1, Nisker, 2010, 3174, 1)
INSERT INTO interacts VALUES(154805528662, 1, Massacre, 3340, 3284, 1)
INSERT INTO interacts VALUES(154805528662, 1, k3soju, 3340, 3284, 1)
INSERT INTO interacts VALUES(154805528662, 1, Nisker, 2010, 3351, 1)
INSERT INTO interacts VALUES(154805528662, 1, Nisker, 3340, 4033, 1)
INSERT INTO interacts VALUES(154805528662, 1, Akaadian, 1039, 4165, 1)
INSERT INTO interacts VALUES(154805528662, 1, Akaadian, 2031, 4556, 1)
INSERT INTO interacts VALUES(154805528662, 1, ShorterACE, 1039, 5105, 1)
INSERT INTO interacts VALUES(154805528662, 1, ShorterACE, 2031, 5336, 1)
INSERT INTO interacts VALUES(154805528662, 1, ShorterACE, 3340, 5822, 1)
INSERT INTO interacts VALUES(154805528662, 1, Akaadian, 3340, 6041, 1)
INSERT INTO interacts VALUES(154805528662, 1, Poppers OP, 1056, 7549, 1)
INSERT INTO interacts VALUES(154805528662, 1, Poppers OP, 2003, 7974, 1)
INSERT INTO interacts VALUES(154805528662, 1, Poppers OP, 2003, 8170, 1)
INSERT INTO interacts VALUES(154805528662, 1, Poppers OP, 3340, 8561, 1)
INSERT INTO interacts VALUES(154805528662, 1, Papa Chau, 2043, 181741, 1)
INSERT INTO interacts VALUES(154805528662, 1, Papa Chau, 2010, 182467, 1)
INSERT INTO interacts VALUES(154805528662, 1, Massacre, 1083, 228168, 1)
INSERT INTO interacts VALUES(154805528662, 1, Massacre, 1001, 228557, 1)
INSERT INTO interacts VALUES(154805528662, 1, Nisker, 1028, 231638, 1)
INSERT INTO interacts VALUES(154805528662, 1, Impactful, 1036, 232005, 1)
INSERT INTO interacts VALUES(154805528662, 1, Impactful, 1001, 232695, 1)
INSERT INTO interacts VALUES(154805528662, 1, Massacre, 2010, 237946, 1)
INSERT INTO interacts VALUES(154805528662, 1, Massacre, 2043, 238086, 1)
INSERT INTO interacts VALUES(154805528662, 1, ShorterACE, 3711, 242004, 1)
INSERT INTO interacts VALUES(154805528662, 1, ShorterACE, 3341, 243037, 1)
INSERT INTO interacts VALUES(154805528662, 1, ShorterACE, 2043, 243654, 1)
INSERT INTO interacts VALUES(154805528662, 1, Chorong, 1055, 257315, 1)
INSERT INTO interacts VALUES(154805528662, 1, Chorong, 2003, 257510, 1)
INSERT INTO interacts VALUES(154805528662, 1, k3soju, 1036, 259413, 1)
INSERT INTO interacts VALUES(154805528662, 1, k3soju, 1036, 260469, 1)
INSERT INTO interacts VALUES(154805528662, 1, k3soju, 2043, 262384, 1)
INSERT INTO interacts VALUES(154805528662, 1, Pekin Woof, 1057, 313356, 1)
INSERT INTO interacts VALUES(154805528662, 1, Pekin Woof, 1056, 313964, 1)
INSERT INTO interacts VALUES(154805528662, 1, Pekin Woof, 2010, 314943, 1)
INSERT INTO interacts VALUES(154805528662, 1, Pekin Woof, 2043, 315270, 1)
INSERT INTO interacts VALUES(154805528662, 1, Poppers OP, 3101, 333681, 1)
INSERT INTO interacts VALUES(154805528662, 1, Poppers OP, 2043, 335247, 1)
INSERT INTO interacts VALUES(154805528662, 1, Akaadian, 3133, 382947, 1)
INSERT INTO interacts VALUES(154805528662, 1, Akaadian, 3711, 383508, 1)
INSERT INTO interacts VALUES(154805528662, 1, ShorterACE, 1001, 396781, 1)
INSERT INTO interacts VALUES(154805528662, 1, ShorterACE, 1042, 397516, 1)
INSERT INTO interacts VALUES(154805528662, 1, ShorterACE, 2043, 397976, 1)
INSERT INTO interacts VALUES(154805528662, 1, Chorong, 3044, 510007, 1)
INSERT INTO interacts VALUES(154805528662, 1, Chorong, 2043, 510815, 1)
INSERT INTO interacts VALUES(154805528662, 1, Massacre, 1038, 519390, 1)
INSERT INTO interacts VALUES(154805528662, 1, Papa Chau, 2049, 522373, 1)
INSERT INTO interacts VALUES(154805528662, 1, Papa Chau, 3341, 522873, 1)
INSERT INTO interacts VALUES(154805528662, 1, Papa Chau, 2043, 523806, 1)
INSERT INTO interacts VALUES(154805528662, 1, Papa Chau, 2010, 524755, 1)
INSERT INTO interacts VALUES(154805528662, 1, Pekin Woof, 3158, 536191, 1)
INSERT INTO interacts VALUES(154805528662, 1, Pekin Woof, 1052, 539252, 1)
INSERT INTO interacts VALUES(154805528662, 1, ShorterACE, 1043, 541794, 1)
INSERT INTO interacts VALUES(154805528662, 1, Akaadian, 1408, 551643, 1)
INSERT INTO interacts VALUES(154805528662, 1, Akaadian, 2043, 553003, 1)
INSERT INTO interacts VALUES(154805528662, 1, k3soju, 3077, 556124, 1)
INSERT INTO interacts VALUES(154805528662, 1, k3soju, 1001, 559501, 1)
INSERT INTO interacts VALUES(154805528662, 1, k3soju, 3047, 571118, 1)
INSERT INTO interacts VALUES(154805528662, 1, Nisker, 2049, 579958, 1)
INSERT INTO interacts VALUES(154805528662, 1, Impactful, 3134, 580612, 1)
INSERT INTO interacts VALUES(154805528662, 1, Nisker, 3341, 581251, 1)
INSERT INTO interacts VALUES(154805528662, 1, Impactful, 3133, 581820, 1)
INSERT INTO interacts VALUES(154805528662, 1, Nisker, 2010, 584898, 0)
INSERT INTO interacts VALUES(154805528662, 1, Nisker, 3098, 586405, 1)
INSERT INTO interacts VALUES(154805528662, 1, Nisker, 2010, 638385, 1)
INSERT INTO interacts VALUES(154805528662, 1, Nisker, 2043, 648570, 1)
INSERT INTO interacts VALUES(154805528662, 1, Massacre, 3006, 672069, 1)
INSERT INTO interacts VALUES(154805528662, 1, Papa Chau, 3158, 675827, 1)
INSERT INTO interacts VALUES(154805528662, 1, Pekin Woof, 3108, 682432, 1)
INSERT INTO interacts VALUES(154805528662, 1, Pekin Woof, 1052, 682853, 1)
INSERT INTO interacts VALUES(154805528662, 1, Pekin Woof, 3363, 685756, 1)
INSERT INTO interacts VALUES(154805528662, 1, Chorong, 3133, 688657, 1)
INSERT INTO interacts VALUES(154805528662, 1, Chorong, 1001, 689242, 1)
INSERT INTO interacts VALUES(154805528662, 1, Chorong, 2043, 691860, 1)
INSERT INTO interacts VALUES(154805528662, 1, Akaadian, 3006, 692030, 1)
INSERT INTO interacts VALUES(154805528662, 1, Poppers OP, 3115, 692619, 1)
INSERT INTO interacts VALUES(154805528662, 1, Akaadian, 2043, 694704, 1)
INSERT INTO interacts VALUES(154805528662, 1, Poppers OP, 3363, 697513, 1)
INSERT INTO interacts VALUES(154805528662, 1, Poppers OP, 2003, 697889, 1)
INSERT INTO interacts VALUES(154805528662, 1, ShorterACE, 1418, 749356, 1)
INSERT INTO interacts VALUES(154805528662, 1, ShorterACE, 1042, 750080, 1)
INSERT INTO interacts VALUES(154805528662, 1, Nisker, 1001, 758531, 1)
INSERT INTO interacts VALUES(154805528662, 1, Impactful, 3142, 758889, 1)
INSERT INTO interacts VALUES(154805528662, 1, Impactful, 2010, 760345, 1)
INSERT INTO interacts VALUES(154805528662, 1, Nisker, 2043, 761416, 1)
INSERT INTO interacts VALUES(154805528662, 1, Massacre, 2010, 781790, 0)
INSERT INTO interacts VALUES(154805528662, 1, Massacre, 2010, 781907, 0)
INSERT INTO interacts VALUES(154805528662, 1, Massacre, 3086, 783453, 1)
INSERT INTO interacts VALUES(154805528662, 1, Papa Chau, 3098, 796658, 1)
INSERT INTO interacts VALUES(154805528662, 1, Papa Chau, 2043, 797191, 1)
INSERT INTO interacts VALUES(154805528662, 1, Chorong, 3071, 818722, 1)
INSERT INTO interacts VALUES(154805528662, 1, Akaadian, 3133, 825005, 1)
INSERT INTO interacts VALUES(154805528662, 1, Akaadian, 3364, 827317, 1)
INSERT INTO interacts VALUES(154805528662, 1, k3soju, 3082, 849686, 1)
INSERT INTO interacts VALUES(154805528662, 1, k3soju, 1028, 851270, 1)
INSERT INTO interacts VALUES(154805528662, 1, ShorterACE, 3009, 902463, 1)
INSERT INTO interacts VALUES(154805528662, 1, ShorterACE, 3364, 907147, 1)
INSERT INTO interacts VALUES(154805528662, 1, Pekin Woof, 3001, 923277, 1)
INSERT INTO interacts VALUES(154805528662, 1, Pekin Woof, 1052, 926033, 1)
INSERT INTO interacts VALUES(154805528662, 1, Pekin Woof, 2043, 926812, 1)
INSERT INTO interacts VALUES(154805528662, 1, Impactful, 3044, 930636, 1)
INSERT INTO interacts VALUES(154805528662, 1, Impactful, 2010, 932319, 1)
INSERT INTO interacts VALUES(154805528662, 1, Nisker, 3009, 933605, 1)
INSERT INTO interacts VALUES(154805528662, 1, Nisker, 1052, 936011, 1)
INSERT INTO interacts VALUES(154805528662, 1, Nisker, 2010, 937009, 1)
INSERT INTO interacts VALUES(154805528662, 1, Poppers OP, 3111, 955729, 1)
INSERT INTO interacts VALUES(154805528662, 1, Poppers OP, 1052, 957361, 1)
INSERT INTO interacts VALUES(154805528662, 1, Poppers OP, 2043, 957964, 1)
INSERT INTO interacts VALUES(154805528662, 1, Papa Chau, 2301, 1018236, 1)
INSERT INTO interacts VALUES(154805528662, 1, Papa Chau, 2043, 1019266, 1)
INSERT INTO interacts VALUES(154805528662, 1, Massacre, 3085, 1023793, 1)
INSERT INTO interacts VALUES(154805528662, 1, Massacre, 1037, 1025131, 1)
INSERT INTO interacts VALUES(154805528662, 1, Massacre, 3363, 1027182, 1)
INSERT INTO interacts VALUES(154805528662, 1, Chorong, 3052, 1030095, 1)
INSERT INTO interacts VALUES(154805528662, 1, Chorong, 2043, 1031514, 1)
INSERT INTO interacts VALUES(154805528662, 1, Pekin Woof, 3191, 1032303, 1)
INSERT INTO interacts VALUES(154805528662, 1, Pekin Woof, 2043, 1034153, 1)
INSERT INTO interacts VALUES(154805528662, 1, Akaadian, 3086, 1065622, 1)
INSERT INTO interacts VALUES(154805528662, 1, Akaadian, 1042, 1066161, 1)
INSERT INTO interacts VALUES(154805528662, 1, ShorterACE, 3086, 1072673, 1)
INSERT INTO interacts VALUES(154805528662, 1, ShorterACE, 1042, 1073411, 1)
INSERT INTO interacts VALUES(154805528662, 1, Impactful, 3006, 1091040, 1)
INSERT INTO interacts VALUES(154805528662, 1, Impactful, 3363, 1092844, 1)
INSERT INTO interacts VALUES(154805528662, 1, Nisker, 2043, 1102674, 1)
INSERT INTO interacts VALUES(154805528662, 1, ShorterACE, 1042, 1175691, 1)
INSERT INTO interacts VALUES(154805528662, 1, k3soju, 3143, 1204418, 1)
INSERT INTO interacts VALUES(154805528662, 1, Nisker, 3108, 1205978, 1)
INSERT INTO interacts VALUES(154805528662, 1, k3soju, 1036, 1206696, 1)
INSERT INTO interacts VALUES(154805528662, 1, Nisker, 2043, 1207231, 1)
INSERT INTO interacts VALUES(154805528662, 1, Nisker, 2301, 1209966, 1)
INSERT INTO interacts VALUES(154805528662, 1, Nisker, 2043, 1212252, 1)
INSERT INTO interacts VALUES(154805528662, 1, Nisker, 2043, 1212419, 1)
INSERT INTO interacts VALUES(154805528662, 1, Nisker, 2010, 1215625, 1)
INSERT INTO interacts VALUES(154805528662, 1, Akaadian, 3046, 1245001, 1)
INSERT INTO interacts VALUES(154805528662, 1, Akaadian, 2043, 1246362, 1)
INSERT INTO interacts VALUES(154805528662, 1, Chorong, 1055, 1246562, 0)
INSERT INTO interacts VALUES(154805528662, 1, Chorong, 3022, 1248001, 1)
INSERT INTO interacts VALUES(154805528662, 1, Chorong, 2043, 1248483, 1)
INSERT INTO interacts VALUES(154805528662, 1, Papa Chau, 1028, 1256674, 1)
INSERT INTO interacts VALUES(154805528662, 1, Papa Chau, 1033, 1257066, 1)
INSERT INTO interacts VALUES(154805528662, 1, Papa Chau, 3364, 1258337, 1)
INSERT INTO interacts VALUES(154805528662, 1, Massacre, 3031, 1258650, 1)
INSERT INTO interacts VALUES(154805528662, 1, Impactful, 2010, 1261593, 0)
INSERT INTO interacts VALUES(154805528662, 1, Massacre, 2043, 1261705, 1)
INSERT INTO interacts VALUES(154805528662, 1, Papa Chau, 2043, 1262685, 1)
INSERT INTO interacts VALUES(154805528662, 1, Impactful, 1036, 1263556, 1)
INSERT INTO interacts VALUES(154805528662, 1, Impactful, 1036, 1263957, 1)
INSERT INTO interacts VALUES(154805528662, 1, ShorterACE, 3046, 1269645, 1)
INSERT INTO interacts VALUES(154805528662, 1, ShorterACE, 2043, 1271382, 1)
INSERT INTO interacts VALUES(154805528662, 1, k3soju, 1053, 1280452, 1)
INSERT INTO interacts VALUES(154805528662, 1, Pekin Woof, 3157, 1291828, 1)
INSERT INTO interacts VALUES(154805528662, 1, ShorterACE, 1028, 1342951, 1)
INSERT INTO interacts VALUES(154805528662, 1, Nisker, 3108, 1351156, 1)
INSERT INTO interacts VALUES(154805528662, 1, Nisker, 3364, 1352783, 1)
INSERT INTO interacts VALUES(154805528662, 1, Impactful, 3133, 1358688, 1)
INSERT INTO interacts VALUES(154805528662, 1, ShorterACE, 2043, 1397349, 1)
INSERT INTO interacts VALUES(154805528662, 1, Pekin Woof, 1026, 1446329, 1)
INSERT INTO interacts VALUES(154805528662, 1, ShorterACE, 2031, 1472571, 0)
INSERT INTO interacts VALUES(154805528662, 1, Nisker, 1033, 1472637, 1)
INSERT INTO interacts VALUES(154805528662, 1, Nisker, 2010, 1473751, 1)
INSERT INTO interacts VALUES(154805528662, 1, ShorterACE, 1036, 1474345, 1)
INSERT INTO interacts VALUES(154805528662, 1, Poppers OP, 3116, 1474946, 1)
INSERT INTO interacts VALUES(154805528662, 1, Poppers OP, 2043, 1476135, 1)
INSERT INTO interacts VALUES(154805528662, 1, Impactful, 3071, 1476174, 1)
INSERT INTO interacts VALUES(154805528662, 1, Massacre, 1038, 1499445, 1)
INSERT INTO interacts VALUES(154805528662, 1, Chorong, 1011, 1513143, 1)
INSERT INTO interacts VALUES(154805528662, 1, Akaadian, 1053, 1513173, 1)
INSERT INTO interacts VALUES(154805528662, 1, Akaadian, 2031, 1514145, 0)
INSERT INTO interacts VALUES(154805528662, 1, Chorong, 3047, 1515625, 1)
INSERT INTO interacts VALUES(154805528662, 1, Akaadian, 1037, 1516032, 1)
INSERT INTO interacts VALUES(154805528662, 1, Chorong, 2043, 1516745, 1)
INSERT INTO interacts VALUES(154805528662, 1, Pekin Woof, 2139, 1519333, 1)
INSERT INTO interacts VALUES(154805528662, 1, k3soju, 2033, 1520868, 0)
INSERT INTO interacts VALUES(154805528662, 1, Papa Chau, 3105, 1521734, 1)
INSERT INTO interacts VALUES(154805528662, 1, Papa Chau, 1028, 1522191, 1)
INSERT INTO interacts VALUES(154805528662, 1, k3soju, 3074, 1522407, 1)
INSERT INTO interacts VALUES(154805528662, 1, k3soju, 2043, 1523101, 1)
INSERT INTO interacts VALUES(154805528662, 1, Papa Chau, 2043, 1523154, 1)
INSERT INTO interacts VALUES(154805528662, 1, k3soju, 3363, 1523875, 1)
INSERT INTO interacts VALUES(154805528662, 1, Nisker, 1028, 1597731, 1)
INSERT INTO interacts VALUES(154805528662, 1, Akaadian, 3812, 1612958, 1)
INSERT INTO interacts VALUES(154805528662, 1, Akaadian, 2043, 1613542, 1)
INSERT INTO interacts VALUES(154805528662, 1, Massacre, 1083, 1616545, 0)
INSERT INTO interacts VALUES(154805528662, 1, Massacre, 1053, 1617028, 1)
INSERT INTO interacts VALUES(154805528662, 1, ShorterACE, 3052, 1618172, 1)
INSERT INTO interacts VALUES(154805528662, 1, ShorterACE, 2043, 1619295, 1)
INSERT INTO interacts VALUES(154805528662, 1, ShorterACE, 2043, 1619442, 1)
INSERT INTO interacts VALUES(154805528662, 1, Papa Chau, 3067, 1624137, 1)
INSERT INTO interacts VALUES(154805528662, 1, Impactful, 3086, 1684805, 1)
INSERT INTO interacts VALUES(154805528662, 1, Nisker, 3801, 1703741, 1)
INSERT INTO interacts VALUES(154805528662, 1, Chorong, 3047, 1716572, 1)
INSERT INTO interacts VALUES(154805528662, 1, Chorong, 3082, 1718356, 1)
INSERT INTO interacts VALUES(154805528662, 1, k3soju, 3211, 1732002, 1)
INSERT INTO interacts VALUES(154805528662, 1, ShorterACE, 1036, 1779320, 1)
INSERT INTO interacts VALUES(154805528662, 1, Impactful, 2015, 1783130, 1)
INSERT INTO interacts VALUES(154805528662, 1, Pekin Woof, 3135, 1787350, 1)
INSERT INTO interacts VALUES(154805528662, 1, Massacre, 3072, 1836071, 1)
INSERT INTO interacts VALUES(154805528662, 1, Massacre, 2043, 1837289, 1)
INSERT INTO interacts VALUES(154805528662, 1, Chorong, 3143, 1845290, 1)
INSERT INTO interacts VALUES(154805528662, 1, Chorong, 1033, 1846387, 1)
INSERT INTO interacts VALUES(154805528662, 1, Papa Chau, 3190, 1849210, 1)
INSERT INTO interacts VALUES(154805528662, 1, Papa Chau, 3114, 1850345, 1)
INSERT INTO interacts VALUES(154805528662, 1, Papa Chau, 2043, 1851200, 1)
INSERT INTO interacts VALUES(154805528662, 1, Papa Chau, 2010, 1852164, 1)
INSERT INTO interacts VALUES(154805528662, 1, Papa Chau, 2010, 1852331, 1)
INSERT INTO interacts VALUES(154805528662, 1, Pekin Woof, 1056, 1868619, 0)
INSERT INTO interacts VALUES(154805528662, 1, Akaadian, 1038, 1870192, 1)
INSERT INTO interacts VALUES(154805528662, 1, Pekin Woof, 1026, 1870689, 1)
INSERT INTO interacts VALUES(154805528662, 1, Akaadian, 2043, 1872125, 1)
INSERT INTO interacts VALUES(154805528662, 1, Impactful, 3094, 1876051, 1)
INSERT INTO interacts VALUES(154805528662, 1, Poppers OP, 3135, 1877464, 1)
INSERT INTO interacts VALUES(154805528662, 1, ShorterACE, 3053, 1877901, 1)
INSERT INTO interacts VALUES(154805528662, 1, Poppers OP, 2003, 1879319, 0)
INSERT INTO interacts VALUES(154805528662, 1, Poppers OP, 2043, 1880109, 1)
INSERT INTO interacts VALUES(154805528662, 1, Poppers OP, 2043, 1880273, 1)
INSERT INTO interacts VALUES(154805528662, 1, Nisker, 3060, 1891166, 1)
INSERT INTO interacts VALUES(154805528662, 1, k3soju, 3067, 1893414, 1)
INSERT INTO interacts VALUES(154805528662, 1, k3soju, 1029, 1894399, 1)
INSERT INTO interacts VALUES(154805528662, 1, Nisker, 2043, 1938374, 1)
INSERT INTO interacts VALUES(154805528662, 1, Nisker, 2043, 1938573, 1)
INSERT INTO interacts VALUES(154805528662, 1, ShorterACE, 2140, 1947192, 1)
INSERT INTO interacts VALUES(154805528662, 1, ShorterACE, 2043, 1947851, 1)
INSERT INTO interacts VALUES(154805528662, 1, Nisker, 2043, 1987482, 1)
INSERT INTO interacts VALUES(154805528662, 1, Nisker, 1004, 1988703, 1)
INSERT INTO interacts VALUES(154805528662, 1, Poppers OP, 3191, 2055712, 1)
INSERT INTO interacts VALUES(154805528662, 1, k3soju, 3065, 2066088, 1)
INSERT INTO interacts VALUES(154805528662, 1, Impactful, 1037, 2066834, 1)
INSERT INTO interacts VALUES(154805528662, 1, Nisker, 3114, 2067687, 1)
INSERT INTO interacts VALUES(154805528662, 1, Akaadian, 3072, 2073940, 1)
INSERT INTO interacts VALUES(154805528662, 1, Papa Chau, 3222, 2086265, 1)
INSERT INTO interacts VALUES(154805528662, 1, Papa Chau, 2043, 2089036, 1)
INSERT INTO interacts VALUES(154805528662, 1, Poppers OP, 1058, 2090455, 1)
INSERT INTO interacts VALUES(154805528662, 1, Pekin Woof, 1056, 2094199, 0)
INSERT INTO interacts VALUES(154805528662, 1, Pekin Woof, 1058, 2095009, 1)
INSERT INTO interacts VALUES(154805528662, 1, Chorong, 1033, 2095731, 0)
INSERT INTO interacts VALUES(154805528662, 1, Chorong, 3046, 2096399, 1)
INSERT INTO interacts VALUES(154805528662, 1, Massacre, 3094, 2103259, 1)
INSERT INTO interacts VALUES(154805528662, 1, Akaadian, 3072, 2106798, 1)
INSERT INTO interacts VALUES(154805528662, 1, Impactful, 3035, 2171124, 1)
INSERT INTO interacts VALUES(154805528662, 1, ShorterACE, 1037, 2171234, 1)
INSERT INTO interacts VALUES(154805528662, 1, Pekin Woof, 3089, 2185307, 1)
INSERT INTO interacts VALUES(154805528662, 1, Nisker, 1052, 2185892, 1)
INSERT INTO interacts VALUES(154805528662, 1, Nisker, 2043, 2188055, 1)
INSERT INTO interacts VALUES(154805528662, 1, k3soju, 1031, 2201049, 1)
INSERT INTO interacts VALUES(154805528662, 1, Chorong, 1055, 2210207, 0)
INSERT INTO interacts VALUES(154805528662, 1, k3soju, 1029, 2210944, 1)
INSERT INTO interacts VALUES(154805528662, 1, Akaadian, 2043, 2214874, 0)
INSERT INTO interacts VALUES(154805528662, 1, Massacre, 1055, 2214874, 0)
INSERT INTO interacts VALUES(154805528662, 1, Akaadian, 3134, 2216254, 1)
INSERT INTO interacts VALUES(154805528662, 1, Papa Chau, 3024, 2216831, 1)
INSERT INTO interacts VALUES(154805528662, 1, Massacre, 3035, 2217618, 1)
INSERT INTO interacts VALUES(154805528662, 1, Chorong, 3155, 2219594, 1)
INSERT INTO interacts VALUES(154805528662, 1, Massacre, 2140, 2219693, 1)
INSERT INTO interacts VALUES(154805528662, 1, Papa Chau, 1052, 2221408, 1)
INSERT INTO interacts VALUES(154805528662, 1, ShorterACE, 3035, 2222803, 1)
INSERT INTO interacts VALUES(154805528662, 1, Papa Chau, 2010, 2222887, 0)
INSERT INTO interacts VALUES(154805528662, 1, Papa Chau, 2043, 2223663, 1)
INSERT INTO interacts VALUES(154805528662, 1, Papa Chau, 2043, 2223847, 1)
INSERT INTO interacts VALUES(154805528662, 1, Papa Chau, 2139, 2224955, 1)
INSERT INTO interacts VALUES(154805528662, 1, Poppers OP, 1056, 2273835, 0)
INSERT INTO interacts VALUES(154805528662, 1, Poppers OP, 1026, 2275595, 1)
INSERT INTO interacts VALUES(154805528662, 1, ShorterACE, 1036, 2277939, 1)
INSERT INTO interacts VALUES(154805528662, 1, Poppers OP, 2139, 2278133, 1)
INSERT INTO interacts VALUES(154805528662, 1, Chorong, 2140, 2306874, 1)
INSERT INTO matches VALUES(154805528662, 2, 2016-06-08)
INSERT INTO competes VALUES(154805528662, ENX, True)
INSERT INTO competes VALUES(154805528662, DT, False)
INSERT INTO scores VALUES(ENX, 154805528662, 2, 2, 9, 1, 1, 3, 1)
INSERT INTO scores VALUES(DT, 154805528662, 2, 0, 2, 0, 1, 0, 0)
INSERT INTO bans VALUES(154805528662, 2, 8, 1)
INSERT INTO bans VALUES(154805528662, 2, 48, 3)
INSERT INTO bans VALUES(154805528662, 2, 143, 5)
INSERT INTO bans VALUES(154805528662, 2, 29, 2)
INSERT INTO bans VALUES(154805528662, 2, 105, 4)
INSERT INTO bans VALUES(154805528662, 2, 76, 6)
INSERT INTO plays VALUES(154805528662, 2, Chorong, 57, Top, 2, 1, 10, 10803, 22, 6, 247, 15, 5, 13341)
INSERT INTO plays VALUES(154805528662, 2, Akaadian, 104, Jungle, 5, 0, 7, 15882, 13, 8, 43, 82, 38, 13571)
INSERT INTO plays VALUES(154805528662, 2, Pekin Woof, 112, Mid, 6, 0, 5, 19655, 13, 8, 255, 16, 7, 14292)
INSERT INTO plays VALUES(154805528662, 2, Massacre, 22, ADC, 0, 1, 9, 10906, 15, 13, 229, 17, 7, 12748)
INSERT INTO plays VALUES(154805528662, 2, Papa Chau, 43, Support, 0, 1, 13, 5790, 45, 15, 24, 0, 0, 9703)
INSERT INTO plays VALUES(154805528662, 2, k3soju, 150, Top, 1, 6, 1, 7078, 15, 0, 231, 5, 0, 10501)
INSERT INTO plays VALUES(154805528662, 2, ShorterACE, 79, Jungle, 0, 3, 2, 7015, 39, 20, 38, 80, 8, 9516)
INSERT INTO plays VALUES(154805528662, 2, Poppers OP, 7, Mid, 1, 1, 1, 14324, 15, 1, 258, 2, 0, 11315)
INSERT INTO plays VALUES(154805528662, 2, Impactful, 236, ADC, 1, 2, 1, 12419, 9, 9, 274, 18, 0, 12279)
INSERT INTO plays VALUES(154805528662, 2, Nisker, 267, Support, 0, 1, 2, 4357, 52, 13, 17, 0, 0, 7721)
INSERT INTO interacts VALUES(154805528662, 2, Pekin Woof, 1056, 1769, 1)
INSERT INTO interacts VALUES(154805528662, 2, Massacre, 1055, 1896, 1)
INSERT INTO interacts VALUES(154805528662, 2, Papa Chau, 3303, 2092, 1)
INSERT INTO interacts VALUES(154805528662, 2, Chorong, 1056, 2108, 1)
INSERT INTO interacts VALUES(154805528662, 2, Pekin Woof, 2010, 2108, 1)
INSERT INTO interacts VALUES(154805528662, 2, Massacre, 2010, 2108, 1)
INSERT INTO interacts VALUES(154805528662, 2, Pekin Woof, 2010, 2253, 1)
INSERT INTO interacts VALUES(154805528662, 2, Massacre, 3340, 2366, 1)
INSERT INTO interacts VALUES(154805528662, 2, Pekin Woof, 3340, 2479, 1)
INSERT INTO interacts VALUES(154805528662, 2, Chorong, 2003, 2513, 1)
INSERT INTO interacts VALUES(154805528662, 2, Papa Chau, 2010, 2576, 1)
INSERT INTO interacts VALUES(154805528662, 2, Chorong, 2003, 2624, 1)
INSERT INTO interacts VALUES(154805528662, 2, Papa Chau, 2010, 2708, 1)
INSERT INTO interacts VALUES(154805528662, 2, Papa Chau, 2010, 2884, 1)
INSERT INTO interacts VALUES(154805528662, 2, Papa Chau, 3340, 3097, 1)
INSERT INTO interacts VALUES(154805528662, 2, Chorong, 3340, 3227, 1)
INSERT INTO interacts VALUES(154805528662, 2, ShorterACE, 1039, 3260, 1)
INSERT INTO interacts VALUES(154805528662, 2, Akaadian, 1039, 3750, 1)
INSERT INTO interacts VALUES(154805528662, 2, k3soju, 1055, 3809, 1)
INSERT INTO interacts VALUES(154805528662, 2, Nisker, 3303, 3812, 1)
INSERT INTO interacts VALUES(154805528662, 2, Impactful, 1055, 3923, 1)
INSERT INTO interacts VALUES(154805528662, 2, Nisker, 2010, 4134, 1)
INSERT INTO interacts VALUES(154805528662, 2, k3soju, 2003, 4134, 1)
INSERT INTO interacts VALUES(154805528662, 2, ShorterACE, 2031, 4183, 1)
INSERT INTO interacts VALUES(154805528662, 2, Akaadian, 2031, 4183, 1)
INSERT INTO interacts VALUES(154805528662, 2, Nisker, 2010, 4298, 1)
INSERT INTO interacts VALUES(154805528662, 2, Nisker, 2010, 4445, 1)
INSERT INTO interacts VALUES(154805528662, 2, Impactful, 2010, 4461, 1)
INSERT INTO interacts VALUES(154805528662, 2, k3soju, 3340, 4621, 1)
INSERT INTO interacts VALUES(154805528662, 2, ShorterACE, 3340, 4621, 1)
INSERT INTO interacts VALUES(154805528662, 2, Akaadian, 3340, 4654, 1)
INSERT INTO interacts VALUES(154805528662, 2, Impactful, 3340, 4965, 1)
INSERT INTO interacts VALUES(154805528662, 2, Nisker, 3340, 5014, 1)
INSERT INTO interacts VALUES(154805528662, 2, Poppers OP, 1056, 8684, 1)
INSERT INTO interacts VALUES(154805528662, 2, Poppers OP, 2003, 9009, 1)
INSERT INTO interacts VALUES(154805528662, 2, Poppers OP, 2003, 9170, 1)
INSERT INTO interacts VALUES(154805528662, 2, Poppers OP, 3340, 9434, 1)
INSERT INTO interacts VALUES(154805528662, 2, k3soju, 1055, 213827, 1)
INSERT INTO interacts VALUES(154805528662, 2, Chorong, 1056, 223704, 1)
INSERT INTO interacts VALUES(154805528662, 2, Chorong, 2003, 223904, 1)
INSERT INTO interacts VALUES(154805528662, 2, Chorong, 2003, 224002, 1)
INSERT INTO interacts VALUES(154805528662, 2, Akaadian, 3715, 286110, 1)
INSERT INTO interacts VALUES(154805528662, 2, Akaadian, 2043, 287646, 1)
INSERT INTO interacts VALUES(154805528662, 2, ShorterACE, 3711, 292505, 1)
INSERT INTO interacts VALUES(154805528662, 2, ShorterACE, 3341, 293517, 1)
INSERT INTO interacts VALUES(154805528662, 2, ShorterACE, 1001, 294443, 1)
INSERT INTO interacts VALUES(154805528662, 2, Pekin Woof, 3196, 342180, 1)
INSERT INTO interacts VALUES(154805528662, 2, Pekin Woof, 2043, 352218, 1)
INSERT INTO interacts VALUES(154805528662, 2, Impactful, 3134, 359291, 1)
INSERT INTO interacts VALUES(154805528662, 2, Impactful, 2010, 360531, 1)
INSERT INTO interacts VALUES(154805528662, 2, Chorong, 1001, 362318, 1)
INSERT INTO interacts VALUES(154805528662, 2, Chorong, 1028, 364104, 1)
INSERT INTO interacts VALUES(154805528662, 2, Chorong, 2043, 364563, 1)
INSERT INTO interacts VALUES(154805528662, 2, Chorong, 2003, 364726, 1)
INSERT INTO interacts VALUES(154805528662, 2, Massacre, 1038, 375630, 1)
INSERT INTO interacts VALUES(154805528662, 2, Papa Chau, 3098, 375630, 1)
INSERT INTO interacts VALUES(154805528662, 2, Papa Chau, 2010, 376825, 1)
INSERT INTO interacts VALUES(154805528662, 2, Papa Chau, 2010, 376965, 1)
INSERT INTO interacts VALUES(154805528662, 2, Massacre, 2010, 377188, 1)
INSERT INTO interacts VALUES(154805528662, 2, Papa Chau, 2043, 377281, 1)
INSERT INTO interacts VALUES(154805528662, 2, k3soju, 1028, 377305, 1)
INSERT INTO interacts VALUES(154805528662, 2, k3soju, 1036, 377707, 1)
INSERT INTO interacts VALUES(154805528662, 2, Massacre, 2043, 377936, 1)
INSERT INTO interacts VALUES(154805528662, 2, k3soju, 2043, 380372, 1)
INSERT INTO interacts VALUES(154805528662, 2, k3soju, 2003, 380761, 1)
INSERT INTO interacts VALUES(154805528662, 2, Nisker, 3098, 384629, 1)
INSERT INTO interacts VALUES(154805528662, 2, Nisker, 2010, 385774, 1)
INSERT INTO interacts VALUES(154805528662, 2, Nisker, 2010, 385936, 1)
INSERT INTO interacts VALUES(154805528662, 2, Akaadian, 1036, 386059, 1)
INSERT INTO interacts VALUES(154805528662, 2, Nisker, 2010, 386092, 1)
INSERT INTO interacts VALUES(154805528662, 2, Nisker, 2043, 387039, 1)
INSERT INTO interacts VALUES(154805528662, 2, Akaadian, 1001, 387683, 1)
INSERT INTO interacts VALUES(154805528662, 2, Poppers OP, 3802, 429757, 1)
INSERT INTO interacts VALUES(154805528662, 2, Poppers OP, 1056, 430604, 1)
INSERT INTO interacts VALUES(154805528662, 2, Poppers OP, 2043, 431254, 1)
INSERT INTO interacts VALUES(154805528662, 2, Poppers OP, 2003, 431612, 1)
INSERT INTO interacts VALUES(154805528662, 2, Poppers OP, 2003, 431775, 1)
INSERT INTO interacts VALUES(154805528662, 2, Poppers OP, 2003, 431847, 1)
INSERT INTO interacts VALUES(154805528662, 2, ShorterACE, 1052, 448464, 1)
INSERT INTO interacts VALUES(154805528662, 2, ShorterACE, 2043, 452757, 1)
INSERT INTO interacts VALUES(154805528662, 2, Pekin Woof, 1033, 455970, 1)
INSERT INTO interacts VALUES(154805528662, 2, Pekin Woof, 2043, 456680, 1)
INSERT INTO interacts VALUES(154805528662, 2, Pekin Woof, 2010, 457323, 1)
INSERT INTO interacts VALUES(154805528662, 2, Pekin Woof, 2010, 457431, 1)
INSERT INTO interacts VALUES(154805528662, 2, Massacre, 1001, 474033, 1)
INSERT INTO interacts VALUES(154805528662, 2, Chorong, 3751, 474733, 1)
INSERT INTO interacts VALUES(154805528662, 2, Papa Chau, 1001, 475051, 1)
INSERT INTO interacts VALUES(154805528662, 2, Massacre, 1042, 475507, 1)
INSERT INTO interacts VALUES(154805528662, 2, Papa Chau, 1028, 476002, 1)
INSERT INTO interacts VALUES(154805528662, 2, Chorong, 2003, 476263, 1)
INSERT INTO interacts VALUES(154805528662, 2, Papa Chau, 2043, 477014, 1)
INSERT INTO interacts VALUES(154805528662, 2, Impactful, 3133, 512966, 1)
INSERT INTO interacts VALUES(154805528662, 2, ShorterACE, 3113, 523483, 1)
INSERT INTO interacts VALUES(154805528662, 2, Akaadian, 1036, 525438, 1)
INSERT INTO interacts VALUES(154805528662, 2, Akaadian, 3009, 527265, 1)
INSERT INTO interacts VALUES(154805528662, 2, k3soju, 3044, 528182, 1)
INSERT INTO interacts VALUES(154805528662, 2, Akaadian, 2043, 528519, 1)
INSERT INTO interacts VALUES(154805528662, 2, k3soju, 2003, 529626, 1)
INSERT INTO interacts VALUES(154805528662, 2, Nisker, 3341, 553901, 1)
INSERT INTO interacts VALUES(154805528662, 2, Nisker, 2049, 554379, 1)
INSERT INTO interacts VALUES(154805528662, 2, Pekin Woof, 3197, 598146, 1)
INSERT INTO interacts VALUES(154805528662, 2, Pekin Woof, 1057, 603923, 1)
INSERT INTO interacts VALUES(154805528662, 2, Poppers OP, 3108, 626240, 1)
INSERT INTO interacts VALUES(154805528662, 2, Poppers OP, 2003, 627432, 1)
INSERT INTO interacts VALUES(154805528662, 2, Poppers OP, 2003, 627660, 1)
INSERT INTO interacts VALUES(154805528662, 2, k3soju, 1001, 659983, 1)
INSERT INTO interacts VALUES(154805528662, 2, k3soju, 1036, 661424, 1)
INSERT INTO interacts VALUES(154805528662, 2, Massacre, 3006, 671271, 1)
INSERT INTO interacts VALUES(154805528662, 2, Massacre, 1042, 673035, 1)
INSERT INTO interacts VALUES(154805528662, 2, Massacre, 1051, 673945, 1)
INSERT INTO interacts VALUES(154805528662, 2, Papa Chau, 3158, 684427, 1)
INSERT INTO interacts VALUES(154805528662, 2, Papa Chau, 2049, 687587, 1)
INSERT INTO interacts VALUES(154805528662, 2, Papa Chau, 3341, 688196, 1)
INSERT INTO interacts VALUES(154805528662, 2, Papa Chau, 2043, 688712, 1)
INSERT INTO interacts VALUES(154805528662, 2, ShorterACE, 1410, 690594, 1)
INSERT INTO interacts VALUES(154805528662, 2, Impactful, 1001, 694507, 1)
INSERT INTO interacts VALUES(154805528662, 2, Chorong, 3047, 694968, 1)
INSERT INTO interacts VALUES(154805528662, 2, Impactful, 2010, 695587, 1)
INSERT INTO interacts VALUES(154805528662, 2, Chorong, 1029, 695882, 1)
INSERT INTO interacts VALUES(154805528662, 2, Nisker, 1001, 701167, 1)
INSERT INTO interacts VALUES(154805528662, 2, Nisker, 2043, 702908, 1)
INSERT INTO interacts VALUES(154805528662, 2, Akaadian, 1412, 705448, 1)
INSERT INTO interacts VALUES(154805528662, 2, Akaadian, 2043, 706165, 1)
INSERT INTO interacts VALUES(154805528662, 2, k3soju, 1036, 736250, 1)
INSERT INTO interacts VALUES(154805528662, 2, Poppers OP, 3363, 751612, 1)
INSERT INTO interacts VALUES(154805528662, 2, Poppers OP, 1001, 752796, 1)
INSERT INTO interacts VALUES(154805528662, 2, Pekin Woof, 3020, 774525, 1)
INSERT INTO interacts VALUES(154805528662, 2, Pekin Woof, 3158, 775833, 1)
INSERT INTO interacts VALUES(154805528662, 2, Pekin Woof, 3363, 777541, 1)
INSERT INTO interacts VALUES(154805528662, 2, Pekin Woof, 2010, 778269, 1)
INSERT INTO interacts VALUES(154805528662, 2, Impactful, 3006, 781016, 1)
INSERT INTO interacts VALUES(154805528662, 2, Impactful, 2010, 782094, 1)
INSERT INTO interacts VALUES(154805528662, 2, Massacre, 3086, 858092, 1)
INSERT INTO interacts VALUES(154805528662, 2, Papa Chau, 2301, 858292, 1)
INSERT INTO interacts VALUES(154805528662, 2, Massacre, 1042, 859334, 1)
INSERT INTO interacts VALUES(154805528662, 2, Massacre, 1042, 859464, 1)
INSERT INTO interacts VALUES(154805528662, 2, Papa Chau, 2043, 859471, 1)
INSERT INTO interacts VALUES(154805528662, 2, Papa Chau, 2010, 859989, 1)
INSERT INTO interacts VALUES(154805528662, 2, ShorterACE, 3047, 860778, 1)
INSERT INTO interacts VALUES(154805528662, 2, ShorterACE, 2043, 862867, 1)
INSERT INTO interacts VALUES(154805528662, 2, Poppers OP, 3165, 867957, 1)
INSERT INTO interacts VALUES(154805528662, 2, Poppers OP, 2003, 869371, 1)
INSERT INTO interacts VALUES(154805528662, 2, Poppers OP, 2003, 869534, 1)
INSERT INTO interacts VALUES(154805528662, 2, k3soju, 3133, 883839, 1)
INSERT INTO interacts VALUES(154805528662, 2, k3soju, 1028, 885892, 1)
INSERT INTO interacts VALUES(154805528662, 2, Nisker, 3009, 902616, 1)
INSERT INTO interacts VALUES(154805528662, 2, Nisker, 2043, 903663, 1)
INSERT INTO interacts VALUES(154805528662, 2, Chorong, 3068, 906297, 1)
INSERT INTO interacts VALUES(154805528662, 2, Chorong, 2043, 910159, 1)
INSERT INTO interacts VALUES(154805528662, 2, Akaadian, 3134, 966538, 1)
INSERT INTO interacts VALUES(154805528662, 2, Akaadian, 3133, 969097, 1)
INSERT INTO interacts VALUES(154805528662, 2, Akaadian, 1036, 970496, 1)
INSERT INTO interacts VALUES(154805528662, 2, Akaadian, 2043, 972501, 1)
INSERT INTO interacts VALUES(154805528662, 2, Pekin Woof, 3001, 1013299, 1)
INSERT INTO interacts VALUES(154805528662, 2, k3soju, 3071, 1032129, 1)
INSERT INTO interacts VALUES(154805528662, 2, k3soju, 2043, 1033272, 1)
INSERT INTO interacts VALUES(154805528662, 2, ShorterACE, 1033, 1037262, 1)
INSERT INTO interacts VALUES(154805528662, 2, ShorterACE, 2043, 1038099, 1)
INSERT INTO interacts VALUES(154805528662, 2, ShorterACE, 3364, 1038494, 1)
INSERT INTO interacts VALUES(154805528662, 2, Massacre, 3085, 1054660, 1)
INSERT INTO interacts VALUES(154805528662, 2, Massacre, 3363, 1055728, 1)
INSERT INTO interacts VALUES(154805528662, 2, Impactful, 3142, 1057516, 1)
INSERT INTO interacts VALUES(154805528662, 2, Impactful, 1036, 1059556, 1)
INSERT INTO interacts VALUES(154805528662, 2, Massacre, 1018, 1061468, 1)
INSERT INTO interacts VALUES(154805528662, 2, Impactful, 3363, 1061665, 1)
INSERT INTO interacts VALUES(154805528662, 2, Massacre, 1037, 1067603, 1)
INSERT INTO interacts VALUES(154805528662, 2, Nisker, 2301, 1070212, 1)
INSERT INTO interacts VALUES(154805528662, 2, Akaadian, 3134, 1085470, 1)
INSERT INTO interacts VALUES(154805528662, 2, Papa Chau, 3801, 1086213, 1)
INSERT INTO interacts VALUES(154805528662, 2, Akaadian, 2043, 1086279, 1)
INSERT INTO interacts VALUES(154805528662, 2, Papa Chau, 2043, 1086811, 1)
INSERT INTO interacts VALUES(154805528662, 2, Chorong, 3024, 1087696, 1)
INSERT INTO interacts VALUES(154805528662, 2, Papa Chau, 2043, 1087868, 1)
INSERT INTO interacts VALUES(154805528662, 2, Akaadian, 3363, 1088755, 1)
INSERT INTO interacts VALUES(154805528662, 2, Poppers OP, 1058, 1088889, 1)
INSERT INTO interacts VALUES(154805528662, 2, Chorong, 2043, 1089321, 1)
INSERT INTO interacts VALUES(154805528662, 2, Pekin Woof, 3198, 1105052, 1)
INSERT INTO interacts VALUES(154805528662, 2, ShorterACE, 3211, 1139396, 1)
INSERT INTO interacts VALUES(154805528662, 2, ShorterACE, 2043, 1140376, 1)
INSERT INTO interacts VALUES(154805528662, 2, Massacre, 1018, 1188945, 1)
INSERT INTO interacts VALUES(154805528662, 2, Nisker, 1028, 1189703, 1)
INSERT INTO interacts VALUES(154805528662, 2, k3soju, 3082, 1191662, 1)
INSERT INTO interacts VALUES(154805528662, 2, ShorterACE, 1028, 1206594, 1)
INSERT INTO interacts VALUES(154805528662, 2, Papa Chau, 3105, 1211539, 1)
INSERT INTO interacts VALUES(154805528662, 2, Papa Chau, 2010, 1213409, 1)
INSERT INTO interacts VALUES(154805528662, 2, Papa Chau, 2010, 1213574, 1)
INSERT INTO interacts VALUES(154805528662, 2, Pekin Woof, 2010, 1222077, 0)
INSERT INTO interacts VALUES(154805528662, 2, Pekin Woof, 1058, 1224665, 1)
INSERT INTO interacts VALUES(154805528662, 2, Akaadian, 3142, 1228869, 1)
INSERT INTO interacts VALUES(154805528662, 2, Chorong, 3211, 1229519, 1)
INSERT INTO interacts VALUES(154805528662, 2, Akaadian, 1042, 1230083, 1)
INSERT INTO interacts VALUES(154805528662, 2, Akaadian, 2031, 1231114, 0)
INSERT INTO interacts VALUES(154805528662, 2, Akaadian, 1042, 1231964, 1)
INSERT INTO interacts VALUES(154805528662, 2, Impactful, 3044, 1238696, 1)
INSERT INTO interacts VALUES(154805528662, 2, Massacre, 3031, 1317834, 1)
INSERT INTO interacts VALUES(154805528662, 2, Massacre, 1042, 1318897, 1)
INSERT INTO interacts VALUES(154805528662, 2, Massacre, 2010, 1319203, 1)
INSERT INTO interacts VALUES(154805528662, 2, Massacre, 2043, 1321491, 1)
INSERT INTO interacts VALUES(154805528662, 2, Papa Chau, 1028, 1322958, 1)
INSERT INTO interacts VALUES(154805528662, 2, Poppers OP, 3020, 1323933, 1)
INSERT INTO interacts VALUES(154805528662, 2, Papa Chau, 2043, 1324031, 1)
INSERT INTO interacts VALUES(154805528662, 2, Poppers OP, 2043, 1325789, 1)
INSERT INTO interacts VALUES(154805528662, 2, ShorterACE, 3067, 1339501, 1)
INSERT INTO interacts VALUES(154805528662, 2, Impactful, 1036, 1343480, 1)
INSERT INTO interacts VALUES(154805528662, 2, Impactful, 1036, 1343817, 1)
INSERT INTO interacts VALUES(154805528662, 2, Nisker, 3801, 1344017, 1)
INSERT INTO interacts VALUES(154805528662, 2, Nisker, 2043, 1345481, 1)
INSERT INTO interacts VALUES(154805528662, 2, Akaadian, 2140, 1345902, 1)
INSERT INTO interacts VALUES(154805528662, 2, Nisker, 3364, 1348397, 1)
INSERT INTO interacts VALUES(154805528662, 2, Nisker, 2010, 1349147, 1)
INSERT INTO interacts VALUES(154805528662, 2, k3soju, 3009, 1352260, 1)
INSERT INTO interacts VALUES(154805528662, 2, Chorong, 1056, 1376561, 0)
INSERT INTO interacts VALUES(154805528662, 2, Chorong, 3082, 1378574, 1)
INSERT INTO interacts VALUES(154805528662, 2, Chorong, 1056, 1381663, 0)
INSERT INTO interacts VALUES(154805528662, 2, Chorong, 2043, 1383001, 1)
INSERT INTO interacts VALUES(154805528662, 2, Chorong, 2043, 1383158, 1)
INSERT INTO interacts VALUES(154805528662, 2, Poppers OP, 1052, 1388234, 1)
INSERT INTO interacts VALUES(154805528662, 2, ShorterACE, 3065, 1435526, 1)
INSERT INTO interacts VALUES(154805528662, 2, ShorterACE, 2043, 1438256, 1)
INSERT INTO interacts VALUES(154805528662, 2, ShorterACE, 2043, 1438364, 1)
INSERT INTO interacts VALUES(154805528662, 2, Papa Chau, 3364, 1441005, 1)
INSERT INTO interacts VALUES(154805528662, 2, Papa Chau, 3067, 1442913, 1)
INSERT INTO interacts VALUES(154805528662, 2, Akaadian, 1051, 1469148, 1)
INSERT INTO interacts VALUES(154805528662, 2, Chorong, 1028, 1474792, 1)
INSERT INTO interacts VALUES(154805528662, 2, k3soju, 1011, 1474957, 1)
INSERT INTO interacts VALUES(154805528662, 2, k3soju, 1055, 1476219, 0)
INSERT INTO interacts VALUES(154805528662, 2, Pekin Woof, 3116, 1477191, 1)
INSERT INTO interacts VALUES(154805528662, 2, k3soju, 1033, 1480661, 1)
INSERT INTO interacts VALUES(154805528662, 2, k3soju, 3211, 1484522, 1)
INSERT INTO interacts VALUES(154805528662, 2, Impactful, 3071, 1490288, 1)
INSERT INTO interacts VALUES(154805528662, 2, Nisker, 3105, 1491337, 1)
INSERT INTO interacts VALUES(154805528662, 2, Nisker, 2043, 1493748, 1)
INSERT INTO interacts VALUES(154805528662, 2, Nisker, 2043, 1493855, 1)
INSERT INTO interacts VALUES(154805528662, 2, Impactful, 1042, 1497981, 1)
INSERT INTO interacts VALUES(154805528662, 2, Chorong, 3067, 1522052, 1)
INSERT INTO interacts VALUES(154805528662, 2, ShorterACE, 1029, 1548143, 1)
INSERT INTO interacts VALUES(154805528662, 2, k3soju, 1055, 1554473, 0)
INSERT INTO interacts VALUES(154805528662, 2, Pekin Woof, 2139, 1554746, 1)
INSERT INTO interacts VALUES(154805528662, 2, k3soju, 1031, 1557283, 1)
INSERT INTO interacts VALUES(154805528662, 2, ShorterACE, 2138, 1572510, 1)
INSERT INTO interacts VALUES(154805528662, 2, Papa Chau, 3190, 1613337, 1)
INSERT INTO interacts VALUES(154805528662, 2, Papa Chau, 3114, 1615033, 1)
INSERT INTO interacts VALUES(154805528662, 2, Papa Chau, 2043, 1616026, 1)
INSERT INTO interacts VALUES(154805528662, 2, Papa Chau, 2010, 1616356, 1)
INSERT INTO interacts VALUES(154805528662, 2, Akaadian, 3046, 1619292, 1)
INSERT INTO interacts VALUES(154805528662, 2, Massacre, 3086, 1624987, 1)
INSERT INTO interacts VALUES(154805528662, 2, Massacre, 1053, 1627063, 1)
INSERT INTO interacts VALUES(154805528662, 2, Poppers OP, 3089, 1628594, 1)
INSERT INTO interacts VALUES(154805528662, 2, Nisker, 1052, 1629540, 1)
INSERT INTO interacts VALUES(154805528662, 2, Poppers OP, 2043, 1630661, 1)
INSERT INTO interacts VALUES(154805528662, 2, Chorong, 3110, 1632526, 1)
INSERT INTO interacts VALUES(154805528662, 2, Chorong, 2043, 1633416, 1)
INSERT INTO interacts VALUES(154805528662, 2, ShorterACE, 1029, 1673737, 1)
INSERT INTO interacts VALUES(154805528662, 2, ShorterACE, 2031, 1674981, 0)
INSERT INTO interacts VALUES(154805528662, 2, ShorterACE, 1029, 1675723, 1)
INSERT INTO interacts VALUES(154805528662, 2, Impactful, 3086, 1688536, 1)
INSERT INTO interacts VALUES(154805528662, 2, Impactful, 1042, 1689508, 1)
INSERT INTO interacts VALUES(154805528662, 2, ShorterACE, 2043, 1751077, 1)
INSERT INTO interacts VALUES(154805528662, 2, Nisker, 3108, 1761475, 1)
INSERT INTO interacts VALUES(154805528662, 2, Nisker, 2043, 1762480, 1)
INSERT INTO interacts VALUES(154805528662, 2, Papa Chau, 1033, 1765408, 1)
INSERT INTO interacts VALUES(154805528662, 2, Papa Chau, 2043, 1765869, 1)
INSERT INTO interacts VALUES(154805528662, 2, Pekin Woof, 1058, 1776828, 1)
INSERT INTO interacts VALUES(154805528662, 2, Chorong, 3065, 1783159, 1)
INSERT INTO interacts VALUES(154805528662, 2, k3soju, 3102, 1783426, 1)
INSERT INTO interacts VALUES(154805528662, 2, Chorong, 2043, 1783861, 1)
INSERT INTO interacts VALUES(154805528662, 2, Poppers OP, 1026, 1787484, 1)
INSERT INTO interacts VALUES(154805528662, 2, k3soju, 3363, 1788536, 1)
INSERT INTO interacts VALUES(154805528662, 2, Akaadian, 3134, 1792950, 1)
INSERT INTO interacts VALUES(154805528662, 2, Akaadian, 2043, 1794766, 1)
INSERT INTO interacts VALUES(154805528662, 2, Impactful, 3094, 1801700, 1)
INSERT INTO interacts VALUES(154805528662, 2, Nisker, 2043, 1809314, 1)
INSERT INTO interacts VALUES(154805528662, 2, Nisker, 2043, 1809457, 1)
INSERT INTO interacts VALUES(154805528662, 2, Massacre, 3094, 1890568, 1)
INSERT INTO interacts VALUES(154805528662, 2, Papa Chau, 3028, 1893643, 1)
INSERT INTO interacts VALUES(154805528662, 2, Papa Chau, 2043, 1894470, 1)
INSERT INTO interacts VALUES(154805528662, 2, ShorterACE, 3024, 1901101, 1)
INSERT INTO interacts VALUES(154805528662, 2, ShorterACE, 2043, 1902350, 1)
INSERT INTO interacts VALUES(154805528662, 2, Nisker, 3060, 1922618, 1)
INSERT INTO interacts VALUES(154805528662, 2, Impactful, 1037, 1926605, 1)
INSERT INTO interacts VALUES(154805528662, 2, k3soju, 1055, 1942883, 0)
INSERT INTO interacts VALUES(154805528662, 2, k3soju, 1011, 1945167, 1)
INSERT INTO interacts VALUES(154805528662, 2, Chorong, 3082, 1951913, 1)
INSERT INTO interacts VALUES(154805528662, 2, Chorong, 2043, 1952751, 1)
INSERT INTO interacts VALUES(154805528662, 2, Chorong, 2138, 2011002, 1)
INSERT INTO interacts VALUES(154805528662, 2, Impactful, 3035, 2039803, 1)
INSERT INTO interacts VALUES(154805528662, 2, Nisker, 2043, 2040839, 1)
INSERT INTO interacts VALUES(154805528662, 2, Poppers OP, 2139, 2045969, 1)
INSERT INTO series VALUES(
                    Game 1 of 2
                  )
INSERT INTO organizes VALUES(154805528662)
INSERT INTO teams VALUES(NVA, UNKNOWN, 
        Nova
      )
INSERT INTO participates VALUES(nacs_2016_summer, NVA, UNKNOWN)
INSERT INTO teams VALUES(APP, UNKNOWN, 
        Apex Pride
      )
INSERT INTO participates VALUES(nacs_2016_summer, APP, UNKNOWN)
INSERT INTO matches VALUES(832895602219, 1, 2016-06-08)
INSERT INTO competes VALUES(832895602219, NVA, True)
INSERT INTO competes VALUES(832895602219, APP, False)
INSERT INTO scores VALUES(NVA, 832895602219, 1, 2, 9, 0, 1, 1, 1)
INSERT INTO scores VALUES(APP, 832895602219, 1, 0, 4, 0, 0, 4, 0)
INSERT INTO bans VALUES(832895602219, 1, 114, 1)
INSERT INTO bans VALUES(832895602219, 1, 203, 3)
INSERT INTO bans VALUES(832895602219, 1, 13, 5)
INSERT INTO bans VALUES(832895602219, 1, 143, 2)
INSERT INTO bans VALUES(832895602219, 1, 48, 4)
INSERT INTO bans VALUES(832895602219, 1, 76, 6)
INSERT INTO players VALUES(Flaxxish)
INSERT INTO registers VALUES(Flaxxish, NVA, date('1970-01-01'))
INSERT INTO plays VALUES(832895602219, 1, Flaxxish, 420, Top, 4, 1, 7, 38016, 22, 8, 388, 19, 6, 19233)
INSERT INTO players VALUES(k0u)
INSERT INTO registers VALUES(k0u, NVA, date('1970-01-01'))
INSERT INTO plays VALUES(832895602219, 1, k0u, 60, Jungle, 4, 3, 6, 21055, 11, 21, 58, 108, 9, 16611)
INSERT INTO players VALUES(Ablazeolive)
INSERT INTO registers VALUES(Ablazeolive, NVA, date('1970-01-01'))
INSERT INTO plays VALUES(832895602219, 1, Ablazeolive, 8, Mid, 6, 2, 6, 41235, 26, 10, 374, 8, 0, 18861)
INSERT INTO players VALUES(Rikara)
INSERT INTO registers VALUES(Rikara, NVA, date('1970-01-01'))
INSERT INTO plays VALUES(832895602219, 1, Rikara, 15, ADC, 1, 2, 8, 17686, 18, 18, 432, 29, 3, 19433)
INSERT INTO players VALUES(Trance)
INSERT INTO registers VALUES(Trance, NVA, date('1970-01-01'))
INSERT INTO plays VALUES(832895602219, 1, Trance, 267, Support, 0, 1, 14, 6092, 78, 19, 22, 0, 0, 12492)
INSERT INTO players VALUES(Cris)
INSERT INTO registers VALUES(Cris, APP, date('1970-01-01'))
INSERT INTO plays VALUES(832895602219, 1, Cris, 105, Top, 4, 2, 2, 26618, 23, 54, 459, 3, 3, 18011)
INSERT INTO players VALUES(Diamondprox)
INSERT INTO registers VALUES(Diamondprox, APP, date('1970-01-01'))
INSERT INTO plays VALUES(832895602219, 1, Diamondprox, 421, Jungle, 1, 2, 6, 14198, 42, 26, 58, 123, 23, 14627)
INSERT INTO players VALUES(Shiphtur)
INSERT INTO registers VALUES(Shiphtur, APP, date('1970-01-01'))
INSERT INTO plays VALUES(832895602219, 1, Shiphtur, 50, Mid, 2, 2, 4, 38939, 25, 6, 340, 34, 2, 16229)
INSERT INTO players VALUES(Roar)
INSERT INTO registers VALUES(Roar, APP, date('1970-01-01'))
INSERT INTO plays VALUES(832895602219, 1, Roar, 51, ADC, 2, 4, 4, 19233, 23, 29, 426, 25, 2, 17738)
INSERT INTO players VALUES(KonKwon)
INSERT INTO registers VALUES(KonKwon, APP, date('1970-01-01'))
INSERT INTO plays VALUES(832895602219, 1, KonKwon, 43, Support, 0, 5, 6, 8457, 64, 28, 33, 0, 0, 10392)
INSERT INTO interacts VALUES(832895602219, 1, Trance, 3303, 2318, 1)
INSERT INTO interacts VALUES(832895602219, 1, Ablazeolive, 1054, 2672, 1)
INSERT INTO interacts VALUES(832895602219, 1, k0u, 1039, 2707, 1)
INSERT INTO interacts VALUES(832895602219, 1, Roar, 1055, 2772, 1)
INSERT INTO interacts VALUES(832895602219, 1, Ablazeolive, 2003, 2837, 1)
INSERT INTO interacts VALUES(832895602219, 1, Roar, 2010, 3030, 1)
INSERT INTO interacts VALUES(832895602219, 1, Trance, 2010, 3063, 1)
INSERT INTO interacts VALUES(832895602219, 1, Ablazeolive, 3340, 3063, 1)
INSERT INTO interacts VALUES(832895602219, 1, Flaxxish, 2033, 3063, 1)
INSERT INTO interacts VALUES(832895602219, 1, Roar, 3340, 3063, 1)
INSERT INTO interacts VALUES(832895602219, 1, KonKwon, 3303, 3975, 1)
INSERT INTO interacts VALUES(832895602219, 1, Shiphtur, 1056, 4134, 1)
INSERT INTO interacts VALUES(832895602219, 1, Rikara, 1055, 4138, 1)
INSERT INTO interacts VALUES(832895602219, 1, Shiphtur, 2003, 4331, 1)
INSERT INTO interacts VALUES(832895602219, 1, KonKwon, 2010, 4393, 1)
INSERT INTO interacts VALUES(832895602219, 1, Rikara, 2003, 4393, 1)
INSERT INTO interacts VALUES(832895602219, 1, Shiphtur, 2003, 4444, 1)
INSERT INTO interacts VALUES(832895602219, 1, Trance, 2010, 4491, 1)
INSERT INTO interacts VALUES(832895602219, 1, KonKwon, 2010, 4491, 1)
INSERT INTO interacts VALUES(832895602219, 1, Rikara, 3340, 4621, 1)
INSERT INTO interacts VALUES(832895602219, 1, KonKwon, 2010, 4624, 1)
INSERT INTO interacts VALUES(832895602219, 1, Shiphtur, 3340, 4656, 1)
INSERT INTO interacts VALUES(832895602219, 1, Trance, 2010, 4784, 1)
INSERT INTO interacts VALUES(832895602219, 1, KonKwon, 3340, 4912, 1)
INSERT INTO interacts VALUES(832895602219, 1, k0u, 2031, 5013, 1)
INSERT INTO interacts VALUES(832895602219, 1, k0u, 3340, 5338, 1)
INSERT INTO interacts VALUES(832895602219, 1, Trance, 3340, 5532, 1)
INSERT INTO interacts VALUES(832895602219, 1, Cris, 2033, 5627, 1)
INSERT INTO interacts VALUES(832895602219, 1, Flaxxish, 3340, 5920, 1)
INSERT INTO interacts VALUES(832895602219, 1, Cris, 3340, 6410, 1)
INSERT INTO interacts VALUES(832895602219, 1, Diamondprox, 1041, 7566, 1)
INSERT INTO interacts VALUES(832895602219, 1, Diamondprox, 2031, 8523, 1)
INSERT INTO interacts VALUES(832895602219, 1, Diamondprox, 3340, 9174, 1)
INSERT INTO interacts VALUES(832895602219, 1, Diamondprox, 3706, 242939, 1)
INSERT INTO interacts VALUES(832895602219, 1, Diamondprox, 2043, 244299, 1)
INSERT INTO interacts VALUES(832895602219, 1, Cris, 1028, 314234, 1)
INSERT INTO interacts VALUES(832895602219, 1, Cris, 1029, 314858, 1)
INSERT INTO interacts VALUES(832895602219, 1, Cris, 1082, 316655, 1)
INSERT INTO interacts VALUES(832895602219, 1, Cris, 2043, 322191, 1)
INSERT INTO interacts VALUES(832895602219, 1, k0u, 1052, 325979, 1)
INSERT INTO interacts VALUES(832895602219, 1, k0u, 1052, 326163, 1)
INSERT INTO interacts VALUES(832895602219, 1, k0u, 1001, 327783, 1)
INSERT INTO interacts VALUES(832895602219, 1, Diamondprox, 1028, 340409, 1)
INSERT INTO interacts VALUES(832895602219, 1, Diamondprox, 2043, 344555, 1)
INSERT INTO interacts VALUES(832895602219, 1, Flaxxish, 3133, 357531, 1)
INSERT INTO interacts VALUES(832895602219, 1, Flaxxish, 1036, 358052, 1)
INSERT INTO interacts VALUES(832895602219, 1, Flaxxish, 2043, 362679, 1)
INSERT INTO interacts VALUES(832895602219, 1, KonKwon, 2049, 411478, 1)
INSERT INTO interacts VALUES(832895602219, 1, KonKwon, 3341, 412434, 1)
INSERT INTO interacts VALUES(832895602219, 1, KonKwon, 2043, 412826, 1)
INSERT INTO interacts VALUES(832895602219, 1, KonKwon, 2043, 412963, 1)
INSERT INTO interacts VALUES(832895602219, 1, Shiphtur, 3010, 425721, 1)
INSERT INTO interacts VALUES(832895602219, 1, Ablazeolive, 3211, 425870, 1)
INSERT INTO interacts VALUES(832895602219, 1, Ablazeolive, 1001, 426444, 1)
INSERT INTO interacts VALUES(832895602219, 1, Ablazeolive, 2003, 426840, 1)
INSERT INTO interacts VALUES(832895602219, 1, Shiphtur, 1026, 426940, 1)
INSERT INTO interacts VALUES(832895602219, 1, Ablazeolive, 2003, 427029, 1)
INSERT INTO interacts VALUES(832895602219, 1, Shiphtur, 2043, 428247, 1)
INSERT INTO interacts VALUES(832895602219, 1, Diamondprox, 3751, 492634, 1)
INSERT INTO interacts VALUES(832895602219, 1, Diamondprox, 1001, 493348, 1)
INSERT INTO interacts VALUES(832895602219, 1, Roar, 1038, 493771, 1)
INSERT INTO interacts VALUES(832895602219, 1, Roar, 1001, 496987, 1)
INSERT INTO interacts VALUES(832895602219, 1, Roar, 3009, 498904, 1)
INSERT INTO interacts VALUES(832895602219, 1, Roar, 2010, 500152, 1)
INSERT INTO interacts VALUES(832895602219, 1, Roar, 2010, 500265, 1)
INSERT INTO interacts VALUES(832895602219, 1, k0u, 3715, 507940, 1)
INSERT INTO interacts VALUES(832895602219, 1, k0u, 3113, 508546, 1)
INSERT INTO interacts VALUES(832895602219, 1, k0u, 2043, 510960, 1)
INSERT INTO interacts VALUES(832895602219, 1, Trance, 2049, 516713, 1)
INSERT INTO interacts VALUES(832895602219, 1, Trance, 2043, 517958, 1)
INSERT INTO interacts VALUES(832895602219, 1, Trance, 2043, 518310, 1)
INSERT INTO interacts VALUES(832895602219, 1, Trance, 3341, 519794, 1)
INSERT INTO interacts VALUES(832895602219, 1, Trance, 2031, 521183, 1)
INSERT INTO interacts VALUES(832895602219, 1, Rikara, 1038, 523640, 1)
INSERT INTO interacts VALUES(832895602219, 1, Rikara, 1001, 524298, 1)
INSERT INTO interacts VALUES(832895602219, 1, Rikara, 1036, 525220, 1)
INSERT INTO interacts VALUES(832895602219, 1, Rikara, 2031, 526413, 1)
INSERT INTO interacts VALUES(832895602219, 1, KonKwon, 1001, 528895, 1)
INSERT INTO interacts VALUES(832895602219, 1, Flaxxish, 1037, 578653, 1)
INSERT INTO interacts VALUES(832895602219, 1, Flaxxish, 1001, 580197, 1)
INSERT INTO interacts VALUES(832895602219, 1, Shiphtur, 3027, 599534, 1)
INSERT INTO interacts VALUES(832895602219, 1, Shiphtur, 1001, 601181, 1)
INSERT INTO interacts VALUES(832895602219, 1, Cris, 3751, 607315, 1)
INSERT INTO interacts VALUES(832895602219, 1, Cris, 1031, 608185, 1)
INSERT INTO interacts VALUES(832895602219, 1, Cris, 2043, 609630, 1)
INSERT INTO interacts VALUES(832895602219, 1, Diamondprox, 1401, 661054, 1)
INSERT INTO interacts VALUES(832895602219, 1, Diamondprox, 1028, 661936, 1)
INSERT INTO interacts VALUES(832895602219, 1, Diamondprox, 2043, 662341, 1)
INSERT INTO interacts VALUES(832895602219, 1, Diamondprox, 3341, 662685, 1)
INSERT INTO interacts VALUES(832895602219, 1, k0u, 1414, 756699, 1)
INSERT INTO interacts VALUES(832895602219, 1, Rikara, 3133, 761666, 1)
INSERT INTO interacts VALUES(832895602219, 1, Rikara, 1042, 763139, 1)
INSERT INTO interacts VALUES(832895602219, 1, Trance, 3098, 778855, 1)
INSERT INTO interacts VALUES(832895602219, 1, Shiphtur, 3111, 779921, 1)
INSERT INTO interacts VALUES(832895602219, 1, Trance, 1001, 780260, 1)
INSERT INTO interacts VALUES(832895602219, 1, Shiphtur, 2043, 780569, 1)
INSERT INTO interacts VALUES(832895602219, 1, Shiphtur, 1011, 792071, 1)
INSERT INTO interacts VALUES(832895602219, 1, Shiphtur, 2043, 792920, 1)
INSERT INTO interacts VALUES(832895602219, 1, Roar, 3086, 794048, 1)
INSERT INTO interacts VALUES(832895602219, 1, Roar, 1042, 796428, 1)
INSERT INTO interacts VALUES(832895602219, 1, Roar, 2010, 797118, 1)
INSERT INTO interacts VALUES(832895602219, 1, Roar, 2010, 797242, 1)
INSERT INTO interacts VALUES(832895602219, 1, KonKwon, 3098, 798791, 1)
INSERT INTO interacts VALUES(832895602219, 1, KonKwon, 2043, 799301, 1)
INSERT INTO interacts VALUES(832895602219, 1, KonKwon, 2010, 799509, 1)
INSERT INTO interacts VALUES(832895602219, 1, Ablazeolive, 3065, 811712, 1)
INSERT INTO interacts VALUES(832895602219, 1, Ablazeolive, 1028, 812963, 1)
INSERT INTO interacts VALUES(832895602219, 1, Ablazeolive, 2043, 813847, 1)
INSERT INTO interacts VALUES(832895602219, 1, Ablazeolive, 2003, 814152, 1)
INSERT INTO interacts VALUES(832895602219, 1, Flaxxish, 3812, 815823, 1)
INSERT INTO interacts VALUES(832895602219, 1, Rikara, 3006, 817163, 1)
INSERT INTO interacts VALUES(832895602219, 1, Flaxxish, 1028, 818275, 1)
INSERT INTO interacts VALUES(832895602219, 1, Rikara, 2043, 819337, 1)
INSERT INTO interacts VALUES(832895602219, 1, Flaxxish, 2043, 819550, 1)
INSERT INTO interacts VALUES(832895602219, 1, Flaxxish, 3363, 820788, 1)
INSERT INTO interacts VALUES(832895602219, 1, Cris, 3068, 824468, 1)
INSERT INTO interacts VALUES(832895602219, 1, Cris, 1027, 825852, 1)
INSERT INTO interacts VALUES(832895602219, 1, Cris, 3363, 828501, 1)
INSERT INTO interacts VALUES(832895602219, 1, k0u, 3020, 835782, 1)
INSERT INTO interacts VALUES(832895602219, 1, k0u, 1028, 844179, 1)
INSERT INTO interacts VALUES(832895602219, 1, Diamondprox, 3111, 849857, 1)
INSERT INTO interacts VALUES(832895602219, 1, Diamondprox, 2049, 851532, 1)
INSERT INTO interacts VALUES(832895602219, 1, Diamondprox, 3364, 851892, 1)
INSERT INTO interacts VALUES(832895602219, 1, Ablazeolive, 3009, 962213, 1)
INSERT INTO interacts VALUES(832895602219, 1, Ablazeolive, 2003, 963402, 1)
INSERT INTO interacts VALUES(832895602219, 1, Ablazeolive, 2003, 963532, 1)
INSERT INTO interacts VALUES(832895602219, 1, Flaxxish, 3211, 977536, 1)
INSERT INTO interacts VALUES(832895602219, 1, Rikara, 3508, 987802, 1)
INSERT INTO interacts VALUES(832895602219, 1, Roar, 3085, 988454, 1)
INSERT INTO interacts VALUES(832895602219, 1, Rikara, 3363, 989366, 1)
INSERT INTO interacts VALUES(832895602219, 1, KonKwon, 3158, 989455, 1)
INSERT INTO interacts VALUES(832895602219, 1, Trance, 2301, 990062, 1)
INSERT INTO interacts VALUES(832895602219, 1, KonKwon, 2010, 990722, 1)
INSERT INTO interacts VALUES(832895602219, 1, Roar, 3363, 990788, 1)
INSERT INTO interacts VALUES(832895602219, 1, Roar, 2043, 991530, 1)
INSERT INTO interacts VALUES(832895602219, 1, Roar, 2010, 991707, 1)
INSERT INTO interacts VALUES(832895602219, 1, Trance, 2043, 991715, 1)
INSERT INTO interacts VALUES(832895602219, 1, Roar, 2010, 991872, 1)
INSERT INTO interacts VALUES(832895602219, 1, k0u, 1033, 994333, 1)
INSERT INTO interacts VALUES(832895602219, 1, k0u, 1028, 995324, 1)
INSERT INTO interacts VALUES(832895602219, 1, k0u, 3364, 996911, 1)
INSERT INTO interacts VALUES(832895602219, 1, Diamondprox, 2031, 1064254, 0)
INSERT INTO interacts VALUES(832895602219, 1, Diamondprox, 3105, 1071280, 1)
INSERT INTO interacts VALUES(832895602219, 1, Shiphtur, 3116, 1085389, 1)
INSERT INTO interacts VALUES(832895602219, 1, Cris, 3057, 1086542, 1)
INSERT INTO interacts VALUES(832895602219, 1, Trance, 3117, 1086783, 1)
INSERT INTO interacts VALUES(832895602219, 1, Rikara, 1042, 1087793, 1)
INSERT INTO interacts VALUES(832895602219, 1, Flaxxish, 3111, 1088329, 1)
INSERT INTO interacts VALUES(832895602219, 1, Cris, 3047, 1090979, 1)
INSERT INTO interacts VALUES(832895602219, 1, Cris, 2043, 1094184, 1)
INSERT INTO interacts VALUES(832895602219, 1, KonKwon, 2301, 1095228, 1)
INSERT INTO interacts VALUES(832895602219, 1, Roar, 1037, 1117443, 1)
INSERT INTO interacts VALUES(832895602219, 1, k0u, 3211, 1155523, 1)
INSERT INTO interacts VALUES(832895602219, 1, k0u, 3067, 1157367, 1)
INSERT INTO interacts VALUES(832895602219, 1, k0u, 2043, 1160897, 1)
INSERT INTO interacts VALUES(832895602219, 1, Rikara, 3086, 1175065, 1)
INSERT INTO interacts VALUES(832895602219, 1, Trance, 1033, 1176457, 1)
INSERT INTO interacts VALUES(832895602219, 1, KonKwon, 1033, 1205433, 1)
INSERT INTO interacts VALUES(832895602219, 1, Ablazeolive, 3067, 1206234, 1)
INSERT INTO interacts VALUES(832895602219, 1, Ablazeolive, 3145, 1206607, 1)
INSERT INTO interacts VALUES(832895602219, 1, KonKwon, 2010, 1206972, 1)
INSERT INTO interacts VALUES(832895602219, 1, Ablazeolive, 2003, 1209373, 0)
INSERT INTO interacts VALUES(832895602219, 1, Ablazeolive, 2043, 1209823, 1)
INSERT INTO interacts VALUES(832895602219, 1, Roar, 2010, 1210786, 0)
INSERT INTO interacts VALUES(832895602219, 1, Roar, 2010, 1210918, 0)
INSERT INTO interacts VALUES(832895602219, 1, Roar, 1018, 1212550, 1)
INSERT INTO interacts VALUES(832895602219, 1, Shiphtur, 3020, 1227522, 1)
INSERT INTO interacts VALUES(832895602219, 1, Shiphtur, 2043, 1228716, 1)
INSERT INTO interacts VALUES(832895602219, 1, Diamondprox, 3190, 1236605, 1)
INSERT INTO interacts VALUES(832895602219, 1, Diamondprox, 2003, 1237913, 1)
INSERT INTO interacts VALUES(832895602219, 1, Cris, 3211, 1238781, 1)
INSERT INTO interacts VALUES(832895602219, 1, Flaxxish, 3067, 1245936, 1)
INSERT INTO interacts VALUES(832895602219, 1, Flaxxish, 2043, 1246618, 1)
INSERT INTO interacts VALUES(832895602219, 1, Trance, 1028, 1308017, 1)
INSERT INTO interacts VALUES(832895602219, 1, k0u, 2043, 1308707, 1)
INSERT INTO interacts VALUES(832895602219, 1, Trance, 2043, 1309142, 1)
INSERT INTO interacts VALUES(832895602219, 1, Trance, 3364, 1311426, 1)
INSERT INTO interacts VALUES(832895602219, 1, k0u, 3065, 1312419, 1)
INSERT INTO interacts VALUES(832895602219, 1, KonKwon, 3028, 1315025, 1)
INSERT INTO interacts VALUES(832895602219, 1, Roar, 3031, 1315510, 1)
INSERT INTO interacts VALUES(832895602219, 1, KonKwon, 3364, 1315510, 1)
INSERT INTO interacts VALUES(832895602219, 1, Roar, 1051, 1317138, 1)
INSERT INTO interacts VALUES(832895602219, 1, Diamondprox, 2003, 1344337, 0)
INSERT INTO interacts VALUES(832895602219, 1, Diamondprox, 1028, 1345291, 1)
INSERT INTO interacts VALUES(832895602219, 1, Ablazeolive, 3152, 1350770, 1)
INSERT INTO interacts VALUES(832895602219, 1, Ablazeolive, 1029, 1351190, 1)
INSERT INTO interacts VALUES(832895602219, 1, Trance, 3801, 1422963, 1)
INSERT INTO interacts VALUES(832895602219, 1, Trance, 2043, 1424165, 1)
INSERT INTO interacts VALUES(832895602219, 1, Trance, 2043, 1424501, 1)
INSERT INTO interacts VALUES(832895602219, 1, Flaxxish, 3065, 1430454, 1)
INSERT INTO interacts VALUES(832895602219, 1, Flaxxish, 1028, 1432317, 1)
INSERT INTO interacts VALUES(832895602219, 1, Flaxxish, 2043, 1433595, 1)
INSERT INTO interacts VALUES(832895602219, 1, Cris, 3025, 1440157, 1)
INSERT INTO interacts VALUES(832895602219, 1, Diamondprox, 1011, 1498658, 1)
INSERT INTO interacts VALUES(832895602219, 1, KonKwon, 1052, 1501077, 1)
INSERT INTO interacts VALUES(832895602219, 1, KonKwon, 2043, 1501467, 1)
INSERT INTO interacts VALUES(832895602219, 1, k0u, 1011, 1503366, 1)
INSERT INTO interacts VALUES(832895602219, 1, Roar, 3086, 1509003, 1)
INSERT INTO interacts VALUES(832895602219, 1, Roar, 2043, 1509898, 1)
INSERT INTO interacts VALUES(832895602219, 1, Shiphtur, 1026, 1510752, 1)
INSERT INTO interacts VALUES(832895602219, 1, Shiphtur, 1052, 1511169, 1)
INSERT INTO interacts VALUES(832895602219, 1, Rikara, 3087, 1544365, 1)
INSERT INTO interacts VALUES(832895602219, 1, Trance, 3105, 1544956, 1)
INSERT INTO interacts VALUES(832895602219, 1, Rikara, 2031, 1545550, 0)
INSERT INTO interacts VALUES(832895602219, 1, Flaxxish, 3044, 1546202, 1)
INSERT INTO interacts VALUES(832895602219, 1, Rikara, 1037, 1546607, 1)
INSERT INTO interacts VALUES(832895602219, 1, Trance, 1028, 1546664, 1)
INSERT INTO interacts VALUES(832895602219, 1, Trance, 2031, 1548084, 0)
INSERT INTO interacts VALUES(832895602219, 1, Trance, 2043, 1548785, 1)
INSERT INTO interacts VALUES(832895602219, 1, Ablazeolive, 3191, 1567769, 1)
INSERT INTO interacts VALUES(832895602219, 1, Ablazeolive, 1054, 1569280, 0)
INSERT INTO interacts VALUES(832895602219, 1, Ablazeolive, 3108, 1571052, 1)
INSERT INTO interacts VALUES(832895602219, 1, Ablazeolive, 2043, 1574250, 1)
INSERT INTO interacts VALUES(832895602219, 1, Diamondprox, 3082, 1587416, 1)
INSERT INTO interacts VALUES(832895602219, 1, KonKwon, 3174, 1658575, 1)
INSERT INTO interacts VALUES(832895602219, 1, Shiphtur, 3135, 1662855, 1)
INSERT INTO interacts VALUES(832895602219, 1, Flaxxish, 1027, 1675963, 1)
INSERT INTO interacts VALUES(832895602219, 1, Flaxxish, 2140, 1678717, 1)
INSERT INTO interacts VALUES(832895602219, 1, Roar, 1055, 1682557, 0)
INSERT INTO interacts VALUES(832895602219, 1, Roar, 3094, 1683656, 1)
INSERT INTO interacts VALUES(832895602219, 1, Roar, 2010, 1684268, 1)
INSERT INTO interacts VALUES(832895602219, 1, Roar, 2043, 1684769, 1)
INSERT INTO interacts VALUES(832895602219, 1, Trance, 3190, 1685200, 1)
INSERT INTO interacts VALUES(832895602219, 1, Ablazeolive, 3157, 1686951, 1)
INSERT INTO interacts VALUES(832895602219, 1, k0u, 1058, 1692465, 1)
INSERT INTO interacts VALUES(832895602219, 1, k0u, 2031, 1694439, 0)
INSERT INTO interacts VALUES(832895602219, 1, k0u, 2043, 1695112, 1)
INSERT INTO interacts VALUES(832895602219, 1, Cris, 3065, 1698828, 1)
INSERT INTO interacts VALUES(832895602219, 1, Trance, 2043, 1728501, 1)
INSERT INTO interacts VALUES(832895602219, 1, Trance, 2043, 1728862, 1)
INSERT INTO interacts VALUES(832895602219, 1, Diamondprox, 3143, 1759467, 1)
INSERT INTO interacts VALUES(832895602219, 1, Diamondprox, 2043, 1760561, 1)
INSERT INTO interacts VALUES(832895602219, 1, Diamondprox, 2043, 1760713, 1)
INSERT INTO interacts VALUES(832895602219, 1, KonKwon, 1004, 1767302, 1)
INSERT INTO interacts VALUES(832895602219, 1, KonKwon, 2043, 1767633, 1)
INSERT INTO interacts VALUES(832895602219, 1, Shiphtur, 2043, 1768973, 1)
INSERT INTO interacts VALUES(832895602219, 1, KonKwon, 1004, 1769106, 1)
INSERT INTO interacts VALUES(832895602219, 1, Rikara, 1038, 1769665, 1)
INSERT INTO interacts VALUES(832895602219, 1, Shiphtur, 2139, 1771316, 1)
INSERT INTO interacts VALUES(832895602219, 1, Flaxxish, 3057, 1796449, 1)
INSERT INTO interacts VALUES(832895602219, 1, Ablazeolive, 1026, 1858054, 1)
INSERT INTO interacts VALUES(832895602219, 1, Ablazeolive, 1052, 1858549, 1)
INSERT INTO interacts VALUES(832895602219, 1, Trance, 1033, 1878752, 1)
INSERT INTO interacts VALUES(832895602219, 1, Trance, 2043, 1879494, 1)
INSERT INTO interacts VALUES(832895602219, 1, KonKwon, 1004, 1898801, 0)
INSERT INTO interacts VALUES(832895602219, 1, KonKwon, 1004, 1899296, 0)
INSERT INTO interacts VALUES(832895602219, 1, KonKwon, 1052, 1902706, 1)
INSERT INTO interacts VALUES(832895602219, 1, KonKwon, 2043, 1905058, 1)
INSERT INTO interacts VALUES(832895602219, 1, Flaxxish, 2033, 1942117, 0)
INSERT INTO interacts VALUES(832895602219, 1, Cris, 1082, 1942943, 0)
INSERT INTO interacts VALUES(832895602219, 1, Cris, 3082, 1946215, 1)
INSERT INTO interacts VALUES(832895602219, 1, k0u, 3116, 1947225, 1)
INSERT INTO interacts VALUES(832895602219, 1, Cris, 2033, 1947479, 0)
INSERT INTO interacts VALUES(832895602219, 1, k0u, 2043, 1948449, 1)
INSERT INTO interacts VALUES(832895602219, 1, Cris, 1011, 1948951, 1)
INSERT INTO interacts VALUES(832895602219, 1, Trance, 2043, 1954881, 1)
INSERT INTO interacts VALUES(832895602219, 1, Rikara, 3031, 1955847, 1)
INSERT INTO interacts VALUES(832895602219, 1, Rikara, 2043, 1957095, 1)
INSERT INTO interacts VALUES(832895602219, 1, Trance, 2010, 1957157, 1)
INSERT INTO interacts VALUES(832895602219, 1, KonKwon, 3113, 1958961, 1)
INSERT INTO interacts VALUES(832895602219, 1, Ablazeolive, 2139, 1967612, 1)
INSERT INTO interacts VALUES(832895602219, 1, Roar, 3123, 1982454, 1)
INSERT INTO interacts VALUES(832895602219, 1, Roar, 2010, 1984064, 0)
INSERT INTO interacts VALUES(832895602219, 1, Roar, 1037, 1985162, 1)
INSERT INTO interacts VALUES(832895602219, 1, Flaxxish, 3078, 1985734, 1)
INSERT INTO interacts VALUES(832895602219, 1, Cris, 2139, 2049823, 1)
INSERT INTO interacts VALUES(832895602219, 1, KonKwon, 2043, 2052698, 1)
INSERT INTO interacts VALUES(832895602219, 1, KonKwon, 2043, 2052855, 1)
INSERT INTO interacts VALUES(832895602219, 1, Diamondprox, 2043, 2058155, 0)
INSERT INTO interacts VALUES(832895602219, 1, Diamondprox, 1031, 2059395, 1)
INSERT INTO interacts VALUES(832895602219, 1, Roar, 3035, 2059765, 1)
INSERT INTO interacts VALUES(832895602219, 1, Trance, 3028, 2098591, 1)
INSERT INTO interacts VALUES(832895602219, 1, Trance, 3114, 2100163, 1)
INSERT INTO interacts VALUES(832895602219, 1, Trance, 2043, 2101275, 1)
INSERT INTO interacts VALUES(832895602219, 1, Flaxxish, 1028, 2101823, 1)
INSERT INTO interacts VALUES(832895602219, 1, k0u, 1026, 2106228, 1)
INSERT INTO interacts VALUES(832895602219, 1, k0u, 1033, 2108627, 1)
INSERT INTO interacts VALUES(832895602219, 1, Rikara, 3035, 2109072, 1)
INSERT INTO interacts VALUES(832895602219, 1, Shiphtur, 3191, 2119187, 1)
INSERT INTO interacts VALUES(832895602219, 1, Shiphtur, 1056, 2120263, 0)
INSERT INTO interacts VALUES(832895602219, 1, Shiphtur, 3108, 2121725, 1)
INSERT INTO interacts VALUES(832895602219, 1, Roar, 3033, 2167697, 1)
INSERT INTO interacts VALUES(832895602219, 1, Roar, 2043, 2169023, 1)
INSERT INTO interacts VALUES(832895602219, 1, KonKwon, 2043, 2232593, 1)
INSERT INTO interacts VALUES(832895602219, 1, Rikara, 3033, 2233182, 1)
INSERT INTO interacts VALUES(832895602219, 1, Cris, 3143, 2233584, 1)
INSERT INTO interacts VALUES(832895602219, 1, Rikara, 1055, 2234163, 0)
INSERT INTO interacts VALUES(832895602219, 1, Rikara, 2043, 2235686, 1)
INSERT INTO interacts VALUES(832895602219, 1, Cris, 2043, 2235903, 1)
INSERT INTO interacts VALUES(832895602219, 1, Trance, 3222, 2236010, 1)
INSERT INTO interacts VALUES(832895602219, 1, Rikara, 2140, 2236349, 1)
INSERT INTO interacts VALUES(832895602219, 1, Trance, 2043, 2237099, 1)
INSERT INTO interacts VALUES(832895602219, 1, Trance, 2043, 2237494, 1)
INSERT INTO interacts VALUES(832895602219, 1, Ablazeolive, 3089, 2238419, 1)
INSERT INTO interacts VALUES(832895602219, 1, k0u, 1057, 2238765, 1)
INSERT INTO interacts VALUES(832895602219, 1, Ablazeolive, 2043, 2239531, 1)
INSERT INTO interacts VALUES(832895602219, 1, k0u, 1026, 2245069, 0)
INSERT INTO interacts VALUES(832895602219, 1, k0u, 3108, 2246792, 1)
INSERT INTO interacts VALUES(832895602219, 1, Shiphtur, 3157, 2246792, 1)
INSERT INTO interacts VALUES(832895602219, 1, k0u, 2139, 2248455, 1)
INSERT INTO interacts VALUES(832895602219, 1, Roar, 1053, 2253438, 1)
INSERT INTO interacts VALUES(832895602219, 1, Flaxxish, 3053, 2270711, 1)
INSERT INTO interacts VALUES(832895602219, 1, Cris, 2139, 2288073, 1)
INSERT INTO interacts VALUES(832895602219, 1, Diamondprox, 3026, 2380566, 1)
INSERT INTO interacts VALUES(832895602219, 1, KonKwon, 3504, 2385482, 1)
INSERT INTO interacts VALUES(832895602219, 1, KonKwon, 2043, 2385768, 1)
INSERT INTO interacts VALUES(832895602219, 1, Rikara, 1038, 2386307, 1)
INSERT INTO interacts VALUES(832895602219, 1, Cris, 1057, 2405219, 1)
INSERT INTO interacts VALUES(832895602219, 1, Rikara, 3144, 2405309, 1)
INSERT INTO interacts VALUES(832895602219, 1, Shiphtur, 1026, 2425428, 1)
INSERT INTO interacts VALUES(832895602219, 1, Trance, 3211, 2463378, 1)
INSERT INTO interacts VALUES(832895602219, 1, Trance, 2043, 2465001, 1)
INSERT INTO interacts VALUES(832895602219, 1, Trance, 2043, 2465346, 1)
INSERT INTO interacts VALUES(832895602219, 1, Flaxxish, 2033, 2469812, 0)
INSERT INTO interacts VALUES(832895602219, 1, k0u, 3001, 2470556, 1)
INSERT INTO interacts VALUES(832895602219, 1, Flaxxish, 1031, 2471729, 1)
INSERT INTO interacts VALUES(832895602219, 1, Flaxxish, 2140, 2473588, 1)
INSERT INTO interacts VALUES(832895602219, 1, k0u, 1029, 2474133, 1)
INSERT INTO interacts VALUES(832895602219, 1, Ablazeolive, 1026, 2485538, 1)
INSERT INTO interacts VALUES(832895602219, 1, KonKwon, 2043, 2491915, 1)
INSERT INTO interacts VALUES(832895602219, 1, KonKwon, 2139, 2492729, 1)
INSERT INTO interacts VALUES(832895602219, 1, Diamondprox, 2138, 2502694, 1)
INSERT INTO interacts VALUES(832895602219, 1, Ablazeolive, 2139, 2511803, 1)
INSERT INTO interacts VALUES(832895602219, 1, Cris, 3026, 2522009, 1)
INSERT INTO interacts VALUES(832895602219, 1, Rikara, 3153, 2547864, 1)
INSERT INTO interacts VALUES(832895602219, 1, Roar, 3072, 2611463, 1)
INSERT INTO interacts VALUES(832895602219, 1, KonKwon, 2043, 2614018, 1)
INSERT INTO interacts VALUES(832895602219, 1, KonKwon, 2043, 2614171, 1)
INSERT INTO interacts VALUES(832895602219, 1, Ablazeolive, 3135, 2616630, 1)
INSERT INTO interacts VALUES(832895602219, 1, Trance, 2043, 2621359, 1)
INSERT INTO interacts VALUES(832895602219, 1, Trance, 2043, 2621989, 1)
INSERT INTO interacts VALUES(832895602219, 1, Trance, 2139, 2623139, 1)
INSERT INTO interacts VALUES(832895602219, 1, k0u, 3191, 2630784, 1)
INSERT INTO interacts VALUES(832895602219, 1, Rikara, 2140, 2632835, 1)
INSERT INTO interacts VALUES(832895602219, 1, Cris, 2139, 2638562, 1)
INSERT INTO interacts VALUES(832895602219, 1, Flaxxish, 3026, 2643138, 1)
INSERT INTO interacts VALUES(832895602219, 1, Cris, 2139, 2740281, 1)
INSERT INTO interacts VALUES(832895602219, 1, Diamondprox, 2138, 2745438, 1)
INSERT INTO interacts VALUES(832895602219, 1, KonKwon, 2043, 2745800, 1)
INSERT INTO interacts VALUES(832895602219, 1, Ablazeolive, 2139, 2746309, 1)
INSERT INTO interacts VALUES(832895602219, 1, Shiphtur, 1026, 2753577, 0)
INSERT INTO interacts VALUES(832895602219, 1, Shiphtur, 1058, 2754152, 1)
INSERT INTO interacts VALUES(832895602219, 1, Rikara, 2140, 2762104, 1)
INSERT INTO interacts VALUES(832895602219, 1, KonKwon, 2139, 2773639, 1)
INSERT INTO interacts VALUES(832895602219, 1, Roar, 2140, 2778307, 1)
INSERT INTO matches VALUES(832895602219, 2, 2016-06-08)
INSERT INTO competes VALUES(832895602219, NVA, True)
INSERT INTO competes VALUES(832895602219, APP, False)
INSERT INTO scores VALUES(NVA, 832895602219, 2, 0, 5, 1, 0, 2, 0)
INSERT INTO scores VALUES(APP, 832895602219, 2, 1, 8, 0, 1, 2, 1)
INSERT INTO bans VALUES(832895602219, 2, 420, 1)
INSERT INTO bans VALUES(832895602219, 2, 48, 3)
INSERT INTO bans VALUES(832895602219, 2, 76, 5)
INSERT INTO bans VALUES(832895602219, 2, 13, 2)
INSERT INTO bans VALUES(832895602219, 2, 8, 4)
INSERT INTO bans VALUES(832895602219, 2, 203, 6)
INSERT INTO plays VALUES(832895602219, 2, Cris, 105, Jungle, 4, 4, 3, 13830, 16, 2, 265, 3, 4, 14181)
INSERT INTO plays VALUES(832895602219, 2, Diamondprox, 60, Jungle, 0, 4, 5, 14738, 35, 15, 30, 94, 24, 12129)
INSERT INTO plays VALUES(832895602219, 2, Shiphtur, 238, Mid, 3, 2, 3, 10194, 23, 7, 243, 12, 2, 12509)
INSERT INTO plays VALUES(832895602219, 2, Roar, 15, Jungle, 1, 5, 6, 16528, 16, 8, 344, 38, 1, 15414)
INSERT INTO plays VALUES(832895602219, 2, KonKwon, 432, Jungle, 0, 4, 7, 6787, 57, 12, 13, 0, 0, 8621)
INSERT INTO plays VALUES(832895602219, 2, Flaxxish, 57, Jungle, 2, 0, 12, 13867, 18, 4, 221, 4, 0, 12907)
INSERT INTO plays VALUES(832895602219, 2, k0u, 79, Jungle, 1, 2, 14, 10912, 29, 14, 54, 88, 11, 12362)
INSERT INTO plays VALUES(832895602219, 2, Ablazeolive, 268, Mid, 5, 1, 7, 27340, 20, 17, 317, 20, 4, 15583)
INSERT INTO plays VALUES(832895602219, 2, Rikara, 81, Jungle, 11, 1, 7, 22224, 10, 2, 250, 27, 4, 17445)
INSERT INTO plays VALUES(832895602219, 2, Trance, 267, Jungle, 0, 4, 16, 3528, 61, 14, 22, 2, 0, 9958)
INSERT INTO interacts VALUES(832895602219, 2, Ablazeolive, 1056, 1563, 1)
INSERT INTO interacts VALUES(832895602219, 2, Ablazeolive, 2010, 1788, 1)
INSERT INTO interacts VALUES(832895602219, 2, KonKwon, 3303, 1873, 1)
INSERT INTO interacts VALUES(832895602219, 2, Ablazeolive, 2010, 1919, 1)
INSERT INTO interacts VALUES(832895602219, 2, Flaxxish, 1056, 2132, 1)
INSERT INTO interacts VALUES(832895602219, 2, Ablazeolive, 3340, 2178, 1)
INSERT INTO interacts VALUES(832895602219, 2, KonKwon, 2010, 2275, 1)
INSERT INTO interacts VALUES(832895602219, 2, k0u, 1039, 2373, 1)
INSERT INTO interacts VALUES(832895602219, 2, Shiphtur, 1036, 2395, 1)
INSERT INTO interacts VALUES(832895602219, 2, KonKwon, 2010, 2395, 1)
INSERT INTO interacts VALUES(832895602219, 2, Shiphtur, 2003, 2652, 1)
INSERT INTO interacts VALUES(832895602219, 2, Flaxxish, 2003, 2652, 1)
INSERT INTO interacts VALUES(832895602219, 2, Flaxxish, 2003, 2796, 1)
INSERT INTO interacts VALUES(832895602219, 2, Shiphtur, 2003, 2799, 1)
INSERT INTO interacts VALUES(832895602219, 2, Shiphtur, 2003, 2958, 1)
INSERT INTO interacts VALUES(832895602219, 2, KonKwon, 2010, 2958, 1)
INSERT INTO interacts VALUES(832895602219, 2, Flaxxish, 3340, 3023, 1)
INSERT INTO interacts VALUES(832895602219, 2, Shiphtur, 3340, 3153, 1)
INSERT INTO interacts VALUES(832895602219, 2, KonKwon, 3340, 3153, 1)
INSERT INTO interacts VALUES(832895602219, 2, Roar, 1055, 3218, 1)
INSERT INTO interacts VALUES(832895602219, 2, Rikara, 1055, 3413, 1)
INSERT INTO interacts VALUES(832895602219, 2, k0u, 2031, 3413, 1)
INSERT INTO interacts VALUES(832895602219, 2, Roar, 2010, 3437, 1)
INSERT INTO interacts VALUES(832895602219, 2, Roar, 3340, 3640, 1)
INSERT INTO interacts VALUES(832895602219, 2, Rikara, 2003, 3640, 1)
INSERT INTO interacts VALUES(832895602219, 2, k0u, 3340, 3692, 1)
INSERT INTO interacts VALUES(832895602219, 2, Rikara, 3340, 3901, 1)
INSERT INTO interacts VALUES(832895602219, 2, Cris, 2033, 4193, 1)
INSERT INTO interacts VALUES(832895602219, 2, Cris, 3340, 4882, 1)
INSERT INTO interacts VALUES(832895602219, 2, Trance, 3303, 5695, 1)
INSERT INTO interacts VALUES(832895602219, 2, Diamondprox, 1039, 6114, 1)
INSERT INTO interacts VALUES(832895602219, 2, Trance, 2010, 6151, 1)
INSERT INTO interacts VALUES(832895602219, 2, Trance, 2010, 6538, 1)
INSERT INTO interacts VALUES(832895602219, 2, Trance, 2010, 6834, 1)
INSERT INTO interacts VALUES(832895602219, 2, Trance, 3340, 7414, 1)
INSERT INTO interacts VALUES(832895602219, 2, Diamondprox, 3340, 7612, 1)
INSERT INTO interacts VALUES(832895602219, 2, Diamondprox, 2031, 8163, 1)
INSERT INTO interacts VALUES(832895602219, 2, Roar, 1083, 211299, 1)
INSERT INTO interacts VALUES(832895602219, 2, KonKwon, 1001, 212249, 1)
INSERT INTO interacts VALUES(832895602219, 2, KonKwon, 2043, 213132, 1)
INSERT INTO interacts VALUES(832895602219, 2, Rikara, 3070, 221829, 1)
INSERT INTO interacts VALUES(832895602219, 2, Trance, 1028, 222555, 1)
INSERT INTO interacts VALUES(832895602219, 2, k0u, 3711, 235806, 1)
INSERT INTO interacts VALUES(832895602219, 2, k0u, 2043, 238909, 1)
INSERT INTO interacts VALUES(832895602219, 2, Ablazeolive, 1056, 241310, 1)
INSERT INTO interacts VALUES(832895602219, 2, Ablazeolive, 1029, 243633, 1)
INSERT INTO interacts VALUES(832895602219, 2, Ablazeolive, 2031, 243994, 1)
INSERT INTO interacts VALUES(832895602219, 2, Diamondprox, 3711, 251598, 1)
INSERT INTO interacts VALUES(832895602219, 2, Diamondprox, 1001, 252069, 1)
INSERT INTO interacts VALUES(832895602219, 2, Flaxxish, 1056, 256970, 1)
INSERT INTO interacts VALUES(832895602219, 2, Flaxxish, 1001, 257227, 1)
INSERT INTO interacts VALUES(832895602219, 2, Flaxxish, 2043, 258959, 1)
INSERT INTO interacts VALUES(832895602219, 2, Cris, 1082, 268628, 1)
INSERT INTO interacts VALUES(832895602219, 2, Cris, 1056, 269026, 1)
INSERT INTO interacts VALUES(832895602219, 2, Cris, 2043, 269708, 1)
INSERT INTO interacts VALUES(832895602219, 2, Shiphtur, 3134, 273218, 1)
INSERT INTO interacts VALUES(832895602219, 2, Shiphtur, 2043, 274035, 1)
INSERT INTO interacts VALUES(832895602219, 2, Shiphtur, 2031, 276148, 1)
INSERT INTO interacts VALUES(832895602219, 2, KonKwon, 2043, 345029, 1)
INSERT INTO interacts VALUES(832895602219, 2, Roar, 3009, 345593, 1)
INSERT INTO interacts VALUES(832895602219, 2, Trance, 3341, 346609, 1)
INSERT INTO interacts VALUES(832895602219, 2, Roar, 2010, 347431, 1)
INSERT INTO interacts VALUES(832895602219, 2, Trance, 2049, 348241, 1)
INSERT INTO interacts VALUES(832895602219, 2, Rikara, 1001, 353039, 1)
INSERT INTO interacts VALUES(832895602219, 2, KonKwon, 1028, 353126, 1)
INSERT INTO interacts VALUES(832895602219, 2, Trance, 2043, 354138, 1)
INSERT INTO interacts VALUES(832895602219, 2, Rikara, 1083, 354814, 1)
INSERT INTO interacts VALUES(832895602219, 2, k0u, 1052, 374432, 1)
INSERT INTO interacts VALUES(832895602219, 2, k0u, 1001, 375707, 1)
INSERT INTO interacts VALUES(832895602219, 2, Diamondprox, 3113, 388444, 1)
INSERT INTO interacts VALUES(832895602219, 2, Trance, 1001, 423412, 1)
INSERT INTO interacts VALUES(832895602219, 2, Cris, 1001, 424228, 1)
INSERT INTO interacts VALUES(832895602219, 2, Ablazeolive, 3191, 424335, 1)
INSERT INTO interacts VALUES(832895602219, 2, Cris, 1027, 424727, 1)
INSERT INTO interacts VALUES(832895602219, 2, Trance, 2043, 424831, 1)
INSERT INTO interacts VALUES(832895602219, 2, Ablazeolive, 1001, 425540, 1)
INSERT INTO interacts VALUES(832895602219, 2, Rikara, 3158, 425628, 1)
INSERT INTO interacts VALUES(832895602219, 2, Rikara, 2003, 426206, 1)
INSERT INTO interacts VALUES(832895602219, 2, Trance, 2043, 506292, 1)
INSERT INTO interacts VALUES(832895602219, 2, KonKwon, 2049, 509843, 1)
INSERT INTO interacts VALUES(832895602219, 2, KonKwon, 3341, 510318, 1)
INSERT INTO interacts VALUES(832895602219, 2, k0u, 1052, 528040, 1)
INSERT INTO interacts VALUES(832895602219, 2, k0u, 2043, 530824, 1)
INSERT INTO interacts VALUES(832895602219, 2, k0u, 2032, 536180, 1)
INSERT INTO interacts VALUES(832895602219, 2, Diamondprox, 1410, 547053, 1)
INSERT INTO interacts VALUES(832895602219, 2, Diamondprox, 2043, 549118, 1)
INSERT INTO interacts VALUES(832895602219, 2, Flaxxish, 3211, 588126, 1)
INSERT INTO interacts VALUES(832895602219, 2, Flaxxish, 1028, 588806, 1)
INSERT INTO interacts VALUES(832895602219, 2, Roar, 1038, 596158, 1)
INSERT INTO interacts VALUES(832895602219, 2, Roar, 1036, 596452, 1)
INSERT INTO interacts VALUES(832895602219, 2, Ablazeolive, 3101, 599176, 1)
INSERT INTO interacts VALUES(832895602219, 2, Roar, 2010, 599402, 1)
INSERT INTO interacts VALUES(832895602219, 2, Shiphtur, 3155, 607330, 1)
INSERT INTO interacts VALUES(832895602219, 2, Shiphtur, 1001, 608214, 1)
INSERT INTO interacts VALUES(832895602219, 2, Shiphtur, 2043, 609647, 1)
INSERT INTO interacts VALUES(832895602219, 2, KonKwon, 2043, 612998, 1)
INSERT INTO interacts VALUES(832895602219, 2, KonKwon, 2043, 613092, 1)
INSERT INTO interacts VALUES(832895602219, 2, Cris, 3057, 645506, 1)
INSERT INTO interacts VALUES(832895602219, 2, k0u, 3113, 651613, 1)
INSERT INTO interacts VALUES(832895602219, 2, Trance, 3117, 664153, 1)
INSERT INTO interacts VALUES(832895602219, 2, Rikara, 3057, 665715, 1)
INSERT INTO interacts VALUES(832895602219, 2, Cris, 3009, 671950, 1)
INSERT INTO interacts VALUES(832895602219, 2, Diamondprox, 1052, 710351, 1)
INSERT INTO interacts VALUES(832895602219, 2, Diamondprox, 1028, 713061, 1)
INSERT INTO interacts VALUES(832895602219, 2, Diamondprox, 3341, 714088, 1)
INSERT INTO interacts VALUES(832895602219, 2, Diamondprox, 2043, 714478, 1)
INSERT INTO interacts VALUES(832895602219, 2, KonKwon, 2043, 726577, 1)
INSERT INTO interacts VALUES(832895602219, 2, KonKwon, 1004, 727011, 1)
INSERT INTO interacts VALUES(832895602219, 2, Flaxxish, 3047, 751276, 1)
INSERT INTO interacts VALUES(832895602219, 2, k0u, 1410, 768992, 1)
INSERT INTO interacts VALUES(832895602219, 2, Trance, 2043, 771140, 1)
INSERT INTO interacts VALUES(832895602219, 2, k0u, 3341, 771446, 1)
INSERT INTO interacts VALUES(832895602219, 2, Roar, 3133, 775159, 1)
INSERT INTO interacts VALUES(832895602219, 2, Roar, 1018, 777551, 1)
INSERT INTO interacts VALUES(832895602219, 2, Roar, 3508, 868268, 1)
INSERT INTO interacts VALUES(832895602219, 2, Roar, 2010, 869343, 1)
INSERT INTO interacts VALUES(832895602219, 2, Roar, 2043, 869562, 1)
INSERT INTO interacts VALUES(832895602219, 2, Rikara, 3025, 869673, 1)
INSERT INTO interacts VALUES(832895602219, 2, Roar, 2010, 869834, 1)
INSERT INTO interacts VALUES(832895602219, 2, Roar, 3363, 870209, 1)
INSERT INTO interacts VALUES(832895602219, 2, Rikara, 2003, 870942, 1)
INSERT INTO interacts VALUES(832895602219, 2, Trance, 3098, 873474, 1)
INSERT INTO interacts VALUES(832895602219, 2, KonKwon, 3098, 875420, 1)
INSERT INTO interacts VALUES(832895602219, 2, KonKwon, 2043, 876719, 1)
INSERT INTO interacts VALUES(832895602219, 2, k0u, 3111, 882256, 1)
INSERT INTO interacts VALUES(832895602219, 2, Shiphtur, 3156, 886956, 1)
INSERT INTO interacts VALUES(832895602219, 2, Shiphtur, 1036, 888758, 1)
INSERT INTO interacts VALUES(832895602219, 2, Shiphtur, 2043, 889518, 1)
INSERT INTO interacts VALUES(832895602219, 2, Ablazeolive, 3157, 899291, 1)
INSERT INTO interacts VALUES(832895602219, 2, Diamondprox, 2031, 900696, 0)
INSERT INTO interacts VALUES(832895602219, 2, Diamondprox, 1058, 901659, 1)
INSERT INTO interacts VALUES(832895602219, 2, Diamondprox, 3364, 904770, 1)
INSERT INTO interacts VALUES(832895602219, 2, Roar, 1051, 965799, 1)
INSERT INTO interacts VALUES(832895602219, 2, Roar, 2010, 966294, 1)
INSERT INTO interacts VALUES(832895602219, 2, KonKwon, 2043, 966392, 1)
INSERT INTO interacts VALUES(832895602219, 2, Flaxxish, 3067, 967283, 1)
INSERT INTO interacts VALUES(832895602219, 2, Flaxxish, 1028, 967553, 1)
INSERT INTO interacts VALUES(832895602219, 2, Flaxxish, 3363, 969367, 1)
INSERT INTO interacts VALUES(832895602219, 2, Cris, 3025, 987302, 1)
INSERT INTO interacts VALUES(832895602219, 2, Cris, 2043, 989778, 1)
INSERT INTO interacts VALUES(832895602219, 2, Cris, 3363, 990241, 1)
INSERT INTO interacts VALUES(832895602219, 2, Trance, 2301, 1015410, 1)
INSERT INTO interacts VALUES(832895602219, 2, Trance, 2043, 1016266, 1)
INSERT INTO interacts VALUES(832895602219, 2, Trance, 2043, 1016613, 1)
INSERT INTO interacts VALUES(832895602219, 2, Roar, 2010, 1076945, 0)
INSERT INTO interacts VALUES(832895602219, 2, Roar, 1042, 1078237, 1)
INSERT INTO interacts VALUES(832895602219, 2, Flaxxish, 3065, 1080295, 1)
INSERT INTO interacts VALUES(832895602219, 2, Flaxxish, 1029, 1081607, 1)
INSERT INTO interacts VALUES(832895602219, 2, Diamondprox, 1011, 1085376, 1)
INSERT INTO interacts VALUES(832895602219, 2, KonKwon, 3009, 1085733, 1)
INSERT INTO interacts VALUES(832895602219, 2, KonKwon, 2043, 1086148, 1)
INSERT INTO interacts VALUES(832895602219, 2, Trance, 1033, 1090501, 1)
INSERT INTO interacts VALUES(832895602219, 2, Ablazeolive, 3020, 1098159, 1)
INSERT INTO interacts VALUES(832895602219, 2, Ablazeolive, 1056, 1106857, 0)
INSERT INTO interacts VALUES(832895602219, 2, k0u, 1011, 1107899, 1)
INSERT INTO interacts VALUES(832895602219, 2, Rikara, 3004, 1108117, 1)
INSERT INTO interacts VALUES(832895602219, 2, k0u, 1029, 1109337, 1)
INSERT INTO interacts VALUES(832895602219, 2, Rikara, 2003, 1109484, 0)
INSERT INTO interacts VALUES(832895602219, 2, Rikara, 3363, 1110328, 1)
INSERT INTO interacts VALUES(832895602219, 2, Rikara, 1036, 1114360, 1)
INSERT INTO interacts VALUES(832895602219, 2, Ablazeolive, 3108, 1115711, 1)
INSERT INTO interacts VALUES(832895602219, 2, Cris, 2043, 1116534, 0)
INSERT INTO interacts VALUES(832895602219, 2, Shiphtur, 3111, 1133612, 1)
INSERT INTO interacts VALUES(832895602219, 2, Shiphtur, 1036, 1137232, 1)
INSERT INTO interacts VALUES(832895602219, 2, Shiphtur, 3133, 1140049, 1)
INSERT INTO interacts VALUES(832895602219, 2, KonKwon, 2301, 1149038, 1)
INSERT INTO interacts VALUES(832895602219, 2, Rikara, 1053, 1189823, 1)
INSERT INTO interacts VALUES(832895602219, 2, Diamondprox, 3116, 1194058, 1)
INSERT INTO interacts VALUES(832895602219, 2, Diamondprox, 2043, 1194773, 1)
INSERT INTO interacts VALUES(832895602219, 2, Diamondprox, 2003, 1195067, 1)
INSERT INTO interacts VALUES(832895602219, 2, Trance, 1028, 1204721, 1)
INSERT INTO interacts VALUES(832895602219, 2, Trance, 2043, 1205465, 1)
INSERT INTO interacts VALUES(832895602219, 2, Ablazeolive, 2031, 1217079, 0)
INSERT INTO interacts VALUES(832895602219, 2, Ablazeolive, 2043, 1217636, 1)
INSERT INTO interacts VALUES(832895602219, 2, Roar, 3087, 1226533, 1)
INSERT INTO interacts VALUES(832895602219, 2, KonKwon, 2043, 1227087, 1)
INSERT INTO interacts VALUES(832895602219, 2, Roar, 2043, 1227915, 1)
INSERT INTO interacts VALUES(832895602219, 2, Shiphtur, 3044, 1236843, 1)
INSERT INTO interacts VALUES(832895602219, 2, Cris, 3751, 1238034, 1)
INSERT INTO interacts VALUES(832895602219, 2, Cris, 1056, 1239191, 0)
INSERT INTO interacts VALUES(832895602219, 2, Cris, 1028, 1243230, 1)
INSERT INTO interacts VALUES(832895602219, 2, Trance, 2043, 1265527, 1)
INSERT INTO interacts VALUES(832895602219, 2, k0u, 3082, 1265795, 1)
INSERT INTO interacts VALUES(832895602219, 2, Trance, 2043, 1265864, 1)
INSERT INTO interacts VALUES(832895602219, 2, Flaxxish, 3024, 1272185, 1)
INSERT INTO interacts VALUES(832895602219, 2, KonKwon, 3801, 1294851, 1)
INSERT INTO interacts VALUES(832895602219, 2, Diamondprox, 3111, 1316655, 1)
INSERT INTO interacts VALUES(832895602219, 2, Diamondprox, 2003, 1317347, 1)
INSERT INTO interacts VALUES(832895602219, 2, Shiphtur, 3071, 1318832, 1)
INSERT INTO interacts VALUES(832895602219, 2, k0u, 3364, 1319426, 1)
INSERT INTO interacts VALUES(832895602219, 2, Shiphtur, 2043, 1319992, 1)
INSERT INTO interacts VALUES(832895602219, 2, Roar, 1037, 1322889, 1)
INSERT INTO interacts VALUES(832895602219, 2, Trance, 3801, 1338486, 1)
INSERT INTO interacts VALUES(832895602219, 2, Ablazeolive, 3115, 1344329, 1)
INSERT INTO interacts VALUES(832895602219, 2, Ablazeolive, 2010, 1345737, 1)
INSERT INTO interacts VALUES(832895602219, 2, Flaxxish, 3751, 1351201, 1)
INSERT INTO interacts VALUES(832895602219, 2, Roar, 3035, 1380792, 1)
INSERT INTO interacts VALUES(832895602219, 2, KonKwon, 1033, 1384205, 1)
INSERT INTO interacts VALUES(832895602219, 2, Cris, 3211, 1413139, 1)
INSERT INTO interacts VALUES(832895602219, 2, Trance, 2043, 1421254, 1)
INSERT INTO interacts VALUES(832895602219, 2, Trance, 2043, 1421567, 1)
INSERT INTO interacts VALUES(832895602219, 2, Trance, 2010, 1422441, 1)
INSERT INTO interacts VALUES(832895602219, 2, Flaxxish, 1056, 1437658, 0)
INSERT INTO interacts VALUES(832895602219, 2, Flaxxish, 1031, 1438912, 1)
INSERT INTO interacts VALUES(832895602219, 2, Rikara, 3144, 1443938, 1)
INSERT INTO interacts VALUES(832895602219, 2, Rikara, 1083, 1445059, 0)
INSERT INTO interacts VALUES(832895602219, 2, Rikara, 1043, 1446516, 1)
INSERT INTO interacts VALUES(832895602219, 2, k0u, 3143, 1508765, 1)
INSERT INTO interacts VALUES(832895602219, 2, Cris, 3065, 1510530, 1)
INSERT INTO interacts VALUES(832895602219, 2, k0u, 1028, 1511405, 1)
INSERT INTO interacts VALUES(832895602219, 2, Trance, 3105, 1513792, 1)
INSERT INTO interacts VALUES(832895602219, 2, Diamondprox, 1057, 1513984, 1)
INSERT INTO interacts VALUES(832895602219, 2, Trance, 2031, 1515210, 1)
INSERT INTO interacts VALUES(832895602219, 2, Diamondprox, 1029, 1515348, 1)
INSERT INTO interacts VALUES(832895602219, 2, Diamondprox, 2043, 1516207, 1)
INSERT INTO interacts VALUES(832895602219, 2, KonKwon, 2043, 1520527, 1)
INSERT INTO interacts VALUES(832895602219, 2, KonKwon, 3364, 1520862, 1)
INSERT INTO interacts VALUES(832895602219, 2, KonKwon, 3105, 1522650, 1)
INSERT INTO interacts VALUES(832895602219, 2, Ablazeolive, 1058, 1526259, 1)
INSERT INTO interacts VALUES(832895602219, 2, Ablazeolive, 2043, 1526712, 1)
INSERT INTO interacts VALUES(832895602219, 2, Shiphtur, 3134, 1535041, 1)
INSERT INTO interacts VALUES(832895602219, 2, Shiphtur, 2043, 1536281, 1)
INSERT INTO interacts VALUES(832895602219, 2, Rikara, 3153, 1547550, 1)
INSERT INTO interacts VALUES(832895602219, 2, Rikara, 1053, 1548138, 1)
INSERT INTO interacts VALUES(832895602219, 2, Roar, 1083, 1588907, 0)
INSERT INTO interacts VALUES(832895602219, 2, Roar, 1038, 1590167, 1)
INSERT INTO interacts VALUES(832895602219, 2, Trance, 1028, 1648604, 1)
INSERT INTO interacts VALUES(832895602219, 2, Trance, 3364, 1650262, 1)
INSERT INTO interacts VALUES(832895602219, 2, Flaxxish, 3068, 1656562, 1)
INSERT INTO interacts VALUES(832895602219, 2, Flaxxish, 2043, 1658966, 1)
INSERT INTO interacts VALUES(832895602219, 2, KonKwon, 1028, 1661752, 1)
INSERT INTO interacts VALUES(832895602219, 2, KonKwon, 2043, 1662388, 1)
INSERT INTO interacts VALUES(832895602219, 2, Rikara, 1055, 1730199, 0)
INSERT INTO interacts VALUES(832895602219, 2, Rikara, 3140, 1731966, 1)
INSERT INTO interacts VALUES(832895602219, 2, Trance, 3190, 1747450, 1)
INSERT INTO interacts VALUES(832895602219, 2, k0u, 3024, 1747450, 1)
INSERT INTO interacts VALUES(832895602219, 2, k0u, 3211, 1752683, 1)
INSERT INTO interacts VALUES(832895602219, 2, k0u, 1028, 1753619, 1)
INSERT INTO interacts VALUES(832895602219, 2, Cris, 3068, 1754866, 1)
INSERT INTO interacts VALUES(832895602219, 2, Flaxxish, 1029, 1758033, 1)
INSERT INTO interacts VALUES(832895602219, 2, Diamondprox, 3026, 1761796, 1)
INSERT INTO interacts VALUES(832895602219, 2, Diamondprox, 2043, 1762164, 1)
INSERT INTO interacts VALUES(832895602219, 2, KonKwon, 3190, 1780388, 1)
INSERT INTO interacts VALUES(832895602219, 2, KonKwon, 2043, 1780935, 1)
INSERT INTO interacts VALUES(832895602219, 2, Ablazeolive, 1056, 1799317, 0)
INSERT INTO interacts VALUES(832895602219, 2, Ablazeolive, 3116, 1800566, 1)
INSERT INTO interacts VALUES(832895602219, 2, Roar, 3031, 1857797, 1)
INSERT INTO interacts VALUES(832895602219, 2, KonKwon, 2043, 1861018, 1)
INSERT INTO interacts VALUES(832895602219, 2, Shiphtur, 3133, 1862825, 1)
INSERT INTO interacts VALUES(832895602219, 2, Flaxxish, 3082, 1867294, 1)
INSERT INTO interacts VALUES(832895602219, 2, Trance, 1029, 1871928, 1)
INSERT INTO interacts VALUES(832895602219, 2, Trance, 2043, 1872773, 1)
INSERT INTO interacts VALUES(832895602219, 2, Cris, 2033, 1892023, 0)
INSERT INTO interacts VALUES(832895602219, 2, Cris, 3082, 1894394, 1)
INSERT INTO interacts VALUES(832895602219, 2, Trance, 2043, 1945810, 1)
INSERT INTO interacts VALUES(832895602219, 2, KonKwon, 2043, 1948913, 1)
INSERT INTO interacts VALUES(832895602219, 2, k0u, 3065, 1949587, 1)
INSERT INTO interacts VALUES(832895602219, 2, Diamondprox, 1028, 1953688, 1)
INSERT INTO interacts VALUES(832895602219, 2, Diamondprox, 2043, 1956126, 1)
INSERT INTO interacts VALUES(832895602219, 2, Trance, 2031, 1958365, 0)
INSERT INTO interacts VALUES(832895602219, 2, Trance, 3024, 1961573, 1)
INSERT INTO interacts VALUES(832895602219, 2, KonKwon, 3801, 1969502, 1)
INSERT INTO interacts VALUES(832895602219, 2, Rikara, 3139, 1974070, 1)
INSERT INTO interacts VALUES(832895602219, 2, Rikara, 3035, 1974563, 1)
INSERT INTO interacts VALUES(832895602219, 2, KonKwon, 1029, 1975084, 1)
INSERT INTO interacts VALUES(832895602219, 2, KonKwon, 1027, 1975401, 1)
INSERT INTO interacts VALUES(832895602219, 2, KonKwon, 2043, 1976859, 1)
INSERT INTO interacts VALUES(832895602219, 2, Flaxxish, 3110, 1977647, 1)
INSERT INTO interacts VALUES(832895602219, 2, Flaxxish, 2043, 1978301, 1)
INSERT INTO interacts VALUES(832895602219, 2, Ablazeolive, 1026, 1980667, 1)
INSERT INTO interacts VALUES(832895602219, 2, Ablazeolive, 1052, 1981379, 1)
INSERT INTO interacts VALUES(832895602219, 2, Shiphtur, 3142, 1990433, 1)
INSERT INTO interacts VALUES(832895602219, 2, Cris, 3143, 2097337, 1)
INSERT INTO interacts VALUES(832895602219, 2, Flaxxish, 1028, 2100003, 1)
INSERT INTO interacts VALUES(832895602219, 2, Diamondprox, 1011, 2111950, 1)
INSERT INTO interacts VALUES(832895602219, 2, Roar, 3033, 2112739, 1)
INSERT INTO interacts VALUES(832895602219, 2, Diamondprox, 1029, 2113542, 1)
INSERT INTO interacts VALUES(832895602219, 2, k0u, 1031, 2123898, 1)
INSERT INTO interacts VALUES(832895602219, 2, Ablazeolive, 3135, 2124550, 1)
INSERT INTO interacts VALUES(832895602219, 2, KonKwon, 3024, 2125480, 1)
INSERT INTO interacts VALUES(832895602219, 2, Trance, 3082, 2125627, 1)
INSERT INTO interacts VALUES(832895602219, 2, KonKwon, 2043, 2125825, 1)
INSERT INTO interacts VALUES(832895602219, 2, KonKwon, 2043, 2125918, 1)
INSERT INTO interacts VALUES(832895602219, 2, k0u, 2032, 2126486, 0)
INSERT INTO interacts VALUES(832895602219, 2, Trance, 2043, 2126585, 1)
INSERT INTO interacts VALUES(832895602219, 2, k0u, 2138, 2128580, 1)
INSERT INTO interacts VALUES(832895602219, 2, Rikara, 3036, 2146142, 1)
INSERT INTO interacts VALUES(832895602219, 2, Shiphtur, 2031, 2149948, 0)
INSERT INTO interacts VALUES(832895602219, 2, Shiphtur, 1036, 2151583, 1)
INSERT INTO interacts VALUES(832895602219, 2, Shiphtur, 1036, 2151681, 1)
INSERT INTO interacts VALUES(832895602219, 2, Shiphtur, 1053, 2154266, 1)
INSERT INTO interacts VALUES(832895602219, 2, Shiphtur, 2043, 2156008, 1)
INSERT INTO interacts VALUES(832895602219, 2, Flaxxish, 1011, 2166698, 1)
INSERT INTO interacts VALUES(832895602219, 2, Diamondprox, 1031, 2180140, 1)
INSERT INTO series VALUES(
                    Game 1 of 2
                  )
INSERT INTO organizes VALUES(832895602219)
INSERT INTO matches VALUES(420167265140, 1, 2016-07-12)
INSERT INTO competes VALUES(420167265140, TLA, True)
INSERT INTO competes VALUES(420167265140, NVA, False)
INSERT INTO scores VALUES(TLA, 420167265140, 1, 3, 10, 0, 2, 5, 1)
INSERT INTO scores VALUES(NVA, 420167265140, 1, 0, 7, 0, 1, 1, 0)
INSERT INTO bans VALUES(420167265140, 1, 43, 1)
INSERT INTO bans VALUES(420167265140, 1, 39, 3)
INSERT INTO bans VALUES(420167265140, 1, 15, 5)
INSERT INTO bans VALUES(420167265140, 1, 163, 2)
INSERT INTO bans VALUES(420167265140, 1, 13, 4)
INSERT INTO bans VALUES(420167265140, 1, 127, 6)
INSERT INTO plays VALUES(420167265140, 1, Solo, 98, Jungle, 6, 4, 13, 10466, 35, 8, 300, 18, 3, 21733)
INSERT INTO players VALUES(Moon)
INSERT INTO registers VALUES(Moon, TLA, date('1970-01-01'))
INSERT INTO plays VALUES(420167265140, 1, Moon, 120, Jungle, 1, 5, 16, 23343, 56, 23, 87, 86, 38, 20045)
INSERT INTO plays VALUES(420167265140, 1, Goldenglue, 8, Mid, 14, 2, 13, 62921, 31, 10, 424, 6, 11, 25743)
INSERT INTO players VALUES(Piglet)
INSERT INTO registers VALUES(Piglet, TLA, date('1970-01-01'))
INSERT INTO plays VALUES(420167265140, 1, Piglet, 81, Jungle, 3, 6, 19, 67644, 26, 17, 426, 44, 15, 25204)
INSERT INTO plays VALUES(420167265140, 1, Stunt, 432, Jungle, 5, 3, 18, 20503, 70, 24, 55, 0, 0, 19471)
INSERT INTO plays VALUES(420167265140, 1, Flaxxish, 41, Jungle, 5, 7, 7, 57703, 31, 5, 443, 19, 1, 25367)
INSERT INTO plays VALUES(420167265140, 1, k0u, 421, Jungle, 4, 2, 11, 30194, 55, 22, 119, 88, 46, 21068)
INSERT INTO plays VALUES(420167265140, 1, Ablazeolive, 268, Mid, 3, 7, 11, 57435, 26, 18, 429, 20, 6, 21464)
INSERT INTO plays VALUES(420167265140, 1, Rikara, 236, Jungle, 7, 5, 5, 52966, 19, 15, 492, 33, 4, 25599)
INSERT INTO players VALUES(Ken)
INSERT INTO registers VALUES(Ken, NVA, date('1970-01-01'))
INSERT INTO plays VALUES(420167265140, 1, Ken, 40, Jungle, 1, 8, 16, 7713, 103, 30, 32, 0, 1, 16250)
INSERT INTO interacts VALUES(420167265140, 1, Piglet, 1055, 1720, 1)
INSERT INTO interacts VALUES(420167265140, 1, Piglet, 2010, 1913, 1)
INSERT INTO interacts VALUES(420167265140, 1, Ablazeolive, 1056, 2106, 1)
INSERT INTO interacts VALUES(420167265140, 1, Piglet, 3340, 2106, 1)
INSERT INTO interacts VALUES(420167265140, 1, Ablazeolive, 2010, 2343, 1)
INSERT INTO interacts VALUES(420167265140, 1, Ablazeolive, 2010, 2463, 1)
INSERT INTO interacts VALUES(420167265140, 1, Solo, 1054, 2600, 1)
INSERT INTO interacts VALUES(420167265140, 1, Ablazeolive, 3340, 2689, 1)
INSERT INTO interacts VALUES(420167265140, 1, Solo, 2003, 2818, 1)
INSERT INTO interacts VALUES(420167265140, 1, Solo, 3340, 3045, 1)
INSERT INTO interacts VALUES(420167265140, 1, Goldenglue, 1054, 3955, 1)
INSERT INTO interacts VALUES(420167265140, 1, Stunt, 3303, 4159, 1)
INSERT INTO interacts VALUES(420167265140, 1, Goldenglue, 2010, 4181, 1)
INSERT INTO interacts VALUES(420167265140, 1, Goldenglue, 3340, 4376, 1)
INSERT INTO interacts VALUES(420167265140, 1, Stunt, 2010, 4569, 1)
INSERT INTO interacts VALUES(420167265140, 1, Stunt, 2010, 4731, 1)
INSERT INTO interacts VALUES(420167265140, 1, Rikara, 1055, 4860, 1)
INSERT INTO interacts VALUES(420167265140, 1, Stunt, 2010, 4860, 1)
INSERT INTO interacts VALUES(420167265140, 1, Stunt, 3340, 5220, 1)
INSERT INTO interacts VALUES(420167265140, 1, Moon, 1039, 5220, 1)
INSERT INTO interacts VALUES(420167265140, 1, Rikara, 2010, 5220, 1)
INSERT INTO interacts VALUES(420167265140, 1, Rikara, 3340, 5574, 1)
INSERT INTO interacts VALUES(420167265140, 1, Moon, 2031, 6289, 1)
INSERT INTO interacts VALUES(420167265140, 1, Moon, 3340, 6748, 1)
INSERT INTO interacts VALUES(420167265140, 1, Flaxxish, 2033, 8585, 1)
INSERT INTO interacts VALUES(420167265140, 1, Flaxxish, 3340, 9232, 1)
INSERT INTO interacts VALUES(420167265140, 1, Ken, 3303, 9363, 1)
INSERT INTO interacts VALUES(420167265140, 1, Ken, 2010, 9603, 1)
INSERT INTO interacts VALUES(420167265140, 1, Ken, 2010, 9721, 1)
INSERT INTO interacts VALUES(420167265140, 1, Ken, 2010, 9883, 1)
INSERT INTO interacts VALUES(420167265140, 1, Ken, 3340, 10206, 1)
INSERT INTO interacts VALUES(420167265140, 1, k0u, 1041, 12022, 1)
INSERT INTO interacts VALUES(420167265140, 1, k0u, 2031, 13188, 1)
INSERT INTO interacts VALUES(420167265140, 1, k0u, 3340, 13492, 1)
INSERT INTO interacts VALUES(420167265140, 1, Flaxxish, 2043, 142360, 1)
INSERT INTO interacts VALUES(420167265140, 1, Piglet, 1083, 214501, 1)
INSERT INTO interacts VALUES(420167265140, 1, Piglet, 2043, 215198, 1)
INSERT INTO interacts VALUES(420167265140, 1, Piglet, 2010, 215409, 1)
INSERT INTO interacts VALUES(420167265140, 1, Piglet, 2010, 215539, 1)
INSERT INTO interacts VALUES(420167265140, 1, Stunt, 1028, 223888, 1)
INSERT INTO interacts VALUES(420167265140, 1, Ken, 1028, 225070, 1)
INSERT INTO interacts VALUES(420167265140, 1, Rikara, 1001, 229232, 1)
INSERT INTO interacts VALUES(420167265140, 1, Rikara, 1083, 231583, 1)
INSERT INTO interacts VALUES(420167265140, 1, Ken, 2043, 235819, 1)
INSERT INTO interacts VALUES(420167265140, 1, Goldenglue, 3158, 249639, 1)
INSERT INTO interacts VALUES(420167265140, 1, k0u, 2049, 250579, 1)
INSERT INTO interacts VALUES(420167265140, 1, k0u, 2043, 252956, 1)
INSERT INTO interacts VALUES(420167265140, 1, Flaxxish, 1027, 271107, 1)
INSERT INTO interacts VALUES(420167265140, 1, Flaxxish, 1001, 272808, 1)
INSERT INTO interacts VALUES(420167265140, 1, Ablazeolive, 3006, 275805, 1)
INSERT INTO interacts VALUES(420167265140, 1, Moon, 3047, 300244, 1)
INSERT INTO interacts VALUES(420167265140, 1, Moon, 2043, 301482, 1)
INSERT INTO interacts VALUES(420167265140, 1, Rikara, 1036, 342116, 1)
INSERT INTO interacts VALUES(420167265140, 1, Ken, 3341, 344404, 1)
INSERT INTO interacts VALUES(420167265140, 1, Rikara, 1036, 347611, 1)
INSERT INTO interacts VALUES(420167265140, 1, Ken, 2049, 348051, 1)
INSERT INTO interacts VALUES(420167265140, 1, Piglet, 3070, 365701, 1)
INSERT INTO interacts VALUES(420167265140, 1, Stunt, 2049, 371050, 1)
INSERT INTO interacts VALUES(420167265140, 1, Solo, 3751, 372837, 1)
INSERT INTO interacts VALUES(420167265140, 1, Stunt, 3341, 375248, 1)
INSERT INTO interacts VALUES(420167265140, 1, Moon, 2032, 411539, 1)
INSERT INTO interacts VALUES(420167265140, 1, Moon, 1041, 414885, 1)
INSERT INTO interacts VALUES(420167265140, 1, Flaxxish, 3057, 417439, 1)
INSERT INTO interacts VALUES(420167265140, 1, k0u, 1001, 419658, 1)
INSERT INTO interacts VALUES(420167265140, 1, Flaxxish, 1042, 421885, 1)
INSERT INTO interacts VALUES(420167265140, 1, k0u, 3706, 423428, 1)
INSERT INTO interacts VALUES(420167265140, 1, Ablazeolive, 3802, 475063, 1)
INSERT INTO interacts VALUES(420167265140, 1, Ablazeolive, 2010, 475816, 1)
INSERT INTO interacts VALUES(420167265140, 1, Ablazeolive, 2043, 484627, 1)
INSERT INTO interacts VALUES(420167265140, 1, Ablazeolive, 2010, 487784, 1)
INSERT INTO interacts VALUES(420167265140, 1, Ken, 1001, 490564, 1)
INSERT INTO interacts VALUES(420167265140, 1, Ken, 2043, 491002, 1)
INSERT INTO interacts VALUES(420167265140, 1, Goldenglue, 3211, 515260, 1)
INSERT INTO interacts VALUES(420167265140, 1, Goldenglue, 1028, 516167, 1)
INSERT INTO interacts VALUES(420167265140, 1, Piglet, 1037, 517750, 1)
INSERT INTO interacts VALUES(420167265140, 1, Goldenglue, 2043, 517813, 1)
INSERT INTO interacts VALUES(420167265140, 1, Solo, 1029, 525790, 1)
INSERT INTO interacts VALUES(420167265140, 1, Solo, 1001, 527967, 1)
INSERT INTO interacts VALUES(420167265140, 1, Solo, 2043, 529428, 1)
INSERT INTO interacts VALUES(420167265140, 1, Stunt, 3098, 542711, 1)
INSERT INTO interacts VALUES(420167265140, 1, Stunt, 1001, 543133, 1)
INSERT INTO interacts VALUES(420167265140, 1, Stunt, 2043, 543748, 1)
INSERT INTO interacts VALUES(420167265140, 1, Moon, 3715, 556212, 1)
INSERT INTO interacts VALUES(420167265140, 1, Moon, 2043, 557093, 1)
INSERT INTO interacts VALUES(420167265140, 1, Piglet, 2010, 569266, 1)
INSERT INTO interacts VALUES(420167265140, 1, Piglet, 2010, 569415, 1)
INSERT INTO interacts VALUES(420167265140, 1, k0u, 1028, 590094, 1)
INSERT INTO interacts VALUES(420167265140, 1, Rikara, 3134, 590418, 1)
INSERT INTO interacts VALUES(420167265140, 1, Ken, 1004, 590451, 1)
INSERT INTO interacts VALUES(420167265140, 1, Ken, 2010, 591134, 1)
INSERT INTO interacts VALUES(420167265140, 1, Rikara, 3133, 591134, 1)
INSERT INTO interacts VALUES(420167265140, 1, k0u, 1001, 591589, 1)
INSERT INTO interacts VALUES(420167265140, 1, k0u, 2043, 593249, 1)
INSERT INTO interacts VALUES(420167265140, 1, Rikara, 2031, 593445, 1)
INSERT INTO interacts VALUES(420167265140, 1, Flaxxish, 3158, 642885, 1)
INSERT INTO interacts VALUES(420167265140, 1, Flaxxish, 1036, 644772, 1)
INSERT INTO interacts VALUES(420167265140, 1, Flaxxish, 1028, 646404, 1)
INSERT INTO interacts VALUES(420167265140, 1, Piglet, 1001, 669895, 1)
INSERT INTO interacts VALUES(420167265140, 1, Piglet, 2010, 670778, 1)
INSERT INTO interacts VALUES(420167265140, 1, Piglet, 2010, 670939, 1)
INSERT INTO interacts VALUES(420167265140, 1, Stunt, 3158, 679062, 1)
INSERT INTO interacts VALUES(420167265140, 1, Stunt, 2043, 680678, 1)
INSERT INTO interacts VALUES(420167265140, 1, Goldenglue, 3067, 688243, 1)
INSERT INTO interacts VALUES(420167265140, 1, Goldenglue, 3145, 688945, 1)
INSERT INTO interacts VALUES(420167265140, 1, Solo, 1031, 732212, 1)
INSERT INTO interacts VALUES(420167265140, 1, Solo, 1029, 732637, 1)
INSERT INTO interacts VALUES(420167265140, 1, Ablazeolive, 2010, 744603, 0)
INSERT INTO interacts VALUES(420167265140, 1, Ablazeolive, 3165, 745904, 1)
INSERT INTO interacts VALUES(420167265140, 1, Moon, 1413, 779688, 1)
INSERT INTO interacts VALUES(420167265140, 1, Flaxxish, 3044, 792364, 1)
INSERT INTO interacts VALUES(420167265140, 1, Flaxxish, 1042, 793216, 1)
INSERT INTO interacts VALUES(420167265140, 1, Stunt, 1028, 811273, 1)
INSERT INTO interacts VALUES(420167265140, 1, Rikara, 3142, 816701, 1)
INSERT INTO interacts VALUES(420167265140, 1, Ken, 2301, 817646, 1)
INSERT INTO interacts VALUES(420167265140, 1, Ken, 2043, 819213, 1)
INSERT INTO interacts VALUES(420167265140, 1, Rikara, 2031, 819340, 0)
INSERT INTO interacts VALUES(420167265140, 1, Ken, 2010, 819502, 1)
INSERT INTO interacts VALUES(420167265140, 1, Goldenglue, 3152, 819827, 1)
INSERT INTO interacts VALUES(420167265140, 1, Rikara, 3133, 820905, 1)
INSERT INTO interacts VALUES(420167265140, 1, Goldenglue, 2043, 821916, 1)
INSERT INTO interacts VALUES(420167265140, 1, Rikara, 2010, 823332, 1)
INSERT INTO interacts VALUES(420167265140, 1, Piglet, 2010, 836763, 0)
INSERT INTO interacts VALUES(420167265140, 1, Piglet, 2010, 836891, 0)
INSERT INTO interacts VALUES(420167265140, 1, Piglet, 3057, 838486, 1)
INSERT INTO interacts VALUES(420167265140, 1, k0u, 1401, 857877, 1)
INSERT INTO interacts VALUES(420167265140, 1, k0u, 3111, 859522, 1)
INSERT INTO interacts VALUES(420167265140, 1, Flaxxish, 3078, 867103, 1)
INSERT INTO interacts VALUES(420167265140, 1, Solo, 3068, 889983, 1)
INSERT INTO interacts VALUES(420167265140, 1, Solo, 3047, 994615, 1)
INSERT INTO interacts VALUES(420167265140, 1, Stunt, 2301, 995497, 1)
INSERT INTO interacts VALUES(420167265140, 1, Stunt, 2043, 996225, 1)
INSERT INTO interacts VALUES(420167265140, 1, Solo, 2043, 996579, 1)
INSERT INTO interacts VALUES(420167265140, 1, Stunt, 2010, 996844, 1)
INSERT INTO interacts VALUES(420167265140, 1, Ken, 3158, 1010574, 1)
INSERT INTO interacts VALUES(420167265140, 1, Ablazeolive, 1058, 1013497, 1)
INSERT INTO interacts VALUES(420167265140, 1, Ablazeolive, 1052, 1013877, 1)
INSERT INTO interacts VALUES(420167265140, 1, Ablazeolive, 2043, 1014765, 1)
INSERT INTO interacts VALUES(420167265140, 1, Ablazeolive, 3363, 1015869, 1)
INSERT INTO interacts VALUES(420167265140, 1, Rikara, 3363, 1015968, 1)
INSERT INTO interacts VALUES(420167265140, 1, Ken, 2043, 1016812, 1)
INSERT INTO interacts VALUES(420167265140, 1, k0u, 1028, 1020741, 1)
INSERT INTO interacts VALUES(420167265140, 1, Flaxxish, 3134, 1021459, 1)
INSERT INTO interacts VALUES(420167265140, 1, k0u, 3364, 1021710, 1)
INSERT INTO interacts VALUES(420167265140, 1, Rikara, 2010, 1022539, 0)
INSERT INTO interacts VALUES(420167265140, 1, k0u, 2043, 1022635, 1)
INSERT INTO interacts VALUES(420167265140, 1, Flaxxish, 3902, 1022929, 1)
INSERT INTO interacts VALUES(420167265140, 1, Rikara, 3044, 1025357, 1)
INSERT INTO interacts VALUES(420167265140, 1, Moon, 2049, 1033894, 1)
INSERT INTO interacts VALUES(420167265140, 1, Moon, 3364, 1034804, 1)
INSERT INTO interacts VALUES(420167265140, 1, Moon, 1028, 1036197, 1)
INSERT INTO interacts VALUES(420167265140, 1, Piglet, 3004, 1045675, 1)
INSERT INTO interacts VALUES(420167265140, 1, Piglet, 3158, 1048003, 1)
INSERT INTO interacts VALUES(420167265140, 1, Piglet, 3363, 1048928, 1)
INSERT INTO interacts VALUES(420167265140, 1, Piglet, 2043, 1049387, 1)
INSERT INTO interacts VALUES(420167265140, 1, Ken, 2043, 1114903, 1)
INSERT INTO interacts VALUES(420167265140, 1, Ken, 2031, 1115746, 1)
INSERT INTO interacts VALUES(420167265140, 1, Ken, 2043, 1116770, 1)
INSERT INTO interacts VALUES(420167265140, 1, Goldenglue, 3065, 1126271, 1)
INSERT INTO interacts VALUES(420167265140, 1, Goldenglue, 1028, 1130187, 1)
INSERT INTO interacts VALUES(420167265140, 1, k0u, 3211, 1135244, 1)
INSERT INTO interacts VALUES(420167265140, 1, Stunt, 1033, 1141756, 1)
INSERT INTO interacts VALUES(420167265140, 1, Stunt, 3801, 1143046, 1)
INSERT INTO interacts VALUES(420167265140, 1, Piglet, 3024, 1148817, 1)
INSERT INTO interacts VALUES(420167265140, 1, Moon, 2045, 1155008, 1)
INSERT INTO interacts VALUES(420167265140, 1, Solo, 3211, 1156126, 1)
INSERT INTO interacts VALUES(420167265140, 1, Moon, 1033, 1156708, 1)
INSERT INTO interacts VALUES(420167265140, 1, Solo, 1028, 1157813, 1)
INSERT INTO interacts VALUES(420167265140, 1, Piglet, 1083, 1204440, 0)
INSERT INTO interacts VALUES(420167265140, 1, Piglet, 3025, 1205220, 1)
INSERT INTO interacts VALUES(420167265140, 1, Flaxxish, 3155, 1206409, 1)
INSERT INTO interacts VALUES(420167265140, 1, Ken, 1028, 1208376, 1)
INSERT INTO interacts VALUES(420167265140, 1, Ken, 2043, 1214036, 1)
INSERT INTO interacts VALUES(420167265140, 1, Stunt, 3105, 1219174, 1)
INSERT INTO interacts VALUES(420167265140, 1, Stunt, 2010, 1221388, 1)
INSERT INTO interacts VALUES(420167265140, 1, Rikara, 3071, 1224219, 1)
INSERT INTO interacts VALUES(420167265140, 1, Ablazeolive, 3116, 1225231, 1)
INSERT INTO interacts VALUES(420167265140, 1, Rikara, 1042, 1226368, 1)
INSERT INTO interacts VALUES(420167265140, 1, k0u, 3082, 1226368, 1)
INSERT INTO interacts VALUES(420167265140, 1, Solo, 3067, 1263222, 1)
INSERT INTO interacts VALUES(420167265140, 1, Moon, 1057, 1275727, 1)
INSERT INTO interacts VALUES(420167265140, 1, Stunt, 3364, 1300178, 1)
INSERT INTO interacts VALUES(420167265140, 1, Goldenglue, 1011, 1300925, 1)
INSERT INTO interacts VALUES(420167265140, 1, Piglet, 1036, 1360718, 1)
INSERT INTO interacts VALUES(420167265140, 1, Piglet, 1036, 1360848, 1)
INSERT INTO interacts VALUES(420167265140, 1, Rikara, 3006, 1375148, 1)
INSERT INTO interacts VALUES(420167265140, 1, Rikara, 1042, 1375827, 1)
INSERT INTO interacts VALUES(420167265140, 1, Stunt, 1028, 1377663, 1)
INSERT INTO interacts VALUES(420167265140, 1, Moon, 1031, 1393660, 1)
INSERT INTO interacts VALUES(420167265140, 1, Flaxxish, 3156, 1394072, 1)
INSERT INTO interacts VALUES(420167265140, 1, Flaxxish, 1036, 1394964, 1)
INSERT INTO interacts VALUES(420167265140, 1, Flaxxish, 1036, 1395115, 1)
INSERT INTO interacts VALUES(420167265140, 1, Ken, 3105, 1405032, 1)
INSERT INTO interacts VALUES(420167265140, 1, Ken, 3364, 1406851, 1)
INSERT INTO interacts VALUES(420167265140, 1, Ken, 2043, 1407274, 1)
INSERT INTO interacts VALUES(420167265140, 1, Ken, 2043, 1407435, 1)
INSERT INTO interacts VALUES(420167265140, 1, Ablazeolive, 1026, 1409611, 1)
INSERT INTO interacts VALUES(420167265140, 1, Ablazeolive, 1052, 1411274, 1)
INSERT INTO interacts VALUES(420167265140, 1, k0u, 2031, 1417022, 0)
INSERT INTO interacts VALUES(420167265140, 1, Goldenglue, 1058, 1449811, 1)
INSERT INTO interacts VALUES(420167265140, 1, Goldenglue, 3363, 1450990, 1)
INSERT INTO interacts VALUES(420167265140, 1, Stunt, 3190, 1454730, 1)
INSERT INTO interacts VALUES(420167265140, 1, Solo, 3065, 1459395, 1)
INSERT INTO interacts VALUES(420167265140, 1, Solo, 2043, 1460774, 1)
INSERT INTO interacts VALUES(420167265140, 1, k0u, 1011, 1472231, 1)
INSERT INTO interacts VALUES(420167265140, 1, Flaxxish, 3134, 1475900, 1)
INSERT INTO interacts VALUES(420167265140, 1, Flaxxish, 1036, 1476483, 1)
INSERT INTO interacts VALUES(420167265140, 1, Rikara, 1083, 1481174, 0)
INSERT INTO interacts VALUES(420167265140, 1, Rikara, 3086, 1483244, 1)
INSERT INTO interacts VALUES(420167265140, 1, Rikara, 2043, 1484327, 1)
INSERT INTO interacts VALUES(420167265140, 1, Ken, 1028, 1485061, 1)
INSERT INTO interacts VALUES(420167265140, 1, Stunt, 1029, 1619639, 1)
INSERT INTO interacts VALUES(420167265140, 1, Piglet, 3144, 1619831, 1)
INSERT INTO interacts VALUES(420167265140, 1, Piglet, 1043, 1620749, 1)
INSERT INTO interacts VALUES(420167265140, 1, Stunt, 2043, 1622568, 1)
INSERT INTO interacts VALUES(420167265140, 1, Solo, 3082, 1623866, 1)
INSERT INTO interacts VALUES(420167265140, 1, Moon, 3026, 1624724, 1)
INSERT INTO interacts VALUES(420167265140, 1, Ablazeolive, 3135, 1626996, 1)
INSERT INTO interacts VALUES(420167265140, 1, Ablazeolive, 2043, 1627328, 1)
INSERT INTO interacts VALUES(420167265140, 1, Goldenglue, 3116, 1629113, 1)
INSERT INTO interacts VALUES(420167265140, 1, Rikara, 3046, 1629329, 1)
INSERT INTO interacts VALUES(420167265140, 1, Goldenglue, 2043, 1629851, 1)
INSERT INTO interacts VALUES(420167265140, 1, Goldenglue, 2043, 1629993, 1)
INSERT INTO interacts VALUES(420167265140, 1, Ken, 3190, 1630188, 1)
INSERT INTO interacts VALUES(420167265140, 1, Flaxxish, 3133, 1630544, 1)
INSERT INTO interacts VALUES(420167265140, 1, Flaxxish, 3901, 1632142, 1)
INSERT INTO interacts VALUES(420167265140, 1, k0u, 3143, 1657597, 1)
INSERT INTO interacts VALUES(420167265140, 1, k0u, 2043, 1662795, 1)
INSERT INTO interacts VALUES(420167265140, 1, Ken, 1028, 1743196, 1)
INSERT INTO interacts VALUES(420167265140, 1, Flaxxish, 3142, 1785760, 1)
INSERT INTO interacts VALUES(420167265140, 1, Piglet, 3153, 1787184, 1)
INSERT INTO interacts VALUES(420167265140, 1, Flaxxish, 1036, 1787952, 1)
INSERT INTO interacts VALUES(420167265140, 1, Rikara, 1036, 1788681, 1)
INSERT INTO interacts VALUES(420167265140, 1, Piglet, 1033, 1789970, 1)
INSERT INTO interacts VALUES(420167265140, 1, Solo, 1011, 1795194, 1)
INSERT INTO interacts VALUES(420167265140, 1, Ablazeolive, 1056, 1805362, 0)
INSERT INTO interacts VALUES(420167265140, 1, Ablazeolive, 1026, 1806749, 1)
INSERT INTO interacts VALUES(420167265140, 1, Ablazeolive, 2043, 1807838, 1)
INSERT INTO interacts VALUES(420167265140, 1, Goldenglue, 1026, 1812951, 1)
INSERT INTO interacts VALUES(420167265140, 1, Goldenglue, 1054, 1815130, 0)
INSERT INTO interacts VALUES(420167265140, 1, Stunt, 3024, 1816389, 1)
INSERT INTO interacts VALUES(420167265140, 1, Goldenglue, 1052, 1816669, 1)
INSERT INTO interacts VALUES(420167265140, 1, Stunt, 3082, 1817255, 1)
INSERT INTO interacts VALUES(420167265140, 1, Stunt, 2010, 1818524, 0)
INSERT INTO interacts VALUES(420167265140, 1, Stunt, 2043, 1819309, 1)
INSERT INTO interacts VALUES(420167265140, 1, Moon, 2032, 1822439, 0)
INSERT INTO interacts VALUES(420167265140, 1, Moon, 1031, 1825691, 1)
INSERT INTO interacts VALUES(420167265140, 1, Ken, 1028, 1825884, 0)
INSERT INTO interacts VALUES(420167265140, 1, Moon, 2043, 1826404, 1)
INSERT INTO interacts VALUES(420167265140, 1, Ken, 1028, 1833652, 0)
INSERT INTO interacts VALUES(420167265140, 1, Ken, 3114, 1837688, 1)
INSERT INTO interacts VALUES(420167265140, 1, k0u, 2043, 1849584, 0)
INSERT INTO interacts VALUES(420167265140, 1, k0u, 3052, 1851355, 1)
INSERT INTO interacts VALUES(420167265140, 1, Rikara, 1053, 1853193, 1)
INSERT INTO interacts VALUES(420167265140, 1, Flaxxish, 3134, 1874455, 1)
INSERT INTO interacts VALUES(420167265140, 1, Goldenglue, 3135, 1923096, 1)
INSERT INTO interacts VALUES(420167265140, 1, Piglet, 3155, 1937845, 1)
INSERT INTO interacts VALUES(420167265140, 1, Ablazeolive, 2043, 1939355, 0)
INSERT INTO interacts VALUES(420167265140, 1, Rikara, 1055, 1940296, 0)
INSERT INTO interacts VALUES(420167265140, 1, Ablazeolive, 1058, 1940727, 1)
INSERT INTO interacts VALUES(420167265140, 1, Rikara, 3140, 1941929, 1)
INSERT INTO interacts VALUES(420167265140, 1, Ken, 2031, 1947632, 0)
INSERT INTO interacts VALUES(420167265140, 1, Ken, 3028, 1949028, 1)
INSERT INTO interacts VALUES(420167265140, 1, Stunt, 2043, 1949710, 1)
INSERT INTO interacts VALUES(420167265140, 1, Ken, 2043, 1950763, 1)
INSERT INTO interacts VALUES(420167265140, 1, Flaxxish, 2033, 1951123, 0)
INSERT INTO interacts VALUES(420167265140, 1, Flaxxish, 2140, 1953730, 1)
INSERT INTO interacts VALUES(420167265140, 1, Solo, 3143, 1968361, 1)
INSERT INTO interacts VALUES(420167265140, 1, Solo, 2043, 1969631, 1)
INSERT INTO interacts VALUES(420167265140, 1, k0u, 3748, 2028841, 1)
INSERT INTO interacts VALUES(420167265140, 1, Piglet, 2140, 2042777, 1)
INSERT INTO interacts VALUES(420167265140, 1, Ken, 3222, 2090158, 1)
INSERT INTO interacts VALUES(420167265140, 1, Moon, 1011, 2096004, 1)
INSERT INTO interacts VALUES(420167265140, 1, Rikara, 3139, 2105022, 1)
INSERT INTO interacts VALUES(420167265140, 1, Stunt, 3110, 2114747, 1)
INSERT INTO interacts VALUES(420167265140, 1, Stunt, 1031, 2118783, 1)
INSERT INTO interacts VALUES(420167265140, 1, Stunt, 2043, 2120718, 1)
INSERT INTO interacts VALUES(420167265140, 1, Flaxxish, 2033, 2120853, 0)
INSERT INTO interacts VALUES(420167265140, 1, Flaxxish, 1038, 2122426, 1)
INSERT INTO interacts VALUES(420167265140, 1, Ablazeolive, 2139, 2126679, 1)
INSERT INTO interacts VALUES(420167265140, 1, Solo, 1057, 2128825, 1)
INSERT INTO interacts VALUES(420167265140, 1, Goldenglue, 1058, 2139867, 1)
INSERT INTO interacts VALUES(420167265140, 1, Flaxxish, 3147, 2202145, 1)
INSERT INTO interacts VALUES(420167265140, 1, Flaxxish, 3903, 2203469, 1)
INSERT INTO interacts VALUES(420167265140, 1, Piglet, 1055, 2212663, 0)
INSERT INTO interacts VALUES(420167265140, 1, Piglet, 1038, 2214556, 1)
INSERT INTO interacts VALUES(420167265140, 1, Solo, 1054, 2223711, 0)
INSERT INTO interacts VALUES(420167265140, 1, Solo, 1031, 2224724, 1)
INSERT INTO interacts VALUES(420167265140, 1, Moon, 3742, 2281092, 1)
INSERT INTO interacts VALUES(420167265140, 1, Rikara, 3035, 2300992, 1)
INSERT INTO interacts VALUES(420167265140, 1, k0u, 3065, 2301312, 1)
INSERT INTO interacts VALUES(420167265140, 1, Ablazeolive, 3089, 2364987, 1)
INSERT INTO interacts VALUES(420167265140, 1, Ablazeolive, 2043, 2366032, 1)
INSERT INTO interacts VALUES(420167265140, 1, Solo, 3026, 2371999, 1)
INSERT INTO interacts VALUES(420167265140, 1, Solo, 2043, 2373140, 1)
INSERT INTO interacts VALUES(420167265140, 1, Flaxxish, 1031, 2387817, 1)
INSERT INTO interacts VALUES(420167265140, 1, Rikara, 3033, 2387817, 1)
INSERT INTO interacts VALUES(420167265140, 1, Flaxxish, 3035, 2392344, 1)
INSERT INTO interacts VALUES(420167265140, 1, Stunt, 3026, 2395474, 1)
INSERT INTO interacts VALUES(420167265140, 1, Piglet, 2140, 2395897, 1)
INSERT INTO interacts VALUES(420167265140, 1, Stunt, 2043, 2396420, 1)
INSERT INTO interacts VALUES(420167265140, 1, Goldenglue, 3089, 2404302, 1)
INSERT INTO interacts VALUES(420167265140, 1, Ken, 3114, 2405443, 1)
INSERT INTO interacts VALUES(420167265140, 1, Ken, 2043, 2406641, 1)
INSERT INTO interacts VALUES(420167265140, 1, Ken, 2043, 2406823, 1)
INSERT INTO interacts VALUES(420167265140, 1, Stunt, 2043, 2411694, 1)
INSERT INTO interacts VALUES(420167265140, 1, Moon, 2043, 2424691, 1)
INSERT INTO interacts VALUES(420167265140, 1, Flaxxish, 2140, 2437800, 1)
INSERT INTO interacts VALUES(420167265140, 1, Solo, 1011, 2534790, 1)
INSERT INTO interacts VALUES(420167265140, 1, k0u, 2049, 2594276, 0)
INSERT INTO interacts VALUES(420167265140, 1, k0u, 1031, 2596112, 1)
INSERT INTO interacts VALUES(420167265140, 1, k0u, 2138, 2597149, 1)
INSERT INTO interacts VALUES(420167265140, 1, Ken, 2043, 2627908, 1)
INSERT INTO interacts VALUES(420167265140, 1, Flaxxish, 3033, 2694095, 1)
INSERT INTO interacts VALUES(420167265140, 1, Solo, 3083, 2735882, 1)
INSERT INTO interacts VALUES(420167265140, 1, Piglet, 3156, 2736532, 1)
INSERT INTO interacts VALUES(420167265140, 1, Piglet, 2140, 2737868, 1)
INSERT INTO interacts VALUES(420167265140, 1, Goldenglue, 2139, 2738488, 1)
INSERT INTO interacts VALUES(420167265140, 1, Stunt, 3211, 2743813, 1)
INSERT INTO interacts VALUES(420167265140, 1, Stunt, 2138, 2746695, 1)
INSERT INTO interacts VALUES(420167265140, 1, Flaxxish, 2140, 2748029, 1)
INSERT INTO interacts VALUES(420167265140, 1, Moon, 3102, 2749205, 1)
INSERT INTO interacts VALUES(420167265140, 1, Ken, 3504, 2756789, 1)
INSERT INTO interacts VALUES(420167265140, 1, Rikara, 3142, 2757391, 0)
INSERT INTO interacts VALUES(420167265140, 1, Ablazeolive, 3191, 2757661, 1)
INSERT INTO interacts VALUES(420167265140, 1, Rikara, 3031, 2758285, 1)
INSERT INTO interacts VALUES(420167265140, 1, Ablazeolive, 2139, 2758954, 1)
INSERT INTO interacts VALUES(420167265140, 1, Ken, 2043, 2759052, 1)
INSERT INTO interacts VALUES(420167265140, 1, Ken, 2043, 2759182, 1)
INSERT INTO interacts VALUES(420167265140, 1, k0u, 3026, 2775080, 1)
INSERT INTO interacts VALUES(420167265140, 1, Ken, 2139, 2799026, 1)
INSERT INTO interacts VALUES(420167265140, 1, Rikara, 2140, 2802880, 1)
INSERT INTO interacts VALUES(420167265140, 1, Ken, 2043, 2846439, 1)
INSERT INTO interacts VALUES(420167265140, 1, Flaxxish, 3158, 2915840, 0)
INSERT INTO interacts VALUES(420167265140, 1, Flaxxish, 3009, 2918892, 1)
INSERT INTO interacts VALUES(420167265140, 1, Piglet, 3072, 2921085, 1)
INSERT INTO interacts VALUES(420167265140, 1, Piglet, 2140, 2921537, 1)
INSERT INTO interacts VALUES(420167265140, 1, Ablazeolive, 3157, 2923073, 1)
INSERT INTO interacts VALUES(420167265140, 1, Ken, 2043, 2925027, 1)
INSERT INTO interacts VALUES(420167265140, 1, k0u, 2138, 2925126, 1)
INSERT INTO interacts VALUES(420167265140, 1, Solo, 2138, 2928819, 1)
INSERT INTO interacts VALUES(420167265140, 1, Piglet, 3158, 2953307, 0)
INSERT INTO interacts VALUES(420167265140, 1, Stunt, 3102, 2954417, 1)
INSERT INTO interacts VALUES(420167265140, 1, Piglet, 3111, 2954561, 1)
INSERT INTO interacts VALUES(420167265140, 1, Stunt, 2138, 2955196, 1)
INSERT INTO interacts VALUES(420167265140, 1, Flaxxish, 2140, 2955457, 1)
INSERT INTO interacts VALUES(420167265140, 1, Goldenglue, 2139, 2970631, 1)
INSERT INTO interacts VALUES(420167265140, 1, Rikara, 3006, 2975211, 0)
INSERT INTO interacts VALUES(420167265140, 1, Rikara, 3087, 2976355, 1)
INSERT INTO interacts VALUES(420167265140, 1, Ken, 3158, 2984985, 0)
INSERT INTO interacts VALUES(420167265140, 1, Ken, 3111, 2986255, 1)
INSERT INTO interacts VALUES(420167265140, 1, Ablazeolive, 2139, 3005201, 1)
INSERT INTO interacts VALUES(420167265140, 1, k0u, 2138, 3112885, 1)
INSERT INTO interacts VALUES(420167265140, 1, Ken, 2043, 3114353, 1)
INSERT INTO interacts VALUES(420167265140, 1, Ken, 2139, 3115564, 1)
INSERT INTO interacts VALUES(420167265140, 1, Ablazeolive, 2139, 3119621, 1)
INSERT INTO interacts VALUES(420167265140, 1, Stunt, 2138, 3120354, 1)
INSERT INTO interacts VALUES(420167265140, 1, Moon, 3102, 3122434, 0)
INSERT INTO interacts VALUES(420167265140, 1, Moon, 3078, 3123643, 1)
INSERT INTO interacts VALUES(420167265140, 1, Rikara, 2140, 3126603, 1)
INSERT INTO interacts VALUES(420167265140, 1, Moon, 2138, 3127297, 1)
INSERT INTO interacts VALUES(420167265140, 1, Flaxxish, 2140, 3129222, 1)
INSERT INTO interacts VALUES(420167265140, 1, Goldenglue, 2139, 3132033, 1)
INSERT INTO interacts VALUES(420167265140, 1, Ken, 2043, 3238862, 1)
INSERT INTO interacts VALUES(420167265140, 1, Ken, 2043, 3239058, 1)
INSERT INTO interacts VALUES(420167265140, 1, k0u, 1401, 3262595, 0)
INSERT INTO interacts VALUES(420167265140, 1, k0u, 2045, 3267881, 1)
INSERT INTO interacts VALUES(420167265140, 1, k0u, 2138, 3269053, 1)
INSERT INTO interacts VALUES(420167265140, 1, Rikara, 2140, 3289560, 1)
INSERT INTO interacts VALUES(420167265140, 1, Stunt, 2138, 3292091, 1)
INSERT INTO interacts VALUES(420167265140, 1, Piglet, 3111, 3294892, 0)
INSERT INTO interacts VALUES(420167265140, 1, Piglet, 3053, 3301750, 1)
INSERT INTO interacts VALUES(420167265140, 1, Goldenglue, 3152, 3303421, 0)
INSERT INTO interacts VALUES(420167265140, 1, Goldenglue, 2139, 3306657, 1)
INSERT INTO interacts VALUES(420167265140, 1, Piglet, 2140, 3306779, 1)
INSERT INTO interacts VALUES(420167265140, 1, Ablazeolive, 2139, 3307704, 1)
INSERT INTO interacts VALUES(420167265140, 1, Flaxxish, 3142, 3319622, 0)
INSERT INTO interacts VALUES(420167265140, 1, Flaxxish, 3031, 3321671, 1)
INSERT INTO interacts VALUES(420167265140, 1, Flaxxish, 2140, 3324672, 1)
INSERT INTO interacts VALUES(420167265140, 1, Ken, 2043, 3327268, 0)
INSERT INTO interacts VALUES(420167265140, 1, Ken, 1026, 3328894, 1)
INSERT INTO interacts VALUES(420167265140, 1, k0u, 3111, 3350209, 0)
INSERT INTO interacts VALUES(420167265140, 1, k0u, 3075, 3353146, 1)
INSERT INTO interacts VALUES(420167265140, 1, Rikara, 2140, 3471696, 1)
INSERT INTO interacts VALUES(420167265140, 1, k0u, 2138, 3490098, 1)
INSERT INTO interacts VALUES(420167265140, 1, Flaxxish, 3009, 3491853, 0)
INSERT INTO interacts VALUES(420167265140, 1, Flaxxish, 3087, 3492509, 1)
INSERT INTO interacts VALUES(420167265140, 1, Ken, 2139, 3492971, 1)
INSERT INTO interacts VALUES(420167265140, 1, Piglet, 2140, 3530880, 1)
INSERT INTO interacts VALUES(420167265140, 1, Goldenglue, 2139, 3531087, 1)
INSERT INTO interacts VALUES(420167265140, 1, Moon, 2045, 3531998, 0)
INSERT INTO interacts VALUES(420167265140, 1, Stunt, 2138, 3533483, 1)
INSERT INTO interacts VALUES(420167265140, 1, Solo, 2138, 3533939, 1)
INSERT INTO interacts VALUES(420167265140, 1, Goldenglue, 3152, 3537598, 0)
INSERT INTO interacts VALUES(420167265140, 1, Goldenglue, 1057, 3538988, 1)
INSERT INTO interacts VALUES(420167265140, 1, Ablazeolive, 2139, 3540430, 1)
INSERT INTO interacts VALUES(420167265140, 1, Goldenglue, 3026, 3541838, 1)
INSERT INTO interacts VALUES(420167265140, 1, Moon, 3065, 3545484, 1)
INSERT INTO interacts VALUES(420167265140, 1, Moon, 2138, 3547290, 1)
INSERT INTO interacts VALUES(420167265140, 1, Rikara, 2140, 3564105, 1)
INSERT INTO interacts VALUES(420167265140, 1, k0u, 2138, 3570241, 1)
INSERT INTO interacts VALUES(420167265140, 1, Flaxxish, 2140, 3575867, 1)
INSERT INTO interacts VALUES(420167265140, 1, Rikara, 3087, 3582431, 0)
INSERT INTO interacts VALUES(420167265140, 1, Rikara, 3078, 3583620, 1)
INSERT INTO matches VALUES(420167265140, 2, 2016-07-12)
INSERT INTO competes VALUES(420167265140, TLA, True)
INSERT INTO competes VALUES(420167265140, NVA, False)
INSERT INTO scores VALUES(TLA, 420167265140, 2, 1, 9, 0, 1, 1, 1)
INSERT INTO scores VALUES(NVA, 420167265140, 2, 0, 6, 0, 0, 2, 0)
INSERT INTO bans VALUES(420167265140, 2, 43, 1)
INSERT INTO bans VALUES(420167265140, 2, 41, 3)
INSERT INTO bans VALUES(420167265140, 2, 15, 5)
INSERT INTO bans VALUES(420167265140, 2, 163, 2)
INSERT INTO bans VALUES(420167265140, 2, 98, 4)
INSERT INTO bans VALUES(420167265140, 2, 8, 6)
INSERT INTO plays VALUES(420167265140, 2, Solo, 150, Top, 2, 2, 8, 12434, 17, 6, 223, 7, 0, 12088)
INSERT INTO plays VALUES(420167265140, 2, Moon, 76, Jungle, 6, 1, 7, 16671, 22, 13, 59, 71, 32, 13141)
INSERT INTO plays VALUES(420167265140, 2, Goldenglue, 13, Mid, 3, 1, 9, 16983, 16, 3, 221, 11, 5, 12555)
INSERT INTO plays VALUES(420167265140, 2, Piglet, 22, ADC, 4, 4, 9, 18811, 12, 3, 265, 13, 0, 14556)
INSERT INTO plays VALUES(420167265140, 2, Stunt, 201, Support, 1, 2, 10, 5361, 32, 8, 50, 0, 0, 9055)
INSERT INTO plays VALUES(420167265140, 2, Flaxxish, 24, Top, 1, 3, 1, 4852, 13, 2, 226, 5, 0, 10792)
INSERT INTO plays VALUES(420167265140, 2, k0u, 421, Jungle, 2, 2, 5, 8812, 24, 13, 33, 53, 17, 9501)
INSERT INTO plays VALUES(420167265140, 2, Ablazeolive, 268, Mid, 0, 4, 5, 20240, 16, 8, 267, 3, 0, 11277)
INSERT INTO plays VALUES(420167265140, 2, Rikara, 236, ADC, 7, 1, 3, 15863, 9, 3, 241, 3, 0, 12629)
INSERT INTO plays VALUES(420167265140, 2, Ken, 12, Support, 0, 6, 7, 3266, 38, 4, 29, 0, 0, 7497)
INSERT INTO interacts VALUES(420167265140, 2, Piglet, 1055, 1489, 1)
INSERT INTO interacts VALUES(420167265140, 2, Piglet, 3340, 1846, 1)
INSERT INTO interacts VALUES(420167265140, 2, Piglet, 2010, 2427, 1)
INSERT INTO interacts VALUES(420167265140, 2, Goldenglue, 1056, 2622, 1)
INSERT INTO interacts VALUES(420167265140, 2, Rikara, 1055, 2622, 1)
INSERT INTO interacts VALUES(420167265140, 2, Ken, 3302, 2719, 1)
INSERT INTO interacts VALUES(420167265140, 2, Rikara, 2003, 2914, 1)
INSERT INTO interacts VALUES(420167265140, 2, Ken, 2010, 2914, 1)
INSERT INTO interacts VALUES(420167265140, 2, Ken, 2010, 3076, 1)
INSERT INTO interacts VALUES(420167265140, 2, Ablazeolive, 1056, 3269, 1)
INSERT INTO interacts VALUES(420167265140, 2, Rikara, 3340, 3333, 1)
INSERT INTO interacts VALUES(420167265140, 2, Ken, 2010, 3333, 1)
INSERT INTO interacts VALUES(420167265140, 2, Ablazeolive, 2010, 3657, 1)
INSERT INTO interacts VALUES(420167265140, 2, Moon, 1039, 3755, 1)
INSERT INTO interacts VALUES(420167265140, 2, Ablazeolive, 2010, 3819, 1)
INSERT INTO interacts VALUES(420167265140, 2, Ken, 3340, 3819, 1)
INSERT INTO interacts VALUES(420167265140, 2, Ablazeolive, 3340, 4176, 1)
INSERT INTO interacts VALUES(420167265140, 2, Goldenglue, 2010, 4498, 1)
INSERT INTO interacts VALUES(420167265140, 2, Solo, 2003, 4533, 1)
INSERT INTO interacts VALUES(420167265140, 2, Goldenglue, 2010, 4758, 1)
INSERT INTO interacts VALUES(420167265140, 2, Solo, 3340, 4791, 1)
INSERT INTO interacts VALUES(420167265140, 2, Moon, 3340, 5017, 1)
INSERT INTO interacts VALUES(420167265140, 2, Solo, 1055, 5052, 1)
INSERT INTO interacts VALUES(420167265140, 2, k0u, 1041, 5084, 1)
INSERT INTO interacts VALUES(420167265140, 2, Goldenglue, 3340, 5214, 1)
INSERT INTO interacts VALUES(420167265140, 2, Moon, 2031, 5602, 1)
INSERT INTO interacts VALUES(420167265140, 2, k0u, 2031, 5797, 1)
INSERT INTO interacts VALUES(420167265140, 2, k0u, 3340, 6056, 1)
INSERT INTO interacts VALUES(420167265140, 2, Stunt, 3302, 9339, 1)
INSERT INTO interacts VALUES(420167265140, 2, Stunt, 2010, 9523, 1)
INSERT INTO interacts VALUES(420167265140, 2, Stunt, 2010, 9653, 1)
INSERT INTO interacts VALUES(420167265140, 2, Stunt, 2010, 9815, 1)
INSERT INTO interacts VALUES(420167265140, 2, Stunt, 3340, 10118, 1)
INSERT INTO interacts VALUES(420167265140, 2, Flaxxish, 2033, 10432, 1)
INSERT INTO interacts VALUES(420167265140, 2, Flaxxish, 3340, 10658, 1)
INSERT INTO interacts VALUES(420167265140, 2, k0u, 3706, 244190, 1)
INSERT INTO interacts VALUES(420167265140, 2, Flaxxish, 1055, 283354, 1)
INSERT INTO interacts VALUES(420167265140, 2, Flaxxish, 2043, 286345, 1)
INSERT INTO interacts VALUES(420167265140, 2, Moon, 3047, 286695, 1)
INSERT INTO interacts VALUES(420167265140, 2, Moon, 2032, 287470, 1)
INSERT INTO interacts VALUES(420167265140, 2, Solo, 1001, 287882, 1)
INSERT INTO interacts VALUES(420167265140, 2, Solo, 1055, 289049, 1)
INSERT INTO interacts VALUES(420167265140, 2, Solo, 2031, 290771, 1)
INSERT INTO interacts VALUES(420167265140, 2, Solo, 2043, 291115, 1)
INSERT INTO interacts VALUES(420167265140, 2, Piglet, 3133, 308027, 1)
INSERT INTO interacts VALUES(420167265140, 2, Stunt, 3097, 318462, 1)
INSERT INTO interacts VALUES(420167265140, 2, Stunt, 2031, 320771, 1)
INSERT INTO interacts VALUES(420167265140, 2, Ken, 2049, 339337, 1)
INSERT INTO interacts VALUES(420167265140, 2, Ken, 3341, 340767, 1)
INSERT INTO interacts VALUES(420167265140, 2, Rikara, 3134, 340899, 1)
INSERT INTO interacts VALUES(420167265140, 2, Rikara, 1036, 341188, 1)
INSERT INTO interacts VALUES(420167265140, 2, Ken, 2043, 342138, 1)
INSERT INTO interacts VALUES(420167265140, 2, Rikara, 2003, 342260, 1)
INSERT INTO interacts VALUES(420167265140, 2, Rikara, 2003, 342390, 1)
INSERT INTO interacts VALUES(420167265140, 2, Goldenglue, 3070, 343301, 1)
INSERT INTO interacts VALUES(420167265140, 2, Goldenglue, 1001, 344644, 1)
INSERT INTO interacts VALUES(420167265140, 2, Goldenglue, 2010, 345829, 0)
INSERT INTO interacts VALUES(420167265140, 2, Goldenglue, 2031, 347297, 1)
INSERT INTO interacts VALUES(420167265140, 2, Goldenglue, 2043, 348025, 1)
INSERT INTO interacts VALUES(420167265140, 2, Ablazeolive, 3006, 364052, 1)
INSERT INTO interacts VALUES(420167265140, 2, Ablazeolive, 1056, 364767, 1)
INSERT INTO interacts VALUES(420167265140, 2, k0u, 1028, 376707, 1)
INSERT INTO interacts VALUES(420167265140, 2, k0u, 1001, 430473, 1)
INSERT INTO interacts VALUES(420167265140, 2, Stunt, 1028, 502836, 1)
INSERT INTO interacts VALUES(420167265140, 2, Stunt, 2043, 503421, 1)
INSERT INTO interacts VALUES(420167265140, 2, Ken, 3097, 504335, 1)
INSERT INTO interacts VALUES(420167265140, 2, Ken, 2010, 505534, 1)
INSERT INTO interacts VALUES(420167265140, 2, Ken, 2010, 505692, 1)
INSERT INTO interacts VALUES(420167265140, 2, Ken, 2043, 506652, 1)
INSERT INTO interacts VALUES(420167265140, 2, Piglet, 1083, 508428, 1)
INSERT INTO interacts VALUES(420167265140, 2, Piglet, 1001, 509048, 1)
INSERT INTO interacts VALUES(420167265140, 2, Piglet, 2010, 509567, 1)
INSERT INTO interacts VALUES(420167265140, 2, Piglet, 2010, 509774, 1)
INSERT INTO interacts VALUES(420167265140, 2, Piglet, 2010, 509924, 1)
INSERT INTO interacts VALUES(420167265140, 2, Flaxxish, 1001, 524090, 1)
INSERT INTO interacts VALUES(420167265140, 2, Flaxxish, 1036, 525779, 1)
INSERT INTO interacts VALUES(420167265140, 2, Moon, 3113, 526407, 1)
INSERT INTO interacts VALUES(420167265140, 2, Flaxxish, 1028, 526556, 1)
INSERT INTO interacts VALUES(420167265140, 2, Moon, 1041, 529184, 1)
INSERT INTO interacts VALUES(420167265140, 2, Rikara, 3133, 534125, 1)
INSERT INTO interacts VALUES(420167265140, 2, Rikara, 1001, 534720, 1)
INSERT INTO interacts VALUES(420167265140, 2, Rikara, 1036, 535616, 1)
INSERT INTO interacts VALUES(420167265140, 2, Rikara, 2003, 536496, 1)
INSERT INTO interacts VALUES(420167265140, 2, Rikara, 2003, 536916, 1)
INSERT INTO interacts VALUES(420167265140, 2, Ablazeolive, 3101, 539320, 1)
INSERT INTO interacts VALUES(420167265140, 2, Ablazeolive, 2043, 540722, 1)
INSERT INTO interacts VALUES(420167265140, 2, Goldenglue, 3010, 545094, 1)
INSERT INTO interacts VALUES(420167265140, 2, Solo, 3044, 545713, 1)
INSERT INTO interacts VALUES(420167265140, 2, Goldenglue, 2043, 546139, 1)
INSERT INTO interacts VALUES(420167265140, 2, Solo, 1036, 546987, 1)
INSERT INTO interacts VALUES(420167265140, 2, Stunt, 3341, 608731, 1)
INSERT INTO interacts VALUES(420167265140, 2, Stunt, 2049, 615755, 1)
INSERT INTO interacts VALUES(420167265140, 2, Ken, 1001, 623596, 1)
INSERT INTO interacts VALUES(420167265140, 2, Ken, 1006, 625936, 1)
INSERT INTO interacts VALUES(420167265140, 2, Rikara, 3006, 628917, 1)
INSERT INTO interacts VALUES(420167265140, 2, k0u, 3111, 673894, 1)
INSERT INTO interacts VALUES(420167265140, 2, k0u, 2049, 675046, 1)
INSERT INTO interacts VALUES(420167265140, 2, Goldenglue, 1033, 675792, 1)
INSERT INTO interacts VALUES(420167265140, 2, Stunt, 2043, 697945, 1)
INSERT INTO interacts VALUES(420167265140, 2, Solo, 3133, 699740, 1)
INSERT INTO interacts VALUES(420167265140, 2, Flaxxish, 3044, 712863, 1)
INSERT INTO interacts VALUES(420167265140, 2, Flaxxish, 1042, 714745, 1)
INSERT INTO interacts VALUES(420167265140, 2, Piglet, 1038, 733208, 1)
INSERT INTO interacts VALUES(420167265140, 2, Moon, 1410, 744473, 1)
INSERT INTO interacts VALUES(420167265140, 2, Rikara, 3142, 765107, 1)
INSERT INTO interacts VALUES(420167265140, 2, Goldenglue, 3111, 765970, 1)
INSERT INTO interacts VALUES(420167265140, 2, Ablazeolive, 3115, 774051, 1)
INSERT INTO interacts VALUES(420167265140, 2, Ablazeolive, 2043, 775121, 1)
INSERT INTO interacts VALUES(420167265140, 2, Ablazeolive, 2043, 775220, 1)
INSERT INTO interacts VALUES(420167265140, 2, Ablazeolive, 2010, 777046, 1)
INSERT INTO interacts VALUES(420167265140, 2, Ablazeolive, 2010, 777163, 1)
INSERT INTO interacts VALUES(420167265140, 2, Ablazeolive, 3363, 778054, 1)
INSERT INTO interacts VALUES(420167265140, 2, Flaxxish, 1042, 782677, 1)
INSERT INTO interacts VALUES(420167265140, 2, Solo, 3071, 831768, 1)
INSERT INTO interacts VALUES(420167265140, 2, Solo, 1029, 833414, 1)
INSERT INTO interacts VALUES(420167265140, 2, k0u, 3751, 864102, 1)
INSERT INTO interacts VALUES(420167265140, 2, Flaxxish, 3101, 877397, 1)
INSERT INTO interacts VALUES(420167265140, 2, Flaxxish, 1028, 879099, 1)
INSERT INTO interacts VALUES(420167265140, 2, Stunt, 1001, 890937, 1)
INSERT INTO interacts VALUES(420167265140, 2, Piglet, 2010, 891336, 0)
INSERT INTO interacts VALUES(420167265140, 2, Piglet, 2010, 891459, 0)
INSERT INTO interacts VALUES(420167265140, 2, Stunt, 1028, 892791, 1)
INSERT INTO interacts VALUES(420167265140, 2, Piglet, 1018, 892791, 1)
INSERT INTO interacts VALUES(420167265140, 2, Ken, 3158, 930268, 1)
INSERT INTO interacts VALUES(420167265140, 2, Goldenglue, 1026, 930761, 1)
INSERT INTO interacts VALUES(420167265140, 2, Rikara, 3133, 942555, 1)
INSERT INTO interacts VALUES(420167265140, 2, Rikara, 1028, 943237, 1)
INSERT INTO interacts VALUES(420167265140, 2, Rikara, 3363, 946542, 1)
INSERT INTO interacts VALUES(420167265140, 2, Ken, 3158, 953994, 1)
INSERT INTO interacts VALUES(420167265140, 2, Goldenglue, 2031, 956362, 0)
INSERT INTO interacts VALUES(420167265140, 2, Ken, 3801, 957406, 1)
INSERT INTO interacts VALUES(420167265140, 2, Goldenglue, 3027, 958345, 1)
INSERT INTO interacts VALUES(420167265140, 2, Ken, 2010, 959657, 1)
INSERT INTO interacts VALUES(420167265140, 2, Ablazeolive, 1011, 964596, 1)
INSERT INTO interacts VALUES(420167265140, 2, Ablazeolive, 2010, 964955, 1)
INSERT INTO interacts VALUES(420167265140, 2, Ablazeolive, 2010, 965081, 1)
INSERT INTO interacts VALUES(420167265140, 2, k0u, 1401, 977758, 1)
INSERT INTO interacts VALUES(420167265140, 2, Ken, 2010, 1002639, 1)
INSERT INTO interacts VALUES(420167265140, 2, Stunt, 3158, 1041810, 1)
INSERT INTO interacts VALUES(420167265140, 2, Moon, 1058, 1045283, 1)
INSERT INTO interacts VALUES(420167265140, 2, k0u, 1028, 1045741, 1)
INSERT INTO interacts VALUES(420167265140, 2, Moon, 1028, 1046782, 1)
INSERT INTO interacts VALUES(420167265140, 2, k0u, 2043, 1046882, 1)
INSERT INTO interacts VALUES(420167265140, 2, Moon, 1052, 1047174, 1)
INSERT INTO interacts VALUES(420167265140, 2, Piglet, 3508, 1047274, 1)
INSERT INTO interacts VALUES(420167265140, 2, k0u, 3341, 1048599, 1)
INSERT INTO interacts VALUES(420167265140, 2, k0u, 3364, 1048892, 1)
INSERT INTO interacts VALUES(420167265140, 2, Piglet, 1042, 1050487, 1)
INSERT INTO interacts VALUES(420167265140, 2, Piglet, 3363, 1051529, 1)
INSERT INTO interacts VALUES(420167265140, 2, Piglet, 2043, 1051760, 1)
INSERT INTO interacts VALUES(420167265140, 2, Ablazeolive, 2043, 1054655, 1)
INSERT INTO interacts VALUES(420167265140, 2, Solo, 3047, 1090971, 1)
INSERT INTO interacts VALUES(420167265140, 2, Solo, 3211, 1093444, 1)
INSERT INTO interacts VALUES(420167265140, 2, Flaxxish, 3078, 1101507, 1)
INSERT INTO interacts VALUES(420167265140, 2, Flaxxish, 2043, 1103355, 1)
INSERT INTO interacts VALUES(420167265140, 2, Stunt, 2303, 1131785, 1)
INSERT INTO interacts VALUES(420167265140, 2, Piglet, 3006, 1138300, 1)
INSERT INTO interacts VALUES(420167265140, 2, Piglet, 1042, 1138817, 1)
INSERT INTO interacts VALUES(420167265140, 2, Piglet, 1042, 1138980, 1)
INSERT INTO interacts VALUES(420167265140, 2, Ken, 3105, 1172884, 1)
INSERT INTO interacts VALUES(420167265140, 2, Ken, 2010, 1174174, 1)
INSERT INTO interacts VALUES(420167265140, 2, Rikara, 3071, 1176205, 1)
INSERT INTO interacts VALUES(420167265140, 2, Rikara, 2003, 1177441, 1)
INSERT INTO interacts VALUES(420167265140, 2, k0u, 3211, 1183421, 1)
INSERT INTO interacts VALUES(420167265140, 2, Ken, 2010, 1198121, 1)
INSERT INTO interacts VALUES(420167265140, 2, Ken, 2043, 1200141, 1)
INSERT INTO interacts VALUES(420167265140, 2, Ablazeolive, 1056, 1203673, 0)
INSERT INTO interacts VALUES(420167265140, 2, Ablazeolive, 1058, 1204656, 1)
INSERT INTO interacts VALUES(420167265140, 2, Goldenglue, 1058, 1238267, 1)
INSERT INTO interacts VALUES(420167265140, 2, Goldenglue, 1056, 1239409, 0)
INSERT INTO interacts VALUES(420167265140, 2, Goldenglue, 3003, 1247110, 1)
INSERT INTO interacts VALUES(420167265140, 2, Piglet, 3086, 1264113, 1)
INSERT INTO interacts VALUES(420167265140, 2, Flaxxish, 3111, 1286088, 1)
INSERT INTO interacts VALUES(420167265140, 2, Flaxxish, 1036, 1287325, 1)
INSERT INTO interacts VALUES(420167265140, 2, Flaxxish, 1053, 1332511, 1)
INSERT INTO interacts VALUES(420167265140, 2, k0u, 3067, 1342006, 1)
INSERT INTO interacts VALUES(420167265140, 2, Ken, 3364, 1364520, 1)
INSERT INTO interacts VALUES(420167265140, 2, Ken, 1028, 1365509, 1)
INSERT INTO interacts VALUES(420167265140, 2, Piglet, 3085, 1371554, 1)
INSERT INTO interacts VALUES(420167265140, 2, Stunt, 3105, 1371849, 1)
INSERT INTO interacts VALUES(420167265140, 2, Solo, 2031, 1372364, 0)
INSERT INTO interacts VALUES(420167265140, 2, Goldenglue, 1026, 1372920, 1)
INSERT INTO interacts VALUES(420167265140, 2, Solo, 3082, 1373361, 1)
INSERT INTO interacts VALUES(420167265140, 2, Piglet, 1037, 1373569, 1)
INSERT INTO interacts VALUES(420167265140, 2, Stunt, 1028, 1373569, 1)
INSERT INTO interacts VALUES(420167265140, 2, Stunt, 3364, 1374254, 1)
INSERT INTO interacts VALUES(420167265140, 2, Solo, 1055, 1374405, 0)
INSERT INTO interacts VALUES(420167265140, 2, Stunt, 2043, 1374481, 1)
INSERT INTO interacts VALUES(420167265140, 2, Solo, 1011, 1375700, 1)
INSERT INTO interacts VALUES(420167265140, 2, Moon, 3116, 1377105, 1)
INSERT INTO interacts VALUES(420167265140, 2, Rikara, 3140, 1377778, 1)
INSERT INTO interacts VALUES(420167265140, 2, Moon, 1026, 1380300, 1)
INSERT INTO interacts VALUES(420167265140, 2, Moon, 1052, 1381423, 1)
INSERT INTO interacts VALUES(420167265140, 2, Ablazeolive, 1056, 1387715, 0)
INSERT INTO interacts VALUES(420167265140, 2, Ablazeolive, 1056, 1389996, 0)
INSERT INTO interacts VALUES(420167265140, 2, Ablazeolive, 3116, 1391197, 1)
INSERT INTO interacts VALUES(420167265140, 2, Ablazeolive, 2043, 1392036, 1)
INSERT INTO interacts VALUES(420167265140, 2, Solo, 3143, 1434609, 1)
INSERT INTO interacts VALUES(420167265140, 2, Solo, 2043, 1435645, 1)
INSERT INTO interacts VALUES(420167265140, 2, Ken, 3190, 1467049, 1)
INSERT INTO interacts VALUES(420167265140, 2, Ken, 2043, 1467440, 1)
INSERT INTO interacts VALUES(420167265140, 2, k0u, 3065, 1510136, 1)
INSERT INTO interacts VALUES(420167265140, 2, k0u, 1029, 1511726, 1)
INSERT INTO interacts VALUES(420167265140, 2, Ablazeolive, 1052, 1530274, 1)
INSERT INTO interacts VALUES(420167265140, 2, Ablazeolive, 2043, 1530858, 1)
INSERT INTO interacts VALUES(420167265140, 2, Ablazeolive, 2010, 1531151, 1)
INSERT INTO interacts VALUES(420167265140, 2, Ablazeolive, 2010, 1531351, 1)
INSERT INTO interacts VALUES(420167265140, 2, Goldenglue, 3135, 1531571, 1)
INSERT INTO interacts VALUES(420167265140, 2, Piglet, 1083, 1533655, 0)
INSERT INTO interacts VALUES(420167265140, 2, Goldenglue, 3363, 1534244, 1)
INSERT INTO interacts VALUES(420167265140, 2, Piglet, 1038, 1534695, 1)
INSERT INTO interacts VALUES(420167265140, 2, Solo, 1057, 1535183, 1)
INSERT INTO interacts VALUES(420167265140, 2, Stunt, 3190, 1535798, 1)
INSERT INTO interacts VALUES(420167265140, 2, Stunt, 1029, 1539206, 1)
INSERT INTO interacts VALUES(420167265140, 2, Stunt, 1029, 1539399, 1)
INSERT INTO interacts VALUES(420167265140, 2, Stunt, 2031, 1540318, 0)
INSERT INTO interacts VALUES(420167265140, 2, Stunt, 2043, 1540907, 1)
INSERT INTO interacts VALUES(420167265140, 2, Flaxxish, 3144, 1542198, 1)
INSERT INTO interacts VALUES(420167265140, 2, Rikara, 1053, 1544667, 1)
INSERT INTO interacts VALUES(420167265140, 2, Ken, 2010, 1546087, 1)
INSERT INTO interacts VALUES(420167265140, 2, Moon, 3135, 1552316, 1)
INSERT INTO interacts VALUES(420167265140, 2, Moon, 2043, 1555648, 1)
INSERT INTO interacts VALUES(420167265140, 2, Moon, 3364, 1557700, 1)
INSERT INTO interacts VALUES(420167265140, 2, Flaxxish, 2033, 1584662, 0)
INSERT INTO interacts VALUES(420167265140, 2, Flaxxish, 1043, 1587068, 1)
INSERT INTO interacts VALUES(420167265140, 2, k0u, 1031, 1601574, 1)
INSERT INTO interacts VALUES(420167265140, 2, Stunt, 3024, 1695338, 1)
INSERT INTO interacts VALUES(420167265140, 2, Stunt, 2043, 1695888, 1)
INSERT INTO interacts VALUES(420167265140, 2, Piglet, 3031, 1698393, 1)
INSERT INTO interacts VALUES(420167265140, 2, Piglet, 1033, 1700284, 1)
INSERT INTO interacts VALUES(420167265140, 2, Solo, 3102, 1707202, 1)
INSERT INTO interacts VALUES(420167265140, 2, Solo, 2043, 1708539, 1)
INSERT INTO interacts VALUES(420167265140, 2, Ablazeolive, 1026, 1709108, 1)
INSERT INTO interacts VALUES(420167265140, 2, Ken, 2303, 1711492, 1)
INSERT INTO interacts VALUES(420167265140, 2, Ken, 1029, 1715232, 1)
INSERT INTO interacts VALUES(420167265140, 2, Ken, 2010, 1717247, 1)
INSERT INTO interacts VALUES(420167265140, 2, Moon, 1058, 1718518, 1)
INSERT INTO interacts VALUES(420167265140, 2, Flaxxish, 3153, 1719362, 1)
INSERT INTO interacts VALUES(420167265140, 2, Moon, 2032, 1719687, 0)
INSERT INTO interacts VALUES(420167265140, 2, Moon, 2043, 1720437, 1)
INSERT INTO interacts VALUES(420167265140, 2, Goldenglue, 1057, 1721503, 1)
INSERT INTO interacts VALUES(420167265140, 2, Goldenglue, 1031, 1723819, 1)
INSERT INTO interacts VALUES(420167265140, 2, k0u, 2031, 1737654, 0)
INSERT INTO interacts VALUES(420167265140, 2, k0u, 1033, 1738746, 1)
INSERT INTO interacts VALUES(420167265140, 2, Rikara, 3139, 1760590, 1)
INSERT INTO interacts VALUES(420167265140, 2, Solo, 1031, 1810458, 1)
INSERT INTO interacts VALUES(420167265140, 2, Rikara, 1036, 1848660, 1)
INSERT INTO interacts VALUES(420167265140, 2, Ablazeolive, 3135, 1850355, 1)
INSERT INTO interacts VALUES(420167265140, 2, Flaxxish, 3211, 1852996, 1)
INSERT INTO interacts VALUES(420167265140, 2, Flaxxish, 1028, 1857733, 1)
INSERT INTO matches VALUES(420167265140, 3, 2016-07-12)
INSERT INTO competes VALUES(420167265140, TLA, True)
INSERT INTO competes VALUES(420167265140, NVA, False)
INSERT INTO scores VALUES(TLA, 420167265140, 3, 0, 2, 0, 0, 0, 0)
INSERT INTO scores VALUES(NVA, 420167265140, 3, 4, 11, 0, 1, 3, 1)
INSERT INTO bans VALUES(420167265140, 3, 163, 1)
INSERT INTO bans VALUES(420167265140, 3, 127, 3)
INSERT INTO bans VALUES(420167265140, 3, 13, 5)
INSERT INTO bans VALUES(420167265140, 3, 268, 2)
INSERT INTO bans VALUES(420167265140, 3, 43, 4)
INSERT INTO bans VALUES(420167265140, 3, 8, 6)
INSERT INTO plays VALUES(420167265140, 3, Flaxxish, 41, NONE, 0, 1, 2, 17238, 14, 0, 274, 7, 1, 12137)
INSERT INTO plays VALUES(420167265140, 3, k0u, 421, Jungle, 1, 3, 1, 5562, 18, 5, 40, 71, 7, 8922)
INSERT INTO plays VALUES(420167265140, 3, Ablazeolive, 112, Mid, 2, 6, 0, 10736, 15, 4, 210, 12, 0, 9552)
INSERT INTO plays VALUES(420167265140, 3, Rikara, 236, Top, 1, 1, 1, 6506, 8, 1, 250, 7, 0, 10206)
INSERT INTO plays VALUES(420167265140, 3, Ken, 432, Top, 0, 1, 3, 6998, 35, 11, 15, 0, 0, 6707)
INSERT INTO plays VALUES(420167265140, 3, Solo, 98, NONE, 0, 0, 6, 5402, 15, 1, 211, 5, 1, 10732)
INSERT INTO plays VALUES(420167265140, 3, Moon, 120, Jungle, 2, 0, 8, 8452, 17, 4, 14, 68, 18, 10892)
INSERT INTO plays VALUES(420167265140, 3, Goldenglue, 69, Mid, 8, 1, 1, 15974, 14, 4, 218, 11, 1, 13391)
INSERT INTO plays VALUES(420167265140, 3, Piglet, 15, Top, 2, 2, 7, 14754, 13, 5, 277, 6, 8, 13434)
INSERT INTO plays VALUES(420167265140, 3, Stunt, 267, Top, 0, 1, 8, 5620, 34, 5, 5, 0, 0, 8196)
INSERT INTO interacts VALUES(420167265140, 3, Ablazeolive, 2010, 2006, 1)
INSERT INTO interacts VALUES(420167265140, 3, k0u, 1041, 2077, 1)
INSERT INTO interacts VALUES(420167265140, 3, Piglet, 1055, 2265, 1)
INSERT INTO interacts VALUES(420167265140, 3, Rikara, 1055, 2361, 1)
INSERT INTO interacts VALUES(420167265140, 3, Piglet, 2010, 2490, 1)
INSERT INTO interacts VALUES(420167265140, 3, Piglet, 3340, 2652, 1)
INSERT INTO interacts VALUES(420167265140, 3, Goldenglue, 1056, 2748, 1)
INSERT INTO interacts VALUES(420167265140, 3, Ablazeolive, 1056, 2812, 1)
INSERT INTO interacts VALUES(420167265140, 3, k0u, 2031, 2910, 1)
INSERT INTO interacts VALUES(420167265140, 3, Goldenglue, 2010, 2975, 1)
INSERT INTO interacts VALUES(420167265140, 3, Ablazeolive, 2010, 3040, 1)
INSERT INTO interacts VALUES(420167265140, 3, Ken, 3303, 3073, 1)
INSERT INTO interacts VALUES(420167265140, 3, Goldenglue, 2010, 3112, 1)
INSERT INTO interacts VALUES(420167265140, 3, Rikara, 2003, 3202, 1)
INSERT INTO interacts VALUES(420167265140, 3, Ken, 2010, 3331, 1)
INSERT INTO interacts VALUES(420167265140, 3, Rikara, 3340, 3429, 1)
INSERT INTO interacts VALUES(420167265140, 3, Goldenglue, 3340, 3429, 1)
INSERT INTO interacts VALUES(420167265140, 3, k0u, 3340, 3463, 1)
INSERT INTO interacts VALUES(420167265140, 3, Ken, 2010, 3463, 1)
INSERT INTO interacts VALUES(420167265140, 3, Ablazeolive, 3340, 3631, 1)
INSERT INTO interacts VALUES(420167265140, 3, Ken, 2010, 3631, 1)
INSERT INTO interacts VALUES(420167265140, 3, Solo, 1054, 3850, 1)
INSERT INTO interacts VALUES(420167265140, 3, Ken, 3340, 3947, 1)
INSERT INTO interacts VALUES(420167265140, 3, Solo, 2003, 4045, 1)
INSERT INTO interacts VALUES(420167265140, 3, Solo, 3340, 4274, 1)
INSERT INTO interacts VALUES(420167265140, 3, Moon, 1039, 4306, 1)
INSERT INTO interacts VALUES(420167265140, 3, Stunt, 3303, 4793, 1)
INSERT INTO interacts VALUES(420167265140, 3, Moon, 2031, 5278, 1)
INSERT INTO interacts VALUES(420167265140, 3, Stunt, 2010, 5278, 1)
INSERT INTO interacts VALUES(420167265140, 3, Stunt, 3340, 5538, 1)
INSERT INTO interacts VALUES(420167265140, 3, Moon, 3340, 5833, 1)
INSERT INTO interacts VALUES(420167265140, 3, Stunt, 2010, 6384, 1)
INSERT INTO interacts VALUES(420167265140, 3, Stunt, 2010, 6514, 1)
INSERT INTO interacts VALUES(420167265140, 3, Flaxxish, 2033, 7619, 1)
INSERT INTO interacts VALUES(420167265140, 3, Flaxxish, 3341, 8204, 1)
INSERT INTO interacts VALUES(420167265140, 3, Flaxxish, 3340, 9609, 1)
INSERT INTO interacts VALUES(420167265140, 3, Ablazeolive, 1056, 256236, 1)
INSERT INTO interacts VALUES(420167265140, 3, Flaxxish, 1027, 256401, 1)
INSERT INTO interacts VALUES(420167265140, 3, Flaxxish, 1001, 258281, 1)
INSERT INTO interacts VALUES(420167265140, 3, Ablazeolive, 2043, 259939, 1)
INSERT INTO interacts VALUES(420167265140, 3, Moon, 3706, 260168, 1)
INSERT INTO interacts VALUES(420167265140, 3, Ablazeolive, 2010, 260230, 1)
INSERT INTO interacts VALUES(420167265140, 3, Ablazeolive, 2010, 260360, 1)
INSERT INTO interacts VALUES(420167265140, 3, Ablazeolive, 2010, 260459, 1)
INSERT INTO interacts VALUES(420167265140, 3, Moon, 2043, 261201, 1)
INSERT INTO interacts VALUES(420167265140, 3, Goldenglue, 3070, 303338, 1)
INSERT INTO interacts VALUES(420167265140, 3, Goldenglue, 2031, 305642, 1)
INSERT INTO interacts VALUES(420167265140, 3, Goldenglue, 2043, 306585, 1)
INSERT INTO interacts VALUES(420167265140, 3, Ablazeolive, 1001, 390448, 1)
INSERT INTO interacts VALUES(420167265140, 3, Ablazeolive, 2043, 399352, 1)
INSERT INTO interacts VALUES(420167265140, 3, Goldenglue, 3802, 416606, 1)
INSERT INTO interacts VALUES(420167265140, 3, Goldenglue, 2043, 417872, 1)
INSERT INTO interacts VALUES(420167265140, 3, Flaxxish, 3057, 424308, 1)
INSERT INTO interacts VALUES(420167265140, 3, Flaxxish, 2043, 426139, 1)
INSERT INTO interacts VALUES(420167265140, 3, Rikara, 1038, 437206, 1)
INSERT INTO interacts VALUES(420167265140, 3, Rikara, 1001, 437727, 1)
INSERT INTO interacts VALUES(420167265140, 3, Rikara, 2003, 438670, 1)
INSERT INTO interacts VALUES(420167265140, 3, Moon, 3047, 440788, 1)
INSERT INTO interacts VALUES(420167265140, 3, Ken, 2049, 446273, 1)
INSERT INTO interacts VALUES(420167265140, 3, Ken, 2043, 447179, 1)
INSERT INTO interacts VALUES(420167265140, 3, Ken, 2010, 447438, 1)
INSERT INTO interacts VALUES(420167265140, 3, Ken, 2010, 447602, 1)
INSERT INTO interacts VALUES(420167265140, 3, Ken, 3341, 448023, 1)
INSERT INTO interacts VALUES(420167265140, 3, Piglet, 1038, 456263, 1)
INSERT INTO interacts VALUES(420167265140, 3, Piglet, 1001, 456782, 1)
INSERT INTO interacts VALUES(420167265140, 3, Piglet, 1042, 458492, 1)
INSERT INTO interacts VALUES(420167265140, 3, k0u, 3706, 460481, 1)
INSERT INTO interacts VALUES(420167265140, 3, Piglet, 2010, 460611, 1)
INSERT INTO interacts VALUES(420167265140, 3, Piglet, 2010, 460966, 1)
INSERT INTO interacts VALUES(420167265140, 3, k0u, 3111, 462562, 1)
INSERT INTO interacts VALUES(420167265140, 3, Stunt, 2049, 462952, 1)
INSERT INTO interacts VALUES(420167265140, 3, Piglet, 2010, 463301, 1)
INSERT INTO interacts VALUES(420167265140, 3, k0u, 1028, 464254, 1)
INSERT INTO interacts VALUES(420167265140, 3, Stunt, 3341, 464975, 1)
INSERT INTO interacts VALUES(420167265140, 3, Stunt, 2043, 466688, 1)
INSERT INTO interacts VALUES(420167265140, 3, Stunt, 1004, 467923, 1)
INSERT INTO interacts VALUES(420167265140, 3, Solo, 3751, 506220, 1)
INSERT INTO interacts VALUES(420167265140, 3, Solo, 1031, 506485, 1)
INSERT INTO interacts VALUES(420167265140, 3, Solo, 1001, 507561, 1)
INSERT INTO interacts VALUES(420167265140, 3, Ablazeolive, 2043, 522211, 0)
INSERT INTO interacts VALUES(420167265140, 3, Ablazeolive, 3196, 523673, 1)
INSERT INTO interacts VALUES(420167265140, 3, Flaxxish, 3158, 556685, 1)
INSERT INTO interacts VALUES(420167265140, 3, Flaxxish, 1036, 558439, 1)
INSERT INTO interacts VALUES(420167265140, 3, Moon, 1028, 582694, 1)
INSERT INTO interacts VALUES(420167265140, 3, Moon, 2032, 583114, 1)
INSERT INTO interacts VALUES(420167265140, 3, Moon, 2043, 583977, 1)
INSERT INTO interacts VALUES(420167265140, 3, Goldenglue, 3108, 603522, 1)
INSERT INTO interacts VALUES(420167265140, 3, Goldenglue, 1052, 603816, 1)
INSERT INTO interacts VALUES(420167265140, 3, Piglet, 1037, 637179, 1)
INSERT INTO interacts VALUES(420167265140, 3, Stunt, 1001, 642585, 1)
INSERT INTO interacts VALUES(420167265140, 3, Stunt, 2043, 643755, 1)
INSERT INTO interacts VALUES(420167265140, 3, Stunt, 2010, 644376, 1)
INSERT INTO interacts VALUES(420167265140, 3, k0u, 3706, 648008, 1)
INSERT INTO interacts VALUES(420167265140, 3, k0u, 2043, 648885, 1)
INSERT INTO interacts VALUES(420167265140, 3, Rikara, 3133, 664085, 1)
INSERT INTO interacts VALUES(420167265140, 3, Ken, 1001, 664538, 1)
INSERT INTO interacts VALUES(420167265140, 3, Rikara, 1042, 667076, 1)
INSERT INTO interacts VALUES(420167265140, 3, Ken, 2043, 668181, 1)
INSERT INTO interacts VALUES(420167265140, 3, Flaxxish, 1028, 696952, 1)
INSERT INTO interacts VALUES(420167265140, 3, Flaxxish, 1042, 698482, 1)
INSERT INTO interacts VALUES(420167265140, 3, Solo, 3068, 707067, 1)
INSERT INTO interacts VALUES(420167265140, 3, Solo, 2043, 708984, 1)
INSERT INTO interacts VALUES(420167265140, 3, Solo, 2003, 709563, 1)
INSERT INTO interacts VALUES(420167265140, 3, Solo, 1029, 821684, 1)
INSERT INTO interacts VALUES(420167265140, 3, Stunt, 3158, 823538, 1)
INSERT INTO interacts VALUES(420167265140, 3, Piglet, 1018, 844441, 1)
INSERT INTO interacts VALUES(420167265140, 3, Moon, 1401, 852275, 1)
INSERT INTO interacts VALUES(420167265140, 3, Moon, 2043, 853317, 1)
INSERT INTO interacts VALUES(420167265140, 3, Piglet, 3006, 861669, 1)
INSERT INTO interacts VALUES(420167265140, 3, Piglet, 2010, 862124, 1)
INSERT INTO interacts VALUES(420167265140, 3, Goldenglue, 3165, 869968, 1)
INSERT INTO interacts VALUES(420167265140, 3, Ablazeolive, 3197, 871240, 1)
INSERT INTO interacts VALUES(420167265140, 3, Ablazeolive, 3158, 873188, 1)
INSERT INTO interacts VALUES(420167265140, 3, Ablazeolive, 2043, 873563, 1)
INSERT INTO interacts VALUES(420167265140, 3, Ablazeolive, 2010, 873842, 1)
INSERT INTO interacts VALUES(420167265140, 3, Ablazeolive, 2010, 873970, 1)
INSERT INTO interacts VALUES(420167265140, 3, Goldenglue, 3363, 879373, 1)
INSERT INTO interacts VALUES(420167265140, 3, Rikara, 3508, 881329, 1)
INSERT INTO interacts VALUES(420167265140, 3, Rikara, 2003, 882760, 1)
INSERT INTO interacts VALUES(420167265140, 3, Goldenglue, 1058, 884550, 1)
INSERT INTO interacts VALUES(420167265140, 3, Rikara, 3363, 886865, 1)
INSERT INTO interacts VALUES(420167265140, 3, k0u, 1401, 900118, 1)
INSERT INTO interacts VALUES(420167265140, 3, Ken, 2301, 900261, 1)
INSERT INTO interacts VALUES(420167265140, 3, Ken, 2031, 901784, 1)
INSERT INTO interacts VALUES(420167265140, 3, k0u, 2049, 903316, 1)
INSERT INTO interacts VALUES(420167265140, 3, k0u, 3751, 906211, 1)
INSERT INTO interacts VALUES(420167265140, 3, Piglet, 3363, 934572, 1)
INSERT INTO interacts VALUES(420167265140, 3, Flaxxish, 3078, 944729, 1)
INSERT INTO interacts VALUES(420167265140, 3, Rikara, 3006, 946289, 1)
INSERT INTO interacts VALUES(420167265140, 3, Flaxxish, 2043, 948917, 1)
INSERT INTO interacts VALUES(420167265140, 3, Rikara, 2003, 949581, 1)
INSERT INTO interacts VALUES(420167265140, 3, Piglet, 3031, 964023, 1)
INSERT INTO interacts VALUES(420167265140, 3, Piglet, 2010, 965006, 1)
INSERT INTO interacts VALUES(420167265140, 3, k0u, 3364, 969882, 1)
INSERT INTO interacts VALUES(420167265140, 3, Stunt, 3098, 979828, 1)
INSERT INTO interacts VALUES(420167265140, 3, Stunt, 2301, 989382, 1)
INSERT INTO interacts VALUES(420167265140, 3, Solo, 3047, 997492, 1)
INSERT INTO interacts VALUES(420167265140, 3, Solo, 1028, 999000, 1)
INSERT INTO interacts VALUES(420167265140, 3, Solo, 2043, 1000352, 1)
INSERT INTO interacts VALUES(420167265140, 3, Moon, 3044, 1034188, 1)
INSERT INTO interacts VALUES(420167265140, 3, k0u, 1401, 1057904, 1)
INSERT INTO interacts VALUES(420167265140, 3, k0u, 1028, 1059204, 1)
INSERT INTO interacts VALUES(420167265140, 3, Flaxxish, 1038, 1084535, 1)
INSERT INTO interacts VALUES(420167265140, 3, Flaxxish, 3902, 1086436, 1)
INSERT INTO interacts VALUES(420167265140, 3, Ken, 3158, 1086451, 1)
INSERT INTO interacts VALUES(420167265140, 3, Ken, 2043, 1087392, 1)
INSERT INTO interacts VALUES(420167265140, 3, Ablazeolive, 1052, 1088339, 1)
INSERT INTO interacts VALUES(420167265140, 3, Ablazeolive, 2010, 1089303, 0)
INSERT INTO interacts VALUES(420167265140, 3, Ablazeolive, 2043, 1090744, 1)
INSERT INTO interacts VALUES(420167265140, 3, Ablazeolive, 3198, 1092860, 1)
INSERT INTO interacts VALUES(420167265140, 3, Goldenglue, 3116, 1105623, 1)
INSERT INTO interacts VALUES(420167265140, 3, Goldenglue, 2043, 1106403, 1)
INSERT INTO interacts VALUES(420167265140, 3, Stunt, 1028, 1109823, 1)
INSERT INTO interacts VALUES(420167265140, 3, Stunt, 3364, 1110229, 1)
INSERT INTO interacts VALUES(420167265140, 3, Stunt, 2043, 1113673, 1)
INSERT INTO interacts VALUES(420167265140, 3, Piglet, 2015, 1114551, 1)
INSERT INTO interacts VALUES(420167265140, 3, Piglet, 1051, 1115457, 1)
INSERT INTO interacts VALUES(420167265140, 3, Solo, 3211, 1118344, 1)
INSERT INTO interacts VALUES(420167265140, 3, Solo, 1029, 1123029, 1)
INSERT INTO interacts VALUES(420167265140, 3, Rikara, 3086, 1183532, 1)
INSERT INTO interacts VALUES(420167265140, 3, Rikara, 2043, 1184720, 1)
INSERT INTO interacts VALUES(420167265140, 3, k0u, 3052, 1203424, 1)
INSERT INTO interacts VALUES(420167265140, 3, Stunt, 1033, 1224061, 1)
INSERT INTO interacts VALUES(420167265140, 3, Stunt, 2043, 1224877, 1)
INSERT INTO interacts VALUES(420167265140, 3, Moon, 3101, 1233223, 1)
INSERT INTO interacts VALUES(420167265140, 3, Moon, 2043, 1235565, 1)
INSERT INTO interacts VALUES(420167265140, 3, Solo, 3082, 1240694, 1)
INSERT INTO interacts VALUES(420167265140, 3, Flaxxish, 1037, 1263718, 1)
INSERT INTO interacts VALUES(420167265140, 3, Ablazeolive, 1056, 1294857, 0)
INSERT INTO interacts VALUES(420167265140, 3, Ablazeolive, 1058, 1296369, 1)
INSERT INTO interacts VALUES(420167265140, 3, Rikara, 2003, 1299802, 0)
INSERT INTO interacts VALUES(420167265140, 3, Rikara, 1042, 1300849, 1)
INSERT INTO interacts VALUES(420167265140, 3, Rikara, 1042, 1300992, 1)
INSERT INTO interacts VALUES(420167265140, 3, Ken, 3801, 1319181, 1)
INSERT INTO interacts VALUES(420167265140, 3, Stunt, 3105, 1335704, 1)
INSERT INTO interacts VALUES(420167265140, 3, Stunt, 1004, 1338764, 1)
INSERT INTO interacts VALUES(420167265140, 3, Stunt, 2043, 1339720, 1)
INSERT INTO interacts VALUES(420167265140, 3, Piglet, 3087, 1352651, 1)
INSERT INTO interacts VALUES(420167265140, 3, Piglet, 1036, 1353461, 1)
INSERT INTO interacts VALUES(420167265140, 3, Piglet, 1036, 1353658, 1)
INSERT INTO interacts VALUES(420167265140, 3, Goldenglue, 2031, 1354793, 0)
INSERT INTO interacts VALUES(420167265140, 3, Goldenglue, 3003, 1356357, 1)
INSERT INTO interacts VALUES(420167265140, 3, Moon, 3057, 1359283, 1)
INSERT INTO interacts VALUES(420167265140, 3, Solo, 1011, 1360287, 1)
INSERT INTO interacts VALUES(420167265140, 3, Flaxxish, 3031, 1380319, 1)
INSERT INTO interacts VALUES(420167265140, 3, Ablazeolive, 1011, 1408948, 1)
INSERT INTO interacts VALUES(420167265140, 3, Rikara, 3046, 1428857, 1)
INSERT INTO interacts VALUES(420167265140, 3, Ken, 1033, 1430015, 1)
INSERT INTO interacts VALUES(420167265140, 3, Stunt, 3067, 1433966, 1)
INSERT INTO interacts VALUES(420167265140, 3, Ken, 3364, 1444441, 1)
INSERT INTO interacts VALUES(420167265140, 3, Flaxxish, 1051, 1449881, 1)
INSERT INTO interacts VALUES(420167265140, 3, k0u, 3077, 1499039, 1)
INSERT INTO interacts VALUES(420167265140, 3, Rikara, 1033, 1519191, 1)
INSERT INTO interacts VALUES(420167265140, 3, Rikara, 1036, 1520039, 1)
INSERT INTO interacts VALUES(420167265140, 3, Piglet, 1036, 1524453, 0)
INSERT INTO interacts VALUES(420167265140, 3, Piglet, 1038, 1525268, 1)
INSERT INTO interacts VALUES(420167265140, 3, Solo, 3143, 1525268, 1)
INSERT INTO interacts VALUES(420167265140, 3, Solo, 1028, 1526015, 1)
INSERT INTO interacts VALUES(420167265140, 3, Piglet, 1053, 1526244, 1)
INSERT INTO interacts VALUES(420167265140, 3, Moon, 3078, 1526861, 1)
INSERT INTO interacts VALUES(420167265140, 3, Flaxxish, 3901, 1526861, 1)
INSERT INTO interacts VALUES(420167265140, 3, Goldenglue, 1026, 1527022, 1)
INSERT INTO interacts VALUES(420167265140, 3, Piglet, 1055, 1527646, 0)
INSERT INTO interacts VALUES(420167265140, 3, Ken, 3105, 1527907, 1)
INSERT INTO interacts VALUES(420167265140, 3, Flaxxish, 1042, 1529176, 1)
INSERT INTO interacts VALUES(420167265140, 3, Ken, 2043, 1529669, 1)
INSERT INTO interacts VALUES(420167265140, 3, Piglet, 1037, 1530579, 1)
INSERT INTO interacts VALUES(420167265140, 3, Moon, 1057, 1532216, 1)
INSERT INTO interacts VALUES(420167265140, 3, Stunt, 3190, 1533649, 1)
INSERT INTO interacts VALUES(420167265140, 3, Moon, 2032, 1534622, 0)
INSERT INTO interacts VALUES(420167265140, 3, Moon, 1031, 1535079, 1)
INSERT INTO interacts VALUES(420167265140, 3, Moon, 2043, 1535893, 1)
INSERT INTO interacts VALUES(420167265140, 3, Goldenglue, 2139, 1538205, 1)
INSERT INTO interacts VALUES(420167265140, 3, Stunt, 1052, 1538921, 1)
INSERT INTO interacts VALUES(420167265140, 3, Ablazeolive, 3116, 1548660, 1)
INSERT INTO interacts VALUES(420167265140, 3, Ablazeolive, 2043, 1550450, 1)
INSERT INTO interacts VALUES(420167265140, 3, Flaxxish, 3086, 1576223, 1)
INSERT INTO interacts VALUES(420167265140, 3, Ken, 1028, 1600392, 1)
INSERT INTO interacts VALUES(420167265140, 3, Rikara, 2140, 1620364, 1)
INSERT INTO interacts VALUES(420167265140, 3, Ken, 3067, 1622219, 1)
INSERT INTO interacts VALUES(420167265140, 3, Ablazeolive, 1052, 1623265, 1)
INSERT INTO interacts VALUES(420167265140, 3, Stunt, 3114, 1644171, 1)
INSERT INTO interacts VALUES(420167265140, 3, Ablazeolive, 2043, 1646868, 1)
INSERT INTO interacts VALUES(420167265140, 3, Goldenglue, 1056, 1647324, 0)
INSERT INTO interacts VALUES(420167265140, 3, Goldenglue, 2139, 1647842, 1)
INSERT INTO interacts VALUES(420167265140, 3, Ablazeolive, 3363, 1652960, 1)
INSERT INTO interacts VALUES(420167265140, 3, Ken, 3190, 1654103, 1)
INSERT INTO interacts VALUES(420167265140, 3, Solo, 3067, 1670237, 1)
INSERT INTO interacts VALUES(420167265140, 3, k0u, 3748, 1671706, 1)
INSERT INTO interacts VALUES(420167265140, 3, Flaxxish, 3087, 1679583, 1)
INSERT INTO interacts VALUES(420167265140, 3, Piglet, 3072, 1686384, 1)
INSERT INTO interacts VALUES(420167265140, 3, Piglet, 2043, 1686643, 1)
INSERT INTO interacts VALUES(420167265140, 3, Moon, 3026, 1691179, 1)
INSERT INTO interacts VALUES(420167265140, 3, Ken, 2043, 1704630, 1)
INSERT INTO interacts VALUES(420167265140, 3, Flaxxish, 2140, 1730837, 1)
INSERT INTO interacts VALUES(420167265140, 3, Rikara, 3140, 1735629, 1)
INSERT INTO series VALUES(
                    Game 1 of 5
                  )
INSERT INTO organizes VALUES(420167265140)
INSERT INTO matches VALUES(632518539206, 1, 2016-07-13)
INSERT INTO competes VALUES(632518539206, C9C, True)
INSERT INTO competes VALUES(632518539206, DT, False)
INSERT INTO scores VALUES(C9C, 632518539206, 1, 1, 10, 1, 1, 4, 1)
INSERT INTO scores VALUES(DT, 632518539206, 1, 0, 4, 0, 0, 0, 0)
INSERT INTO bans VALUES(632518539206, 1, 268, 1)
INSERT INTO bans VALUES(632518539206, 1, 69, 3)
INSERT INTO bans VALUES(632518539206, 1, 26, 5)
INSERT INTO bans VALUES(632518539206, 1, 421, 2)
INSERT INTO bans VALUES(632518539206, 1, 13, 4)
INSERT INTO bans VALUES(632518539206, 1, 8, 6)
INSERT INTO plays VALUES(632518539206, 1, Balls, 98, Jungle, 2, 1, 11, 5759, 15, 2, 174, 9, 3, 11959)
INSERT INTO players VALUES(Contractz)
INSERT INTO registers VALUES(Contractz, C9C, date('1970-01-01'))
INSERT INTO plays VALUES(632518539206, 1, Contractz, 104, Jungle, 4, 4, 3, 12888, 22, 7, 36, 68, 33, 11885)
INSERT INTO plays VALUES(632518539206, 1, Hai, 112, Mid, 6, 1, 8, 37746, 14, 9, 209, 4, 7, 13031)
INSERT INTO plays VALUES(632518539206, 1, Altec, 15, Jungle, 4, 1, 4, 15273, 13, 8, 284, 13, 7, 14884)
INSERT INTO plays VALUES(632518539206, 1, LemonNation, 43, Jungle, 0, 2, 10, 6400, 39, 11, 15, 0, 0, 8436)
INSERT INTO plays VALUES(632518539206, 1, Chorong, 150, Jungle, 0, 4, 5, 6366, 17, 7, 195, 4, 6, 10572)
INSERT INTO plays VALUES(632518539206, 1, Akaadian, 76, Jungle, 3, 4, 4, 7691, 26, 13, 30, 76, 26, 10659)
INSERT INTO plays VALUES(632518539206, 1, Pekin Woof, 163, Mid, 3, 4, 3, 15541, 14, 9, 261, 1, 1, 11245)
INSERT INTO plays VALUES(632518539206, 1, Massacre, 236, Jungle, 3, 1, 4, 9534, 14, 11, 264, 8, 0, 12077)
INSERT INTO players VALUES(Norskeren)
INSERT INTO registers VALUES(Norskeren, DT, date('1970-01-01'))
INSERT INTO plays VALUES(632518539206, 1, Norskeren, 201, Jungle, 0, 4, 6, 3358, 35, 7, 46, 0, 0, 7412)
INSERT INTO interacts VALUES(632518539206, 1, Altec, 3340, 1597, 1)
INSERT INTO interacts VALUES(632518539206, 1, Hai, 3340, 1831, 1)
INSERT INTO interacts VALUES(632518539206, 1, Pekin Woof, 1056, 1831, 1)
INSERT INTO interacts VALUES(632518539206, 1, Altec, 1055, 1857, 1)
INSERT INTO interacts VALUES(632518539206, 1, Norskeren, 3302, 1953, 1)
INSERT INTO interacts VALUES(632518539206, 1, Contractz, 3340, 1986, 1)
INSERT INTO interacts VALUES(632518539206, 1, Balls, 1054, 1986, 1)
INSERT INTO interacts VALUES(632518539206, 1, Altec, 2010, 2090, 1)
INSERT INTO interacts VALUES(632518539206, 1, Pekin Woof, 2010, 2181, 1)
INSERT INTO interacts VALUES(632518539206, 1, Norskeren, 2010, 2213, 1)
INSERT INTO interacts VALUES(632518539206, 1, Balls, 2003, 2246, 1)
INSERT INTO interacts VALUES(632518539206, 1, Pekin Woof, 2010, 2310, 1)
INSERT INTO interacts VALUES(632518539206, 1, Contractz, 1041, 2310, 1)
INSERT INTO interacts VALUES(632518539206, 1, LemonNation, 3340, 2352, 1)
INSERT INTO interacts VALUES(632518539206, 1, Massacre, 1055, 2352, 1)
INSERT INTO interacts VALUES(632518539206, 1, Balls, 3340, 2472, 1)
INSERT INTO interacts VALUES(632518539206, 1, Hai, 1056, 2472, 1)
INSERT INTO interacts VALUES(632518539206, 1, Norskeren, 2010, 2536, 1)
INSERT INTO interacts VALUES(632518539206, 1, Pekin Woof, 3340, 2536, 1)
INSERT INTO interacts VALUES(632518539206, 1, Norskeren, 2010, 2666, 1)
INSERT INTO interacts VALUES(632518539206, 1, LemonNation, 3303, 2700, 1)
INSERT INTO interacts VALUES(632518539206, 1, Hai, 2010, 2731, 1)
INSERT INTO interacts VALUES(632518539206, 1, Massacre, 3340, 2731, 1)
INSERT INTO interacts VALUES(632518539206, 1, Akaadian, 1039, 2893, 1)
INSERT INTO interacts VALUES(632518539206, 1, LemonNation, 2010, 3056, 1)
INSERT INTO interacts VALUES(632518539206, 1, Hai, 2010, 3056, 1)
INSERT INTO interacts VALUES(632518539206, 1, Norskeren, 3340, 3089, 1)
INSERT INTO interacts VALUES(632518539206, 1, Contractz, 2031, 3153, 1)
INSERT INTO interacts VALUES(632518539206, 1, Massacre, 2010, 3186, 1)
INSERT INTO interacts VALUES(632518539206, 1, LemonNation, 2010, 3218, 1)
INSERT INTO interacts VALUES(632518539206, 1, LemonNation, 2010, 3387, 1)
INSERT INTO interacts VALUES(632518539206, 1, Akaadian, 2031, 3929, 1)
INSERT INTO interacts VALUES(632518539206, 1, Chorong, 3340, 4164, 1)
INSERT INTO interacts VALUES(632518539206, 1, Akaadian, 3340, 4771, 1)
INSERT INTO interacts VALUES(632518539206, 1, Chorong, 2003, 5030, 1)
INSERT INTO interacts VALUES(632518539206, 1, Chorong, 1055, 5385, 1)
INSERT INTO interacts VALUES(632518539206, 1, Akaadian, 2043, 134964, 1)
INSERT INTO interacts VALUES(632518539206, 1, Chorong, 2043, 140554, 1)
INSERT INTO interacts VALUES(632518539206, 1, Altec, 1083, 205689, 1)
INSERT INTO interacts VALUES(632518539206, 1, Altec, 2043, 206499, 1)
INSERT INTO interacts VALUES(632518539206, 1, Altec, 2010, 208965, 1)
INSERT INTO interacts VALUES(632518539206, 1, LemonNation, 1028, 210917, 1)
INSERT INTO interacts VALUES(632518539206, 1, Pekin Woof, 1056, 215753, 1)
INSERT INTO interacts VALUES(632518539206, 1, Pekin Woof, 2043, 216339, 1)
INSERT INTO interacts VALUES(632518539206, 1, Pekin Woof, 2010, 216565, 1)
INSERT INTO interacts VALUES(632518539206, 1, Pekin Woof, 2010, 216727, 1)
INSERT INTO interacts VALUES(632518539206, 1, Pekin Woof, 2010, 221341, 1)
INSERT INTO interacts VALUES(632518539206, 1, Norskeren, 1028, 228489, 1)
INSERT INTO interacts VALUES(632518539206, 1, Massacre, 1083, 229459, 1)
INSERT INTO interacts VALUES(632518539206, 1, Massacre, 1001, 233196, 1)
INSERT INTO interacts VALUES(632518539206, 1, Chorong, 1036, 265604, 1)
INSERT INTO interacts VALUES(632518539206, 1, Chorong, 1036, 265734, 1)
INSERT INTO interacts VALUES(632518539206, 1, Hai, 3196, 271094, 1)
INSERT INTO interacts VALUES(632518539206, 1, Pekin Woof, 1001, 299602, 1)
INSERT INTO interacts VALUES(632518539206, 1, Pekin Woof, 2043, 300889, 1)
INSERT INTO interacts VALUES(632518539206, 1, Norskeren, 3341, 341138, 1)
INSERT INTO interacts VALUES(632518539206, 1, Norskeren, 2049, 342791, 1)
INSERT INTO interacts VALUES(632518539206, 1, Massacre, 1036, 342826, 1)
INSERT INTO interacts VALUES(632518539206, 1, Massacre, 1036, 344411, 1)
INSERT INTO interacts VALUES(632518539206, 1, Altec, 1001, 358221, 1)
INSERT INTO interacts VALUES(632518539206, 1, Altec, 1042, 358967, 1)
INSERT INTO interacts VALUES(632518539206, 1, Contractz, 3006, 359327, 1)
INSERT INTO interacts VALUES(632518539206, 1, Contractz, 2043, 360141, 1)
INSERT INTO interacts VALUES(632518539206, 1, LemonNation, 2049, 360357, 1)
INSERT INTO interacts VALUES(632518539206, 1, LemonNation, 3341, 360663, 1)
INSERT INTO interacts VALUES(632518539206, 1, LemonNation, 2043, 361301, 1)
INSERT INTO interacts VALUES(632518539206, 1, Altec, 2043, 362079, 1)
INSERT INTO interacts VALUES(632518539206, 1, Akaadian, 3711, 389528, 1)
INSERT INTO interacts VALUES(632518539206, 1, Akaadian, 3113, 390285, 1)
INSERT INTO interacts VALUES(632518539206, 1, Akaadian, 2043, 391084, 1)
INSERT INTO interacts VALUES(632518539206, 1, Balls, 3751, 398998, 1)
INSERT INTO interacts VALUES(632518539206, 1, Balls, 1029, 400300, 1)
INSERT INTO interacts VALUES(632518539206, 1, Balls, 1001, 403978, 1)
INSERT INTO interacts VALUES(632518539206, 1, Balls, 2043, 406643, 1)
INSERT INTO interacts VALUES(632518539206, 1, Chorong, 3052, 407609, 1)
INSERT INTO interacts VALUES(632518539206, 1, Hai, 3197, 482253, 1)
INSERT INTO interacts VALUES(632518539206, 1, Hai, 2043, 483552, 1)
INSERT INTO interacts VALUES(632518539206, 1, Hai, 2010, 483781, 1)
INSERT INTO interacts VALUES(632518539206, 1, Hai, 2010, 483975, 1)
INSERT INTO interacts VALUES(632518539206, 1, Hai, 2010, 487577, 1)
INSERT INTO interacts VALUES(632518539206, 1, Pekin Woof, 3108, 489784, 1)
INSERT INTO interacts VALUES(632518539206, 1, Pekin Woof, 1052, 491243, 1)
INSERT INTO interacts VALUES(632518539206, 1, Pekin Woof, 2010, 491828, 1)
INSERT INTO interacts VALUES(632518539206, 1, Chorong, 1001, 492346, 1)
INSERT INTO interacts VALUES(632518539206, 1, Chorong, 2043, 492965, 1)
INSERT INTO interacts VALUES(632518539206, 1, Massacre, 3006, 508325, 1)
INSERT INTO interacts VALUES(632518539206, 1, Norskeren, 3097, 509984, 1)
INSERT INTO interacts VALUES(632518539206, 1, Massacre, 3133, 510633, 1)
INSERT INTO interacts VALUES(632518539206, 1, Massacre, 2043, 511157, 1)
INSERT INTO interacts VALUES(632518539206, 1, LemonNation, 1001, 511653, 1)
INSERT INTO interacts VALUES(632518539206, 1, LemonNation, 2043, 512715, 1)
INSERT INTO interacts VALUES(632518539206, 1, Altec, 2010, 514019, 0)
INSERT INTO interacts VALUES(632518539206, 1, Altec, 2010, 514147, 0)
INSERT INTO interacts VALUES(632518539206, 1, Norskeren, 1001, 514605, 1)
INSERT INTO interacts VALUES(632518539206, 1, Altec, 1038, 515588, 1)
INSERT INTO interacts VALUES(632518539206, 1, Contractz, 3711, 522320, 1)
INSERT INTO interacts VALUES(632518539206, 1, Contractz, 1036, 523208, 1)
INSERT INTO interacts VALUES(632518539206, 1, Balls, 3047, 544957, 1)
INSERT INTO interacts VALUES(632518539206, 1, Balls, 2003, 545930, 1)
INSERT INTO interacts VALUES(632518539206, 1, Balls, 2003, 546093, 1)
INSERT INTO interacts VALUES(632518539206, 1, Akaadian, 1410, 588495, 1)
INSERT INTO interacts VALUES(632518539206, 1, Akaadian, 1001, 591486, 1)
INSERT INTO interacts VALUES(632518539206, 1, Akaadian, 2032, 592794, 1)
INSERT INTO interacts VALUES(632518539206, 1, LemonNation, 3158, 673351, 1)
INSERT INTO interacts VALUES(632518539206, 1, Norskeren, 2043, 679997, 1)
INSERT INTO interacts VALUES(632518539206, 1, Norskeren, 1028, 680483, 1)
INSERT INTO interacts VALUES(632518539206, 1, Hai, 1058, 683347, 1)
INSERT INTO interacts VALUES(632518539206, 1, Hai, 3363, 685144, 1)
INSERT INTO interacts VALUES(632518539206, 1, Pekin Woof, 3020, 689058, 1)
INSERT INTO interacts VALUES(632518539206, 1, Altec, 3006, 690876, 1)
INSERT INTO interacts VALUES(632518539206, 1, Pekin Woof, 2010, 691036, 1)
INSERT INTO interacts VALUES(632518539206, 1, Pekin Woof, 2010, 691169, 1)
INSERT INTO interacts VALUES(632518539206, 1, Pekin Woof, 3363, 692207, 1)
INSERT INTO interacts VALUES(632518539206, 1, Altec, 1018, 692894, 1)
INSERT INTO interacts VALUES(632518539206, 1, Chorong, 1028, 722864, 1)
INSERT INTO interacts VALUES(632518539206, 1, Chorong, 1037, 723059, 1)
INSERT INTO interacts VALUES(632518539206, 1, Norskeren, 2010, 768620, 1)
INSERT INTO interacts VALUES(632518539206, 1, Norskeren, 2043, 768998, 1)
INSERT INTO interacts VALUES(632518539206, 1, Massacre, 3134, 772412, 1)
INSERT INTO interacts VALUES(632518539206, 1, Altec, 2043, 776166, 0)
INSERT INTO interacts VALUES(632518539206, 1, Contractz, 3133, 776380, 1)
INSERT INTO interacts VALUES(632518539206, 1, Altec, 1036, 778391, 1)
INSERT INTO interacts VALUES(632518539206, 1, Contractz, 2043, 778588, 1)
INSERT INTO interacts VALUES(632518539206, 1, LemonNation, 1082, 779953, 1)
INSERT INTO interacts VALUES(632518539206, 1, LemonNation, 2010, 782274, 1)
INSERT INTO interacts VALUES(632518539206, 1, Pekin Woof, 3802, 794707, 1)
INSERT INTO interacts VALUES(632518539206, 1, Pekin Woof, 2010, 796455, 1)
INSERT INTO interacts VALUES(632518539206, 1, Norskeren, 2303, 854733, 1)
INSERT INTO interacts VALUES(632518539206, 1, Balls, 1031, 855172, 1)
INSERT INTO interacts VALUES(632518539206, 1, Chorong, 3022, 902440, 1)
INSERT INTO interacts VALUES(632518539206, 1, Chorong, 1029, 904969, 1)
INSERT INTO interacts VALUES(632518539206, 1, Chorong, 1028, 907573, 1)
INSERT INTO interacts VALUES(632518539206, 1, Akaadian, 3158, 918032, 1)
INSERT INTO interacts VALUES(632518539206, 1, Akaadian, 1026, 919217, 1)
INSERT INTO interacts VALUES(632518539206, 1, Akaadian, 1028, 920373, 1)
INSERT INTO interacts VALUES(632518539206, 1, Akaadian, 3364, 922286, 1)
INSERT INTO interacts VALUES(632518539206, 1, Akaadian, 2043, 924983, 1)
INSERT INTO interacts VALUES(632518539206, 1, Hai, 3116, 926833, 1)
INSERT INTO interacts VALUES(632518539206, 1, Balls, 3068, 928364, 1)
INSERT INTO interacts VALUES(632518539206, 1, Hai, 2010, 928832, 1)
INSERT INTO interacts VALUES(632518539206, 1, Pekin Woof, 3165, 928949, 1)
INSERT INTO interacts VALUES(632518539206, 1, LemonNation, 2010, 929372, 0)
INSERT INTO interacts VALUES(632518539206, 1, Pekin Woof, 2043, 930318, 1)
INSERT INTO interacts VALUES(632518539206, 1, Norskeren, 2031, 930412, 1)
INSERT INTO interacts VALUES(632518539206, 1, Norskeren, 1006, 930657, 1)
INSERT INTO interacts VALUES(632518539206, 1, LemonNation, 1028, 930674, 1)
INSERT INTO interacts VALUES(632518539206, 1, Massacre, 3142, 930707, 1)
INSERT INTO interacts VALUES(632518539206, 1, Massacre, 1036, 931264, 1)
INSERT INTO interacts VALUES(632518539206, 1, Massacre, 1036, 931391, 1)
INSERT INTO interacts VALUES(632518539206, 1, LemonNation, 2043, 932477, 1)
INSERT INTO interacts VALUES(632518539206, 1, Massacre, 3363, 932953, 1)
INSERT INTO interacts VALUES(632518539206, 1, Balls, 2031, 935652, 1)
INSERT INTO interacts VALUES(632518539206, 1, Contractz, 1408, 938150, 1)
INSERT INTO interacts VALUES(632518539206, 1, Contractz, 3364, 938638, 1)
INSERT INTO interacts VALUES(632518539206, 1, Contractz, 1036, 939514, 1)
INSERT INTO interacts VALUES(632518539206, 1, Contractz, 1033, 939776, 1)
INSERT INTO interacts VALUES(632518539206, 1, Altec, 3508, 948185, 1)
INSERT INTO interacts VALUES(632518539206, 1, Altec, 1042, 948607, 1)
INSERT INTO interacts VALUES(632518539206, 1, Altec, 1042, 948772, 1)
INSERT INTO interacts VALUES(632518539206, 1, Altec, 3363, 949811, 1)
INSERT INTO interacts VALUES(632518539206, 1, Akaadian, 3010, 1025587, 1)
INSERT INTO interacts VALUES(632518539206, 1, Massacre, 3133, 1028985, 1)
INSERT INTO interacts VALUES(632518539206, 1, Massacre, 2043, 1031680, 1)
INSERT INTO interacts VALUES(632518539206, 1, Akaadian, 2043, 1031745, 1)
INSERT INTO interacts VALUES(632518539206, 1, Norskeren, 3801, 1034176, 1)
INSERT INTO interacts VALUES(632518539206, 1, Norskeren, 2043, 1034989, 1)
INSERT INTO interacts VALUES(632518539206, 1, Norskeren, 2043, 1036880, 1)
INSERT INTO interacts VALUES(632518539206, 1, Norskeren, 3801, 1037821, 1)
INSERT INTO interacts VALUES(632518539206, 1, Chorong, 3047, 1045100, 1)
INSERT INTO interacts VALUES(632518539206, 1, Chorong, 2043, 1045782, 1)
INSERT INTO interacts VALUES(632518539206, 1, Hai, 3158, 1054984, 1)
INSERT INTO interacts VALUES(632518539206, 1, Hai, 2043, 1055824, 1)
INSERT INTO interacts VALUES(632518539206, 1, Hai, 2010, 1058000, 1)
INSERT INTO interacts VALUES(632518539206, 1, Hai, 2010, 1058196, 1)
INSERT INTO interacts VALUES(632518539206, 1, LemonNation, 2045, 1065502, 1)
INSERT INTO interacts VALUES(632518539206, 1, LemonNation, 2043, 1067442, 1)
INSERT INTO interacts VALUES(632518539206, 1, LemonNation, 1004, 1072721, 1)
INSERT INTO interacts VALUES(632518539206, 1, Balls, 3211, 1087502, 1)
INSERT INTO interacts VALUES(632518539206, 1, Contractz, 3155, 1088247, 1)
INSERT INTO interacts VALUES(632518539206, 1, Contractz, 1036, 1089008, 1)
INSERT INTO interacts VALUES(632518539206, 1, Balls, 2043, 1090795, 1)
INSERT INTO interacts VALUES(632518539206, 1, Altec, 3046, 1094011, 1)
INSERT INTO interacts VALUES(632518539206, 1, Altec, 2043, 1094751, 1)
INSERT INTO interacts VALUES(632518539206, 1, Chorong, 3044, 1124381, 1)
INSERT INTO interacts VALUES(632518539206, 1, Chorong, 2003, 1125341, 1)
INSERT INTO interacts VALUES(632518539206, 1, Akaadian, 3027, 1140228, 1)
INSERT INTO interacts VALUES(632518539206, 1, Massacre, 1036, 1146097, 1)
INSERT INTO interacts VALUES(632518539206, 1, Norskeren, 3158, 1149736, 1)
INSERT INTO interacts VALUES(632518539206, 1, Pekin Woof, 1058, 1261687, 1)
INSERT INTO interacts VALUES(632518539206, 1, Pekin Woof, 1011, 1262789, 1)
INSERT INTO interacts VALUES(632518539206, 1, Massacre, 3044, 1301347, 1)
INSERT INTO interacts VALUES(632518539206, 1, Akaadian, 1057, 1301800, 1)
INSERT INTO interacts VALUES(632518539206, 1, Norskeren, 1033, 1302561, 1)
INSERT INTO interacts VALUES(632518539206, 1, Altec, 1038, 1314336, 1)
INSERT INTO interacts VALUES(632518539206, 1, Hai, 3198, 1316357, 1)
INSERT INTO interacts VALUES(632518539206, 1, Hai, 1052, 1317565, 1)
INSERT INTO interacts VALUES(632518539206, 1, Hai, 2043, 1318424, 1)
INSERT INTO interacts VALUES(632518539206, 1, LemonNation, 3114, 1326836, 1)
INSERT INTO interacts VALUES(632518539206, 1, Chorong, 3133, 1327804, 1)
INSERT INTO interacts VALUES(632518539206, 1, LemonNation, 2043, 1328129, 1)
INSERT INTO interacts VALUES(632518539206, 1, LemonNation, 2043, 1328229, 1)
INSERT INTO interacts VALUES(632518539206, 1, Chorong, 2043, 1328566, 1)
INSERT INTO interacts VALUES(632518539206, 1, Contractz, 3156, 1331770, 1)
INSERT INTO interacts VALUES(632518539206, 1, Contractz, 2043, 1333510, 1)
INSERT INTO interacts VALUES(632518539206, 1, Balls, 3067, 1333590, 1)
INSERT INTO interacts VALUES(632518539206, 1, Massacre, 3071, 1362476, 1)
INSERT INTO interacts VALUES(632518539206, 1, Massacre, 2043, 1362995, 1)
INSERT INTO interacts VALUES(632518539206, 1, Balls, 3065, 1379845, 1)
INSERT INTO interacts VALUES(632518539206, 1, Contractz, 1042, 1437916, 1)
INSERT INTO interacts VALUES(632518539206, 1, Contractz, 2043, 1438858, 1)
INSERT INTO interacts VALUES(632518539206, 1, Chorong, 3071, 1451993, 1)
INSERT INTO interacts VALUES(632518539206, 1, Chorong, 1029, 1453476, 1)
INSERT INTO interacts VALUES(632518539206, 1, Pekin Woof, 3116, 1455816, 1)
INSERT INTO interacts VALUES(632518539206, 1, Pekin Woof, 1026, 1457373, 1)
INSERT INTO interacts VALUES(632518539206, 1, Norskeren, 3105, 1480320, 1)
INSERT INTO interacts VALUES(632518539206, 1, Norskeren, 1028, 1481228, 1)
INSERT INTO interacts VALUES(632518539206, 1, Norskeren, 2043, 1481685, 1)
INSERT INTO interacts VALUES(632518539206, 1, Norskeren, 3364, 1481944, 1)
INSERT INTO interacts VALUES(632518539206, 1, Akaadian, 3108, 1485973, 1)
INSERT INTO interacts VALUES(632518539206, 1, Chorong, 2043, 1488053, 1)
INSERT INTO interacts VALUES(632518539206, 1, Balls, 1011, 1490620, 1)
INSERT INTO interacts VALUES(632518539206, 1, Massacre, 1042, 1497844, 1)
INSERT INTO interacts VALUES(632518539206, 1, LemonNation, 3222, 1517542, 1)
INSERT INTO interacts VALUES(632518539206, 1, Altec, 3031, 1523936, 1)
INSERT INTO interacts VALUES(632518539206, 1, Contractz, 3086, 1528390, 1)
INSERT INTO interacts VALUES(632518539206, 1, Hai, 3135, 1542690, 1)
INSERT INTO interacts VALUES(632518539206, 1, Norskeren, 3067, 1597273, 1)
INSERT INTO interacts VALUES(632518539206, 1, Norskeren, 2043, 1597840, 1)
INSERT INTO interacts VALUES(632518539206, 1, Norskeren, 3190, 1600191, 1)
INSERT INTO interacts VALUES(632518539206, 1, Massacre, 3086, 1602938, 1)
INSERT INTO interacts VALUES(632518539206, 1, Massacre, 1083, 1603686, 0)
INSERT INTO interacts VALUES(632518539206, 1, Massacre, 1042, 1604236, 1)
INSERT INTO interacts VALUES(632518539206, 1, Norskeren, 2043, 1604661, 1)
INSERT INTO interacts VALUES(632518539206, 1, Chorong, 3082, 1612225, 1)
INSERT INTO interacts VALUES(632518539206, 1, Altec, 1083, 1663801, 0)
INSERT INTO interacts VALUES(632518539206, 1, Altec, 3140, 1665737, 1)
INSERT INTO interacts VALUES(632518539206, 1, Contractz, 3046, 1669019, 1)
INSERT INTO interacts VALUES(632518539206, 1, Hai, 1058, 1669803, 1)
INSERT INTO interacts VALUES(632518539206, 1, Contractz, 2043, 1669965, 1)
INSERT INTO interacts VALUES(632518539206, 1, LemonNation, 3067, 1672431, 1)
INSERT INTO interacts VALUES(632518539206, 1, LemonNation, 3303, 1673572, 0)
INSERT INTO interacts VALUES(632518539206, 1, LemonNation, 2043, 1674676, 1)
INSERT INTO interacts VALUES(632518539206, 1, LemonNation, 3364, 1676144, 1)
INSERT INTO interacts VALUES(632518539206, 1, Balls, 3143, 1699097, 1)
INSERT INTO interacts VALUES(632518539206, 1, Chorong, 1028, 1703555, 1)
INSERT INTO interacts VALUES(632518539206, 1, Akaadian, 3001, 1706873, 1)
INSERT INTO interacts VALUES(632518539206, 1, Massacre, 3046, 1713824, 1)
INSERT INTO interacts VALUES(632518539206, 1, Norskeren, 1029, 1720491, 1)
INSERT INTO interacts VALUES(632518539206, 1, Chorong, 1011, 1744800, 1)
INSERT INTO interacts VALUES(632518539206, 1, Contractz, 1053, 1823631, 1)
INSERT INTO interacts VALUES(632518539206, 1, Norskeren, 3024, 1826591, 1)
INSERT INTO interacts VALUES(632518539206, 1, Akaadian, 3108, 1831673, 1)
INSERT INTO interacts VALUES(632518539206, 1, Massacre, 1037, 1833359, 1)
INSERT INTO matches VALUES(632518539206, 2, 2016-07-13)
INSERT INTO competes VALUES(632518539206, C9C, True)
INSERT INTO competes VALUES(632518539206, DT, False)
INSERT INTO scores VALUES(C9C, 632518539206, 2, 0, 2, 0, 0, 0, 0)
INSERT INTO scores VALUES(DT, 632518539206, 2, 3, 11, 0, 1, 3, 1)
INSERT INTO bans VALUES(632518539206, 2, 201, 1)
INSERT INTO bans VALUES(632518539206, 2, 13, 3)
INSERT INTO bans VALUES(632518539206, 2, 15, 5)
INSERT INTO bans VALUES(632518539206, 2, 268, 2)
INSERT INTO bans VALUES(632518539206, 2, 8, 4)
INSERT INTO bans VALUES(632518539206, 2, 69, 6)
INSERT INTO plays VALUES(632518539206, 2, Chorong, 68, Jungle, 2, 6, 2, 9857, 17, 3, 190, 7, 4, 10317)
INSERT INTO plays VALUES(632518539206, 2, Akaadian, 421, Jungle, 0, 5, 6, 7303, 31, 7, 17, 94, 13, 9749)
INSERT INTO plays VALUES(632518539206, 2, Pekin Woof, 112, Mid, 3, 4, 4, 19691, 14, 4, 237, 2, 0, 10659)
INSERT INTO plays VALUES(632518539206, 2, Massacre, 236, Jungle, 3, 1, 4, 11766, 13, 5, 267, 7, 0, 12087)
INSERT INTO plays VALUES(632518539206, 2, Norskeren, 432, Jungle, 2, 5, 5, 4407, 45, 12, 24, 0, 0, 7540)
INSERT INTO plays VALUES(632518539206, 2, Balls, 98, Jungle, 2, 1, 13, 12846, 13, 4, 196, 5, 0, 12950)
INSERT INTO plays VALUES(632518539206, 2, Contractz, 104, Jungle, 7, 1, 6, 20072, 19, 18, 71, 87, 28, 14237)
INSERT INTO plays VALUES(632518539206, 2, Hai, 85, Mid, 5, 4, 8, 21054, 15, 6, 216, 8, 0, 12789)
INSERT INTO plays VALUES(632518539206, 2, Altec, 29, Jungle, 6, 2, 5, 11880, 18, 6, 245, 9, 6, 13685)
INSERT INTO plays VALUES(632518539206, 2, LemonNation, 43, Jungle, 1, 2, 14, 7081, 49, 15, 18, 0, 0, 9430)
INSERT INTO interacts VALUES(632518539206, 2, Altec, 3340, 1655, 1)
INSERT INTO interacts VALUES(632518539206, 2, Massacre, 1055, 1882, 1)
INSERT INTO interacts VALUES(632518539206, 2, Contractz, 3340, 1882, 1)
INSERT INTO interacts VALUES(632518539206, 2, Altec, 1055, 1981, 1)
INSERT INTO interacts VALUES(632518539206, 2, Pekin Woof, 1056, 2046, 1)
INSERT INTO interacts VALUES(632518539206, 2, Norskeren, 3303, 2109, 1)
INSERT INTO interacts VALUES(632518539206, 2, Massacre, 2010, 2143, 1)
INSERT INTO interacts VALUES(632518539206, 2, Contractz, 1041, 2175, 1)
INSERT INTO interacts VALUES(632518539206, 2, LemonNation, 3340, 2272, 1)
INSERT INTO interacts VALUES(632518539206, 2, Altec, 2010, 2305, 1)
INSERT INTO interacts VALUES(632518539206, 2, Norskeren, 2010, 2346, 1)
INSERT INTO interacts VALUES(632518539206, 2, Hai, 3340, 2346, 1)
INSERT INTO interacts VALUES(632518539206, 2, Balls, 1054, 2369, 1)
INSERT INTO interacts VALUES(632518539206, 2, Massacre, 3340, 2369, 1)
INSERT INTO interacts VALUES(632518539206, 2, Pekin Woof, 2010, 2402, 1)
INSERT INTO interacts VALUES(632518539206, 2, Norskeren, 2010, 2497, 1)
INSERT INTO interacts VALUES(632518539206, 2, Pekin Woof, 2010, 2562, 1)
INSERT INTO interacts VALUES(632518539206, 2, Balls, 2003, 2601, 1)
INSERT INTO interacts VALUES(632518539206, 2, Norskeren, 2010, 2659, 1)
INSERT INTO interacts VALUES(632518539206, 2, LemonNation, 3303, 2693, 1)
INSERT INTO interacts VALUES(632518539206, 2, Pekin Woof, 3340, 2756, 1)
INSERT INTO interacts VALUES(632518539206, 2, Balls, 3340, 3016, 1)
INSERT INTO interacts VALUES(632518539206, 2, LemonNation, 2010, 3016, 1)
INSERT INTO interacts VALUES(632518539206, 2, Contractz, 2031, 3081, 1)
INSERT INTO interacts VALUES(632518539206, 2, Norskeren, 3340, 3081, 1)
INSERT INTO interacts VALUES(632518539206, 2, LemonNation, 2010, 3178, 1)
INSERT INTO interacts VALUES(632518539206, 2, LemonNation, 2010, 3338, 1)
INSERT INTO interacts VALUES(632518539206, 2, Chorong, 3340, 3380, 1)
INSERT INTO interacts VALUES(632518539206, 2, Akaadian, 1041, 3534, 1)
INSERT INTO interacts VALUES(632518539206, 2, Chorong, 2003, 3696, 1)
INSERT INTO interacts VALUES(632518539206, 2, Hai, 1082, 3794, 1)
INSERT INTO interacts VALUES(632518539206, 2, Hai, 2003, 4477, 1)
INSERT INTO interacts VALUES(632518539206, 2, Akaadian, 2003, 4574, 1)
INSERT INTO interacts VALUES(632518539206, 2, Hai, 2003, 4638, 1)
INSERT INTO interacts VALUES(632518539206, 2, Akaadian, 2003, 4832, 1)
INSERT INTO interacts VALUES(632518539206, 2, Akaadian, 2003, 5093, 1)
INSERT INTO interacts VALUES(632518539206, 2, Hai, 2003, 5093, 1)
INSERT INTO interacts VALUES(632518539206, 2, Akaadian, 3340, 5485, 1)
INSERT INTO interacts VALUES(632518539206, 2, Chorong, 1054, 10619, 1)
INSERT INTO interacts VALUES(632518539206, 2, LemonNation, 1028, 204122, 1)
INSERT INTO interacts VALUES(632518539206, 2, Altec, 1036, 204383, 1)
INSERT INTO interacts VALUES(632518539206, 2, Massacre, 1083, 209782, 1)
INSERT INTO interacts VALUES(632518539206, 2, Altec, 1001, 214199, 1)
INSERT INTO interacts VALUES(632518539206, 2, Norskeren, 1028, 216940, 1)
INSERT INTO interacts VALUES(632518539206, 2, Chorong, 1052, 262892, 1)
INSERT INTO interacts VALUES(632518539206, 2, Chorong, 1052, 263056, 1)
INSERT INTO interacts VALUES(632518539206, 2, Akaadian, 2049, 284395, 1)
INSERT INTO interacts VALUES(632518539206, 2, Akaadian, 2031, 285758, 1)
INSERT INTO interacts VALUES(632518539206, 2, Contractz, 3006, 324863, 1)
INSERT INTO interacts VALUES(632518539206, 2, Contractz, 2032, 325707, 1)
INSERT INTO interacts VALUES(632518539206, 2, Contractz, 2043, 326066, 1)
INSERT INTO interacts VALUES(632518539206, 2, LemonNation, 2049, 344454, 1)
INSERT INTO interacts VALUES(632518539206, 2, LemonNation, 2043, 344845, 1)
INSERT INTO interacts VALUES(632518539206, 2, LemonNation, 3341, 345138, 1)
INSERT INTO interacts VALUES(632518539206, 2, Altec, 3134, 346017, 1)
INSERT INTO interacts VALUES(632518539206, 2, LemonNation, 2010, 346599, 1)
INSERT INTO interacts VALUES(632518539206, 2, Altec, 2043, 347601, 1)
INSERT INTO interacts VALUES(632518539206, 2, Massacre, 1001, 351804, 1)
INSERT INTO interacts VALUES(632518539206, 2, Massacre, 1036, 352977, 1)
INSERT INTO interacts VALUES(632518539206, 2, Massacre, 1036, 354429, 1)
INSERT INTO interacts VALUES(632518539206, 2, Pekin Woof, 3196, 371193, 1)
INSERT INTO interacts VALUES(632518539206, 2, Norskeren, 2049, 371812, 1)
INSERT INTO interacts VALUES(632518539206, 2, Norskeren, 2043, 372365, 1)
INSERT INTO interacts VALUES(632518539206, 2, Norskeren, 2010, 372592, 1)
INSERT INTO interacts VALUES(632518539206, 2, Pekin Woof, 1001, 372817, 1)
INSERT INTO interacts VALUES(632518539206, 2, Norskeren, 3341, 373175, 1)
INSERT INTO interacts VALUES(632518539206, 2, Pekin Woof, 2043, 374964, 1)
INSERT INTO interacts VALUES(632518539206, 2, Hai, 3145, 393627, 1)
INSERT INTO interacts VALUES(632518539206, 2, Hai, 1028, 394959, 1)
INSERT INTO interacts VALUES(632518539206, 2, Hai, 1001, 396553, 1)
INSERT INTO interacts VALUES(632518539206, 2, Balls, 3211, 420937, 1)
INSERT INTO interacts VALUES(632518539206, 2, Balls, 1028, 423336, 1)
INSERT INTO interacts VALUES(632518539206, 2, Chorong, 3145, 439621, 1)
INSERT INTO interacts VALUES(632518539206, 2, Chorong, 1052, 441099, 1)
INSERT INTO interacts VALUES(632518539206, 2, Chorong, 1001, 441509, 1)
INSERT INTO interacts VALUES(632518539206, 2, Chorong, 2003, 445667, 1)
INSERT INTO interacts VALUES(632518539206, 2, LemonNation, 1001, 448005, 1)
INSERT INTO interacts VALUES(632518539206, 2, LemonNation, 2043, 448590, 1)
INSERT INTO interacts VALUES(632518539206, 2, Massacre, 3134, 481977, 1)
INSERT INTO interacts VALUES(632518539206, 2, Akaadian, 1001, 482174, 1)
INSERT INTO interacts VALUES(632518539206, 2, Massacre, 2043, 482888, 1)
INSERT INTO interacts VALUES(632518539206, 2, Akaadian, 1028, 483438, 1)
INSERT INTO interacts VALUES(632518539206, 2, Akaadian, 2043, 484745, 1)
INSERT INTO interacts VALUES(632518539206, 2, Altec, 3133, 505643, 1)
INSERT INTO interacts VALUES(632518539206, 2, Altec, 2043, 506639, 1)
INSERT INTO interacts VALUES(632518539206, 2, Altec, 2010, 506834, 1)
INSERT INTO interacts VALUES(632518539206, 2, Altec, 2010, 506996, 1)
INSERT INTO interacts VALUES(632518539206, 2, Altec, 2010, 507061, 1)
INSERT INTO interacts VALUES(632518539206, 2, Chorong, 2043, 521984, 1)
INSERT INTO interacts VALUES(632518539206, 2, Chorong, 2003, 522174, 1)
INSERT INTO interacts VALUES(632518539206, 2, LemonNation, 2010, 526749, 0)
INSERT INTO interacts VALUES(632518539206, 2, LemonNation, 1082, 530234, 1)
INSERT INTO interacts VALUES(632518539206, 2, Hai, 3067, 554592, 1)
INSERT INTO interacts VALUES(632518539206, 2, Hai, 2043, 555012, 1)
INSERT INTO interacts VALUES(632518539206, 2, Hai, 2003, 555338, 1)
INSERT INTO interacts VALUES(632518539206, 2, Hai, 2003, 555470, 1)
INSERT INTO interacts VALUES(632518539206, 2, Hai, 2003, 555532, 1)
INSERT INTO interacts VALUES(632518539206, 2, Pekin Woof, 3197, 576332, 1)
INSERT INTO interacts VALUES(632518539206, 2, Pekin Woof, 2043, 577686, 1)
INSERT INTO interacts VALUES(632518539206, 2, Pekin Woof, 2010, 577939, 1)
INSERT INTO interacts VALUES(632518539206, 2, Pekin Woof, 2010, 578055, 1)
INSERT INTO interacts VALUES(632518539206, 2, Norskeren, 1001, 582255, 1)
INSERT INTO interacts VALUES(632518539206, 2, Norskeren, 2043, 582641, 1)
INSERT INTO interacts VALUES(632518539206, 2, Balls, 1001, 601966, 1)
INSERT INTO interacts VALUES(632518539206, 2, Balls, 1031, 605262, 1)
INSERT INTO interacts VALUES(632518539206, 2, Massacre, 3006, 606252, 1)
INSERT INTO interacts VALUES(632518539206, 2, Contractz, 3133, 608822, 1)
INSERT INTO interacts VALUES(632518539206, 2, Balls, 3751, 609050, 1)
INSERT INTO interacts VALUES(632518539206, 2, Contractz, 2043, 610287, 1)
INSERT INTO interacts VALUES(632518539206, 2, Balls, 2043, 611321, 1)
INSERT INTO interacts VALUES(632518539206, 2, Balls, 2003, 611644, 1)
INSERT INTO interacts VALUES(632518539206, 2, Hai, 3152, 654620, 1)
INSERT INTO interacts VALUES(632518539206, 2, Hai, 2043, 655241, 1)
INSERT INTO interacts VALUES(632518539206, 2, Hai, 2003, 655595, 1)
INSERT INTO interacts VALUES(632518539206, 2, Hai, 2003, 656020, 1)
INSERT INTO interacts VALUES(632518539206, 2, Norskeren, 1082, 656113, 1)
INSERT INTO interacts VALUES(632518539206, 2, Norskeren, 2043, 656778, 1)
INSERT INTO interacts VALUES(632518539206, 2, LemonNation, 1028, 657902, 1)
INSERT INTO interacts VALUES(632518539206, 2, LemonNation, 2043, 659268, 1)
INSERT INTO interacts VALUES(632518539206, 2, Akaadian, 3047, 659902, 1)
INSERT INTO interacts VALUES(632518539206, 2, Akaadian, 3341, 661278, 1)
INSERT INTO interacts VALUES(632518539206, 2, Akaadian, 2043, 662213, 1)
INSERT INTO interacts VALUES(632518539206, 2, Balls, 1029, 675753, 1)
INSERT INTO interacts VALUES(632518539206, 2, Massacre, 1036, 683680, 1)
INSERT INTO interacts VALUES(632518539206, 2, Massacre, 1036, 683809, 1)
INSERT INTO interacts VALUES(632518539206, 2, Chorong, 3067, 686569, 1)
INSERT INTO interacts VALUES(632518539206, 2, Chorong, 1028, 687498, 1)
INSERT INTO interacts VALUES(632518539206, 2, Contractz, 1408, 701138, 1)
INSERT INTO interacts VALUES(632518539206, 2, Contractz, 3341, 702228, 1)
INSERT INTO interacts VALUES(632518539206, 2, Altec, 3142, 714902, 1)
INSERT INTO interacts VALUES(632518539206, 2, Altec, 2043, 715746, 1)
INSERT INTO interacts VALUES(632518539206, 2, Altec, 2010, 715942, 1)
INSERT INTO interacts VALUES(632518539206, 2, Massacre, 3133, 775654, 1)
INSERT INTO interacts VALUES(632518539206, 2, LemonNation, 2045, 780348, 1)
INSERT INTO interacts VALUES(632518539206, 2, LemonNation, 2043, 780737, 1)
INSERT INTO interacts VALUES(632518539206, 2, Norskeren, 2010, 791195, 1)
INSERT INTO interacts VALUES(632518539206, 2, Chorong, 3152, 858073, 1)
INSERT INTO interacts VALUES(632518539206, 2, Chorong, 2043, 859275, 1)
INSERT INTO interacts VALUES(632518539206, 2, LemonNation, 2043, 875198, 1)
INSERT INTO interacts VALUES(632518539206, 2, Altec, 3006, 875472, 1)
INSERT INTO interacts VALUES(632518539206, 2, LemonNation, 2010, 875537, 1)
INSERT INTO interacts VALUES(632518539206, 2, Altec, 2043, 876609, 1)
INSERT INTO interacts VALUES(632518539206, 2, Altec, 3363, 876900, 1)
INSERT INTO interacts VALUES(632518539206, 2, Akaadian, 3706, 918336, 1)
INSERT INTO interacts VALUES(632518539206, 2, Akaadian, 3751, 919213, 1)
INSERT INTO interacts VALUES(632518539206, 2, Massacre, 3142, 921692, 1)
INSERT INTO interacts VALUES(632518539206, 2, Massacre, 1036, 922044, 1)
INSERT INTO interacts VALUES(632518539206, 2, Massacre, 1036, 922152, 1)
INSERT INTO interacts VALUES(632518539206, 2, Massacre, 3363, 923452, 1)
INSERT INTO interacts VALUES(632518539206, 2, Norskeren, 3158, 926305, 1)
INSERT INTO interacts VALUES(632518539206, 2, Norskeren, 2043, 927506, 1)
INSERT INTO interacts VALUES(632518539206, 2, Balls, 3068, 942013, 1)
INSERT INTO interacts VALUES(632518539206, 2, Balls, 2031, 943277, 1)
INSERT INTO interacts VALUES(632518539206, 2, Contractz, 3155, 951424, 1)
INSERT INTO interacts VALUES(632518539206, 2, Contractz, 3364, 951831, 1)
INSERT INTO interacts VALUES(632518539206, 2, Contractz, 2043, 952641, 1)
INSERT INTO interacts VALUES(632518539206, 2, Chorong, 3020, 976722, 1)
INSERT INTO interacts VALUES(632518539206, 2, Chorong, 2043, 977411, 1)
INSERT INTO interacts VALUES(632518539206, 2, Akaadian, 1401, 1013124, 1)
INSERT INTO interacts VALUES(632518539206, 2, Akaadian, 3364, 1014622, 1)
INSERT INTO interacts VALUES(632518539206, 2, Norskeren, 2043, 1017674, 1)
INSERT INTO interacts VALUES(632518539206, 2, Norskeren, 2031, 1018062, 1)
INSERT INTO interacts VALUES(632518539206, 2, Hai, 1058, 1025152, 1)
INSERT INTO interacts VALUES(632518539206, 2, Akaadian, 2043, 1025250, 1)
INSERT INTO interacts VALUES(632518539206, 2, Hai, 1011, 1025444, 1)
INSERT INTO interacts VALUES(632518539206, 2, Pekin Woof, 3198, 1025739, 1)
INSERT INTO interacts VALUES(632518539206, 2, Pekin Woof, 1058, 1026583, 1)
INSERT INTO interacts VALUES(632518539206, 2, Hai, 2043, 1027654, 1)
INSERT INTO interacts VALUES(632518539206, 2, Hai, 3363, 1027912, 1)
INSERT INTO interacts VALUES(632518539206, 2, Pekin Woof, 2043, 1029181, 1)
INSERT INTO interacts VALUES(632518539206, 2, Pekin Woof, 2010, 1029384, 1)
INSERT INTO interacts VALUES(632518539206, 2, Balls, 1028, 1033577, 1)
INSERT INTO interacts VALUES(632518539206, 2, LemonNation, 3158, 1036723, 1)
INSERT INTO interacts VALUES(632518539206, 2, LemonNation, 2010, 1037893, 1)
INSERT INTO interacts VALUES(632518539206, 2, Balls, 1033, 1038022, 1)
INSERT INTO interacts VALUES(632518539206, 2, Altec, 3086, 1044985, 1)
INSERT INTO interacts VALUES(632518539206, 2, Altec, 2043, 1045828, 1)
INSERT INTO interacts VALUES(632518539206, 2, Pekin Woof, 2010, 1094184, 1)
INSERT INTO interacts VALUES(632518539206, 2, Pekin Woof, 2010, 1094282, 1)
INSERT INTO interacts VALUES(632518539206, 2, Chorong, 3136, 1139394, 1)
INSERT INTO interacts VALUES(632518539206, 2, Contractz, 3156, 1143967, 1)
INSERT INTO interacts VALUES(632518539206, 2, Hai, 3116, 1144857, 1)
INSERT INTO interacts VALUES(632518539206, 2, Contractz, 2043, 1144876, 1)
INSERT INTO interacts VALUES(632518539206, 2, Balls, 3111, 1146470, 1)
INSERT INTO interacts VALUES(632518539206, 2, Akaadian, 1011, 1151694, 1)
INSERT INTO interacts VALUES(632518539206, 2, Massacre, 3133, 1153224, 1)
INSERT INTO interacts VALUES(632518539206, 2, Massacre, 1083, 1156103, 0)
INSERT INTO interacts VALUES(632518539206, 2, Norskeren, 2301, 1156460, 1)
INSERT INTO interacts VALUES(632518539206, 2, Massacre, 3044, 1158961, 1)
INSERT INTO interacts VALUES(632518539206, 2, Norskeren, 1028, 1161486, 1)
INSERT INTO interacts VALUES(632518539206, 2, Pekin Woof, 3158, 1162143, 1)
INSERT INTO interacts VALUES(632518539206, 2, Pekin Woof, 2010, 1165387, 1)
INSERT INTO interacts VALUES(632518539206, 2, Pekin Woof, 3363, 1166574, 1)
INSERT INTO interacts VALUES(632518539206, 2, Hai, 2031, 1169241, 1)
INSERT INTO interacts VALUES(632518539206, 2, Altec, 1043, 1174507, 1)
INSERT INTO interacts VALUES(632518539206, 2, LemonNation, 1033, 1174670, 1)
INSERT INTO interacts VALUES(632518539206, 2, Balls, 1028, 1175840, 1)
INSERT INTO interacts VALUES(632518539206, 2, LemonNation, 2043, 1176002, 1)
INSERT INTO interacts VALUES(632518539206, 2, LemonNation, 2043, 1176133, 1)
INSERT INTO interacts VALUES(632518539206, 2, Altec, 3085, 1257923, 1)
INSERT INTO interacts VALUES(632518539206, 2, Altec, 2043, 1258505, 1)
INSERT INTO interacts VALUES(632518539206, 2, Altec, 2010, 1258698, 1)
INSERT INTO interacts VALUES(632518539206, 2, Hai, 3020, 1270618, 1)
INSERT INTO interacts VALUES(632518539206, 2, Norskeren, 2043, 1270650, 1)
INSERT INTO interacts VALUES(632518539206, 2, Norskeren, 2043, 1270781, 1)
INSERT INTO interacts VALUES(632518539206, 2, Norskeren, 3801, 1271611, 1)
INSERT INTO interacts VALUES(632518539206, 2, Pekin Woof, 1028, 1271785, 1)
INSERT INTO interacts VALUES(632518539206, 2, Balls, 3067, 1282967, 1)
INSERT INTO interacts VALUES(632518539206, 2, Contractz, 3086, 1286737, 1)
INSERT INTO interacts VALUES(632518539206, 2, LemonNation, 2043, 1288849, 1)
INSERT INTO interacts VALUES(632518539206, 2, LemonNation, 2043, 1291719, 1)
INSERT INTO interacts VALUES(632518539206, 2, Massacre, 3071, 1292563, 1)
INSERT INTO interacts VALUES(632518539206, 2, Massacre, 2043, 1294454, 1)
INSERT INTO interacts VALUES(632518539206, 2, Chorong, 1026, 1319910, 1)
INSERT INTO interacts VALUES(632518539206, 2, Chorong, 1052, 1323367, 1)
INSERT INTO interacts VALUES(632518539206, 2, Akaadian, 2031, 1366830, 0)
INSERT INTO interacts VALUES(632518539206, 2, Akaadian, 3211, 1367642, 1)
INSERT INTO interacts VALUES(632518539206, 2, Norskeren, 1033, 1390581, 1)
INSERT INTO interacts VALUES(632518539206, 2, Norskeren, 2031, 1391360, 0)
INSERT INTO interacts VALUES(632518539206, 2, Norskeren, 2043, 1392082, 1)
INSERT INTO interacts VALUES(632518539206, 2, Norskeren, 3364, 1392540, 1)
INSERT INTO interacts VALUES(632518539206, 2, Norskeren, 2043, 1394506, 1)
INSERT INTO interacts VALUES(632518539206, 2, Balls, 3065, 1410725, 1)
INSERT INTO interacts VALUES(632518539206, 2, LemonNation, 3105, 1413718, 1)
INSERT INTO interacts VALUES(632518539206, 2, Balls, 1028, 1413718, 1)
INSERT INTO interacts VALUES(632518539206, 2, LemonNation, 3364, 1415241, 1)
INSERT INTO interacts VALUES(632518539206, 2, Altec, 1038, 1436261, 1)
INSERT INTO interacts VALUES(632518539206, 2, Altec, 2043, 1437170, 1)
INSERT INTO interacts VALUES(632518539206, 2, Chorong, 3151, 1440774, 1)
INSERT INTO interacts VALUES(632518539206, 2, Chorong, 2043, 1441676, 1)
INSERT INTO interacts VALUES(632518539206, 2, Akaadian, 1029, 1452146, 1)
INSERT INTO interacts VALUES(632518539206, 2, Chorong, 2043, 1516276, 1)
INSERT INTO interacts VALUES(632518539206, 2, Pekin Woof, 3116, 1517124, 1)
INSERT INTO interacts VALUES(632518539206, 2, Akaadian, 1031, 1517154, 1)
INSERT INTO interacts VALUES(632518539206, 2, Pekin Woof, 1052, 1518096, 1)
INSERT INTO interacts VALUES(632518539206, 2, LemonNation, 3190, 1518672, 1)
INSERT INTO interacts VALUES(632518539206, 2, Norskeren, 3105, 1519852, 1)
INSERT INTO interacts VALUES(632518539206, 2, Norskeren, 2010, 1520570, 1)
INSERT INTO interacts VALUES(632518539206, 2, Balls, 1011, 1523201, 1)
INSERT INTO interacts VALUES(632518539206, 2, Balls, 2031, 1526915, 0)
INSERT INTO interacts VALUES(632518539206, 2, Balls, 3082, 1527919, 1)
INSERT INTO interacts VALUES(632518539206, 2, Contractz, 3046, 1562796, 1)
INSERT INTO interacts VALUES(632518539206, 2, Hai, 1082, 1563862, 0)
INSERT INTO interacts VALUES(632518539206, 2, Contractz, 1038, 1564258, 1)
INSERT INTO interacts VALUES(632518539206, 2, Hai, 3157, 1564812, 1)
INSERT INTO interacts VALUES(632518539206, 2, Altec, 3031, 1566503, 1)
INSERT INTO interacts VALUES(632518539206, 2, Hai, 2043, 1566797, 1)
INSERT INTO interacts VALUES(632518539206, 2, Balls, 3143, 1586407, 1)
INSERT INTO interacts VALUES(632518539206, 2, Massacre, 3086, 1611704, 1)
INSERT INTO interacts VALUES(632518539206, 2, Chorong, 2043, 1612029, 1)
INSERT INTO interacts VALUES(632518539206, 2, Massacre, 1042, 1612694, 1)
INSERT INTO interacts VALUES(632518539206, 2, Chorong, 2043, 1656437, 0)
INSERT INTO interacts VALUES(632518539206, 2, Chorong, 1026, 1657378, 1)
INSERT INTO interacts VALUES(632518539206, 2, Norskeren, 1028, 1657733, 1)
INSERT INTO interacts VALUES(632518539206, 2, Hai, 1026, 1659515, 1)
INSERT INTO interacts VALUES(632518539206, 2, Pekin Woof, 2139, 1663089, 1)
INSERT INTO interacts VALUES(632518539206, 2, Massacre, 3046, 1687558, 1)
INSERT INTO interacts VALUES(632518539206, 2, Hai, 2031, 1696721, 0)
INSERT INTO interacts VALUES(632518539206, 2, Hai, 1052, 1702659, 1)
INSERT INTO interacts VALUES(632518539206, 2, Altec, 1037, 1703381, 1)
INSERT INTO interacts VALUES(632518539206, 2, LemonNation, 3092, 1705820, 1)
INSERT INTO interacts VALUES(632518539206, 2, LemonNation, 2043, 1710959, 1)
INSERT INTO interacts VALUES(632518539206, 2, Balls, 1031, 1715674, 1)
INSERT INTO interacts VALUES(632518539206, 2, Balls, 1054, 1716783, 0)
INSERT INTO interacts VALUES(632518539206, 2, Balls, 1057, 1717271, 1)
INSERT INTO interacts VALUES(632518539206, 2, Contractz, 2032, 1718210, 0)
INSERT INTO interacts VALUES(632518539206, 2, Contractz, 1053, 1720137, 1)
INSERT INTO interacts VALUES(632518539206, 2, Contractz, 2140, 1720984, 1)
INSERT INTO interacts VALUES(632518539206, 2, Akaadian, 3742, 1751463, 1)
INSERT INTO interacts VALUES(632518539206, 2, Akaadian, 2043, 1753477, 1)
INSERT INTO interacts VALUES(632518539206, 2, Norskeren, 3067, 1761074, 1)
INSERT INTO interacts VALUES(632518539206, 2, Norskeren, 2010, 1763252, 0)
INSERT INTO interacts VALUES(632518539206, 2, Norskeren, 2043, 1763804, 1)
INSERT INTO interacts VALUES(632518539206, 2, Norskeren, 2043, 1763986, 1)
INSERT INTO interacts VALUES(632518539206, 2, Akaadian, 1029, 1806471, 1)
INSERT INTO interacts VALUES(632518539206, 2, Pekin Woof, 1026, 1815410, 1)
INSERT INTO interacts VALUES(632518539206, 2, Massacre, 1037, 1823537, 1)
INSERT INTO interacts VALUES(632518539206, 2, Altec, 1055, 1832790, 0)
INSERT INTO interacts VALUES(632518539206, 2, Altec, 3123, 1833580, 1)
INSERT INTO interacts VALUES(632518539206, 2, Chorong, 3136, 1835640, 1)
INSERT INTO matches VALUES(632518539206, 3, 2016-07-13)
INSERT INTO competes VALUES(632518539206, C9C, True)
INSERT INTO competes VALUES(632518539206, DT, False)
INSERT INTO scores VALUES(C9C, 632518539206, 3, 2, 11, 0, 2, 2, 1)
INSERT INTO scores VALUES(DT, 632518539206, 3, 0, 2, 1, 0, 1, 0)
INSERT INTO bans VALUES(632518539206, 3, 268, 1)
INSERT INTO bans VALUES(632518539206, 3, 69, 3)
INSERT INTO bans VALUES(632518539206, 3, 26, 5)
INSERT INTO bans VALUES(632518539206, 3, 421, 2)
INSERT INTO bans VALUES(632518539206, 3, 13, 4)
INSERT INTO bans VALUES(632518539206, 3, 8, 6)
INSERT INTO plays VALUES(632518539206, 3, Balls, 98, Jungle, 4, 0, 11, 11707, 15, 6, 207, 0, 0, 13665)
INSERT INTO plays VALUES(632518539206, 3, Contractz, 104, Jungle, 9, 4, 5, 23184, 29, 13, 50, 104, 17, 15147)
INSERT INTO plays VALUES(632518539206, 3, Hai, 85, Mid, 5, 3, 9, 24640, 18, 9, 262, 5, 3, 14560)
INSERT INTO plays VALUES(632518539206, 3, Altec, 29, Jungle, 2, 2, 10, 17375, 12, 5, 262, 6, 4, 13798)
INSERT INTO plays VALUES(632518539206, 3, LemonNation, 43, Jungle, 1, 0, 15, 6613, 58, 18, 25, 2, 1, 10462)
INSERT INTO plays VALUES(632518539206, 3, Chorong, 48, Jungle, 2, 5, 5, 8494, 19, 6, 213, 8, 0, 11649)
INSERT INTO plays VALUES(632518539206, 3, Akaadian, 76, Mid, 1, 4, 3, 8718, 22, 22, 50, 104, 24, 11521)
INSERT INTO plays VALUES(632518539206, 3, Pekin Woof, 112, Mid, 1, 5, 5, 12388, 16, 5, 259, 11, 0, 11292)
INSERT INTO plays VALUES(632518539206, 3, Massacre, 15, Jungle, 4, 3, 2, 15691, 18, 13, 333, 13, 1, 14169)
INSERT INTO plays VALUES(632518539206, 3, Norskeren, 201, Jungle, 1, 4, 5, 3467, 44, 8, 38, 0, 0, 7903)
INSERT INTO interacts VALUES(632518539206, 3, Pekin Woof, 1056, 1745, 1)
INSERT INTO interacts VALUES(632518539206, 3, LemonNation, 3340, 2004, 1)
INSERT INTO interacts VALUES(632518539206, 3, Pekin Woof, 2010, 2076, 1)
INSERT INTO interacts VALUES(632518539206, 3, Pekin Woof, 2010, 2198, 1)
INSERT INTO interacts VALUES(632518539206, 3, Akaadian, 1039, 2334, 1)
INSERT INTO interacts VALUES(632518539206, 3, LemonNation, 3303, 2391, 1)
INSERT INTO interacts VALUES(632518539206, 3, Pekin Woof, 3340, 2391, 1)
INSERT INTO interacts VALUES(632518539206, 3, Chorong, 2003, 2716, 1)
INSERT INTO interacts VALUES(632518539206, 3, Massacre, 1055, 2781, 1)
INSERT INTO interacts VALUES(632518539206, 3, Massacre, 2010, 2853, 1)
INSERT INTO interacts VALUES(632518539206, 3, Contractz, 3340, 3471, 1)
INSERT INTO interacts VALUES(632518539206, 3, Hai, 3340, 3471, 1)
INSERT INTO interacts VALUES(632518539206, 3, Akaadian, 3340, 3672, 1)
INSERT INTO interacts VALUES(632518539206, 3, Balls, 3340, 3730, 1)
INSERT INTO interacts VALUES(632518539206, 3, Altec, 3340, 3764, 1)
INSERT INTO interacts VALUES(632518539206, 3, Contractz, 1041, 3893, 1)
INSERT INTO interacts VALUES(632518539206, 3, Hai, 2003, 3991, 1)
INSERT INTO interacts VALUES(632518539206, 3, Massacre, 3340, 3991, 1)
INSERT INTO interacts VALUES(632518539206, 3, Altec, 1055, 4057, 1)
INSERT INTO interacts VALUES(632518539206, 3, LemonNation, 2010, 4057, 1)
INSERT INTO interacts VALUES(632518539206, 3, Balls, 1054, 4089, 1)
INSERT INTO interacts VALUES(632518539206, 3, LemonNation, 2010, 4193, 1)
INSERT INTO interacts VALUES(632518539206, 3, Altec, 2010, 4250, 1)
INSERT INTO interacts VALUES(632518539206, 3, Norskeren, 3302, 4315, 1)
INSERT INTO interacts VALUES(632518539206, 3, Balls, 2003, 4315, 1)
INSERT INTO interacts VALUES(632518539206, 3, LemonNation, 2010, 4347, 1)
INSERT INTO interacts VALUES(632518539206, 3, Norskeren, 2010, 4573, 1)
INSERT INTO interacts VALUES(632518539206, 3, Contractz, 2031, 4606, 1)
INSERT INTO interacts VALUES(632518539206, 3, Norskeren, 2010, 4768, 1)
INSERT INTO interacts VALUES(632518539206, 3, Akaadian, 2031, 4897, 1)
INSERT INTO interacts VALUES(632518539206, 3, Norskeren, 2010, 4930, 1)
INSERT INTO interacts VALUES(632518539206, 3, Hai, 1082, 5318, 1)
INSERT INTO interacts VALUES(632518539206, 3, Norskeren, 3340, 5318, 1)
INSERT INTO interacts VALUES(632518539206, 3, Chorong, 1055, 5351, 1)
INSERT INTO interacts VALUES(632518539206, 3, Chorong, 3340, 5834, 1)
INSERT INTO interacts VALUES(632518539206, 3, Hai, 2003, 5869, 1)
INSERT INTO interacts VALUES(632518539206, 3, Hai, 2003, 6005, 1)
INSERT INTO interacts VALUES(632518539206, 3, Balls, 2003, 141195, 1)
INSERT INTO interacts VALUES(632518539206, 3, Massacre, 1083, 204032, 1)
INSERT INTO interacts VALUES(632518539206, 3, Norskeren, 1028, 207394, 1)
INSERT INTO interacts VALUES(632518539206, 3, Massacre, 2043, 208813, 1)
INSERT INTO interacts VALUES(632518539206, 3, Altec, 1036, 228165, 1)
INSERT INTO interacts VALUES(632518539206, 3, Altec, 1001, 228973, 1)
INSERT INTO interacts VALUES(632518539206, 3, LemonNation, 1028, 230866, 1)
INSERT INTO interacts VALUES(632518539206, 3, LemonNation, 2043, 233232, 1)
INSERT INTO interacts VALUES(632518539206, 3, Contractz, 3711, 233232, 1)
INSERT INTO interacts VALUES(632518539206, 3, Pekin Woof, 3196, 280810, 1)
INSERT INTO interacts VALUES(632518539206, 3, Chorong, 1036, 283918, 1)
INSERT INTO interacts VALUES(632518539206, 3, Chorong, 1036, 284116, 1)
INSERT INTO interacts VALUES(632518539206, 3, Chorong, 2043, 285105, 1)
INSERT INTO interacts VALUES(632518539206, 3, Chorong, 2003, 285285, 1)
INSERT INTO interacts VALUES(632518539206, 3, Akaadian, 3711, 307130, 1)
INSERT INTO interacts VALUES(632518539206, 3, Akaadian, 1052, 307651, 1)
INSERT INTO interacts VALUES(632518539206, 3, Hai, 3145, 308527, 1)
INSERT INTO interacts VALUES(632518539206, 3, Hai, 2043, 310029, 1)
INSERT INTO interacts VALUES(632518539206, 3, Akaadian, 2032, 311872, 1)
INSERT INTO interacts VALUES(632518539206, 3, Pekin Woof, 2043, 327532, 1)
INSERT INTO interacts VALUES(632518539206, 3, Pekin Woof, 2010, 327791, 1)
INSERT INTO interacts VALUES(632518539206, 3, Pekin Woof, 2010, 327963, 1)
INSERT INTO interacts VALUES(632518539206, 3, Massacre, 1001, 328636, 1)
INSERT INTO interacts VALUES(632518539206, 3, Massacre, 1036, 329481, 1)
INSERT INTO interacts VALUES(632518539206, 3, Norskeren, 1001, 333052, 1)
INSERT INTO interacts VALUES(632518539206, 3, Norskeren, 2043, 337729, 1)
INSERT INTO interacts VALUES(632518539206, 3, Altec, 3134, 345171, 1)
INSERT INTO interacts VALUES(632518539206, 3, Contractz, 1036, 366295, 1)
INSERT INTO interacts VALUES(632518539206, 3, Contractz, 1036, 367272, 1)
INSERT INTO interacts VALUES(632518539206, 3, LemonNation, 3341, 371094, 1)
INSERT INTO interacts VALUES(632518539206, 3, LemonNation, 2049, 371352, 1)
INSERT INTO interacts VALUES(632518539206, 3, LemonNation, 2043, 372248, 1)
INSERT INTO interacts VALUES(632518539206, 3, Balls, 3751, 381954, 1)
INSERT INTO interacts VALUES(632518539206, 3, Balls, 1029, 383553, 1)
INSERT INTO interacts VALUES(632518539206, 3, Chorong, 3077, 384193, 1)
INSERT INTO interacts VALUES(632518539206, 3, Balls, 2003, 384971, 1)
INSERT INTO interacts VALUES(632518539206, 3, Chorong, 1001, 385198, 1)
INSERT INTO interacts VALUES(632518539206, 3, Chorong, 2043, 385980, 1)
INSERT INTO interacts VALUES(632518539206, 3, Norskeren, 2049, 453636, 1)
INSERT INTO interacts VALUES(632518539206, 3, Norskeren, 3341, 454190, 1)
INSERT INTO interacts VALUES(632518539206, 3, Chorong, 2043, 454773, 1)
INSERT INTO interacts VALUES(632518539206, 3, Norskeren, 2043, 456265, 1)
INSERT INTO interacts VALUES(632518539206, 3, Massacre, 3006, 466143, 1)
INSERT INTO interacts VALUES(632518539206, 3, Pekin Woof, 1001, 478724, 1)
INSERT INTO interacts VALUES(632518539206, 3, Pekin Woof, 2010, 479998, 1)
INSERT INTO interacts VALUES(632518539206, 3, Pekin Woof, 2010, 480124, 1)
INSERT INTO interacts VALUES(632518539206, 3, LemonNation, 2010, 480645, 0)
INSERT INTO interacts VALUES(632518539206, 3, LemonNation, 1001, 481582, 1)
INSERT INTO interacts VALUES(632518539206, 3, Hai, 3067, 511376, 1)
INSERT INTO interacts VALUES(632518539206, 3, Hai, 1001, 513478, 1)
INSERT INTO interacts VALUES(632518539206, 3, Hai, 2043, 514908, 1)
INSERT INTO interacts VALUES(632518539206, 3, Hai, 2003, 515168, 1)
INSERT INTO interacts VALUES(632518539206, 3, Akaadian, 1410, 526334, 1)
INSERT INTO interacts VALUES(632518539206, 3, Akaadian, 1001, 527691, 1)
INSERT INTO interacts VALUES(632518539206, 3, Massacre, 3133, 649922, 1)
INSERT INTO interacts VALUES(632518539206, 3, Norskeren, 3097, 650811, 1)
INSERT INTO interacts VALUES(632518539206, 3, Norskeren, 2010, 651414, 1)
INSERT INTO interacts VALUES(632518539206, 3, Massacre, 2043, 651610, 1)
INSERT INTO interacts VALUES(632518539206, 3, Contractz, 1408, 654109, 1)
INSERT INTO interacts VALUES(632518539206, 3, Contractz, 1001, 655017, 1)
INSERT INTO interacts VALUES(632518539206, 3, Contractz, 2043, 655535, 1)
INSERT INTO interacts VALUES(632518539206, 3, Pekin Woof, 3197, 662576, 1)
INSERT INTO interacts VALUES(632518539206, 3, Hai, 3152, 664051, 1)
INSERT INTO interacts VALUES(632518539206, 3, Pekin Woof, 3158, 664170, 1)
INSERT INTO interacts VALUES(632518539206, 3, Pekin Woof, 2043, 665472, 1)
INSERT INTO interacts VALUES(632518539206, 3, Hai, 2043, 665503, 1)
INSERT INTO interacts VALUES(632518539206, 3, Pekin Woof, 2010, 665697, 1)
INSERT INTO interacts VALUES(632518539206, 3, Hai, 2003, 665793, 1)
INSERT INTO interacts VALUES(632518539206, 3, Hai, 2003, 665957, 1)
INSERT INTO interacts VALUES(632518539206, 3, Chorong, 1037, 672282, 1)
INSERT INTO interacts VALUES(632518539206, 3, LemonNation, 1028, 673353, 1)
INSERT INTO interacts VALUES(632518539206, 3, Chorong, 1036, 673804, 1)
INSERT INTO interacts VALUES(632518539206, 3, LemonNation, 2043, 673804, 1)
INSERT INTO interacts VALUES(632518539206, 3, LemonNation, 2010, 674584, 1)
INSERT INTO interacts VALUES(632518539206, 3, Chorong, 2003, 675368, 1)
INSERT INTO interacts VALUES(632518539206, 3, Hai, 3363, 682355, 1)
INSERT INTO interacts VALUES(632518539206, 3, Contractz, 1033, 734163, 1)
INSERT INTO interacts VALUES(632518539206, 3, Balls, 3068, 738678, 1)
INSERT INTO interacts VALUES(632518539206, 3, Balls, 1001, 740362, 1)
INSERT INTO interacts VALUES(632518539206, 3, Balls, 2043, 741847, 1)
INSERT INTO interacts VALUES(632518539206, 3, Altec, 3142, 757867, 1)
INSERT INTO interacts VALUES(632518539206, 3, Altec, 2010, 759811, 1)
INSERT INTO interacts VALUES(632518539206, 3, Akaadian, 3191, 778735, 1)
INSERT INTO interacts VALUES(632518539206, 3, Akaadian, 1052, 779840, 1)
INSERT INTO interacts VALUES(632518539206, 3, Akaadian, 3364, 782542, 1)
INSERT INTO interacts VALUES(632518539206, 3, LemonNation, 2045, 787275, 1)
INSERT INTO interacts VALUES(632518539206, 3, Norskeren, 1028, 788491, 1)
INSERT INTO interacts VALUES(632518539206, 3, Norskeren, 2043, 792803, 1)
INSERT INTO interacts VALUES(632518539206, 3, Chorong, 3074, 853470, 1)
INSERT INTO interacts VALUES(632518539206, 3, Chorong, 2043, 854036, 1)
INSERT INTO interacts VALUES(632518539206, 3, Altec, 1042, 871547, 1)
INSERT INTO interacts VALUES(632518539206, 3, Altec, 1042, 871692, 1)
INSERT INTO interacts VALUES(632518539206, 3, Contractz, 3006, 871692, 1)
INSERT INTO interacts VALUES(632518539206, 3, Altec, 3363, 872591, 1)
INSERT INTO interacts VALUES(632518539206, 3, Contractz, 1036, 872685, 1)
INSERT INTO interacts VALUES(632518539206, 3, Contractz, 2043, 873300, 1)
INSERT INTO interacts VALUES(632518539206, 3, Contractz, 3364, 873722, 1)
INSERT INTO interacts VALUES(632518539206, 3, Akaadian, 3158, 879306, 1)
INSERT INTO interacts VALUES(632518539206, 3, Massacre, 1038, 906302, 1)
INSERT INTO interacts VALUES(632518539206, 3, Massacre, 1083, 908943, 0)
INSERT INTO interacts VALUES(632518539206, 3, Massacre, 3508, 909848, 1)
INSERT INTO interacts VALUES(632518539206, 3, Balls, 3047, 910368, 1)
INSERT INTO interacts VALUES(632518539206, 3, Massacre, 2043, 910985, 1)
INSERT INTO interacts VALUES(632518539206, 3, Massacre, 2010, 911227, 1)
INSERT INTO interacts VALUES(632518539206, 3, Balls, 2043, 911698, 1)
INSERT INTO interacts VALUES(632518539206, 3, Balls, 2003, 911926, 1)
INSERT INTO interacts VALUES(632518539206, 3, LemonNation, 1028, 914349, 1)
INSERT INTO interacts VALUES(632518539206, 3, LemonNation, 2043, 914984, 1)
INSERT INTO interacts VALUES(632518539206, 3, Pekin Woof, 1058, 969355, 1)
INSERT INTO interacts VALUES(632518539206, 3, Pekin Woof, 2010, 971238, 0)
INSERT INTO interacts VALUES(632518539206, 3, Pekin Woof, 2010, 971368, 0)
INSERT INTO interacts VALUES(632518539206, 3, Pekin Woof, 1028, 972922, 1)
INSERT INTO interacts VALUES(632518539206, 3, Chorong, 1029, 985325, 1)
INSERT INTO interacts VALUES(632518539206, 3, Chorong, 1028, 985960, 1)
INSERT INTO interacts VALUES(632518539206, 3, Massacre, 3363, 996165, 1)
INSERT INTO interacts VALUES(632518539206, 3, Altec, 3006, 1012749, 1)
INSERT INTO interacts VALUES(632518539206, 3, Hai, 3108, 1012878, 1)
INSERT INTO interacts VALUES(632518539206, 3, Altec, 1042, 1013202, 1)
INSERT INTO interacts VALUES(632518539206, 3, Hai, 1057, 1013233, 1)
INSERT INTO interacts VALUES(632518539206, 3, Altec, 2043, 1014274, 1)
INSERT INTO interacts VALUES(632518539206, 3, Hai, 1052, 1014954, 1)
INSERT INTO interacts VALUES(632518539206, 3, Norskeren, 2303, 1020526, 1)
INSERT INTO interacts VALUES(632518539206, 3, Norskeren, 3158, 1022087, 1)
INSERT INTO interacts VALUES(632518539206, 3, Norskeren, 1006, 1023643, 1)
INSERT INTO interacts VALUES(632518539206, 3, Norskeren, 2043, 1024128, 1)
INSERT INTO interacts VALUES(632518539206, 3, Norskeren, 2010, 1024324, 1)
INSERT INTO interacts VALUES(632518539206, 3, Balls, 1033, 1025467, 1)
INSERT INTO interacts VALUES(632518539206, 3, Balls, 1028, 1025952, 1)
INSERT INTO interacts VALUES(632518539206, 3, LemonNation, 3158, 1030506, 1)
INSERT INTO interacts VALUES(632518539206, 3, LemonNation, 2043, 1031541, 1)
INSERT INTO interacts VALUES(632518539206, 3, Contractz, 3155, 1032033, 1)
INSERT INTO interacts VALUES(632518539206, 3, Contractz, 3134, 1033622, 1)
INSERT INTO interacts VALUES(632518539206, 3, Chorong, 3047, 1061117, 1)
INSERT INTO interacts VALUES(632518539206, 3, Massacre, 1042, 1084901, 1)
INSERT INTO interacts VALUES(632518539206, 3, Norskeren, 3801, 1085258, 1)
INSERT INTO interacts VALUES(632518539206, 3, Massacre, 1051, 1085290, 1)
INSERT INTO interacts VALUES(632518539206, 3, Massacre, 2043, 1088600, 1)
INSERT INTO interacts VALUES(632518539206, 3, Akaadian, 3157, 1093110, 1)
INSERT INTO interacts VALUES(632518539206, 3, Akaadian, 2043, 1094181, 1)
INSERT INTO interacts VALUES(632518539206, 3, Altec, 1043, 1101096, 1)
INSERT INTO interacts VALUES(632518539206, 3, Altec, 1051, 1106793, 1)
INSERT INTO interacts VALUES(632518539206, 3, Hai, 3001, 1112313, 1)
INSERT INTO interacts VALUES(632518539206, 3, LemonNation, 3801, 1113552, 1)
INSERT INTO interacts VALUES(632518539206, 3, Hai, 2043, 1113777, 1)
INSERT INTO interacts VALUES(632518539206, 3, LemonNation, 2043, 1118063, 1)
INSERT INTO interacts VALUES(632518539206, 3, Balls, 3211, 1126412, 1)
INSERT INTO interacts VALUES(632518539206, 3, Chorong, 1011, 1205597, 1)
INSERT INTO interacts VALUES(632518539206, 3, Chorong, 1029, 1205967, 1)
INSERT INTO interacts VALUES(632518539206, 3, Chorong, 2043, 1206629, 1)
INSERT INTO interacts VALUES(632518539206, 3, Contractz, 3156, 1229446, 1)
INSERT INTO interacts VALUES(632518539206, 3, Contractz, 1042, 1229803, 1)
INSERT INTO interacts VALUES(632518539206, 3, Massacre, 3086, 1231070, 1)
INSERT INTO interacts VALUES(632518539206, 3, Pekin Woof, 3116, 1231949, 1)
INSERT INTO interacts VALUES(632518539206, 3, Massacre, 1042, 1232204, 1)
INSERT INTO interacts VALUES(632518539206, 3, Massacre, 2043, 1233233, 1)
INSERT INTO interacts VALUES(632518539206, 3, Pekin Woof, 2043, 1233345, 1)
INSERT INTO interacts VALUES(632518539206, 3, Pekin Woof, 3363, 1234223, 1)
INSERT INTO interacts VALUES(632518539206, 3, Balls, 1011, 1234712, 1)
INSERT INTO interacts VALUES(632518539206, 3, Balls, 2043, 1236756, 1)
INSERT INTO interacts VALUES(632518539206, 3, LemonNation, 2043, 1238055, 1)
INSERT INTO interacts VALUES(632518539206, 3, LemonNation, 2043, 1238219, 1)
INSERT INTO interacts VALUES(632518539206, 3, Norskeren, 1033, 1238996, 1)
INSERT INTO interacts VALUES(632518539206, 3, Norskeren, 2043, 1239739, 1)
INSERT INTO interacts VALUES(632518539206, 3, Norskeren, 2043, 1239870, 1)
INSERT INTO interacts VALUES(632518539206, 3, Norskeren, 3364, 1240130, 1)
INSERT INTO interacts VALUES(632518539206, 3, Hai, 3020, 1249356, 1)
INSERT INTO interacts VALUES(632518539206, 3, Hai, 2043, 1250650, 1)
INSERT INTO interacts VALUES(632518539206, 3, Hai, 2003, 1254905, 1)
INSERT INTO interacts VALUES(632518539206, 3, Altec, 3086, 1256382, 1)
INSERT INTO interacts VALUES(632518539206, 3, Altec, 2010, 1257406, 1)
INSERT INTO interacts VALUES(632518539206, 3, Chorong, 3082, 1349782, 1)
INSERT INTO interacts VALUES(632518539206, 3, Akaadian, 3108, 1352328, 1)
INSERT INTO interacts VALUES(632518539206, 3, Norskeren, 2010, 1352638, 1)
INSERT INTO interacts VALUES(632518539206, 3, Akaadian, 1033, 1352799, 1)
INSERT INTO interacts VALUES(632518539206, 3, Massacre, 2015, 1354686, 1)
INSERT INTO interacts VALUES(632518539206, 3, Chorong, 2043, 1366185, 1)
INSERT INTO interacts VALUES(632518539206, 3, Altec, 3085, 1377043, 1)
INSERT INTO interacts VALUES(632518539206, 3, LemonNation, 3105, 1378163, 1)
INSERT INTO interacts VALUES(632518539206, 3, Altec, 1033, 1378877, 1)
INSERT INTO interacts VALUES(632518539206, 3, LemonNation, 2043, 1379428, 1)
INSERT INTO interacts VALUES(632518539206, 3, LemonNation, 3364, 1380626, 1)
INSERT INTO interacts VALUES(632518539206, 3, Hai, 3108, 1386658, 1)
INSERT INTO interacts VALUES(632518539206, 3, Pekin Woof, 1026, 1388786, 1)
INSERT INTO interacts VALUES(632518539206, 3, Contractz, 3086, 1394190, 1)
INSERT INTO interacts VALUES(632518539206, 3, Contractz, 2031, 1396437, 0)
INSERT INTO interacts VALUES(632518539206, 3, Contractz, 2043, 1398980, 1)
INSERT INTO interacts VALUES(632518539206, 3, Massacre, 3087, 1412582, 1)
INSERT INTO interacts VALUES(632518539206, 3, Massacre, 2043, 1415416, 1)
INSERT INTO interacts VALUES(632518539206, 3, Norskeren, 3105, 1419221, 1)
INSERT INTO interacts VALUES(632518539206, 3, Norskeren, 2043, 1420129, 1)
INSERT INTO interacts VALUES(632518539206, 3, Akaadian, 1057, 1450877, 1)
INSERT INTO interacts VALUES(632518539206, 3, Norskeren, 1028, 1504687, 1)
INSERT INTO interacts VALUES(632518539206, 3, Norskeren, 2010, 1505237, 1)
INSERT INTO interacts VALUES(632518539206, 3, Chorong, 3143, 1507150, 1)
INSERT INTO interacts VALUES(632518539206, 3, LemonNation, 3190, 1521369, 1)
INSERT INTO interacts VALUES(632518539206, 3, Hai, 3191, 1522994, 1)
INSERT INTO interacts VALUES(632518539206, 3, Altec, 1038, 1536745, 1)
INSERT INTO interacts VALUES(632518539206, 3, Balls, 3143, 1536940, 1)
INSERT INTO interacts VALUES(632518539206, 3, Chorong, 2043, 1537069, 1)
INSERT INTO interacts VALUES(632518539206, 3, Balls, 1029, 1538078, 1)
INSERT INTO interacts VALUES(632518539206, 3, Contractz, 3046, 1538797, 1)
INSERT INTO interacts VALUES(632518539206, 3, Contractz, 1036, 1539931, 1)
INSERT INTO interacts VALUES(632518539206, 3, Contractz, 2043, 1540291, 1)
INSERT INTO interacts VALUES(632518539206, 3, Massacre, 1038, 1567782, 1)
INSERT INTO interacts VALUES(632518539206, 3, Norskeren, 2043, 1570252, 1)
INSERT INTO interacts VALUES(632518539206, 3, Norskeren, 2010, 1570480, 1)
INSERT INTO interacts VALUES(632518539206, 3, Pekin Woof, 1052, 1606087, 1)
INSERT INTO interacts VALUES(632518539206, 3, Contractz, 1053, 1606607, 1)
INSERT INTO interacts VALUES(632518539206, 3, Massacre, 1037, 1610381, 1)
INSERT INTO interacts VALUES(632518539206, 3, Akaadian, 3001, 1610867, 1)
INSERT INTO interacts VALUES(632518539206, 3, Chorong, 1028, 1613091, 1)
INSERT INTO interacts VALUES(632518539206, 3, Chorong, 1033, 1614176, 1)
INSERT INTO interacts VALUES(632518539206, 3, Chorong, 2043, 1615243, 1)
INSERT INTO interacts VALUES(632518539206, 3, Balls, 1031, 1640942, 1)
INSERT INTO interacts VALUES(632518539206, 3, LemonNation, 3114, 1641364, 1)
INSERT INTO interacts VALUES(632518539206, 3, Balls, 1054, 1642433, 0)
INSERT INTO interacts VALUES(632518539206, 3, Balls, 1057, 1644009, 1)
INSERT INTO interacts VALUES(632518539206, 3, Contractz, 2043, 1644053, 1)
INSERT INTO interacts VALUES(632518539206, 3, Norskeren, 3067, 1660975, 1)
INSERT INTO interacts VALUES(632518539206, 3, Chorong, 2043, 1690830, 0)
INSERT INTO interacts VALUES(632518539206, 3, Chorong, 1028, 1691612, 1)
INSERT INTO interacts VALUES(632518539206, 3, Pekin Woof, 3135, 1735477, 1)
INSERT INTO interacts VALUES(632518539206, 3, Norskeren, 3190, 1760379, 1)
INSERT INTO interacts VALUES(632518539206, 3, Norskeren, 1029, 1761706, 1)
INSERT INTO interacts VALUES(632518539206, 3, Pekin Woof, 2139, 1782830, 1)
INSERT INTO interacts VALUES(632518539206, 3, Akaadian, 1026, 1793030, 1)
INSERT INTO interacts VALUES(632518539206, 3, Chorong, 3211, 1811040, 1)
INSERT INTO interacts VALUES(632518539206, 3, Chorong, 1028, 1811848, 1)
INSERT INTO interacts VALUES(632518539206, 3, Norskeren, 2043, 1811848, 1)
INSERT INTO interacts VALUES(632518539206, 3, Norskeren, 2010, 1812109, 1)
INSERT INTO interacts VALUES(632518539206, 3, Contractz, 2043, 1814091, 0)
INSERT INTO interacts VALUES(632518539206, 3, Massacre, 3031, 1814854, 1)
INSERT INTO interacts VALUES(632518539206, 3, Contractz, 3035, 1818292, 1)
INSERT INTO interacts VALUES(632518539206, 3, Balls, 3026, 1836921, 1)
INSERT INTO interacts VALUES(632518539206, 3, Altec, 3031, 1837409, 1)
INSERT INTO interacts VALUES(632518539206, 3, LemonNation, 3504, 1837539, 1)
INSERT INTO interacts VALUES(632518539206, 3, Balls, 1031, 1838322, 1)
INSERT INTO interacts VALUES(632518539206, 3, LemonNation, 2043, 1839592, 1)
INSERT INTO interacts VALUES(632518539206, 3, LemonNation, 2043, 1839762, 1)
INSERT INTO interacts VALUES(632518539206, 3, Hai, 3157, 1848865, 1)
INSERT INTO interacts VALUES(632518539206, 3, Hai, 3041, 1851137, 1)
INSERT INTO interacts VALUES(632518539206, 3, Hai, 1026, 1852328, 1)
INSERT INTO interacts VALUES(632518539206, 3, Massacre, 1037, 1869781, 1)
INSERT INTO interacts VALUES(632518539206, 3, Norskeren, 1029, 1872449, 1)
INSERT INTO interacts VALUES(632518539206, 3, Chorong, 3067, 1943489, 1)
INSERT INTO interacts VALUES(632518539206, 3, Chorong, 1055, 1944621, 0)
INSERT INTO interacts VALUES(632518539206, 3, Chorong, 1031, 1946159, 1)
INSERT INTO interacts VALUES(632518539206, 3, Massacre, 3035, 1976754, 1)
INSERT INTO interacts VALUES(632518539206, 3, Norskeren, 1056, 1980850, 1)
INSERT INTO interacts VALUES(632518539206, 3, Hai, 3135, 1988392, 1)
INSERT INTO series VALUES(
                    Game 1 of 5
                  )
INSERT INTO organizes VALUES(632518539206)
INSERT INTO matches VALUES(302355329486, 1, 2016-06-15)
INSERT INTO competes VALUES(302355329486, APP, True)
INSERT INTO competes VALUES(302355329486, TLA, False)
INSERT INTO scores VALUES(APP, 302355329486, 1, 0, 2, 0, 0, 0, 0)
INSERT INTO scores VALUES(TLA, 302355329486, 1, 1, 9, 1, 1, 5, 1)
INSERT INTO bans VALUES(302355329486, 1, 7, 1)
INSERT INTO bans VALUES(302355329486, 1, 57, 3)
INSERT INTO bans VALUES(302355329486, 1, 8, 5)
INSERT INTO bans VALUES(302355329486, 1, 421, 2)
INSERT INTO bans VALUES(302355329486, 1, 203, 4)
INSERT INTO bans VALUES(302355329486, 1, 60, 6)
INSERT INTO plays VALUES(302355329486, 1, Cris, 150, Jungle, 0, 4, 1, 9321, 19, 5, 279, 12, 4, 12095)
INSERT INTO plays VALUES(302355329486, 1, Diamondprox, 76, Jungle, 0, 2, 1, 8812, 34, 15, 35, 101, 17, 10700)
INSERT INTO plays VALUES(302355329486, 1, Shiphtur, 268, Mid, 0, 2, 1, 13653, 13, 8, 294, 16, 2, 11522)
INSERT INTO plays VALUES(302355329486, 1, Roar, 81, Top, 2, 3, 0, 9535, 15, 6, 286, 11, 0, 11679)
INSERT INTO plays VALUES(302355329486, 1, KonKwon, 223, Top, 0, 2, 1, 1639, 49, 8, 53, 0, 0, 7525)
INSERT INTO plays VALUES(302355329486, 1, Solo, 48, NONE, 3, 0, 5, 8435, 17, 7, 286, 6, 0, 14335)
INSERT INTO plays VALUES(302355329486, 1, Moon, 28, Jungle, 3, 0, 8, 23480, 15, 7, 34, 88, 20, 12549)
INSERT INTO plays VALUES(302355329486, 1, Goldenglue, 112, Mid, 4, 0, 5, 13937, 18, 12, 300, 14, 16, 14925)
INSERT INTO plays VALUES(302355329486, 1, fabbbyyy, 22, Jungle, 1, 1, 7, 9474, 12, 7, 273, 3, 3, 12641)
INSERT INTO plays VALUES(302355329486, 1, Stunt, 201, Jungle, 2, 1, 6, 3129, 40, 11, 56, 0, 1, 9723)
INSERT INTO interacts VALUES(302355329486, 1, KonKwon, 3302, 1337, 1)
INSERT INTO interacts VALUES(302355329486, 1, KonKwon, 3340, 1760, 1)
INSERT INTO interacts VALUES(302355329486, 1, Goldenglue, 1056, 1955, 1)
INSERT INTO interacts VALUES(302355329486, 1, Moon, 1039, 1991, 1)
INSERT INTO interacts VALUES(302355329486, 1, Moon, 2031, 2249, 1)
INSERT INTO interacts VALUES(302355329486, 1, fabbbyyy, 1055, 2283, 1)
INSERT INTO interacts VALUES(302355329486, 1, Cris, 1055, 2344, 1)
INSERT INTO interacts VALUES(302355329486, 1, Moon, 3340, 2475, 1)
INSERT INTO interacts VALUES(302355329486, 1, fabbbyyy, 2010, 2507, 1)
INSERT INTO interacts VALUES(302355329486, 1, KonKwon, 2010, 2574, 1)
INSERT INTO interacts VALUES(302355329486, 1, Goldenglue, 2010, 2574, 1)
INSERT INTO interacts VALUES(302355329486, 1, Cris, 2003, 2701, 1)
INSERT INTO interacts VALUES(302355329486, 1, KonKwon, 2010, 2704, 1)
INSERT INTO interacts VALUES(302355329486, 1, Goldenglue, 2010, 2704, 1)
INSERT INTO interacts VALUES(302355329486, 1, fabbbyyy, 3340, 2704, 1)
INSERT INTO interacts VALUES(302355329486, 1, KonKwon, 2010, 2831, 1)
INSERT INTO interacts VALUES(302355329486, 1, Cris, 3340, 2999, 1)
INSERT INTO interacts VALUES(302355329486, 1, Goldenglue, 3340, 3289, 1)
INSERT INTO interacts VALUES(302355329486, 1, Stunt, 3302, 3870, 1)
INSERT INTO interacts VALUES(302355329486, 1, Stunt, 2010, 4102, 1)
INSERT INTO interacts VALUES(302355329486, 1, Stunt, 2010, 4292, 1)
INSERT INTO interacts VALUES(302355329486, 1, Stunt, 2010, 4584, 1)
INSERT INTO interacts VALUES(302355329486, 1, Stunt, 3340, 4996, 1)
INSERT INTO interacts VALUES(302355329486, 1, Diamondprox, 1039, 5659, 1)
INSERT INTO interacts VALUES(302355329486, 1, Solo, 1054, 6245, 1)
INSERT INTO interacts VALUES(302355329486, 1, Shiphtur, 1056, 6538, 1)
INSERT INTO interacts VALUES(302355329486, 1, Diamondprox, 2031, 6673, 1)
INSERT INTO interacts VALUES(302355329486, 1, Solo, 2003, 6706, 1)
INSERT INTO interacts VALUES(302355329486, 1, Shiphtur, 2003, 6769, 1)
INSERT INTO interacts VALUES(302355329486, 1, Shiphtur, 2003, 6931, 1)
INSERT INTO interacts VALUES(302355329486, 1, Shiphtur, 3340, 7161, 1)
INSERT INTO interacts VALUES(302355329486, 1, Solo, 3340, 7226, 1)
INSERT INTO interacts VALUES(302355329486, 1, Diamondprox, 3340, 7291, 1)
INSERT INTO interacts VALUES(302355329486, 1, Roar, 1055, 8122, 1)
INSERT INTO interacts VALUES(302355329486, 1, Roar, 2010, 8328, 1)
INSERT INTO interacts VALUES(302355329486, 1, Roar, 3340, 8524, 1)
INSERT INTO interacts VALUES(302355329486, 1, Stunt, 1028, 222524, 1)
INSERT INTO interacts VALUES(302355329486, 1, fabbbyyy, 1042, 226068, 1)
INSERT INTO interacts VALUES(302355329486, 1, fabbbyyy, 1042, 226199, 1)
INSERT INTO interacts VALUES(302355329486, 1, Roar, 2010, 228309, 0)
INSERT INTO interacts VALUES(302355329486, 1, KonKwon, 1001, 231383, 1)
INSERT INTO interacts VALUES(302355329486, 1, KonKwon, 2043, 231764, 1)
INSERT INTO interacts VALUES(302355329486, 1, KonKwon, 2043, 235701, 1)
INSERT INTO interacts VALUES(302355329486, 1, Roar, 3070, 236713, 1)
INSERT INTO interacts VALUES(302355329486, 1, Diamondprox, 3711, 238082, 1)
INSERT INTO interacts VALUES(302355329486, 1, Diamondprox, 2043, 238504, 1)
INSERT INTO interacts VALUES(302355329486, 1, Moon, 3715, 262666, 1)
INSERT INTO interacts VALUES(302355329486, 1, Moon, 1052, 264958, 1)
INSERT INTO interacts VALUES(302355329486, 1, Cris, 1036, 273358, 1)
INSERT INTO interacts VALUES(302355329486, 1, Cris, 1028, 273693, 1)
INSERT INTO interacts VALUES(302355329486, 1, Cris, 2043, 274700, 1)
INSERT INTO interacts VALUES(302355329486, 1, Shiphtur, 3101, 336951, 1)
INSERT INTO interacts VALUES(302355329486, 1, Shiphtur, 2003, 338763, 1)
INSERT INTO interacts VALUES(302355329486, 1, Shiphtur, 2003, 338894, 1)
INSERT INTO interacts VALUES(302355329486, 1, Goldenglue, 3196, 363206, 1)
INSERT INTO interacts VALUES(302355329486, 1, Goldenglue, 1056, 364318, 1)
INSERT INTO interacts VALUES(302355329486, 1, Goldenglue, 2043, 365331, 1)
INSERT INTO interacts VALUES(302355329486, 1, Goldenglue, 2010, 365898, 1)
INSERT INTO interacts VALUES(302355329486, 1, Solo, 3077, 376478, 1)
INSERT INTO interacts VALUES(302355329486, 1, Solo, 2043, 378140, 1)
INSERT INTO interacts VALUES(302355329486, 1, Moon, 2032, 398680, 1)
INSERT INTO interacts VALUES(302355329486, 1, Moon, 1001, 400204, 1)
INSERT INTO interacts VALUES(302355329486, 1, Diamondprox, 3113, 408459, 1)
INSERT INTO interacts VALUES(302355329486, 1, Cris, 3044, 432993, 1)
INSERT INTO interacts VALUES(302355329486, 1, Cris, 1001, 434188, 1)
INSERT INTO interacts VALUES(302355329486, 1, Cris, 2043, 434964, 1)
INSERT INTO interacts VALUES(302355329486, 1, Goldenglue, 3197, 541356, 1)
INSERT INTO interacts VALUES(302355329486, 1, Goldenglue, 2010, 542087, 1)
INSERT INTO interacts VALUES(302355329486, 1, Goldenglue, 2010, 542388, 1)
INSERT INTO interacts VALUES(302355329486, 1, Goldenglue, 2010, 542912, 1)
INSERT INTO interacts VALUES(302355329486, 1, Shiphtur, 3108, 567136, 1)
INSERT INTO interacts VALUES(302355329486, 1, Shiphtur, 1001, 568177, 1)
INSERT INTO interacts VALUES(302355329486, 1, Moon, 3113, 569270, 1)
INSERT INTO interacts VALUES(302355329486, 1, Shiphtur, 2043, 569370, 1)
INSERT INTO interacts VALUES(302355329486, 1, Shiphtur, 2031, 569596, 1)
INSERT INTO interacts VALUES(302355329486, 1, Moon, 1052, 570594, 1)
INSERT INTO interacts VALUES(302355329486, 1, Moon, 2043, 570981, 1)
INSERT INTO interacts VALUES(302355329486, 1, Diamondprox, 1410, 578695, 1)
INSERT INTO interacts VALUES(302355329486, 1, Diamondprox, 2043, 579192, 1)
INSERT INTO interacts VALUES(302355329486, 1, Cris, 3133, 626409, 1)
INSERT INTO interacts VALUES(302355329486, 1, Shiphtur, 2043, 666897, 1)
INSERT INTO interacts VALUES(302355329486, 1, Solo, 3009, 667025, 1)
INSERT INTO interacts VALUES(302355329486, 1, Solo, 3024, 669097, 1)
INSERT INTO interacts VALUES(302355329486, 1, Moon, 1414, 682546, 1)
INSERT INTO interacts VALUES(302355329486, 1, Moon, 1082, 685171, 1)
INSERT INTO interacts VALUES(302355329486, 1, Goldenglue, 3363, 719470, 1)
INSERT INTO interacts VALUES(302355329486, 1, Goldenglue, 3198, 722694, 1)
INSERT INTO interacts VALUES(302355329486, 1, fabbbyyy, 1038, 738760, 1)
INSERT INTO interacts VALUES(302355329486, 1, fabbbyyy, 3133, 739091, 1)
INSERT INTO interacts VALUES(302355329486, 1, fabbbyyy, 2010, 740959, 0)
INSERT INTO interacts VALUES(302355329486, 1, fabbbyyy, 1001, 741652, 1)
INSERT INTO interacts VALUES(302355329486, 1, Stunt, 3097, 748761, 1)
INSERT INTO interacts VALUES(302355329486, 1, Stunt, 3158, 750156, 1)
INSERT INTO interacts VALUES(302355329486, 1, Stunt, 2049, 755122, 1)
INSERT INTO interacts VALUES(302355329486, 1, Stunt, 3158, 756889, 1)
INSERT INTO interacts VALUES(302355329486, 1, Stunt, 2043, 758501, 1)
INSERT INTO interacts VALUES(302355329486, 1, KonKwon, 2049, 759448, 1)
INSERT INTO interacts VALUES(302355329486, 1, Roar, 3025, 759459, 1)
INSERT INTO interacts VALUES(302355329486, 1, KonKwon, 3009, 760522, 1)
INSERT INTO interacts VALUES(302355329486, 1, KonKwon, 2043, 760891, 1)
INSERT INTO interacts VALUES(302355329486, 1, KonKwon, 3341, 761230, 1)
INSERT INTO interacts VALUES(302355329486, 1, Roar, 1001, 761527, 1)
INSERT INTO interacts VALUES(302355329486, 1, KonKwon, 2043, 761592, 1)
INSERT INTO interacts VALUES(302355329486, 1, KonKwon, 2010, 761835, 1)
INSERT INTO interacts VALUES(302355329486, 1, Diamondprox, 1026, 782894, 1)
INSERT INTO interacts VALUES(302355329486, 1, Diamondprox, 1001, 784735, 1)
INSERT INTO interacts VALUES(302355329486, 1, Diamondprox, 2043, 785133, 1)
INSERT INTO interacts VALUES(302355329486, 1, Diamondprox, 3363, 787040, 1)
INSERT INTO interacts VALUES(302355329486, 1, Solo, 1028, 836073, 1)
INSERT INTO interacts VALUES(302355329486, 1, Solo, 1033, 836323, 1)
INSERT INTO interacts VALUES(302355329486, 1, Cris, 3071, 836994, 1)
INSERT INTO interacts VALUES(302355329486, 1, Cris, 2043, 838819, 1)
INSERT INTO interacts VALUES(302355329486, 1, Cris, 2003, 839482, 1)
INSERT INTO interacts VALUES(302355329486, 1, Shiphtur, 3115, 840561, 1)
INSERT INTO interacts VALUES(302355329486, 1, KonKwon, 2043, 878015, 1)
INSERT INTO interacts VALUES(302355329486, 1, KonKwon, 3097, 878962, 1)
INSERT INTO interacts VALUES(302355329486, 1, Roar, 3158, 879233, 1)
INSERT INTO interacts VALUES(302355329486, 1, Roar, 2010, 879674, 1)
INSERT INTO interacts VALUES(302355329486, 1, KonKwon, 2043, 882310, 1)
INSERT INTO interacts VALUES(302355329486, 1, fabbbyyy, 3508, 912745, 1)
INSERT INTO interacts VALUES(302355329486, 1, fabbbyyy, 1042, 914677, 1)
INSERT INTO interacts VALUES(302355329486, 1, Stunt, 2303, 916892, 1)
INSERT INTO interacts VALUES(302355329486, 1, Stunt, 3341, 917572, 1)
INSERT INTO interacts VALUES(302355329486, 1, Stunt, 2043, 918972, 1)
INSERT INTO interacts VALUES(302355329486, 1, Diamondprox, 3010, 921217, 1)
INSERT INTO interacts VALUES(302355329486, 1, Goldenglue, 1058, 925298, 1)
INSERT INTO interacts VALUES(302355329486, 1, Goldenglue, 1001, 926148, 1)
INSERT INTO interacts VALUES(302355329486, 1, Solo, 3211, 926246, 1)
INSERT INTO interacts VALUES(302355329486, 1, Goldenglue, 2043, 927408, 1)
INSERT INTO interacts VALUES(302355329486, 1, KonKwon, 2043, 929779, 1)
INSERT INTO interacts VALUES(302355329486, 1, Solo, 1028, 930262, 1)
INSERT INTO interacts VALUES(302355329486, 1, Moon, 1058, 932903, 1)
INSERT INTO interacts VALUES(302355329486, 1, Moon, 2043, 934424, 1)
INSERT INTO interacts VALUES(302355329486, 1, Moon, 3363, 934801, 1)
INSERT INTO interacts VALUES(302355329486, 1, Cris, 3009, 952017, 1)
INSERT INTO interacts VALUES(302355329486, 1, Cris, 2043, 954171, 1)
INSERT INTO interacts VALUES(302355329486, 1, Cris, 2003, 954886, 1)
INSERT INTO interacts VALUES(302355329486, 1, Shiphtur, 1058, 966603, 1)
INSERT INTO interacts VALUES(302355329486, 1, Shiphtur, 3363, 968322, 1)
INSERT INTO interacts VALUES(302355329486, 1, Shiphtur, 2043, 970133, 1)
INSERT INTO interacts VALUES(302355329486, 1, KonKwon, 2043, 1055820, 1)
INSERT INTO interacts VALUES(302355329486, 1, KonKwon, 2043, 1055953, 1)
INSERT INTO interacts VALUES(302355329486, 1, Stunt, 1028, 1057685, 1)
INSERT INTO interacts VALUES(302355329486, 1, Stunt, 2043, 1058419, 1)
INSERT INTO interacts VALUES(302355329486, 1, fabbbyyy, 3006, 1060641, 1)
INSERT INTO interacts VALUES(302355329486, 1, fabbbyyy, 3363, 1061040, 1)
INSERT INTO interacts VALUES(302355329486, 1, fabbbyyy, 1051, 1063669, 1)
INSERT INTO interacts VALUES(302355329486, 1, Roar, 3363, 1069694, 1)
INSERT INTO interacts VALUES(302355329486, 1, Roar, 1037, 1071214, 1)
INSERT INTO interacts VALUES(302355329486, 1, Roar, 2043, 1072646, 1)
INSERT INTO interacts VALUES(302355329486, 1, Goldenglue, 3020, 1074235, 1)
INSERT INTO interacts VALUES(302355329486, 1, Goldenglue, 2043, 1074693, 1)
INSERT INTO interacts VALUES(302355329486, 1, Diamondprox, 3027, 1075543, 1)
INSERT INTO interacts VALUES(302355329486, 1, Moon, 3020, 1086395, 1)
INSERT INTO interacts VALUES(302355329486, 1, Moon, 2043, 1087206, 1)
INSERT INTO interacts VALUES(302355329486, 1, Solo, 3065, 1088260, 1)
INSERT INTO interacts VALUES(302355329486, 1, Solo, 2043, 1088802, 1)
INSERT INTO interacts VALUES(302355329486, 1, Cris, 3052, 1125663, 1)
INSERT INTO interacts VALUES(302355329486, 1, Cris, 2043, 1127843, 1)
INSERT INTO interacts VALUES(302355329486, 1, Roar, 2010, 1154437, 1)
INSERT INTO interacts VALUES(302355329486, 1, KonKwon, 2303, 1156033, 1)
INSERT INTO interacts VALUES(302355329486, 1, KonKwon, 2010, 1156861, 1)
INSERT INTO interacts VALUES(302355329486, 1, KonKwon, 2043, 1159576, 1)
INSERT INTO interacts VALUES(302355329486, 1, fabbbyyy, 1043, 1174940, 1)
INSERT INTO interacts VALUES(302355329486, 1, Stunt, 1033, 1174994, 1)
INSERT INTO interacts VALUES(302355329486, 1, Stunt, 2043, 1175743, 1)
INSERT INTO interacts VALUES(302355329486, 1, fabbbyyy, 2043, 1177283, 1)
INSERT INTO interacts VALUES(302355329486, 1, Solo, 1029, 1179866, 1)
INSERT INTO interacts VALUES(302355329486, 1, Diamondprox, 3158, 1202226, 1)
INSERT INTO interacts VALUES(302355329486, 1, Diamondprox, 2043, 1204075, 1)
INSERT INTO interacts VALUES(302355329486, 1, Roar, 3004, 1214142, 1)
INSERT INTO interacts VALUES(302355329486, 1, Roar, 2043, 1215678, 1)
INSERT INTO interacts VALUES(302355329486, 1, KonKwon, 2043, 1220566, 1)
INSERT INTO interacts VALUES(302355329486, 1, KonKwon, 1006, 1221125, 1)
INSERT INTO interacts VALUES(302355329486, 1, Shiphtur, 3116, 1294574, 1)
INSERT INTO interacts VALUES(302355329486, 1, Shiphtur, 2043, 1295823, 1)
INSERT INTO interacts VALUES(302355329486, 1, KonKwon, 2043, 1311743, 1)
INSERT INTO interacts VALUES(302355329486, 1, Goldenglue, 3116, 1356924, 1)
INSERT INTO interacts VALUES(302355329486, 1, fabbbyyy, 3085, 1357230, 1)
INSERT INTO interacts VALUES(302355329486, 1, Solo, 3110, 1358860, 1)
INSERT INTO interacts VALUES(302355329486, 1, Goldenglue, 2010, 1361219, 1)
INSERT INTO interacts VALUES(302355329486, 1, Diamondprox, 1057, 1383741, 1)
INSERT INTO interacts VALUES(302355329486, 1, Diamondprox, 2043, 1384918, 1)
INSERT INTO interacts VALUES(302355329486, 1, KonKwon, 3801, 1384918, 1)
INSERT INTO interacts VALUES(302355329486, 1, KonKwon, 2043, 1385345, 1)
INSERT INTO interacts VALUES(302355329486, 1, Cris, 3022, 1386832, 1)
INSERT INTO interacts VALUES(302355329486, 1, Cris, 2043, 1387743, 1)
INSERT INTO interacts VALUES(302355329486, 1, Roar, 1037, 1388924, 1)
INSERT INTO interacts VALUES(302355329486, 1, Stunt, 3364, 1393366, 1)
INSERT INTO interacts VALUES(302355329486, 1, Stunt, 3105, 1394259, 1)
INSERT INTO interacts VALUES(302355329486, 1, Stunt, 2043, 1396230, 1)
INSERT INTO interacts VALUES(302355329486, 1, Shiphtur, 3020, 1414070, 1)
INSERT INTO interacts VALUES(302355329486, 1, Moon, 3116, 1485738, 1)
INSERT INTO interacts VALUES(302355329486, 1, Moon, 2043, 1486710, 1)
INSERT INTO interacts VALUES(302355329486, 1, Stunt, 1028, 1498126, 1)
INSERT INTO interacts VALUES(302355329486, 1, Roar, 3035, 1498677, 1)
INSERT INTO interacts VALUES(302355329486, 1, Roar, 2010, 1499732, 0)
INSERT INTO interacts VALUES(302355329486, 1, Roar, 1036, 1500711, 1)
INSERT INTO interacts VALUES(302355329486, 1, Diamondprox, 1031, 1501849, 1)
INSERT INTO interacts VALUES(302355329486, 1, KonKwon, 1033, 1509090, 1)
INSERT INTO interacts VALUES(302355329486, 1, KonKwon, 2043, 1509687, 1)
INSERT INTO interacts VALUES(302355329486, 1, KonKwon, 3364, 1509971, 1)
INSERT INTO interacts VALUES(302355329486, 1, Solo, 1053, 1543690, 1)
INSERT INTO interacts VALUES(302355329486, 1, KonKwon, 2043, 1612266, 1)
INSERT INTO interacts VALUES(302355329486, 1, Diamondprox, 3026, 1628626, 1)
INSERT INTO interacts VALUES(302355329486, 1, Stunt, 3190, 1636448, 1)
INSERT INTO interacts VALUES(302355329486, 1, Moon, 3108, 1637164, 1)
INSERT INTO interacts VALUES(302355329486, 1, Stunt, 3024, 1640021, 1)
INSERT INTO interacts VALUES(302355329486, 1, Diamondprox, 2043, 1640307, 1)
INSERT INTO interacts VALUES(302355329486, 1, Stunt, 2043, 1640505, 1)
INSERT INTO interacts VALUES(302355329486, 1, fabbbyyy, 1038, 1641339, 1)
INSERT INTO interacts VALUES(302355329486, 1, fabbbyyy, 2043, 1643246, 1)
INSERT INTO interacts VALUES(302355329486, 1, Cris, 3211, 1654792, 1)
INSERT INTO interacts VALUES(302355329486, 1, Shiphtur, 1026, 1654823, 1)
INSERT INTO interacts VALUES(302355329486, 1, Cris, 1029, 1657212, 1)
INSERT INTO interacts VALUES(302355329486, 1, Goldenglue, 1056, 1657832, 0)
INSERT INTO interacts VALUES(302355329486, 1, Goldenglue, 3135, 1659584, 1)
INSERT INTO interacts VALUES(302355329486, 1, Goldenglue, 2043, 1660254, 1)
INSERT INTO interacts VALUES(302355329486, 1, Solo, 3074, 1660407, 1)
INSERT INTO interacts VALUES(302355329486, 1, Solo, 2043, 1660948, 1)
INSERT INTO interacts VALUES(302355329486, 1, Roar, 3155, 1685426, 1)
INSERT INTO interacts VALUES(302355329486, 1, Cris, 1031, 1728037, 1)
INSERT INTO interacts VALUES(302355329486, 1, KonKwon, 3105, 1738688, 1)
INSERT INTO interacts VALUES(302355329486, 1, KonKwon, 2043, 1739296, 1)
INSERT INTO interacts VALUES(302355329486, 1, KonKwon, 1028, 1739634, 1)
INSERT INTO interacts VALUES(302355329486, 1, KonKwon, 2043, 1741783, 1)
INSERT INTO interacts VALUES(302355329486, 1, Stunt, 1029, 1751382, 1)
INSERT INTO interacts VALUES(302355329486, 1, Shiphtur, 2031, 1754526, 0)
INSERT INTO interacts VALUES(302355329486, 1, Shiphtur, 1052, 1756080, 1)
INSERT INTO interacts VALUES(302355329486, 1, Solo, 2043, 1776328, 0)
INSERT INTO interacts VALUES(302355329486, 1, Moon, 2032, 1778858, 0)
INSERT INTO interacts VALUES(302355329486, 1, fabbbyyy, 2043, 1779239, 0)
INSERT INTO interacts VALUES(302355329486, 1, Solo, 1011, 1780054, 1)
INSERT INTO interacts VALUES(302355329486, 1, Moon, 3191, 1781160, 1)
INSERT INTO interacts VALUES(302355329486, 1, fabbbyyy, 3035, 1781813, 1)
INSERT INTO interacts VALUES(302355329486, 1, Moon, 2139, 1782599, 1)
INSERT INTO interacts VALUES(302355329486, 1, Goldenglue, 3057, 1786226, 1)
INSERT INTO interacts VALUES(302355329486, 1, Diamondprox, 1026, 1808913, 1)
INSERT INTO interacts VALUES(302355329486, 1, Roar, 1055, 1816556, 0)
INSERT INTO interacts VALUES(302355329486, 1, Roar, 3134, 1817786, 1)
INSERT INTO interacts VALUES(302355329486, 1, Cris, 1055, 1833285, 0)
INSERT INTO interacts VALUES(302355329486, 1, Cris, 1057, 1836225, 1)
INSERT INTO interacts VALUES(302355329486, 1, Moon, 3157, 1883126, 1)
INSERT INTO interacts VALUES(302355329486, 1, Solo, 1054, 1886389, 0)
INSERT INTO interacts VALUES(302355329486, 1, Solo, 3082, 1888632, 1)
INSERT INTO interacts VALUES(302355329486, 1, KonKwon, 3190, 1894006, 1)
INSERT INTO interacts VALUES(302355329486, 1, Stunt, 3050, 1917430, 1)
INSERT INTO interacts VALUES(302355329486, 1, Shiphtur, 3135, 1930663, 1)
INSERT INTO interacts VALUES(302355329486, 1, Shiphtur, 2043, 1931113, 1)
INSERT INTO interacts VALUES(302355329486, 1, Roar, 3156, 1941220, 1)
INSERT INTO interacts VALUES(302355329486, 1, KonKwon, 2043, 1943368, 1)
INSERT INTO interacts VALUES(302355329486, 1, Cris, 3026, 1950458, 1)
INSERT INTO interacts VALUES(302355329486, 1, Cris, 2043, 1951780, 1)
INSERT INTO interacts VALUES(302355329486, 1, fabbbyyy, 3033, 1997419, 1)
INSERT INTO interacts VALUES(302355329486, 1, Cris, 1028, 2009010, 1)
INSERT INTO matches VALUES(302355329486, 2, 2016-06-15)
INSERT INTO competes VALUES(302355329486, APP, True)
INSERT INTO competes VALUES(302355329486, TLA, False)
INSERT INTO scores VALUES(APP, 302355329486, 2, 1, 7, 0, 1, 2, 0)
INSERT INTO scores VALUES(TLA, 302355329486, 2, 2, 9, 0, 1, 3, 1)
INSERT INTO bans VALUES(302355329486, 2, 4, 1)
INSERT INTO bans VALUES(302355329486, 2, 203, 3)
INSERT INTO bans VALUES(302355329486, 2, 421, 5)
INSERT INTO bans VALUES(302355329486, 2, 7, 2)
INSERT INTO bans VALUES(302355329486, 2, 201, 4)
INSERT INTO bans VALUES(302355329486, 2, 28, 6)
INSERT INTO plays VALUES(302355329486, 2, Solo, 48, Jungle, 1, 6, 11, 17499, 27, 9, 306, 7, 0, 15934)
INSERT INTO plays VALUES(302355329486, 2, Moon, 76, Jungle, 2, 4, 10, 19987, 19, 26, 85, 121, 8, 15859)
INSERT INTO plays VALUES(302355329486, 2, Goldenglue, 8, Mid, 6, 4, 8, 31267, 26, 13, 336, 9, 6, 17423)
INSERT INTO plays VALUES(302355329486, 2, fabbbyyy, 22, Jungle, 8, 2, 7, 31622, 13, 13, 317, 7, 0, 17361)
INSERT INTO plays VALUES(302355329486, 2, Stunt, 43, Jungle, 0, 3, 17, 5460, 66, 16, 40, 0, 0, 12482)
INSERT INTO plays VALUES(302355329486, 2, Cris, 150, Jungle, 2, 3, 9, 24680, 25, 7, 285, 3, 1, 16731)
INSERT INTO plays VALUES(302355329486, 2, Diamondprox, 60, Jungle, 4, 6, 9, 23939, 42, 26, 58, 95, 15, 15460)
INSERT INTO plays VALUES(302355329486, 2, Shiphtur, 268, Mid, 5, 4, 6, 25818, 24, 4, 308, 36, 4, 17774)
INSERT INTO plays VALUES(302355329486, 2, Roar, 202, Jungle, 6, 1, 4, 48663, 21, 18, 339, 40, 2, 19111)
INSERT INTO plays VALUES(302355329486, 2, KonKwon, 267, Jungle, 1, 3, 10, 4550, 73, 15, 16, 0, 0, 12023)
INSERT INTO interacts VALUES(302355329486, 2, Goldenglue, 1054, 1616, 1)
INSERT INTO interacts VALUES(302355329486, 2, Goldenglue, 2003, 1791, 1)
INSERT INTO interacts VALUES(302355329486, 2, KonKwon, 3303, 2020, 1)
INSERT INTO interacts VALUES(302355329486, 2, KonKwon, 2010, 2245, 1)
INSERT INTO interacts VALUES(302355329486, 2, Shiphtur, 1056, 2310, 1)
INSERT INTO interacts VALUES(302355329486, 2, Shiphtur, 2003, 2503, 1)
INSERT INTO interacts VALUES(302355329486, 2, Shiphtur, 2003, 2633, 1)
INSERT INTO interacts VALUES(302355329486, 2, KonKwon, 3340, 2699, 1)
INSERT INTO interacts VALUES(302355329486, 2, Shiphtur, 3340, 2830, 1)
INSERT INTO interacts VALUES(302355329486, 2, KonKwon, 2010, 2965, 1)
INSERT INTO interacts VALUES(302355329486, 2, Goldenglue, 3340, 3434, 1)
INSERT INTO interacts VALUES(302355329486, 2, Cris, 1055, 3434, 1)
INSERT INTO interacts VALUES(302355329486, 2, Roar, 1055, 3642, 1)
INSERT INTO interacts VALUES(302355329486, 2, Moon, 1039, 3741, 1)
INSERT INTO interacts VALUES(302355329486, 2, Cris, 2003, 3806, 1)
INSERT INTO interacts VALUES(302355329486, 2, Roar, 2010, 3869, 1)
INSERT INTO interacts VALUES(302355329486, 2, Roar, 3340, 4064, 1)
INSERT INTO interacts VALUES(302355329486, 2, Cris, 3340, 4129, 1)
INSERT INTO interacts VALUES(302355329486, 2, KonKwon, 2010, 4454, 1)
INSERT INTO interacts VALUES(302355329486, 2, Diamondprox, 1039, 4649, 1)
INSERT INTO interacts VALUES(302355329486, 2, Moon, 2031, 4714, 1)
INSERT INTO interacts VALUES(302355329486, 2, Solo, 1054, 4992, 1)
INSERT INTO interacts VALUES(302355329486, 2, Moon, 3340, 5012, 1)
INSERT INTO interacts VALUES(302355329486, 2, fabbbyyy, 1055, 5044, 1)
INSERT INTO interacts VALUES(302355329486, 2, fabbbyyy, 2010, 5174, 1)
INSERT INTO interacts VALUES(302355329486, 2, Stunt, 3303, 5304, 1)
INSERT INTO interacts VALUES(302355329486, 2, fabbbyyy, 3340, 5304, 1)
INSERT INTO interacts VALUES(302355329486, 2, Solo, 2003, 5429, 1)
INSERT INTO interacts VALUES(302355329486, 2, Diamondprox, 2031, 5561, 1)
INSERT INTO interacts VALUES(302355329486, 2, Stunt, 2010, 5662, 1)
INSERT INTO interacts VALUES(302355329486, 2, Diamondprox, 3340, 5726, 1)
INSERT INTO interacts VALUES(302355329486, 2, Stunt, 2010, 5789, 1)
INSERT INTO interacts VALUES(302355329486, 2, Solo, 3340, 5789, 1)
INSERT INTO interacts VALUES(302355329486, 2, Stunt, 2010, 5920, 1)
INSERT INTO interacts VALUES(302355329486, 2, Stunt, 3340, 6300, 1)
INSERT INTO interacts VALUES(302355329486, 2, Roar, 1001, 212519, 1)
INSERT INTO interacts VALUES(302355329486, 2, KonKwon, 1001, 215083, 1)
INSERT INTO interacts VALUES(302355329486, 2, Roar, 1036, 215627, 1)
INSERT INTO interacts VALUES(302355329486, 2, KonKwon, 2043, 215863, 1)
INSERT INTO interacts VALUES(302355329486, 2, Stunt, 1028, 216027, 1)
INSERT INTO interacts VALUES(302355329486, 2, Roar, 2010, 216250, 1)
INSERT INTO interacts VALUES(302355329486, 2, fabbbyyy, 1042, 216738, 1)
INSERT INTO interacts VALUES(302355329486, 2, fabbbyyy, 1042, 216848, 1)
INSERT INTO interacts VALUES(302355329486, 2, Diamondprox, 3711, 248477, 1)
INSERT INTO interacts VALUES(302355329486, 2, Diamondprox, 1001, 248945, 1)
INSERT INTO interacts VALUES(302355329486, 2, Solo, 1036, 264245, 1)
INSERT INTO interacts VALUES(302355329486, 2, Solo, 1036, 264542, 1)
INSERT INTO interacts VALUES(302355329486, 2, Cris, 1001, 264830, 1)
INSERT INTO interacts VALUES(302355329486, 2, Cris, 1036, 266089, 1)
INSERT INTO interacts VALUES(302355329486, 2, Cris, 2043, 266777, 1)
INSERT INTO interacts VALUES(302355329486, 2, Solo, 2043, 268788, 1)
INSERT INTO interacts VALUES(302355329486, 2, Shiphtur, 3101, 334396, 1)
INSERT INTO interacts VALUES(302355329486, 2, Shiphtur, 2043, 335154, 1)
INSERT INTO interacts VALUES(302355329486, 2, Roar, 1036, 340683, 1)
INSERT INTO interacts VALUES(302355329486, 2, Diamondprox, 1052, 340815, 1)
INSERT INTO interacts VALUES(302355329486, 2, Roar, 1036, 340815, 1)
INSERT INTO interacts VALUES(302355329486, 2, Stunt, 2049, 347186, 1)
INSERT INTO interacts VALUES(302355329486, 2, KonKwon, 2043, 347660, 1)
INSERT INTO interacts VALUES(302355329486, 2, Stunt, 3341, 348314, 1)
INSERT INTO interacts VALUES(302355329486, 2, KonKwon, 1028, 348640, 1)
INSERT INTO interacts VALUES(302355329486, 2, Stunt, 2043, 350119, 1)
INSERT INTO interacts VALUES(302355329486, 2, fabbbyyy, 1036, 350183, 1)
INSERT INTO interacts VALUES(302355329486, 2, fabbbyyy, 1036, 350314, 1)
INSERT INTO interacts VALUES(302355329486, 2, Goldenglue, 3211, 365951, 1)
INSERT INTO interacts VALUES(302355329486, 2, Goldenglue, 1001, 366427, 1)
INSERT INTO interacts VALUES(302355329486, 2, Goldenglue, 2043, 368101, 1)
INSERT INTO interacts VALUES(302355329486, 2, Goldenglue, 2003, 368500, 1)
INSERT INTO interacts VALUES(302355329486, 2, Goldenglue, 2003, 368603, 1)
INSERT INTO interacts VALUES(302355329486, 2, Moon, 3715, 371228, 1)
INSERT INTO interacts VALUES(302355329486, 2, Moon, 3113, 373308, 1)
INSERT INTO interacts VALUES(302355329486, 2, Moon, 2032, 374073, 1)
INSERT INTO interacts VALUES(302355329486, 2, Solo, 3077, 395048, 1)
INSERT INTO interacts VALUES(302355329486, 2, Solo, 1001, 396639, 1)
INSERT INTO interacts VALUES(302355329486, 2, Solo, 2043, 397194, 1)
INSERT INTO interacts VALUES(302355329486, 2, Moon, 1001, 457556, 1)
INSERT INTO interacts VALUES(302355329486, 2, Diamondprox, 3113, 460446, 1)
INSERT INTO interacts VALUES(302355329486, 2, Diamondprox, 2043, 461215, 1)
INSERT INTO interacts VALUES(302355329486, 2, Cris, 3044, 482958, 1)
INSERT INTO interacts VALUES(302355329486, 2, fabbbyyy, 3133, 485336, 1)
INSERT INTO interacts VALUES(302355329486, 2, fabbbyyy, 1001, 485974, 1)
INSERT INTO interacts VALUES(302355329486, 2, Stunt, 1001, 486080, 1)
INSERT INTO interacts VALUES(302355329486, 2, fabbbyyy, 2010, 486774, 1)
INSERT INTO interacts VALUES(302355329486, 2, Stunt, 1004, 488682, 1)
INSERT INTO interacts VALUES(302355329486, 2, Cris, 2043, 488812, 1)
INSERT INTO interacts VALUES(302355329486, 2, Cris, 2003, 489204, 1)
INSERT INTO interacts VALUES(302355329486, 2, Cris, 2003, 489442, 1)
INSERT INTO interacts VALUES(302355329486, 2, Roar, 3134, 491797, 1)
INSERT INTO interacts VALUES(302355329486, 2, KonKwon, 2043, 492273, 1)
INSERT INTO interacts VALUES(302355329486, 2, Shiphtur, 3108, 492508, 1)
INSERT INTO interacts VALUES(302355329486, 2, KonKwon, 2010, 492508, 1)
INSERT INTO interacts VALUES(302355329486, 2, Shiphtur, 1001, 493968, 1)
INSERT INTO interacts VALUES(302355329486, 2, Roar, 2010, 495129, 0)
INSERT INTO interacts VALUES(302355329486, 2, Shiphtur, 2043, 495648, 1)
INSERT INTO interacts VALUES(302355329486, 2, KonKwon, 2010, 496038, 1)
INSERT INTO interacts VALUES(302355329486, 2, Roar, 3009, 496316, 1)
INSERT INTO interacts VALUES(302355329486, 2, KonKwon, 1004, 496544, 1)
INSERT INTO interacts VALUES(302355329486, 2, Diamondprox, 1410, 638970, 1)
INSERT INTO interacts VALUES(302355329486, 2, Diamondprox, 2043, 642612, 1)
INSERT INTO interacts VALUES(302355329486, 2, Solo, 3009, 644153, 1)
INSERT INTO interacts VALUES(302355329486, 2, Solo, 1029, 647200, 1)
INSERT INTO interacts VALUES(302355329486, 2, Solo, 1028, 647831, 1)
INSERT INTO interacts VALUES(302355329486, 2, Solo, 2043, 648742, 1)
INSERT INTO interacts VALUES(302355329486, 2, KonKwon, 2049, 656001, 1)
INSERT INTO interacts VALUES(302355329486, 2, Stunt, 3098, 656333, 1)
INSERT INTO interacts VALUES(302355329486, 2, KonKwon, 2043, 656442, 1)
INSERT INTO interacts VALUES(302355329486, 2, KonKwon, 3341, 656973, 1)
INSERT INTO interacts VALUES(302355329486, 2, Stunt, 2043, 658285, 1)
INSERT INTO interacts VALUES(302355329486, 2, Goldenglue, 3067, 661031, 1)
INSERT INTO interacts VALUES(302355329486, 2, Goldenglue, 3158, 662681, 1)
INSERT INTO interacts VALUES(302355329486, 2, Goldenglue, 2043, 664153, 1)
INSERT INTO interacts VALUES(302355329486, 2, Goldenglue, 3363, 666411, 1)
INSERT INTO interacts VALUES(302355329486, 2, Moon, 1414, 668943, 1)
INSERT INTO interacts VALUES(302355329486, 2, Moon, 1033, 673853, 1)
INSERT INTO interacts VALUES(302355329486, 2, Cris, 3009, 675500, 1)
INSERT INTO interacts VALUES(302355329486, 2, Cris, 1036, 677968, 1)
INSERT INTO interacts VALUES(302355329486, 2, Shiphtur, 3115, 688981, 1)
INSERT INTO interacts VALUES(302355329486, 2, Shiphtur, 2043, 690171, 1)
INSERT INTO interacts VALUES(302355329486, 2, Shiphtur, 2003, 690691, 1)
INSERT INTO interacts VALUES(302355329486, 2, fabbbyyy, 2010, 719406, 0)
INSERT INTO interacts VALUES(302355329486, 2, fabbbyyy, 1038, 720517, 1)
INSERT INTO interacts VALUES(302355329486, 2, KonKwon, 2043, 726448, 1)
INSERT INTO interacts VALUES(302355329486, 2, KonKwon, 2043, 726604, 1)
INSERT INTO interacts VALUES(302355329486, 2, Solo, 3024, 776025, 1)
INSERT INTO interacts VALUES(302355329486, 2, Roar, 3133, 788533, 1)
INSERT INTO interacts VALUES(302355329486, 2, Roar, 1036, 792239, 1)
INSERT INTO interacts VALUES(302355329486, 2, Cris, 3133, 807885, 1)
INSERT INTO interacts VALUES(302355329486, 2, Diamondprox, 1058, 809515, 1)
INSERT INTO interacts VALUES(302355329486, 2, Diamondprox, 2043, 811361, 1)
INSERT INTO interacts VALUES(302355329486, 2, Diamondprox, 3364, 811836, 1)
INSERT INTO interacts VALUES(302355329486, 2, Solo, 1033, 910312, 1)
INSERT INTO interacts VALUES(302355329486, 2, Moon, 3028, 914368, 1)
INSERT INTO interacts VALUES(302355329486, 2, Stunt, 2301, 915142, 1)
INSERT INTO interacts VALUES(302355329486, 2, Stunt, 2043, 917083, 1)
INSERT INTO interacts VALUES(302355329486, 2, Moon, 3158, 918105, 1)
INSERT INTO interacts VALUES(302355329486, 2, Moon, 3009, 919825, 1)
INSERT INTO interacts VALUES(302355329486, 2, Goldenglue, 3152, 934963, 1)
INSERT INTO interacts VALUES(302355329486, 2, Goldenglue, 2043, 935646, 1)
INSERT INTO interacts VALUES(302355329486, 2, Roar, 3363, 941775, 1)
INSERT INTO interacts VALUES(302355329486, 2, Roar, 3142, 942959, 1)
INSERT INTO interacts VALUES(302355329486, 2, Cris, 3071, 943849, 1)
INSERT INTO interacts VALUES(302355329486, 2, KonKwon, 3158, 945026, 1)
INSERT INTO interacts VALUES(302355329486, 2, Roar, 1036, 945697, 1)
INSERT INTO interacts VALUES(302355329486, 2, KonKwon, 2043, 945743, 1)
INSERT INTO interacts VALUES(302355329486, 2, Roar, 2010, 948007, 1)
INSERT INTO interacts VALUES(302355329486, 2, Roar, 2010, 948181, 1)
INSERT INTO interacts VALUES(302355329486, 2, Cris, 2003, 949821, 1)
INSERT INTO interacts VALUES(302355329486, 2, fabbbyyy, 3508, 959743, 1)
INSERT INTO interacts VALUES(302355329486, 2, Diamondprox, 1011, 962518, 1)
INSERT INTO interacts VALUES(302355329486, 2, Diamondprox, 2043, 965204, 1)
INSERT INTO interacts VALUES(302355329486, 2, fabbbyyy, 2010, 966565, 1)
INSERT INTO interacts VALUES(302355329486, 2, Shiphtur, 1058, 968191, 1)
INSERT INTO interacts VALUES(302355329486, 2, Shiphtur, 3009, 969554, 1)
INSERT INTO interacts VALUES(302355329486, 2, Stunt, 1028, 970196, 1)
INSERT INTO interacts VALUES(302355329486, 2, KonKwon, 2043, 1025034, 1)
INSERT INTO interacts VALUES(302355329486, 2, Moon, 3108, 1081061, 1)
INSERT INTO interacts VALUES(302355329486, 2, Solo, 3211, 1084603, 1)
INSERT INTO interacts VALUES(302355329486, 2, Solo, 1028, 1088796, 1)
INSERT INTO interacts VALUES(302355329486, 2, Diamondprox, 2031, 1094106, 0)
INSERT INTO interacts VALUES(302355329486, 2, Diamondprox, 3116, 1095038, 1)
INSERT INTO interacts VALUES(302355329486, 2, Diamondprox, 2003, 1099778, 1)
INSERT INTO interacts VALUES(302355329486, 2, Goldenglue, 3067, 1102714, 1)
INSERT INTO interacts VALUES(302355329486, 2, fabbbyyy, 3006, 1116397, 1)
INSERT INTO interacts VALUES(302355329486, 2, fabbbyyy, 2043, 1117237, 1)
INSERT INTO interacts VALUES(302355329486, 2, Stunt, 1033, 1117499, 1)
INSERT INTO interacts VALUES(302355329486, 2, Stunt, 2043, 1118877, 1)
INSERT INTO interacts VALUES(302355329486, 2, Shiphtur, 1011, 1134704, 1)
INSERT INTO interacts VALUES(302355329486, 2, Shiphtur, 2043, 1135060, 1)
INSERT INTO interacts VALUES(302355329486, 2, KonKwon, 2301, 1139704, 1)
INSERT INTO interacts VALUES(302355329486, 2, Cris, 3211, 1141176, 1)
INSERT INTO interacts VALUES(302355329486, 2, Cris, 2043, 1143374, 1)
INSERT INTO interacts VALUES(302355329486, 2, KonKwon, 2010, 1143743, 1)
INSERT INTO interacts VALUES(302355329486, 2, Cris, 2003, 1143784, 1)
INSERT INTO interacts VALUES(302355329486, 2, Roar, 2010, 1153492, 0)
INSERT INTO interacts VALUES(302355329486, 2, Roar, 1038, 1155656, 1)
INSERT INTO interacts VALUES(302355329486, 2, Moon, 3174, 1181821, 1)
INSERT INTO interacts VALUES(302355329486, 2, Moon, 2043, 1182776, 1)
INSERT INTO interacts VALUES(302355329486, 2, Diamondprox, 1033, 1185676, 1)
INSERT INTO interacts VALUES(302355329486, 2, Goldenglue, 3065, 1202079, 1)
INSERT INTO interacts VALUES(302355329486, 2, Stunt, 3801, 1202606, 1)
INSERT INTO interacts VALUES(302355329486, 2, Goldenglue, 2043, 1202873, 1)
INSERT INTO interacts VALUES(302355329486, 2, Stunt, 2010, 1204590, 1)
INSERT INTO interacts VALUES(302355329486, 2, fabbbyyy, 3086, 1204789, 1)
INSERT INTO interacts VALUES(302355329486, 2, fabbbyyy, 3363, 1206057, 1)
INSERT INTO interacts VALUES(302355329486, 2, Solo, 3065, 1211612, 1)
INSERT INTO interacts VALUES(302355329486, 2, KonKwon, 2043, 1217116, 1)
INSERT INTO interacts VALUES(302355329486, 2, Roar, 3134, 1222489, 1)
INSERT INTO interacts VALUES(302355329486, 2, Roar, 2043, 1223421, 1)
INSERT INTO interacts VALUES(302355329486, 2, Shiphtur, 3116, 1268472, 1)
INSERT INTO interacts VALUES(302355329486, 2, Solo, 1036, 1314845, 1)
INSERT INTO interacts VALUES(302355329486, 2, KonKwon, 1028, 1319566, 1)
INSERT INTO interacts VALUES(302355329486, 2, Shiphtur, 2003, 1341448, 1)
INSERT INTO interacts VALUES(302355329486, 2, fabbbyyy, 3085, 1375535, 1)
INSERT INTO interacts VALUES(302355329486, 2, Goldenglue, 3108, 1375908, 1)
INSERT INTO interacts VALUES(302355329486, 2, Roar, 3147, 1376084, 1)
INSERT INTO interacts VALUES(302355329486, 2, Goldenglue, 2043, 1376929, 1)
INSERT INTO interacts VALUES(302355329486, 2, Roar, 1042, 1377813, 1)
INSERT INTO interacts VALUES(302355329486, 2, Roar, 2043, 1378094, 1)
INSERT INTO interacts VALUES(302355329486, 2, Stunt, 3105, 1379516, 1)
INSERT INTO interacts VALUES(302355329486, 2, Stunt, 3364, 1381811, 1)
INSERT INTO interacts VALUES(302355329486, 2, KonKwon, 2043, 1384968, 1)
INSERT INTO interacts VALUES(302355329486, 2, KonKwon, 2043, 1385083, 1)
INSERT INTO interacts VALUES(302355329486, 2, Stunt, 3158, 1385322, 1)
INSERT INTO interacts VALUES(302355329486, 2, Diamondprox, 3158, 1394157, 1)
INSERT INTO interacts VALUES(302355329486, 2, Moon, 1058, 1394342, 1)
INSERT INTO interacts VALUES(302355329486, 2, Moon, 2043, 1395186, 1)
INSERT INTO interacts VALUES(302355329486, 2, Diamondprox, 1057, 1396598, 1)
INSERT INTO interacts VALUES(302355329486, 2, Diamondprox, 1029, 1399359, 1)
INSERT INTO interacts VALUES(302355329486, 2, Cris, 3102, 1440039, 1)
INSERT INTO interacts VALUES(302355329486, 2, Cris, 1029, 1441768, 1)
INSERT INTO interacts VALUES(302355329486, 2, Solo, 1053, 1481250, 1)
INSERT INTO interacts VALUES(302355329486, 2, Shiphtur, 1026, 1528684, 1)
INSERT INTO interacts VALUES(302355329486, 2, KonKwon, 3801, 1546707, 1)
INSERT INTO interacts VALUES(302355329486, 2, KonKwon, 2043, 1547125, 1)
INSERT INTO interacts VALUES(302355329486, 2, KonKwon, 2043, 1547231, 1)
INSERT INTO interacts VALUES(302355329486, 2, Roar, 2015, 1584882, 1)
INSERT INTO interacts VALUES(302355329486, 2, Roar, 1042, 1585132, 1)
INSERT INTO interacts VALUES(302355329486, 2, Goldenglue, 3191, 1593498, 1)
INSERT INTO interacts VALUES(302355329486, 2, Stunt, 3190, 1595730, 1)
INSERT INTO interacts VALUES(302355329486, 2, Diamondprox, 3026, 1596371, 1)
INSERT INTO interacts VALUES(302355329486, 2, Diamondprox, 2043, 1597567, 1)
INSERT INTO interacts VALUES(302355329486, 2, Stunt, 2043, 1609606, 1)
INSERT INTO interacts VALUES(302355329486, 2, Moon, 2032, 1612798, 0)
INSERT INTO interacts VALUES(302355329486, 2, Moon, 1011, 1614161, 1)
INSERT INTO interacts VALUES(302355329486, 2, Cris, 1011, 1620082, 1)
INSERT INTO interacts VALUES(302355329486, 2, Cris, 1031, 1620620, 1)
INSERT INTO interacts VALUES(302355329486, 2, Solo, 3074, 1622101, 1)
INSERT INTO interacts VALUES(302355329486, 2, fabbbyyy, 1038, 1637400, 1)
INSERT INTO interacts VALUES(302355329486, 2, Roar, 3086, 1650323, 1)
INSERT INTO interacts VALUES(302355329486, 2, Goldenglue, 3157, 1655856, 1)
INSERT INTO interacts VALUES(302355329486, 2, Goldenglue, 2043, 1656831, 1)
INSERT INTO interacts VALUES(302355329486, 2, Shiphtur, 3135, 1659253, 1)
INSERT INTO interacts VALUES(302355329486, 2, KonKwon, 3364, 1659782, 1)
INSERT INTO interacts VALUES(302355329486, 2, Shiphtur, 2003, 1660520, 0)
INSERT INTO interacts VALUES(302355329486, 2, Shiphtur, 2043, 1661333, 1)
INSERT INTO interacts VALUES(302355329486, 2, KonKwon, 3105, 1661431, 1)
INSERT INTO interacts VALUES(302355329486, 2, KonKwon, 3067, 1662458, 1)
INSERT INTO interacts VALUES(302355329486, 2, Stunt, 2043, 1668944, 1)
INSERT INTO interacts VALUES(302355329486, 2, Solo, 1029, 1720019, 1)
INSERT INTO interacts VALUES(302355329486, 2, Roar, 3094, 1737853, 1)
INSERT INTO interacts VALUES(302355329486, 2, KonKwon, 2043, 1740046, 1)
INSERT INTO interacts VALUES(302355329486, 2, KonKwon, 2043, 1740124, 1)
INSERT INTO interacts VALUES(302355329486, 2, KonKwon, 3190, 1740747, 1)
INSERT INTO interacts VALUES(302355329486, 2, Moon, 3116, 1745098, 1)
INSERT INTO interacts VALUES(302355329486, 2, Stunt, 1052, 1749772, 1)
INSERT INTO interacts VALUES(302355329486, 2, Cris, 3742, 1775622, 1)
INSERT INTO interacts VALUES(302355329486, 2, Cris, 2043, 1777354, 1)
INSERT INTO interacts VALUES(302355329486, 2, Solo, 3082, 1780127, 1)
INSERT INTO interacts VALUES(302355329486, 2, Shiphtur, 1056, 1802625, 0)
INSERT INTO interacts VALUES(302355329486, 2, Diamondprox, 1057, 1802925, 1)
INSERT INTO interacts VALUES(302355329486, 2, Diamondprox, 3108, 1804396, 1)
INSERT INTO interacts VALUES(302355329486, 2, Shiphtur, 1058, 1806158, 1)
INSERT INTO interacts VALUES(302355329486, 2, KonKwon, 1004, 1819463, 1)
INSERT INTO interacts VALUES(302355329486, 2, KonKwon, 1004, 1819583, 1)
INSERT INTO interacts VALUES(302355329486, 2, KonKwon, 2043, 1819963, 1)
INSERT INTO interacts VALUES(302355329486, 2, Stunt, 3114, 1927324, 1)
INSERT INTO interacts VALUES(302355329486, 2, KonKwon, 3114, 1927387, 1)
INSERT INTO interacts VALUES(302355329486, 2, Shiphtur, 2139, 1927913, 1)
INSERT INTO interacts VALUES(302355329486, 2, KonKwon, 2043, 1927913, 1)
INSERT INTO interacts VALUES(302355329486, 2, Roar, 1037, 1928270, 1)
INSERT INTO interacts VALUES(302355329486, 2, KonKwon, 1004, 1929349, 1)
INSERT INTO interacts VALUES(302355329486, 2, Cris, 1011, 1934794, 1)
INSERT INTO interacts VALUES(302355329486, 2, fabbbyyy, 3035, 1951330, 1)
INSERT INTO interacts VALUES(302355329486, 2, Goldenglue, 1026, 1952147, 1)
INSERT INTO interacts VALUES(302355329486, 2, Goldenglue, 1054, 1954127, 0)
INSERT INTO interacts VALUES(302355329486, 2, Goldenglue, 2043, 1954820, 1)
INSERT INTO interacts VALUES(302355329486, 2, Solo, 3110, 1963240, 1)
INSERT INTO interacts VALUES(302355329486, 2, Solo, 1028, 1963994, 1)
INSERT INTO interacts VALUES(302355329486, 2, Moon, 3364, 1965503, 1)
INSERT INTO interacts VALUES(302355329486, 2, Moon, 1026, 1968637, 1)
INSERT INTO interacts VALUES(302355329486, 2, Moon, 2043, 1969788, 1)
INSERT INTO interacts VALUES(302355329486, 2, Goldenglue, 3135, 2095776, 1)
INSERT INTO interacts VALUES(302355329486, 2, KonKwon, 2043, 2114759, 1)
INSERT INTO interacts VALUES(302355329486, 2, KonKwon, 2043, 2114832, 1)
INSERT INTO interacts VALUES(302355329486, 2, Diamondprox, 3001, 2119053, 1)
INSERT INTO interacts VALUES(302355329486, 2, Cris, 1055, 2124457, 0)
INSERT INTO interacts VALUES(302355329486, 2, Cris, 3082, 2126025, 1)
INSERT INTO interacts VALUES(302355329486, 2, Roar, 3035, 2139572, 1)
INSERT INTO interacts VALUES(302355329486, 2, Roar, 1055, 2141423, 0)
INSERT INTO interacts VALUES(302355329486, 2, Roar, 1038, 2141809, 1)
INSERT INTO interacts VALUES(302355329486, 2, Solo, 1011, 2201748, 1)
INSERT INTO interacts VALUES(302355329486, 2, Shiphtur, 1026, 2203793, 1)
INSERT INTO interacts VALUES(302355329486, 2, Solo, 1011, 2204727, 1)
INSERT INTO interacts VALUES(302355329486, 2, Solo, 1054, 2205851, 0)
INSERT INTO interacts VALUES(302355329486, 2, KonKwon, 3028, 2212011, 1)
INSERT INTO interacts VALUES(302355329486, 2, Goldenglue, 1052, 2212486, 1)
INSERT INTO interacts VALUES(302355329486, 2, Moon, 2043, 2214998, 1)
INSERT INTO interacts VALUES(302355329486, 2, Stunt, 3504, 2216071, 1)
INSERT INTO interacts VALUES(302355329486, 2, Diamondprox, 1029, 2216715, 1)
INSERT INTO interacts VALUES(302355329486, 2, Stunt, 2043, 2217116, 1)
INSERT INTO interacts VALUES(302355329486, 2, Solo, 3082, 2217365, 1)
INSERT INTO interacts VALUES(302355329486, 2, fabbbyyy, 3031, 2223502, 1)
INSERT INTO interacts VALUES(302355329486, 2, Diamondprox, 2043, 2236812, 1)
INSERT INTO interacts VALUES(302355329486, 2, Diamondprox, 2043, 2236916, 1)
INSERT INTO interacts VALUES(302355329486, 2, KonKwon, 2043, 2280500, 1)
INSERT INTO interacts VALUES(302355329486, 2, KonKwon, 2043, 2280657, 1)
INSERT INTO interacts VALUES(302355329486, 2, Moon, 3135, 2296846, 1)
INSERT INTO interacts VALUES(302355329486, 2, Cris, 3143, 2297361, 1)
INSERT INTO interacts VALUES(302355329486, 2, Moon, 2043, 2297602, 1)
INSERT INTO interacts VALUES(302355329486, 2, Cris, 1031, 2298918, 1)
INSERT INTO interacts VALUES(302355329486, 2, Diamondprox, 2043, 2314433, 1)
INSERT INTO interacts VALUES(302355329486, 2, Diamondprox, 2043, 2314588, 1)
INSERT INTO interacts VALUES(302355329486, 2, Moon, 2139, 2414350, 1)
INSERT INTO interacts VALUES(302355329486, 2, Stunt, 2043, 2417012, 1)
INSERT INTO interacts VALUES(302355329486, 2, Diamondprox, 2043, 2419197, 1)
INSERT INTO interacts VALUES(302355329486, 2, KonKwon, 3222, 2421377, 1)
INSERT INTO interacts VALUES(302355329486, 2, Stunt, 1029, 2421675, 1)
INSERT INTO interacts VALUES(302355329486, 2, KonKwon, 2043, 2421734, 1)
INSERT INTO interacts VALUES(302355329486, 2, Stunt, 2139, 2424335, 1)
INSERT INTO interacts VALUES(302355329486, 2, Goldenglue, 1052, 2427647, 0)
INSERT INTO interacts VALUES(302355329486, 2, Roar, 3031, 2428463, 1)
INSERT INTO interacts VALUES(302355329486, 2, Goldenglue, 1011, 2430121, 1)
INSERT INTO interacts VALUES(302355329486, 2, Solo, 3143, 2455140, 1)
INSERT INTO interacts VALUES(302355329486, 2, Solo, 2043, 2456110, 1)
INSERT INTO interacts VALUES(302355329486, 2, Goldenglue, 2139, 2456636, 1)
INSERT INTO interacts VALUES(302355329486, 2, Diamondprox, 2043, 2523562, 0)
INSERT INTO interacts VALUES(302355329486, 2, Diamondprox, 2043, 2523721, 0)
INSERT INTO interacts VALUES(302355329486, 2, Solo, 2140, 2526298, 1)
INSERT INTO interacts VALUES(302355329486, 2, KonKwon, 2043, 2527853, 1)
INSERT INTO interacts VALUES(302355329486, 2, KonKwon, 2043, 2527989, 1)
INSERT INTO interacts VALUES(302355329486, 2, Diamondprox, 3191, 2528583, 1)
INSERT INTO interacts VALUES(302355329486, 2, Shiphtur, 3089, 2529661, 1)
INSERT INTO interacts VALUES(302355329486, 2, Shiphtur, 2043, 2531553, 1)
INSERT INTO interacts VALUES(302355329486, 2, Cris, 2138, 2532350, 1)
INSERT INTO interacts VALUES(302355329486, 2, Moon, 1058, 2559041, 1)
INSERT INTO interacts VALUES(302355329486, 2, fabbbyyy, 1055, 2561174, 0)
INSERT INTO interacts VALUES(302355329486, 2, fabbbyyy, 1053, 2562911, 1)
INSERT INTO interacts VALUES(302355329486, 2, Stunt, 3024, 2563994, 1)
INSERT INTO interacts VALUES(302355329486, 2, Stunt, 2043, 2564510, 1)
INSERT INTO interacts VALUES(302355329486, 2, Roar, 3033, 2564644, 1)
INSERT INTO interacts VALUES(302355329486, 2, Solo, 1029, 2564958, 1)
INSERT INTO interacts VALUES(302355329486, 2, fabbbyyy, 3033, 2572073, 1)
INSERT INTO interacts VALUES(302355329486, 2, Goldenglue, 2139, 2572343, 1)
INSERT INTO interacts VALUES(302355329486, 2, fabbbyyy, 2140, 2573073, 1)
INSERT INTO interacts VALUES(302355329486, 2, Roar, 2140, 2704926, 1)
INSERT INTO interacts VALUES(302355329486, 2, Shiphtur, 3108, 2705876, 1)
INSERT INTO interacts VALUES(302355329486, 2, Shiphtur, 2139, 2706856, 1)
INSERT INTO interacts VALUES(302355329486, 2, KonKwon, 1057, 2718740, 1)
INSERT INTO interacts VALUES(302355329486, 2, KonKwon, 2043, 2719214, 1)
INSERT INTO interacts VALUES(302355329486, 2, Stunt, 3050, 2725443, 1)
INSERT INTO interacts VALUES(302355329486, 2, Goldenglue, 3116, 2753340, 1)
INSERT INTO interacts VALUES(302355329486, 2, Cris, 2140, 2767191, 1)
INSERT INTO interacts VALUES(302355329486, 2, Solo, 1031, 2770458, 1)
INSERT INTO interacts VALUES(302355329486, 2, Solo, 2138, 2771296, 1)
INSERT INTO interacts VALUES(302355329486, 2, fabbbyyy, 2140, 2796985, 1)
INSERT INTO series VALUES(
                    Game 1 of 2
                  )
INSERT INTO organizes VALUES(302355329486)
INSERT INTO matches VALUES(952347614749, 1, 2016-06-15)
INSERT INTO competes VALUES(952347614749, C9C, True)
INSERT INTO competes VALUES(952347614749, ENX, False)
INSERT INTO scores VALUES(C9C, 952347614749, 1, 3, 11, 1, 1, 3, 1)
INSERT INTO scores VALUES(ENX, 952347614749, 1, 0, 2, 0, 0, 0, 0)
INSERT INTO bans VALUES(952347614749, 1, 268, 1)
INSERT INTO bans VALUES(952347614749, 1, 48, 3)
INSERT INTO bans VALUES(952347614749, 1, 421, 5)
INSERT INTO bans VALUES(952347614749, 1, 13, 2)
INSERT INTO bans VALUES(952347614749, 1, 8, 4)
INSERT INTO bans VALUES(952347614749, 1, 76, 6)
INSERT INTO plays VALUES(952347614749, 1, Balls, 105, Jungle, 2, 0, 2, 4642, 8, 0, 132, 2, 5, 9096)
INSERT INTO plays VALUES(952347614749, 1, Contractz, 203, Jungle, 8, 2, 2, 13918, 5, 8, 23, 51, 25, 10711)
INSERT INTO plays VALUES(952347614749, 1, Hai, 26, Mid, 3, 0, 7, 10765, 11, 3, 177, 3, 1, 9914)
INSERT INTO plays VALUES(952347614749, 1, Altec, 18, Jungle, 3, 2, 3, 8596, 8, 2, 159, 6, 6, 9797)
INSERT INTO plays VALUES(952347614749, 1, LemonNation, 201, Jungle, 1, 0, 6, 3764, 22, 4, 25, 0, 0, 6918)
INSERT INTO players VALUES(RF Legendary)
INSERT INTO registers VALUES(RF Legendary, ENX, date('1970-01-01'))
INSERT INTO plays VALUES(952347614749, 1, RF Legendary, 39, Jungle, 0, 1, 3, 2519, 9, 0, 108, 2, 0, 6123)
INSERT INTO plays VALUES(952347614749, 1, ShorterACE, 104, Mid, 0, 7, 3, 7612, 14, 4, 18, 55, 3, 5967)
INSERT INTO plays VALUES(952347614749, 1, Poppers OP, 112, Mid, 1, 3, 2, 12295, 8, 2, 182, 1, 0, 7581)
INSERT INTO plays VALUES(952347614749, 1, Impactful, 81, Jungle, 2, 2, 2, 8623, 5, 1, 122, 3, 0, 6849)
INSERT INTO players VALUES(Bodydrop)
INSERT INTO registers VALUES(Bodydrop, ENX, date('1970-01-01'))
INSERT INTO plays VALUES(952347614749, 1, Bodydrop, 43, Jungle, 1, 4, 2, 3738, 19, 2, 11, 0, 0, 5036)
INSERT INTO interacts VALUES(952347614749, 1, Altec, 1055, 1547, 1)
INSERT INTO interacts VALUES(952347614749, 1, Altec, 2010, 1708, 1)
INSERT INTO interacts VALUES(952347614749, 1, LemonNation, 3340, 1708, 1)
INSERT INTO interacts VALUES(952347614749, 1, Hai, 3340, 1852, 1)
INSERT INTO interacts VALUES(952347614749, 1, Altec, 3340, 1902, 1)
INSERT INTO interacts VALUES(952347614749, 1, Balls, 3340, 1935, 1)
INSERT INTO interacts VALUES(952347614749, 1, LemonNation, 3302, 2001, 1)
INSERT INTO interacts VALUES(952347614749, 1, LemonNation, 2010, 2291, 1)
INSERT INTO interacts VALUES(952347614749, 1, Hai, 1056, 2323, 1)
INSERT INTO interacts VALUES(952347614749, 1, LemonNation, 2010, 2421, 1)
INSERT INTO interacts VALUES(952347614749, 1, LemonNation, 2010, 2519, 1)
INSERT INTO interacts VALUES(952347614749, 1, Balls, 2033, 2888, 1)
INSERT INTO interacts VALUES(952347614749, 1, Hai, 2010, 2888, 1)
INSERT INTO interacts VALUES(952347614749, 1, Hai, 2010, 3068, 1)
INSERT INTO interacts VALUES(952347614749, 1, Bodydrop, 3303, 3231, 1)
INSERT INTO interacts VALUES(952347614749, 1, Poppers OP, 2010, 3489, 1)
INSERT INTO interacts VALUES(952347614749, 1, ShorterACE, 1041, 3555, 1)
INSERT INTO interacts VALUES(952347614749, 1, Contractz, 1039, 3618, 1)
INSERT INTO interacts VALUES(952347614749, 1, Poppers OP, 2010, 3716, 1)
INSERT INTO interacts VALUES(952347614749, 1, Bodydrop, 3340, 3716, 1)
INSERT INTO interacts VALUES(952347614749, 1, Contractz, 2031, 3911, 1)
INSERT INTO interacts VALUES(952347614749, 1, Bodydrop, 2010, 4075, 1)
INSERT INTO interacts VALUES(952347614749, 1, RF Legendary, 2033, 4075, 1)
INSERT INTO interacts VALUES(952347614749, 1, Poppers OP, 1056, 4237, 1)
INSERT INTO interacts VALUES(952347614749, 1, Bodydrop, 2010, 4268, 1)
INSERT INTO interacts VALUES(952347614749, 1, RF Legendary, 3340, 4429, 1)
INSERT INTO interacts VALUES(952347614749, 1, Bodydrop, 2010, 4449, 1)
INSERT INTO interacts VALUES(952347614749, 1, ShorterACE, 2031, 4627, 1)
INSERT INTO interacts VALUES(952347614749, 1, Poppers OP, 3340, 4949, 1)
INSERT INTO interacts VALUES(952347614749, 1, Contractz, 3340, 4968, 1)
INSERT INTO interacts VALUES(952347614749, 1, ShorterACE, 3340, 5014, 1)
INSERT INTO interacts VALUES(952347614749, 1, Impactful, 1055, 5859, 1)
INSERT INTO interacts VALUES(952347614749, 1, Impactful, 2010, 6605, 1)
INSERT INTO interacts VALUES(952347614749, 1, Impactful, 3340, 7158, 1)
INSERT INTO interacts VALUES(952347614749, 1, ShorterACE, 1001, 194167, 1)
INSERT INTO interacts VALUES(952347614749, 1, ShorterACE, 2043, 194522, 1)
INSERT INTO interacts VALUES(952347614749, 1, LemonNation, 1001, 225927, 1)
INSERT INTO interacts VALUES(952347614749, 1, Altec, 1083, 226062, 1)
INSERT INTO interacts VALUES(952347614749, 1, Altec, 2010, 227136, 1)
INSERT INTO interacts VALUES(952347614749, 1, LemonNation, 2043, 227263, 1)
INSERT INTO interacts VALUES(952347614749, 1, Altec, 1001, 228141, 1)
INSERT INTO interacts VALUES(952347614749, 1, LemonNation, 2010, 228928, 1)
INSERT INTO interacts VALUES(952347614749, 1, Impactful, 2010, 234338, 0)
INSERT INTO interacts VALUES(952347614749, 1, Bodydrop, 1028, 236325, 1)
INSERT INTO interacts VALUES(952347614749, 1, Bodydrop, 2043, 237467, 1)
INSERT INTO interacts VALUES(952347614749, 1, Bodydrop, 2010, 238838, 1)
INSERT INTO interacts VALUES(952347614749, 1, Impactful, 3070, 243194, 1)
INSERT INTO interacts VALUES(952347614749, 1, Contractz, 3715, 255195, 1)
INSERT INTO interacts VALUES(952347614749, 1, Contractz, 1042, 262279, 1)
INSERT INTO interacts VALUES(952347614749, 1, ShorterACE, 1036, 327462, 1)
INSERT INTO interacts VALUES(952347614749, 1, ShorterACE, 1036, 327618, 1)
INSERT INTO interacts VALUES(952347614749, 1, ShorterACE, 2043, 328768, 1)
INSERT INTO interacts VALUES(952347614749, 1, Altec, 1042, 355719, 1)
INSERT INTO interacts VALUES(952347614749, 1, Altec, 1042, 355883, 1)
INSERT INTO interacts VALUES(952347614749, 1, LemonNation, 1028, 362884, 1)
INSERT INTO interacts VALUES(952347614749, 1, LemonNation, 2043, 364513, 1)
INSERT INTO interacts VALUES(952347614749, 1, Hai, 3010, 386425, 1)
INSERT INTO interacts VALUES(952347614749, 1, Hai, 1001, 386690, 1)
INSERT INTO interacts VALUES(952347614749, 1, Hai, 2043, 391141, 1)
INSERT INTO interacts VALUES(952347614749, 1, Hai, 2010, 391379, 1)
INSERT INTO interacts VALUES(952347614749, 1, Hai, 2010, 391528, 1)
INSERT INTO interacts VALUES(952347614749, 1, RF Legendary, 3057, 397653, 1)
INSERT INTO interacts VALUES(952347614749, 1, Poppers OP, 3196, 405116, 1)
INSERT INTO interacts VALUES(952347614749, 1, Poppers OP, 1056, 406721, 1)
INSERT INTO interacts VALUES(952347614749, 1, Poppers OP, 2010, 407242, 1)
INSERT INTO interacts VALUES(952347614749, 1, Poppers OP, 2043, 407572, 1)
INSERT INTO interacts VALUES(952347614749, 1, Poppers OP, 2010, 408093, 1)
INSERT INTO interacts VALUES(952347614749, 1, Contractz, 1419, 438406, 1)
INSERT INTO interacts VALUES(952347614749, 1, Altec, 3006, 462048, 1)
INSERT INTO interacts VALUES(952347614749, 1, Altec, 2043, 462889, 1)
INSERT INTO interacts VALUES(952347614749, 1, Bodydrop, 2049, 466440, 1)
INSERT INTO interacts VALUES(952347614749, 1, Bodydrop, 3341, 467809, 1)
INSERT INTO interacts VALUES(952347614749, 1, Impactful, 3057, 468233, 1)
INSERT INTO interacts VALUES(952347614749, 1, Balls, 3751, 468431, 1)
INSERT INTO interacts VALUES(952347614749, 1, Impactful, 2010, 469244, 1)
INSERT INTO interacts VALUES(952347614749, 1, Bodydrop, 1001, 469244, 1)
INSERT INTO interacts VALUES(952347614749, 1, Balls, 3057, 470158, 1)
INSERT INTO interacts VALUES(952347614749, 1, Bodydrop, 2043, 470250, 1)
INSERT INTO interacts VALUES(952347614749, 1, ShorterACE, 3711, 476762, 1)
INSERT INTO interacts VALUES(952347614749, 1, ShorterACE, 3341, 477711, 1)
INSERT INTO interacts VALUES(952347614749, 1, Contractz, 1001, 533020, 1)
INSERT INTO interacts VALUES(952347614749, 1, Contractz, 1042, 533325, 1)
INSERT INTO interacts VALUES(952347614749, 1, ShorterACE, 2043, 533586, 1)
INSERT INTO interacts VALUES(952347614749, 1, LemonNation, 2049, 553582, 1)
INSERT INTO interacts VALUES(952347614749, 1, LemonNation, 3341, 555513, 1)
INSERT INTO interacts VALUES(952347614749, 1, Altec, 2010, 556502, 1)
INSERT INTO interacts VALUES(952347614749, 1, Altec, 2010, 556624, 1)
INSERT INTO interacts VALUES(952347614749, 1, Bodydrop, 3098, 556788, 1)
INSERT INTO interacts VALUES(952347614749, 1, LemonNation, 1029, 557976, 1)
INSERT INTO interacts VALUES(952347614749, 1, LemonNation, 2010, 559617, 1)
INSERT INTO interacts VALUES(952347614749, 1, Bodydrop, 2010, 561129, 1)
INSERT INTO interacts VALUES(952347614749, 1, Poppers OP, 3197, 564793, 1)
INSERT INTO interacts VALUES(952347614749, 1, Poppers OP, 2010, 566679, 1)
INSERT INTO interacts VALUES(952347614749, 1, RF Legendary, 1028, 597845, 1)
INSERT INTO interacts VALUES(952347614749, 1, RF Legendary, 1001, 599571, 1)
INSERT INTO interacts VALUES(952347614749, 1, Impactful, 1001, 600326, 1)
INSERT INTO interacts VALUES(952347614749, 1, RF Legendary, 1036, 600359, 1)
INSERT INTO interacts VALUES(952347614749, 1, ShorterACE, 1408, 666379, 1)
INSERT INTO interacts VALUES(952347614749, 1, Contractz, 3006, 669761, 1)
INSERT INTO interacts VALUES(952347614749, 1, Contractz, 1042, 670148, 1)
INSERT INTO interacts VALUES(952347614749, 1, Contractz, 1042, 670955, 1)
INSERT INTO interacts VALUES(952347614749, 1, Contractz, 2043, 671273, 1)
INSERT INTO interacts VALUES(952347614749, 1, Contractz, 3341, 671666, 1)
INSERT INTO interacts VALUES(952347614749, 1, RF Legendary, 1042, 675644, 1)
INSERT INTO interacts VALUES(952347614749, 1, Hai, 3027, 698238, 1)
INSERT INTO interacts VALUES(952347614749, 1, Hai, 1052, 699603, 1)
INSERT INTO interacts VALUES(952347614749, 1, LemonNation, 3047, 701930, 1)
INSERT INTO interacts VALUES(952347614749, 1, Hai, 3363, 701969, 1)
INSERT INTO interacts VALUES(952347614749, 1, LemonNation, 1029, 704264, 1)
INSERT INTO interacts VALUES(952347614749, 1, Altec, 1038, 711604, 1)
INSERT INTO interacts VALUES(952347614749, 1, Poppers OP, 3158, 722259, 1)
INSERT INTO interacts VALUES(952347614749, 1, Poppers OP, 2043, 723151, 1)
INSERT INTO interacts VALUES(952347614749, 1, Bodydrop, 2301, 730336, 1)
INSERT INTO interacts VALUES(952347614749, 1, Poppers OP, 3363, 732048, 1)
INSERT INTO interacts VALUES(952347614749, 1, Impactful, 1037, 737248, 1)
INSERT INTO interacts VALUES(952347614749, 1, ShorterACE, 1042, 743805, 1)
INSERT INTO interacts VALUES(952347614749, 1, Balls, 3068, 748414, 1)
INSERT INTO interacts VALUES(952347614749, 1, Balls, 2043, 750871, 1)
INSERT INTO interacts VALUES(952347614749, 1, RF Legendary, 3044, 799629, 1)
INSERT INTO interacts VALUES(952347614749, 1, RF Legendary, 1042, 801192, 1)
INSERT INTO interacts VALUES(952347614749, 1, Bodydrop, 2010, 852448, 1)
INSERT INTO interacts VALUES(952347614749, 1, Bodydrop, 2010, 852586, 1)
INSERT INTO interacts VALUES(952347614749, 1, Bodydrop, 2031, 854101, 1)
INSERT INTO interacts VALUES(952347614749, 1, Bodydrop, 2043, 854429, 1)
INSERT INTO interacts VALUES(952347614749, 1, ShorterACE, 3006, 866823, 1)
INSERT INTO interacts VALUES(952347614749, 1, Contractz, 3086, 872175, 1)
INSERT INTO interacts VALUES(952347614749, 1, Contractz, 1042, 872685, 1)
INSERT INTO interacts VALUES(952347614749, 1, Contractz, 3364, 873568, 1)
INSERT INTO interacts VALUES(952347614749, 1, Contractz, 1043, 880297, 1)
INSERT INTO interacts VALUES(952347614749, 1, Balls, 3047, 889922, 1)
INSERT INTO interacts VALUES(952347614749, 1, LemonNation, 3097, 893887, 1)
INSERT INTO interacts VALUES(952347614749, 1, Altec, 3086, 894451, 1)
INSERT INTO interacts VALUES(952347614749, 1, Altec, 1042, 894710, 1)
INSERT INTO interacts VALUES(952347614749, 1, LemonNation, 1028, 895206, 1)
INSERT INTO interacts VALUES(952347614749, 1, LemonNation, 2010, 896024, 0)
INSERT INTO interacts VALUES(952347614749, 1, LemonNation, 2010, 896155, 0)
INSERT INTO interacts VALUES(952347614749, 1, Altec, 3363, 897191, 1)
INSERT INTO interacts VALUES(952347614749, 1, LemonNation, 2043, 897707, 1)
INSERT INTO interacts VALUES(952347614749, 1, Hai, 3108, 899645, 1)
INSERT INTO interacts VALUES(952347614749, 1, Hai, 3158, 901541, 1)
INSERT INTO interacts VALUES(952347614749, 1, Hai, 1052, 902694, 1)
INSERT INTO interacts VALUES(952347614749, 1, Hai, 2043, 904986, 1)
INSERT INTO interacts VALUES(952347614749, 1, Poppers OP, 1058, 928317, 1)
INSERT INTO interacts VALUES(952347614749, 1, RF Legendary, 3078, 955973, 1)
INSERT INTO interacts VALUES(952347614749, 1, Impactful, 3004, 956230, 1)
INSERT INTO interacts VALUES(952347614749, 1, Impactful, 3158, 957156, 1)
INSERT INTO interacts VALUES(952347614749, 1, ShorterACE, 1042, 957552, 1)
INSERT INTO interacts VALUES(952347614749, 1, RF Legendary, 2043, 957978, 1)
INSERT INTO interacts VALUES(952347614749, 1, ShorterACE, 3364, 958482, 1)
INSERT INTO interacts VALUES(952347614749, 1, Bodydrop, 3158, 1011471, 1)
INSERT INTO interacts VALUES(952347614749, 1, Bodydrop, 2043, 1012663, 1)
INSERT INTO interacts VALUES(952347614749, 1, Poppers OP, 1028, 1058078, 1)
INSERT INTO interacts VALUES(952347614749, 1, ShorterACE, 1042, 1058793, 1)
INSERT INTO interacts VALUES(952347614749, 1, Impactful, 1027, 1061676, 1)
INSERT INTO interacts VALUES(952347614749, 1, Impactful, 3363, 1063978, 1)
INSERT INTO interacts VALUES(952347614749, 1, Hai, 3165, 1073209, 1)
INSERT INTO interacts VALUES(952347614749, 1, Altec, 3087, 1073570, 1)
INSERT INTO interacts VALUES(952347614749, 1, Hai, 1052, 1073665, 1)
INSERT INTO interacts VALUES(952347614749, 1, LemonNation, 3105, 1074601, 1)
INSERT INTO interacts VALUES(952347614749, 1, Altec, 1037, 1074783, 1)
INSERT INTO interacts VALUES(952347614749, 1, LemonNation, 3364, 1079622, 1)
INSERT INTO interacts VALUES(952347614749, 1, LemonNation, 2010, 1080821, 1)
INSERT INTO interacts VALUES(952347614749, 1, Contractz, 3085, 1083925, 1)
INSERT INTO interacts VALUES(952347614749, 1, Contractz, 3155, 1086281, 1)
INSERT INTO interacts VALUES(952347614749, 1, Contractz, 1036, 1086582, 1)
INSERT INTO interacts VALUES(952347614749, 1, RF Legendary, 1033, 1086973, 1)
INSERT INTO interacts VALUES(952347614749, 1, Bodydrop, 1033, 1133381, 1)
INSERT INTO interacts VALUES(952347614749, 1, Altec, 1083, 1153321, 0)
INSERT INTO interacts VALUES(952347614749, 1, Altec, 3031, 1154307, 1)
INSERT INTO interacts VALUES(952347614749, 1, Impactful, 3024, 1161308, 1)
INSERT INTO interacts VALUES(952347614749, 1, Hai, 1026, 1163416, 1)
INSERT INTO interacts VALUES(952347614749, 1, LemonNation, 2010, 1168733, 0)
INSERT INTO interacts VALUES(952347614749, 1, LemonNation, 2043, 1169795, 1)
INSERT INTO interacts VALUES(952347614749, 1, LemonNation, 2303, 1176785, 1)
INSERT INTO interacts VALUES(952347614749, 1, RF Legendary, 3111, 1205290, 1)
INSERT INTO interacts VALUES(952347614749, 1, RF Legendary, 1029, 1206287, 1)
INSERT INTO interacts VALUES(952347614749, 1, Balls, 3078, 1230820, 1)
INSERT INTO interacts VALUES(952347614749, 1, ShorterACE, 3086, 1261749, 1)
INSERT INTO interacts VALUES(952347614749, 1, Poppers OP, 3116, 1262306, 1)
INSERT INTO interacts VALUES(952347614749, 1, Bodydrop, 1028, 1263987, 1)
INSERT INTO matches VALUES(952347614749, 2, 2016-06-15)
INSERT INTO competes VALUES(952347614749, C9C, True)
INSERT INTO competes VALUES(952347614749, ENX, False)
INSERT INTO scores VALUES(C9C, 952347614749, 2, 0, 2, 0, 0, 0, 0)
INSERT INTO scores VALUES(ENX, 952347614749, 2, 1, 9, 0, 1, 2, 1)
INSERT INTO bans VALUES(952347614749, 2, 22, 1)
INSERT INTO bans VALUES(952347614749, 2, 421, 3)
INSERT INTO bans VALUES(952347614749, 2, 76, 5)
INSERT INTO bans VALUES(952347614749, 2, 268, 2)
INSERT INTO bans VALUES(952347614749, 2, 13, 4)
INSERT INTO bans VALUES(952347614749, 2, 203, 6)
INSERT INTO plays VALUES(952347614749, 2, RF Legendary, 39, Top, 2, 4, 7, 14973, 17, 3, 242, 0, 1, 11155)
INSERT INTO plays VALUES(952347614749, 2, ShorterACE, 104, Jungle, 2, 4, 3, 10516, 24, 13, 58, 85, 10, 10545)
INSERT INTO plays VALUES(952347614749, 2, Poppers OP, 8, Mid, 6, 2, 1, 16549, 13, 4, 226, 5, 0, 11095)
INSERT INTO plays VALUES(952347614749, 2, Impactful, 236, ADC, 4, 3, 4, 14486, 11, 3, 220, 13, 2, 11211)
INSERT INTO plays VALUES(952347614749, 2, Bodydrop, 25, Support, 1, 2, 5, 7931, 35, 10, 14, 0, 0, 7687)
INSERT INTO plays VALUES(952347614749, 2, Balls, 48, Top, 2, 2, 8, 13401, 16, 3, 250, 8, 0, 12750)
INSERT INTO plays VALUES(952347614749, 2, Contractz, 60, Jungle, 4, 3, 7, 15176, 8, 11, 26, 73, 14, 11420)
INSERT INTO plays VALUES(952347614749, 2, Hai, 43, Mid, 3, 5, 7, 19411, 16, 5, 230, 8, 3, 12271)
INSERT INTO plays VALUES(952347614749, 2, Altec, 29, ADC, 5, 3, 7, 21650, 12, 8, 255, 7, 3, 13615)
INSERT INTO plays VALUES(952347614749, 2, LemonNation, 201, Support, 1, 2, 9, 6934, 36, 8, 39, 0, 0, 9075)
INSERT INTO interacts VALUES(952347614749, 2, Altec, 1055, 1486, 1)
INSERT INTO interacts VALUES(952347614749, 2, Balls, 3340, 1647, 1)
INSERT INTO interacts VALUES(952347614749, 2, Altec, 2010, 1745, 1)
INSERT INTO interacts VALUES(952347614749, 2, Altec, 3340, 1907, 1)
INSERT INTO interacts VALUES(952347614749, 2, Impactful, 1055, 2006, 1)
INSERT INTO interacts VALUES(952347614749, 2, Balls, 2033, 2006, 1)
INSERT INTO interacts VALUES(952347614749, 2, RF Legendary, 2033, 2300, 1)
INSERT INTO interacts VALUES(952347614749, 2, LemonNation, 3302, 2591, 1)
INSERT INTO interacts VALUES(952347614749, 2, Impactful, 2010, 2688, 1)
INSERT INTO interacts VALUES(952347614749, 2, RF Legendary, 3340, 2690, 1)
INSERT INTO interacts VALUES(952347614749, 2, LemonNation, 3340, 2821, 1)
INSERT INTO interacts VALUES(952347614749, 2, LemonNation, 2010, 3145, 1)
INSERT INTO interacts VALUES(952347614749, 2, Bodydrop, 3303, 3161, 1)
INSERT INTO interacts VALUES(952347614749, 2, Impactful, 3340, 3243, 1)
INSERT INTO interacts VALUES(952347614749, 2, LemonNation, 2010, 3278, 1)
INSERT INTO interacts VALUES(952347614749, 2, ShorterACE, 1041, 3341, 1)
INSERT INTO interacts VALUES(952347614749, 2, LemonNation, 2010, 3375, 1)
INSERT INTO interacts VALUES(952347614749, 2, Bodydrop, 3340, 3503, 1)
INSERT INTO interacts VALUES(952347614749, 2, Bodydrop, 2010, 3861, 1)
INSERT INTO interacts VALUES(952347614749, 2, Bodydrop, 2010, 4024, 1)
INSERT INTO interacts VALUES(952347614749, 2, Bodydrop, 2010, 4204, 1)
INSERT INTO interacts VALUES(952347614749, 2, ShorterACE, 2031, 4204, 1)
INSERT INTO interacts VALUES(952347614749, 2, Hai, 3340, 4252, 1)
INSERT INTO interacts VALUES(952347614749, 2, ShorterACE, 3340, 4675, 1)
INSERT INTO interacts VALUES(952347614749, 2, Hai, 1056, 5245, 1)
INSERT INTO interacts VALUES(952347614749, 2, Hai, 2010, 6026, 1)
INSERT INTO interacts VALUES(952347614749, 2, Hai, 2010, 6139, 1)
INSERT INTO interacts VALUES(952347614749, 2, Contractz, 1039, 6172, 1)
INSERT INTO interacts VALUES(952347614749, 2, Contractz, 2031, 6430, 1)
INSERT INTO interacts VALUES(952347614749, 2, Contractz, 3340, 6808, 1)
INSERT INTO interacts VALUES(952347614749, 2, Poppers OP, 1001, 7958, 1)
INSERT INTO interacts VALUES(952347614749, 2, Poppers OP, 2003, 8364, 1)
INSERT INTO interacts VALUES(952347614749, 2, Poppers OP, 2003, 8507, 1)
INSERT INTO interacts VALUES(952347614749, 2, Poppers OP, 2003, 8668, 1)
INSERT INTO interacts VALUES(952347614749, 2, Poppers OP, 2003, 8767, 1)
INSERT INTO interacts VALUES(952347614749, 2, Poppers OP, 3340, 9255, 1)
INSERT INTO interacts VALUES(952347614749, 2, Poppers OP, 1028, 214308, 1)
INSERT INTO interacts VALUES(952347614749, 2, ShorterACE, 1001, 229693, 1)
INSERT INTO interacts VALUES(952347614749, 2, ShorterACE, 1036, 230279, 1)
INSERT INTO interacts VALUES(952347614749, 2, RF Legendary, 3057, 314566, 1)
INSERT INTO interacts VALUES(952347614749, 2, Hai, 3802, 335845, 1)
INSERT INTO interacts VALUES(952347614749, 2, Hai, 2043, 337105, 1)
INSERT INTO interacts VALUES(952347614749, 2, Hai, 2010, 337405, 1)
INSERT INTO interacts VALUES(952347614749, 2, Hai, 2010, 337535, 1)
INSERT INTO interacts VALUES(952347614749, 2, Contractz, 3113, 346968, 1)
INSERT INTO interacts VALUES(952347614749, 2, Contractz, 1001, 347960, 1)
INSERT INTO interacts VALUES(952347614749, 2, Contractz, 2043, 349902, 1)
INSERT INTO interacts VALUES(952347614749, 2, Balls, 3077, 351690, 1)
INSERT INTO interacts VALUES(952347614749, 2, Balls, 2043, 352955, 1)
INSERT INTO interacts VALUES(952347614749, 2, Impactful, 3134, 374114, 1)
INSERT INTO interacts VALUES(952347614749, 2, Impactful, 2043, 375284, 1)
INSERT INTO interacts VALUES(952347614749, 2, Impactful, 2010, 376070, 1)
INSERT INTO interacts VALUES(952347614749, 2, Impactful, 2010, 376388, 1)
INSERT INTO interacts VALUES(952347614749, 2, Bodydrop, 1028, 378993, 1)
INSERT INTO interacts VALUES(952347614749, 2, Bodydrop, 2043, 380087, 1)
INSERT INTO interacts VALUES(952347614749, 2, Altec, 3134, 380385, 1)
INSERT INTO interacts VALUES(952347614749, 2, Altec, 2043, 381325, 1)
INSERT INTO interacts VALUES(952347614749, 2, Bodydrop, 2010, 381467, 1)
INSERT INTO interacts VALUES(952347614749, 2, Altec, 2010, 381494, 1)
INSERT INTO interacts VALUES(952347614749, 2, Bodydrop, 2010, 381652, 1)
INSERT INTO interacts VALUES(952347614749, 2, Altec, 2010, 381652, 1)
INSERT INTO interacts VALUES(952347614749, 2, Bodydrop, 2010, 381750, 1)
INSERT INTO interacts VALUES(952347614749, 2, Altec, 2010, 381782, 1)
INSERT INTO interacts VALUES(952347614749, 2, Bodydrop, 2043, 383997, 1)
INSERT INTO interacts VALUES(952347614749, 2, ShorterACE, 3006, 384218, 1)
INSERT INTO interacts VALUES(952347614749, 2, ShorterACE, 2043, 384881, 1)
INSERT INTO interacts VALUES(952347614749, 2, Poppers OP, 3211, 395768, 1)
INSERT INTO interacts VALUES(952347614749, 2, Balls, 1028, 458643, 1)
INSERT INTO interacts VALUES(952347614749, 2, RF Legendary, 1028, 468143, 1)
INSERT INTO interacts VALUES(952347614749, 2, RF Legendary, 1036, 468352, 1)
INSERT INTO interacts VALUES(952347614749, 2, RF Legendary, 1001, 469656, 1)
INSERT INTO interacts VALUES(952347614749, 2, RF Legendary, 2043, 471221, 1)
INSERT INTO interacts VALUES(952347614749, 2, ShorterACE, 1036, 489608, 1)
INSERT INTO interacts VALUES(952347614749, 2, Contractz, 3715, 502265, 1)
INSERT INTO interacts VALUES(952347614749, 2, ShorterACE, 3711, 502758, 1)
INSERT INTO interacts VALUES(952347614749, 2, Altec, 1036, 530366, 1)
INSERT INTO interacts VALUES(952347614749, 2, Altec, 1001, 530692, 1)
INSERT INTO interacts VALUES(952347614749, 2, LemonNation, 2049, 531344, 1)
INSERT INTO interacts VALUES(952347614749, 2, Hai, 3108, 532926, 1)
INSERT INTO interacts VALUES(952347614749, 2, LemonNation, 1001, 532926, 1)
INSERT INTO interacts VALUES(952347614749, 2, Hai, 2043, 533417, 1)
INSERT INTO interacts VALUES(952347614749, 2, Hai, 2010, 533680, 1)
INSERT INTO interacts VALUES(952347614749, 2, LemonNation, 3341, 534042, 1)
INSERT INTO interacts VALUES(952347614749, 2, LemonNation, 2043, 535906, 1)
INSERT INTO interacts VALUES(952347614749, 2, LemonNation, 2010, 536806, 1)
INSERT INTO interacts VALUES(952347614749, 2, LemonNation, 2010, 536943, 1)
INSERT INTO interacts VALUES(952347614749, 2, LemonNation, 2010, 538634, 1)
INSERT INTO interacts VALUES(952347614749, 2, RF Legendary, 3044, 548728, 1)
INSERT INTO interacts VALUES(952347614749, 2, RF Legendary, 1042, 550624, 1)
INSERT INTO interacts VALUES(952347614749, 2, Hai, 2010, 554911, 1)
INSERT INTO interacts VALUES(952347614749, 2, Impactful, 3133, 560947, 1)
INSERT INTO interacts VALUES(952347614749, 2, Impactful, 1001, 561636, 1)
INSERT INTO interacts VALUES(952347614749, 2, Impactful, 2010, 562256, 1)
INSERT INTO interacts VALUES(952347614749, 2, Bodydrop, 2049, 569813, 1)
INSERT INTO interacts VALUES(952347614749, 2, Bodydrop, 3341, 571119, 1)
INSERT INTO interacts VALUES(952347614749, 2, Poppers OP, 3067, 572008, 1)
INSERT INTO interacts VALUES(952347614749, 2, Bodydrop, 1001, 572391, 1)
INSERT INTO interacts VALUES(952347614749, 2, Poppers OP, 2003, 573085, 1)
INSERT INTO interacts VALUES(952347614749, 2, Poppers OP, 2003, 573308, 1)
INSERT INTO interacts VALUES(952347614749, 2, Poppers OP, 2043, 573758, 1)
INSERT INTO interacts VALUES(952347614749, 2, Poppers OP, 2003, 574175, 1)
INSERT INTO interacts VALUES(952347614749, 2, Bodydrop, 2043, 574279, 1)
INSERT INTO interacts VALUES(952347614749, 2, Bodydrop, 2043, 574436, 1)
INSERT INTO interacts VALUES(952347614749, 2, Balls, 1029, 577652, 1)
INSERT INTO interacts VALUES(952347614749, 2, Balls, 1001, 577910, 1)
INSERT INTO interacts VALUES(952347614749, 2, Hai, 1052, 707253, 1)
INSERT INTO interacts VALUES(952347614749, 2, Hai, 1001, 708619, 1)
INSERT INTO interacts VALUES(952347614749, 2, Poppers OP, 3065, 736304, 1)
INSERT INTO interacts VALUES(952347614749, 2, Poppers OP, 1028, 740016, 1)
INSERT INTO interacts VALUES(952347614749, 2, Poppers OP, 2043, 740775, 1)
INSERT INTO interacts VALUES(952347614749, 2, Poppers OP, 2003, 742317, 1)
INSERT INTO interacts VALUES(952347614749, 2, Poppers OP, 3363, 744774, 1)
INSERT INTO interacts VALUES(952347614749, 2, Contractz, 1414, 768463, 1)
INSERT INTO interacts VALUES(952347614749, 2, Contractz, 3158, 769837, 1)
INSERT INTO interacts VALUES(952347614749, 2, Balls, 3047, 770328, 1)
INSERT INTO interacts VALUES(952347614749, 2, Contractz, 2043, 770691, 1)
INSERT INTO interacts VALUES(952347614749, 2, Contractz, 3341, 771056, 1)
INSERT INTO interacts VALUES(952347614749, 2, Balls, 1028, 772492, 1)
INSERT INTO interacts VALUES(952347614749, 2, RF Legendary, 3078, 789756, 1)
INSERT INTO interacts VALUES(952347614749, 2, RF Legendary, 2043, 791099, 1)
INSERT INTO interacts VALUES(952347614749, 2, Impactful, 3142, 801958, 1)
INSERT INTO interacts VALUES(952347614749, 2, Impactful, 1036, 805146, 1)
INSERT INTO interacts VALUES(952347614749, 2, LemonNation, 3047, 851448, 1)
INSERT INTO interacts VALUES(952347614749, 2, LemonNation, 2043, 852006, 1)
INSERT INTO interacts VALUES(952347614749, 2, ShorterACE, 1408, 854494, 1)
INSERT INTO interacts VALUES(952347614749, 2, ShorterACE, 1033, 855951, 1)
INSERT INTO interacts VALUES(952347614749, 2, Altec, 3142, 856278, 1)
INSERT INTO interacts VALUES(952347614749, 2, ShorterACE, 2043, 856774, 1)
INSERT INTO interacts VALUES(952347614749, 2, Altec, 1042, 857207, 1)
INSERT INTO interacts VALUES(952347614749, 2, Altec, 3363, 857505, 1)
INSERT INTO interacts VALUES(952347614749, 2, ShorterACE, 3364, 859749, 1)
INSERT INTO interacts VALUES(952347614749, 2, Bodydrop, 3158, 880050, 1)
INSERT INTO interacts VALUES(952347614749, 2, Bodydrop, 3098, 881564, 1)
INSERT INTO interacts VALUES(952347614749, 2, Bodydrop, 2043, 882112, 1)
INSERT INTO interacts VALUES(952347614749, 2, Bodydrop, 2010, 882642, 1)
INSERT INTO interacts VALUES(952347614749, 2, Bodydrop, 2010, 882807, 1)
INSERT INTO interacts VALUES(952347614749, 2, RF Legendary, 1036, 945196, 1)
INSERT INTO interacts VALUES(952347614749, 2, RF Legendary, 1028, 945490, 1)
INSERT INTO interacts VALUES(952347614749, 2, RF Legendary, 1036, 948735, 1)
INSERT INTO interacts VALUES(952347614749, 2, Contractz, 1058, 949455, 1)
INSERT INTO interacts VALUES(952347614749, 2, Contractz, 3364, 950412, 1)
INSERT INTO interacts VALUES(952347614749, 2, Contractz, 2043, 950715, 1)
INSERT INTO interacts VALUES(952347614749, 2, ShorterACE, 3155, 1001464, 1)
INSERT INTO interacts VALUES(952347614749, 2, ShorterACE, 2043, 1002290, 1)
INSERT INTO interacts VALUES(952347614749, 2, Hai, 3165, 1023089, 1)
INSERT INTO interacts VALUES(952347614749, 2, Impactful, 3006, 1024360, 1)
INSERT INTO interacts VALUES(952347614749, 2, Hai, 1058, 1024496, 1)
INSERT INTO interacts VALUES(952347614749, 2, Hai, 2043, 1026282, 1)
INSERT INTO interacts VALUES(952347614749, 2, Impactful, 1036, 1026382, 1)
INSERT INTO interacts VALUES(952347614749, 2, Hai, 2010, 1026633, 1)
INSERT INTO interacts VALUES(952347614749, 2, Hai, 2010, 1027074, 1)
INSERT INTO interacts VALUES(952347614749, 2, Hai, 3363, 1027671, 1)
INSERT INTO interacts VALUES(952347614749, 2, Hai, 2010, 1028264, 1)
INSERT INTO interacts VALUES(952347614749, 2, Impactful, 3363, 1028626, 1)
INSERT INTO interacts VALUES(952347614749, 2, Balls, 3748, 1030038, 1)
INSERT INTO interacts VALUES(952347614749, 2, Balls, 1029, 1031780, 1)
INSERT INTO interacts VALUES(952347614749, 2, Balls, 2043, 1033588, 1)
INSERT INTO interacts VALUES(952347614749, 2, Bodydrop, 2301, 1050071, 1)
INSERT INTO interacts VALUES(952347614749, 2, Bodydrop, 2043, 1050871, 1)
INSERT INTO interacts VALUES(952347614749, 2, Bodydrop, 2010, 1052275, 1)
INSERT INTO interacts VALUES(952347614749, 2, Altec, 3006, 1053257, 1)
INSERT INTO interacts VALUES(952347614749, 2, LemonNation, 2303, 1054137, 1)
INSERT INTO interacts VALUES(952347614749, 2, Altec, 1043, 1054502, 1)
INSERT INTO interacts VALUES(952347614749, 2, LemonNation, 2043, 1055172, 1)
INSERT INTO interacts VALUES(952347614749, 2, LemonNation, 2010, 1055438, 1)
INSERT INTO interacts VALUES(952347614749, 2, LemonNation, 2010, 1055536, 1)
INSERT INTO interacts VALUES(952347614749, 2, Poppers OP, 1058, 1055980, 1)
INSERT INTO interacts VALUES(952347614749, 2, Poppers OP, 3158, 1057215, 1)
INSERT INTO interacts VALUES(952347614749, 2, Poppers OP, 2003, 1058106, 1)
INSERT INTO interacts VALUES(952347614749, 2, Poppers OP, 2043, 1058391, 1)
INSERT INTO interacts VALUES(952347614749, 2, Bodydrop, 1028, 1154279, 1)
INSERT INTO interacts VALUES(952347614749, 2, Hai, 3158, 1162029, 1)
INSERT INTO interacts VALUES(952347614749, 2, Impactful, 3133, 1162102, 1)
INSERT INTO interacts VALUES(952347614749, 2, Contractz, 1011, 1162504, 1)
INSERT INTO interacts VALUES(952347614749, 2, LemonNation, 1028, 1162668, 1)
INSERT INTO interacts VALUES(952347614749, 2, Contractz, 1052, 1163198, 1)
INSERT INTO interacts VALUES(952347614749, 2, LemonNation, 2010, 1165789, 1)
INSERT INTO interacts VALUES(952347614749, 2, LemonNation, 2010, 1165965, 1)
INSERT INTO interacts VALUES(952347614749, 2, Altec, 1042, 1179641, 1)
INSERT INTO interacts VALUES(952347614749, 2, Altec, 1051, 1180145, 1)
INSERT INTO interacts VALUES(952347614749, 2, Poppers OP, 1011, 1182155, 1)
INSERT INTO interacts VALUES(952347614749, 2, Poppers OP, 2003, 1183537, 1)
INSERT INTO interacts VALUES(952347614749, 2, RF Legendary, 3052, 1190375, 1)
INSERT INTO interacts VALUES(952347614749, 2, RF Legendary, 3047, 1192178, 1)
INSERT INTO interacts VALUES(952347614749, 2, RF Legendary, 2043, 1193104, 1)
INSERT INTO interacts VALUES(952347614749, 2, ShorterACE, 3086, 1211555, 1)
INSERT INTO interacts VALUES(952347614749, 2, Balls, 3082, 1214165, 1)
INSERT INTO interacts VALUES(952347614749, 2, Balls, 1029, 1215133, 1)
INSERT INTO interacts VALUES(952347614749, 2, Impactful, 1036, 1289417, 1)
INSERT INTO interacts VALUES(952347614749, 2, Impactful, 1028, 1290315, 1)
INSERT INTO interacts VALUES(952347614749, 2, Hai, 1026, 1327838, 1)
INSERT INTO interacts VALUES(952347614749, 2, RF Legendary, 3053, 1327944, 1)
INSERT INTO interacts VALUES(952347614749, 2, Altec, 3085, 1330092, 1)
INSERT INTO interacts VALUES(952347614749, 2, LemonNation, 3801, 1333997, 1)
INSERT INTO interacts VALUES(952347614749, 2, LemonNation, 1033, 1334406, 1)
INSERT INTO interacts VALUES(952347614749, 2, LemonNation, 2043, 1335492, 1)
INSERT INTO interacts VALUES(952347614749, 2, LemonNation, 3364, 1336451, 1)
INSERT INTO interacts VALUES(952347614749, 2, Balls, 3024, 1336563, 1)
INSERT INTO interacts VALUES(952347614749, 2, Balls, 1028, 1338013, 1)
INSERT INTO interacts VALUES(952347614749, 2, RF Legendary, 2043, 1348143, 1)
INSERT INTO interacts VALUES(952347614749, 2, Poppers OP, 3116, 1360672, 1)
INSERT INTO interacts VALUES(952347614749, 2, Bodydrop, 2010, 1361372, 0)
INSERT INTO interacts VALUES(952347614749, 2, Poppers OP, 1052, 1361490, 1)
INSERT INTO interacts VALUES(952347614749, 2, Poppers OP, 2043, 1362243, 1)
INSERT INTO interacts VALUES(952347614749, 2, Bodydrop, 3801, 1362571, 1)
INSERT INTO interacts VALUES(952347614749, 2, Poppers OP, 2003, 1362631, 1)
INSERT INTO interacts VALUES(952347614749, 2, Poppers OP, 2003, 1362767, 1)
INSERT INTO interacts VALUES(952347614749, 2, Bodydrop, 1033, 1364099, 1)
INSERT INTO interacts VALUES(952347614749, 2, Bodydrop, 2043, 1365317, 1)
INSERT INTO interacts VALUES(952347614749, 2, Bodydrop, 2043, 1365414, 1)
INSERT INTO interacts VALUES(952347614749, 2, Impactful, 3071, 1369395, 1)
INSERT INTO interacts VALUES(952347614749, 2, ShorterACE, 3046, 1376700, 1)
INSERT INTO interacts VALUES(952347614749, 2, Contractz, 3116, 1400259, 1)
INSERT INTO interacts VALUES(952347614749, 2, Contractz, 1033, 1401438, 1)
INSERT INTO interacts VALUES(952347614749, 2, Contractz, 2043, 1402043, 1)
INSERT INTO interacts VALUES(952347614749, 2, RF Legendary, 1029, 1423247, 1)
INSERT INTO interacts VALUES(952347614749, 2, Balls, 3110, 1484331, 1)
INSERT INTO interacts VALUES(952347614749, 2, Balls, 3067, 1485329, 1)
INSERT INTO interacts VALUES(952347614749, 2, Contractz, 1031, 1512791, 1)
INSERT INTO interacts VALUES(952347614749, 2, RF Legendary, 1011, 1523231, 1)
INSERT INTO interacts VALUES(952347614749, 2, ShorterACE, 2031, 1526775, 0)
INSERT INTO interacts VALUES(952347614749, 2, Bodydrop, 3105, 1527964, 1)
INSERT INTO interacts VALUES(952347614749, 2, ShorterACE, 3134, 1528100, 1)
INSERT INTO interacts VALUES(952347614749, 2, Impactful, 2015, 1529000, 1)
INSERT INTO interacts VALUES(952347614749, 2, Bodydrop, 1028, 1529068, 1)
INSERT INTO interacts VALUES(952347614749, 2, Impactful, 1051, 1529997, 1)
INSERT INTO interacts VALUES(952347614749, 2, Bodydrop, 2043, 1530332, 1)
INSERT INTO interacts VALUES(952347614749, 2, Bodydrop, 2043, 1530446, 1)
INSERT INTO interacts VALUES(952347614749, 2, Hai, 2010, 1534759, 0)
INSERT INTO interacts VALUES(952347614749, 2, Hai, 3089, 1536302, 1)
INSERT INTO interacts VALUES(952347614749, 2, LemonNation, 3105, 1542272, 1)
INSERT INTO interacts VALUES(952347614749, 2, LemonNation, 1028, 1544564, 1)
INSERT INTO interacts VALUES(952347614749, 2, LemonNation, 2043, 1545105, 1)
INSERT INTO interacts VALUES(952347614749, 2, LemonNation, 2043, 1545364, 1)
INSERT INTO interacts VALUES(952347614749, 2, Altec, 1038, 1547915, 1)
INSERT INTO interacts VALUES(952347614749, 2, Altec, 1018, 1548860, 1)
INSERT INTO interacts VALUES(952347614749, 2, Poppers OP, 3191, 1651052, 1)
INSERT INTO interacts VALUES(952347614749, 2, Poppers OP, 3108, 1651396, 1)
INSERT INTO interacts VALUES(952347614749, 2, RF Legendary, 3082, 1654833, 1)
INSERT INTO interacts VALUES(952347614749, 2, Altec, 3031, 1686203, 1)
INSERT INTO interacts VALUES(952347614749, 2, ShorterACE, 3156, 1687195, 1)
INSERT INTO interacts VALUES(952347614749, 2, Altec, 2043, 1687767, 1)
INSERT INTO interacts VALUES(952347614749, 2, ShorterACE, 2043, 1689408, 1)
INSERT INTO interacts VALUES(952347614749, 2, LemonNation, 3190, 1689516, 1)
INSERT INTO interacts VALUES(952347614749, 2, LemonNation, 1029, 1692858, 1)
INSERT INTO interacts VALUES(952347614749, 2, LemonNation, 1029, 1693095, 1)
INSERT INTO interacts VALUES(952347614749, 2, Poppers OP, 2043, 1694638, 1)
INSERT INTO interacts VALUES(952347614749, 2, LemonNation, 2043, 1694869, 1)
INSERT INTO interacts VALUES(952347614749, 2, LemonNation, 2043, 1695009, 1)
INSERT INTO interacts VALUES(952347614749, 2, Contractz, 3026, 1696125, 1)
INSERT INTO interacts VALUES(952347614749, 2, Contractz, 1028, 1697097, 1)
INSERT INTO interacts VALUES(952347614749, 2, Hai, 1026, 1701038, 1)
INSERT INTO interacts VALUES(952347614749, 2, Hai, 1052, 1701267, 1)
INSERT INTO interacts VALUES(952347614749, 2, Bodydrop, 3190, 1711258, 1)
INSERT INTO interacts VALUES(952347614749, 2, Bodydrop, 2043, 1711768, 1)
INSERT INTO interacts VALUES(952347614749, 2, Bodydrop, 2043, 1711969, 1)
INSERT INTO interacts VALUES(952347614749, 2, Bodydrop, 3364, 1713527, 1)
INSERT INTO interacts VALUES(952347614749, 2, Balls, 3065, 1715613, 1)
INSERT INTO interacts VALUES(952347614749, 2, Balls, 1029, 1719536, 1)
INSERT INTO interacts VALUES(952347614749, 2, Impactful, 3094, 1754334, 1)
INSERT INTO interacts VALUES(952347614749, 2, Poppers OP, 3157, 1810961, 1)
INSERT INTO interacts VALUES(952347614749, 2, Poppers OP, 2043, 1811972, 1)
INSERT INTO interacts VALUES(952347614749, 2, ShorterACE, 2140, 1839242, 1)
INSERT INTO interacts VALUES(952347614749, 2, Bodydrop, 1028, 1846746, 1)
INSERT INTO interacts VALUES(952347614749, 2, Bodydrop, 2043, 1847734, 1)
INSERT INTO interacts VALUES(952347614749, 2, Bodydrop, 2043, 1847882, 1)
INSERT INTO series VALUES(
                    Game 1 of 2
                  )
INSERT INTO organizes VALUES(952347614749)
INSERT INTO matches VALUES(728755357313, 1, 2016-06-15)
INSERT INTO competes VALUES(728755357313, DT, True)
INSERT INTO competes VALUES(728755357313, NVA, False)
INSERT INTO scores VALUES(DT, 728755357313, 1, 0, 6, 0, 1, 2, 0)
INSERT INTO scores VALUES(NVA, 728755357313, 1, 1, 9, 1, 0, 2, 1)
INSERT INTO bans VALUES(728755357313, 1, 420, 1)
INSERT INTO bans VALUES(728755357313, 1, 24, 3)
INSERT INTO bans VALUES(728755357313, 1, 39, 5)
INSERT INTO bans VALUES(728755357313, 1, 8, 2)
INSERT INTO bans VALUES(728755357313, 1, 13, 4)
INSERT INTO bans VALUES(728755357313, 1, 421, 6)
INSERT INTO plays VALUES(728755357313, 1, Chorong, 150, Jungle, 0, 3, 1, 6089, 17, 5, 235, 2, 4, 11649)
INSERT INTO plays VALUES(728755357313, 1, Akaadian, 76, Jungle, 0, 4, 2, 5801, 28, 15, 31, 115, 35, 11799)
INSERT INTO plays VALUES(728755357313, 1, Pekin Woof, 7, Mid, 1, 2, 0, 16169, 13, 4, 261, 9, 3, 11767)
INSERT INTO plays VALUES(728755357313, 1, Massacre, 236, Jungle, 1, 1, 0, 9164, 14, 4, 301, 13, 1, 13686)
INSERT INTO players VALUES(Bee Sin)
INSERT INTO registers VALUES(Bee Sin, DT, date('1970-01-01'))
INSERT INTO plays VALUES(728755357313, 1, Bee Sin, 201, Jungle, 0, 2, 1, 2603, 32, 8, 40, 0, 0, 7938)
INSERT INTO plays VALUES(728755357313, 1, Flaxxish, 48, Jungle, 1, 0, 7, 2864, 14, 3, 173, 2, 1, 10969)
INSERT INTO plays VALUES(728755357313, 1, k0u, 60, Jungle, 7, 1, 3, 19186, 11, 12, 35, 77, 14, 12456)
INSERT INTO plays VALUES(728755357313, 1, Ablazeolive, 268, Mid, 1, 1, 5, 20874, 17, 10, 247, 16, 0, 11963)
INSERT INTO plays VALUES(728755357313, 1, Rikara, 81, Jungle, 2, 0, 7, 19501, 12, 4, 274, 5, 0, 12767)
INSERT INTO plays VALUES(728755357313, 1, Trance, 267, Jungle, 1, 0, 11, 3226, 59, 10, 13, 0, 0, 8990)
INSERT INTO interacts VALUES(728755357313, 1, Chorong, 1055, 1686, 1)
INSERT INTO interacts VALUES(728755357313, 1, Pekin Woof, 1056, 1847, 1)
INSERT INTO interacts VALUES(728755357313, 1, Chorong, 2003, 1867, 1)
INSERT INTO interacts VALUES(728755357313, 1, Chorong, 3340, 2043, 1)
INSERT INTO interacts VALUES(728755357313, 1, Pekin Woof, 2003, 2140, 1)
INSERT INTO interacts VALUES(728755357313, 1, Ablazeolive, 1056, 2143, 1)
INSERT INTO interacts VALUES(728755357313, 1, Pekin Woof, 2003, 2237, 1)
INSERT INTO interacts VALUES(728755357313, 1, Akaadian, 1039, 2240, 1)
INSERT INTO interacts VALUES(728755357313, 1, Ablazeolive, 2010, 2367, 1)
INSERT INTO interacts VALUES(728755357313, 1, Pekin Woof, 3340, 2387, 1)
INSERT INTO interacts VALUES(728755357313, 1, Bee Sin, 3302, 2431, 1)
INSERT INTO interacts VALUES(728755357313, 1, Bee Sin, 2010, 2691, 1)
INSERT INTO interacts VALUES(728755357313, 1, k0u, 1039, 2788, 1)
INSERT INTO interacts VALUES(728755357313, 1, Bee Sin, 2010, 2821, 1)
INSERT INTO interacts VALUES(728755357313, 1, Massacre, 1055, 2950, 1)
INSERT INTO interacts VALUES(728755357313, 1, Bee Sin, 2010, 2950, 1)
INSERT INTO interacts VALUES(728755357313, 1, Ablazeolive, 3340, 3080, 1)
INSERT INTO interacts VALUES(728755357313, 1, Massacre, 2010, 3163, 1)
INSERT INTO interacts VALUES(728755357313, 1, Akaadian, 2031, 3276, 1)
INSERT INTO interacts VALUES(728755357313, 1, Bee Sin, 3340, 3276, 1)
INSERT INTO interacts VALUES(728755357313, 1, Ablazeolive, 2010, 3312, 1)
INSERT INTO interacts VALUES(728755357313, 1, Rikara, 1055, 3312, 1)
INSERT INTO interacts VALUES(728755357313, 1, Rikara, 2003, 3570, 1)
INSERT INTO interacts VALUES(728755357313, 1, Akaadian, 3340, 3684, 1)
INSERT INTO interacts VALUES(728755357313, 1, k0u, 2031, 3684, 1)
INSERT INTO interacts VALUES(728755357313, 1, Rikara, 3340, 3763, 1)
INSERT INTO interacts VALUES(728755357313, 1, k0u, 3340, 3945, 1)
INSERT INTO interacts VALUES(728755357313, 1, Massacre, 3340, 4023, 1)
INSERT INTO interacts VALUES(728755357313, 1, Trance, 3303, 5351, 1)
INSERT INTO interacts VALUES(728755357313, 1, Trance, 2010, 5871, 1)
INSERT INTO interacts VALUES(728755357313, 1, Trance, 2010, 6166, 1)
INSERT INTO interacts VALUES(728755357313, 1, Trance, 2010, 6544, 1)
INSERT INTO interacts VALUES(728755357313, 1, Flaxxish, 1054, 6651, 1)
INSERT INTO interacts VALUES(728755357313, 1, Trance, 3340, 7109, 1)
INSERT INTO interacts VALUES(728755357313, 1, Flaxxish, 2003, 7270, 1)
INSERT INTO interacts VALUES(728755357313, 1, Flaxxish, 3340, 7885, 1)
INSERT INTO interacts VALUES(728755357313, 1, Trance, 1001, 213307, 1)
INSERT INTO interacts VALUES(728755357313, 1, Trance, 2043, 214494, 1)
INSERT INTO interacts VALUES(728755357313, 1, Bee Sin, 1001, 214637, 1)
INSERT INTO interacts VALUES(728755357313, 1, Bee Sin, 2043, 215582, 1)
INSERT INTO interacts VALUES(728755357313, 1, Massacre, 1083, 215921, 1)
INSERT INTO interacts VALUES(728755357313, 1, Rikara, 3070, 216052, 1)
INSERT INTO interacts VALUES(728755357313, 1, Massacre, 1001, 216906, 1)
INSERT INTO interacts VALUES(728755357313, 1, k0u, 1052, 246232, 1)
INSERT INTO interacts VALUES(728755357313, 1, k0u, 1052, 246329, 1)
INSERT INTO interacts VALUES(728755357313, 1, k0u, 2043, 247605, 1)
INSERT INTO interacts VALUES(728755357313, 1, Ablazeolive, 1057, 257828, 1)
INSERT INTO interacts VALUES(728755357313, 1, Ablazeolive, 2010, 258584, 1)
INSERT INTO interacts VALUES(728755357313, 1, Ablazeolive, 2010, 258732, 1)
INSERT INTO interacts VALUES(728755357313, 1, Ablazeolive, 2010, 258866, 1)
INSERT INTO interacts VALUES(728755357313, 1, Flaxxish, 1001, 260444, 1)
INSERT INTO interacts VALUES(728755357313, 1, Flaxxish, 1006, 262598, 1)
INSERT INTO interacts VALUES(728755357313, 1, Flaxxish, 2043, 264269, 1)
INSERT INTO interacts VALUES(728755357313, 1, Pekin Woof, 1057, 266117, 1)
INSERT INTO interacts VALUES(728755357313, 1, Pekin Woof, 2003, 266996, 1)
INSERT INTO interacts VALUES(728755357313, 1, Pekin Woof, 2003, 267128, 1)
INSERT INTO interacts VALUES(728755357313, 1, Pekin Woof, 2043, 272502, 1)
INSERT INTO interacts VALUES(728755357313, 1, Chorong, 1036, 275798, 1)
INSERT INTO interacts VALUES(728755357313, 1, Chorong, 1036, 275951, 1)
INSERT INTO interacts VALUES(728755357313, 1, Rikara, 1001, 344339, 1)
INSERT INTO interacts VALUES(728755357313, 1, Trance, 1028, 344638, 1)
INSERT INTO interacts VALUES(728755357313, 1, Rikara, 1027, 345342, 1)
INSERT INTO interacts VALUES(728755357313, 1, Trance, 2043, 345510, 1)
INSERT INTO interacts VALUES(728755357313, 1, Bee Sin, 1028, 372157, 1)
INSERT INTO interacts VALUES(728755357313, 1, Bee Sin, 2010, 372974, 1)
INSERT INTO interacts VALUES(728755357313, 1, Bee Sin, 2010, 373080, 1)
INSERT INTO interacts VALUES(728755357313, 1, Akaadian, 3711, 373910, 1)
INSERT INTO interacts VALUES(728755357313, 1, Akaadian, 3113, 374664, 1)
INSERT INTO interacts VALUES(728755357313, 1, Massacre, 3006, 376023, 1)
INSERT INTO interacts VALUES(728755357313, 1, Akaadian, 2043, 376088, 1)
INSERT INTO interacts VALUES(728755357313, 1, Massacre, 2010, 376446, 1)
INSERT INTO interacts VALUES(728755357313, 1, Chorong, 3133, 413267, 1)
INSERT INTO interacts VALUES(728755357313, 1, Chorong, 1001, 414144, 1)
INSERT INTO interacts VALUES(728755357313, 1, Flaxxish, 3009, 420839, 1)
INSERT INTO interacts VALUES(728755357313, 1, Flaxxish, 1036, 422239, 1)
INSERT INTO interacts VALUES(728755357313, 1, Ablazeolive, 1056, 454002, 1)
INSERT INTO interacts VALUES(728755357313, 1, Ablazeolive, 1042, 454449, 1)
INSERT INTO interacts VALUES(728755357313, 1, Ablazeolive, 1042, 454582, 1)
INSERT INTO interacts VALUES(728755357313, 1, Ablazeolive, 2010, 455665, 1)
INSERT INTO interacts VALUES(728755357313, 1, Ablazeolive, 2010, 455789, 1)
INSERT INTO interacts VALUES(728755357313, 1, Pekin Woof, 3108, 474337, 1)
INSERT INTO interacts VALUES(728755357313, 1, Pekin Woof, 1001, 475710, 1)
INSERT INTO interacts VALUES(728755357313, 1, k0u, 3113, 479603, 1)
INSERT INTO interacts VALUES(728755357313, 1, k0u, 3715, 480180, 1)
INSERT INTO interacts VALUES(728755357313, 1, Trance, 2049, 482908, 1)
INSERT INTO interacts VALUES(728755357313, 1, k0u, 1001, 483176, 1)
INSERT INTO interacts VALUES(728755357313, 1, Rikara, 1037, 483372, 1)
INSERT INTO interacts VALUES(728755357313, 1, Trance, 3341, 484779, 1)
INSERT INTO interacts VALUES(728755357313, 1, Rikara, 2043, 485169, 1)
INSERT INTO interacts VALUES(728755357313, 1, Massacre, 1036, 485510, 1)
INSERT INTO interacts VALUES(728755357313, 1, Massacre, 1036, 485642, 1)
INSERT INTO interacts VALUES(728755357313, 1, Trance, 2043, 486587, 1)
INSERT INTO interacts VALUES(728755357313, 1, Bee Sin, 3341, 487050, 1)
INSERT INTO interacts VALUES(728755357313, 1, Bee Sin, 2049, 487729, 1)
INSERT INTO interacts VALUES(728755357313, 1, Bee Sin, 2043, 488162, 1)
INSERT INTO interacts VALUES(728755357313, 1, Bee Sin, 2043, 489463, 1)
INSERT INTO interacts VALUES(728755357313, 1, Akaadian, 1410, 535246, 1)
INSERT INTO interacts VALUES(728755357313, 1, Flaxxish, 1036, 550426, 1)
INSERT INTO interacts VALUES(728755357313, 1, k0u, 1414, 569487, 1)
INSERT INTO interacts VALUES(728755357313, 1, k0u, 2043, 571538, 1)
INSERT INTO interacts VALUES(728755357313, 1, Pekin Woof, 3001, 645356, 1)
INSERT INTO interacts VALUES(728755357313, 1, Pekin Woof, 2003, 645950, 1)
INSERT INTO interacts VALUES(728755357313, 1, Rikara, 3004, 657124, 1)
INSERT INTO interacts VALUES(728755357313, 1, Rikara, 2043, 658033, 1)
INSERT INTO interacts VALUES(728755357313, 1, Rikara, 2003, 658525, 1)
INSERT INTO interacts VALUES(728755357313, 1, Chorong, 3044, 686501, 1)
INSERT INTO interacts VALUES(728755357313, 1, Chorong, 2043, 686981, 1)
INSERT INTO interacts VALUES(728755357313, 1, Chorong, 2003, 687172, 1)
INSERT INTO interacts VALUES(728755357313, 1, Ablazeolive, 3101, 693570, 1)
INSERT INTO interacts VALUES(728755357313, 1, Ablazeolive, 3108, 700743, 1)
INSERT INTO interacts VALUES(728755357313, 1, Akaadian, 3158, 706486, 1)
INSERT INTO interacts VALUES(728755357313, 1, k0u, 3020, 721512, 1)
INSERT INTO interacts VALUES(728755357313, 1, Akaadian, 1028, 725113, 1)
INSERT INTO interacts VALUES(728755357313, 1, Trance, 2301, 741862, 1)
INSERT INTO interacts VALUES(728755357313, 1, Trance, 3117, 745349, 1)
INSERT INTO interacts VALUES(728755357313, 1, Trance, 3098, 748516, 1)
INSERT INTO interacts VALUES(728755357313, 1, Trance, 2043, 750219, 1)
INSERT INTO interacts VALUES(728755357313, 1, Pekin Woof, 3020, 751253, 1)
INSERT INTO interacts VALUES(728755357313, 1, Pekin Woof, 2003, 752539, 1)
INSERT INTO interacts VALUES(728755357313, 1, Pekin Woof, 2003, 752647, 1)
INSERT INTO interacts VALUES(728755357313, 1, Pekin Woof, 3363, 753453, 1)
INSERT INTO interacts VALUES(728755357313, 1, Massacre, 3134, 760022, 1)
INSERT INTO interacts VALUES(728755357313, 1, Massacre, 3133, 760345, 1)
INSERT INTO interacts VALUES(728755357313, 1, Rikara, 3057, 805715, 1)
INSERT INTO interacts VALUES(728755357313, 1, Rikara, 1027, 806693, 1)
INSERT INTO interacts VALUES(728755357313, 1, Akaadian, 1033, 829088, 1)
INSERT INTO interacts VALUES(728755357313, 1, Akaadian, 2043, 830292, 1)
INSERT INTO interacts VALUES(728755357313, 1, Pekin Woof, 1027, 876315, 1)
INSERT INTO interacts VALUES(728755357313, 1, Pekin Woof, 2003, 877638, 1)
INSERT INTO interacts VALUES(728755357313, 1, Bee Sin, 3801, 881319, 1)
INSERT INTO interacts VALUES(728755357313, 1, Bee Sin, 1033, 883202, 1)
INSERT INTO interacts VALUES(728755357313, 1, Bee Sin, 2043, 883973, 1)
INSERT INTO interacts VALUES(728755357313, 1, Bee Sin, 2043, 884485, 1)
INSERT INTO interacts VALUES(728755357313, 1, Rikara, 3158, 902748, 1)
INSERT INTO interacts VALUES(728755357313, 1, Flaxxish, 3077, 904019, 1)
INSERT INTO interacts VALUES(728755357313, 1, Ablazeolive, 3115, 904558, 1)
INSERT INTO interacts VALUES(728755357313, 1, Rikara, 3363, 904973, 1)
INSERT INTO interacts VALUES(728755357313, 1, Ablazeolive, 2043, 905956, 1)
INSERT INTO interacts VALUES(728755357313, 1, Trance, 2301, 906637, 1)
INSERT INTO interacts VALUES(728755357313, 1, Trance, 1033, 908266, 1)
INSERT INTO interacts VALUES(728755357313, 1, Chorong, 3071, 910011, 1)
INSERT INTO interacts VALUES(728755357313, 1, Ablazeolive, 2010, 910279, 1)
INSERT INTO interacts VALUES(728755357313, 1, Chorong, 1028, 911475, 1)
INSERT INTO interacts VALUES(728755357313, 1, Chorong, 2043, 912533, 1)
INSERT INTO interacts VALUES(728755357313, 1, Flaxxish, 1053, 914184, 1)
INSERT INTO interacts VALUES(728755357313, 1, Flaxxish, 2043, 916759, 1)
INSERT INTO interacts VALUES(728755357313, 1, Massacre, 3142, 931441, 1)
INSERT INTO interacts VALUES(728755357313, 1, Massacre, 1036, 933193, 1)
INSERT INTO interacts VALUES(728755357313, 1, Massacre, 2010, 933603, 1)
INSERT INTO interacts VALUES(728755357313, 1, Massacre, 2010, 933708, 1)
INSERT INTO interacts VALUES(728755357313, 1, k0u, 1058, 938197, 1)
INSERT INTO interacts VALUES(728755357313, 1, k0u, 2043, 939801, 1)
INSERT INTO interacts VALUES(728755357313, 1, Flaxxish, 1037, 1008180, 1)
INSERT INTO interacts VALUES(728755357313, 1, Akaadian, 1057, 1074790, 1)
INSERT INTO interacts VALUES(728755357313, 1, Akaadian, 3108, 1075170, 1)
INSERT INTO interacts VALUES(728755357313, 1, Akaadian, 3364, 1078279, 1)
INSERT INTO interacts VALUES(728755357313, 1, Chorong, 3052, 1093455, 1)
INSERT INTO interacts VALUES(728755357313, 1, Pekin Woof, 3802, 1094374, 1)
INSERT INTO interacts VALUES(728755357313, 1, Pekin Woof, 1052, 1094946, 1)
INSERT INTO interacts VALUES(728755357313, 1, Bee Sin, 3105, 1094973, 1)
INSERT INTO interacts VALUES(728755357313, 1, Bee Sin, 2043, 1096155, 1)
INSERT INTO interacts VALUES(728755357313, 1, Bee Sin, 2010, 1096495, 1)
INSERT INTO interacts VALUES(728755357313, 1, Bee Sin, 2010, 1096659, 1)
INSERT INTO interacts VALUES(728755357313, 1, Chorong, 1028, 1098337, 1)
INSERT INTO interacts VALUES(728755357313, 1, Ablazeolive, 1056, 1105958, 0)
INSERT INTO interacts VALUES(728755357313, 1, Ablazeolive, 3020, 1107685, 1)
INSERT INTO interacts VALUES(728755357313, 1, Ablazeolive, 2043, 1108690, 1)
INSERT INTO interacts VALUES(728755357313, 1, Ablazeolive, 2010, 1109025, 1)
INSERT INTO interacts VALUES(728755357313, 1, Trance, 3067, 1109279, 1)
INSERT INTO interacts VALUES(728755357313, 1, Trance, 2043, 1110029, 1)
INSERT INTO interacts VALUES(728755357313, 1, Trance, 2010, 1110994, 1)
INSERT INTO interacts VALUES(728755357313, 1, Chorong, 3009, 1111464, 1)
INSERT INTO interacts VALUES(728755357313, 1, Chorong, 2043, 1112230, 1)
INSERT INTO interacts VALUES(728755357313, 1, Flaxxish, 3074, 1119411, 1)
INSERT INTO interacts VALUES(728755357313, 1, Flaxxish, 1028, 1121667, 1)
INSERT INTO interacts VALUES(728755357313, 1, Massacre, 3133, 1123057, 1)
INSERT INTO interacts VALUES(728755357313, 1, Flaxxish, 3363, 1123472, 1)
INSERT INTO interacts VALUES(728755357313, 1, Massacre, 1036, 1123472, 1)
INSERT INTO interacts VALUES(728755357313, 1, Massacre, 3363, 1125711, 1)
INSERT INTO interacts VALUES(728755357313, 1, Rikara, 3025, 1132547, 1)
INSERT INTO interacts VALUES(728755357313, 1, Rikara, 2003, 1133595, 0)
INSERT INTO interacts VALUES(728755357313, 1, Rikara, 1036, 1135178, 1)
INSERT INTO interacts VALUES(728755357313, 1, k0u, 1011, 1137413, 1)
INSERT INTO interacts VALUES(728755357313, 1, k0u, 3364, 1138669, 1)
INSERT INTO interacts VALUES(728755357313, 1, Flaxxish, 1028, 1202392, 1)
INSERT INTO interacts VALUES(728755357313, 1, Trance, 2043, 1233752, 1)
INSERT INTO interacts VALUES(728755357313, 1, Trance, 2043, 1234085, 1)
INSERT INTO interacts VALUES(728755357313, 1, Chorong, 3052, 1261508, 1)
INSERT INTO interacts VALUES(728755357313, 1, Pekin Woof, 3108, 1284373, 1)
INSERT INTO interacts VALUES(728755357313, 1, Akaadian, 3001, 1284769, 1)
INSERT INTO interacts VALUES(728755357313, 1, Pekin Woof, 2043, 1285483, 1)
INSERT INTO interacts VALUES(728755357313, 1, Akaadian, 1027, 1290706, 1)
INSERT INTO interacts VALUES(728755357313, 1, k0u, 3116, 1294554, 1)
INSERT INTO interacts VALUES(728755357313, 1, Ablazeolive, 3108, 1296353, 1)
INSERT INTO interacts VALUES(728755357313, 1, k0u, 2043, 1297099, 1)
INSERT INTO interacts VALUES(728755357313, 1, Ablazeolive, 2043, 1297779, 1)
INSERT INTO interacts VALUES(728755357313, 1, Rikara, 1033, 1297779, 1)
INSERT INTO interacts VALUES(728755357313, 1, Trance, 2010, 1299266, 0)
INSERT INTO interacts VALUES(728755357313, 1, Trance, 1028, 1301437, 1)
INSERT INTO interacts VALUES(728755357313, 1, Flaxxish, 3067, 1305302, 1)
INSERT INTO interacts VALUES(728755357313, 1, Flaxxish, 1029, 1306627, 1)
INSERT INTO interacts VALUES(728755357313, 1, Bee Sin, 3190, 1317457, 1)
INSERT INTO interacts VALUES(728755357313, 1, Massacre, 3044, 1317822, 1)
INSERT INTO interacts VALUES(728755357313, 1, Bee Sin, 3364, 1318068, 1)
INSERT INTO interacts VALUES(728755357313, 1, Massacre, 1083, 1319101, 0)
INSERT INTO interacts VALUES(728755357313, 1, Massacre, 2043, 1320361, 1)
INSERT INTO interacts VALUES(728755357313, 1, Pekin Woof, 3165, 1351566, 1)
INSERT INTO interacts VALUES(728755357313, 1, Pekin Woof, 2043, 1357681, 1)
INSERT INTO interacts VALUES(728755357313, 1, Rikara, 3155, 1379910, 1)
INSERT INTO interacts VALUES(728755357313, 1, Chorong, 1037, 1382851, 1)
INSERT INTO interacts VALUES(728755357313, 1, k0u, 1033, 1384308, 1)
INSERT INTO interacts VALUES(728755357313, 1, Trance, 3801, 1398678, 1)
INSERT INTO interacts VALUES(728755357313, 1, Trance, 2043, 1399837, 1)
INSERT INTO interacts VALUES(728755357313, 1, Trance, 2043, 1400227, 1)
INSERT INTO interacts VALUES(728755357313, 1, Akaadian, 2031, 1426551, 0)
INSERT INTO interacts VALUES(728755357313, 1, Akaadian, 1026, 1427717, 1)
INSERT INTO interacts VALUES(728755357313, 1, Massacre, 3071, 1437432, 1)
INSERT INTO interacts VALUES(728755357313, 1, Massacre, 1042, 1438159, 1)
INSERT INTO interacts VALUES(728755357313, 1, Flaxxish, 3024, 1487477, 1)
INSERT INTO interacts VALUES(728755357313, 1, Chorong, 3022, 1497028, 1)
INSERT INTO interacts VALUES(728755357313, 1, Chorong, 1028, 1499009, 1)
INSERT INTO interacts VALUES(728755357313, 1, Chorong, 2043, 1499555, 1)
INSERT INTO interacts VALUES(728755357313, 1, Pekin Woof, 1052, 1509857, 1)
INSERT INTO interacts VALUES(728755357313, 1, Trance, 3190, 1535839, 1)
INSERT INTO interacts VALUES(728755357313, 1, Trance, 2043, 1536812, 1)
INSERT INTO interacts VALUES(728755357313, 1, Bee Sin, 2303, 1538220, 1)
INSERT INTO interacts VALUES(728755357313, 1, Trance, 3364, 1538598, 1)
INSERT INTO interacts VALUES(728755357313, 1, k0u, 1057, 1539258, 1)
INSERT INTO interacts VALUES(728755357313, 1, k0u, 1052, 1539661, 1)
INSERT INTO interacts VALUES(728755357313, 1, Trance, 2010, 1540356, 1)
INSERT INTO interacts VALUES(728755357313, 1, Akaadian, 3027, 1541146, 1)
INSERT INTO interacts VALUES(728755357313, 1, Akaadian, 2043, 1542796, 1)
INSERT INTO interacts VALUES(728755357313, 1, k0u, 2031, 1543910, 0)
INSERT INTO interacts VALUES(728755357313, 1, k0u, 2043, 1546488, 1)
INSERT INTO interacts VALUES(728755357313, 1, Rikara, 3156, 1559741, 1)
INSERT INTO interacts VALUES(728755357313, 1, Chorong, 1033, 1579599, 1)
INSERT INTO interacts VALUES(728755357313, 1, Bee Sin, 2043, 1587180, 1)
INSERT INTO interacts VALUES(728755357313, 1, Ablazeolive, 3001, 1589094, 1)
INSERT INTO interacts VALUES(728755357313, 1, Ablazeolive, 1056, 1590518, 0)
INSERT INTO interacts VALUES(728755357313, 1, Bee Sin, 2043, 1590526, 1)
INSERT INTO interacts VALUES(728755357313, 1, Ablazeolive, 1058, 1592188, 1)
INSERT INTO interacts VALUES(728755357313, 1, Massacre, 3086, 1593981, 1)
INSERT INTO interacts VALUES(728755357313, 1, Massacre, 1042, 1594849, 1)
INSERT INTO interacts VALUES(728755357313, 1, Flaxxish, 3211, 1615741, 1)
INSERT INTO interacts VALUES(728755357313, 1, Rikara, 1055, 1639266, 0)
INSERT INTO interacts VALUES(728755357313, 1, Trance, 1033, 1639464, 1)
INSERT INTO interacts VALUES(728755357313, 1, Rikara, 1053, 1640545, 1)
INSERT INTO interacts VALUES(728755357313, 1, Trance, 2010, 1641427, 0)
INSERT INTO interacts VALUES(728755357313, 1, Trance, 2043, 1643308, 1)
INSERT INTO interacts VALUES(728755357313, 1, Pekin Woof, 1058, 1685321, 1)
INSERT INTO interacts VALUES(728755357313, 1, Massacre, 3046, 1687221, 1)
INSERT INTO interacts VALUES(728755357313, 1, Chorong, 3211, 1687911, 1)
INSERT INTO interacts VALUES(728755357313, 1, Massacre, 2043, 1688075, 1)
INSERT INTO interacts VALUES(728755357313, 1, Akaadian, 3108, 1688201, 1)
INSERT INTO interacts VALUES(728755357313, 1, Bee Sin, 3009, 1688851, 1)
INSERT INTO interacts VALUES(728755357313, 1, Chorong, 1028, 1689393, 1)
INSERT INTO interacts VALUES(728755357313, 1, Bee Sin, 2043, 1689393, 1)
INSERT INTO interacts VALUES(728755357313, 1, Akaadian, 2043, 1689929, 1)
INSERT INTO interacts VALUES(728755357313, 1, Akaadian, 2043, 1690170, 1)
INSERT INTO interacts VALUES(728755357313, 1, Ablazeolive, 1052, 1690537, 1)
INSERT INTO interacts VALUES(728755357313, 1, Bee Sin, 2010, 1690822, 1)
INSERT INTO interacts VALUES(728755357313, 1, Trance, 2043, 1705798, 1)
INSERT INTO interacts VALUES(728755357313, 1, Trance, 2043, 1706204, 1)
INSERT INTO interacts VALUES(728755357313, 1, Ablazeolive, 2010, 1713166, 1)
INSERT INTO interacts VALUES(728755357313, 1, Flaxxish, 3065, 1743333, 1)
INSERT INTO interacts VALUES(728755357313, 1, Flaxxish, 1029, 1745846, 1)
INSERT INTO interacts VALUES(728755357313, 1, Ablazeolive, 1028, 1824895, 1)
INSERT INTO interacts VALUES(728755357313, 1, Pekin Woof, 2139, 1830341, 1)
INSERT INTO interacts VALUES(728755357313, 1, k0u, 3001, 1848677, 1)
INSERT INTO interacts VALUES(728755357313, 1, Massacre, 1038, 1851675, 1)
INSERT INTO interacts VALUES(728755357313, 1, Akaadian, 2043, 1851675, 0)
INSERT INTO interacts VALUES(728755357313, 1, Akaadian, 2043, 1851799, 0)
INSERT INTO interacts VALUES(728755357313, 1, Trance, 3028, 1855008, 1)
INSERT INTO interacts VALUES(728755357313, 1, Trance, 2043, 1855957, 1)
INSERT INTO interacts VALUES(728755357313, 1, Trance, 2043, 1856327, 1)
INSERT INTO interacts VALUES(728755357313, 1, Bee Sin, 1029, 1857398, 1)
INSERT INTO interacts VALUES(728755357313, 1, Bee Sin, 1029, 1858315, 1)
INSERT INTO interacts VALUES(728755357313, 1, Bee Sin, 2043, 1859102, 1)
INSERT INTO interacts VALUES(728755357313, 1, Rikara, 3144, 1860638, 1)
INSERT INTO interacts VALUES(728755357313, 1, Rikara, 1042, 1861578, 1)
INSERT INTO interacts VALUES(728755357313, 1, Chorong, 3102, 1864271, 1)
INSERT INTO interacts VALUES(728755357313, 1, Flaxxish, 3082, 1881960, 1)
INSERT INTO interacts VALUES(728755357313, 1, Bee Sin, 3082, 1944424, 1)
INSERT INTO interacts VALUES(728755357313, 1, Massacre, 1055, 1949487, 0)
INSERT INTO interacts VALUES(728755357313, 1, Chorong, 1011, 1950586, 1)
INSERT INTO interacts VALUES(728755357313, 1, Massacre, 1053, 1950742, 1)
INSERT INTO interacts VALUES(728755357313, 1, Akaadian, 2043, 1956223, 0)
INSERT INTO interacts VALUES(728755357313, 1, Akaadian, 3191, 1957618, 1)
INSERT INTO interacts VALUES(728755357313, 1, Flaxxish, 3110, 1983938, 1)
INSERT INTO interacts VALUES(728755357313, 1, Pekin Woof, 3285, 1984119, 1)
INSERT INTO matches VALUES(728755357313, 2, 2016-06-15)
INSERT INTO competes VALUES(728755357313, DT, True)
INSERT INTO competes VALUES(728755357313, NVA, False)
INSERT INTO scores VALUES(DT, 728755357313, 2, 1, 5, 0, 0, 0, 0)
INSERT INTO scores VALUES(NVA, 728755357313, 2, 1, 8, 0, 2, 4, 1)
INSERT INTO bans VALUES(728755357313, 2, 22, 1)
INSERT INTO bans VALUES(728755357313, 2, 105, 3)
INSERT INTO bans VALUES(728755357313, 2, 13, 5)
INSERT INTO bans VALUES(728755357313, 2, 420, 2)
INSERT INTO bans VALUES(728755357313, 2, 8, 4)
INSERT INTO bans VALUES(728755357313, 2, 39, 6)
INSERT INTO plays VALUES(728755357313, 2, Flaxxish, 48, Jungle, 0, 5, 7, 9012, 20, 10, 260, 5, 0, 13636)
INSERT INTO plays VALUES(728755357313, 2, k0u, 203, Mid, 1, 5, 5, 19354, 9, 17, 68, 101, 12, 13316)
INSERT INTO plays VALUES(728755357313, 2, Ablazeolive, 268, Mid, 5, 4, 4, 32390, 25, 17, 297, 17, 0, 15092)
INSERT INTO plays VALUES(728755357313, 2, Rikara, 51, Jungle, 5, 4, 4, 21684, 14, 6, 340, 28, 0, 16907)
INSERT INTO plays VALUES(728755357313, 2, Trance, 12, Jungle, 0, 3, 7, 3229, 77, 10, 46, 0, 0, 9743)
INSERT INTO plays VALUES(728755357313, 2, Chorong, 68, Jungle, 3, 3, 13, 26349, 25, 12, 230, 30, 5, 16072)
INSERT INTO plays VALUES(728755357313, 2, Akaadian, 421, Jungle, 7, 0, 9, 16170, 42, 21, 35, 113, 24, 16046)
INSERT INTO plays VALUES(728755357313, 2, Pekin Woof, 127, Mid, 2, 5, 7, 16181, 18, 8, 314, 15, 0, 15725)
INSERT INTO plays VALUES(728755357313, 2, Massacre, 236, Jungle, 8, 1, 7, 29021, 19, 13, 379, 21, 12, 20381)
INSERT INTO plays VALUES(728755357313, 2, Bee Sin, 201, Jungle, 1, 2, 15, 5787, 50, 16, 57, 0, 0, 11909)
INSERT INTO interacts VALUES(728755357313, 2, Trance, 3302, 2277, 1)
INSERT INTO interacts VALUES(728755357313, 2, Pekin Woof, 1056, 3121, 1)
INSERT INTO interacts VALUES(728755357313, 2, Akaadian, 1041, 3316, 1)
INSERT INTO interacts VALUES(728755357313, 2, Pekin Woof, 2010, 3406, 1)
INSERT INTO interacts VALUES(728755357313, 2, Rikara, 1055, 3406, 1)
INSERT INTO interacts VALUES(728755357313, 2, Trance, 2010, 3417, 1)
INSERT INTO interacts VALUES(728755357313, 2, Ablazeolive, 1056, 3417, 1)
INSERT INTO interacts VALUES(728755357313, 2, Bee Sin, 3302, 3513, 1)
INSERT INTO interacts VALUES(728755357313, 2, Pekin Woof, 2010, 3516, 1)
INSERT INTO interacts VALUES(728755357313, 2, Ablazeolive, 2010, 3613, 1)
INSERT INTO interacts VALUES(728755357313, 2, Rikara, 2003, 3613, 1)
INSERT INTO interacts VALUES(728755357313, 2, Bee Sin, 2010, 3707, 1)
INSERT INTO interacts VALUES(728755357313, 2, Trance, 2010, 3772, 1)
INSERT INTO interacts VALUES(728755357313, 2, Pekin Woof, 3340, 3772, 1)
INSERT INTO interacts VALUES(728755357313, 2, Ablazeolive, 2010, 3772, 1)
INSERT INTO interacts VALUES(728755357313, 2, Massacre, 1055, 3805, 1)
INSERT INTO interacts VALUES(728755357313, 2, Rikara, 3340, 3870, 1)
INSERT INTO interacts VALUES(728755357313, 2, Ablazeolive, 3340, 3970, 1)
INSERT INTO interacts VALUES(728755357313, 2, Bee Sin, 3340, 4004, 1)
INSERT INTO interacts VALUES(728755357313, 2, Massacre, 2010, 4066, 1)
INSERT INTO interacts VALUES(728755357313, 2, Trance, 2010, 4131, 1)
INSERT INTO interacts VALUES(728755357313, 2, Akaadian, 2031, 4190, 1)
INSERT INTO interacts VALUES(728755357313, 2, Massacre, 3340, 4391, 1)
INSERT INTO interacts VALUES(728755357313, 2, k0u, 1039, 4454, 1)
INSERT INTO interacts VALUES(728755357313, 2, Bee Sin, 2010, 4491, 1)
INSERT INTO interacts VALUES(728755357313, 2, Akaadian, 3340, 4554, 1)
INSERT INTO interacts VALUES(728755357313, 2, Trance, 3340, 4782, 1)
INSERT INTO interacts VALUES(728755357313, 2, Flaxxish, 1055, 4786, 1)
INSERT INTO interacts VALUES(728755357313, 2, k0u, 2031, 4879, 1)
INSERT INTO interacts VALUES(728755357313, 2, k0u, 3340, 5204, 1)
INSERT INTO interacts VALUES(728755357313, 2, Chorong, 1054, 5244, 1)
INSERT INTO interacts VALUES(728755357313, 2, Chorong, 2003, 5465, 1)
INSERT INTO interacts VALUES(728755357313, 2, Flaxxish, 2003, 5465, 1)
INSERT INTO interacts VALUES(728755357313, 2, Chorong, 3340, 5753, 1)
INSERT INTO interacts VALUES(728755357313, 2, Bee Sin, 2010, 5762, 1)
INSERT INTO interacts VALUES(728755357313, 2, Flaxxish, 3340, 6151, 1)
INSERT INTO interacts VALUES(728755357313, 2, Trance, 1001, 206029, 1)
INSERT INTO interacts VALUES(728755357313, 2, Rikara, 1083, 213889, 1)
INSERT INTO interacts VALUES(728755357313, 2, Rikara, 1001, 214946, 1)
INSERT INTO interacts VALUES(728755357313, 2, Bee Sin, 1001, 238616, 1)
INSERT INTO interacts VALUES(728755357313, 2, Bee Sin, 2043, 240445, 1)
INSERT INTO interacts VALUES(728755357313, 2, Bee Sin, 2010, 240841, 1)
INSERT INTO interacts VALUES(728755357313, 2, Massacre, 1083, 241365, 1)
INSERT INTO interacts VALUES(728755357313, 2, Massacre, 1001, 242538, 1)
INSERT INTO interacts VALUES(728755357313, 2, Chorong, 1052, 259527, 1)
INSERT INTO interacts VALUES(728755357313, 2, Chorong, 2003, 260231, 1)
INSERT INTO interacts VALUES(728755357313, 2, Flaxxish, 1001, 283184, 1)
INSERT INTO interacts VALUES(728755357313, 2, Flaxxish, 1028, 284276, 1)
INSERT INTO interacts VALUES(728755357313, 2, Flaxxish, 2043, 285814, 1)
INSERT INTO interacts VALUES(728755357313, 2, k0u, 3715, 299834, 1)
INSERT INTO interacts VALUES(728755357313, 2, k0u, 1042, 303304, 1)
INSERT INTO interacts VALUES(728755357313, 2, k0u, 2043, 304415, 1)
INSERT INTO interacts VALUES(728755357313, 2, Massacre, 1036, 338458, 1)
INSERT INTO interacts VALUES(728755357313, 2, Massacre, 1036, 345143, 1)
INSERT INTO interacts VALUES(728755357313, 2, Bee Sin, 1028, 347143, 1)
INSERT INTO interacts VALUES(728755357313, 2, Rikara, 3006, 352882, 1)
INSERT INTO interacts VALUES(728755357313, 2, Ablazeolive, 1056, 353117, 1)
INSERT INTO interacts VALUES(728755357313, 2, Ablazeolive, 1057, 355530, 1)
INSERT INTO interacts VALUES(728755357313, 2, Ablazeolive, 2043, 356547, 1)
INSERT INTO interacts VALUES(728755357313, 2, Ablazeolive, 2010, 356819, 1)
INSERT INTO interacts VALUES(728755357313, 2, Ablazeolive, 2010, 356964, 1)
INSERT INTO interacts VALUES(728755357313, 2, Ablazeolive, 2010, 357066, 1)
INSERT INTO interacts VALUES(728755357313, 2, Trance, 1028, 360304, 1)
INSERT INTO interacts VALUES(728755357313, 2, Pekin Woof, 1057, 360697, 1)
INSERT INTO interacts VALUES(728755357313, 2, Pekin Woof, 3108, 361110, 1)
INSERT INTO interacts VALUES(728755357313, 2, Pekin Woof, 2043, 362552, 1)
INSERT INTO interacts VALUES(728755357313, 2, Trance, 2043, 362552, 1)
INSERT INTO interacts VALUES(728755357313, 2, Pekin Woof, 2010, 362845, 1)
INSERT INTO interacts VALUES(728755357313, 2, Akaadian, 3009, 384193, 1)
INSERT INTO interacts VALUES(728755357313, 2, Akaadian, 2049, 387062, 1)
INSERT INTO interacts VALUES(728755357313, 2, Flaxxish, 1033, 387613, 1)
INSERT INTO interacts VALUES(728755357313, 2, Akaadian, 2043, 388561, 1)
INSERT INTO interacts VALUES(728755357313, 2, Flaxxish, 1006, 390643, 1)
INSERT INTO interacts VALUES(728755357313, 2, Chorong, 1052, 397159, 1)
INSERT INTO interacts VALUES(728755357313, 2, Chorong, 1001, 397649, 1)
INSERT INTO interacts VALUES(728755357313, 2, Chorong, 2043, 398360, 1)
INSERT INTO interacts VALUES(728755357313, 2, k0u, 1042, 398395, 1)
INSERT INTO interacts VALUES(728755357313, 2, k0u, 1001, 398755, 1)
INSERT INTO interacts VALUES(728755357313, 2, Trance, 2043, 445054, 1)
INSERT INTO interacts VALUES(728755357313, 2, Rikara, 1042, 448716, 1)
INSERT INTO interacts VALUES(728755357313, 2, Rikara, 1051, 450307, 1)
INSERT INTO interacts VALUES(728755357313, 2, Bee Sin, 3341, 467524, 1)
INSERT INTO interacts VALUES(728755357313, 2, Bee Sin, 2049, 468777, 1)
INSERT INTO interacts VALUES(728755357313, 2, Massacre, 3006, 469153, 1)
INSERT INTO interacts VALUES(728755357313, 2, Bee Sin, 2043, 470130, 1)
INSERT INTO interacts VALUES(728755357313, 2, Akaadian, 3751, 573048, 1)
INSERT INTO interacts VALUES(728755357313, 2, Akaadian, 2043, 574741, 1)
INSERT INTO interacts VALUES(728755357313, 2, k0u, 1419, 592602, 1)
INSERT INTO interacts VALUES(728755357313, 2, Pekin Woof, 3001, 601628, 1)
INSERT INTO interacts VALUES(728755357313, 2, Pekin Woof, 1001, 602561, 1)
INSERT INTO interacts VALUES(728755357313, 2, Ablazeolive, 1001, 606176, 1)
INSERT INTO interacts VALUES(728755357313, 2, Ablazeolive, 3101, 607924, 1)
INSERT INTO interacts VALUES(728755357313, 2, Flaxxish, 3211, 610575, 1)
INSERT INTO interacts VALUES(728755357313, 2, Flaxxish, 3111, 614556, 1)
INSERT INTO interacts VALUES(728755357313, 2, k0u, 2032, 648373, 1)
INSERT INTO interacts VALUES(728755357313, 2, Trance, 2010, 668112, 0)
INSERT INTO interacts VALUES(728755357313, 2, Trance, 2010, 668307, 0)
INSERT INTO interacts VALUES(728755357313, 2, Trance, 3117, 669485, 1)
INSERT INTO interacts VALUES(728755357313, 2, Trance, 3341, 672706, 1)
INSERT INTO interacts VALUES(728755357313, 2, Chorong, 3145, 678728, 1)
INSERT INTO interacts VALUES(728755357313, 2, Trance, 2049, 679102, 1)
INSERT INTO interacts VALUES(728755357313, 2, Chorong, 3067, 681158, 1)
INSERT INTO interacts VALUES(728755357313, 2, Chorong, 2043, 681711, 1)
INSERT INTO interacts VALUES(728755357313, 2, Rikara, 2003, 686265, 0)
INSERT INTO interacts VALUES(728755357313, 2, Rikara, 1038, 687645, 1)
INSERT INTO interacts VALUES(728755357313, 2, Pekin Woof, 3158, 731530, 1)
INSERT INTO interacts VALUES(728755357313, 2, Akaadian, 3706, 761299, 1)
INSERT INTO interacts VALUES(728755357313, 2, Flaxxish, 1028, 762918, 1)
INSERT INTO interacts VALUES(728755357313, 2, Flaxxish, 1036, 767163, 1)
INSERT INTO interacts VALUES(728755357313, 2, Flaxxish, 1036, 767337, 1)
INSERT INTO interacts VALUES(728755357313, 2, Pekin Woof, 1052, 799943, 1)
INSERT INTO interacts VALUES(728755357313, 2, Pekin Woof, 3363, 801919, 1)
INSERT INTO interacts VALUES(728755357313, 2, k0u, 3006, 802082, 1)
INSERT INTO interacts VALUES(728755357313, 2, k0u, 2043, 808081, 1)
INSERT INTO interacts VALUES(728755357313, 2, Chorong, 3152, 809439, 1)
INSERT INTO interacts VALUES(728755357313, 2, Chorong, 2003, 810223, 1)
INSERT INTO interacts VALUES(728755357313, 2, Rikara, 3086, 813947, 1)
INSERT INTO interacts VALUES(728755357313, 2, Bee Sin, 3801, 814058, 1)
INSERT INTO interacts VALUES(728755357313, 2, Rikara, 1042, 814888, 1)
INSERT INTO interacts VALUES(728755357313, 2, Bee Sin, 1033, 815083, 1)
INSERT INTO interacts VALUES(728755357313, 2, Ablazeolive, 3115, 815644, 1)
INSERT INTO interacts VALUES(728755357313, 2, Ablazeolive, 2010, 817789, 0)
INSERT INTO interacts VALUES(728755357313, 2, Ablazeolive, 2010, 817921, 0)
INSERT INTO interacts VALUES(728755357313, 2, Ablazeolive, 2043, 818999, 1)
INSERT INTO interacts VALUES(728755357313, 2, Trance, 3097, 827017, 1)
INSERT INTO interacts VALUES(728755357313, 2, Trance, 2043, 828905, 1)
INSERT INTO interacts VALUES(728755357313, 2, Trance, 2010, 832868, 1)
INSERT INTO interacts VALUES(728755357313, 2, Massacre, 3142, 849793, 1)
INSERT INTO interacts VALUES(728755357313, 2, Massacre, 2043, 854222, 1)
INSERT INTO interacts VALUES(728755357313, 2, Flaxxish, 3077, 866892, 1)
INSERT INTO interacts VALUES(728755357313, 2, Flaxxish, 1036, 869758, 1)
INSERT INTO interacts VALUES(728755357313, 2, Akaadian, 1401, 871179, 1)
INSERT INTO interacts VALUES(728755357313, 2, Akaadian, 1028, 872569, 1)
INSERT INTO interacts VALUES(728755357313, 2, Akaadian, 3364, 874302, 1)
INSERT INTO interacts VALUES(728755357313, 2, Akaadian, 2043, 874845, 1)
INSERT INTO interacts VALUES(728755357313, 2, Rikara, 1083, 878871, 0)
INSERT INTO interacts VALUES(728755357313, 2, Rikara, 3085, 881090, 1)
INSERT INTO interacts VALUES(728755357313, 2, Rikara, 3363, 882286, 1)
INSERT INTO interacts VALUES(728755357313, 2, Pekin Woof, 3191, 890363, 1)
INSERT INTO interacts VALUES(728755357313, 2, Pekin Woof, 2043, 890884, 1)
INSERT INTO interacts VALUES(728755357313, 2, k0u, 1028, 910599, 1)
INSERT INTO interacts VALUES(728755357313, 2, k0u, 3364, 913387, 1)
INSERT INTO interacts VALUES(728755357313, 2, Trance, 1033, 993375, 1)
INSERT INTO interacts VALUES(728755357313, 2, Ablazeolive, 3020, 993922, 1)
INSERT INTO interacts VALUES(728755357313, 2, Trance, 2043, 994425, 1)
INSERT INTO interacts VALUES(728755357313, 2, Trance, 2043, 994764, 1)
INSERT INTO interacts VALUES(728755357313, 2, Ablazeolive, 2043, 995248, 1)
INSERT INTO interacts VALUES(728755357313, 2, Bee Sin, 3105, 995835, 1)
INSERT INTO interacts VALUES(728755357313, 2, Bee Sin, 2043, 996263, 1)
INSERT INTO interacts VALUES(728755357313, 2, Bee Sin, 2043, 996394, 1)
INSERT INTO interacts VALUES(728755357313, 2, Bee Sin, 2010, 997656, 1)
INSERT INTO interacts VALUES(728755357313, 2, Bee Sin, 2010, 997760, 1)
INSERT INTO interacts VALUES(728755357313, 2, Akaadian, 2031, 998404, 0)
INSERT INTO interacts VALUES(728755357313, 2, Akaadian, 1036, 1000160, 1)
INSERT INTO interacts VALUES(728755357313, 2, Chorong, 3191, 1013614, 1)
INSERT INTO interacts VALUES(728755357313, 2, Chorong, 2043, 1014730, 1)
INSERT INTO interacts VALUES(728755357313, 2, Chorong, 2003, 1014956, 1)
INSERT INTO interacts VALUES(728755357313, 2, Flaxxish, 1037, 1033803, 1)
INSERT INTO interacts VALUES(728755357313, 2, Flaxxish, 3363, 1034937, 1)
INSERT INTO interacts VALUES(728755357313, 2, Chorong, 2043, 1111724, 1)
INSERT INTO interacts VALUES(728755357313, 2, Pekin Woof, 3108, 1128773, 1)
INSERT INTO interacts VALUES(728755357313, 2, Ablazeolive, 1052, 1130752, 1)
INSERT INTO interacts VALUES(728755357313, 2, Trance, 2303, 1137000, 1)
INSERT INTO interacts VALUES(728755357313, 2, Trance, 2010, 1138721, 1)
INSERT INTO interacts VALUES(728755357313, 2, Bee Sin, 3097, 1148905, 1)
INSERT INTO interacts VALUES(728755357313, 2, Bee Sin, 2043, 1153782, 1)
INSERT INTO interacts VALUES(728755357313, 2, Akaadian, 3052, 1154510, 1)
INSERT INTO interacts VALUES(728755357313, 2, Akaadian, 1029, 1156716, 1)
INSERT INTO interacts VALUES(728755357313, 2, Akaadian, 1029, 1158283, 1)
INSERT INTO interacts VALUES(728755357313, 2, k0u, 3044, 1164139, 1)
INSERT INTO interacts VALUES(728755357313, 2, k0u, 1036, 1165155, 1)
INSERT INTO interacts VALUES(728755357313, 2, k0u, 1036, 1165253, 1)
INSERT INTO interacts VALUES(728755357313, 2, Massacre, 3133, 1171468, 1)
INSERT INTO interacts VALUES(728755357313, 2, Massacre, 1036, 1171717, 1)
INSERT INTO interacts VALUES(728755357313, 2, Massacre, 3363, 1173270, 1)
INSERT INTO interacts VALUES(728755357313, 2, Rikara, 1037, 1174911, 1)
INSERT INTO interacts VALUES(728755357313, 2, Rikara, 1042, 1176341, 1)
INSERT INTO interacts VALUES(728755357313, 2, Flaxxish, 1053, 1207684, 1)
INSERT INTO interacts VALUES(728755357313, 2, Flaxxish, 3074, 1255311, 1)
INSERT INTO interacts VALUES(728755357313, 2, Pekin Woof, 3157, 1257252, 1)
INSERT INTO interacts VALUES(728755357313, 2, Trance, 2043, 1258709, 1)
INSERT INTO interacts VALUES(728755357313, 2, Trance, 2043, 1259077, 1)
INSERT INTO interacts VALUES(728755357313, 2, Rikara, 3086, 1260061, 1)
INSERT INTO interacts VALUES(728755357313, 2, Trance, 2031, 1261529, 1)
INSERT INTO interacts VALUES(728755357313, 2, Ablazeolive, 3108, 1262921, 1)
INSERT INTO interacts VALUES(728755357313, 2, k0u, 3133, 1263884, 1)
INSERT INTO interacts VALUES(728755357313, 2, Flaxxish, 2043, 1267838, 1)
INSERT INTO interacts VALUES(728755357313, 2, Pekin Woof, 2043, 1270550, 1)
INSERT INTO interacts VALUES(728755357313, 2, Bee Sin, 3364, 1289967, 1)
INSERT INTO interacts VALUES(728755357313, 2, Bee Sin, 2303, 1291924, 1)
INSERT INTO interacts VALUES(728755357313, 2, Bee Sin, 2043, 1293009, 1)
INSERT INTO interacts VALUES(728755357313, 2, Bee Sin, 2043, 1293143, 1)
INSERT INTO interacts VALUES(728755357313, 2, Bee Sin, 2010, 1293358, 1)
INSERT INTO interacts VALUES(728755357313, 2, Bee Sin, 2010, 1293466, 1)
INSERT INTO interacts VALUES(728755357313, 2, Chorong, 3136, 1294098, 1)
INSERT INTO interacts VALUES(728755357313, 2, Chorong, 2043, 1294851, 1)
INSERT INTO interacts VALUES(728755357313, 2, Massacre, 3071, 1295118, 1)
INSERT INTO interacts VALUES(728755357313, 2, Massacre, 1042, 1300549, 1)
INSERT INTO interacts VALUES(728755357313, 2, Akaadian, 3082, 1338034, 1)
INSERT INTO interacts VALUES(728755357313, 2, Akaadian, 3077, 1342559, 1)
INSERT INTO interacts VALUES(728755357313, 2, Trance, 1028, 1361731, 1)
INSERT INTO interacts VALUES(728755357313, 2, Ablazeolive, 1056, 1388846, 0)
INSERT INTO interacts VALUES(728755357313, 2, Ablazeolive, 3001, 1390048, 1)
INSERT INTO interacts VALUES(728755357313, 2, Ablazeolive, 2043, 1390557, 1)
INSERT INTO interacts VALUES(728755357313, 2, k0u, 3071, 1394757, 1)
INSERT INTO interacts VALUES(728755357313, 2, Massacre, 3086, 1411081, 1)
INSERT INTO interacts VALUES(728755357313, 2, Bee Sin, 3009, 1414507, 1)
INSERT INTO interacts VALUES(728755357313, 2, Chorong, 3020, 1441475, 1)
INSERT INTO interacts VALUES(728755357313, 2, Trance, 3801, 1452315, 1)
INSERT INTO interacts VALUES(728755357313, 2, Trance, 2043, 1453316, 1)
INSERT INTO interacts VALUES(728755357313, 2, Rikara, 3031, 1476584, 1)
INSERT INTO interacts VALUES(728755357313, 2, k0u, 2043, 1478178, 1)
INSERT INTO interacts VALUES(728755357313, 2, k0u, 1042, 1479986, 1)
INSERT INTO interacts VALUES(728755357313, 2, Flaxxish, 3067, 1511782, 1)
INSERT INTO interacts VALUES(728755357313, 2, Pekin Woof, 1026, 1519826, 1)
INSERT INTO interacts VALUES(728755357313, 2, Rikara, 1042, 1520334, 1)
INSERT INTO interacts VALUES(728755357313, 2, k0u, 2043, 1525573, 1)
INSERT INTO interacts VALUES(728755357313, 2, Chorong, 1026, 1526953, 1)
INSERT INTO interacts VALUES(728755357313, 2, Pekin Woof, 1058, 1527731, 1)
INSERT INTO interacts VALUES(728755357313, 2, Bee Sin, 1028, 1527798, 1)
INSERT INTO interacts VALUES(728755357313, 2, Bee Sin, 2043, 1528367, 1)
INSERT INTO interacts VALUES(728755357313, 2, Bee Sin, 2043, 1528657, 1)
INSERT INTO interacts VALUES(728755357313, 2, Trance, 3105, 1541821, 1)
INSERT INTO interacts VALUES(728755357313, 2, Trance, 2043, 1542661, 1)
INSERT INTO interacts VALUES(728755357313, 2, Pekin Woof, 2043, 1549380, 1)
INSERT INTO interacts VALUES(728755357313, 2, Flaxxish, 3065, 1551195, 1)
INSERT INTO interacts VALUES(728755357313, 2, Massacre, 3046, 1556324, 1)
INSERT INTO interacts VALUES(728755357313, 2, Massacre, 1083, 1557488, 0)
INSERT INTO interacts VALUES(728755357313, 2, Massacre, 2043, 1558970, 1)
INSERT INTO interacts VALUES(728755357313, 2, Ablazeolive, 1058, 1564505, 1)
INSERT INTO interacts VALUES(728755357313, 2, Ablazeolive, 2043, 1565466, 1)
INSERT INTO interacts VALUES(728755357313, 2, Chorong, 3151, 1575252, 1)
INSERT INTO interacts VALUES(728755357313, 2, Akaadian, 3748, 1584876, 1)
INSERT INTO interacts VALUES(728755357313, 2, Akaadian, 2043, 1586098, 1)
INSERT INTO interacts VALUES(728755357313, 2, Flaxxish, 1028, 1619698, 1)
INSERT INTO interacts VALUES(728755357313, 2, Flaxxish, 2043, 1621159, 1)
INSERT INTO interacts VALUES(728755357313, 2, Trance, 3364, 1650699, 1)
INSERT INTO interacts VALUES(728755357313, 2, Trance, 2043, 1651382, 1)
INSERT INTO interacts VALUES(728755357313, 2, Bee Sin, 3067, 1666043, 1)
INSERT INTO interacts VALUES(728755357313, 2, Bee Sin, 2043, 1667551, 1)
INSERT INTO interacts VALUES(728755357313, 2, Bee Sin, 2010, 1669205, 1)
INSERT INTO interacts VALUES(728755357313, 2, Rikara, 3094, 1675165, 1)
INSERT INTO interacts VALUES(728755357313, 2, Ablazeolive, 3363, 1681782, 1)
INSERT INTO interacts VALUES(728755357313, 2, Pekin Woof, 2139, 1696282, 1)
INSERT INTO interacts VALUES(728755357313, 2, Flaxxish, 1011, 1735530, 1)
INSERT INTO interacts VALUES(728755357313, 2, Flaxxish, 1029, 1737179, 1)
INSERT INTO interacts VALUES(728755357313, 2, Bee Sin, 3190, 1740480, 1)
INSERT INTO interacts VALUES(728755357313, 2, Massacre, 1038, 1740562, 1)
INSERT INTO interacts VALUES(728755357313, 2, Akaadian, 1028, 1741716, 1)
INSERT INTO interacts VALUES(728755357313, 2, Bee Sin, 2043, 1741774, 1)
INSERT INTO interacts VALUES(728755357313, 2, Bee Sin, 2010, 1741989, 1)
INSERT INTO interacts VALUES(728755357313, 2, Chorong, 3108, 1746601, 1)
INSERT INTO interacts VALUES(728755357313, 2, k0u, 3086, 1754912, 1)
INSERT INTO interacts VALUES(728755357313, 2, Ablazeolive, 1011, 1762798, 1)
INSERT INTO interacts VALUES(728755357313, 2, Ablazeolive, 1056, 1763851, 0)
INSERT INTO interacts VALUES(728755357313, 2, Ablazeolive, 2043, 1764325, 1)
INSERT INTO interacts VALUES(728755357313, 2, k0u, 2043, 1767998, 1)
INSERT INTO interacts VALUES(728755357313, 2, Trance, 1028, 1771211, 1)
INSERT INTO interacts VALUES(728755357313, 2, Trance, 2043, 1772207, 1)
INSERT INTO interacts VALUES(728755357313, 2, Rikara, 1053, 1780906, 1)
INSERT INTO interacts VALUES(728755357313, 2, Chorong, 3157, 1848544, 1)
INSERT INTO interacts VALUES(728755357313, 2, Chorong, 2003, 1849618, 1)
INSERT INTO interacts VALUES(728755357313, 2, Chorong, 2043, 1850817, 1)
INSERT INTO interacts VALUES(728755357313, 2, Ablazeolive, 3116, 1874548, 1)
INSERT INTO interacts VALUES(728755357313, 2, Pekin Woof, 1026, 1880628, 1)
INSERT INTO interacts VALUES(728755357313, 2, Trance, 3190, 1889740, 1)
INSERT INTO interacts VALUES(728755357313, 2, Ablazeolive, 2043, 1891770, 1)
INSERT INTO interacts VALUES(728755357313, 2, Trance, 2043, 1898011, 1)
INSERT INTO interacts VALUES(728755357313, 2, Trance, 2043, 1898424, 1)
INSERT INTO interacts VALUES(728755357313, 2, Akaadian, 3143, 1908097, 1)
INSERT INTO interacts VALUES(728755357313, 2, Akaadian, 1028, 1908952, 1)
INSERT INTO interacts VALUES(728755357313, 2, Massacre, 3031, 1910353, 1)
INSERT INTO interacts VALUES(728755357313, 2, Akaadian, 1033, 1913026, 1)
INSERT INTO interacts VALUES(728755357313, 2, Bee Sin, 3082, 1915954, 1)
INSERT INTO interacts VALUES(728755357313, 2, Bee Sin, 2043, 1918048, 1)
INSERT INTO interacts VALUES(728755357313, 2, Bee Sin, 1029, 1920134, 1)
INSERT INTO interacts VALUES(728755357313, 2, Rikara, 1055, 1932070, 0)
INSERT INTO interacts VALUES(728755357313, 2, Rikara, 3155, 1933341, 1)
INSERT INTO interacts VALUES(728755357313, 2, k0u, 3085, 1945006, 1)
INSERT INTO interacts VALUES(728755357313, 2, Flaxxish, 3082, 1955525, 1)
INSERT INTO interacts VALUES(728755357313, 2, Trance, 1029, 2045706, 1)
INSERT INTO interacts VALUES(728755357313, 2, Trance, 2043, 2046432, 1)
INSERT INTO interacts VALUES(728755357313, 2, Trance, 2043, 2046802, 1)
INSERT INTO interacts VALUES(728755357313, 2, k0u, 1033, 2051730, 1)
INSERT INTO interacts VALUES(728755357313, 2, Pekin Woof, 3089, 2080137, 1)
INSERT INTO interacts VALUES(728755357313, 2, Pekin Woof, 1052, 2080514, 1)
INSERT INTO interacts VALUES(728755357313, 2, Chorong, 1026, 2081700, 1)
INSERT INTO interacts VALUES(728755357313, 2, Ablazeolive, 1026, 2083544, 1)
INSERT INTO interacts VALUES(728755357313, 2, Ablazeolive, 2043, 2083939, 1)
INSERT INTO interacts VALUES(728755357313, 2, Bee Sin, 3024, 2093398, 1)
INSERT INTO interacts VALUES(728755357313, 2, Massacre, 1055, 2102094, 0)
INSERT INTO interacts VALUES(728755357313, 2, Massacre, 1053, 2103173, 1)
INSERT INTO interacts VALUES(728755357313, 2, Trance, 1029, 2123285, 1)
INSERT INTO interacts VALUES(728755357313, 2, Trance, 2031, 2124487, 0)
INSERT INTO interacts VALUES(728755357313, 2, Akaadian, 3211, 2124723, 1)
INSERT INTO interacts VALUES(728755357313, 2, Trance, 2043, 2125338, 1)
INSERT INTO interacts VALUES(728755357313, 2, Trance, 2043, 2125745, 1)
INSERT INTO interacts VALUES(728755357313, 2, Flaxxish, 3143, 2127276, 1)
INSERT INTO interacts VALUES(728755357313, 2, Flaxxish, 2043, 2130253, 1)
INSERT INTO interacts VALUES(728755357313, 2, Chorong, 3135, 2211761, 1)
INSERT INTO interacts VALUES(728755357313, 2, k0u, 3140, 2212056, 1)
INSERT INTO interacts VALUES(728755357313, 2, Chorong, 1054, 2213948, 0)
INSERT INTO interacts VALUES(728755357313, 2, Chorong, 2043, 2215365, 1)
INSERT INTO interacts VALUES(728755357313, 2, Chorong, 2043, 2215503, 1)
INSERT INTO interacts VALUES(728755357313, 2, Trance, 2043, 2218152, 1)
INSERT INTO interacts VALUES(728755357313, 2, Trance, 2043, 2218501, 1)
INSERT INTO interacts VALUES(728755357313, 2, Rikara, 3156, 2228608, 1)
INSERT INTO interacts VALUES(728755357313, 2, Flaxxish, 1031, 2243751, 1)
INSERT INTO interacts VALUES(728755357313, 2, Bee Sin, 3110, 2249102, 1)
INSERT INTO interacts VALUES(728755357313, 2, Massacre, 3072, 2250566, 1)
INSERT INTO interacts VALUES(728755357313, 2, Akaadian, 2138, 2258425, 1)
INSERT INTO interacts VALUES(728755357313, 2, Trance, 2138, 2272072, 1)
INSERT INTO interacts VALUES(728755357313, 2, Pekin Woof, 1056, 2327187, 0)
INSERT INTO interacts VALUES(728755357313, 2, Pekin Woof, 3135, 2328165, 1)
INSERT INTO interacts VALUES(728755357313, 2, Pekin Woof, 2043, 2354051, 1)
INSERT INTO interacts VALUES(728755357313, 2, Bee Sin, 1029, 2355729, 1)
INSERT INTO interacts VALUES(728755357313, 2, Massacre, 2140, 2370154, 1)
INSERT INTO interacts VALUES(728755357313, 2, k0u, 2032, 2393557, 0)
INSERT INTO interacts VALUES(728755357313, 2, k0u, 1037, 2395346, 1)
INSERT INTO interacts VALUES(728755357313, 2, k0u, 2140, 2397852, 1)
INSERT INTO interacts VALUES(728755357313, 2, Ablazeolive, 3135, 2421046, 1)
INSERT INTO interacts VALUES(728755357313, 2, Trance, 3024, 2430416, 1)
INSERT INTO interacts VALUES(728755357313, 2, Trance, 2043, 2431664, 1)
INSERT INTO interacts VALUES(728755357313, 2, Trance, 2043, 2432002, 1)
INSERT INTO interacts VALUES(728755357313, 2, Flaxxish, 3026, 2435432, 1)
INSERT INTO interacts VALUES(728755357313, 2, Chorong, 2043, 2454690, 0)
INSERT INTO interacts VALUES(728755357313, 2, Chorong, 3136, 2456841, 1)
INSERT INTO interacts VALUES(728755357313, 2, Ablazeolive, 1026, 2457501, 1)
INSERT INTO series VALUES(
                    Game 1 of 2
                  )
INSERT INTO organizes VALUES(728755357313)
INSERT INTO matches VALUES(64906158499, 1, 2016-06-22)
INSERT INTO competes VALUES(64906158499, C9C, True)
INSERT INTO competes VALUES(64906158499, DT, False)
INSERT INTO scores VALUES(C9C, 64906158499, 1, 1, 8, 1, 1, 1, 1)
INSERT INTO scores VALUES(DT, 64906158499, 1, 0, 1, 0, 0, 1, 0)
INSERT INTO bans VALUES(64906158499, 1, 268, 1)
INSERT INTO bans VALUES(64906158499, 1, 421, 3)
INSERT INTO bans VALUES(64906158499, 1, 8, 5)
INSERT INTO bans VALUES(64906158499, 1, 203, 2)
INSERT INTO bans VALUES(64906158499, 1, 13, 4)
INSERT INTO bans VALUES(64906158499, 1, 29, 6)
INSERT INTO plays VALUES(64906158499, 1, Balls, 50, Top, 4, 0, 6, 12330, 12, 2, 183, 6, 0, 10297)
INSERT INTO plays VALUES(64906158499, 1, Contractz, 104, Jungle, 8, 3, 5, 15344, 21, 4, 23, 61, 22, 11400)
INSERT INTO plays VALUES(64906158499, 1, Hai, 127, Mid, 2, 2, 8, 17186, 11, 2, 200, 5, 0, 10300)
INSERT INTO plays VALUES(64906158499, 1, Altec, 202, ADC, 2, 0, 8, 14540, 13, 3, 188, 8, 3, 10391)
INSERT INTO plays VALUES(64906158499, 1, LemonNation, 43, Support, 0, 1, 11, 5412, 20, 9, 17, 1, 0, 7058)
INSERT INTO plays VALUES(64906158499, 1, Chorong, 68, Top, 2, 3, 1, 8773, 12, 4, 191, 0, 1, 8223)
INSERT INTO plays VALUES(64906158499, 1, Akaadian, 120, Jungle, 2, 5, 3, 6233, 17, 4, 15, 70, 1, 7576)
INSERT INTO plays VALUES(64906158499, 1, Pekin Woof, 38, Mid, 1, 2, 2, 8544, 10, 3, 168, 6, 0, 7589)
INSERT INTO plays VALUES(64906158499, 1, Massacre, 22, ADC, 1, 2, 4, 10958, 10, 3, 178, 4, 1, 7929)
INSERT INTO plays VALUES(64906158499, 1, Norskeren, 267, Support, 0, 4, 5, 4453, 26, 4, 7, 0, 0, 5520)
INSERT INTO interacts VALUES(64906158499, 1, Altec, 3340, 1518, 1)
INSERT INTO interacts VALUES(64906158499, 1, Hai, 3340, 1599, 1)
INSERT INTO interacts VALUES(64906158499, 1, Altec, 1055, 1811, 1)
INSERT INTO interacts VALUES(64906158499, 1, LemonNation, 3340, 1811, 1)
INSERT INTO interacts VALUES(64906158499, 1, Hai, 1056, 1906, 1)
INSERT INTO interacts VALUES(64906158499, 1, Balls, 1056, 1906, 1)
INSERT INTO interacts VALUES(64906158499, 1, Norskeren, 3303, 1906, 1)
INSERT INTO interacts VALUES(64906158499, 1, Akaadian, 1039, 2072, 1)
INSERT INTO interacts VALUES(64906158499, 1, Hai, 2003, 2120, 1)
INSERT INTO interacts VALUES(64906158499, 1, Altec, 2010, 2120, 1)
INSERT INTO interacts VALUES(64906158499, 1, Balls, 2003, 2120, 1)
INSERT INTO interacts VALUES(64906158499, 1, LemonNation, 3303, 2120, 1)
INSERT INTO interacts VALUES(64906158499, 1, Norskeren, 2010, 2167, 1)
INSERT INTO interacts VALUES(64906158499, 1, Chorong, 1054, 2167, 1)
INSERT INTO interacts VALUES(64906158499, 1, Pekin Woof, 2033, 2170, 1)
INSERT INTO interacts VALUES(64906158499, 1, Hai, 2003, 2233, 1)
INSERT INTO interacts VALUES(64906158499, 1, Balls, 2003, 2267, 1)
INSERT INTO interacts VALUES(64906158499, 1, Chorong, 2003, 2267, 1)
INSERT INTO interacts VALUES(64906158499, 1, Norskeren, 2010, 2331, 1)
INSERT INTO interacts VALUES(64906158499, 1, LemonNation, 2010, 2331, 1)
INSERT INTO interacts VALUES(64906158499, 1, Contractz, 1041, 2331, 1)
INSERT INTO interacts VALUES(64906158499, 1, Massacre, 1055, 2384, 1)
INSERT INTO interacts VALUES(64906158499, 1, Norskeren, 2010, 2491, 1)
INSERT INTO interacts VALUES(64906158499, 1, Chorong, 3340, 2491, 1)
INSERT INTO interacts VALUES(64906158499, 1, LemonNation, 2010, 2491, 1)
INSERT INTO interacts VALUES(64906158499, 1, Balls, 3340, 2588, 1)
INSERT INTO interacts VALUES(64906158499, 1, Contractz, 2031, 2591, 1)
INSERT INTO interacts VALUES(64906158499, 1, LemonNation, 2010, 2591, 1)
INSERT INTO interacts VALUES(64906158499, 1, Massacre, 2010, 2640, 1)
INSERT INTO interacts VALUES(64906158499, 1, Norskeren, 3340, 2784, 1)
INSERT INTO interacts VALUES(64906158499, 1, Pekin Woof, 3340, 2786, 1)
INSERT INTO interacts VALUES(64906158499, 1, Massacre, 3340, 2898, 1)
INSERT INTO interacts VALUES(64906158499, 1, Contractz, 3340, 2979, 1)
INSERT INTO interacts VALUES(64906158499, 1, Akaadian, 2031, 3140, 1)
INSERT INTO interacts VALUES(64906158499, 1, Akaadian, 3340, 3528, 1)
INSERT INTO interacts VALUES(64906158499, 1, Akaadian, 1001, 168132, 1)
INSERT INTO interacts VALUES(64906158499, 1, Akaadian, 2043, 169481, 1)
INSERT INTO interacts VALUES(64906158499, 1, Pekin Woof, 1028, 270601, 1)
INSERT INTO interacts VALUES(64906158499, 1, Contractz, 3711, 273365, 1)
INSERT INTO interacts VALUES(64906158499, 1, Pekin Woof, 1001, 273585, 1)
INSERT INTO interacts VALUES(64906158499, 1, Contractz, 1001, 277714, 1)
INSERT INTO interacts VALUES(64906158499, 1, Hai, 1026, 279880, 1)
INSERT INTO interacts VALUES(64906158499, 1, Hai, 2003, 281512, 1)
INSERT INTO interacts VALUES(64906158499, 1, Altec, 1036, 285352, 1)
INSERT INTO interacts VALUES(64906158499, 1, Altec, 1036, 285493, 1)
INSERT INTO interacts VALUES(64906158499, 1, Altec, 1001, 286343, 1)
INSERT INTO interacts VALUES(64906158499, 1, Akaadian, 3706, 295352, 1)
INSERT INTO interacts VALUES(64906158499, 1, Massacre, 1036, 318298, 1)
INSERT INTO interacts VALUES(64906158499, 1, Massacre, 1036, 318399, 1)
INSERT INTO interacts VALUES(64906158499, 1, Massacre, 2010, 319523, 1)
INSERT INTO interacts VALUES(64906158499, 1, Massacre, 1001, 319871, 1)
INSERT INTO interacts VALUES(64906158499, 1, LemonNation, 3098, 328288, 1)
INSERT INTO interacts VALUES(64906158499, 1, LemonNation, 2043, 330241, 1)
INSERT INTO interacts VALUES(64906158499, 1, LemonNation, 2010, 330986, 1)
INSERT INTO interacts VALUES(64906158499, 1, LemonNation, 2010, 331124, 1)
INSERT INTO interacts VALUES(64906158499, 1, LemonNation, 2010, 331311, 1)
INSERT INTO interacts VALUES(64906158499, 1, Norskeren, 3098, 332427, 1)
INSERT INTO interacts VALUES(64906158499, 1, Norskeren, 2010, 333948, 1)
INSERT INTO interacts VALUES(64906158499, 1, Norskeren, 2010, 334107, 1)
INSERT INTO interacts VALUES(64906158499, 1, Norskeren, 2043, 334413, 1)
INSERT INTO interacts VALUES(64906158499, 1, Contractz, 1036, 373733, 1)
INSERT INTO interacts VALUES(64906158499, 1, Akaadian, 1028, 404373, 1)
INSERT INTO interacts VALUES(64906158499, 1, Akaadian, 2032, 406663, 1)
INSERT INTO interacts VALUES(64906158499, 1, Akaadian, 2043, 410273, 1)
INSERT INTO interacts VALUES(64906158499, 1, Chorong, 1057, 411463, 1)
INSERT INTO interacts VALUES(64906158499, 1, Chorong, 1052, 414269, 1)
INSERT INTO interacts VALUES(64906158499, 1, Chorong, 1052, 414385, 1)
INSERT INTO interacts VALUES(64906158499, 1, Chorong, 2003, 414808, 1)
INSERT INTO interacts VALUES(64906158499, 1, Balls, 3010, 415758, 1)
INSERT INTO interacts VALUES(64906158499, 1, Balls, 1056, 416672, 1)
INSERT INTO interacts VALUES(64906158499, 1, Chorong, 2043, 417014, 1)
INSERT INTO interacts VALUES(64906158499, 1, Pekin Woof, 3010, 435681, 1)
INSERT INTO interacts VALUES(64906158499, 1, Pekin Woof, 2043, 436856, 1)
INSERT INTO interacts VALUES(64906158499, 1, Hai, 1027, 456213, 1)
INSERT INTO interacts VALUES(64906158499, 1, Hai, 1028, 456511, 1)
INSERT INTO interacts VALUES(64906158499, 1, Hai, 2043, 457653, 1)
INSERT INTO interacts VALUES(64906158499, 1, Hai, 2003, 457920, 1)
INSERT INTO interacts VALUES(64906158499, 1, Hai, 2003, 458084, 1)
INSERT INTO interacts VALUES(64906158499, 1, Altec, 1038, 525065, 1)
INSERT INTO interacts VALUES(64906158499, 1, Norskeren, 1028, 552882, 1)
INSERT INTO interacts VALUES(64906158499, 1, Norskeren, 2043, 553304, 1)
INSERT INTO interacts VALUES(64906158499, 1, Chorong, 3145, 560700, 1)
INSERT INTO interacts VALUES(64906158499, 1, Massacre, 1038, 560733, 1)
INSERT INTO interacts VALUES(64906158499, 1, Chorong, 1052, 561162, 1)
INSERT INTO interacts VALUES(64906158499, 1, Chorong, 2003, 561984, 1)
INSERT INTO interacts VALUES(64906158499, 1, Chorong, 2043, 562175, 1)
INSERT INTO interacts VALUES(64906158499, 1, Akaadian, 3111, 592595, 1)
INSERT INTO interacts VALUES(64906158499, 1, Akaadian, 2043, 593607, 1)
INSERT INTO interacts VALUES(64906158499, 1, LemonNation, 3341, 604924, 1)
INSERT INTO interacts VALUES(64906158499, 1, LemonNation, 2049, 609249, 1)
INSERT INTO interacts VALUES(64906158499, 1, Contractz, 1408, 635853, 1)
INSERT INTO interacts VALUES(64906158499, 1, Contractz, 3341, 637081, 1)
INSERT INTO interacts VALUES(64906158499, 1, Balls, 3027, 639443, 1)
INSERT INTO interacts VALUES(64906158499, 1, Balls, 2043, 640539, 1)
INSERT INTO interacts VALUES(64906158499, 1, Balls, 2003, 641068, 1)
INSERT INTO interacts VALUES(64906158499, 1, Hai, 3027, 663378, 1)
INSERT INTO interacts VALUES(64906158499, 1, Hai, 2003, 664032, 1)
INSERT INTO interacts VALUES(64906158499, 1, Norskeren, 2049, 695275, 1)
INSERT INTO interacts VALUES(64906158499, 1, Norskeren, 2010, 695744, 1)
INSERT INTO interacts VALUES(64906158499, 1, Norskeren, 2043, 695957, 1)
INSERT INTO interacts VALUES(64906158499, 1, Norskeren, 3341, 696454, 1)
INSERT INTO interacts VALUES(64906158499, 1, Massacre, 3006, 728981, 1)
INSERT INTO interacts VALUES(64906158499, 1, Pekin Woof, 3027, 743392, 1)
INSERT INTO interacts VALUES(64906158499, 1, Pekin Woof, 3363, 746015, 1)
INSERT INTO interacts VALUES(64906158499, 1, Hai, 1001, 755899, 1)
INSERT INTO interacts VALUES(64906158499, 1, Hai, 1052, 757407, 1)
INSERT INTO interacts VALUES(64906158499, 1, Balls, 1001, 758426, 1)
INSERT INTO interacts VALUES(64906158499, 1, Akaadian, 3751, 759796, 1)
INSERT INTO interacts VALUES(64906158499, 1, Hai, 3363, 760153, 1)
INSERT INTO interacts VALUES(64906158499, 1, Akaadian, 2043, 760377, 1)
INSERT INTO interacts VALUES(64906158499, 1, Balls, 1033, 760805, 1)
INSERT INTO interacts VALUES(64906158499, 1, Altec, 3147, 761594, 1)
INSERT INTO interacts VALUES(64906158499, 1, Balls, 1052, 762588, 1)
INSERT INTO interacts VALUES(64906158499, 1, Hai, 2003, 763171, 1)
INSERT INTO interacts VALUES(64906158499, 1, Altec, 2043, 763334, 1)
INSERT INTO interacts VALUES(64906158499, 1, Altec, 2010, 763527, 1)
INSERT INTO interacts VALUES(64906158499, 1, Altec, 2010, 763660, 1)
INSERT INTO interacts VALUES(64906158499, 1, Balls, 2003, 763855, 1)
INSERT INTO interacts VALUES(64906158499, 1, Balls, 2003, 763960, 1)
INSERT INTO interacts VALUES(64906158499, 1, LemonNation, 1001, 764411, 1)
INSERT INTO interacts VALUES(64906158499, 1, LemonNation, 1082, 767364, 1)
INSERT INTO interacts VALUES(64906158499, 1, LemonNation, 2043, 770666, 1)
INSERT INTO interacts VALUES(64906158499, 1, Contractz, 3009, 771892, 1)
INSERT INTO interacts VALUES(64906158499, 1, Contractz, 1033, 772642, 1)
INSERT INTO interacts VALUES(64906158499, 1, Contractz, 2043, 773230, 1)
INSERT INTO interacts VALUES(64906158499, 1, Altec, 3134, 773730, 1)
INSERT INTO interacts VALUES(64906158499, 1, Altec, 3006, 775072, 1)
INSERT INTO interacts VALUES(64906158499, 1, Altec, 2043, 775595, 1)
INSERT INTO interacts VALUES(64906158499, 1, Altec, 2010, 775850, 1)
INSERT INTO interacts VALUES(64906158499, 1, Altec, 2010, 775947, 1)
INSERT INTO interacts VALUES(64906158499, 1, Chorong, 3108, 783432, 1)
INSERT INTO interacts VALUES(64906158499, 1, Chorong, 2003, 785059, 0)
INSERT INTO interacts VALUES(64906158499, 1, Chorong, 3067, 787138, 1)
INSERT INTO interacts VALUES(64906158499, 1, Norskeren, 1001, 844413, 1)
INSERT INTO interacts VALUES(64906158499, 1, Massacre, 3133, 845033, 1)
INSERT INTO interacts VALUES(64906158499, 1, Norskeren, 1028, 845175, 1)
INSERT INTO interacts VALUES(64906158499, 1, Akaadian, 1401, 845210, 1)
INSERT INTO interacts VALUES(64906158499, 1, Akaadian, 2043, 845995, 1)
INSERT INTO interacts VALUES(64906158499, 1, Massacre, 1042, 846907, 1)
INSERT INTO interacts VALUES(64906158499, 1, Pekin Woof, 1057, 901510, 1)
INSERT INTO interacts VALUES(64906158499, 1, Contractz, 3155, 901616, 1)
INSERT INTO interacts VALUES(64906158499, 1, Contractz, 1036, 902234, 1)
INSERT INTO interacts VALUES(64906158499, 1, Contractz, 1036, 902337, 1)
INSERT INTO interacts VALUES(64906158499, 1, Pekin Woof, 1052, 902931, 1)
INSERT INTO interacts VALUES(64906158499, 1, Contractz, 3364, 903127, 1)
INSERT INTO interacts VALUES(64906158499, 1, Hai, 3158, 912504, 1)
INSERT INTO interacts VALUES(64906158499, 1, Hai, 2043, 913258, 1)
INSERT INTO interacts VALUES(64906158499, 1, Hai, 2003, 914174, 1)
INSERT INTO interacts VALUES(64906158499, 1, Hai, 2003, 914328, 1)
INSERT INTO interacts VALUES(64906158499, 1, Norskeren, 3801, 915014, 1)
INSERT INTO interacts VALUES(64906158499, 1, Norskeren, 2043, 915639, 1)
INSERT INTO interacts VALUES(64906158499, 1, Norskeren, 2010, 915935, 1)
INSERT INTO interacts VALUES(64906158499, 1, Massacre, 1018, 916072, 1)
INSERT INTO interacts VALUES(64906158499, 1, Balls, 3191, 916895, 1)
INSERT INTO interacts VALUES(64906158499, 1, Pekin Woof, 2043, 918705, 1)
INSERT INTO interacts VALUES(64906158499, 1, Altec, 1037, 931775, 1)
INSERT INTO interacts VALUES(64906158499, 1, Altec, 3363, 934796, 1)
INSERT INTO interacts VALUES(64906158499, 1, Altec, 1036, 935526, 1)
INSERT INTO interacts VALUES(64906158499, 1, Chorong, 3152, 942870, 1)
INSERT INTO interacts VALUES(64906158499, 1, Chorong, 1001, 944504, 1)
INSERT INTO interacts VALUES(64906158499, 1, Akaadian, 1028, 999887, 1)
INSERT INTO interacts VALUES(64906158499, 1, Akaadian, 1029, 1017953, 1)
INSERT INTO interacts VALUES(64906158499, 1, Akaadian, 2043, 1018971, 1)
INSERT INTO interacts VALUES(64906158499, 1, Norskeren, 2301, 1021747, 1)
INSERT INTO interacts VALUES(64906158499, 1, Hai, 3108, 1025799, 1)
INSERT INTO interacts VALUES(64906158499, 1, Altec, 3147, 1026656, 1)
INSERT INTO interacts VALUES(64906158499, 1, LemonNation, 2010, 1027476, 0)
INSERT INTO interacts VALUES(64906158499, 1, Hai, 1052, 1027645, 1)
INSERT INTO interacts VALUES(64906158499, 1, Altec, 1036, 1028120, 1)
INSERT INTO interacts VALUES(64906158499, 1, LemonNation, 3105, 1029147, 1)
INSERT INTO interacts VALUES(64906158499, 1, Contractz, 3156, 1029455, 1)
INSERT INTO interacts VALUES(64906158499, 1, Contractz, 1042, 1029850, 1)
INSERT INTO interacts VALUES(64906158499, 1, Altec, 1036, 1032616, 0)
INSERT INTO interacts VALUES(64906158499, 1, Altec, 3031, 1033646, 1)
INSERT INTO interacts VALUES(64906158499, 1, Altec, 2043, 1034022, 1)
INSERT INTO interacts VALUES(64906158499, 1, Massacre, 3508, 1051837, 1)
INSERT INTO interacts VALUES(64906158499, 1, Massacre, 3363, 1053450, 1)
INSERT INTO interacts VALUES(64906158499, 1, Pekin Woof, 3158, 1053663, 1)
INSERT INTO interacts VALUES(64906158499, 1, Massacre, 2010, 1053762, 1)
INSERT INTO interacts VALUES(64906158499, 1, Massacre, 2043, 1053976, 1)
INSERT INTO interacts VALUES(64906158499, 1, Norskeren, 2043, 1072892, 1)
INSERT INTO interacts VALUES(64906158499, 1, Norskeren, 2010, 1073295, 1)
INSERT INTO interacts VALUES(64906158499, 1, Chorong, 3111, 1089050, 1)
INSERT INTO interacts VALUES(64906158499, 1, Chorong, 2043, 1089760, 1)
INSERT INTO interacts VALUES(64906158499, 1, Balls, 3157, 1095371, 1)
INSERT INTO interacts VALUES(64906158499, 1, Balls, 2003, 1098839, 0)
INSERT INTO interacts VALUES(64906158499, 1, Balls, 2043, 1099631, 1)
INSERT INTO interacts VALUES(64906158499, 1, Contractz, 1042, 1115586, 1)
INSERT INTO interacts VALUES(64906158499, 1, Hai, 3191, 1173002, 1)
INSERT INTO interacts VALUES(64906158499, 1, Norskeren, 1033, 1173542, 1)
INSERT INTO interacts VALUES(64906158499, 1, Hai, 3157, 1177354, 1)
INSERT INTO interacts VALUES(64906158499, 1, Chorong, 1052, 1182590, 1)
INSERT INTO interacts VALUES(64906158499, 1, Massacre, 1051, 1186251, 1)
INSERT INTO interacts VALUES(64906158499, 1, LemonNation, 3158, 1187365, 1)
INSERT INTO interacts VALUES(64906158499, 1, LemonNation, 2043, 1188777, 1)
INSERT INTO interacts VALUES(64906158499, 1, LemonNation, 2043, 1189054, 1)
INSERT INTO interacts VALUES(64906158499, 1, Altec, 2015, 1195200, 1)
INSERT INTO interacts VALUES(64906158499, 1, Altec, 1042, 1195463, 1)
INSERT INTO interacts VALUES(64906158499, 1, Hai, 2003, 1196662, 1)
INSERT INTO interacts VALUES(64906158499, 1, Altec, 2043, 1199025, 1)
INSERT INTO interacts VALUES(64906158499, 1, Pekin Woof, 3108, 1201185, 1)
INSERT INTO interacts VALUES(64906158499, 1, Pekin Woof, 1052, 1201656, 1)
INSERT INTO interacts VALUES(64906158499, 1, Akaadian, 1031, 1210526, 1)
INSERT INTO interacts VALUES(64906158499, 1, Akaadian, 1011, 1211329, 1)
INSERT INTO interacts VALUES(64906158499, 1, Akaadian, 2043, 1212193, 1)
INSERT INTO interacts VALUES(64906158499, 1, Balls, 1057, 1229072, 1)
INSERT INTO interacts VALUES(64906158499, 1, Chorong, 3001, 1232648, 1)
INSERT INTO interacts VALUES(64906158499, 1, Chorong, 2003, 1234266, 1)
INSERT INTO interacts VALUES(64906158499, 1, Chorong, 2043, 1293202, 1)
INSERT INTO interacts VALUES(64906158499, 1, Massacre, 3086, 1307597, 1)
INSERT INTO interacts VALUES(64906158499, 1, Massacre, 1042, 1309483, 1)
INSERT INTO interacts VALUES(64906158499, 1, LemonNation, 2043, 1333152, 0)
INSERT INTO interacts VALUES(64906158499, 1, Hai, 3108, 1335020, 1)
INSERT INTO interacts VALUES(64906158499, 1, Balls, 3111, 1336603, 1)
INSERT INTO interacts VALUES(64906158499, 1, LemonNation, 3190, 1340854, 1)
INSERT INTO interacts VALUES(64906158499, 1, Norskeren, 3105, 1342472, 1)
INSERT INTO interacts VALUES(64906158499, 1, Hai, 1052, 1343576, 1)
INSERT INTO interacts VALUES(64906158499, 1, Norskeren, 2010, 1343684, 1)
INSERT INTO interacts VALUES(64906158499, 1, Norskeren, 2043, 1343882, 1)
INSERT INTO interacts VALUES(64906158499, 1, Norskeren, 3364, 1344154, 1)
INSERT INTO interacts VALUES(64906158499, 1, Contractz, 3046, 1346992, 1)
INSERT INTO interacts VALUES(64906158499, 1, Pekin Woof, 3001, 1347377, 1)
INSERT INTO interacts VALUES(64906158499, 1, Contractz, 2043, 1347770, 1)
INSERT INTO interacts VALUES(64906158499, 1, Akaadian, 2043, 1352257, 1)
INSERT INTO interacts VALUES(64906158499, 1, Altec, 3086, 1370507, 1)
INSERT INTO interacts VALUES(64906158499, 1, Chorong, 2003, 1387803, 0)
INSERT INTO interacts VALUES(64906158499, 1, Chorong, 1028, 1388612, 1)
INSERT INTO interacts VALUES(64906158499, 1, Chorong, 1052, 1431026, 1)
INSERT INTO interacts VALUES(64906158499, 1, Massacre, 1043, 1464160, 1)
INSERT INTO interacts VALUES(64906158499, 1, Norskeren, 1055, 1464668, 1)
INSERT INTO matches VALUES(64906158499, 2, 2016-06-22)
INSERT INTO competes VALUES(64906158499, C9C, True)
INSERT INTO competes VALUES(64906158499, DT, False)
INSERT INTO scores VALUES(C9C, 64906158499, 2, 0, 2, 0, 0, 0, 0)
INSERT INTO scores VALUES(DT, 64906158499, 2, 3, 11, 1, 1, 2, 1)
INSERT INTO bans VALUES(64906158499, 2, 203, 1)
INSERT INTO bans VALUES(64906158499, 2, 13, 3)
INSERT INTO bans VALUES(64906158499, 2, 29, 5)
INSERT INTO bans VALUES(64906158499, 2, 268, 2)
INSERT INTO bans VALUES(64906158499, 2, 421, 4)
INSERT INTO bans VALUES(64906158499, 2, 8, 6)
INSERT INTO plays VALUES(64906158499, 2, Chorong, 98, Jungle, 0, 3, 3, 4529, 14, 3, 123, 0, 0, 6993)
INSERT INTO plays VALUES(64906158499, 2, Akaadian, 76, Jungle, 2, 2, 1, 10606, 20, 10, 26, 70, 9, 7845)
INSERT INTO plays VALUES(64906158499, 2, Pekin Woof, 127, Mid, 0, 4, 3, 12241, 12, 8, 193, 1, 0, 7655)
INSERT INTO plays VALUES(64906158499, 2, Massacre, 15, Jungle, 1, 1, 1, 6552, 11, 4, 172, 5, 0, 8187)
INSERT INTO plays VALUES(64906158499, 2, Norskeren, 43, Jungle, 0, 3, 2, 6151, 30, 11, 17, 0, 0, 5519)
INSERT INTO plays VALUES(64906158499, 2, Balls, 48, Top, 3, 0, 3, 3340, 12, 3, 166, 0, 1, 10352)
INSERT INTO plays VALUES(64906158499, 2, Contractz, 104, Jungle, 4, 2, 6, 13618, 19, 5, 42, 56, 33, 10959)
INSERT INTO plays VALUES(64906158499, 2, Hai, 50, Mid, 1, 1, 8, 19811, 12, 7, 192, 7, 2, 10419)
INSERT INTO plays VALUES(64906158499, 2, Altec, 81, Jungle, 5, 0, 6, 11620, 15, 6, 180, 10, 7, 11869)
INSERT INTO plays VALUES(64906158499, 2, LemonNation, 201, Jungle, 0, 0, 11, 3263, 32, 10, 35, 0, 2, 7848)
INSERT INTO interacts VALUES(64906158499, 2, Altec, 3340, 1336, 1)
INSERT INTO interacts VALUES(64906158499, 2, Altec, 1055, 1644, 1)
INSERT INTO interacts VALUES(64906158499, 2, Altec, 2010, 1838, 1)
INSERT INTO interacts VALUES(64906158499, 2, Pekin Woof, 1056, 1905, 1)
INSERT INTO interacts VALUES(64906158499, 2, LemonNation, 3340, 2032, 1)
INSERT INTO interacts VALUES(64906158499, 2, Hai, 3340, 2096, 1)
INSERT INTO interacts VALUES(64906158499, 2, Balls, 2033, 2228, 1)
INSERT INTO interacts VALUES(64906158499, 2, Pekin Woof, 2010, 2228, 1)
INSERT INTO interacts VALUES(64906158499, 2, Massacre, 1055, 2228, 1)
INSERT INTO interacts VALUES(64906158499, 2, LemonNation, 3302, 2324, 1)
INSERT INTO interacts VALUES(64906158499, 2, Pekin Woof, 2010, 2421, 1)
INSERT INTO interacts VALUES(64906158499, 2, Hai, 1056, 2520, 1)
INSERT INTO interacts VALUES(64906158499, 2, Massacre, 2010, 2520, 1)
INSERT INTO interacts VALUES(64906158499, 2, Akaadian, 1039, 2553, 1)
INSERT INTO interacts VALUES(64906158499, 2, LemonNation, 2010, 2584, 1)
INSERT INTO interacts VALUES(64906158499, 2, Pekin Woof, 3340, 2680, 1)
INSERT INTO interacts VALUES(64906158499, 2, Balls, 3340, 2715, 1)
INSERT INTO interacts VALUES(64906158499, 2, LemonNation, 2010, 2747, 1)
INSERT INTO interacts VALUES(64906158499, 2, Massacre, 3340, 2810, 1)
INSERT INTO interacts VALUES(64906158499, 2, Hai, 2003, 2813, 1)
INSERT INTO interacts VALUES(64906158499, 2, LemonNation, 2010, 2892, 1)
INSERT INTO interacts VALUES(64906158499, 2, Norskeren, 3303, 2973, 1)
INSERT INTO interacts VALUES(64906158499, 2, Hai, 2003, 2976, 1)
INSERT INTO interacts VALUES(64906158499, 2, Norskeren, 2010, 3396, 1)
INSERT INTO interacts VALUES(64906158499, 2, Akaadian, 2031, 3494, 1)
INSERT INTO interacts VALUES(64906158499, 2, Norskeren, 2010, 3528, 1)
INSERT INTO interacts VALUES(64906158499, 2, Norskeren, 2010, 3673, 1)
INSERT INTO interacts VALUES(64906158499, 2, Contractz, 3340, 3886, 1)
INSERT INTO interacts VALUES(64906158499, 2, Akaadian, 3340, 3886, 1)
INSERT INTO interacts VALUES(64906158499, 2, Norskeren, 3340, 4211, 1)
INSERT INTO interacts VALUES(64906158499, 2, Contractz, 1041, 4457, 1)
INSERT INTO interacts VALUES(64906158499, 2, Contractz, 2031, 4715, 1)
INSERT INTO interacts VALUES(64906158499, 2, Chorong, 1054, 5578, 1)
INSERT INTO interacts VALUES(64906158499, 2, Chorong, 2003, 5762, 1)
INSERT INTO interacts VALUES(64906158499, 2, Chorong, 3340, 5905, 1)
INSERT INTO interacts VALUES(64906158499, 2, Balls, 1055, 9510, 1)
INSERT INTO interacts VALUES(64906158499, 2, Balls, 2003, 9963, 1)
INSERT INTO interacts VALUES(64906158499, 2, Balls, 3340, 10450, 1)
INSERT INTO interacts VALUES(64906158499, 2, LemonNation, 1028, 201586, 1)
INSERT INTO interacts VALUES(64906158499, 2, Altec, 1083, 202772, 1)
INSERT INTO interacts VALUES(64906158499, 2, Altec, 2043, 203749, 1)
INSERT INTO interacts VALUES(64906158499, 2, Altec, 2010, 203952, 1)
INSERT INTO interacts VALUES(64906158499, 2, Altec, 2010, 204049, 1)
INSERT INTO interacts VALUES(64906158499, 2, Pekin Woof, 1056, 211490, 1)
INSERT INTO interacts VALUES(64906158499, 2, Pekin Woof, 2043, 212663, 1)
INSERT INTO interacts VALUES(64906158499, 2, Pekin Woof, 2010, 212898, 1)
INSERT INTO interacts VALUES(64906158499, 2, Pekin Woof, 2010, 213087, 1)
INSERT INTO interacts VALUES(64906158499, 2, Norskeren, 1028, 233535, 1)
INSERT INTO interacts VALUES(64906158499, 2, Massacre, 1083, 236005, 1)
INSERT INTO interacts VALUES(64906158499, 2, Massacre, 2010, 238782, 1)
INSERT INTO interacts VALUES(64906158499, 2, Chorong, 1028, 260361, 1)
INSERT INTO interacts VALUES(64906158499, 2, Chorong, 2043, 260717, 1)
INSERT INTO interacts VALUES(64906158499, 2, Chorong, 2003, 261420, 1)
INSERT INTO interacts VALUES(64906158499, 2, Chorong, 2003, 261551, 1)
INSERT INTO interacts VALUES(64906158499, 2, Contractz, 3711, 312539, 1)
INSERT INTO interacts VALUES(64906158499, 2, Contractz, 1036, 313495, 1)
INSERT INTO interacts VALUES(64906158499, 2, Balls, 1028, 313709, 1)
INSERT INTO interacts VALUES(64906158499, 2, Contractz, 2043, 313876, 1)
INSERT INTO interacts VALUES(64906158499, 2, Balls, 1028, 314438, 1)
INSERT INTO interacts VALUES(64906158499, 2, Balls, 2003, 315584, 1)
INSERT INTO interacts VALUES(64906158499, 2, Balls, 2003, 315714, 1)
INSERT INTO interacts VALUES(64906158499, 2, Balls, 2043, 316001, 1)
INSERT INTO interacts VALUES(64906158499, 2, Massacre, 1001, 358181, 1)
INSERT INTO interacts VALUES(64906158499, 2, Massacre, 1036, 359163, 1)
INSERT INTO interacts VALUES(64906158499, 2, Massacre, 1042, 360105, 1)
INSERT INTO interacts VALUES(64906158499, 2, Altec, 3070, 360162, 1)
INSERT INTO interacts VALUES(64906158499, 2, LemonNation, 2049, 363016, 1)
INSERT INTO interacts VALUES(64906158499, 2, LemonNation, 1001, 363319, 1)
INSERT INTO interacts VALUES(64906158499, 2, LemonNation, 3341, 364875, 1)
INSERT INTO interacts VALUES(64906158499, 2, Pekin Woof, 1026, 365659, 1)
INSERT INTO interacts VALUES(64906158499, 2, Pekin Woof, 2043, 366243, 1)
INSERT INTO interacts VALUES(64906158499, 2, Pekin Woof, 2010, 366501, 1)
INSERT INTO interacts VALUES(64906158499, 2, Pekin Woof, 2010, 366723, 1)
INSERT INTO interacts VALUES(64906158499, 2, Altec, 1001, 369107, 1)
INSERT INTO interacts VALUES(64906158499, 2, Norskeren, 2049, 370990, 1)
INSERT INTO interacts VALUES(64906158499, 2, Norskeren, 3341, 371578, 1)
INSERT INTO interacts VALUES(64906158499, 2, Norskeren, 2043, 372039, 1)
INSERT INTO interacts VALUES(64906158499, 2, Hai, 3010, 372227, 1)
INSERT INTO interacts VALUES(64906158499, 2, Hai, 1001, 372584, 1)
INSERT INTO interacts VALUES(64906158499, 2, Hai, 1006, 373301, 1)
INSERT INTO interacts VALUES(64906158499, 2, Hai, 2043, 374581, 1)
INSERT INTO interacts VALUES(64906158499, 2, Hai, 2003, 374814, 1)
INSERT INTO interacts VALUES(64906158499, 2, Hai, 2003, 379128, 1)
INSERT INTO interacts VALUES(64906158499, 2, Pekin Woof, 1001, 463384, 1)
INSERT INTO interacts VALUES(64906158499, 2, Pekin Woof, 2010, 464136, 1)
INSERT INTO interacts VALUES(64906158499, 2, Chorong, 3751, 484607, 1)
INSERT INTO interacts VALUES(64906158499, 2, Chorong, 1029, 485108, 1)
INSERT INTO interacts VALUES(64906158499, 2, Chorong, 2003, 486491, 1)
INSERT INTO interacts VALUES(64906158499, 2, Akaadian, 3711, 490392, 1)
INSERT INTO interacts VALUES(64906158499, 2, Akaadian, 3113, 491011, 1)
INSERT INTO interacts VALUES(64906158499, 2, LemonNation, 3158, 491436, 1)
INSERT INTO interacts VALUES(64906158499, 2, Akaadian, 1052, 491561, 1)
INSERT INTO interacts VALUES(64906158499, 2, Akaadian, 2043, 492852, 1)
INSERT INTO interacts VALUES(64906158499, 2, LemonNation, 2043, 493645, 1)
INSERT INTO interacts VALUES(64906158499, 2, Hai, 1026, 503391, 1)
INSERT INTO interacts VALUES(64906158499, 2, Hai, 2043, 504815, 1)
INSERT INTO interacts VALUES(64906158499, 2, Hai, 2003, 505114, 1)
INSERT INTO interacts VALUES(64906158499, 2, Hai, 2003, 505263, 1)
INSERT INTO interacts VALUES(64906158499, 2, Hai, 2003, 506034, 1)
INSERT INTO interacts VALUES(64906158499, 2, Contractz, 1408, 533412, 1)
INSERT INTO interacts VALUES(64906158499, 2, Contractz, 1001, 534308, 1)
INSERT INTO interacts VALUES(64906158499, 2, Contractz, 1042, 534834, 1)
INSERT INTO interacts VALUES(64906158499, 2, Contractz, 2043, 535310, 1)
INSERT INTO interacts VALUES(64906158499, 2, Contractz, 3341, 535745, 1)
INSERT INTO interacts VALUES(64906158499, 2, Balls, 3052, 551460, 1)
INSERT INTO interacts VALUES(64906158499, 2, Balls, 1006, 553863, 1)
INSERT INTO interacts VALUES(64906158499, 2, Balls, 1001, 558735, 1)
INSERT INTO interacts VALUES(64906158499, 2, Altec, 3004, 571211, 1)
INSERT INTO interacts VALUES(64906158499, 2, Norskeren, 3098, 575288, 1)
INSERT INTO interacts VALUES(64906158499, 2, Norskeren, 2010, 576404, 1)
INSERT INTO interacts VALUES(64906158499, 2, Norskeren, 2010, 576502, 1)
INSERT INTO interacts VALUES(64906158499, 2, Norskeren, 2043, 576797, 1)
INSERT INTO interacts VALUES(64906158499, 2, Akaadian, 1410, 583941, 1)
INSERT INTO interacts VALUES(64906158499, 2, Akaadian, 1001, 585024, 1)
INSERT INTO interacts VALUES(64906158499, 2, Akaadian, 2043, 586208, 1)
INSERT INTO interacts VALUES(64906158499, 2, Hai, 3027, 629142, 1)
INSERT INTO interacts VALUES(64906158499, 2, Hai, 3363, 630463, 1)
INSERT INTO interacts VALUES(64906158499, 2, Pekin Woof, 2010, 638497, 0)
INSERT INTO interacts VALUES(64906158499, 2, Pekin Woof, 3010, 641805, 1)
INSERT INTO interacts VALUES(64906158499, 2, Massacre, 2010, 664100, 0)
INSERT INTO interacts VALUES(64906158499, 2, Massacre, 1038, 665511, 1)
INSERT INTO interacts VALUES(64906158499, 2, Chorong, 3047, 665690, 1)
INSERT INTO interacts VALUES(64906158499, 2, Chorong, 1029, 666191, 1)
INSERT INTO interacts VALUES(64906158499, 2, Chorong, 2043, 666552, 1)
INSERT INTO interacts VALUES(64906158499, 2, Norskeren, 1001, 752847, 1)
INSERT INTO interacts VALUES(64906158499, 2, Norskeren, 1006, 753576, 1)
INSERT INTO interacts VALUES(64906158499, 2, Contractz, 3155, 754889, 1)
INSERT INTO interacts VALUES(64906158499, 2, Contractz, 3364, 755701, 1)
INSERT INTO interacts VALUES(64906158499, 2, Norskeren, 2043, 755766, 1)
INSERT INTO interacts VALUES(64906158499, 2, Norskeren, 2010, 756198, 1)
INSERT INTO interacts VALUES(64906158499, 2, Chorong, 1029, 756334, 1)
INSERT INTO interacts VALUES(64906158499, 2, Chorong, 2003, 756724, 1)
INSERT INTO interacts VALUES(64906158499, 2, Hai, 1057, 758810, 1)
INSERT INTO interacts VALUES(64906158499, 2, Akaadian, 3158, 760312, 1)
INSERT INTO interacts VALUES(64906158499, 2, Norskeren, 2010, 760454, 1)
INSERT INTO interacts VALUES(64906158499, 2, LemonNation, 2303, 760491, 1)
INSERT INTO interacts VALUES(64906158499, 2, Norskeren, 2010, 760749, 1)
INSERT INTO interacts VALUES(64906158499, 2, LemonNation, 2043, 761578, 1)
INSERT INTO interacts VALUES(64906158499, 2, LemonNation, 2010, 761807, 1)
INSERT INTO interacts VALUES(64906158499, 2, Akaadian, 1029, 764407, 1)
INSERT INTO interacts VALUES(64906158499, 2, Akaadian, 2043, 765645, 1)
INSERT INTO interacts VALUES(64906158499, 2, Pekin Woof, 3027, 766776, 1)
INSERT INTO interacts VALUES(64906158499, 2, Hai, 2003, 773288, 0)
INSERT INTO interacts VALUES(64906158499, 2, Hai, 1052, 776039, 1)
INSERT INTO interacts VALUES(64906158499, 2, Norskeren, 2043, 776540, 1)
INSERT INTO interacts VALUES(64906158499, 2, Altec, 3057, 793474, 1)
INSERT INTO interacts VALUES(64906158499, 2, Altec, 3158, 794605, 1)
INSERT INTO interacts VALUES(64906158499, 2, Massacre, 3006, 794605, 1)
INSERT INTO interacts VALUES(64906158499, 2, Altec, 2043, 795034, 1)
INSERT INTO interacts VALUES(64906158499, 2, Altec, 3363, 795277, 1)
INSERT INTO interacts VALUES(64906158499, 2, Massacre, 1036, 796812, 1)
INSERT INTO interacts VALUES(64906158499, 2, Balls, 3077, 818379, 1)
INSERT INTO interacts VALUES(64906158499, 2, Balls, 1028, 821393, 1)
INSERT INTO interacts VALUES(64906158499, 2, Chorong, 1029, 869452, 1)
INSERT INTO interacts VALUES(64906158499, 2, Chorong, 1031, 870799, 1)
INSERT INTO interacts VALUES(64906158499, 2, Chorong, 2043, 872714, 1)
INSERT INTO interacts VALUES(64906158499, 2, Akaadian, 1052, 882553, 1)
INSERT INTO interacts VALUES(64906158499, 2, Akaadian, 3364, 884777, 1)
INSERT INTO interacts VALUES(64906158499, 2, Hai, 3108, 889709, 1)
INSERT INTO interacts VALUES(64906158499, 2, Hai, 2043, 890590, 1)
INSERT INTO interacts VALUES(64906158499, 2, LemonNation, 1028, 894875, 1)
INSERT INTO interacts VALUES(64906158499, 2, LemonNation, 2043, 896800, 1)
INSERT INTO interacts VALUES(64906158499, 2, Pekin Woof, 1052, 902239, 1)
INSERT INTO interacts VALUES(64906158499, 2, Pekin Woof, 2043, 904186, 1)
INSERT INTO interacts VALUES(64906158499, 2, Pekin Woof, 3363, 905125, 1)
INSERT INTO interacts VALUES(64906158499, 2, Norskeren, 2301, 905393, 1)
INSERT INTO interacts VALUES(64906158499, 2, Norskeren, 2010, 906729, 1)
INSERT INTO interacts VALUES(64906158499, 2, Norskeren, 2043, 906968, 1)
INSERT INTO interacts VALUES(64906158499, 2, Balls, 3748, 911397, 1)
INSERT INTO interacts VALUES(64906158499, 2, Altec, 3025, 930686, 1)
INSERT INTO interacts VALUES(64906158499, 2, Massacre, 3133, 930828, 1)
INSERT INTO interacts VALUES(64906158499, 2, Altec, 2043, 931089, 1)
INSERT INTO interacts VALUES(64906158499, 2, Massacre, 3363, 932605, 1)
INSERT INTO interacts VALUES(64906158499, 2, Massacre, 2043, 933055, 1)
INSERT INTO interacts VALUES(64906158499, 2, Akaadian, 3191, 970620, 1)
INSERT INTO interacts VALUES(64906158499, 2, Akaadian, 1052, 971291, 1)
INSERT INTO interacts VALUES(64906158499, 2, Contractz, 3134, 971629, 1)
INSERT INTO interacts VALUES(64906158499, 2, Akaadian, 2043, 972172, 1)
INSERT INTO interacts VALUES(64906158499, 2, Chorong, 3068, 1034741, 1)
INSERT INTO interacts VALUES(64906158499, 2, Pekin Woof, 3020, 1037050, 1)
INSERT INTO interacts VALUES(64906158499, 2, Chorong, 2043, 1037155, 1)
INSERT INTO interacts VALUES(64906158499, 2, Massacre, 3508, 1077661, 1)
INSERT INTO interacts VALUES(64906158499, 2, Massacre, 1042, 1079829, 1)
INSERT INTO interacts VALUES(64906158499, 2, Massacre, 2043, 1082445, 1)
INSERT INTO interacts VALUES(64906158499, 2, Balls, 3067, 1091757, 1)
INSERT INTO interacts VALUES(64906158499, 2, Balls, 3211, 1094478, 1)
INSERT INTO interacts VALUES(64906158499, 2, Norskeren, 3158, 1094820, 1)
INSERT INTO interacts VALUES(64906158499, 2, Balls, 1028, 1094827, 1)
INSERT INTO interacts VALUES(64906158499, 2, Balls, 2043, 1096196, 1)
INSERT INTO interacts VALUES(64906158499, 2, Contractz, 3156, 1108192, 1)
INSERT INTO interacts VALUES(64906158499, 2, LemonNation, 3105, 1109112, 1)
INSERT INTO interacts VALUES(64906158499, 2, Contractz, 3111, 1109882, 1)
INSERT INTO interacts VALUES(64906158499, 2, LemonNation, 2043, 1111583, 1)
INSERT INTO interacts VALUES(64906158499, 2, Hai, 3001, 1113798, 1)
INSERT INTO interacts VALUES(64906158499, 2, Hai, 1033, 1114638, 1)
INSERT INTO interacts VALUES(64906158499, 2, Hai, 1029, 1115549, 1)
INSERT INTO interacts VALUES(64906158499, 2, Contractz, 2043, 1115689, 1)
INSERT INTO interacts VALUES(64906158499, 2, Altec, 1083, 1122074, 0)
INSERT INTO interacts VALUES(64906158499, 2, Altec, 3144, 1124168, 1)
INSERT INTO interacts VALUES(64906158499, 2, Altec, 2043, 1124841, 1)
INSERT INTO interacts VALUES(64906158499, 2, Balls, 3067, 1169576, 1)
INSERT INTO interacts VALUES(64906158499, 2, Akaadian, 3108, 1175290, 1)
INSERT INTO interacts VALUES(64906158499, 2, Chorong, 1033, 1203020, 1)
INSERT INTO interacts VALUES(64906158499, 2, Hai, 3111, 1229291, 1)
INSERT INTO interacts VALUES(64906158499, 2, Altec, 1043, 1229423, 1)
INSERT INTO interacts VALUES(64906158499, 2, Hai, 1052, 1233255, 1)
INSERT INTO interacts VALUES(64906158499, 2, LemonNation, 3067, 1235367, 1)
INSERT INTO interacts VALUES(64906158499, 2, Chorong, 1028, 1249393, 1)
INSERT INTO interacts VALUES(64906158499, 2, Akaadian, 3157, 1301555, 1)
INSERT INTO interacts VALUES(64906158499, 2, Massacre, 3086, 1309537, 1)
INSERT INTO interacts VALUES(64906158499, 2, Massacre, 2043, 1310293, 1)
INSERT INTO interacts VALUES(64906158499, 2, Pekin Woof, 1026, 1310913, 1)
INSERT INTO interacts VALUES(64906158499, 2, Norskeren, 3801, 1340923, 1)
INSERT INTO interacts VALUES(64906158499, 2, Norskeren, 2010, 1342020, 1)
INSERT INTO interacts VALUES(64906158499, 2, Norskeren, 2043, 1342285, 1)
INSERT INTO interacts VALUES(64906158499, 2, Hai, 3191, 1347950, 1)
INSERT INTO interacts VALUES(64906158499, 2, Hai, 1052, 1348189, 1)
INSERT INTO interacts VALUES(64906158499, 2, Balls, 3065, 1348600, 1)
INSERT INTO interacts VALUES(64906158499, 2, Balls, 3111, 1350138, 1)
INSERT INTO interacts VALUES(64906158499, 2, Altec, 3153, 1351889, 1)
INSERT INTO interacts VALUES(64906158499, 2, Chorong, 3211, 1351918, 1)
INSERT INTO interacts VALUES(64906158499, 2, LemonNation, 3190, 1352422, 1)
INSERT INTO interacts VALUES(64906158499, 2, Altec, 2043, 1353190, 1)
INSERT INTO interacts VALUES(64906158499, 2, Altec, 2043, 1353321, 1)
INSERT INTO interacts VALUES(64906158499, 2, Balls, 1031, 1353700, 1)
INSERT INTO interacts VALUES(64906158499, 2, LemonNation, 1057, 1353939, 1)
INSERT INTO interacts VALUES(64906158499, 2, Chorong, 2043, 1354181, 1)
INSERT INTO interacts VALUES(64906158499, 2, LemonNation, 2010, 1355393, 1)
INSERT INTO interacts VALUES(64906158499, 2, Balls, 2043, 1357147, 1)
INSERT INTO interacts VALUES(64906158499, 2, Contractz, 3086, 1357255, 1)
INSERT INTO interacts VALUES(64906158499, 2, Contractz, 2043, 1357851, 1)
INSERT INTO interacts VALUES(64906158499, 2, LemonNation, 3364, 1358157, 1)
INSERT INTO interacts VALUES(64906158499, 2, Norskeren, 1033, 1375595, 1)
INSERT INTO interacts VALUES(64906158499, 2, Massacre, 1042, 1421570, 1)
INSERT INTO interacts VALUES(64906158499, 2, Akaadian, 1052, 1428669, 1)
INSERT INTO interacts VALUES(64906158499, 2, Norskeren, 2043, 1436544, 1)
INSERT INTO interacts VALUES(64906158499, 2, Norskeren, 2010, 1437227, 1)
INSERT INTO interacts VALUES(64906158499, 2, Pekin Woof, 2139, 1439430, 1)
INSERT INTO interacts VALUES(64906158499, 2, Massacre, 2015, 1462151, 1)
INSERT INTO series VALUES(
                    Game 1 of 2
                  )
INSERT INTO organizes VALUES(64906158499)
INSERT INTO matches VALUES(795459949499, 1, 2016-06-22)
INSERT INTO competes VALUES(795459949499, TLA, True)
INSERT INTO competes VALUES(795459949499, NVA, False)
INSERT INTO scores VALUES(TLA, 795459949499, 1, 1, 9, 1, 1, 2, 1)
INSERT INTO scores VALUES(NVA, 795459949499, 1, 0, 1, 0, 0, 0, 0)
INSERT INTO bans VALUES(795459949499, 1, 39, 1)
INSERT INTO bans VALUES(795459949499, 1, 24, 3)
INSERT INTO bans VALUES(795459949499, 1, 420, 5)
INSERT INTO bans VALUES(795459949499, 1, 8, 2)
INSERT INTO bans VALUES(795459949499, 1, 13, 4)
INSERT INTO bans VALUES(795459949499, 1, 421, 6)
INSERT INTO plays VALUES(795459949499, 1, Solo, 98, Top, 2, 0, 3, 4510, 14, 2, 264, 0, 2, 11874)
INSERT INTO plays VALUES(795459949499, 1, Moon, 28, Jungle, 2, 0, 7, 9103, 30, 3, 20, 62, 28, 10506)
INSERT INTO plays VALUES(795459949499, 1, Goldenglue, 268, Mid, 4, 0, 2, 16892, 8, 10, 265, 11, 8, 13176)
INSERT INTO plays VALUES(795459949499, 1, Piglet, 81, ADC, 3, 1, 6, 21571, 12, 4, 206, 12, 5, 12423)
INSERT INTO plays VALUES(795459949499, 1, Stunt, 43, Support, 0, 2, 8, 6327, 34, 4, 14, 0, 0, 8628)
INSERT INTO plays VALUES(795459949499, 1, Flaxxish, 48, Top, 0, 0, 0, 1485, 14, 2, 284, 2, 0, 10089)
INSERT INTO plays VALUES(795459949499, 1, k0u, 203, Jungle, 1, 3, 1, 10368, 8, 12, 39, 78, 5, 8664)
INSERT INTO plays VALUES(795459949499, 1, Ablazeolive, 7, Mid, 0, 3, 0, 6740, 14, 4, 195, 3, 0, 8503)
INSERT INTO plays VALUES(795459949499, 1, Rikara, 236, ADC, 2, 3, 1, 7305, 11, 5, 252, 6, 0, 10618)
INSERT INTO plays VALUES(795459949499, 1, Trance, 201, Support, 0, 2, 3, 2031, 37, 5, 45, 0, 0, 6612)
INSERT INTO interacts VALUES(795459949499, 1, Ablazeolive, 1056, 1723, 1)
INSERT INTO interacts VALUES(795459949499, 1, Piglet, 1055, 1726, 1)
INSERT INTO interacts VALUES(795459949499, 1, Goldenglue, 1056, 1872, 1)
INSERT INTO interacts VALUES(795459949499, 1, Piglet, 2010, 1951, 1)
INSERT INTO interacts VALUES(795459949499, 1, Ablazeolive, 2010, 2053, 1)
INSERT INTO interacts VALUES(795459949499, 1, Goldenglue, 2010, 2115, 1)
INSERT INTO interacts VALUES(795459949499, 1, Ablazeolive, 2010, 2182, 1)
INSERT INTO interacts VALUES(795459949499, 1, Piglet, 3340, 2245, 1)
INSERT INTO interacts VALUES(795459949499, 1, Goldenglue, 2010, 2245, 1)
INSERT INTO interacts VALUES(795459949499, 1, Moon, 1039, 2280, 1)
INSERT INTO interacts VALUES(795459949499, 1, Trance, 3302, 2439, 1)
INSERT INTO interacts VALUES(795459949499, 1, Ablazeolive, 3340, 2537, 1)
INSERT INTO interacts VALUES(795459949499, 1, Goldenglue, 3340, 2537, 1)
INSERT INTO interacts VALUES(795459949499, 1, Moon, 2031, 2654, 1)
INSERT INTO interacts VALUES(795459949499, 1, Trance, 2010, 2830, 1)
INSERT INTO interacts VALUES(795459949499, 1, Moon, 3340, 3088, 1)
INSERT INTO interacts VALUES(795459949499, 1, Trance, 2010, 3174, 1)
INSERT INTO interacts VALUES(795459949499, 1, Flaxxish, 1055, 3219, 1)
INSERT INTO interacts VALUES(795459949499, 1, Trance, 2010, 3481, 1)
INSERT INTO interacts VALUES(795459949499, 1, Solo, 2003, 3741, 1)
INSERT INTO interacts VALUES(795459949499, 1, Flaxxish, 2003, 3903, 1)
INSERT INTO interacts VALUES(795459949499, 1, Stunt, 3303, 4001, 1)
INSERT INTO interacts VALUES(795459949499, 1, Trance, 3340, 4097, 1)
INSERT INTO interacts VALUES(795459949499, 1, Solo, 1054, 4163, 1)
INSERT INTO interacts VALUES(795459949499, 1, Rikara, 1055, 4167, 1)
INSERT INTO interacts VALUES(795459949499, 1, Stunt, 2010, 4390, 1)
INSERT INTO interacts VALUES(795459949499, 1, Rikara, 2010, 4390, 1)
INSERT INTO interacts VALUES(795459949499, 1, Stunt, 2010, 4522, 1)
INSERT INTO interacts VALUES(795459949499, 1, Rikara, 3340, 4620, 1)
INSERT INTO interacts VALUES(795459949499, 1, Flaxxish, 3340, 4682, 1)
INSERT INTO interacts VALUES(795459949499, 1, Stunt, 2010, 4682, 1)
INSERT INTO interacts VALUES(795459949499, 1, Stunt, 3340, 5042, 1)
INSERT INTO interacts VALUES(795459949499, 1, k0u, 1039, 5753, 1)
INSERT INTO interacts VALUES(795459949499, 1, Solo, 3340, 5915, 1)
INSERT INTO interacts VALUES(795459949499, 1, k0u, 2031, 6336, 1)
INSERT INTO interacts VALUES(795459949499, 1, k0u, 3340, 6632, 1)
INSERT INTO interacts VALUES(795459949499, 1, Moon, 3715, 247101, 1)
INSERT INTO interacts VALUES(795459949499, 1, Moon, 2032, 249198, 1)
INSERT INTO interacts VALUES(795459949499, 1, k0u, 3715, 304589, 1)
INSERT INTO interacts VALUES(795459949499, 1, k0u, 1042, 308513, 1)
INSERT INTO interacts VALUES(795459949499, 1, Trance, 3097, 313798, 1)
INSERT INTO interacts VALUES(795459949499, 1, Rikara, 3134, 314262, 1)
INSERT INTO interacts VALUES(795459949499, 1, Trance, 2043, 314996, 1)
INSERT INTO interacts VALUES(795459949499, 1, Rikara, 2043, 315459, 1)
INSERT INTO interacts VALUES(795459949499, 1, Rikara, 2010, 315926, 1)
INSERT INTO interacts VALUES(795459949499, 1, Piglet, 3070, 339756, 1)
INSERT INTO interacts VALUES(795459949499, 1, Stunt, 1028, 340719, 1)
INSERT INTO interacts VALUES(795459949499, 1, Stunt, 2043, 341653, 1)
INSERT INTO interacts VALUES(795459949499, 1, Piglet, 1083, 341718, 1)
INSERT INTO interacts VALUES(795459949499, 1, Ablazeolive, 3802, 343095, 1)
INSERT INTO interacts VALUES(795459949499, 1, Ablazeolive, 2043, 344175, 1)
INSERT INTO interacts VALUES(795459949499, 1, Ablazeolive, 2031, 344594, 1)
INSERT INTO interacts VALUES(795459949499, 1, Goldenglue, 1057, 363237, 1)
INSERT INTO interacts VALUES(795459949499, 1, Goldenglue, 1056, 364856, 1)
INSERT INTO interacts VALUES(795459949499, 1, Goldenglue, 2010, 366101, 1)
INSERT INTO interacts VALUES(795459949499, 1, Goldenglue, 2010, 366235, 1)
INSERT INTO interacts VALUES(795459949499, 1, Goldenglue, 2043, 367162, 1)
INSERT INTO interacts VALUES(795459949499, 1, Moon, 1052, 368467, 1)
INSERT INTO interacts VALUES(795459949499, 1, Moon, 2043, 369180, 1)
INSERT INTO interacts VALUES(795459949499, 1, Solo, 3751, 418168, 1)
INSERT INTO interacts VALUES(795459949499, 1, Solo, 1029, 418897, 1)
INSERT INTO interacts VALUES(795459949499, 1, Solo, 2043, 420716, 1)
INSERT INTO interacts VALUES(795459949499, 1, Flaxxish, 3211, 429964, 1)
INSERT INTO interacts VALUES(795459949499, 1, Flaxxish, 1036, 431254, 1)
INSERT INTO interacts VALUES(795459949499, 1, Flaxxish, 1006, 433369, 1)
INSERT INTO interacts VALUES(795459949499, 1, k0u, 1043, 480732, 1)
INSERT INTO interacts VALUES(795459949499, 1, Moon, 1414, 549769, 1)
INSERT INTO interacts VALUES(795459949499, 1, Ablazeolive, 3108, 577497, 1)
INSERT INTO interacts VALUES(795459949499, 1, Ablazeolive, 1052, 579389, 1)
INSERT INTO interacts VALUES(795459949499, 1, Goldenglue, 3101, 594239, 1)
INSERT INTO interacts VALUES(795459949499, 1, Goldenglue, 1001, 596141, 1)
INSERT INTO interacts VALUES(795459949499, 1, Goldenglue, 2010, 600740, 1)
INSERT INTO interacts VALUES(795459949499, 1, Piglet, 1037, 609527, 1)
INSERT INTO interacts VALUES(795459949499, 1, Piglet, 1001, 610800, 1)
INSERT INTO interacts VALUES(795459949499, 1, Piglet, 2010, 612136, 1)
INSERT INTO interacts VALUES(795459949499, 1, Piglet, 2010, 612240, 1)
INSERT INTO interacts VALUES(795459949499, 1, Piglet, 2010, 612406, 1)
INSERT INTO interacts VALUES(795459949499, 1, Piglet, 2010, 612526, 1)
INSERT INTO interacts VALUES(795459949499, 1, Stunt, 2049, 618225, 1)
INSERT INTO interacts VALUES(795459949499, 1, Stunt, 3341, 619672, 1)
INSERT INTO interacts VALUES(795459949499, 1, Stunt, 3098, 623645, 1)
INSERT INTO interacts VALUES(795459949499, 1, k0u, 1419, 633403, 1)
INSERT INTO interacts VALUES(795459949499, 1, Trance, 2049, 634130, 1)
INSERT INTO interacts VALUES(795459949499, 1, k0u, 1001, 634668, 1)
INSERT INTO interacts VALUES(795459949499, 1, Trance, 3341, 635497, 1)
INSERT INTO interacts VALUES(795459949499, 1, Rikara, 3133, 636327, 1)
INSERT INTO interacts VALUES(795459949499, 1, k0u, 3341, 636757, 1)
INSERT INTO interacts VALUES(795459949499, 1, Trance, 2043, 637017, 1)
INSERT INTO interacts VALUES(795459949499, 1, Rikara, 1001, 637959, 1)
INSERT INTO interacts VALUES(795459949499, 1, Rikara, 1036, 639319, 1)
INSERT INTO interacts VALUES(795459949499, 1, Rikara, 2010, 640678, 1)
INSERT INTO interacts VALUES(795459949499, 1, Moon, 1001, 682109, 1)
INSERT INTO interacts VALUES(795459949499, 1, Moon, 2043, 683668, 1)
INSERT INTO interacts VALUES(795459949499, 1, k0u, 1036, 717633, 1)
INSERT INTO interacts VALUES(795459949499, 1, k0u, 2043, 719128, 1)
INSERT INTO interacts VALUES(795459949499, 1, Stunt, 2301, 726933, 1)
INSERT INTO interacts VALUES(795459949499, 1, Piglet, 3004, 731087, 1)
INSERT INTO interacts VALUES(795459949499, 1, Rikara, 3142, 731524, 1)
INSERT INTO interacts VALUES(795459949499, 1, Piglet, 2010, 731818, 1)
INSERT INTO interacts VALUES(795459949499, 1, Solo, 3068, 736007, 1)
INSERT INTO interacts VALUES(795459949499, 1, Trance, 1001, 739365, 1)
INSERT INTO interacts VALUES(795459949499, 1, Solo, 1028, 739787, 1)
INSERT INTO interacts VALUES(795459949499, 1, Solo, 1001, 740194, 1)
INSERT INTO interacts VALUES(795459949499, 1, Solo, 2043, 740769, 1)
INSERT INTO interacts VALUES(795459949499, 1, Trance, 1033, 742182, 1)
INSERT INTO interacts VALUES(795459949499, 1, Ablazeolive, 3165, 750299, 1)
INSERT INTO interacts VALUES(795459949499, 1, Flaxxish, 3077, 762626, 1)
INSERT INTO interacts VALUES(795459949499, 1, Flaxxish, 3111, 766902, 1)
INSERT INTO interacts VALUES(795459949499, 1, Flaxxish, 2043, 768608, 1)
INSERT INTO interacts VALUES(795459949499, 1, Moon, 2049, 770011, 1)
INSERT INTO interacts VALUES(795459949499, 1, Moon, 3363, 770580, 1)
INSERT INTO interacts VALUES(795459949499, 1, Goldenglue, 3020, 776103, 1)
INSERT INTO interacts VALUES(795459949499, 1, Goldenglue, 1052, 779047, 1)
INSERT INTO interacts VALUES(795459949499, 1, Goldenglue, 3363, 780909, 1)
INSERT INTO interacts VALUES(795459949499, 1, Goldenglue, 3364, 783353, 1)
INSERT INTO interacts VALUES(795459949499, 1, Stunt, 1001, 850850, 1)
INSERT INTO interacts VALUES(795459949499, 1, Stunt, 2043, 851302, 1)
INSERT INTO interacts VALUES(795459949499, 1, Stunt, 2043, 851541, 1)
INSERT INTO interacts VALUES(795459949499, 1, Stunt, 2010, 854097, 1)
INSERT INTO interacts VALUES(795459949499, 1, k0u, 3155, 892035, 1)
INSERT INTO interacts VALUES(795459949499, 1, Trance, 1028, 913992, 1)
INSERT INTO interacts VALUES(795459949499, 1, Trance, 2043, 915277, 1)
INSERT INTO interacts VALUES(795459949499, 1, Trance, 2043, 915630, 1)
INSERT INTO interacts VALUES(795459949499, 1, Rikara, 3006, 918975, 1)
INSERT INTO interacts VALUES(795459949499, 1, Piglet, 3057, 943153, 1)
INSERT INTO interacts VALUES(795459949499, 1, Stunt, 3158, 944077, 1)
INSERT INTO interacts VALUES(795459949499, 1, Piglet, 1027, 944728, 1)
INSERT INTO interacts VALUES(795459949499, 1, Moon, 1011, 944999, 1)
INSERT INTO interacts VALUES(795459949499, 1, Piglet, 3363, 945196, 1)
INSERT INTO interacts VALUES(795459949499, 1, Moon, 2043, 947119, 1)
INSERT INTO interacts VALUES(795459949499, 1, Ablazeolive, 1057, 963940, 1)
INSERT INTO interacts VALUES(795459949499, 1, Ablazeolive, 1052, 965201, 1)
INSERT INTO interacts VALUES(795459949499, 1, Ablazeolive, 1001, 965616, 1)
INSERT INTO interacts VALUES(795459949499, 1, k0u, 1033, 971615, 1)
INSERT INTO interacts VALUES(795459949499, 1, k0u, 2043, 973112, 1)
INSERT INTO interacts VALUES(795459949499, 1, Flaxxish, 1037, 978635, 1)
INSERT INTO interacts VALUES(795459949499, 1, Flaxxish, 1053, 980339, 1)
INSERT INTO interacts VALUES(795459949499, 1, Goldenglue, 3115, 987731, 1)
INSERT INTO interacts VALUES(795459949499, 1, Goldenglue, 2010, 990456, 1)
INSERT INTO interacts VALUES(795459949499, 1, Goldenglue, 2010, 990556, 1)
INSERT INTO interacts VALUES(795459949499, 1, Trance, 3801, 997829, 1)
INSERT INTO interacts VALUES(795459949499, 1, Piglet, 1083, 1025056, 0)
INSERT INTO interacts VALUES(795459949499, 1, Piglet, 3025, 1026037, 1)
INSERT INTO interacts VALUES(795459949499, 1, Piglet, 2043, 1026468, 1)
INSERT INTO interacts VALUES(795459949499, 1, Piglet, 2010, 1026703, 1)
INSERT INTO interacts VALUES(795459949499, 1, Solo, 3047, 1036002, 1)
INSERT INTO interacts VALUES(795459949499, 1, Stunt, 1028, 1036273, 1)
INSERT INTO interacts VALUES(795459949499, 1, Stunt, 2043, 1037743, 1)
INSERT INTO interacts VALUES(795459949499, 1, Stunt, 2010, 1038134, 1)
INSERT INTO interacts VALUES(795459949499, 1, Solo, 3211, 1039607, 1)
INSERT INTO interacts VALUES(795459949499, 1, Solo, 1028, 1039892, 1)
INSERT INTO interacts VALUES(795459949499, 1, Moon, 3158, 1045270, 1)
INSERT INTO interacts VALUES(795459949499, 1, Trance, 3105, 1109938, 1)
INSERT INTO interacts VALUES(795459949499, 1, Ablazeolive, 3108, 1110422, 1)
INSERT INTO interacts VALUES(795459949499, 1, Trance, 2043, 1111208, 1)
INSERT INTO interacts VALUES(795459949499, 1, Trance, 2010, 1111685, 1)
INSERT INTO interacts VALUES(795459949499, 1, Rikara, 3133, 1112750, 1)
INSERT INTO interacts VALUES(795459949499, 1, k0u, 3111, 1113195, 1)
INSERT INTO interacts VALUES(795459949499, 1, k0u, 1042, 1115358, 1)
INSERT INTO interacts VALUES(795459949499, 1, Rikara, 1036, 1116143, 1)
INSERT INTO interacts VALUES(795459949499, 1, Rikara, 1028, 1116514, 1)
INSERT INTO interacts VALUES(795459949499, 1, Goldenglue, 3108, 1118933, 1)
INSERT INTO interacts VALUES(795459949499, 1, Goldenglue, 1058, 1123491, 1)
INSERT INTO interacts VALUES(795459949499, 1, Rikara, 3363, 1126563, 1)
INSERT INTO interacts VALUES(795459949499, 1, Goldenglue, 1056, 1126563, 0)
INSERT INTO interacts VALUES(795459949499, 1, Goldenglue, 2043, 1127460, 1)
INSERT INTO interacts VALUES(795459949499, 1, Piglet, 3158, 1131801, 1)
INSERT INTO interacts VALUES(795459949499, 1, Piglet, 2043, 1133368, 1)
INSERT INTO interacts VALUES(795459949499, 1, Stunt, 1033, 1134927, 1)
INSERT INTO interacts VALUES(795459949499, 1, Piglet, 2010, 1138961, 1)
INSERT INTO interacts VALUES(795459949499, 1, k0u, 3364, 1142178, 1)
INSERT INTO interacts VALUES(795459949499, 1, k0u, 2043, 1143167, 1)
INSERT INTO interacts VALUES(795459949499, 1, Flaxxish, 3074, 1153771, 1)
INSERT INTO interacts VALUES(795459949499, 1, Flaxxish, 2043, 1155004, 1)
INSERT INTO interacts VALUES(795459949499, 1, Solo, 3065, 1238896, 1)
INSERT INTO interacts VALUES(795459949499, 1, Solo, 2043, 1240142, 1)
INSERT INTO interacts VALUES(795459949499, 1, Goldenglue, 1011, 1243618, 1)
INSERT INTO interacts VALUES(795459949499, 1, Piglet, 1036, 1248263, 1)
INSERT INTO interacts VALUES(795459949499, 1, Moon, 1058, 1249641, 1)
INSERT INTO interacts VALUES(795459949499, 1, Stunt, 3105, 1250093, 1)
INSERT INTO interacts VALUES(795459949499, 1, Trance, 2303, 1250365, 1)
INSERT INTO interacts VALUES(795459949499, 1, Stunt, 2043, 1251846, 1)
INSERT INTO interacts VALUES(795459949499, 1, Stunt, 3364, 1252155, 1)
INSERT INTO interacts VALUES(795459949499, 1, Ablazeolive, 3001, 1254895, 1)
INSERT INTO interacts VALUES(795459949499, 1, k0u, 1043, 1261193, 1)
INSERT INTO interacts VALUES(795459949499, 1, Flaxxish, 3067, 1265749, 1)
INSERT INTO interacts VALUES(795459949499, 1, Trance, 2043, 1341672, 1)
INSERT INTO interacts VALUES(795459949499, 1, Trance, 2031, 1343307, 1)
INSERT INTO interacts VALUES(795459949499, 1, Rikara, 3071, 1361218, 1)
INSERT INTO interacts VALUES(795459949499, 1, Ablazeolive, 1052, 1369574, 1)
INSERT INTO interacts VALUES(795459949499, 1, k0u, 1042, 1371328, 1)
INSERT INTO interacts VALUES(795459949499, 1, k0u, 2031, 1375809, 0)
INSERT INTO interacts VALUES(795459949499, 1, k0u, 2043, 1376265, 1)
INSERT INTO interacts VALUES(795459949499, 1, Solo, 2003, 1381829, 0)
INSERT INTO interacts VALUES(795459949499, 1, Goldenglue, 3116, 1382826, 1)
INSERT INTO interacts VALUES(795459949499, 1, Goldenglue, 2043, 1383606, 1)
INSERT INTO interacts VALUES(795459949499, 1, Solo, 1029, 1384327, 1)
INSERT INTO interacts VALUES(795459949499, 1, Moon, 3116, 1386682, 1)
INSERT INTO interacts VALUES(795459949499, 1, Stunt, 1028, 1387180, 1)
INSERT INTO interacts VALUES(795459949499, 1, Piglet, 3144, 1413791, 1)
INSERT INTO interacts VALUES(795459949499, 1, Flaxxish, 3065, 1420653, 1)
INSERT INTO interacts VALUES(795459949499, 1, Flaxxish, 1028, 1422013, 1)
INSERT INTO interacts VALUES(795459949499, 1, Moon, 2043, 1522082, 1)
INSERT INTO interacts VALUES(795459949499, 1, Trance, 3009, 1525519, 1)
INSERT INTO interacts VALUES(795459949499, 1, Trance, 2043, 1526668, 1)
INSERT INTO interacts VALUES(795459949499, 1, Stunt, 3190, 1529951, 1)
INSERT INTO interacts VALUES(795459949499, 1, Goldenglue, 3108, 1530292, 1)
INSERT INTO interacts VALUES(795459949499, 1, Trance, 3364, 1530565, 1)
INSERT INTO interacts VALUES(795459949499, 1, Piglet, 1043, 1532217, 1)
INSERT INTO interacts VALUES(795459949499, 1, Stunt, 1052, 1532482, 1)
INSERT INTO interacts VALUES(795459949499, 1, Solo, 3082, 1532725, 1)
INSERT INTO interacts VALUES(795459949499, 1, Solo, 3082, 1535505, 1)
INSERT INTO interacts VALUES(795459949499, 1, Rikara, 3086, 1542066, 1)
INSERT INTO interacts VALUES(795459949499, 1, Rikara, 2010, 1543377, 1)
INSERT INTO interacts VALUES(795459949499, 1, k0u, 3086, 1578125, 1)
INSERT INTO interacts VALUES(795459949499, 1, Trance, 1028, 1608743, 1)
INSERT INTO interacts VALUES(795459949499, 1, Piglet, 1055, 1610589, 0)
INSERT INTO interacts VALUES(795459949499, 1, Piglet, 3153, 1611383, 1)
INSERT INTO interacts VALUES(795459949499, 1, Moon, 1058, 1614287, 1)
INSERT INTO interacts VALUES(795459949499, 1, Stunt, 3113, 1616667, 1)
INSERT INTO interacts VALUES(795459949499, 1, Rikara, 1042, 1617227, 1)
INSERT INTO interacts VALUES(795459949499, 1, Stunt, 1004, 1618855, 1)
INSERT INTO interacts VALUES(795459949499, 1, k0u, 3085, 1619583, 1)
INSERT INTO interacts VALUES(795459949499, 1, Flaxxish, 1029, 1632351, 1)
INSERT INTO interacts VALUES(795459949499, 1, Flaxxish, 1011, 1633054, 1)
INSERT INTO interacts VALUES(795459949499, 1, Ablazeolive, 3020, 1638781, 1)
INSERT INTO interacts VALUES(795459949499, 1, Ablazeolive, 2031, 1640843, 0)
INSERT INTO interacts VALUES(795459949499, 1, Ablazeolive, 2043, 1641471, 1)
INSERT INTO interacts VALUES(795459949499, 1, Solo, 1054, 1653421, 0)
INSERT INTO interacts VALUES(795459949499, 1, Solo, 3143, 1654422, 1)
INSERT INTO interacts VALUES(795459949499, 1, Ablazeolive, 1052, 1754505, 1)
INSERT INTO interacts VALUES(795459949499, 1, Trance, 3190, 1755840, 1)
INSERT INTO matches VALUES(795459949499, 2, 2016-06-22)
INSERT INTO competes VALUES(795459949499, TLA, True)
INSERT INTO competes VALUES(795459949499, NVA, False)
INSERT INTO scores VALUES(TLA, 795459949499, 2, 0, 3, 0, 0, 0, 0)
INSERT INTO scores VALUES(NVA, 795459949499, 2, 2, 10, 1, 1, 3, 1)
INSERT INTO bans VALUES(795459949499, 2, 98, 1)
INSERT INTO bans VALUES(795459949499, 2, 203, 3)
INSERT INTO bans VALUES(795459949499, 2, 43, 5)
INSERT INTO bans VALUES(795459949499, 2, 24, 2)
INSERT INTO bans VALUES(795459949499, 2, 8, 4)
INSERT INTO bans VALUES(795459949499, 2, 39, 6)
INSERT INTO plays VALUES(795459949499, 2, Flaxxish, 420, Jungle, 1, 6, 1, 11150, 16, 2, 159, 2, 0, 8436)
INSERT INTO plays VALUES(795459949499, 2, k0u, 64, Jungle, 0, 3, 1, 5946, 14, 2, 31, 59, 11, 8072)
INSERT INTO plays VALUES(795459949499, 2, Ablazeolive, 268, Mid, 1, 4, 0, 17283, 10, 4, 223, 12, 0, 9156)
INSERT INTO plays VALUES(795459949499, 2, Rikara, 81, Jungle, 0, 0, 1, 9654, 10, 5, 226, 3, 0, 9278)
INSERT INTO plays VALUES(795459949499, 2, Trance, 201, Jungle, 0, 1, 1, 2690, 35, 8, 38, 0, 0, 6375)
INSERT INTO plays VALUES(795459949499, 2, Solo, 48, Jungle, 1, 0, 6, 3552, 13, 12, 177, 11, 2, 10900)
INSERT INTO plays VALUES(795459949499, 2, Moon, 421, Jungle, 3, 0, 7, 8353, 23, 15, 46, 67, 28, 10994)
INSERT INTO plays VALUES(795459949499, 2, Goldenglue, 13, Mid, 4, 0, 3, 11751, 13, 13, 235, 10, 5, 12043)
INSERT INTO plays VALUES(795459949499, 2, Piglet, 236, Jungle, 6, 1, 6, 16620, 11, 17, 230, 8, 7, 12801)
INSERT INTO plays VALUES(795459949499, 2, Stunt, 267, Jungle, 0, 1, 11, 2284, 30, 4, 6, 0, 0, 7914)
INSERT INTO interacts VALUES(795459949499, 2, Goldenglue, 1056, 1783, 1)
INSERT INTO interacts VALUES(795459949499, 2, Goldenglue, 2010, 2013, 1)
INSERT INTO interacts VALUES(795459949499, 2, Goldenglue, 2010, 2174, 1)
INSERT INTO interacts VALUES(795459949499, 2, Ablazeolive, 1056, 2335, 1)
INSERT INTO interacts VALUES(795459949499, 2, Trance, 3302, 2465, 1)
INSERT INTO interacts VALUES(795459949499, 2, Ablazeolive, 2010, 2562, 1)
INSERT INTO interacts VALUES(795459949499, 2, Goldenglue, 3340, 2562, 1)
INSERT INTO interacts VALUES(795459949499, 2, Ablazeolive, 2010, 2724, 1)
INSERT INTO interacts VALUES(795459949499, 2, Rikara, 1055, 2905, 1)
INSERT INTO interacts VALUES(795459949499, 2, Trance, 2010, 2905, 1)
INSERT INTO interacts VALUES(795459949499, 2, Flaxxish, 2033, 2955, 1)
INSERT INTO interacts VALUES(795459949499, 2, Rikara, 2010, 3244, 1)
INSERT INTO interacts VALUES(795459949499, 2, Trance, 2010, 3244, 1)
INSERT INTO interacts VALUES(795459949499, 2, Ablazeolive, 3340, 3376, 1)
INSERT INTO interacts VALUES(795459949499, 2, Moon, 1041, 3536, 1)
INSERT INTO interacts VALUES(795459949499, 2, Rikara, 3340, 3536, 1)
INSERT INTO interacts VALUES(795459949499, 2, Trance, 2010, 3601, 1)
INSERT INTO interacts VALUES(795459949499, 2, Flaxxish, 3340, 3633, 1)
INSERT INTO interacts VALUES(795459949499, 2, Trance, 3340, 4283, 1)
INSERT INTO interacts VALUES(795459949499, 2, Moon, 2031, 4350, 1)
INSERT INTO interacts VALUES(795459949499, 2, Moon, 3340, 4674, 1)
INSERT INTO interacts VALUES(795459949499, 2, Solo, 2033, 4837, 1)
INSERT INTO interacts VALUES(795459949499, 2, Solo, 3340, 5387, 1)
INSERT INTO interacts VALUES(795459949499, 2, Piglet, 1055, 5650, 1)
INSERT INTO interacts VALUES(795459949499, 2, Piglet, 2010, 6200, 1)
INSERT INTO interacts VALUES(795459949499, 2, Piglet, 3340, 6624, 1)
INSERT INTO interacts VALUES(795459949499, 2, k0u, 1041, 8055, 1)
INSERT INTO interacts VALUES(795459949499, 2, k0u, 2031, 8282, 1)
INSERT INTO interacts VALUES(795459949499, 2, k0u, 3340, 8445, 1)
INSERT INTO interacts VALUES(795459949499, 2, Stunt, 2010, 8510, 1)
INSERT INTO interacts VALUES(795459949499, 2, Stunt, 2010, 8671, 1)
INSERT INTO interacts VALUES(795459949499, 2, Stunt, 2010, 8800, 1)
INSERT INTO interacts VALUES(795459949499, 2, Stunt, 3303, 9223, 1)
INSERT INTO interacts VALUES(795459949499, 2, Stunt, 3340, 9641, 1)
INSERT INTO interacts VALUES(795459949499, 2, Stunt, 2043, 158312, 1)
INSERT INTO interacts VALUES(795459949499, 2, Rikara, 1083, 214443, 1)
INSERT INTO interacts VALUES(795459949499, 2, Ablazeolive, 1056, 215429, 1)
INSERT INTO interacts VALUES(795459949499, 2, Ablazeolive, 1042, 216308, 1)
INSERT INTO interacts VALUES(795459949499, 2, Trance, 1001, 216341, 1)
INSERT INTO interacts VALUES(795459949499, 2, Ablazeolive, 1042, 216411, 1)
INSERT INTO interacts VALUES(795459949499, 2, Ablazeolive, 2010, 217039, 1)
INSERT INTO interacts VALUES(795459949499, 2, Rikara, 2043, 219118, 1)
INSERT INTO interacts VALUES(795459949499, 2, Trance, 2043, 220367, 1)
INSERT INTO interacts VALUES(795459949499, 2, Piglet, 1083, 232655, 1)
INSERT INTO interacts VALUES(795459949499, 2, Piglet, 1036, 233614, 1)
INSERT INTO interacts VALUES(795459949499, 2, k0u, 3715, 234269, 1)
INSERT INTO interacts VALUES(795459949499, 2, Stunt, 1028, 235267, 1)
INSERT INTO interacts VALUES(795459949499, 2, Piglet, 2010, 236324, 1)
INSERT INTO interacts VALUES(795459949499, 2, k0u, 2043, 237853, 1)
INSERT INTO interacts VALUES(795459949499, 2, Goldenglue, 3070, 245746, 1)
INSERT INTO interacts VALUES(795459949499, 2, Goldenglue, 2010, 247433, 0)
INSERT INTO interacts VALUES(795459949499, 2, Goldenglue, 2031, 248647, 1)
INSERT INTO interacts VALUES(795459949499, 2, Flaxxish, 1001, 287173, 1)
INSERT INTO interacts VALUES(795459949499, 2, Flaxxish, 1036, 289099, 1)
INSERT INTO interacts VALUES(795459949499, 2, Flaxxish, 1036, 289231, 1)
INSERT INTO interacts VALUES(795459949499, 2, Flaxxish, 2043, 290979, 1)
INSERT INTO interacts VALUES(795459949499, 2, Goldenglue, 1001, 318484, 1)
INSERT INTO interacts VALUES(795459949499, 2, Piglet, 3134, 367772, 1)
INSERT INTO interacts VALUES(795459949499, 2, Stunt, 2049, 369149, 1)
INSERT INTO interacts VALUES(795459949499, 2, Moon, 3711, 371196, 1)
INSERT INTO interacts VALUES(795459949499, 2, Stunt, 3341, 371683, 1)
INSERT INTO interacts VALUES(795459949499, 2, Piglet, 2043, 374022, 1)
INSERT INTO interacts VALUES(795459949499, 2, Moon, 3047, 377063, 1)
INSERT INTO interacts VALUES(795459949499, 2, Moon, 2043, 378236, 1)
INSERT INTO interacts VALUES(795459949499, 2, Rikara, 3070, 382042, 1)
INSERT INTO interacts VALUES(795459949499, 2, Rikara, 1001, 383316, 1)
INSERT INTO interacts VALUES(795459949499, 2, Trance, 1028, 384334, 1)
INSERT INTO interacts VALUES(795459949499, 2, Trance, 2043, 386093, 1)
INSERT INTO interacts VALUES(795459949499, 2, k0u, 1036, 403115, 1)
INSERT INTO interacts VALUES(795459949499, 2, k0u, 1036, 403246, 1)
INSERT INTO interacts VALUES(795459949499, 2, k0u, 2043, 404840, 1)
INSERT INTO interacts VALUES(795459949499, 2, Piglet, 2010, 409666, 1)
INSERT INTO interacts VALUES(795459949499, 2, Piglet, 2010, 409902, 1)
INSERT INTO interacts VALUES(795459949499, 2, Piglet, 2010, 410097, 1)
INSERT INTO interacts VALUES(795459949499, 2, Stunt, 1004, 412896, 1)
INSERT INTO interacts VALUES(795459949499, 2, Solo, 3077, 414678, 1)
INSERT INTO interacts VALUES(795459949499, 2, Solo, 2043, 416694, 1)
INSERT INTO interacts VALUES(795459949499, 2, Flaxxish, 3133, 522309, 1)
INSERT INTO interacts VALUES(795459949499, 2, Flaxxish, 3047, 525116, 1)
INSERT INTO interacts VALUES(795459949499, 2, Flaxxish, 2043, 526242, 1)
INSERT INTO interacts VALUES(795459949499, 2, Piglet, 1036, 540254, 1)
INSERT INTO interacts VALUES(795459949499, 2, Piglet, 1036, 540428, 1)
INSERT INTO interacts VALUES(795459949499, 2, Stunt, 3098, 549598, 1)
INSERT INTO interacts VALUES(795459949499, 2, Stunt, 2043, 552668, 1)
INSERT INTO interacts VALUES(795459949499, 2, Goldenglue, 3010, 572474, 1)
INSERT INTO interacts VALUES(795459949499, 2, Flaxxish, 1036, 595140, 1)
INSERT INTO interacts VALUES(795459949499, 2, Trance, 2049, 595238, 1)
INSERT INTO interacts VALUES(795459949499, 2, Trance, 3341, 597687, 1)
INSERT INTO interacts VALUES(795459949499, 2, Ablazeolive, 3115, 597802, 1)
INSERT INTO interacts VALUES(795459949499, 2, Ablazeolive, 2010, 598922, 1)
INSERT INTO interacts VALUES(795459949499, 2, k0u, 1412, 610519, 1)
INSERT INTO interacts VALUES(795459949499, 2, Solo, 3052, 629734, 1)
INSERT INTO interacts VALUES(795459949499, 2, Piglet, 3133, 631200, 1)
INSERT INTO interacts VALUES(795459949499, 2, Piglet, 1001, 631747, 1)
INSERT INTO interacts VALUES(795459949499, 2, Stunt, 2010, 647259, 0)
INSERT INTO interacts VALUES(795459949499, 2, Stunt, 1001, 647704, 1)
INSERT INTO interacts VALUES(795459949499, 2, Rikara, 3004, 670664, 1)
INSERT INTO interacts VALUES(795459949499, 2, Rikara, 2010, 671774, 1)
INSERT INTO interacts VALUES(795459949499, 2, Moon, 1409, 672538, 1)
INSERT INTO interacts VALUES(795459949499, 2, Moon, 2043, 673124, 1)
INSERT INTO interacts VALUES(795459949499, 2, Rikara, 2043, 673459, 1)
INSERT INTO interacts VALUES(795459949499, 2, Moon, 3364, 673698, 1)
INSERT INTO interacts VALUES(795459949499, 2, Trance, 3097, 679612, 1)
INSERT INTO interacts VALUES(795459949499, 2, Flaxxish, 1028, 712253, 1)
INSERT INTO interacts VALUES(795459949499, 2, Piglet, 2010, 721951, 0)
INSERT INTO interacts VALUES(795459949499, 2, Piglet, 2010, 722081, 0)
INSERT INTO interacts VALUES(795459949499, 2, Stunt, 1028, 727292, 1)
INSERT INTO interacts VALUES(795459949499, 2, k0u, 1028, 736906, 1)
INSERT INTO interacts VALUES(795459949499, 2, Piglet, 3142, 742264, 1)
INSERT INTO interacts VALUES(795459949499, 2, k0u, 2049, 748174, 1)
INSERT INTO interacts VALUES(795459949499, 2, Ablazeolive, 3006, 821767, 1)
INSERT INTO interacts VALUES(795459949499, 2, Moon, 1028, 822145, 1)
INSERT INTO interacts VALUES(795459949499, 2, Moon, 1029, 822831, 1)
INSERT INTO interacts VALUES(795459949499, 2, Ablazeolive, 2010, 822831, 1)
INSERT INTO interacts VALUES(795459949499, 2, Moon, 2043, 823583, 1)
INSERT INTO interacts VALUES(795459949499, 2, Solo, 3748, 824339, 1)
INSERT INTO interacts VALUES(795459949499, 2, Trance, 1033, 826944, 1)
INSERT INTO interacts VALUES(795459949499, 2, Trance, 2043, 828921, 1)
INSERT INTO interacts VALUES(795459949499, 2, Trance, 2010, 829383, 1)
INSERT INTO interacts VALUES(795459949499, 2, Stunt, 3801, 837180, 1)
INSERT INTO interacts VALUES(795459949499, 2, Goldenglue, 3027, 841901, 1)
INSERT INTO interacts VALUES(795459949499, 2, Goldenglue, 2043, 842320, 1)
INSERT INTO interacts VALUES(795459949499, 2, Goldenglue, 3363, 843748, 1)
INSERT INTO interacts VALUES(795459949499, 2, Flaxxish, 3044, 853803, 1)
INSERT INTO interacts VALUES(795459949499, 2, Rikara, 3057, 854421, 1)
INSERT INTO interacts VALUES(795459949499, 2, Flaxxish, 1036, 859095, 1)
INSERT INTO interacts VALUES(795459949499, 2, Flaxxish, 2043, 860024, 1)
INSERT INTO interacts VALUES(795459949499, 2, k0u, 1001, 863149, 1)
INSERT INTO interacts VALUES(795459949499, 2, k0u, 3341, 865083, 1)
INSERT INTO interacts VALUES(795459949499, 2, Piglet, 3133, 963594, 1)
INSERT INTO interacts VALUES(795459949499, 2, Stunt, 2010, 964533, 0)
INSERT INTO interacts VALUES(795459949499, 2, Piglet, 1028, 964738, 1)
INSERT INTO interacts VALUES(795459949499, 2, Piglet, 3363, 966467, 1)
INSERT INTO interacts VALUES(795459949499, 2, Stunt, 2301, 967304, 1)
INSERT INTO interacts VALUES(795459949499, 2, Moon, 1011, 974109, 1)
INSERT INTO interacts VALUES(795459949499, 2, Moon, 1029, 976874, 1)
INSERT INTO interacts VALUES(795459949499, 2, Solo, 3047, 1003734, 1)
INSERT INTO interacts VALUES(795459949499, 2, Flaxxish, 3071, 1048806, 1)
INSERT INTO interacts VALUES(795459949499, 2, Rikara, 3024, 1065275, 1)
INSERT INTO interacts VALUES(795459949499, 2, Flaxxish, 1036, 1065812, 1)
INSERT INTO interacts VALUES(795459949499, 2, Rikara, 3363, 1066841, 1)
INSERT INTO interacts VALUES(795459949499, 2, Flaxxish, 2043, 1067287, 1)
INSERT INTO interacts VALUES(795459949499, 2, Trance, 3105, 1068060, 1)
INSERT INTO interacts VALUES(795459949499, 2, Trance, 2043, 1069195, 1)
INSERT INTO interacts VALUES(795459949499, 2, k0u, 3134, 1070948, 1)
INSERT INTO interacts VALUES(795459949499, 2, Trance, 2010, 1071377, 1)
INSERT INTO interacts VALUES(795459949499, 2, k0u, 2043, 1072461, 1)
INSERT INTO interacts VALUES(795459949499, 2, Ablazeolive, 1058, 1075377, 1)
INSERT INTO interacts VALUES(795459949499, 2, Piglet, 1083, 1083954, 0)
INSERT INTO interacts VALUES(795459949499, 2, Piglet, 3044, 1086070, 1)
INSERT INTO interacts VALUES(795459949499, 2, Piglet, 2043, 1088886, 1)
INSERT INTO interacts VALUES(795459949499, 2, Goldenglue, 3003, 1097728, 1)
INSERT INTO interacts VALUES(795459949499, 2, Goldenglue, 2043, 1099257, 1)
INSERT INTO interacts VALUES(795459949499, 2, Solo, 1028, 1099978, 1)
INSERT INTO interacts VALUES(795459949499, 2, Stunt, 3158, 1100737, 1)
INSERT INTO interacts VALUES(795459949499, 2, Stunt, 2043, 1104173, 1)
INSERT INTO interacts VALUES(795459949499, 2, Stunt, 2010, 1104462, 1)
INSERT INTO interacts VALUES(795459949499, 2, Solo, 1029, 1104628, 1)
INSERT INTO interacts VALUES(795459949499, 2, Solo, 2043, 1105167, 1)
INSERT INTO interacts VALUES(795459949499, 2, Stunt, 2010, 1106814, 1)
INSERT INTO interacts VALUES(795459949499, 2, Rikara, 3025, 1111284, 1)
INSERT INTO interacts VALUES(795459949499, 2, Moon, 3082, 1122353, 1)
INSERT INTO interacts VALUES(795459949499, 2, Moon, 1033, 1123406, 1)
INSERT INTO interacts VALUES(795459949499, 2, k0u, 3364, 1155300, 1)
INSERT INTO interacts VALUES(795459949499, 2, k0u, 2031, 1157392, 0)
INSERT INTO interacts VALUES(795459949499, 2, k0u, 1033, 1172128, 1)
INSERT INTO interacts VALUES(795459949499, 2, Trance, 1028, 1173800, 1)
INSERT INTO interacts VALUES(795459949499, 2, Trance, 2043, 1175932, 1)
INSERT INTO interacts VALUES(795459949499, 2, Ablazeolive, 1052, 1182960, 1)
INSERT INTO interacts VALUES(795459949499, 2, Goldenglue, 3020, 1198347, 1)
INSERT INTO interacts VALUES(795459949499, 2, Goldenglue, 2043, 1199804, 1)
INSERT INTO interacts VALUES(795459949499, 2, Piglet, 2043, 1201035, 0)
INSERT INTO interacts VALUES(795459949499, 2, Moon, 3143, 1201076, 1)
INSERT INTO interacts VALUES(795459949499, 2, Piglet, 3071, 1201837, 1)
INSERT INTO interacts VALUES(795459949499, 2, Moon, 2043, 1202008, 1)
INSERT INTO interacts VALUES(795459949499, 2, Piglet, 1042, 1202839, 1)
INSERT INTO interacts VALUES(795459949499, 2, Solo, 3024, 1204549, 1)
INSERT INTO interacts VALUES(795459949499, 2, Stunt, 3105, 1204601, 1)
INSERT INTO interacts VALUES(795459949499, 2, Rikara, 3158, 1212265, 1)
INSERT INTO interacts VALUES(795459949499, 2, Rikara, 2043, 1212804, 1)
INSERT INTO interacts VALUES(795459949499, 2, k0u, 3111, 1279291, 1)
INSERT INTO interacts VALUES(795459949499, 2, k0u, 1036, 1288745, 1)
INSERT INTO interacts VALUES(795459949499, 2, Flaxxish, 3052, 1302436, 1)
INSERT INTO interacts VALUES(795459949499, 2, Moon, 1057, 1317187, 1)
INSERT INTO interacts VALUES(795459949499, 2, Moon, 1031, 1318025, 1)
INSERT INTO interacts VALUES(795459949499, 2, Solo, 3211, 1319715, 1)
INSERT INTO interacts VALUES(795459949499, 2, Piglet, 3006, 1319780, 1)
INSERT INTO interacts VALUES(795459949499, 2, Solo, 1028, 1320003, 1)
INSERT INTO interacts VALUES(795459949499, 2, Piglet, 1042, 1320423, 1)
INSERT INTO interacts VALUES(795459949499, 2, Trance, 3067, 1320764, 1)
INSERT INTO interacts VALUES(795459949499, 2, Trance, 2043, 1321693, 1)
INSERT INTO interacts VALUES(795459949499, 2, Piglet, 1051, 1321851, 1)
INSERT INTO interacts VALUES(795459949499, 2, Piglet, 2043, 1322601, 1)
INSERT INTO interacts VALUES(795459949499, 2, Stunt, 3067, 1323170, 1)
INSERT INTO interacts VALUES(795459949499, 2, Goldenglue, 2043, 1324415, 0)
INSERT INTO interacts VALUES(795459949499, 2, Stunt, 3364, 1325248, 1)
INSERT INTO interacts VALUES(795459949499, 2, Goldenglue, 1026, 1325335, 1)
INSERT INTO interacts VALUES(795459949499, 2, Flaxxish, 2043, 1334994, 1)
INSERT INTO interacts VALUES(795459949499, 2, Ablazeolive, 1056, 1339607, 0)
INSERT INTO interacts VALUES(795459949499, 2, Ablazeolive, 1011, 1340979, 1)
INSERT INTO interacts VALUES(795459949499, 2, Trance, 3190, 1379480, 1)
INSERT INTO interacts VALUES(795459949499, 2, k0u, 2043, 1382877, 0)
INSERT INTO interacts VALUES(795459949499, 2, k0u, 1036, 1384374, 1)
INSERT INTO interacts VALUES(795459949499, 2, Rikara, 1037, 1388592, 1)
INSERT INTO interacts VALUES(795459949499, 2, Ablazeolive, 3116, 1446619, 1)
INSERT INTO interacts VALUES(795459949499, 2, Goldenglue, 2031, 1449273, 0)
INSERT INTO interacts VALUES(795459949499, 2, Goldenglue, 3135, 1450230, 1)
INSERT INTO interacts VALUES(795459949499, 2, Flaxxish, 3053, 1458995, 1)
INSERT INTO interacts VALUES(795459949499, 2, k0u, 3133, 1460482, 1)
INSERT INTO interacts VALUES(795459949499, 2, Piglet, 3086, 1465408, 1)
INSERT INTO interacts VALUES(795459949499, 2, Piglet, 2043, 1466737, 0)
INSERT INTO interacts VALUES(795459949499, 2, Ablazeolive, 2010, 1467998, 1)
INSERT INTO interacts VALUES(795459949499, 2, Piglet, 2015, 1468115, 1)
INSERT INTO interacts VALUES(795459949499, 2, Ablazeolive, 2010, 1468115, 1)
INSERT INTO interacts VALUES(795459949499, 2, Ablazeolive, 2043, 1482528, 1)
INSERT INTO interacts VALUES(795459949499, 2, Stunt, 3190, 1486456, 1)
INSERT INTO interacts VALUES(795459949499, 2, Piglet, 1055, 1489524, 0)
INSERT INTO interacts VALUES(795459949499, 2, Rikara, 3035, 1490722, 1)
INSERT INTO interacts VALUES(795459949499, 2, Stunt, 3028, 1491256, 1)
INSERT INTO interacts VALUES(795459949499, 2, Stunt, 2043, 1492759, 1)
INSERT INTO interacts VALUES(795459949499, 2, Goldenglue, 2139, 1495195, 1)
INSERT INTO interacts VALUES(795459949499, 2, Moon, 3026, 1495655, 1)
INSERT INTO interacts VALUES(795459949499, 2, Moon, 1028, 1497177, 1)
INSERT INTO interacts VALUES(795459949499, 2, Solo, 3065, 1497177, 1)
INSERT INTO interacts VALUES(795459949499, 2, Solo, 1029, 1498886, 1)
INSERT INTO interacts VALUES(795459949499, 2, Moon, 2031, 1502822, 0)
INSERT INTO interacts VALUES(795459949499, 2, Trance, 2303, 1504607, 1)
INSERT INTO interacts VALUES(795459949499, 2, Trance, 2043, 1505488, 1)
INSERT INTO interacts VALUES(795459949499, 2, Trance, 3364, 1505982, 1)
INSERT INTO interacts VALUES(795459949499, 2, k0u, 3142, 1619361, 1)
INSERT INTO interacts VALUES(795459949499, 2, Flaxxish, 1033, 1629003, 1)
INSERT INTO series VALUES(
                    Game 1 of 2
                  )
INSERT INTO organizes VALUES(795459949499)
INSERT INTO matches VALUES(946639386867, 1, 2016-06-22)
INSERT INTO competes VALUES(946639386867, ENX, True)
INSERT INTO competes VALUES(946639386867, APP, False)
INSERT INTO scores VALUES(ENX, 946639386867, 1, 0, 0, 0, 0, 0, 0)
INSERT INTO scores VALUES(APP, 946639386867, 1, 3, 11, 0, 1, 2, 1)
INSERT INTO bans VALUES(946639386867, 1, 203, 1)
INSERT INTO bans VALUES(946639386867, 1, 48, 3)
INSERT INTO bans VALUES(946639386867, 1, 268, 5)
INSERT INTO bans VALUES(946639386867, 1, 8, 2)
INSERT INTO bans VALUES(946639386867, 1, 201, 4)
INSERT INTO bans VALUES(946639386867, 1, 43, 6)
INSERT INTO plays VALUES(946639386867, 1, RF Legendary, 39, Top, 1, 4, 2, 8222, 14, 7, 271, 2, 0, 10177)
INSERT INTO plays VALUES(946639386867, 1, ShorterACE, 60, Jungle, 1, 3, 1, 4816, 24, 9, 25, 97, 6, 9162)
INSERT INTO plays VALUES(946639386867, 1, Poppers OP, 112, Mid, 0, 4, 1, 15625, 17, 3, 259, 4, 0, 9650)
INSERT INTO players VALUES(deftly)
INSERT INTO registers VALUES(deftly, ENX, date('1970-01-01'))
INSERT INTO plays VALUES(946639386867, 1, deftly, 236, ADC, 1, 4, 1, 5491, 8, 1, 213, 3, 0, 9176)
INSERT INTO plays VALUES(946639386867, 1, Bodydrop, 432, Support, 0, 7, 2, 7332, 32, 6, 8, 0, 0, 6248)
INSERT INTO plays VALUES(946639386867, 1, Cris, 50, Top, 6, 2, 7, 13741, 13, 1, 218, 2, 1, 12823)
INSERT INTO plays VALUES(946639386867, 1, Diamondprox, 421, Jungle, 6, 0, 9, 11976, 32, 11, 30, 82, 18, 12285)
INSERT INTO plays VALUES(946639386867, 1, Shiphtur, 34, Mid, 2, 0, 6, 10085, 16, 4, 227, 19, 0, 12524)
INSERT INTO plays VALUES(946639386867, 1, Roar, 202, ADC, 8, 1, 9, 21873, 12, 4, 236, 6, 4, 14237)
INSERT INTO plays VALUES(946639386867, 1, KonKwon, 267, Support, 0, 0, 17, 5504, 39, 16, 22, 0, 0, 9491)
INSERT INTO interacts VALUES(946639386867, 1, KonKwon, 3303, 1642, 1)
INSERT INTO interacts VALUES(946639386867, 1, KonKwon, 2010, 1902, 1)
INSERT INTO interacts VALUES(946639386867, 1, KonKwon, 2010, 2032, 1)
INSERT INTO interacts VALUES(946639386867, 1, KonKwon, 2010, 2113, 1)
INSERT INTO interacts VALUES(946639386867, 1, KonKwon, 3340, 2375, 1)
INSERT INTO interacts VALUES(946639386867, 1, Shiphtur, 1056, 2845, 1)
INSERT INTO interacts VALUES(946639386867, 1, Poppers OP, 2010, 2893, 1)
INSERT INTO interacts VALUES(946639386867, 1, Poppers OP, 2010, 3072, 1)
INSERT INTO interacts VALUES(946639386867, 1, Shiphtur, 2003, 3105, 1)
INSERT INTO interacts VALUES(946639386867, 1, Roar, 1055, 3235, 1)
INSERT INTO interacts VALUES(946639386867, 1, Shiphtur, 2003, 3237, 1)
INSERT INTO interacts VALUES(946639386867, 1, deftly, 2010, 3333, 1)
INSERT INTO interacts VALUES(946639386867, 1, Poppers OP, 1056, 3415, 1)
INSERT INTO interacts VALUES(946639386867, 1, Roar, 2010, 3462, 1)
INSERT INTO interacts VALUES(946639386867, 1, Shiphtur, 3340, 3462, 1)
INSERT INTO interacts VALUES(946639386867, 1, deftly, 1055, 3592, 1)
INSERT INTO interacts VALUES(946639386867, 1, Roar, 3340, 3722, 1)
INSERT INTO interacts VALUES(946639386867, 1, Poppers OP, 3340, 3788, 1)
INSERT INTO interacts VALUES(946639386867, 1, Cris, 1056, 3888, 1)
INSERT INTO interacts VALUES(946639386867, 1, Cris, 2003, 4407, 1)
INSERT INTO interacts VALUES(946639386867, 1, deftly, 3340, 4440, 1)
INSERT INTO interacts VALUES(946639386867, 1, Diamondprox, 1041, 4539, 1)
INSERT INTO interacts VALUES(946639386867, 1, Cris, 2003, 4637, 1)
INSERT INTO interacts VALUES(946639386867, 1, Cris, 3340, 5155, 1)
INSERT INTO interacts VALUES(946639386867, 1, Diamondprox, 2031, 5645, 1)
INSERT INTO interacts VALUES(946639386867, 1, ShorterACE, 1039, 5837, 1)
INSERT INTO interacts VALUES(946639386867, 1, Diamondprox, 3340, 5972, 1)
INSERT INTO interacts VALUES(946639386867, 1, ShorterACE, 2031, 6620, 1)
INSERT INTO interacts VALUES(946639386867, 1, ShorterACE, 3340, 7060, 1)
INSERT INTO interacts VALUES(946639386867, 1, Bodydrop, 3303, 7949, 1)
INSERT INTO interacts VALUES(946639386867, 1, Bodydrop, 3340, 8402, 1)
INSERT INTO interacts VALUES(946639386867, 1, Bodydrop, 2010, 8698, 1)
INSERT INTO interacts VALUES(946639386867, 1, Bodydrop, 2010, 8858, 1)
INSERT INTO interacts VALUES(946639386867, 1, Bodydrop, 2010, 9024, 1)
INSERT INTO interacts VALUES(946639386867, 1, RF Legendary, 2033, 10354, 1)
INSERT INTO interacts VALUES(946639386867, 1, RF Legendary, 3340, 10551, 1)
INSERT INTO interacts VALUES(946639386867, 1, Diamondprox, 3706, 249702, 1)
INSERT INTO interacts VALUES(946639386867, 1, Diamondprox, 2043, 251043, 1)
INSERT INTO interacts VALUES(946639386867, 1, ShorterACE, 1001, 317989, 1)
INSERT INTO interacts VALUES(946639386867, 1, ShorterACE, 3711, 318803, 1)
INSERT INTO interacts VALUES(946639386867, 1, ShorterACE, 3341, 319200, 1)
INSERT INTO interacts VALUES(946639386867, 1, ShorterACE, 2043, 319535, 1)
INSERT INTO interacts VALUES(946639386867, 1, Roar, 3134, 320566, 1)
INSERT INTO interacts VALUES(946639386867, 1, KonKwon, 1028, 321581, 1)
INSERT INTO interacts VALUES(946639386867, 1, KonKwon, 2043, 322371, 1)
INSERT INTO interacts VALUES(946639386867, 1, KonKwon, 2043, 323879, 1)
INSERT INTO interacts VALUES(946639386867, 1, Cris, 2003, 344061, 0)
INSERT INTO interacts VALUES(946639386867, 1, Bodydrop, 1028, 344311, 1)
INSERT INTO interacts VALUES(946639386867, 1, Bodydrop, 2043, 345814, 1)
INSERT INTO interacts VALUES(946639386867, 1, Bodydrop, 2010, 346186, 1)
INSERT INTO interacts VALUES(946639386867, 1, deftly, 3134, 346223, 1)
INSERT INTO interacts VALUES(946639386867, 1, Bodydrop, 2010, 346352, 1)
INSERT INTO interacts VALUES(946639386867, 1, Bodydrop, 2010, 346506, 1)
INSERT INTO interacts VALUES(946639386867, 1, deftly, 2010, 347063, 1)
INSERT INTO interacts VALUES(946639386867, 1, deftly, 2010, 347450, 1)
INSERT INTO interacts VALUES(946639386867, 1, Cris, 3010, 347844, 1)
INSERT INTO interacts VALUES(946639386867, 1, Bodydrop, 2043, 348142, 1)
INSERT INTO interacts VALUES(946639386867, 1, Poppers OP, 3196, 369748, 1)
INSERT INTO interacts VALUES(946639386867, 1, Poppers OP, 2043, 370691, 1)
INSERT INTO interacts VALUES(946639386867, 1, Poppers OP, 2010, 371050, 1)
INSERT INTO interacts VALUES(946639386867, 1, Poppers OP, 2010, 371312, 1)
INSERT INTO interacts VALUES(946639386867, 1, Shiphtur, 3070, 403016, 1)
INSERT INTO interacts VALUES(946639386867, 1, Shiphtur, 1001, 403353, 1)
INSERT INTO interacts VALUES(946639386867, 1, Shiphtur, 1028, 404531, 1)
INSERT INTO interacts VALUES(946639386867, 1, Shiphtur, 2043, 405592, 1)
INSERT INTO interacts VALUES(946639386867, 1, Shiphtur, 2003, 405884, 1)
INSERT INTO interacts VALUES(946639386867, 1, Shiphtur, 2003, 406013, 1)
INSERT INTO interacts VALUES(946639386867, 1, RF Legendary, 3057, 410790, 1)
INSERT INTO interacts VALUES(946639386867, 1, RF Legendary, 1001, 411038, 1)
INSERT INTO interacts VALUES(946639386867, 1, RF Legendary, 2043, 415099, 1)
INSERT INTO interacts VALUES(946639386867, 1, Cris, 1056, 467257, 1)
INSERT INTO interacts VALUES(946639386867, 1, Cris, 2043, 468802, 1)
INSERT INTO interacts VALUES(946639386867, 1, Diamondprox, 3751, 491803, 1)
INSERT INTO interacts VALUES(946639386867, 1, Diamondprox, 1001, 493347, 1)
INSERT INTO interacts VALUES(946639386867, 1, Diamondprox, 2043, 493707, 1)
INSERT INTO interacts VALUES(946639386867, 1, Roar, 3133, 550614, 1)
INSERT INTO interacts VALUES(946639386867, 1, Roar, 1001, 551126, 1)
INSERT INTO interacts VALUES(946639386867, 1, Roar, 2010, 552005, 1)
INSERT INTO interacts VALUES(946639386867, 1, Cris, 1001, 552593, 1)
INSERT INTO interacts VALUES(946639386867, 1, Cris, 2003, 555229, 1)
INSERT INTO interacts VALUES(946639386867, 1, KonKwon, 2049, 559263, 1)
INSERT INTO interacts VALUES(946639386867, 1, KonKwon, 3341, 559647, 1)
INSERT INTO interacts VALUES(946639386867, 1, KonKwon, 1001, 560011, 1)
INSERT INTO interacts VALUES(946639386867, 1, RF Legendary, 1036, 560585, 1)
INSERT INTO interacts VALUES(946639386867, 1, RF Legendary, 1033, 560924, 1)
INSERT INTO interacts VALUES(946639386867, 1, RF Legendary, 2043, 561801, 1)
INSERT INTO interacts VALUES(946639386867, 1, Poppers OP, 3197, 566259, 1)
INSERT INTO interacts VALUES(946639386867, 1, Poppers OP, 1001, 568491, 1)
INSERT INTO interacts VALUES(946639386867, 1, Poppers OP, 2043, 571843, 1)
INSERT INTO interacts VALUES(946639386867, 1, Bodydrop, 2049, 573825, 1)
INSERT INTO interacts VALUES(946639386867, 1, Bodydrop, 3341, 575157, 1)
INSERT INTO interacts VALUES(946639386867, 1, Bodydrop, 2043, 576361, 1)
INSERT INTO interacts VALUES(946639386867, 1, Bodydrop, 2043, 576500, 1)
INSERT INTO interacts VALUES(946639386867, 1, deftly, 3133, 576597, 1)
INSERT INTO interacts VALUES(946639386867, 1, deftly, 2010, 576886, 1)
INSERT INTO interacts VALUES(946639386867, 1, deftly, 2010, 577042, 1)
INSERT INTO interacts VALUES(946639386867, 1, Bodydrop, 2010, 577374, 1)
INSERT INTO interacts VALUES(946639386867, 1, ShorterACE, 3113, 607275, 1)
INSERT INTO interacts VALUES(946639386867, 1, ShorterACE, 2043, 608403, 1)
INSERT INTO interacts VALUES(946639386867, 1, ShorterACE, 1052, 609928, 1)
INSERT INTO interacts VALUES(946639386867, 1, deftly, 1001, 676470, 1)
INSERT INTO interacts VALUES(946639386867, 1, Bodydrop, 1001, 683842, 1)
INSERT INTO interacts VALUES(946639386867, 1, Roar, 3142, 705868, 1)
INSERT INTO interacts VALUES(946639386867, 1, KonKwon, 3158, 710178, 1)
INSERT INTO interacts VALUES(946639386867, 1, KonKwon, 2043, 710578, 1)
INSERT INTO interacts VALUES(946639386867, 1, KonKwon, 2043, 711176, 1)
INSERT INTO interacts VALUES(946639386867, 1, Roar, 2010, 712431, 0)
INSERT INTO interacts VALUES(946639386867, 1, Roar, 3009, 713650, 1)
INSERT INTO interacts VALUES(946639386867, 1, ShorterACE, 1410, 741225, 1)
INSERT INTO interacts VALUES(946639386867, 1, ShorterACE, 2043, 741985, 1)
INSERT INTO interacts VALUES(946639386867, 1, Diamondprox, 2049, 747199, 1)
INSERT INTO interacts VALUES(946639386867, 1, Diamondprox, 3341, 748402, 1)
INSERT INTO interacts VALUES(946639386867, 1, Diamondprox, 2043, 749613, 1)
INSERT INTO interacts VALUES(946639386867, 1, Cris, 1026, 759637, 1)
INSERT INTO interacts VALUES(946639386867, 1, Shiphtur, 3010, 782659, 1)
INSERT INTO interacts VALUES(946639386867, 1, Shiphtur, 1026, 783080, 1)
INSERT INTO interacts VALUES(946639386867, 1, Shiphtur, 2043, 784251, 1)
INSERT INTO interacts VALUES(946639386867, 1, RF Legendary, 3044, 790944, 1)
INSERT INTO interacts VALUES(946639386867, 1, RF Legendary, 3111, 793962, 1)
INSERT INTO interacts VALUES(946639386867, 1, RF Legendary, 1042, 795058, 1)
INSERT INTO interacts VALUES(946639386867, 1, Poppers OP, 1058, 804191, 1)
INSERT INTO interacts VALUES(946639386867, 1, Poppers OP, 2043, 805619, 1)
INSERT INTO interacts VALUES(946639386867, 1, RF Legendary, 3101, 902774, 1)
INSERT INTO interacts VALUES(946639386867, 1, Cris, 3027, 905431, 1)
INSERT INTO interacts VALUES(946639386867, 1, deftly, 3142, 906447, 1)
INSERT INTO interacts VALUES(946639386867, 1, deftly, 1036, 906885, 1)
INSERT INTO interacts VALUES(946639386867, 1, Bodydrop, 3098, 907326, 1)
INSERT INTO interacts VALUES(946639386867, 1, Cris, 3111, 907326, 1)
INSERT INTO interacts VALUES(946639386867, 1, Bodydrop, 2043, 908751, 1)
INSERT INTO interacts VALUES(946639386867, 1, Bodydrop, 2043, 908881, 1)
INSERT INTO interacts VALUES(946639386867, 1, ShorterACE, 1033, 909484, 1)
INSERT INTO interacts VALUES(946639386867, 1, Roar, 3134, 911740, 1)
INSERT INTO interacts VALUES(946639386867, 1, Roar, 3363, 912252, 1)
INSERT INTO interacts VALUES(946639386867, 1, ShorterACE, 3111, 912448, 1)
INSERT INTO interacts VALUES(946639386867, 1, Roar, 2010, 912896, 1)
INSERT INTO interacts VALUES(946639386867, 1, ShorterACE, 1033, 914033, 1)
INSERT INTO interacts VALUES(946639386867, 1, Roar, 2010, 916738, 1)
INSERT INTO interacts VALUES(946639386867, 1, RF Legendary, 2043, 916803, 0)
INSERT INTO interacts VALUES(946639386867, 1, Cris, 2043, 923921, 1)
INSERT INTO interacts VALUES(946639386867, 1, deftly, 2010, 924029, 1)
INSERT INTO interacts VALUES(946639386867, 1, Cris, 2003, 924368, 1)
INSERT INTO interacts VALUES(946639386867, 1, Cris, 3363, 924803, 1)
INSERT INTO interacts VALUES(946639386867, 1, KonKwon, 3098, 924948, 1)
INSERT INTO interacts VALUES(946639386867, 1, KonKwon, 2043, 925220, 1)
INSERT INTO interacts VALUES(946639386867, 1, RF Legendary, 3078, 930466, 1)
INSERT INTO interacts VALUES(946639386867, 1, Shiphtur, 3027, 951066, 1)
INSERT INTO interacts VALUES(946639386867, 1, Poppers OP, 2010, 952609, 0)
INSERT INTO interacts VALUES(946639386867, 1, Shiphtur, 3158, 952977, 1)
INSERT INTO interacts VALUES(946639386867, 1, Diamondprox, 1401, 953540, 1)
INSERT INTO interacts VALUES(946639386867, 1, Poppers OP, 3198, 953760, 1)
INSERT INTO interacts VALUES(946639386867, 1, Diamondprox, 3111, 954942, 1)
INSERT INTO interacts VALUES(946639386867, 1, Shiphtur, 1052, 956064, 1)
INSERT INTO interacts VALUES(946639386867, 1, Diamondprox, 1028, 956131, 1)
INSERT INTO interacts VALUES(946639386867, 1, Shiphtur, 2043, 957165, 1)
INSERT INTO interacts VALUES(946639386867, 1, Diamondprox, 1029, 957541, 1)
INSERT INTO interacts VALUES(946639386867, 1, Diamondprox, 3364, 958162, 1)
INSERT INTO interacts VALUES(946639386867, 1, deftly, 1036, 1048696, 1)
INSERT INTO interacts VALUES(946639386867, 1, deftly, 2010, 1049791, 1)
INSERT INTO interacts VALUES(946639386867, 1, deftly, 2010, 1050011, 1)
INSERT INTO interacts VALUES(946639386867, 1, Bodydrop, 2301, 1065471, 1)
INSERT INTO interacts VALUES(946639386867, 1, Bodydrop, 2043, 1066671, 1)
INSERT INTO interacts VALUES(946639386867, 1, deftly, 3363, 1067850, 1)
INSERT INTO interacts VALUES(946639386867, 1, Bodydrop, 2010, 1068213, 1)
INSERT INTO interacts VALUES(946639386867, 1, Bodydrop, 2010, 1068394, 1)
INSERT INTO interacts VALUES(946639386867, 1, Shiphtur, 3108, 1083914, 1)
INSERT INTO interacts VALUES(946639386867, 1, Shiphtur, 1052, 1085540, 1)
INSERT INTO interacts VALUES(946639386867, 1, Roar, 1038, 1092448, 1)
INSERT INTO interacts VALUES(946639386867, 1, KonKwon, 2301, 1095510, 1)
INSERT INTO interacts VALUES(946639386867, 1, KonKwon, 3801, 1096169, 1)
INSERT INTO interacts VALUES(946639386867, 1, KonKwon, 2043, 1096647, 1)
INSERT INTO interacts VALUES(946639386867, 1, KonKwon, 3364, 1097012, 1)
INSERT INTO interacts VALUES(946639386867, 1, Diamondprox, 1011, 1122747, 1)
INSERT INTO interacts VALUES(946639386867, 1, Diamondprox, 1031, 1123755, 1)
INSERT INTO interacts VALUES(946639386867, 1, Cris, 3191, 1131460, 1)
INSERT INTO interacts VALUES(946639386867, 1, Poppers OP, 1011, 1139226, 1)
INSERT INTO interacts VALUES(946639386867, 1, Poppers OP, 2010, 1140313, 1)
INSERT INTO interacts VALUES(946639386867, 1, Poppers OP, 2010, 1140458, 1)
INSERT INTO interacts VALUES(946639386867, 1, RF Legendary, 3155, 1158742, 1)
INSERT INTO interacts VALUES(946639386867, 1, Poppers OP, 3158, 1170156, 1)
INSERT INTO interacts VALUES(946639386867, 1, Poppers OP, 1052, 1172066, 1)
INSERT INTO interacts VALUES(946639386867, 1, ShorterACE, 3105, 1207919, 1)
INSERT INTO interacts VALUES(946639386867, 1, ShorterACE, 1028, 1208902, 1)
INSERT INTO interacts VALUES(946639386867, 1, ShorterACE, 3364, 1209674, 1)
INSERT INTO interacts VALUES(946639386867, 1, ShorterACE, 2043, 1209960, 1)
INSERT INTO interacts VALUES(946639386867, 1, KonKwon, 1033, 1210213, 1)
INSERT INTO interacts VALUES(946639386867, 1, Roar, 3147, 1211115, 1)
INSERT INTO interacts VALUES(946639386867, 1, Roar, 1042, 1211673, 1)
INSERT INTO interacts VALUES(946639386867, 1, Diamondprox, 3742, 1232806, 1)
INSERT INTO interacts VALUES(946639386867, 1, Shiphtur, 1056, 1238233, 0)
INSERT INTO interacts VALUES(946639386867, 1, Shiphtur, 3165, 1242758, 1)
INSERT INTO interacts VALUES(946639386867, 1, RF Legendary, 3123, 1285108, 1)
INSERT INTO interacts VALUES(946639386867, 1, RF Legendary, 2043, 1286276, 1)
INSERT INTO interacts VALUES(946639386867, 1, ShorterACE, 3190, 1306907, 1)
INSERT INTO interacts VALUES(946639386867, 1, Bodydrop, 3158, 1308312, 1)
INSERT INTO interacts VALUES(946639386867, 1, Cris, 2003, 1309404, 0)
INSERT INTO interacts VALUES(946639386867, 1, Bodydrop, 2043, 1309967, 1)
INSERT INTO interacts VALUES(946639386867, 1, Cris, 3108, 1310923, 1)
INSERT INTO interacts VALUES(946639386867, 1, Roar, 3086, 1323002, 1)
INSERT INTO interacts VALUES(946639386867, 1, Roar, 1042, 1323321, 1)
INSERT INTO interacts VALUES(946639386867, 1, KonKwon, 3105, 1330459, 1)
INSERT INTO interacts VALUES(946639386867, 1, KonKwon, 3114, 1332904, 1)
INSERT INTO interacts VALUES(946639386867, 1, Diamondprox, 2031, 1347543, 0)
INSERT INTO interacts VALUES(946639386867, 1, Diamondprox, 2043, 1348088, 1)
INSERT INTO interacts VALUES(946639386867, 1, Diamondprox, 1057, 1349408, 1)
INSERT INTO interacts VALUES(946639386867, 1, deftly, 3044, 1351359, 1)
INSERT INTO interacts VALUES(946639386867, 1, deftly, 3133, 1352075, 1)
INSERT INTO interacts VALUES(946639386867, 1, deftly, 2043, 1353092, 1)
INSERT INTO interacts VALUES(946639386867, 1, Poppers OP, 3116, 1391747, 1)
INSERT INTO interacts VALUES(946639386867, 1, Bodydrop, 1033, 1413710, 1)
INSERT INTO interacts VALUES(946639386867, 1, Cris, 3157, 1414277, 1)
INSERT INTO interacts VALUES(946639386867, 1, Bodydrop, 2010, 1415104, 1)
INSERT INTO interacts VALUES(946639386867, 1, Cris, 1028, 1415903, 1)
INSERT INTO interacts VALUES(946639386867, 1, KonKwon, 1033, 1428208, 1)
INSERT INTO interacts VALUES(946639386867, 1, KonKwon, 2043, 1428608, 1)
INSERT INTO interacts VALUES(946639386867, 1, Shiphtur, 1058, 1429451, 1)
INSERT INTO interacts VALUES(946639386867, 1, Shiphtur, 2043, 1429909, 1)
INSERT INTO interacts VALUES(946639386867, 1, Diamondprox, 1031, 1431739, 1)
INSERT INTO interacts VALUES(946639386867, 1, ShorterACE, 1029, 1438212, 1)
INSERT INTO interacts VALUES(946639386867, 1, ShorterACE, 1029, 1438345, 1)
INSERT INTO interacts VALUES(946639386867, 1, ShorterACE, 2031, 1439550, 0)
INSERT INTO interacts VALUES(946639386867, 1, ShorterACE, 2043, 1440336, 1)
INSERT INTO interacts VALUES(946639386867, 1, ShorterACE, 2043, 1440485, 1)
INSERT INTO interacts VALUES(946639386867, 1, deftly, 3071, 1448271, 1)
INSERT INTO interacts VALUES(946639386867, 1, deftly, 2010, 1449603, 1)
INSERT INTO interacts VALUES(946639386867, 1, Roar, 3094, 1451480, 1)
INSERT INTO interacts VALUES(946639386867, 1, RF Legendary, 1036, 1451516, 1)
INSERT INTO interacts VALUES(946639386867, 1, Roar, 2043, 1451924, 1)
INSERT INTO interacts VALUES(946639386867, 1, Bodydrop, 1028, 1505520, 1)
INSERT INTO interacts VALUES(946639386867, 1, Poppers OP, 1052, 1511488, 1)
INSERT INTO interacts VALUES(946639386867, 1, KonKwon, 3028, 1549627, 1)
INSERT INTO interacts VALUES(946639386867, 1, KonKwon, 2043, 1549970, 1)
INSERT INTO interacts VALUES(946639386867, 1, KonKwon, 2043, 1550073, 1)
INSERT INTO interacts VALUES(946639386867, 1, Roar, 1033, 1552966, 1)
INSERT INTO interacts VALUES(946639386867, 1, Diamondprox, 3026, 1553814, 1)
INSERT INTO interacts VALUES(946639386867, 1, Diamondprox, 2043, 1555140, 1)
INSERT INTO interacts VALUES(946639386867, 1, Cris, 1056, 1561144, 0)
INSERT INTO interacts VALUES(946639386867, 1, Shiphtur, 3003, 1561828, 1)
INSERT INTO interacts VALUES(946639386867, 1, Cris, 1011, 1562452, 1)
INSERT INTO interacts VALUES(946639386867, 1, Cris, 1058, 1564014, 1)
INSERT INTO interacts VALUES(946639386867, 1, Bodydrop, 2043, 1576339, 1)
INSERT INTO interacts VALUES(946639386867, 1, Bodydrop, 2043, 1576502, 1)
INSERT INTO interacts VALUES(946639386867, 1, Bodydrop, 3364, 1577766, 1)
INSERT INTO interacts VALUES(946639386867, 1, RF Legendary, 3156, 1581835, 1)
INSERT INTO interacts VALUES(946639386867, 1, ShorterACE, 3024, 1609961, 1)
INSERT INTO interacts VALUES(946639386867, 1, ShorterACE, 2043, 1611670, 1)
INSERT INTO interacts VALUES(946639386867, 1, Roar, 3155, 1692386, 1)
INSERT INTO interacts VALUES(946639386867, 1, Cris, 3116, 1692645, 1)
INSERT INTO interacts VALUES(946639386867, 1, Shiphtur, 1026, 1692813, 1)
INSERT INTO interacts VALUES(946639386867, 1, Roar, 1055, 1693830, 0)
INSERT INTO interacts VALUES(946639386867, 1, Shiphtur, 2043, 1693994, 1)
INSERT INTO interacts VALUES(946639386867, 1, Shiphtur, 2139, 1694202, 1)
INSERT INTO interacts VALUES(946639386867, 1, KonKwon, 3222, 1694326, 1)
INSERT INTO interacts VALUES(946639386867, 1, KonKwon, 2043, 1694963, 1)
INSERT INTO interacts VALUES(946639386867, 1, KonKwon, 2043, 1695094, 1)
INSERT INTO interacts VALUES(946639386867, 1, RF Legendary, 2043, 1695486, 1)
INSERT INTO interacts VALUES(946639386867, 1, Roar, 3134, 1695588, 1)
INSERT INTO interacts VALUES(946639386867, 1, KonKwon, 1028, 1697660, 1)
INSERT INTO interacts VALUES(946639386867, 1, Diamondprox, 3052, 1697726, 1)
INSERT INTO interacts VALUES(946639386867, 1, Cris, 1026, 1700670, 1)
INSERT INTO interacts VALUES(946639386867, 1, KonKwon, 3067, 1702841, 1)
INSERT INTO interacts VALUES(946639386867, 1, deftly, 3158, 1708817, 1)
INSERT INTO interacts VALUES(946639386867, 1, deftly, 1042, 1710711, 1)
INSERT INTO interacts VALUES(946639386867, 1, Poppers OP, 1058, 1760915, 1)
INSERT INTO interacts VALUES(946639386867, 1, Bodydrop, 3105, 1782370, 1)
INSERT INTO interacts VALUES(946639386867, 1, Bodydrop, 2043, 1784434, 1)
INSERT INTO matches VALUES(946639386867, 2, 2016-06-22)
INSERT INTO competes VALUES(946639386867, ENX, True)
INSERT INTO competes VALUES(946639386867, APP, False)
INSERT INTO scores VALUES(ENX, 946639386867, 2, 1, 9, 0, 1, 1, 1)
INSERT INTO scores VALUES(APP, 946639386867, 2, 0, 4, 1, 0, 4, 0)
INSERT INTO bans VALUES(946639386867, 2, 7, 1)
INSERT INTO bans VALUES(946639386867, 2, 201, 3)
INSERT INTO bans VALUES(946639386867, 2, 60, 5)
INSERT INTO bans VALUES(946639386867, 2, 8, 2)
INSERT INTO bans VALUES(946639386867, 2, 39, 4)
INSERT INTO bans VALUES(946639386867, 2, 203, 6)
INSERT INTO plays VALUES(946639386867, 2, Cris, 48, Jungle, 2, 1, 6, 7149, 25, 3, 342, 12, 6, 17595)
INSERT INTO plays VALUES(946639386867, 2, Diamondprox, 2, Jungle, 2, 3, 5, 11635, 34, 22, 55, 81, 17, 14201)
INSERT INTO plays VALUES(946639386867, 2, Shiphtur, 112, Mid, 2, 0, 6, 20787, 24, 9, 294, 23, 0, 15049)
INSERT INTO plays VALUES(946639386867, 2, Roar, 15, Jungle, 7, 3, 6, 33714, 21, 16, 368, 42, 10, 19856)
INSERT INTO plays VALUES(946639386867, 2, KonKwon, 43, Jungle, 0, 3, 11, 2273, 61, 16, 21, 0, 1, 10825)
INSERT INTO plays VALUES(946639386867, 2, RF Legendary, 150, Jungle, 0, 2, 4, 8288, 26, 7, 304, 5, 0, 14231)
INSERT INTO plays VALUES(946639386867, 2, ShorterACE, 421, Jungle, 0, 4, 5, 9756, 33, 21, 38, 96, 22, 12537)
INSERT INTO plays VALUES(946639386867, 2, Poppers OP, 103, Mid, 5, 3, 5, 25537, 19, 4, 307, 13, 2, 15131)
INSERT INTO plays VALUES(946639386867, 2, deftly, 81, Jungle, 5, 1, 1, 31191, 11, 12, 330, 29, 5, 16782)
INSERT INTO plays VALUES(946639386867, 2, Nisker, 143, Jungle, 0, 3, 3, 11245, 49, 19, 39, 0, 0, 11015)
INSERT INTO interacts VALUES(946639386867, 2, KonKwon, 3303, 1600, 1)
INSERT INTO interacts VALUES(946639386867, 2, KonKwon, 2010, 1846, 1)
INSERT INTO interacts VALUES(946639386867, 2, KonKwon, 2010, 1977, 1)
INSERT INTO interacts VALUES(946639386867, 2, KonKwon, 2010, 2120, 1)
INSERT INTO interacts VALUES(946639386867, 2, KonKwon, 3340, 2382, 1)
INSERT INTO interacts VALUES(946639386867, 2, Shiphtur, 1056, 2642, 1)
INSERT INTO interacts VALUES(946639386867, 2, Shiphtur, 2010, 2855, 1)
INSERT INTO interacts VALUES(946639386867, 2, Nisker, 3303, 3211, 1)
INSERT INTO interacts VALUES(946639386867, 2, Shiphtur, 3340, 3309, 1)
INSERT INTO interacts VALUES(946639386867, 2, Shiphtur, 2010, 3634, 1)
INSERT INTO interacts VALUES(946639386867, 2, Nisker, 2010, 3634, 1)
INSERT INTO interacts VALUES(946639386867, 2, Nisker, 2010, 3765, 1)
INSERT INTO interacts VALUES(946639386867, 2, Nisker, 2010, 3943, 1)
INSERT INTO interacts VALUES(946639386867, 2, Nisker, 3340, 4546, 1)
INSERT INTO interacts VALUES(946639386867, 2, RF Legendary, 1055, 4676, 1)
INSERT INTO interacts VALUES(946639386867, 2, RF Legendary, 2003, 4872, 1)
INSERT INTO interacts VALUES(946639386867, 2, RF Legendary, 3340, 5132, 1)
INSERT INTO interacts VALUES(946639386867, 2, ShorterACE, 1041, 5456, 1)
INSERT INTO interacts VALUES(946639386867, 2, Diamondprox, 1039, 6045, 1)
INSERT INTO interacts VALUES(946639386867, 2, Roar, 1055, 6291, 1)
INSERT INTO interacts VALUES(946639386867, 2, Roar, 2010, 6500, 1)
INSERT INTO interacts VALUES(946639386867, 2, Roar, 3340, 6633, 1)
INSERT INTO interacts VALUES(946639386867, 2, ShorterACE, 2031, 6696, 1)
INSERT INTO interacts VALUES(946639386867, 2, Diamondprox, 2031, 6990, 1)
INSERT INTO interacts VALUES(946639386867, 2, deftly, 2010, 7025, 1)
INSERT INTO interacts VALUES(946639386867, 2, ShorterACE, 3340, 7120, 1)
INSERT INTO interacts VALUES(946639386867, 2, Poppers OP, 1056, 7285, 1)
INSERT INTO interacts VALUES(946639386867, 2, deftly, 1055, 7598, 1)
INSERT INTO interacts VALUES(946639386867, 2, Poppers OP, 2003, 7598, 1)
INSERT INTO interacts VALUES(946639386867, 2, Poppers OP, 2003, 7708, 1)
INSERT INTO interacts VALUES(946639386867, 2, Diamondprox, 3340, 7708, 1)
INSERT INTO interacts VALUES(946639386867, 2, deftly, 3340, 8066, 1)
INSERT INTO interacts VALUES(946639386867, 2, Poppers OP, 3340, 8161, 1)
INSERT INTO interacts VALUES(946639386867, 2, Cris, 2033, 10408, 1)
INSERT INTO interacts VALUES(946639386867, 2, Cris, 3340, 10763, 1)
INSERT INTO interacts VALUES(946639386867, 2, KonKwon, 1001, 209459, 1)
INSERT INTO interacts VALUES(946639386867, 2, Roar, 1083, 209556, 1)
INSERT INTO interacts VALUES(946639386867, 2, KonKwon, 2043, 210687, 1)
INSERT INTO interacts VALUES(946639386867, 2, Roar, 2010, 211239, 1)
INSERT INTO interacts VALUES(946639386867, 2, Nisker, 1028, 225146, 1)
INSERT INTO interacts VALUES(946639386867, 2, deftly, 1083, 225190, 1)
INSERT INTO interacts VALUES(946639386867, 2, deftly, 2010, 225633, 1)
INSERT INTO interacts VALUES(946639386867, 2, Diamondprox, 3158, 262634, 1)
INSERT INTO interacts VALUES(946639386867, 2, Diamondprox, 3711, 266484, 1)
INSERT INTO interacts VALUES(946639386867, 2, Diamondprox, 1028, 269623, 1)
INSERT INTO interacts VALUES(946639386867, 2, Cris, 1083, 274079, 1)
INSERT INTO interacts VALUES(946639386867, 2, Cris, 1036, 275174, 1)
INSERT INTO interacts VALUES(946639386867, 2, Cris, 2043, 277697, 1)
INSERT INTO interacts VALUES(946639386867, 2, RF Legendary, 1055, 289292, 1)
INSERT INTO interacts VALUES(946639386867, 2, RF Legendary, 1029, 291923, 1)
INSERT INTO interacts VALUES(946639386867, 2, RF Legendary, 2003, 292284, 1)
INSERT INTO interacts VALUES(946639386867, 2, RF Legendary, 2043, 292846, 1)
INSERT INTO interacts VALUES(946639386867, 2, RF Legendary, 2003, 293139, 1)
INSERT INTO interacts VALUES(946639386867, 2, ShorterACE, 3751, 340638, 1)
INSERT INTO interacts VALUES(946639386867, 2, Shiphtur, 3196, 340900, 1)
INSERT INTO interacts VALUES(946639386867, 2, ShorterACE, 1001, 342076, 1)
INSERT INTO interacts VALUES(946639386867, 2, Shiphtur, 2043, 342629, 1)
INSERT INTO interacts VALUES(946639386867, 2, deftly, 3070, 344127, 1)
INSERT INTO interacts VALUES(946639386867, 2, Shiphtur, 2031, 344160, 1)
INSERT INTO interacts VALUES(946639386867, 2, Nisker, 3341, 344324, 1)
INSERT INTO interacts VALUES(946639386867, 2, Nisker, 2049, 352625, 1)
INSERT INTO interacts VALUES(946639386867, 2, Nisker, 2043, 353700, 1)
INSERT INTO interacts VALUES(946639386867, 2, Poppers OP, 3802, 359781, 1)
INSERT INTO interacts VALUES(946639386867, 2, Poppers OP, 1056, 360800, 1)
INSERT INTO interacts VALUES(946639386867, 2, Poppers OP, 2043, 361697, 1)
INSERT INTO interacts VALUES(946639386867, 2, Poppers OP, 2003, 362053, 1)
INSERT INTO interacts VALUES(946639386867, 2, Poppers OP, 2003, 363190, 1)
INSERT INTO interacts VALUES(946639386867, 2, KonKwon, 1028, 383520, 1)
INSERT INTO interacts VALUES(946639386867, 2, KonKwon, 2043, 383883, 1)
INSERT INTO interacts VALUES(946639386867, 2, Roar, 3006, 386328, 1)
INSERT INTO interacts VALUES(946639386867, 2, RF Legendary, 1001, 391553, 1)
INSERT INTO interacts VALUES(946639386867, 2, Cris, 1036, 395035, 1)
INSERT INTO interacts VALUES(946639386867, 2, Diamondprox, 1001, 402201, 1)
INSERT INTO interacts VALUES(946639386867, 2, Diamondprox, 2032, 405320, 1)
INSERT INTO interacts VALUES(946639386867, 2, Nisker, 1004, 408739, 1)
INSERT INTO interacts VALUES(946639386867, 2, Diamondprox, 2043, 412135, 1)
INSERT INTO interacts VALUES(946639386867, 2, ShorterACE, 3711, 461058, 1)
INSERT INTO interacts VALUES(946639386867, 2, ShorterACE, 3341, 461517, 1)
INSERT INTO interacts VALUES(946639386867, 2, Cris, 3077, 495236, 1)
INSERT INTO interacts VALUES(946639386867, 2, Roar, 1036, 501141, 1)
INSERT INTO interacts VALUES(946639386867, 2, Roar, 1036, 501309, 1)
INSERT INTO interacts VALUES(946639386867, 2, KonKwon, 2049, 505526, 1)
INSERT INTO interacts VALUES(946639386867, 2, KonKwon, 2043, 505822, 1)
INSERT INTO interacts VALUES(946639386867, 2, KonKwon, 2043, 505972, 1)
INSERT INTO interacts VALUES(946639386867, 2, KonKwon, 3341, 506235, 1)
INSERT INTO interacts VALUES(946639386867, 2, Shiphtur, 3197, 516327, 1)
INSERT INTO interacts VALUES(946639386867, 2, Shiphtur, 2043, 516831, 1)
INSERT INTO interacts VALUES(946639386867, 2, Poppers OP, 3108, 541236, 1)
INSERT INTO interacts VALUES(946639386867, 2, Poppers OP, 1001, 542336, 1)
INSERT INTO interacts VALUES(946639386867, 2, Poppers OP, 2003, 546944, 1)
INSERT INTO interacts VALUES(946639386867, 2, deftly, 3057, 549718, 1)
INSERT INTO interacts VALUES(946639386867, 2, deftly, 2010, 552630, 0)
INSERT INTO interacts VALUES(946639386867, 2, deftly, 1001, 563482, 1)
INSERT INTO interacts VALUES(946639386867, 2, RF Legendary, 3044, 584416, 1)
INSERT INTO interacts VALUES(946639386867, 2, Nisker, 3098, 595252, 1)
INSERT INTO interacts VALUES(946639386867, 2, Nisker, 1001, 597443, 1)
INSERT INTO interacts VALUES(946639386867, 2, KonKwon, 2043, 603255, 1)
INSERT INTO interacts VALUES(946639386867, 2, KonKwon, 1004, 603596, 1)
INSERT INTO interacts VALUES(946639386867, 2, ShorterACE, 1409, 621556, 1)
INSERT INTO interacts VALUES(946639386867, 2, ShorterACE, 1028, 622903, 1)
INSERT INTO interacts VALUES(946639386867, 2, ShorterACE, 2043, 624706, 1)
INSERT INTO interacts VALUES(946639386867, 2, Diamondprox, 1409, 634226, 1)
INSERT INTO interacts VALUES(946639386867, 2, Diamondprox, 3341, 637880, 1)
INSERT INTO interacts VALUES(946639386867, 2, Diamondprox, 2043, 639235, 1)
INSERT INTO interacts VALUES(946639386867, 2, RF Legendary, 3047, 706240, 1)
INSERT INTO interacts VALUES(946639386867, 2, RF Legendary, 2043, 707084, 1)
INSERT INTO interacts VALUES(946639386867, 2, RF Legendary, 2003, 707912, 1)
INSERT INTO interacts VALUES(946639386867, 2, Poppers OP, 3020, 710396, 1)
INSERT INTO interacts VALUES(946639386867, 2, ShorterACE, 1029, 710537, 1)
INSERT INTO interacts VALUES(946639386867, 2, Poppers OP, 2003, 710967, 1)
INSERT INTO interacts VALUES(946639386867, 2, Poppers OP, 2003, 711108, 1)
INSERT INTO interacts VALUES(946639386867, 2, KonKwon, 3098, 711429, 1)
INSERT INTO interacts VALUES(946639386867, 2, KonKwon, 2043, 712831, 1)
INSERT INTO interacts VALUES(946639386867, 2, Roar, 1038, 714522, 1)
INSERT INTO interacts VALUES(946639386867, 2, Poppers OP, 3363, 715147, 1)
INSERT INTO interacts VALUES(946639386867, 2, Cris, 3047, 763027, 1)
INSERT INTO interacts VALUES(946639386867, 2, Cris, 1036, 766195, 1)
INSERT INTO interacts VALUES(946639386867, 2, Cris, 2043, 769674, 1)
INSERT INTO interacts VALUES(946639386867, 2, Shiphtur, 1058, 785490, 1)
INSERT INTO interacts VALUES(946639386867, 2, Shiphtur, 1001, 787197, 1)
INSERT INTO interacts VALUES(946639386867, 2, Diamondprox, 3047, 788660, 1)
INSERT INTO interacts VALUES(946639386867, 2, Diamondprox, 2043, 789309, 1)
INSERT INTO interacts VALUES(946639386867, 2, Diamondprox, 3364, 789862, 1)
INSERT INTO interacts VALUES(946639386867, 2, deftly, 3004, 813692, 1)
INSERT INTO interacts VALUES(946639386867, 2, Nisker, 3009, 819495, 1)
INSERT INTO interacts VALUES(946639386867, 2, Nisker, 2043, 821283, 1)
INSERT INTO interacts VALUES(946639386867, 2, Roar, 1083, 860514, 0)
INSERT INTO interacts VALUES(946639386867, 2, Roar, 3508, 861007, 1)
INSERT INTO interacts VALUES(946639386867, 2, Roar, 2010, 865809, 1)
INSERT INTO interacts VALUES(946639386867, 2, Roar, 2010, 865942, 1)
INSERT INTO interacts VALUES(946639386867, 2, Roar, 2043, 867772, 1)
INSERT INTO interacts VALUES(946639386867, 2, Roar, 3363, 868803, 1)
INSERT INTO interacts VALUES(946639386867, 2, ShorterACE, 3009, 919540, 1)
INSERT INTO interacts VALUES(946639386867, 2, ShorterACE, 1029, 923303, 1)
INSERT INTO interacts VALUES(946639386867, 2, ShorterACE, 3364, 924228, 1)
INSERT INTO interacts VALUES(946639386867, 2, KonKwon, 2301, 924393, 1)
INSERT INTO interacts VALUES(946639386867, 2, KonKwon, 2043, 924824, 1)
INSERT INTO interacts VALUES(946639386867, 2, Poppers OP, 3165, 929096, 1)
INSERT INTO interacts VALUES(946639386867, 2, Poppers OP, 2043, 929729, 1)
INSERT INTO interacts VALUES(946639386867, 2, Poppers OP, 2003, 930005, 1)
INSERT INTO interacts VALUES(946639386867, 2, RF Legendary, 3751, 936757, 1)
INSERT INTO interacts VALUES(946639386867, 2, RF Legendary, 1029, 938532, 1)
INSERT INTO interacts VALUES(946639386867, 2, Diamondprox, 1057, 952061, 1)
INSERT INTO interacts VALUES(946639386867, 2, Diamondprox, 2043, 952955, 1)
INSERT INTO interacts VALUES(946639386867, 2, Nisker, 2301, 962957, 1)
INSERT INTO interacts VALUES(946639386867, 2, Nisker, 2043, 965102, 1)
INSERT INTO interacts VALUES(946639386867, 2, Nisker, 2010, 965334, 1)
INSERT INTO interacts VALUES(946639386867, 2, Nisker, 2043, 967040, 1)
INSERT INTO interacts VALUES(946639386867, 2, KonKwon, 3158, 1041724, 1)
INSERT INTO interacts VALUES(946639386867, 2, Roar, 1051, 1054389, 1)
INSERT INTO interacts VALUES(946639386867, 2, Roar, 1042, 1054664, 1)
INSERT INTO interacts VALUES(946639386867, 2, Roar, 1042, 1064465, 1)
INSERT INTO interacts VALUES(946639386867, 2, Cris, 3074, 1103437, 1)
INSERT INTO interacts VALUES(946639386867, 2, Cris, 2043, 1104725, 1)
INSERT INTO interacts VALUES(946639386867, 2, Shiphtur, 3116, 1109936, 1)
INSERT INTO interacts VALUES(946639386867, 2, Shiphtur, 2043, 1111348, 1)
INSERT INTO interacts VALUES(946639386867, 2, Diamondprox, 1031, 1111614, 1)
INSERT INTO interacts VALUES(946639386867, 2, RF Legendary, 1031, 1117513, 1)
INSERT INTO interacts VALUES(946639386867, 2, KonKwon, 2043, 1118110, 1)
INSERT INTO interacts VALUES(946639386867, 2, KonKwon, 1004, 1118977, 1)
INSERT INTO interacts VALUES(946639386867, 2, KonKwon, 1006, 1120889, 1)
INSERT INTO interacts VALUES(946639386867, 2, deftly, 3025, 1135810, 1)
INSERT INTO interacts VALUES(946639386867, 2, deftly, 3158, 1137512, 1)
INSERT INTO interacts VALUES(946639386867, 2, deftly, 3363, 1138046, 1)
INSERT INTO interacts VALUES(946639386867, 2, Poppers OP, 1058, 1138183, 1)
INSERT INTO interacts VALUES(946639386867, 2, deftly, 2043, 1138758, 1)
INSERT INTO interacts VALUES(946639386867, 2, Poppers OP, 2003, 1139287, 1)
INSERT INTO interacts VALUES(946639386867, 2, Poppers OP, 2003, 1139450, 1)
INSERT INTO interacts VALUES(946639386867, 2, Nisker, 3801, 1145954, 1)
INSERT INTO interacts VALUES(946639386867, 2, Nisker, 2010, 1147439, 1)
INSERT INTO interacts VALUES(946639386867, 2, ShorterACE, 1011, 1157762, 1)
INSERT INTO interacts VALUES(946639386867, 2, ShorterACE, 3082, 1159438, 1)
INSERT INTO interacts VALUES(946639386867, 2, ShorterACE, 2043, 1159898, 1)
INSERT INTO interacts VALUES(946639386867, 2, Cris, 3024, 1231682, 1)
INSERT INTO interacts VALUES(946639386867, 2, Cris, 1027, 1237900, 1)
INSERT INTO interacts VALUES(946639386867, 2, Diamondprox, 2043, 1258325, 1)
INSERT INTO interacts VALUES(946639386867, 2, KonKwon, 3801, 1271665, 1)
INSERT INTO interacts VALUES(946639386867, 2, KonKwon, 2043, 1272999, 1)
INSERT INTO interacts VALUES(946639386867, 2, KonKwon, 1028, 1273418, 1)
INSERT INTO interacts VALUES(946639386867, 2, Roar, 3046, 1278720, 1)
INSERT INTO interacts VALUES(946639386867, 2, KonKwon, 2043, 1278841, 1)
INSERT INTO interacts VALUES(946639386867, 2, Roar, 2010, 1279631, 1)
INSERT INTO interacts VALUES(946639386867, 2, Roar, 2043, 1279869, 1)
INSERT INTO interacts VALUES(946639386867, 2, Roar, 2010, 1280133, 1)
INSERT INTO interacts VALUES(946639386867, 2, RF Legendary, 3068, 1295977, 1)
INSERT INTO interacts VALUES(946639386867, 2, RF Legendary, 2043, 1297792, 1)
INSERT INTO interacts VALUES(946639386867, 2, Cris, 1083, 1301615, 0)
INSERT INTO interacts VALUES(946639386867, 2, ShorterACE, 3143, 1301648, 1)
INSERT INTO interacts VALUES(946639386867, 2, Cris, 1028, 1303668, 1)
INSERT INTO interacts VALUES(946639386867, 2, Shiphtur, 3198, 1311921, 1)
INSERT INTO interacts VALUES(946639386867, 2, Shiphtur, 2043, 1312978, 1)
INSERT INTO interacts VALUES(946639386867, 2, Poppers OP, 2003, 1320934, 0)
INSERT INTO interacts VALUES(946639386867, 2, Poppers OP, 2003, 1321106, 0)
INSERT INTO interacts VALUES(946639386867, 2, Poppers OP, 1026, 1322757, 1)
INSERT INTO interacts VALUES(946639386867, 2, Nisker, 1033, 1322880, 1)
INSERT INTO interacts VALUES(946639386867, 2, deftly, 1053, 1323637, 1)
INSERT INTO interacts VALUES(946639386867, 2, Nisker, 2043, 1325956, 1)
INSERT INTO interacts VALUES(946639386867, 2, Cris, 3211, 1396491, 1)
INSERT INTO interacts VALUES(946639386867, 2, Diamondprox, 3026, 1401916, 1)
INSERT INTO interacts VALUES(946639386867, 2, ShorterACE, 1033, 1403328, 1)
INSERT INTO interacts VALUES(946639386867, 2, Diamondprox, 3067, 1407216, 1)
INSERT INTO interacts VALUES(946639386867, 2, Poppers OP, 1056, 1414259, 0)
INSERT INTO interacts VALUES(946639386867, 2, Shiphtur, 3158, 1419187, 1)
INSERT INTO interacts VALUES(946639386867, 2, KonKwon, 1033, 1420333, 1)
INSERT INTO interacts VALUES(946639386867, 2, KonKwon, 3801, 1420672, 1)
INSERT INTO interacts VALUES(946639386867, 2, KonKwon, 2043, 1421010, 1)
INSERT INTO interacts VALUES(946639386867, 2, RF Legendary, 3211, 1426558, 1)
INSERT INTO interacts VALUES(946639386867, 2, Roar, 1037, 1428022, 1)
INSERT INTO interacts VALUES(946639386867, 2, RF Legendary, 1055, 1429090, 0)
INSERT INTO interacts VALUES(946639386867, 2, Shiphtur, 1052, 1429675, 1)
INSERT INTO interacts VALUES(946639386867, 2, RF Legendary, 2043, 1430701, 1)
INSERT INTO interacts VALUES(946639386867, 2, Roar, 2010, 1430956, 1)
INSERT INTO interacts VALUES(946639386867, 2, Nisker, 3105, 1446998, 1)
INSERT INTO interacts VALUES(946639386867, 2, Nisker, 1052, 1447779, 1)
INSERT INTO interacts VALUES(946639386867, 2, deftly, 3144, 1448225, 1)
INSERT INTO interacts VALUES(946639386867, 2, Nisker, 2010, 1449847, 1)
INSERT INTO interacts VALUES(946639386867, 2, deftly, 1083, 1449965, 0)
INSERT INTO interacts VALUES(946639386867, 2, deftly, 1043, 1451549, 1)
INSERT INTO interacts VALUES(946639386867, 2, Poppers OP, 3089, 1472886, 1)
INSERT INTO interacts VALUES(946639386867, 2, ShorterACE, 3211, 1490443, 1)
INSERT INTO interacts VALUES(946639386867, 2, ShorterACE, 2043, 1491398, 1)
INSERT INTO interacts VALUES(946639386867, 2, Cris, 3057, 1518536, 1)
INSERT INTO interacts VALUES(946639386867, 2, RF Legendary, 1055, 1548729, 0)
INSERT INTO interacts VALUES(946639386867, 2, RF Legendary, 3065, 1549733, 1)
INSERT INTO interacts VALUES(946639386867, 2, RF Legendary, 2043, 1550559, 1)
INSERT INTO interacts VALUES(946639386867, 2, KonKwon, 3105, 1563696, 1)
INSERT INTO interacts VALUES(946639386867, 2, KonKwon, 3364, 1564036, 1)
INSERT INTO interacts VALUES(946639386867, 2, deftly, 3153, 1564135, 1)
INSERT INTO interacts VALUES(946639386867, 2, Nisker, 3364, 1564168, 1)
INSERT INTO interacts VALUES(946639386867, 2, Nisker, 2043, 1565445, 1)
INSERT INTO interacts VALUES(946639386867, 2, deftly, 2043, 1565974, 1)
INSERT INTO interacts VALUES(946639386867, 2, Nisker, 3108, 1568004, 1)
INSERT INTO interacts VALUES(946639386867, 2, Shiphtur, 2031, 1569465, 0)
INSERT INTO interacts VALUES(946639386867, 2, Shiphtur, 1026, 1571022, 1)
INSERT INTO interacts VALUES(946639386867, 2, ShorterACE, 2031, 1577413, 0)
INSERT INTO interacts VALUES(946639386867, 2, ShorterACE, 1028, 1577904, 1)
INSERT INTO interacts VALUES(946639386867, 2, ShorterACE, 2043, 1578350, 1)
INSERT INTO interacts VALUES(946639386867, 2, Roar, 1038, 1589149, 1)
INSERT INTO interacts VALUES(946639386867, 2, Cris, 3025, 1591848, 1)
INSERT INTO interacts VALUES(946639386867, 2, Diamondprox, 1011, 1595085, 1)
INSERT INTO interacts VALUES(946639386867, 2, KonKwon, 1028, 1681023, 1)
INSERT INTO interacts VALUES(946639386867, 2, KonKwon, 2043, 1681414, 1)
INSERT INTO interacts VALUES(946639386867, 2, KonKwon, 2043, 1681542, 1)
INSERT INTO interacts VALUES(946639386867, 2, Cris, 3067, 1688093, 1)
INSERT INTO interacts VALUES(946639386867, 2, ShorterACE, 3067, 1718691, 1)
INSERT INTO interacts VALUES(946639386867, 2, ShorterACE, 2043, 1752181, 1)
INSERT INTO interacts VALUES(946639386867, 2, Roar, 3031, 1766997, 1)
INSERT INTO interacts VALUES(946639386867, 2, KonKwon, 3190, 1788862, 1)
INSERT INTO interacts VALUES(946639386867, 2, Diamondprox, 3083, 1815364, 1)
INSERT INTO interacts VALUES(946639386867, 2, Diamondprox, 2043, 1816312, 1)
INSERT INTO interacts VALUES(946639386867, 2, Diamondprox, 2043, 1816477, 1)
INSERT INTO interacts VALUES(946639386867, 2, Nisker, 3060, 1821945, 1)
INSERT INTO interacts VALUES(946639386867, 2, Nisker, 1028, 1825102, 1)
INSERT INTO interacts VALUES(946639386867, 2, Nisker, 2043, 1826422, 1)
INSERT INTO interacts VALUES(946639386867, 2, Nisker, 2043, 1826585, 1)
INSERT INTO interacts VALUES(946639386867, 2, Shiphtur, 3135, 1828873, 1)
INSERT INTO interacts VALUES(946639386867, 2, Shiphtur, 2043, 1829861, 1)
INSERT INTO interacts VALUES(946639386867, 2, Shiphtur, 3363, 1832093, 1)
INSERT INTO interacts VALUES(946639386867, 2, KonKwon, 2043, 1832772, 1)
INSERT INTO interacts VALUES(946639386867, 2, Cris, 3065, 1833789, 1)
INSERT INTO interacts VALUES(946639386867, 2, Cris, 2043, 1835248, 1)
INSERT INTO interacts VALUES(946639386867, 2, Roar, 1036, 1835556, 1)
INSERT INTO interacts VALUES(946639386867, 2, deftly, 3035, 1852467, 1)
INSERT INTO interacts VALUES(946639386867, 2, deftly, 1055, 1853831, 0)
INSERT INTO interacts VALUES(946639386867, 2, deftly, 3123, 1855539, 1)
INSERT INTO interacts VALUES(946639386867, 2, Poppers OP, 1056, 1869172, 0)
INSERT INTO interacts VALUES(946639386867, 2, Poppers OP, 3135, 1870395, 1)
INSERT INTO interacts VALUES(946639386867, 2, RF Legendary, 1011, 1871961, 1)
INSERT INTO interacts VALUES(946639386867, 2, Poppers OP, 2003, 1872027, 1)
INSERT INTO interacts VALUES(946639386867, 2, RF Legendary, 2043, 1873677, 1)
INSERT INTO interacts VALUES(946639386867, 2, ShorterACE, 3065, 1876834, 1)
INSERT INTO interacts VALUES(946639386867, 2, ShorterACE, 2043, 1877805, 1)
INSERT INTO interacts VALUES(946639386867, 2, Roar, 3155, 1909561, 1)
INSERT INTO interacts VALUES(946639386867, 2, Cris, 1011, 1974753, 1)
INSERT INTO interacts VALUES(946639386867, 2, RF Legendary, 3082, 1986357, 1)
INSERT INTO interacts VALUES(946639386867, 2, Nisker, 1052, 2011792, 1)
INSERT INTO interacts VALUES(946639386867, 2, Nisker, 2043, 2014643, 1)
INSERT INTO interacts VALUES(946639386867, 2, KonKwon, 3114, 2047278, 1)
INSERT INTO interacts VALUES(946639386867, 2, KonKwon, 2043, 2047591, 1)
INSERT INTO interacts VALUES(946639386867, 2, deftly, 3033, 2063063, 1)
INSERT INTO interacts VALUES(946639386867, 2, Roar, 1055, 2067307, 0)
INSERT INTO interacts VALUES(946639386867, 2, ShorterACE, 1029, 2067748, 1)
INSERT INTO interacts VALUES(946639386867, 2, ShorterACE, 1029, 2067888, 1)
INSERT INTO interacts VALUES(946639386867, 2, Roar, 3134, 2068892, 1)
INSERT INTO interacts VALUES(946639386867, 2, Shiphtur, 1056, 2069660, 0)
INSERT INTO interacts VALUES(946639386867, 2, Shiphtur, 1058, 2071002, 1)
INSERT INTO interacts VALUES(946639386867, 2, Shiphtur, 2043, 2072463, 1)
INSERT INTO interacts VALUES(946639386867, 2, deftly, 1033, 2074909, 1)
INSERT INTO interacts VALUES(946639386867, 2, Diamondprox, 3211, 2084336, 1)
INSERT INTO interacts VALUES(946639386867, 2, Cris, 2033, 2084857, 0)
INSERT INTO interacts VALUES(946639386867, 2, Cris, 3082, 2086555, 1)
INSERT INTO interacts VALUES(946639386867, 2, RF Legendary, 3143, 2126077, 1)
INSERT INTO interacts VALUES(946639386867, 2, Nisker, 3136, 2174102, 1)
INSERT INTO interacts VALUES(946639386867, 2, Nisker, 2043, 2175122, 1)
INSERT INTO interacts VALUES(946639386867, 2, Nisker, 2043, 2175287, 1)
INSERT INTO interacts VALUES(946639386867, 2, Poppers OP, 1058, 2222807, 1)
INSERT INTO interacts VALUES(946639386867, 2, deftly, 3155, 2224846, 1)
INSERT INTO interacts VALUES(946639386867, 2, RF Legendary, 1033, 2225598, 1)
INSERT INTO interacts VALUES(946639386867, 2, KonKwon, 3114, 2228054, 1)
INSERT INTO interacts VALUES(946639386867, 2, KonKwon, 2043, 2228349, 1)
INSERT INTO interacts VALUES(946639386867, 2, KonKwon, 2043, 2228486, 1)
INSERT INTO interacts VALUES(946639386867, 2, Diamondprox, 2032, 2239293, 0)
INSERT INTO interacts VALUES(946639386867, 2, Nisker, 2043, 2241877, 1)
INSERT INTO interacts VALUES(946639386867, 2, ShorterACE, 1031, 2242567, 1)
INSERT INTO interacts VALUES(946639386867, 2, KonKwon, 3113, 2247785, 1)
INSERT INTO interacts VALUES(946639386867, 2, KonKwon, 2043, 2248681, 1)
INSERT INTO interacts VALUES(946639386867, 2, KonKwon, 2043, 2248789, 1)
INSERT INTO interacts VALUES(946639386867, 2, deftly, 2140, 2255123, 1)
INSERT INTO interacts VALUES(946639386867, 2, Cris, 3143, 2269771, 1)
INSERT INTO interacts VALUES(946639386867, 2, Cris, 1031, 2271572, 1)
INSERT INTO interacts VALUES(946639386867, 2, Cris, 2138, 2272981, 1)
INSERT INTO interacts VALUES(946639386867, 2, Shiphtur, 3057, 2274860, 1)
INSERT INTO interacts VALUES(946639386867, 2, ShorterACE, 2138, 2274901, 1)
INSERT INTO interacts VALUES(946639386867, 2, Roar, 3156, 2275785, 1)
INSERT INTO interacts VALUES(946639386867, 2, Shiphtur, 2139, 2276580, 1)
INSERT INTO interacts VALUES(946639386867, 2, Roar, 1038, 2283352, 1)
INSERT INTO interacts VALUES(946639386867, 2, Diamondprox, 3065, 2290630, 1)
INSERT INTO interacts VALUES(946639386867, 2, KonKwon, 3504, 2293987, 1)
INSERT INTO interacts VALUES(946639386867, 2, Poppers OP, 2139, 2327383, 1)
INSERT INTO interacts VALUES(946639386867, 2, Nisker, 1026, 2362190, 1)
INSERT INTO interacts VALUES(946639386867, 2, Nisker, 2043, 2363039, 1)
INSERT INTO interacts VALUES(946639386867, 2, Cris, 2138, 2559024, 1)
INSERT INTO interacts VALUES(946639386867, 2, Nisker, 3151, 2566112, 1)
INSERT INTO interacts VALUES(946639386867, 2, KonKwon, 2043, 2582995, 1)
INSERT INTO interacts VALUES(946639386867, 2, KonKwon, 2043, 2583068, 1)
INSERT INTO interacts VALUES(946639386867, 2, Poppers OP, 1056, 2587388, 0)
INSERT INTO interacts VALUES(946639386867, 2, Poppers OP, 3113, 2593107, 1)
INSERT INTO interacts VALUES(946639386867, 2, RF Legendary, 3155, 2599286, 1)
INSERT INTO series VALUES(
                    Game 1 of 2
                  )
INSERT INTO organizes VALUES(946639386867)
INSERT INTO matches VALUES(1076689874888, 1, 2016-06-29)
INSERT INTO competes VALUES(1076689874888, DT, True)
INSERT INTO competes VALUES(1076689874888, TLA, False)
INSERT INTO scores VALUES(DT, 1076689874888, 1, 0, 4, 1, 0, 3, 0)
INSERT INTO scores VALUES(TLA, 1076689874888, 1, 4, 11, 0, 3, 3, 1)
INSERT INTO bans VALUES(1076689874888, 1, 268, 1)
INSERT INTO bans VALUES(1076689874888, 1, 48, 3)
INSERT INTO bans VALUES(1076689874888, 1, 13, 5)
INSERT INTO bans VALUES(1076689874888, 1, 8, 2)
INSERT INTO bans VALUES(1076689874888, 1, 76, 4)
INSERT INTO bans VALUES(1076689874888, 1, 120, 6)
INSERT INTO plays VALUES(1076689874888, 1, Chorong, 68, Jungle, 1, 4, 9, 37525, 33, 8, 384, 15, 2, 18387)
INSERT INTO plays VALUES(1076689874888, 1, Akaadian, 421, Jungle, 4, 4, 3, 15343, 52, 23, 76, 114, 32, 16293)
INSERT INTO plays VALUES(1076689874888, 1, Pekin Woof, 43, Mid, 0, 4, 8, 24336, 24, 17, 325, 8, 0, 16016)
INSERT INTO plays VALUES(1076689874888, 1, Massacre, 15, Jungle, 5, 1, 2, 28287, 21, 11, 553, 20, 4, 23077)
INSERT INTO plays VALUES(1076689874888, 1, Norskeren, 201, Jungle, 0, 5, 6, 5165, 79, 19, 69, 3, 0, 11949)
INSERT INTO plays VALUES(1076689874888, 1, Solo, 98, Jungle, 5, 1, 11, 15672, 28, 6, 405, 8, 2, 22004)
INSERT INTO plays VALUES(1076689874888, 1, Moon, 104, Jungle, 3, 1, 8, 14516, 35, 37, 175, 102, 55, 20576)
INSERT INTO plays VALUES(1076689874888, 1, Goldenglue, 69, Mid, 3, 1, 9, 27650, 26, 10, 344, 30, 18, 20429)
INSERT INTO plays VALUES(1076689874888, 1, Piglet, 236, Jungle, 7, 4, 7, 32139, 20, 20, 381, 21, 10, 22224)
INSERT INTO plays VALUES(1076689874888, 1, Stunt, 267, Jungle, 0, 3, 13, 3807, 61, 18, 21, 0, 0, 13703)
INSERT INTO interacts VALUES(1076689874888, 1, Goldenglue, 1056, 1452, 1)
INSERT INTO interacts VALUES(1076689874888, 1, Piglet, 1055, 1711, 1)
INSERT INTO interacts VALUES(1076689874888, 1, Goldenglue, 2003, 1713, 1)
INSERT INTO interacts VALUES(1076689874888, 1, Goldenglue, 2003, 1855, 1)
INSERT INTO interacts VALUES(1076689874888, 1, Piglet, 2010, 1905, 1)
INSERT INTO interacts VALUES(1076689874888, 1, Piglet, 3340, 2067, 1)
INSERT INTO interacts VALUES(1076689874888, 1, Akaadian, 1041, 2230, 1)
INSERT INTO interacts VALUES(1076689874888, 1, Massacre, 1055, 2491, 1)
INSERT INTO interacts VALUES(1076689874888, 1, Norskeren, 3302, 2717, 1)
INSERT INTO interacts VALUES(1076689874888, 1, Massacre, 2010, 2719, 1)
INSERT INTO interacts VALUES(1076689874888, 1, Norskeren, 2010, 2948, 1)
INSERT INTO interacts VALUES(1076689874888, 1, Massacre, 3340, 3043, 1)
INSERT INTO interacts VALUES(1076689874888, 1, Stunt, 3303, 3109, 1)
INSERT INTO interacts VALUES(1076689874888, 1, Norskeren, 2010, 3157, 1)
INSERT INTO interacts VALUES(1076689874888, 1, Norskeren, 2010, 3272, 1)
INSERT INTO interacts VALUES(1076689874888, 1, Akaadian, 2031, 3400, 1)
INSERT INTO interacts VALUES(1076689874888, 1, Stunt, 2010, 3467, 1)
INSERT INTO interacts VALUES(1076689874888, 1, Stunt, 2010, 3597, 1)
INSERT INTO interacts VALUES(1076689874888, 1, Goldenglue, 3340, 3597, 1)
INSERT INTO interacts VALUES(1076689874888, 1, Norskeren, 3340, 3677, 1)
INSERT INTO interacts VALUES(1076689874888, 1, Stunt, 2010, 3758, 1)
INSERT INTO interacts VALUES(1076689874888, 1, Pekin Woof, 1056, 3791, 1)
INSERT INTO interacts VALUES(1076689874888, 1, Akaadian, 3340, 3857, 1)
INSERT INTO interacts VALUES(1076689874888, 1, Solo, 1054, 3920, 1)
INSERT INTO interacts VALUES(1076689874888, 1, Stunt, 3340, 4085, 1)
INSERT INTO interacts VALUES(1076689874888, 1, Solo, 2003, 4120, 1)
INSERT INTO interacts VALUES(1076689874888, 1, Solo, 3340, 4279, 1)
INSERT INTO interacts VALUES(1076689874888, 1, Pekin Woof, 2010, 4538, 1)
INSERT INTO interacts VALUES(1076689874888, 1, Moon, 1041, 4701, 1)
INSERT INTO interacts VALUES(1076689874888, 1, Pekin Woof, 2010, 4766, 1)
INSERT INTO interacts VALUES(1076689874888, 1, Moon, 2031, 5505, 1)
INSERT INTO interacts VALUES(1076689874888, 1, Moon, 3340, 5810, 1)
INSERT INTO interacts VALUES(1076689874888, 1, Pekin Woof, 3340, 6236, 1)
INSERT INTO interacts VALUES(1076689874888, 1, Chorong, 2003, 6463, 1)
INSERT INTO interacts VALUES(1076689874888, 1, Chorong, 1054, 6628, 1)
INSERT INTO interacts VALUES(1076689874888, 1, Chorong, 3340, 6955, 1)
INSERT INTO interacts VALUES(1076689874888, 1, Piglet, 1083, 215130, 1)
INSERT INTO interacts VALUES(1076689874888, 1, Piglet, 1001, 216231, 1)
INSERT INTO interacts VALUES(1076689874888, 1, Stunt, 1028, 221169, 1)
INSERT INTO interacts VALUES(1076689874888, 1, Stunt, 2043, 222761, 1)
INSERT INTO interacts VALUES(1076689874888, 1, Massacre, 1083, 228792, 1)
INSERT INTO interacts VALUES(1076689874888, 1, Norskeren, 1028, 230553, 1)
INSERT INTO interacts VALUES(1076689874888, 1, Massacre, 2043, 231039, 1)
INSERT INTO interacts VALUES(1076689874888, 1, Norskeren, 2043, 233705, 1)
INSERT INTO interacts VALUES(1076689874888, 1, Chorong, 1052, 263793, 1)
INSERT INTO interacts VALUES(1076689874888, 1, Chorong, 1001, 264552, 1)
INSERT INTO interacts VALUES(1076689874888, 1, Chorong, 2043, 264940, 1)
INSERT INTO interacts VALUES(1076689874888, 1, Akaadian, 3047, 271392, 1)
INSERT INTO interacts VALUES(1076689874888, 1, Moon, 3006, 307842, 1)
INSERT INTO interacts VALUES(1076689874888, 1, Moon, 2043, 308747, 1)
INSERT INTO interacts VALUES(1076689874888, 1, Massacre, 1001, 334224, 1)
INSERT INTO interacts VALUES(1076689874888, 1, Massacre, 1036, 335547, 1)
INSERT INTO interacts VALUES(1076689874888, 1, Norskeren, 2049, 338153, 1)
INSERT INTO interacts VALUES(1076689874888, 1, Norskeren, 3341, 339099, 1)
INSERT INTO interacts VALUES(1076689874888, 1, Piglet, 1036, 348045, 1)
INSERT INTO interacts VALUES(1076689874888, 1, Piglet, 1036, 348148, 1)
INSERT INTO interacts VALUES(1076689874888, 1, Stunt, 2049, 348892, 1)
INSERT INTO interacts VALUES(1076689874888, 1, Piglet, 2010, 349380, 1)
INSERT INTO interacts VALUES(1076689874888, 1, Stunt, 3341, 350322, 1)
INSERT INTO interacts VALUES(1076689874888, 1, Stunt, 1004, 350626, 1)
INSERT INTO interacts VALUES(1076689874888, 1, Solo, 3751, 387980, 1)
INSERT INTO interacts VALUES(1076689874888, 1, Solo, 1029, 388607, 1)
INSERT INTO interacts VALUES(1076689874888, 1, Pekin Woof, 3028, 397511, 1)
INSERT INTO interacts VALUES(1076689874888, 1, Pekin Woof, 1052, 397907, 1)
INSERT INTO interacts VALUES(1076689874888, 1, Pekin Woof, 1001, 399095, 1)
INSERT INTO interacts VALUES(1076689874888, 1, Pekin Woof, 2043, 399890, 1)
INSERT INTO interacts VALUES(1076689874888, 1, Pekin Woof, 2010, 400130, 1)
INSERT INTO interacts VALUES(1076689874888, 1, Goldenglue, 3070, 404199, 1)
INSERT INTO interacts VALUES(1076689874888, 1, Goldenglue, 1057, 407897, 1)
INSERT INTO interacts VALUES(1076689874888, 1, Goldenglue, 1052, 409739, 1)
INSERT INTO interacts VALUES(1076689874888, 1, Goldenglue, 2031, 412750, 1)
INSERT INTO interacts VALUES(1076689874888, 1, Massacre, 2010, 422764, 0)
INSERT INTO interacts VALUES(1076689874888, 1, Massacre, 1036, 423432, 1)
INSERT INTO interacts VALUES(1076689874888, 1, Norskeren, 1006, 424918, 1)
INSERT INTO interacts VALUES(1076689874888, 1, Norskeren, 2043, 425639, 1)
INSERT INTO interacts VALUES(1076689874888, 1, Akaadian, 2049, 431412, 1)
INSERT INTO interacts VALUES(1076689874888, 1, Akaadian, 2043, 432662, 1)
INSERT INTO interacts VALUES(1076689874888, 1, Chorong, 3145, 435325, 1)
INSERT INTO interacts VALUES(1076689874888, 1, Chorong, 1028, 435598, 1)
INSERT INTO interacts VALUES(1076689874888, 1, Chorong, 2003, 436848, 1)
INSERT INTO interacts VALUES(1076689874888, 1, Chorong, 2043, 437114, 1)
INSERT INTO interacts VALUES(1076689874888, 1, Piglet, 3134, 530005, 1)
INSERT INTO interacts VALUES(1076689874888, 1, Piglet, 1036, 531296, 1)
INSERT INTO interacts VALUES(1076689874888, 1, Piglet, 2010, 531638, 1)
INSERT INTO interacts VALUES(1076689874888, 1, Stunt, 1001, 548477, 1)
INSERT INTO interacts VALUES(1076689874888, 1, Stunt, 2043, 549863, 1)
INSERT INTO interacts VALUES(1076689874888, 1, Stunt, 2043, 549985, 1)
INSERT INTO interacts VALUES(1076689874888, 1, Moon, 3711, 571923, 1)
INSERT INTO interacts VALUES(1076689874888, 1, Moon, 1036, 574003, 1)
INSERT INTO interacts VALUES(1076689874888, 1, Moon, 1036, 574163, 1)
INSERT INTO interacts VALUES(1076689874888, 1, Moon, 2043, 575291, 1)
INSERT INTO interacts VALUES(1076689874888, 1, Moon, 3341, 575864, 1)
INSERT INTO interacts VALUES(1076689874888, 1, Massacre, 3006, 580691, 1)
INSERT INTO interacts VALUES(1076689874888, 1, Norskeren, 1001, 582526, 1)
INSERT INTO interacts VALUES(1076689874888, 1, Norskeren, 2010, 583880, 1)
INSERT INTO interacts VALUES(1076689874888, 1, Chorong, 3020, 599623, 1)
INSERT INTO interacts VALUES(1076689874888, 1, Pekin Woof, 3174, 643095, 1)
INSERT INTO interacts VALUES(1076689874888, 1, Pekin Woof, 2043, 644130, 1)
INSERT INTO interacts VALUES(1076689874888, 1, Pekin Woof, 2010, 644339, 1)
INSERT INTO interacts VALUES(1076689874888, 1, Pekin Woof, 2010, 644480, 1)
INSERT INTO interacts VALUES(1076689874888, 1, Norskeren, 2010, 646536, 1)
INSERT INTO interacts VALUES(1076689874888, 1, Piglet, 3133, 646970, 1)
INSERT INTO interacts VALUES(1076689874888, 1, Akaadian, 3751, 648450, 1)
INSERT INTO interacts VALUES(1076689874888, 1, Stunt, 3098, 655562, 1)
INSERT INTO interacts VALUES(1076689874888, 1, Akaadian, 3341, 655730, 1)
INSERT INTO interacts VALUES(1076689874888, 1, Massacre, 3133, 661994, 1)
INSERT INTO interacts VALUES(1076689874888, 1, Solo, 3068, 667520, 1)
INSERT INTO interacts VALUES(1076689874888, 1, Solo, 1001, 668859, 1)
INSERT INTO interacts VALUES(1076689874888, 1, Goldenglue, 1058, 674427, 1)
INSERT INTO interacts VALUES(1076689874888, 1, Goldenglue, 1028, 674947, 1)
INSERT INTO interacts VALUES(1076689874888, 1, Solo, 1033, 679846, 1)
INSERT INTO interacts VALUES(1076689874888, 1, Moon, 1408, 700925, 1)
INSERT INTO interacts VALUES(1076689874888, 1, Moon, 2043, 701745, 1)
INSERT INTO interacts VALUES(1076689874888, 1, Piglet, 2010, 763765, 0)
INSERT INTO interacts VALUES(1076689874888, 1, Piglet, 2010, 763903, 0)
INSERT INTO interacts VALUES(1076689874888, 1, Chorong, 3152, 765328, 1)
INSERT INTO interacts VALUES(1076689874888, 1, Piglet, 1042, 766406, 1)
INSERT INTO interacts VALUES(1076689874888, 1, Stunt, 2043, 766904, 1)
INSERT INTO interacts VALUES(1076689874888, 1, Solo, 3111, 817885, 1)
INSERT INTO interacts VALUES(1076689874888, 1, Solo, 1028, 819608, 1)
INSERT INTO interacts VALUES(1076689874888, 1, Norskeren, 3117, 821103, 1)
INSERT INTO interacts VALUES(1076689874888, 1, Massacre, 1038, 821443, 1)
INSERT INTO interacts VALUES(1076689874888, 1, Akaadian, 3364, 824172, 1)
INSERT INTO interacts VALUES(1076689874888, 1, Norskeren, 3097, 825100, 1)
INSERT INTO interacts VALUES(1076689874888, 1, Massacre, 2010, 825300, 1)
INSERT INTO interacts VALUES(1076689874888, 1, Akaadian, 1401, 827050, 1)
INSERT INTO interacts VALUES(1076689874888, 1, Chorong, 1028, 839150, 1)
INSERT INTO interacts VALUES(1076689874888, 1, Piglet, 3142, 861688, 1)
INSERT INTO interacts VALUES(1076689874888, 1, Stunt, 3158, 862855, 1)
INSERT INTO interacts VALUES(1076689874888, 1, Piglet, 1042, 865576, 1)
INSERT INTO interacts VALUES(1076689874888, 1, Moon, 3134, 884606, 1)
INSERT INTO interacts VALUES(1076689874888, 1, Moon, 2043, 885327, 1)
INSERT INTO interacts VALUES(1076689874888, 1, Moon, 3364, 887071, 1)
INSERT INTO interacts VALUES(1076689874888, 1, Pekin Woof, 3111, 902924, 1)
INSERT INTO interacts VALUES(1076689874888, 1, Pekin Woof, 1026, 905223, 1)
INSERT INTO interacts VALUES(1076689874888, 1, Goldenglue, 3116, 906470, 1)
INSERT INTO interacts VALUES(1076689874888, 1, Pekin Woof, 2043, 906899, 1)
INSERT INTO interacts VALUES(1076689874888, 1, Pekin Woof, 3363, 907813, 1)
INSERT INTO interacts VALUES(1076689874888, 1, Goldenglue, 3363, 908042, 1)
INSERT INTO interacts VALUES(1076689874888, 1, Goldenglue, 2043, 909011, 1)
INSERT INTO interacts VALUES(1076689874888, 1, Norskeren, 1028, 963206, 1)
INSERT INTO interacts VALUES(1076689874888, 1, Norskeren, 2010, 963645, 1)
INSERT INTO interacts VALUES(1076689874888, 1, Norskeren, 2043, 963929, 1)
INSERT INTO interacts VALUES(1076689874888, 1, Piglet, 3006, 969936, 1)
INSERT INTO interacts VALUES(1076689874888, 1, Piglet, 1036, 972058, 1)
INSERT INTO interacts VALUES(1076689874888, 1, Piglet, 3363, 972864, 1)
INSERT INTO interacts VALUES(1076689874888, 1, Stunt, 1033, 982405, 1)
INSERT INTO interacts VALUES(1076689874888, 1, Chorong, 1052, 998580, 1)
INSERT INTO interacts VALUES(1076689874888, 1, Chorong, 1052, 1000528, 1)
INSERT INTO interacts VALUES(1076689874888, 1, Solo, 3211, 1009187, 1)
INSERT INTO interacts VALUES(1076689874888, 1, Solo, 2043, 1010608, 1)
INSERT INTO interacts VALUES(1076689874888, 1, Pekin Woof, 1052, 1063278, 1)
INSERT INTO interacts VALUES(1076689874888, 1, Norskeren, 3801, 1063641, 1)
INSERT INTO interacts VALUES(1076689874888, 1, Pekin Woof, 2043, 1064181, 1)
INSERT INTO interacts VALUES(1076689874888, 1, Norskeren, 2043, 1064458, 1)
INSERT INTO interacts VALUES(1076689874888, 1, Piglet, 3133, 1078856, 1)
INSERT INTO interacts VALUES(1076689874888, 1, Goldenglue, 3108, 1081144, 1)
INSERT INTO interacts VALUES(1076689874888, 1, Stunt, 1028, 1088371, 1)
INSERT INTO interacts VALUES(1076689874888, 1, Massacre, 3508, 1102011, 1)
INSERT INTO interacts VALUES(1076689874888, 1, Massacre, 1042, 1104163, 1)
INSERT INTO interacts VALUES(1076689874888, 1, Massacre, 2010, 1105618, 0)
INSERT INTO interacts VALUES(1076689874888, 1, Massacre, 1051, 1106448, 1)
INSERT INTO interacts VALUES(1076689874888, 1, Akaadian, 3052, 1106734, 1)
INSERT INTO interacts VALUES(1076689874888, 1, Akaadian, 1028, 1108018, 1)
INSERT INTO interacts VALUES(1076689874888, 1, Massacre, 3363, 1108117, 1)
INSERT INTO interacts VALUES(1076689874888, 1, Moon, 3155, 1108858, 1)
INSERT INTO interacts VALUES(1076689874888, 1, Chorong, 3136, 1115460, 1)
INSERT INTO interacts VALUES(1076689874888, 1, Chorong, 2043, 1116359, 1)
INSERT INTO interacts VALUES(1076689874888, 1, Solo, 3067, 1151218, 1)
INSERT INTO interacts VALUES(1076689874888, 1, Piglet, 1042, 1253715, 0)
INSERT INTO interacts VALUES(1076689874888, 1, Piglet, 3044, 1255441, 1)
INSERT INTO interacts VALUES(1076689874888, 1, Massacre, 3086, 1272300, 1)
INSERT INTO interacts VALUES(1076689874888, 1, Norskeren, 2303, 1272813, 1)
INSERT INTO interacts VALUES(1076689874888, 1, Massacre, 1042, 1273002, 1)
INSERT INTO interacts VALUES(1076689874888, 1, Norskeren, 1028, 1274198, 1)
INSERT INTO interacts VALUES(1076689874888, 1, Chorong, 1026, 1284645, 1)
INSERT INTO interacts VALUES(1076689874888, 1, Pekin Woof, 1058, 1294501, 1)
INSERT INTO interacts VALUES(1076689874888, 1, Solo, 3065, 1302126, 1)
INSERT INTO interacts VALUES(1076689874888, 1, Solo, 1029, 1304077, 1)
INSERT INTO interacts VALUES(1076689874888, 1, Moon, 3156, 1304669, 1)
INSERT INTO interacts VALUES(1076689874888, 1, Moon, 1036, 1305174, 1)
INSERT INTO interacts VALUES(1076689874888, 1, Solo, 2043, 1305181, 1)
INSERT INTO interacts VALUES(1076689874888, 1, Goldenglue, 1056, 1305721, 0)
INSERT INTO interacts VALUES(1076689874888, 1, Stunt, 3105, 1308182, 1)
INSERT INTO interacts VALUES(1076689874888, 1, Piglet, 3071, 1308726, 1)
INSERT INTO interacts VALUES(1076689874888, 1, Piglet, 2043, 1310168, 1)
INSERT INTO interacts VALUES(1076689874888, 1, Stunt, 1004, 1310789, 1)
INSERT INTO interacts VALUES(1076689874888, 1, Stunt, 2043, 1311795, 1)
INSERT INTO interacts VALUES(1076689874888, 1, Goldenglue, 3165, 1315536, 1)
INSERT INTO interacts VALUES(1076689874888, 1, Akaadian, 2031, 1338865, 0)
INSERT INTO interacts VALUES(1076689874888, 1, Akaadian, 3077, 1340559, 1)
INSERT INTO interacts VALUES(1076689874888, 1, Norskeren, 3067, 1370723, 1)
INSERT INTO interacts VALUES(1076689874888, 1, Norskeren, 2043, 1423839, 1)
INSERT INTO interacts VALUES(1076689874888, 1, Norskeren, 2010, 1424194, 1)
INSERT INTO interacts VALUES(1076689874888, 1, Massacre, 3087, 1428125, 1)
INSERT INTO interacts VALUES(1076689874888, 1, Akaadian, 3748, 1428327, 1)
INSERT INTO interacts VALUES(1076689874888, 1, Massacre, 2043, 1428803, 1)
INSERT INTO interacts VALUES(1076689874888, 1, Akaadian, 2043, 1429245, 1)
INSERT INTO interacts VALUES(1076689874888, 1, Piglet, 2043, 1430803, 0)
INSERT INTO interacts VALUES(1076689874888, 1, Piglet, 2015, 1432354, 1)
INSERT INTO interacts VALUES(1076689874888, 1, Chorong, 3151, 1436578, 1)
INSERT INTO interacts VALUES(1076689874888, 1, Stunt, 2301, 1440441, 1)
INSERT INTO interacts VALUES(1076689874888, 1, Stunt, 3364, 1440868, 1)
INSERT INTO interacts VALUES(1076689874888, 1, Stunt, 2043, 1441206, 1)
INSERT INTO interacts VALUES(1076689874888, 1, Solo, 3082, 1441320, 1)
INSERT INTO interacts VALUES(1076689874888, 1, Stunt, 1004, 1443203, 1)
INSERT INTO interacts VALUES(1076689874888, 1, Piglet, 2015, 1444528, 1)
INSERT INTO interacts VALUES(1076689874888, 1, Moon, 3134, 1446612, 1)
INSERT INTO interacts VALUES(1076689874888, 1, Goldenglue, 1058, 1446992, 1)
INSERT INTO interacts VALUES(1076689874888, 1, Moon, 2043, 1449343, 1)
INSERT INTO interacts VALUES(1076689874888, 1, Solo, 1028, 1449767, 1)
INSERT INTO interacts VALUES(1076689874888, 1, Goldenglue, 2031, 1451104, 0)
INSERT INTO interacts VALUES(1076689874888, 1, Goldenglue, 2043, 1451669, 1)
INSERT INTO interacts VALUES(1076689874888, 1, Chorong, 2043, 1454992, 1)
INSERT INTO interacts VALUES(1076689874888, 1, Piglet, 2015, 1456237, 1)
INSERT INTO interacts VALUES(1076689874888, 1, Pekin Woof, 3089, 1475472, 1)
INSERT INTO interacts VALUES(1076689874888, 1, Pekin Woof, 2043, 1476784, 1)
INSERT INTO interacts VALUES(1076689874888, 1, Norskeren, 1033, 1535065, 1)
INSERT INTO interacts VALUES(1076689874888, 1, Norskeren, 3364, 1535792, 1)
INSERT INTO interacts VALUES(1076689874888, 1, Chorong, 2043, 1541453, 1)
INSERT INTO interacts VALUES(1076689874888, 1, Akaadian, 3082, 1600938, 1)
INSERT INTO interacts VALUES(1076689874888, 1, Piglet, 1083, 1603195, 0)
INSERT INTO interacts VALUES(1076689874888, 1, Piglet, 3086, 1604172, 1)
INSERT INTO interacts VALUES(1076689874888, 1, Goldenglue, 3003, 1614259, 1)
INSERT INTO interacts VALUES(1076689874888, 1, Solo, 1011, 1620136, 1)
INSERT INTO interacts VALUES(1076689874888, 1, Solo, 3143, 1707882, 1)
INSERT INTO interacts VALUES(1076689874888, 1, Solo, 2043, 1708787, 1)
INSERT INTO interacts VALUES(1076689874888, 1, Norskeren, 3190, 1712797, 1)
INSERT INTO interacts VALUES(1076689874888, 1, Norskeren, 2043, 1713686, 1)
INSERT INTO interacts VALUES(1076689874888, 1, Norskeren, 2043, 1713798, 1)
INSERT INTO interacts VALUES(1076689874888, 1, Moon, 3142, 1713857, 1)
INSERT INTO interacts VALUES(1076689874888, 1, Moon, 2043, 1714654, 1)
INSERT INTO interacts VALUES(1076689874888, 1, Stunt, 3190, 1715137, 1)
INSERT INTO interacts VALUES(1076689874888, 1, Stunt, 2043, 1715892, 1)
INSERT INTO interacts VALUES(1076689874888, 1, Pekin Woof, 1026, 1721659, 1)
INSERT INTO interacts VALUES(1076689874888, 1, Pekin Woof, 2043, 1722879, 1)
INSERT INTO interacts VALUES(1076689874888, 1, Akaadian, 2138, 1729625, 1)
INSERT INTO interacts VALUES(1076689874888, 1, Piglet, 3087, 1736300, 1)
INSERT INTO interacts VALUES(1076689874888, 1, Piglet, 1033, 1737840, 1)
INSERT INTO interacts VALUES(1076689874888, 1, Massacre, 1038, 1738378, 1)
INSERT INTO interacts VALUES(1076689874888, 1, Massacre, 1083, 1739326, 0)
INSERT INTO interacts VALUES(1076689874888, 1, Massacre, 1037, 1740988, 1)
INSERT INTO interacts VALUES(1076689874888, 1, Chorong, 3135, 1793865, 1)
INSERT INTO interacts VALUES(1076689874888, 1, Norskeren, 1029, 1795884, 1)
INSERT INTO interacts VALUES(1076689874888, 1, Norskeren, 2010, 1796691, 1)
INSERT INTO interacts VALUES(1076689874888, 1, Chorong, 2043, 1828449, 1)
INSERT INTO interacts VALUES(1076689874888, 1, Goldenglue, 3108, 1830873, 1)
INSERT INTO interacts VALUES(1076689874888, 1, Moon, 3123, 1833567, 1)
INSERT INTO interacts VALUES(1076689874888, 1, Piglet, 3155, 1837811, 1)
INSERT INTO interacts VALUES(1076689874888, 1, Solo, 3101, 1845405, 1)
INSERT INTO interacts VALUES(1076689874888, 1, Stunt, 3114, 1846991, 1)
INSERT INTO interacts VALUES(1076689874888, 1, Stunt, 1052, 1848441, 1)
INSERT INTO interacts VALUES(1076689874888, 1, Piglet, 1055, 1922788, 0)
INSERT INTO interacts VALUES(1076689874888, 1, Piglet, 1038, 1923639, 1)
INSERT INTO interacts VALUES(1076689874888, 1, Solo, 1054, 1924500, 0)
INSERT INTO interacts VALUES(1076689874888, 1, Solo, 1031, 1926083, 1)
INSERT INTO interacts VALUES(1076689874888, 1, Stunt, 3113, 1927002, 1)
INSERT INTO interacts VALUES(1076689874888, 1, Stunt, 2043, 1927505, 1)
INSERT INTO interacts VALUES(1076689874888, 1, Norskeren, 1027, 1939103, 1)
INSERT INTO interacts VALUES(1076689874888, 1, Massacre, 3031, 1951276, 1)
INSERT INTO interacts VALUES(1076689874888, 1, Pekin Woof, 1052, 1951537, 1)
INSERT INTO interacts VALUES(1076689874888, 1, Massacre, 1036, 1952682, 1)
INSERT INTO interacts VALUES(1076689874888, 1, Akaadian, 1011, 1953767, 1)
INSERT INTO interacts VALUES(1076689874888, 1, Chorong, 1052, 1973984, 1)
INSERT INTO interacts VALUES(1076689874888, 1, Norskeren, 3024, 1989225, 1)
INSERT INTO interacts VALUES(1076689874888, 1, Norskeren, 2010, 2037502, 1)
INSERT INTO interacts VALUES(1076689874888, 1, Norskeren, 2043, 2037718, 1)
INSERT INTO interacts VALUES(1076689874888, 1, Chorong, 3191, 2038903, 1)
INSERT INTO interacts VALUES(1076689874888, 1, Massacre, 1053, 2040379, 1)
INSERT INTO interacts VALUES(1076689874888, 1, Akaadian, 3143, 2042907, 1)
INSERT INTO interacts VALUES(1076689874888, 1, Pekin Woof, 3135, 2068851, 1)
INSERT INTO interacts VALUES(1076689874888, 1, Goldenglue, 3001, 2096608, 1)
INSERT INTO interacts VALUES(1076689874888, 1, Moon, 2031, 2097359, 0)
INSERT INTO interacts VALUES(1076689874888, 1, Goldenglue, 1026, 2100149, 1)
INSERT INTO interacts VALUES(1076689874888, 1, Goldenglue, 2043, 2100801, 1)
INSERT INTO interacts VALUES(1076689874888, 1, Moon, 1038, 2101608, 1)
INSERT INTO interacts VALUES(1076689874888, 1, Stunt, 3504, 2106723, 1)
INSERT INTO interacts VALUES(1076689874888, 1, Solo, 3026, 2117896, 1)
INSERT INTO interacts VALUES(1076689874888, 1, Akaadian, 1033, 2157384, 1)
INSERT INTO interacts VALUES(1076689874888, 1, Norskeren, 1029, 2162414, 1)
INSERT INTO interacts VALUES(1076689874888, 1, Massacre, 1055, 2191398, 0)
INSERT INTO interacts VALUES(1076689874888, 1, Massacre, 1038, 2192525, 1)
INSERT INTO interacts VALUES(1076689874888, 1, Piglet, 3031, 2237786, 1)
INSERT INTO interacts VALUES(1076689874888, 1, Stunt, 2043, 2238427, 1)
INSERT INTO interacts VALUES(1076689874888, 1, Goldenglue, 1052, 2242048, 1)
INSERT INTO interacts VALUES(1076689874888, 1, Stunt, 2010, 2242396, 1)
INSERT INTO interacts VALUES(1076689874888, 1, Stunt, 2043, 2244193, 1)
INSERT INTO interacts VALUES(1076689874888, 1, Akaadian, 1057, 2244401, 1)
INSERT INTO interacts VALUES(1076689874888, 1, Norskeren, 3082, 2259251, 1)
INSERT INTO interacts VALUES(1076689874888, 1, Pekin Woof, 3191, 2260267, 1)
INSERT INTO interacts VALUES(1076689874888, 1, Norskeren, 2010, 2260787, 0)
INSERT INTO interacts VALUES(1076689874888, 1, Norskeren, 2043, 2261338, 1)
INSERT INTO interacts VALUES(1076689874888, 1, Chorong, 3157, 2270395, 1)
INSERT INTO interacts VALUES(1076689874888, 1, Chorong, 1054, 2272157, 0)
INSERT INTO interacts VALUES(1076689874888, 1, Chorong, 2043, 2273296, 1)
INSERT INTO interacts VALUES(1076689874888, 1, Chorong, 2043, 2273401, 1)
INSERT INTO interacts VALUES(1076689874888, 1, Moon, 3072, 2273965, 1)
INSERT INTO interacts VALUES(1076689874888, 1, Massacre, 3072, 2289759, 1)
INSERT INTO interacts VALUES(1076689874888, 1, Goldenglue, 3135, 2305094, 1)
INSERT INTO interacts VALUES(1076689874888, 1, Goldenglue, 2043, 2305819, 1)
INSERT INTO interacts VALUES(1076689874888, 1, Norskeren, 2043, 2360992, 1)
INSERT INTO interacts VALUES(1076689874888, 1, Norskeren, 2043, 2361256, 1)
INSERT INTO interacts VALUES(1076689874888, 1, Akaadian, 2138, 2382274, 1)
INSERT INTO interacts VALUES(1076689874888, 1, Goldenglue, 1058, 2493152, 1)
INSERT INTO interacts VALUES(1076689874888, 1, Solo, 3078, 2494464, 1)
INSERT INTO interacts VALUES(1076689874888, 1, Pekin Woof, 1056, 2494498, 0)
INSERT INTO interacts VALUES(1076689874888, 1, Stunt, 3028, 2494508, 1)
INSERT INTO interacts VALUES(1076689874888, 1, Solo, 2139, 2495060, 1)
INSERT INTO interacts VALUES(1076689874888, 1, Piglet, 3156, 2496085, 1)
INSERT INTO interacts VALUES(1076689874888, 1, Stunt, 2043, 2496515, 1)
INSERT INTO interacts VALUES(1076689874888, 1, Moon, 2140, 2496729, 1)
INSERT INTO interacts VALUES(1076689874888, 1, Pekin Woof, 3108, 2497386, 1)
INSERT INTO interacts VALUES(1076689874888, 1, Norskeren, 3110, 2519347, 1)
INSERT INTO interacts VALUES(1076689874888, 1, Chorong, 1058, 2530608, 1)
INSERT INTO interacts VALUES(1076689874888, 1, Pekin Woof, 3157, 2549347, 1)
INSERT INTO interacts VALUES(1076689874888, 1, Massacre, 3035, 2589839, 1)
INSERT INTO interacts VALUES(1076689874888, 1, Norskeren, 2010, 2621205, 1)
INSERT INTO interacts VALUES(1076689874888, 1, Norskeren, 1029, 2623356, 1)
INSERT INTO interacts VALUES(1076689874888, 1, Piglet, 2140, 2671567, 1)
INSERT INTO interacts VALUES(1076689874888, 1, Goldenglue, 2139, 2672159, 1)
INSERT INTO interacts VALUES(1076689874888, 1, Moon, 3123, 2673223, 0)
INSERT INTO interacts VALUES(1076689874888, 1, Massacre, 3033, 2673575, 1)
INSERT INTO interacts VALUES(1076689874888, 1, Stunt, 3222, 2673745, 1)
INSERT INTO interacts VALUES(1076689874888, 1, Moon, 3026, 2674387, 1)
INSERT INTO interacts VALUES(1076689874888, 1, Stunt, 2043, 2675450, 1)
INSERT INTO interacts VALUES(1076689874888, 1, Stunt, 2043, 2675594, 1)
INSERT INTO interacts VALUES(1076689874888, 1, Norskeren, 1031, 2741810, 1)
INSERT INTO interacts VALUES(1076689874888, 1, Akaadian, 3026, 2798972, 1)
INSERT INTO interacts VALUES(1076689874888, 1, Piglet, 3071, 2822197, 0)
INSERT INTO interacts VALUES(1076689874888, 1, Piglet, 3142, 2823208, 0)
INSERT INTO interacts VALUES(1076689874888, 1, Solo, 3026, 2830512, 0)
INSERT INTO interacts VALUES(1076689874888, 1, Pekin Woof, 1058, 2831017, 1)
INSERT INTO interacts VALUES(1076689874888, 1, Stunt, 2043, 2832103, 0)
INSERT INTO interacts VALUES(1076689874888, 1, Solo, 3512, 2832896, 1)
INSERT INTO interacts VALUES(1076689874888, 1, Stunt, 1058, 2833538, 1)
INSERT INTO interacts VALUES(1076689874888, 1, Piglet, 3156, 2833538, 0)
INSERT INTO interacts VALUES(1076689874888, 1, Piglet, 3072, 2834089, 1)
INSERT INTO interacts VALUES(1076689874888, 1, Piglet, 3006, 2839387, 0)
INSERT INTO interacts VALUES(1076689874888, 1, Stunt, 2043, 2840838, 1)
INSERT INTO interacts VALUES(1076689874888, 1, Stunt, 2139, 2844465, 1)
INSERT INTO interacts VALUES(1076689874888, 1, Moon, 3026, 2846741, 0)
INSERT INTO interacts VALUES(1076689874888, 1, Chorong, 3089, 2850121, 1)
INSERT INTO interacts VALUES(1076689874888, 1, Goldenglue, 3285, 2858641, 1)
INSERT INTO interacts VALUES(1076689874888, 1, Akaadian, 2138, 2860112, 1)
INSERT INTO interacts VALUES(1076689874888, 1, Massacre, 3006, 2863874, 0)
INSERT INTO interacts VALUES(1076689874888, 1, Massacre, 3046, 2865286, 1)
INSERT INTO interacts VALUES(1076689874888, 1, Massacre, 2140, 2866718, 1)
INSERT INTO interacts VALUES(1076689874888, 1, Pekin Woof, 2139, 2866850, 1)
INSERT INTO interacts VALUES(1076689874888, 1, Solo, 2139, 2867658, 1)
INSERT INTO interacts VALUES(1076689874888, 1, Piglet, 2140, 2871030, 1)
INSERT INTO interacts VALUES(1076689874888, 1, Moon, 3094, 2877673, 1)
INSERT INTO interacts VALUES(1076689874888, 1, Chorong, 2139, 2951349, 1)
INSERT INTO matches VALUES(1076689874888, 2, 2016-06-29)
INSERT INTO competes VALUES(1076689874888, DT, True)
INSERT INTO competes VALUES(1076689874888, TLA, False)
INSERT INTO scores VALUES(DT, 1076689874888, 2, 0, 3, 1, 0, 1, 0)
INSERT INTO scores VALUES(TLA, 1076689874888, 2, 1, 7, 0, 2, 2, 1)
INSERT INTO bans VALUES(1076689874888, 2, 76, 1)
INSERT INTO bans VALUES(1076689874888, 2, 120, 3)
INSERT INTO bans VALUES(1076689874888, 2, 26, 5)
INSERT INTO bans VALUES(1076689874888, 2, 13, 2)
INSERT INTO bans VALUES(1076689874888, 2, 8, 4)
INSERT INTO bans VALUES(1076689874888, 2, 421, 6)
INSERT INTO plays VALUES(1076689874888, 2, Solo, 98, Top, 0, 2, 5, 8920, 16, 1, 200, 6, 2, 10314)
INSERT INTO plays VALUES(1076689874888, 2, Moon, 28, Jungle, 0, 4, 4, 9816, 34, 4, 12, 96, 5, 9237)
INSERT INTO plays VALUES(1076689874888, 2, Goldenglue, 268, Mid, 3, 3, 1, 17645, 10, 21, 286, 23, 1, 12761)
INSERT INTO plays VALUES(1076689874888, 2, Piglet, 236, Jungle, 1, 2, 3, 9926, 16, 12, 247, 15, 0, 11797)
INSERT INTO plays VALUES(1076689874888, 2, Stunt, 267, Jungle, 1, 3, 4, 1534, 38, 12, 16, 0, 0, 7530)
INSERT INTO plays VALUES(1076689874888, 2, Chorong, 48, Jungle, 3, 1, 7, 7247, 15, 7, 258, 2, 7, 14645)
INSERT INTO plays VALUES(1076689874888, 2, Akaadian, 107, Jungle, 3, 0, 3, 9233, 21, 13, 28, 113, 17, 12878)
INSERT INTO plays VALUES(1076689874888, 2, Pekin Woof, 127, Mid, 0, 3, 4, 5999, 17, 6, 272, 12, 0, 12685)
INSERT INTO plays VALUES(1076689874888, 2, Massacre, 15, Jungle, 7, 0, 4, 10464, 18, 9, 295, 21, 2, 16203)
INSERT INTO plays VALUES(1076689874888, 2, Norskeren, 43, Jungle, 1, 2, 8, 6313, 48, 12, 15, 0, 0, 9371)
INSERT INTO interacts VALUES(1076689874888, 2, Massacre, 1055, 1888, 1)
INSERT INTO interacts VALUES(1076689874888, 2, Pekin Woof, 1056, 1919, 1)
INSERT INTO interacts VALUES(1076689874888, 2, Massacre, 2010, 2017, 1)
INSERT INTO interacts VALUES(1076689874888, 2, Pekin Woof, 2010, 2132, 1)
INSERT INTO interacts VALUES(1076689874888, 2, Akaadian, 1041, 2309, 1)
INSERT INTO interacts VALUES(1076689874888, 2, Massacre, 3340, 2309, 1)
INSERT INTO interacts VALUES(1076689874888, 2, Pekin Woof, 3340, 2472, 1)
INSERT INTO interacts VALUES(1076689874888, 2, Piglet, 1055, 2652, 1)
INSERT INTO interacts VALUES(1076689874888, 2, Akaadian, 2003, 2799, 1)
INSERT INTO interacts VALUES(1076689874888, 2, Piglet, 2010, 2799, 1)
INSERT INTO interacts VALUES(1076689874888, 2, Piglet, 3340, 2993, 1)
INSERT INTO interacts VALUES(1076689874888, 2, Akaadian, 2003, 3058, 1)
INSERT INTO interacts VALUES(1076689874888, 2, Pekin Woof, 2010, 3253, 1)
INSERT INTO interacts VALUES(1076689874888, 2, Akaadian, 2003, 3315, 1)
INSERT INTO interacts VALUES(1076689874888, 2, Akaadian, 3340, 3610, 1)
INSERT INTO interacts VALUES(1076689874888, 2, Solo, 1054, 3610, 1)
INSERT INTO interacts VALUES(1076689874888, 2, Solo, 2003, 3904, 1)
INSERT INTO interacts VALUES(1076689874888, 2, Solo, 3340, 4133, 1)
INSERT INTO interacts VALUES(1076689874888, 2, Goldenglue, 1056, 4228, 1)
INSERT INTO interacts VALUES(1076689874888, 2, Goldenglue, 2003, 4477, 1)
INSERT INTO interacts VALUES(1076689874888, 2, Norskeren, 3303, 4477, 1)
INSERT INTO interacts VALUES(1076689874888, 2, Goldenglue, 2003, 4589, 1)
INSERT INTO interacts VALUES(1076689874888, 2, Norskeren, 2010, 4752, 1)
INSERT INTO interacts VALUES(1076689874888, 2, Goldenglue, 3340, 4847, 1)
INSERT INTO interacts VALUES(1076689874888, 2, Norskeren, 2010, 4950, 1)
INSERT INTO interacts VALUES(1076689874888, 2, Norskeren, 2010, 5111, 1)
INSERT INTO interacts VALUES(1076689874888, 2, Moon, 1039, 5303, 1)
INSERT INTO interacts VALUES(1076689874888, 2, Moon, 2031, 5777, 1)
INSERT INTO interacts VALUES(1076689874888, 2, Norskeren, 3340, 5957, 1)
INSERT INTO interacts VALUES(1076689874888, 2, Moon, 3340, 5987, 1)
INSERT INTO interacts VALUES(1076689874888, 2, Chorong, 1055, 7225, 1)
INSERT INTO interacts VALUES(1076689874888, 2, Chorong, 2003, 7585, 1)
INSERT INTO interacts VALUES(1076689874888, 2, Chorong, 3340, 7913, 1)
INSERT INTO interacts VALUES(1076689874888, 2, Stunt, 3303, 12641, 1)
INSERT INTO interacts VALUES(1076689874888, 2, Stunt, 2010, 12902, 1)
INSERT INTO interacts VALUES(1076689874888, 2, Stunt, 2010, 13002, 1)
INSERT INTO interacts VALUES(1076689874888, 2, Stunt, 2010, 13132, 1)
INSERT INTO interacts VALUES(1076689874888, 2, Stunt, 3340, 13488, 1)
INSERT INTO interacts VALUES(1076689874888, 2, Norskeren, 2043, 198200, 1)
INSERT INTO interacts VALUES(1076689874888, 2, Massacre, 1083, 201556, 1)
INSERT INTO interacts VALUES(1076689874888, 2, Norskeren, 1001, 204444, 1)
INSERT INTO interacts VALUES(1076689874888, 2, Piglet, 1083, 209658, 1)
INSERT INTO interacts VALUES(1076689874888, 2, Piglet, 2043, 212580, 1)
INSERT INTO interacts VALUES(1076689874888, 2, Piglet, 2010, 212773, 1)
INSERT INTO interacts VALUES(1076689874888, 2, Stunt, 1028, 216394, 1)
INSERT INTO interacts VALUES(1076689874888, 2, Stunt, 2043, 218611, 1)
INSERT INTO interacts VALUES(1076689874888, 2, Akaadian, 3158, 229656, 1)
INSERT INTO interacts VALUES(1076689874888, 2, Moon, 3113, 239694, 1)
INSERT INTO interacts VALUES(1076689874888, 2, Moon, 2043, 240514, 1)
INSERT INTO interacts VALUES(1076689874888, 2, Chorong, 1036, 259894, 1)
INSERT INTO interacts VALUES(1076689874888, 2, Chorong, 1083, 262597, 1)
INSERT INTO interacts VALUES(1076689874888, 2, Pekin Woof, 1057, 312617, 1)
INSERT INTO interacts VALUES(1076689874888, 2, Pekin Woof, 1001, 314278, 1)
INSERT INTO interacts VALUES(1076689874888, 2, Pekin Woof, 2043, 314869, 1)
INSERT INTO interacts VALUES(1076689874888, 2, Pekin Woof, 2010, 315130, 1)
INSERT INTO interacts VALUES(1076689874888, 2, Pekin Woof, 2010, 315288, 1)
INSERT INTO interacts VALUES(1076689874888, 2, Massacre, 1001, 316460, 1)
INSERT INTO interacts VALUES(1076689874888, 2, Goldenglue, 1056, 318589, 1)
INSERT INTO interacts VALUES(1076689874888, 2, Goldenglue, 1042, 319565, 1)
INSERT INTO interacts VALUES(1076689874888, 2, Goldenglue, 1042, 319817, 1)
INSERT INTO interacts VALUES(1076689874888, 2, Goldenglue, 2043, 320939, 1)
INSERT INTO interacts VALUES(1076689874888, 2, Massacre, 1036, 321915, 1)
INSERT INTO interacts VALUES(1076689874888, 2, Goldenglue, 2003, 322528, 1)
INSERT INTO interacts VALUES(1076689874888, 2, Massacre, 2043, 323602, 1)
INSERT INTO interacts VALUES(1076689874888, 2, Norskeren, 2043, 324554, 1)
INSERT INTO interacts VALUES(1076689874888, 2, Piglet, 1036, 367938, 1)
INSERT INTO interacts VALUES(1076689874888, 2, Piglet, 1036, 368088, 1)
INSERT INTO interacts VALUES(1076689874888, 2, Moon, 3715, 369906, 1)
INSERT INTO interacts VALUES(1076689874888, 2, Moon, 2043, 370470, 1)
INSERT INTO interacts VALUES(1076689874888, 2, Piglet, 2010, 370964, 0)
INSERT INTO interacts VALUES(1076689874888, 2, Stunt, 2049, 373735, 1)
INSERT INTO interacts VALUES(1076689874888, 2, Piglet, 1001, 373862, 1)
INSERT INTO interacts VALUES(1076689874888, 2, Stunt, 3341, 374447, 1)
INSERT INTO interacts VALUES(1076689874888, 2, Stunt, 1001, 375817, 1)
INSERT INTO interacts VALUES(1076689874888, 2, Akaadian, 1036, 375907, 1)
INSERT INTO interacts VALUES(1076689874888, 2, Akaadian, 1036, 376166, 1)
INSERT INTO interacts VALUES(1076689874888, 2, Akaadian, 2003, 377309, 1)
INSERT INTO interacts VALUES(1076689874888, 2, Akaadian, 2043, 378275, 1)
INSERT INTO interacts VALUES(1076689874888, 2, Solo, 3751, 440089, 1)
INSERT INTO interacts VALUES(1076689874888, 2, Solo, 1029, 440937, 1)
INSERT INTO interacts VALUES(1076689874888, 2, Pekin Woof, 3158, 452606, 1)
INSERT INTO interacts VALUES(1076689874888, 2, Pekin Woof, 2043, 453226, 1)
INSERT INTO interacts VALUES(1076689874888, 2, Pekin Woof, 2010, 453519, 1)
INSERT INTO interacts VALUES(1076689874888, 2, Pekin Woof, 2010, 453683, 1)
INSERT INTO interacts VALUES(1076689874888, 2, Moon, 1052, 484763, 1)
INSERT INTO interacts VALUES(1076689874888, 2, Massacre, 3006, 532430, 1)
INSERT INTO interacts VALUES(1076689874888, 2, Norskeren, 2049, 533300, 1)
INSERT INTO interacts VALUES(1076689874888, 2, Norskeren, 3341, 534305, 1)
INSERT INTO interacts VALUES(1076689874888, 2, Massacre, 2043, 534502, 1)
INSERT INTO interacts VALUES(1076689874888, 2, Norskeren, 2043, 536794, 1)
INSERT INTO interacts VALUES(1076689874888, 2, Akaadian, 3711, 550785, 1)
INSERT INTO interacts VALUES(1076689874888, 2, Akaadian, 3133, 551468, 1)
INSERT INTO interacts VALUES(1076689874888, 2, Akaadian, 2043, 554178, 1)
INSERT INTO interacts VALUES(1076689874888, 2, Pekin Woof, 3108, 631756, 1)
INSERT INTO interacts VALUES(1076689874888, 2, Pekin Woof, 2010, 633380, 1)
INSERT INTO interacts VALUES(1076689874888, 2, Pekin Woof, 2010, 633544, 1)
INSERT INTO interacts VALUES(1076689874888, 2, Pekin Woof, 3363, 634762, 1)
INSERT INTO interacts VALUES(1076689874888, 2, Piglet, 3134, 634921, 1)
INSERT INTO interacts VALUES(1076689874888, 2, Piglet, 3133, 635222, 1)
INSERT INTO interacts VALUES(1076689874888, 2, Piglet, 2043, 638175, 1)
INSERT INTO interacts VALUES(1076689874888, 2, Stunt, 3158, 640308, 1)
INSERT INTO interacts VALUES(1076689874888, 2, Stunt, 2043, 642100, 1)
INSERT INTO interacts VALUES(1076689874888, 2, Norskeren, 2043, 646617, 1)
INSERT INTO interacts VALUES(1076689874888, 2, Norskeren, 2031, 647943, 1)
INSERT INTO interacts VALUES(1076689874888, 2, Moon, 1414, 652304, 1)
INSERT INTO interacts VALUES(1076689874888, 2, Moon, 1001, 656051, 1)
INSERT INTO interacts VALUES(1076689874888, 2, Moon, 1052, 657764, 1)
INSERT INTO interacts VALUES(1076689874888, 2, Akaadian, 1408, 666561, 1)
INSERT INTO interacts VALUES(1076689874888, 2, Akaadian, 2043, 667367, 1)
INSERT INTO interacts VALUES(1076689874888, 2, Chorong, 3077, 667680, 1)
INSERT INTO interacts VALUES(1076689874888, 2, Chorong, 1053, 669619, 1)
INSERT INTO interacts VALUES(1076689874888, 2, Chorong, 1037, 669956, 1)
INSERT INTO interacts VALUES(1076689874888, 2, Akaadian, 2031, 670317, 1)
INSERT INTO interacts VALUES(1076689874888, 2, Goldenglue, 3115, 691135, 1)
INSERT INTO interacts VALUES(1076689874888, 2, Goldenglue, 2043, 692529, 1)
INSERT INTO interacts VALUES(1076689874888, 2, Goldenglue, 2031, 700171, 1)
INSERT INTO interacts VALUES(1076689874888, 2, Pekin Woof, 1052, 756510, 1)
INSERT INTO interacts VALUES(1076689874888, 2, Pekin Woof, 2010, 757801, 1)
INSERT INTO interacts VALUES(1076689874888, 2, Chorong, 2003, 759785, 0)
INSERT INTO interacts VALUES(1076689874888, 2, Chorong, 1001, 760406, 1)
INSERT INTO interacts VALUES(1076689874888, 2, Norskeren, 3158, 791413, 1)
INSERT INTO interacts VALUES(1076689874888, 2, Moon, 1028, 791686, 1)
INSERT INTO interacts VALUES(1076689874888, 2, Massacre, 1038, 824405, 1)
INSERT INTO interacts VALUES(1076689874888, 2, Piglet, 3142, 824648, 1)
INSERT INTO interacts VALUES(1076689874888, 2, Piglet, 2043, 824953, 1)
INSERT INTO interacts VALUES(1076689874888, 2, Massacre, 1036, 825822, 1)
INSERT INTO interacts VALUES(1076689874888, 2, Piglet, 2010, 826144, 1)
INSERT INTO interacts VALUES(1076689874888, 2, Goldenglue, 3364, 826347, 1)
INSERT INTO interacts VALUES(1076689874888, 2, Solo, 3068, 828408, 1)
INSERT INTO interacts VALUES(1076689874888, 2, Solo, 1001, 829949, 1)
INSERT INTO interacts VALUES(1076689874888, 2, Stunt, 3098, 830107, 1)
INSERT INTO interacts VALUES(1076689874888, 2, Goldenglue, 1011, 830413, 1)
INSERT INTO interacts VALUES(1076689874888, 2, Stunt, 1004, 832604, 1)
INSERT INTO interacts VALUES(1076689874888, 2, Solo, 2043, 832938, 1)
INSERT INTO interacts VALUES(1076689874888, 2, Stunt, 2043, 834595, 1)
INSERT INTO interacts VALUES(1076689874888, 2, Chorong, 3074, 842185, 1)
INSERT INTO interacts VALUES(1076689874888, 2, Akaadian, 1033, 848243, 1)
INSERT INTO interacts VALUES(1076689874888, 2, Akaadian, 1028, 848790, 1)
INSERT INTO interacts VALUES(1076689874888, 2, Akaadian, 3364, 850686, 1)
INSERT INTO interacts VALUES(1076689874888, 2, Akaadian, 2043, 851554, 1)
INSERT INTO interacts VALUES(1076689874888, 2, Pekin Woof, 3001, 851860, 1)
INSERT INTO interacts VALUES(1076689874888, 2, Pekin Woof, 2043, 853839, 1)
INSERT INTO interacts VALUES(1076689874888, 2, Norskeren, 2043, 879554, 1)
INSERT INTO interacts VALUES(1076689874888, 2, Massacre, 3133, 905772, 1)
INSERT INTO interacts VALUES(1076689874888, 2, Pekin Woof, 1052, 915653, 1)
INSERT INTO interacts VALUES(1076689874888, 2, Goldenglue, 1052, 969967, 1)
INSERT INTO interacts VALUES(1076689874888, 2, Piglet, 3044, 972630, 1)
INSERT INTO interacts VALUES(1076689874888, 2, Piglet, 3133, 973714, 1)
INSERT INTO interacts VALUES(1076689874888, 2, Piglet, 2043, 974966, 1)
INSERT INTO interacts VALUES(1076689874888, 2, Piglet, 3363, 975118, 1)
INSERT INTO interacts VALUES(1076689874888, 2, Stunt, 2010, 979910, 0)
INSERT INTO interacts VALUES(1076689874888, 2, Stunt, 2301, 984793, 1)
INSERT INTO interacts VALUES(1076689874888, 2, Solo, 3111, 986212, 1)
INSERT INTO interacts VALUES(1076689874888, 2, Moon, 2049, 995459, 1)
INSERT INTO interacts VALUES(1076689874888, 2, Moon, 2043, 995864, 1)
INSERT INTO interacts VALUES(1076689874888, 2, Moon, 3363, 996172, 1)
INSERT INTO interacts VALUES(1076689874888, 2, Massacre, 3508, 1008792, 1)
INSERT INTO interacts VALUES(1076689874888, 2, Massacre, 1042, 1010142, 1)
INSERT INTO interacts VALUES(1076689874888, 2, Massacre, 1051, 1010944, 1)
INSERT INTO interacts VALUES(1076689874888, 2, Massacre, 3363, 1011350, 1)
INSERT INTO interacts VALUES(1076689874888, 2, Chorong, 1011, 1013798, 1)
INSERT INTO interacts VALUES(1076689874888, 2, Chorong, 1033, 1014894, 1)
INSERT INTO interacts VALUES(1076689874888, 2, Norskeren, 2301, 1015837, 1)
INSERT INTO interacts VALUES(1076689874888, 2, Norskeren, 1006, 1016996, 1)
INSERT INTO interacts VALUES(1076689874888, 2, Pekin Woof, 3191, 1031686, 1)
INSERT INTO interacts VALUES(1076689874888, 2, Akaadian, 3211, 1069368, 1)
INSERT INTO interacts VALUES(1076689874888, 2, Akaadian, 3044, 1070820, 1)
INSERT INTO interacts VALUES(1076689874888, 2, Akaadian, 2043, 1072948, 1)
INSERT INTO interacts VALUES(1076689874888, 2, Goldenglue, 2031, 1109747, 0)
INSERT INTO interacts VALUES(1076689874888, 2, Goldenglue, 1058, 1111212, 1)
INSERT INTO interacts VALUES(1076689874888, 2, Chorong, 3111, 1151839, 1)
INSERT INTO interacts VALUES(1076689874888, 2, Chorong, 3067, 1156135, 1)
INSERT INTO interacts VALUES(1076689874888, 2, Piglet, 3044, 1167389, 1)
INSERT INTO interacts VALUES(1076689874888, 2, Stunt, 1028, 1173232, 1)
INSERT INTO interacts VALUES(1076689874888, 2, Norskeren, 3801, 1173660, 1)
INSERT INTO interacts VALUES(1076689874888, 2, Norskeren, 2043, 1174763, 1)
INSERT INTO interacts VALUES(1076689874888, 2, Moon, 3158, 1175160, 1)
INSERT INTO interacts VALUES(1076689874888, 2, Norskeren, 3364, 1175776, 1)
INSERT INTO interacts VALUES(1076689874888, 2, Moon, 3108, 1177381, 1)
INSERT INTO interacts VALUES(1076689874888, 2, Stunt, 2010, 1178750, 1)
INSERT INTO interacts VALUES(1076689874888, 2, Pekin Woof, 3108, 1183569, 1)
INSERT INTO interacts VALUES(1076689874888, 2, Pekin Woof, 2010, 1184538, 0)
INSERT INTO interacts VALUES(1076689874888, 2, Pekin Woof, 2043, 1184916, 1)
INSERT INTO interacts VALUES(1076689874888, 2, Solo, 3067, 1190476, 1)
INSERT INTO interacts VALUES(1076689874888, 2, Solo, 2043, 1191077, 1)
INSERT INTO interacts VALUES(1076689874888, 2, Goldenglue, 3116, 1191346, 1)
INSERT INTO interacts VALUES(1076689874888, 2, Goldenglue, 2003, 1193369, 1)
INSERT INTO interacts VALUES(1076689874888, 2, Massacre, 3086, 1193917, 1)
INSERT INTO interacts VALUES(1076689874888, 2, Massacre, 1042, 1194262, 1)
INSERT INTO interacts VALUES(1076689874888, 2, Massacre, 1083, 1197211, 0)
INSERT INTO interacts VALUES(1076689874888, 2, Massacre, 2043, 1197802, 1)
INSERT INTO interacts VALUES(1076689874888, 2, Massacre, 2015, 1200109, 1)
INSERT INTO interacts VALUES(1076689874888, 2, Akaadian, 3133, 1242568, 1)
INSERT INTO interacts VALUES(1076689874888, 2, Norskeren, 1033, 1311532, 1)
INSERT INTO interacts VALUES(1076689874888, 2, Solo, 1033, 1337942, 1)
INSERT INTO interacts VALUES(1076689874888, 2, Solo, 1028, 1338331, 1)
INSERT INTO interacts VALUES(1076689874888, 2, Moon, 1057, 1343553, 1)
INSERT INTO interacts VALUES(1076689874888, 2, Akaadian, 3071, 1343815, 1)
INSERT INTO interacts VALUES(1076689874888, 2, Massacre, 3087, 1344229, 1)
INSERT INTO interacts VALUES(1076689874888, 2, Akaadian, 1029, 1345214, 1)
INSERT INTO interacts VALUES(1076689874888, 2, Chorong, 3143, 1348523, 1)
INSERT INTO interacts VALUES(1076689874888, 2, Massacre, 1038, 1349261, 1)
INSERT INTO interacts VALUES(1076689874888, 2, Piglet, 3071, 1353577, 1)
INSERT INTO interacts VALUES(1076689874888, 2, Goldenglue, 3006, 1360717, 1)
INSERT INTO interacts VALUES(1076689874888, 2, Goldenglue, 1052, 1362798, 1)
INSERT INTO interacts VALUES(1076689874888, 2, Stunt, 3364, 1365189, 1)
INSERT INTO interacts VALUES(1076689874888, 2, Stunt, 3801, 1366607, 1)
INSERT INTO interacts VALUES(1076689874888, 2, Stunt, 1033, 1367725, 1)
INSERT INTO interacts VALUES(1076689874888, 2, Piglet, 1042, 1367824, 1)
INSERT INTO interacts VALUES(1076689874888, 2, Stunt, 2043, 1370105, 1)
INSERT INTO interacts VALUES(1076689874888, 2, Norskeren, 3105, 1378234, 1)
INSERT INTO interacts VALUES(1076689874888, 2, Norskeren, 1028, 1379053, 1)
INSERT INTO interacts VALUES(1076689874888, 2, Pekin Woof, 3157, 1384642, 1)
INSERT INTO interacts VALUES(1076689874888, 2, Pekin Woof, 2043, 1385328, 1)
INSERT INTO interacts VALUES(1076689874888, 2, Akaadian, 1031, 1409925, 1)
INSERT INTO interacts VALUES(1076689874888, 2, Massacre, 1037, 1510682, 1)
INSERT INTO interacts VALUES(1076689874888, 2, Norskeren, 3190, 1511633, 1)
INSERT INTO interacts VALUES(1076689874888, 2, Norskeren, 2043, 1512718, 1)
INSERT INTO interacts VALUES(1076689874888, 2, Norskeren, 2043, 1512860, 1)
INSERT INTO interacts VALUES(1076689874888, 2, Stunt, 3105, 1516080, 1)
INSERT INTO interacts VALUES(1076689874888, 2, Stunt, 2043, 1517545, 1)
INSERT INTO interacts VALUES(1076689874888, 2, Stunt, 1004, 1519081, 1)
INSERT INTO interacts VALUES(1076689874888, 2, Piglet, 3006, 1526588, 1)
INSERT INTO interacts VALUES(1076689874888, 2, Piglet, 1042, 1526820, 1)
INSERT INTO interacts VALUES(1076689874888, 2, Moon, 3001, 1527910, 1)
INSERT INTO interacts VALUES(1076689874888, 2, Moon, 2043, 1528664, 1)
INSERT INTO interacts VALUES(1076689874888, 2, Chorong, 1083, 1535582, 0)
INSERT INTO interacts VALUES(1076689874888, 2, Chorong, 3211, 1537093, 1)
INSERT INTO interacts VALUES(1076689874888, 2, Pekin Woof, 1058, 1547739, 1)
INSERT INTO interacts VALUES(1076689874888, 2, Pekin Woof, 2043, 1548707, 1)
INSERT INTO interacts VALUES(1076689874888, 2, Solo, 3065, 1560234, 1)
INSERT INTO interacts VALUES(1076689874888, 2, Solo, 2043, 1562153, 1)
INSERT INTO interacts VALUES(1076689874888, 2, Stunt, 3114, 1647662, 1)
INSERT INTO interacts VALUES(1076689874888, 2, Massacre, 3031, 1666864, 1)
INSERT INTO interacts VALUES(1076689874888, 2, Massacre, 2043, 1668006, 1)
INSERT INTO interacts VALUES(1076689874888, 2, Norskeren, 1052, 1669613, 1)
INSERT INTO interacts VALUES(1076689874888, 2, Chorong, 3065, 1670395, 1)
INSERT INTO interacts VALUES(1076689874888, 2, Norskeren, 2043, 1670534, 1)
INSERT INTO interacts VALUES(1076689874888, 2, Pekin Woof, 1026, 1674484, 1)
INSERT INTO interacts VALUES(1076689874888, 2, Pekin Woof, 1056, 1675445, 0)
INSERT INTO interacts VALUES(1076689874888, 2, Chorong, 1033, 1675812, 1)
INSERT INTO interacts VALUES(1076689874888, 2, Pekin Woof, 2043, 1675897, 1)
INSERT INTO interacts VALUES(1076689874888, 2, Moon, 2031, 1680497, 0)
INSERT INTO interacts VALUES(1076689874888, 2, Goldenglue, 1056, 1681167, 0)
INSERT INTO interacts VALUES(1076689874888, 2, Moon, 1028, 1681432, 1)
INSERT INTO interacts VALUES(1076689874888, 2, Piglet, 3086, 1682133, 1)
INSERT INTO interacts VALUES(1076689874888, 2, Goldenglue, 3135, 1682571, 1)
INSERT INTO interacts VALUES(1076689874888, 2, Goldenglue, 2043, 1683441, 1)
INSERT INTO interacts VALUES(1076689874888, 2, Solo, 3082, 1691416, 1)
INSERT INTO interacts VALUES(1076689874888, 2, Akaadian, 3026, 1694756, 1)
INSERT INTO interacts VALUES(1076689874888, 2, Akaadian, 2031, 1695856, 0)
INSERT INTO interacts VALUES(1076689874888, 2, Akaadian, 2043, 1697727, 1)
INSERT INTO interacts VALUES(1076689874888, 2, Chorong, 1055, 1864382, 0)
INSERT INTO interacts VALUES(1076689874888, 2, Chorong, 1031, 1865838, 1)
INSERT INTO interacts VALUES(1076689874888, 2, Chorong, 1057, 1866462, 1)
INSERT INTO interacts VALUES(1076689874888, 2, Pekin Woof, 1052, 1866852, 1)
INSERT INTO interacts VALUES(1076689874888, 2, Goldenglue, 1056, 1868014, 0)
INSERT INTO interacts VALUES(1076689874888, 2, Chorong, 2140, 1868549, 1)
INSERT INTO interacts VALUES(1076689874888, 2, Goldenglue, 1058, 1869820, 1)
INSERT INTO interacts VALUES(1076689874888, 2, Massacre, 1038, 1870909, 1)
INSERT INTO interacts VALUES(1076689874888, 2, Goldenglue, 2043, 1872238, 1)
INSERT INTO interacts VALUES(1076689874888, 2, Norskeren, 3113, 1872577, 1)
INSERT INTO interacts VALUES(1076689874888, 2, Massacre, 1055, 1872833, 0)
INSERT INTO interacts VALUES(1076689874888, 2, Norskeren, 3114, 1872926, 1)
INSERT INTO interacts VALUES(1076689874888, 2, Massacre, 2043, 1873270, 1)
INSERT INTO interacts VALUES(1076689874888, 2, Norskeren, 2031, 1875016, 0)
INSERT INTO interacts VALUES(1076689874888, 2, Norskeren, 2043, 1875978, 1)
INSERT INTO interacts VALUES(1076689874888, 2, Norskeren, 2043, 1876167, 1)
INSERT INTO interacts VALUES(1076689874888, 2, Piglet, 1083, 1885431, 0)
INSERT INTO interacts VALUES(1076689874888, 2, Piglet, 3087, 1886252, 1)
INSERT INTO interacts VALUES(1076689874888, 2, Moon, 1011, 1887153, 1)
INSERT INTO interacts VALUES(1076689874888, 2, Stunt, 3067, 1887211, 1)
INSERT INTO interacts VALUES(1076689874888, 2, Moon, 2043, 1887710, 1)
INSERT INTO interacts VALUES(1076689874888, 2, Stunt, 2043, 1888330, 1)
INSERT INTO interacts VALUES(1076689874888, 2, Stunt, 2043, 1888691, 1)
INSERT INTO interacts VALUES(1076689874888, 2, Akaadian, 2138, 1922389, 1)
INSERT INTO interacts VALUES(1076689874888, 2, Pekin Woof, 3089, 1983506, 1)
INSERT INTO interacts VALUES(1076689874888, 2, Pekin Woof, 1052, 1984024, 1)
INSERT INTO interacts VALUES(1076689874888, 2, Piglet, 1033, 1992312, 1)
INSERT INTO interacts VALUES(1076689874888, 2, Solo, 1011, 1994888, 1)
INSERT INTO interacts VALUES(1076689874888, 2, Stunt, 3190, 2001842, 1)
INSERT INTO interacts VALUES(1076689874888, 2, Stunt, 2043, 2003783, 1)
INSERT INTO series VALUES(
                    Game 1 of 2
                  )
INSERT INTO organizes VALUES(1076689874888)
INSERT INTO matches VALUES(385680638827, 1, 2016-06-29)
INSERT INTO competes VALUES(385680638827, NVA, True)
INSERT INTO competes VALUES(385680638827, ENX, False)
INSERT INTO scores VALUES(NVA, 385680638827, 1, 2, 7, 1, 0, 1, 1)
INSERT INTO scores VALUES(ENX, 385680638827, 1, 0, 1, 0, 0, 1, 0)
INSERT INTO bans VALUES(385680638827, 1, 7, 1)
INSERT INTO bans VALUES(385680638827, 1, 39, 3)
INSERT INTO bans VALUES(385680638827, 1, 13, 5)
INSERT INTO bans VALUES(385680638827, 1, 69, 2)
INSERT INTO bans VALUES(385680638827, 1, 421, 4)
INSERT INTO bans VALUES(385680638827, 1, 120, 6)
INSERT INTO plays VALUES(385680638827, 1, Flaxxish, 68, Top, 6, 2, 2, 14112, 13, 1, 169, 0, 0, 9379)
INSERT INTO plays VALUES(385680638827, 1, k0u, 2, Jungle, 1, 1, 5, 6531, 14, 4, 15, 65, 11, 8374)
INSERT INTO plays VALUES(385680638827, 1, Ablazeolive, 8, Mid, 2, 1, 1, 12947, 12, 2, 207, 1, 7, 9373)
INSERT INTO plays VALUES(385680638827, 1, Rikara, 236, ADC, 5, 0, 3, 10046, 10, 4, 181, 5, 9, 10613)
INSERT INTO plays VALUES(385680638827, 1, Trance, 43, Support, 1, 0, 9, 5654, 31, 3, 11, 0, 0, 7464)
INSERT INTO plays VALUES(385680638827, 1, RF Legendary, 76, Top, 1, 1, 2, 8244, 13, 4, 192, 8, 0, 8427)
INSERT INTO plays VALUES(385680638827, 1, ShorterACE, 104, Jungle, 1, 4, 1, 6556, 16, 8, 30, 60, 13, 7300)
INSERT INTO plays VALUES(385680638827, 1, Poppers OP, 34, Mid, 0, 2, 2, 13729, 7, 2, 176, 1, 0, 7298)
INSERT INTO players VALUES(Pomi)
INSERT INTO registers VALUES(Pomi, ENX, date('1970-01-01'))
INSERT INTO plays VALUES(385680638827, 1, Pomi, 51, ADC, 0, 4, 0, 3560, 7, 1, 171, 0, 1, 7349)
INSERT INTO plays VALUES(385680638827, 1, Nisker, 48, Support, 2, 4, 0, 3987, 19, 2, 34, 0, 0, 5692)
INSERT INTO interacts VALUES(385680638827, 1, Flaxxish, 1054, 1747, 1)
INSERT INTO interacts VALUES(385680638827, 1, Rikara, 1055, 1859, 1)
INSERT INTO interacts VALUES(385680638827, 1, Flaxxish, 2003, 2008, 1)
INSERT INTO interacts VALUES(385680638827, 1, Rikara, 2003, 2075, 1)
INSERT INTO interacts VALUES(385680638827, 1, Rikara, 3340, 2269, 1)
INSERT INTO interacts VALUES(385680638827, 1, Ablazeolive, 1054, 2333, 1)
INSERT INTO interacts VALUES(385680638827, 1, Ablazeolive, 2003, 2529, 1)
INSERT INTO interacts VALUES(385680638827, 1, Nisker, 2033, 2820, 1)
INSERT INTO interacts VALUES(385680638827, 1, Ablazeolive, 3340, 2853, 1)
INSERT INTO interacts VALUES(385680638827, 1, Trance, 3303, 3147, 1)
INSERT INTO interacts VALUES(385680638827, 1, k0u, 1039, 3537, 1)
INSERT INTO interacts VALUES(385680638827, 1, Trance, 2010, 3603, 1)
INSERT INTO interacts VALUES(385680638827, 1, ShorterACE, 1041, 3927, 1)
INSERT INTO interacts VALUES(385680638827, 1, Trance, 2010, 3927, 1)
INSERT INTO interacts VALUES(385680638827, 1, Pomi, 1055, 4127, 1)
INSERT INTO interacts VALUES(385680638827, 1, k0u, 2031, 4350, 1)
INSERT INTO interacts VALUES(385680638827, 1, Trance, 2010, 4350, 1)
INSERT INTO interacts VALUES(385680638827, 1, Pomi, 2010, 4545, 1)
INSERT INTO interacts VALUES(385680638827, 1, k0u, 3340, 4612, 1)
INSERT INTO interacts VALUES(385680638827, 1, Pomi, 3340, 4775, 1)
INSERT INTO interacts VALUES(385680638827, 1, ShorterACE, 2031, 5066, 1)
INSERT INTO interacts VALUES(385680638827, 1, RF Legendary, 1055, 5131, 1)
INSERT INTO interacts VALUES(385680638827, 1, Flaxxish, 3340, 5358, 1)
INSERT INTO interacts VALUES(385680638827, 1, Trance, 3340, 5456, 1)
INSERT INTO interacts VALUES(385680638827, 1, Nisker, 3302, 5489, 1)
INSERT INTO interacts VALUES(385680638827, 1, ShorterACE, 3340, 5554, 1)
INSERT INTO interacts VALUES(385680638827, 1, RF Legendary, 3340, 5557, 1)
INSERT INTO interacts VALUES(385680638827, 1, Nisker, 2010, 5848, 1)
INSERT INTO interacts VALUES(385680638827, 1, Nisker, 2010, 6043, 1)
INSERT INTO interacts VALUES(385680638827, 1, RF Legendary, 2003, 6141, 1)
INSERT INTO interacts VALUES(385680638827, 1, Nisker, 2010, 6206, 1)
INSERT INTO interacts VALUES(385680638827, 1, Nisker, 3340, 6725, 1)
INSERT INTO interacts VALUES(385680638827, 1, Poppers OP, 1056, 13162, 1)
INSERT INTO interacts VALUES(385680638827, 1, Poppers OP, 2003, 13490, 1)
INSERT INTO interacts VALUES(385680638827, 1, Poppers OP, 2003, 13652, 1)
INSERT INTO interacts VALUES(385680638827, 1, Poppers OP, 3340, 14172, 1)
INSERT INTO interacts VALUES(385680638827, 1, k0u, 3711, 282756, 1)
INSERT INTO interacts VALUES(385680638827, 1, k0u, 1028, 285894, 1)
INSERT INTO interacts VALUES(385680638827, 1, k0u, 3341, 289313, 1)
INSERT INTO interacts VALUES(385680638827, 1, ShorterACE, 1001, 314201, 1)
INSERT INTO interacts VALUES(385680638827, 1, ShorterACE, 1042, 315273, 1)
INSERT INTO interacts VALUES(385680638827, 1, ShorterACE, 1039, 317059, 1)
INSERT INTO interacts VALUES(385680638827, 1, ShorterACE, 2043, 317477, 1)
INSERT INTO interacts VALUES(385680638827, 1, Flaxxish, 3020, 339900, 1)
INSERT INTO interacts VALUES(385680638827, 1, Poppers OP, 3070, 368642, 1)
INSERT INTO interacts VALUES(385680638827, 1, Poppers OP, 1056, 372415, 1)
INSERT INTO interacts VALUES(385680638827, 1, Poppers OP, 2043, 373483, 1)
INSERT INTO interacts VALUES(385680638827, 1, Poppers OP, 2003, 373841, 1)
INSERT INTO interacts VALUES(385680638827, 1, RF Legendary, 3155, 374496, 1)
INSERT INTO interacts VALUES(385680638827, 1, RF Legendary, 2043, 375630, 1)
INSERT INTO interacts VALUES(385680638827, 1, RF Legendary, 2003, 375834, 1)
INSERT INTO interacts VALUES(385680638827, 1, RF Legendary, 2003, 376098, 1)
INSERT INTO interacts VALUES(385680638827, 1, Ablazeolive, 3211, 392889, 1)
INSERT INTO interacts VALUES(385680638827, 1, Ablazeolive, 2043, 396104, 1)
INSERT INTO interacts VALUES(385680638827, 1, Ablazeolive, 2031, 396458, 1)
INSERT INTO interacts VALUES(385680638827, 1, ShorterACE, 3711, 410140, 1)
INSERT INTO interacts VALUES(385680638827, 1, ShorterACE, 3341, 411025, 1)
INSERT INTO interacts VALUES(385680638827, 1, ShorterACE, 2043, 411736, 1)
INSERT INTO interacts VALUES(385680638827, 1, k0u, 1001, 417694, 1)
INSERT INTO interacts VALUES(385680638827, 1, k0u, 1029, 423126, 1)
INSERT INTO interacts VALUES(385680638827, 1, Nisker, 3097, 474308, 1)
INSERT INTO interacts VALUES(385680638827, 1, ShorterACE, 1036, 475748, 1)
INSERT INTO interacts VALUES(385680638827, 1, Nisker, 1001, 476007, 1)
INSERT INTO interacts VALUES(385680638827, 1, Rikara, 3134, 477902, 1)
INSERT INTO interacts VALUES(385680638827, 1, Nisker, 2043, 478561, 1)
INSERT INTO interacts VALUES(385680638827, 1, Nisker, 2010, 478865, 1)
INSERT INTO interacts VALUES(385680638827, 1, Nisker, 2010, 479289, 1)
INSERT INTO interacts VALUES(385680638827, 1, Rikara, 3133, 481618, 1)
INSERT INTO interacts VALUES(385680638827, 1, Rikara, 2003, 482413, 1)
INSERT INTO interacts VALUES(385680638827, 1, Rikara, 2003, 482564, 1)
INSERT INTO interacts VALUES(385680638827, 1, Flaxxish, 3145, 483640, 1)
INSERT INTO interacts VALUES(385680638827, 1, Trance, 2049, 483673, 1)
INSERT INTO interacts VALUES(385680638827, 1, Trance, 1001, 484133, 1)
INSERT INTO interacts VALUES(385680638827, 1, Flaxxish, 2043, 484657, 1)
INSERT INTO interacts VALUES(385680638827, 1, Flaxxish, 2003, 484906, 1)
INSERT INTO interacts VALUES(385680638827, 1, Trance, 3341, 485609, 1)
INSERT INTO interacts VALUES(385680638827, 1, Trance, 2043, 486843, 1)
INSERT INTO interacts VALUES(385680638827, 1, Trance, 2043, 487202, 1)
INSERT INTO interacts VALUES(385680638827, 1, Trance, 2010, 487631, 1)
INSERT INTO interacts VALUES(385680638827, 1, Pomi, 1038, 502417, 1)
INSERT INTO interacts VALUES(385680638827, 1, Pomi, 1001, 504447, 1)
INSERT INTO interacts VALUES(385680638827, 1, Pomi, 1042, 507119, 1)
INSERT INTO interacts VALUES(385680638827, 1, Pomi, 2010, 508266, 1)
INSERT INTO interacts VALUES(385680638827, 1, Pomi, 2010, 508431, 1)
INSERT INTO interacts VALUES(385680638827, 1, RF Legendary, 1036, 521048, 1)
INSERT INTO interacts VALUES(385680638827, 1, RF Legendary, 1028, 522335, 1)
INSERT INTO interacts VALUES(385680638827, 1, RF Legendary, 2003, 523382, 1)
INSERT INTO interacts VALUES(385680638827, 1, k0u, 3751, 543512, 1)
INSERT INTO interacts VALUES(385680638827, 1, Ablazeolive, 3067, 600952, 1)
INSERT INTO interacts VALUES(385680638827, 1, Ablazeolive, 1001, 602435, 1)
INSERT INTO interacts VALUES(385680638827, 1, Ablazeolive, 2043, 604004, 1)
INSERT INTO interacts VALUES(385680638827, 1, RF Legendary, 3044, 610977, 1)
INSERT INTO interacts VALUES(385680638827, 1, Poppers OP, 3010, 625469, 1)
INSERT INTO interacts VALUES(385680638827, 1, Poppers OP, 1001, 626635, 1)
INSERT INTO interacts VALUES(385680638827, 1, Poppers OP, 2003, 626951, 1)
INSERT INTO interacts VALUES(385680638827, 1, ShorterACE, 3006, 632526, 1)
INSERT INTO interacts VALUES(385680638827, 1, Flaxxish, 3067, 659025, 1)
INSERT INTO interacts VALUES(385680638827, 1, Flaxxish, 2043, 660175, 1)
INSERT INTO interacts VALUES(385680638827, 1, Flaxxish, 2003, 660348, 1)
INSERT INTO interacts VALUES(385680638827, 1, Trance, 3098, 665316, 1)
INSERT INTO interacts VALUES(385680638827, 1, Rikara, 3142, 665937, 1)
INSERT INTO interacts VALUES(385680638827, 1, Rikara, 2043, 667354, 1)
INSERT INTO interacts VALUES(385680638827, 1, k0u, 3158, 673680, 1)
INSERT INTO interacts VALUES(385680638827, 1, k0u, 2043, 675081, 1)
INSERT INTO interacts VALUES(385680638827, 1, Trance, 2031, 726667, 1)
INSERT INTO interacts VALUES(385680638827, 1, Nisker, 2049, 776765, 1)
INSERT INTO interacts VALUES(385680638827, 1, Nisker, 3341, 779497, 1)
INSERT INTO interacts VALUES(385680638827, 1, Nisker, 2043, 780498, 1)
INSERT INTO interacts VALUES(385680638827, 1, Flaxxish, 3152, 781755, 1)
INSERT INTO interacts VALUES(385680638827, 1, Flaxxish, 2043, 783113, 1)
INSERT INTO interacts VALUES(385680638827, 1, Flaxxish, 2003, 783280, 1)
INSERT INTO interacts VALUES(385680638827, 1, Nisker, 1028, 790273, 1)
INSERT INTO interacts VALUES(385680638827, 1, Nisker, 2010, 791936, 1)
INSERT INTO interacts VALUES(385680638827, 1, Pomi, 1037, 804911, 1)
INSERT INTO interacts VALUES(385680638827, 1, Pomi, 2010, 806425, 1)
INSERT INTO interacts VALUES(385680638827, 1, Poppers OP, 1026, 808637, 1)
INSERT INTO interacts VALUES(385680638827, 1, Poppers OP, 3363, 810396, 1)
INSERT INTO interacts VALUES(385680638827, 1, ShorterACE, 3133, 811793, 1)
INSERT INTO interacts VALUES(385680638827, 1, k0u, 1409, 825461, 1)
INSERT INTO interacts VALUES(385680638827, 1, Trance, 3158, 828927, 1)
INSERT INTO interacts VALUES(385680638827, 1, Rikara, 3009, 828968, 1)
INSERT INTO interacts VALUES(385680638827, 1, RF Legendary, 3057, 829513, 1)
INSERT INTO interacts VALUES(385680638827, 1, k0u, 1028, 830276, 1)
INSERT INTO interacts VALUES(385680638827, 1, RF Legendary, 2043, 830432, 1)
INSERT INTO interacts VALUES(385680638827, 1, Trance, 2301, 831070, 1)
INSERT INTO interacts VALUES(385680638827, 1, Rikara, 3006, 831972, 1)
INSERT INTO interacts VALUES(385680638827, 1, Rikara, 2043, 834215, 1)
INSERT INTO interacts VALUES(385680638827, 1, RF Legendary, 2003, 835514, 1)
INSERT INTO interacts VALUES(385680638827, 1, RF Legendary, 2003, 835656, 1)
INSERT INTO interacts VALUES(385680638827, 1, Ablazeolive, 3065, 839281, 1)
INSERT INTO interacts VALUES(385680638827, 1, Rikara, 3363, 840376, 1)
INSERT INTO interacts VALUES(385680638827, 1, Ablazeolive, 3158, 842407, 1)
INSERT INTO interacts VALUES(385680638827, 1, Ablazeolive, 2043, 843292, 1)
INSERT INTO interacts VALUES(385680638827, 1, RF Legendary, 1001, 905348, 1)
INSERT INTO interacts VALUES(385680638827, 1, Flaxxish, 1082, 911596, 1)
INSERT INTO interacts VALUES(385680638827, 1, Flaxxish, 1026, 912839, 1)
INSERT INTO interacts VALUES(385680638827, 1, Nisker, 3801, 938948, 1)
INSERT INTO interacts VALUES(385680638827, 1, Nisker, 1033, 950294, 1)
INSERT INTO interacts VALUES(385680638827, 1, Poppers OP, 3027, 960395, 1)
INSERT INTO interacts VALUES(385680638827, 1, ShorterACE, 1408, 962412, 1)
INSERT INTO interacts VALUES(385680638827, 1, ShorterACE, 1033, 963265, 1)
INSERT INTO interacts VALUES(385680638827, 1, ShorterACE, 2043, 963965, 1)
INSERT INTO interacts VALUES(385680638827, 1, ShorterACE, 3364, 964287, 1)
INSERT INTO interacts VALUES(385680638827, 1, Pomi, 3086, 971590, 1)
INSERT INTO interacts VALUES(385680638827, 1, Poppers OP, 2003, 972576, 1)
INSERT INTO interacts VALUES(385680638827, 1, Pomi, 2010, 973508, 1)
INSERT INTO interacts VALUES(385680638827, 1, Rikara, 3044, 1003472, 1)
INSERT INTO interacts VALUES(385680638827, 1, Rikara, 1036, 1004071, 1)
INSERT INTO interacts VALUES(385680638827, 1, Ablazeolive, 3067, 1020047, 1)
INSERT INTO interacts VALUES(385680638827, 1, Trance, 3067, 1021319, 1)
INSERT INTO interacts VALUES(385680638827, 1, Ablazeolive, 1052, 1022275, 1)
INSERT INTO interacts VALUES(385680638827, 1, Trance, 1033, 1022892, 1)
INSERT INTO interacts VALUES(385680638827, 1, Trance, 2043, 1023448, 1)
INSERT INTO interacts VALUES(385680638827, 1, Trance, 3364, 1023953, 1)
INSERT INTO interacts VALUES(385680638827, 1, Trance, 2043, 1024613, 1)
INSERT INTO interacts VALUES(385680638827, 1, k0u, 3044, 1024679, 1)
INSERT INTO interacts VALUES(385680638827, 1, k0u, 2032, 1026294, 1)
INSERT INTO interacts VALUES(385680638827, 1, RF Legendary, 3078, 1087508, 1)
INSERT INTO interacts VALUES(385680638827, 1, RF Legendary, 2043, 1089776, 1)
INSERT INTO interacts VALUES(385680638827, 1, Flaxxish, 3135, 1135331, 1)
INSERT INTO interacts VALUES(385680638827, 1, Poppers OP, 3020, 1141641, 1)
INSERT INTO interacts VALUES(385680638827, 1, Poppers OP, 2003, 1142217, 1)
INSERT INTO interacts VALUES(385680638827, 1, ShorterACE, 3155, 1143243, 1)
INSERT INTO interacts VALUES(385680638827, 1, ShorterACE, 1042, 1144140, 1)
INSERT INTO interacts VALUES(385680638827, 1, ShorterACE, 1042, 1144312, 1)
INSERT INTO interacts VALUES(385680638827, 1, Nisker, 3105, 1145453, 1)
INSERT INTO interacts VALUES(385680638827, 1, Nisker, 1033, 1154280, 1)
INSERT INTO interacts VALUES(385680638827, 1, Flaxxish, 2003, 1167841, 0)
INSERT INTO interacts VALUES(385680638827, 1, Pomi, 1043, 1168075, 1)
INSERT INTO interacts VALUES(385680638827, 1, Flaxxish, 1052, 1168802, 1)
INSERT INTO interacts VALUES(385680638827, 1, RF Legendary, 3111, 1171611, 1)
INSERT INTO interacts VALUES(385680638827, 1, Pomi, 3085, 1188784, 1)
INSERT INTO interacts VALUES(385680638827, 1, Rikara, 3071, 1190848, 1)
INSERT INTO interacts VALUES(385680638827, 1, Rikara, 1042, 1192765, 1)
INSERT INTO interacts VALUES(385680638827, 1, Trance, 3190, 1193041, 1)
INSERT INTO interacts VALUES(385680638827, 1, Ablazeolive, 3152, 1193314, 1)
INSERT INTO interacts VALUES(385680638827, 1, Trance, 2043, 1194132, 1)
INSERT INTO interacts VALUES(385680638827, 1, Ablazeolive, 1011, 1196102, 1)
INSERT INTO interacts VALUES(385680638827, 1, Rikara, 1042, 1196370, 1)
INSERT INTO interacts VALUES(385680638827, 1, Ablazeolive, 2031, 1197545, 0)
INSERT INTO interacts VALUES(385680638827, 1, Ablazeolive, 2043, 1198536, 1)
INSERT INTO interacts VALUES(385680638827, 1, k0u, 3071, 1228608, 1)
INSERT INTO interacts VALUES(385680638827, 1, k0u, 3364, 1230515, 1)
INSERT INTO interacts VALUES(385680638827, 1, Poppers OP, 3108, 1307597, 1)
INSERT INTO interacts VALUES(385680638827, 1, RF Legendary, 1036, 1311797, 1)
INSERT INTO interacts VALUES(385680638827, 1, RF Legendary, 1036, 1311972, 1)
INSERT INTO interacts VALUES(385680638827, 1, Nisker, 3111, 1315861, 1)
INSERT INTO interacts VALUES(385680638827, 1, Pomi, 3006, 1316065, 1)
INSERT INTO interacts VALUES(385680638827, 1, Nisker, 3364, 1318417, 1)
INSERT INTO interacts VALUES(385680638827, 1, k0u, 1029, 1347238, 1)
INSERT INTO interacts VALUES(385680638827, 1, Flaxxish, 3136, 1347300, 1)
INSERT INTO interacts VALUES(385680638827, 1, Trance, 1082, 1347611, 1)
INSERT INTO interacts VALUES(385680638827, 1, Trance, 1052, 1352751, 1)
INSERT INTO interacts VALUES(385680638827, 1, Trance, 2031, 1354087, 0)
INSERT INTO interacts VALUES(385680638827, 1, Trance, 2043, 1354809, 1)
INSERT INTO interacts VALUES(385680638827, 1, Ablazeolive, 1054, 1386172, 0)
INSERT INTO interacts VALUES(385680638827, 1, Ablazeolive, 1058, 1387545, 1)
INSERT INTO matches VALUES(385680638827, 2, 2016-06-29)
INSERT INTO competes VALUES(385680638827, NVA, True)
INSERT INTO competes VALUES(385680638827, ENX, False)
INSERT INTO scores VALUES(NVA, 385680638827, 2, 0, 3, 0, 0, 1, 0)
INSERT INTO scores VALUES(ENX, 385680638827, 2, 2, 9, 1, 1, 1, 1)
INSERT INTO bans VALUES(385680638827, 2, 8, 1)
INSERT INTO bans VALUES(385680638827, 2, 421, 3)
INSERT INTO bans VALUES(385680638827, 2, 69, 5)
INSERT INTO bans VALUES(385680638827, 2, 13, 2)
INSERT INTO bans VALUES(385680638827, 2, 39, 4)
INSERT INTO bans VALUES(385680638827, 2, 43, 6)
INSERT INTO plays VALUES(385680638827, 2, RF Legendary, 76, Top, 3, 0, 0, 14858, 12, 2, 226, 2, 3, 10330)
INSERT INTO plays VALUES(385680638827, 2, ShorterACE, 64, Jungle, 1, 0, 1, 3997, 22, 9, 18, 71, 21, 8051)
INSERT INTO plays VALUES(385680638827, 2, Poppers OP, 157, Mid, 1, 2, 2, 10240, 10, 2, 221, 5, 0, 9363)
INSERT INTO plays VALUES(385680638827, 2, Pomi, 42, ADC, 1, 1, 0, 6069, 10, 2, 157, 6, 2, 7967)
INSERT INTO plays VALUES(385680638827, 2, Nisker, 40, Support, 0, 1, 2, 2256, 28, 7, 11, 0, 0, 5873)
INSERT INTO plays VALUES(385680638827, 2, Flaxxish, 24, Top, 1, 2, 1, 6016, 11, 1, 201, 0, 1, 9718)
INSERT INTO plays VALUES(385680638827, 2, k0u, 60, Jungle, 2, 0, 1, 7549, 16, 10, 32, 74, 12, 9802)
INSERT INTO plays VALUES(385680638827, 2, Ablazeolive, 268, Mid, 0, 2, 3, 10509, 15, 4, 190, 1, 0, 9433)
INSERT INTO plays VALUES(385680638827, 2, Rikara, 236, ADC, 1, 1, 1, 4117, 9, 4, 259, 10, 0, 11536)
INSERT INTO plays VALUES(385680638827, 2, Trance, 16, Support, 0, 1, 2, 2222, 32, 1, 3, 0, 0, 7076)
INSERT INTO interacts VALUES(385680638827, 2, Ablazeolive, 1056, 2599, 1)
INSERT INTO interacts VALUES(385680638827, 2, Ablazeolive, 2010, 2911, 1)
INSERT INTO interacts VALUES(385680638827, 2, Ablazeolive, 3340, 3216, 1)
INSERT INTO interacts VALUES(385680638827, 2, k0u, 1039, 3216, 1)
INSERT INTO interacts VALUES(385680638827, 2, RF Legendary, 1055, 3509, 1)
INSERT INTO interacts VALUES(385680638827, 2, RF Legendary, 3340, 3999, 1)
INSERT INTO interacts VALUES(385680638827, 2, Ablazeolive, 2010, 4001, 1)
INSERT INTO interacts VALUES(385680638827, 2, k0u, 2031, 4388, 1)
INSERT INTO interacts VALUES(385680638827, 2, RF Legendary, 2003, 4488, 1)
INSERT INTO interacts VALUES(385680638827, 2, k0u, 3340, 4648, 1)
INSERT INTO interacts VALUES(385680638827, 2, ShorterACE, 1041, 5561, 1)
INSERT INTO interacts VALUES(385680638827, 2, ShorterACE, 2031, 5920, 1)
INSERT INTO interacts VALUES(385680638827, 2, Rikara, 1055, 5953, 1)
INSERT INTO interacts VALUES(385680638827, 2, Rikara, 2003, 6180, 1)
INSERT INTO interacts VALUES(385680638827, 2, ShorterACE, 3340, 6245, 1)
INSERT INTO interacts VALUES(385680638827, 2, Rikara, 3340, 6472, 1)
INSERT INTO interacts VALUES(385680638827, 2, Trance, 3303, 7418, 1)
INSERT INTO interacts VALUES(385680638827, 2, Pomi, 1055, 7861, 1)
INSERT INTO interacts VALUES(385680638827, 2, Pomi, 2010, 8199, 1)
INSERT INTO interacts VALUES(385680638827, 2, Trance, 2010, 8588, 1)
INSERT INTO interacts VALUES(385680638827, 2, Trance, 2010, 8917, 1)
INSERT INTO interacts VALUES(385680638827, 2, Trance, 2010, 9273, 1)
INSERT INTO interacts VALUES(385680638827, 2, Trance, 3340, 10023, 1)
INSERT INTO interacts VALUES(385680638827, 2, Pomi, 3340, 11060, 1)
INSERT INTO interacts VALUES(385680638827, 2, Nisker, 3303, 11385, 1)
INSERT INTO interacts VALUES(385680638827, 2, Nisker, 2010, 11742, 1)
INSERT INTO interacts VALUES(385680638827, 2, Nisker, 2010, 11905, 1)
INSERT INTO interacts VALUES(385680638827, 2, Nisker, 2010, 12026, 1)
INSERT INTO interacts VALUES(385680638827, 2, Nisker, 3340, 12298, 1)
INSERT INTO interacts VALUES(385680638827, 2, Poppers OP, 1055, 14016, 1)
INSERT INTO interacts VALUES(385680638827, 2, Poppers OP, 2003, 14367, 1)
INSERT INTO interacts VALUES(385680638827, 2, Poppers OP, 3340, 14571, 1)
INSERT INTO interacts VALUES(385680638827, 2, Flaxxish, 2033, 18385, 1)
INSERT INTO interacts VALUES(385680638827, 2, Flaxxish, 3340, 18944, 1)
INSERT INTO interacts VALUES(385680638827, 2, Flaxxish, 1055, 254809, 1)
INSERT INTO interacts VALUES(385680638827, 2, Flaxxish, 2043, 256049, 1)
INSERT INTO interacts VALUES(385680638827, 2, ShorterACE, 1036, 269134, 1)
INSERT INTO interacts VALUES(385680638827, 2, ShorterACE, 1036, 269273, 1)
INSERT INTO interacts VALUES(385680638827, 2, ShorterACE, 2043, 270042, 1)
INSERT INTO interacts VALUES(385680638827, 2, k0u, 3117, 273862, 1)
INSERT INTO interacts VALUES(385680638827, 2, k0u, 3341, 276282, 1)
INSERT INTO interacts VALUES(385680638827, 2, Ablazeolive, 1056, 314077, 1)
INSERT INTO interacts VALUES(385680638827, 2, RF Legendary, 1055, 315419, 1)
INSERT INTO interacts VALUES(385680638827, 2, RF Legendary, 1028, 315707, 1)
INSERT INTO interacts VALUES(385680638827, 2, Ablazeolive, 1042, 315799, 1)
INSERT INTO interacts VALUES(385680638827, 2, RF Legendary, 2043, 316522, 1)
INSERT INTO interacts VALUES(385680638827, 2, RF Legendary, 2003, 316802, 1)
INSERT INTO interacts VALUES(385680638827, 2, RF Legendary, 2003, 316956, 1)
INSERT INTO interacts VALUES(385680638827, 2, Ablazeolive, 1006, 316968, 1)
INSERT INTO interacts VALUES(385680638827, 2, RF Legendary, 2003, 317125, 1)
INSERT INTO interacts VALUES(385680638827, 2, RF Legendary, 2003, 317417, 1)
INSERT INTO interacts VALUES(385680638827, 2, Ablazeolive, 2043, 317515, 1)
INSERT INTO interacts VALUES(385680638827, 2, Ablazeolive, 2031, 319514, 1)
INSERT INTO interacts VALUES(385680638827, 2, Ablazeolive, 2043, 320015, 1)
INSERT INTO interacts VALUES(385680638827, 2, Pomi, 3057, 327560, 1)
INSERT INTO interacts VALUES(385680638827, 2, Pomi, 2010, 327910, 1)
INSERT INTO interacts VALUES(385680638827, 2, Nisker, 3098, 329606, 1)
INSERT INTO interacts VALUES(385680638827, 2, Nisker, 2010, 330685, 1)
INSERT INTO interacts VALUES(385680638827, 2, Trance, 1028, 342742, 1)
INSERT INTO interacts VALUES(385680638827, 2, Trance, 2043, 344016, 1)
INSERT INTO interacts VALUES(385680638827, 2, Rikara, 3134, 344278, 1)
INSERT INTO interacts VALUES(385680638827, 2, Rikara, 2043, 345892, 1)
INSERT INTO interacts VALUES(385680638827, 2, Flaxxish, 1036, 350698, 1)
INSERT INTO interacts VALUES(385680638827, 2, Flaxxish, 1001, 352137, 1)
INSERT INTO interacts VALUES(385680638827, 2, Flaxxish, 2043, 352858, 1)
INSERT INTO interacts VALUES(385680638827, 2, Poppers OP, 3155, 361047, 1)
INSERT INTO interacts VALUES(385680638827, 2, Poppers OP, 2003, 361949, 1)
INSERT INTO interacts VALUES(385680638827, 2, Poppers OP, 2003, 362122, 1)
INSERT INTO interacts VALUES(385680638827, 2, Poppers OP, 2003, 365236, 1)
INSERT INTO interacts VALUES(385680638827, 2, ShorterACE, 3715, 379235, 1)
INSERT INTO interacts VALUES(385680638827, 2, ShorterACE, 2043, 379918, 1)
INSERT INTO interacts VALUES(385680638827, 2, k0u, 1052, 400734, 1)
INSERT INTO interacts VALUES(385680638827, 2, k0u, 2032, 402042, 1)
INSERT INTO interacts VALUES(385680638827, 2, k0u, 2043, 403094, 1)
INSERT INTO interacts VALUES(385680638827, 2, k0u, 3340, 405802, 1)
INSERT INTO interacts VALUES(385680638827, 2, Pomi, 1036, 507633, 1)
INSERT INTO interacts VALUES(385680638827, 2, Pomi, 1001, 509179, 1)
INSERT INTO interacts VALUES(385680638827, 2, Pomi, 2010, 509416, 1)
INSERT INTO interacts VALUES(385680638827, 2, Rikara, 3133, 521952, 1)
INSERT INTO interacts VALUES(385680638827, 2, Flaxxish, 2043, 534499, 0)
INSERT INTO interacts VALUES(385680638827, 2, Flaxxish, 1028, 538115, 1)
INSERT INTO interacts VALUES(385680638827, 2, Trance, 2049, 538667, 1)
INSERT INTO interacts VALUES(385680638827, 2, Trance, 3341, 542084, 1)
INSERT INTO interacts VALUES(385680638827, 2, Trance, 2043, 543818, 1)
INSERT INTO interacts VALUES(385680638827, 2, Trance, 1001, 546142, 1)
INSERT INTO interacts VALUES(385680638827, 2, RF Legendary, 3044, 550195, 1)
INSERT INTO interacts VALUES(385680638827, 2, RF Legendary, 1029, 551404, 1)
INSERT INTO interacts VALUES(385680638827, 2, RF Legendary, 1001, 552937, 1)
INSERT INTO interacts VALUES(385680638827, 2, Flaxxish, 3044, 585852, 1)
INSERT INTO interacts VALUES(385680638827, 2, Poppers OP, 3086, 598356, 1)
INSERT INTO interacts VALUES(385680638827, 2, Poppers OP, 2043, 600124, 1)
INSERT INTO interacts VALUES(385680638827, 2, Poppers OP, 2003, 603777, 1)
INSERT INTO interacts VALUES(385680638827, 2, k0u, 3113, 619479, 1)
INSERT INTO interacts VALUES(385680638827, 2, k0u, 1052, 619716, 1)
INSERT INTO interacts VALUES(385680638827, 2, k0u, 2043, 622382, 1)
INSERT INTO interacts VALUES(385680638827, 2, k0u, 3341, 622608, 1)
INSERT INTO interacts VALUES(385680638827, 2, Ablazeolive, 3101, 629643, 1)
INSERT INTO interacts VALUES(385680638827, 2, Ablazeolive, 1001, 630832, 1)
INSERT INTO interacts VALUES(385680638827, 2, Ablazeolive, 3108, 634358, 1)
INSERT INTO interacts VALUES(385680638827, 2, Ablazeolive, 2043, 635275, 1)
INSERT INTO interacts VALUES(385680638827, 2, RF Legendary, 3047, 717367, 1)
INSERT INTO interacts VALUES(385680638827, 2, RF Legendary, 1042, 719274, 1)
INSERT INTO interacts VALUES(385680638827, 2, RF Legendary, 2003, 721047, 1)
INSERT INTO interacts VALUES(385680638827, 2, Flaxxish, 3047, 732226, 1)
INSERT INTO interacts VALUES(385680638827, 2, ShorterACE, 1412, 733142, 1)
INSERT INTO interacts VALUES(385680638827, 2, ShorterACE, 2049, 734217, 1)
INSERT INTO interacts VALUES(385680638827, 2, ShorterACE, 3341, 734835, 1)
INSERT INTO interacts VALUES(385680638827, 2, k0u, 1410, 784152, 1)
INSERT INTO interacts VALUES(385680638827, 2, Ablazeolive, 3115, 786795, 1)
INSERT INTO interacts VALUES(385680638827, 2, Trance, 3098, 792964, 1)
INSERT INTO interacts VALUES(385680638827, 2, Rikara, 3142, 795677, 1)
INSERT INTO interacts VALUES(385680638827, 2, Rikara, 1001, 796708, 1)
INSERT INTO interacts VALUES(385680638827, 2, Rikara, 1036, 798069, 1)
INSERT INTO interacts VALUES(385680638827, 2, Rikara, 2043, 799179, 1)
INSERT INTO interacts VALUES(385680638827, 2, Poppers OP, 3046, 805439, 1)
INSERT INTO interacts VALUES(385680638827, 2, Nisker, 2049, 819028, 1)
INSERT INTO interacts VALUES(385680638827, 2, Nisker, 1001, 819801, 1)
INSERT INTO interacts VALUES(385680638827, 2, Pomi, 3044, 820706, 1)
INSERT INTO interacts VALUES(385680638827, 2, Nisker, 3341, 821076, 1)
INSERT INTO interacts VALUES(385680638827, 2, Pomi, 1042, 823570, 1)
INSERT INTO interacts VALUES(385680638827, 2, Pomi, 1042, 824699, 1)
INSERT INTO interacts VALUES(385680638827, 2, Nisker, 1082, 824962, 1)
INSERT INTO interacts VALUES(385680638827, 2, Flaxxish, 3057, 894243, 1)
INSERT INTO interacts VALUES(385680638827, 2, ShorterACE, 3111, 909083, 1)
INSERT INTO interacts VALUES(385680638827, 2, ShorterACE, 2043, 910309, 1)
INSERT INTO interacts VALUES(385680638827, 2, ShorterACE, 3364, 911821, 1)
INSERT INTO interacts VALUES(385680638827, 2, RF Legendary, 1055, 918315, 0)
INSERT INTO interacts VALUES(385680638827, 2, RF Legendary, 3078, 921331, 1)
INSERT INTO interacts VALUES(385680638827, 2, Poppers OP, 1001, 925299, 1)
INSERT INTO interacts VALUES(385680638827, 2, Poppers OP, 2003, 926149, 1)
INSERT INTO interacts VALUES(385680638827, 2, Poppers OP, 2003, 926361, 1)
INSERT INTO interacts VALUES(385680638827, 2, Ablazeolive, 3006, 933215, 1)
INSERT INTO interacts VALUES(385680638827, 2, Trance, 2301, 933564, 1)
INSERT INTO interacts VALUES(385680638827, 2, Ablazeolive, 2043, 934473, 1)
INSERT INTO interacts VALUES(385680638827, 2, Rikara, 3044, 934677, 1)
INSERT INTO interacts VALUES(385680638827, 2, Trance, 3158, 935152, 1)
INSERT INTO interacts VALUES(385680638827, 2, Rikara, 2003, 936152, 0)
INSERT INTO interacts VALUES(385680638827, 2, Trance, 2043, 936224, 1)
INSERT INTO interacts VALUES(385680638827, 2, Trance, 2043, 936529, 1)
INSERT INTO interacts VALUES(385680638827, 2, Trance, 2010, 937056, 1)
INSERT INTO interacts VALUES(385680638827, 2, Rikara, 1036, 937617, 1)
INSERT INTO interacts VALUES(385680638827, 2, Rikara, 3363, 938934, 1)
INSERT INTO interacts VALUES(385680638827, 2, k0u, 3067, 951641, 1)
INSERT INTO interacts VALUES(385680638827, 2, k0u, 1052, 951947, 1)
INSERT INTO interacts VALUES(385680638827, 2, k0u, 2043, 954555, 1)
INSERT INTO interacts VALUES(385680638827, 2, k0u, 3364, 957359, 1)
INSERT INTO interacts VALUES(385680638827, 2, Nisker, 1028, 963249, 1)
INSERT INTO interacts VALUES(385680638827, 2, Pomi, 3078, 964565, 1)
INSERT INTO interacts VALUES(385680638827, 2, Poppers OP, 1036, 1004497, 1)
INSERT INTO interacts VALUES(385680638827, 2, Poppers OP, 3363, 1023664, 1)
INSERT INTO interacts VALUES(385680638827, 2, RF Legendary, 1028, 1049089, 1)
INSERT INTO interacts VALUES(385680638827, 2, RF Legendary, 2043, 1050309, 1)
INSERT INTO interacts VALUES(385680638827, 2, Rikara, 3071, 1111035, 1)
INSERT INTO interacts VALUES(385680638827, 2, Trance, 3067, 1114317, 1)
INSERT INTO interacts VALUES(385680638827, 2, Trance, 2043, 1115361, 1)
INSERT INTO interacts VALUES(385680638827, 2, Trance, 2031, 1116925, 1)
INSERT INTO interacts VALUES(385680638827, 2, k0u, 3152, 1122773, 1)
INSERT INTO interacts VALUES(385680638827, 2, Flaxxish, 3078, 1123216, 1)
INSERT INTO interacts VALUES(385680638827, 2, k0u, 2043, 1124499, 1)
INSERT INTO interacts VALUES(385680638827, 2, Ablazeolive, 1058, 1133762, 1)
INSERT INTO interacts VALUES(385680638827, 2, Ablazeolive, 2031, 1134594, 0)
INSERT INTO interacts VALUES(385680638827, 2, Ablazeolive, 2043, 1135472, 1)
INSERT INTO interacts VALUES(385680638827, 2, Nisker, 2301, 1139816, 1)
INSERT INTO interacts VALUES(385680638827, 2, Nisker, 3801, 1142527, 1)
INSERT INTO interacts VALUES(385680638827, 2, RF Legendary, 3052, 1147290, 1)
INSERT INTO interacts VALUES(385680638827, 2, ShorterACE, 3134, 1148136, 1)
INSERT INTO interacts VALUES(385680638827, 2, RF Legendary, 3086, 1151584, 1)
INSERT INTO interacts VALUES(385680638827, 2, Pomi, 3020, 1157773, 1)
INSERT INTO interacts VALUES(385680638827, 2, Pomi, 2010, 1159336, 1)
INSERT INTO interacts VALUES(385680638827, 2, Pomi, 2043, 1162682, 1)
INSERT INTO interacts VALUES(385680638827, 2, Poppers OP, 3134, 1197865, 1)
INSERT INTO interacts VALUES(385680638827, 2, Rikara, 2043, 1206609, 0)
INSERT INTO interacts VALUES(385680638827, 2, Rikara, 3006, 1209067, 1)
INSERT INTO interacts VALUES(385680638827, 2, Nisker, 2043, 1222234, 1)
INSERT INTO interacts VALUES(385680638827, 2, Flaxxish, 1053, 1233095, 1)
INSERT INTO interacts VALUES(385680638827, 2, Ablazeolive, 1052, 1234799, 1)
INSERT INTO interacts VALUES(385680638827, 2, Trance, 1028, 1241457, 1)
INSERT INTO interacts VALUES(385680638827, 2, k0u, 1028, 1271657, 1)
INSERT INTO interacts VALUES(385680638827, 2, k0u, 1052, 1273089, 1)
INSERT INTO interacts VALUES(385680638827, 2, Poppers OP, 3156, 1275686, 1)
INSERT INTO interacts VALUES(385680638827, 2, Poppers OP, 2003, 1276586, 1)
INSERT INTO interacts VALUES(385680638827, 2, Poppers OP, 2003, 1276773, 1)
INSERT INTO interacts VALUES(385680638827, 2, Nisker, 3364, 1280526, 1)
INSERT INTO interacts VALUES(385680638827, 2, ShorterACE, 1036, 1281016, 1)
INSERT INTO interacts VALUES(385680638827, 2, ShorterACE, 2031, 1282162, 0)
INSERT INTO interacts VALUES(385680638827, 2, Nisker, 1033, 1282687, 1)
INSERT INTO interacts VALUES(385680638827, 2, ShorterACE, 2043, 1283301, 1)
INSERT INTO interacts VALUES(385680638827, 2, Nisker, 2043, 1283728, 1)
INSERT INTO interacts VALUES(385680638827, 2, RF Legendary, 1055, 1284660, 0)
INSERT INTO interacts VALUES(385680638827, 2, RF Legendary, 3046, 1285855, 1)
INSERT INTO interacts VALUES(385680638827, 2, Pomi, 3133, 1290813, 1)
INSERT INTO interacts VALUES(385680638827, 2, Rikara, 1042, 1327151, 1)
INSERT INTO interacts VALUES(385680638827, 2, Rikara, 1042, 1327304, 1)
INSERT INTO interacts VALUES(385680638827, 2, Trance, 1033, 1337829, 1)
INSERT INTO interacts VALUES(385680638827, 2, Trance, 3364, 1340577, 1)
INSERT INTO interacts VALUES(385680638827, 2, Poppers OP, 1038, 1404635, 1)
INSERT INTO interacts VALUES(385680638827, 2, Nisker, 3105, 1405857, 1)
INSERT INTO interacts VALUES(385680638827, 2, Nisker, 2043, 1407330, 1)
INSERT INTO interacts VALUES(385680638827, 2, Nisker, 2043, 1407925, 1)
INSERT INTO interacts VALUES(385680638827, 2, Nisker, 2010, 1408197, 1)
INSERT INTO interacts VALUES(385680638827, 2, Flaxxish, 3144, 1442549, 1)
INSERT INTO interacts VALUES(385680638827, 2, Flaxxish, 1052, 1443002, 1)
INSERT INTO interacts VALUES(385680638827, 2, k0u, 2031, 1443763, 0)
INSERT INTO interacts VALUES(385680638827, 2, k0u, 1058, 1444483, 1)
INSERT INTO interacts VALUES(385680638827, 2, ShorterACE, 3133, 1444539, 1)
INSERT INTO interacts VALUES(385680638827, 2, Ablazeolive, 1056, 1445506, 0)
INSERT INTO interacts VALUES(385680638827, 2, ShorterACE, 2140, 1445642, 1)
INSERT INTO interacts VALUES(385680638827, 2, Rikara, 1055, 1446362, 0)
INSERT INTO interacts VALUES(385680638827, 2, Trance, 3105, 1447457, 1)
INSERT INTO interacts VALUES(385680638827, 2, Rikara, 3046, 1447873, 1)
INSERT INTO interacts VALUES(385680638827, 2, Rikara, 2043, 1449308, 1)
INSERT INTO interacts VALUES(385680638827, 2, Trance, 2031, 1450514, 0)
INSERT INTO interacts VALUES(385680638827, 2, Trance, 2032, 1457335, 1)
INSERT INTO interacts VALUES(385680638827, 2, Ablazeolive, 3116, 1457521, 1)
INSERT INTO interacts VALUES(385680638827, 2, Trance, 3801, 1460093, 1)
INSERT INTO interacts VALUES(385680638827, 2, Poppers OP, 2140, 1494474, 1)
INSERT INTO interacts VALUES(385680638827, 2, RF Legendary, 3052, 1498664, 1)
INSERT INTO interacts VALUES(385680638827, 2, RF Legendary, 1036, 1499967, 1)
INSERT INTO interacts VALUES(385680638827, 2, Nisker, 3158, 1559513, 1)
INSERT INTO series VALUES(
                    Game 1 of 2
                  )
INSERT INTO organizes VALUES(385680638827)
INSERT INTO matches VALUES(256345545001, 1, 2016-06-29)
INSERT INTO competes VALUES(256345545001, APP, True)
INSERT INTO competes VALUES(256345545001, C9C, False)
INSERT INTO scores VALUES(APP, 256345545001, 1, 4, 11, 1, 3, 5, 1)
INSERT INTO scores VALUES(C9C, 256345545001, 1, 0, 2, 0, 0, 0, 0)
INSERT INTO bans VALUES(256345545001, 1, 201, 1)
INSERT INTO bans VALUES(256345545001, 1, 4, 3)
INSERT INTO bans VALUES(256345545001, 1, 43, 5)
INSERT INTO bans VALUES(256345545001, 1, 268, 2)
INSERT INTO bans VALUES(256345545001, 1, 69, 4)
INSERT INTO bans VALUES(256345545001, 1, 8, 6)
INSERT INTO plays VALUES(256345545001, 1, Cris, 48, NONE, 4, 3, 8, 18958, 21, 4, 300, 0, 6, 17716)
INSERT INTO plays VALUES(256345545001, 1, Diamondprox, 421, Jungle, 6, 2, 7, 15726, 41, 25, 37, 74, 41, 15944)
INSERT INTO plays VALUES(256345545001, 1, Shiphtur, 112, Mid, 6, 3, 11, 35538, 18, 2, 261, 29, 5, 17656)
INSERT INTO plays VALUES(256345545001, 1, Roar, 202, Top, 6, 3, 8, 44466, 22, 8, 285, 16, 12, 18018)
INSERT INTO plays VALUES(256345545001, 1, KonKwon, 432, Top, 1, 3, 16, 11786, 51, 16, 30, 2, 0, 13385)
INSERT INTO plays VALUES(256345545001, 1, Balls, 68, NONE, 1, 7, 6, 28979, 17, 2, 265, 12, 0, 13622)
INSERT INTO plays VALUES(256345545001, 1, Contractz, 2, Jungle, 3, 6, 7, 18225, 32, 21, 68, 79, 11, 13418)
INSERT INTO plays VALUES(256345545001, 1, Hai, 50, Mid, 1, 5, 6, 25132, 16, 12, 351, 7, 0, 14603)
INSERT INTO plays VALUES(256345545001, 1, Altec, 81, Top, 6, 2, 4, 38003, 12, 9, 343, 25, 1, 16959)
INSERT INTO plays VALUES(256345545001, 1, LemonNation, 267, Top, 3, 3, 10, 8406, 51, 13, 30, 0, 0, 11216)
INSERT INTO interacts VALUES(256345545001, 1, Altec, 3340, 1554, 1)
INSERT INTO interacts VALUES(256345545001, 1, LemonNation, 3340, 1716, 1)
INSERT INTO interacts VALUES(256345545001, 1, Altec, 1055, 1813, 1)
INSERT INTO interacts VALUES(256345545001, 1, Hai, 3340, 1860, 1)
INSERT INTO interacts VALUES(256345545001, 1, Contractz, 3340, 1910, 1)
INSERT INTO interacts VALUES(256345545001, 1, Roar, 1055, 1915, 1)
INSERT INTO interacts VALUES(256345545001, 1, Altec, 2010, 2007, 1)
INSERT INTO interacts VALUES(256345545001, 1, Balls, 3340, 2009, 1)
INSERT INTO interacts VALUES(256345545001, 1, Roar, 2010, 2121, 1)
INSERT INTO interacts VALUES(256345545001, 1, Balls, 1054, 2269, 1)
INSERT INTO interacts VALUES(256345545001, 1, Contractz, 1039, 2302, 1)
INSERT INTO interacts VALUES(256345545001, 1, LemonNation, 3303, 2302, 1)
INSERT INTO interacts VALUES(256345545001, 1, Roar, 3340, 2365, 1)
INSERT INTO interacts VALUES(256345545001, 1, Hai, 1056, 2431, 1)
INSERT INTO interacts VALUES(256345545001, 1, Balls, 2003, 2499, 1)
INSERT INTO interacts VALUES(256345545001, 1, Hai, 2003, 2723, 1)
INSERT INTO interacts VALUES(256345545001, 1, LemonNation, 2010, 2725, 1)
INSERT INTO interacts VALUES(256345545001, 1, LemonNation, 2010, 2854, 1)
INSERT INTO interacts VALUES(256345545001, 1, Hai, 2003, 2854, 1)
INSERT INTO interacts VALUES(256345545001, 1, LemonNation, 2010, 2953, 1)
INSERT INTO interacts VALUES(256345545001, 1, Contractz, 2031, 3016, 1)
INSERT INTO interacts VALUES(256345545001, 1, KonKwon, 3303, 3829, 1)
INSERT INTO interacts VALUES(256345545001, 1, KonKwon, 2010, 4025, 1)
INSERT INTO interacts VALUES(256345545001, 1, KonKwon, 2010, 4186, 1)
INSERT INTO interacts VALUES(256345545001, 1, Shiphtur, 1056, 4205, 1)
INSERT INTO interacts VALUES(256345545001, 1, KonKwon, 2010, 4286, 1)
INSERT INTO interacts VALUES(256345545001, 1, Shiphtur, 2003, 4446, 1)
INSERT INTO interacts VALUES(256345545001, 1, KonKwon, 3340, 4515, 1)
INSERT INTO interacts VALUES(256345545001, 1, Shiphtur, 2003, 4576, 1)
INSERT INTO interacts VALUES(256345545001, 1, Shiphtur, 3340, 4741, 1)
INSERT INTO interacts VALUES(256345545001, 1, Cris, 2033, 5917, 1)
INSERT INTO interacts VALUES(256345545001, 1, Cris, 3340, 6245, 1)
INSERT INTO interacts VALUES(256345545001, 1, Diamondprox, 1041, 7745, 1)
INSERT INTO interacts VALUES(256345545001, 1, Diamondprox, 2031, 8597, 1)
INSERT INTO interacts VALUES(256345545001, 1, Diamondprox, 3340, 9152, 1)
INSERT INTO interacts VALUES(256345545001, 1, Contractz, 2032, 191600, 1)
INSERT INTO interacts VALUES(256345545001, 1, Contractz, 2043, 191970, 1)
INSERT INTO interacts VALUES(256345545001, 1, Hai, 1001, 212023, 1)
INSERT INTO interacts VALUES(256345545001, 1, Hai, 2003, 212286, 1)
INSERT INTO interacts VALUES(256345545001, 1, Shiphtur, 1056, 215437, 1)
INSERT INTO interacts VALUES(256345545001, 1, Shiphtur, 2043, 219617, 1)
INSERT INTO interacts VALUES(256345545001, 1, Shiphtur, 2003, 220303, 1)
INSERT INTO interacts VALUES(256345545001, 1, Cris, 1055, 260512, 1)
INSERT INTO interacts VALUES(256345545001, 1, Cris, 2043, 261274, 1)
INSERT INTO interacts VALUES(256345545001, 1, Roar, 1001, 287952, 1)
INSERT INTO interacts VALUES(256345545001, 1, KonKwon, 1028, 289215, 1)
INSERT INTO interacts VALUES(256345545001, 1, Roar, 1036, 289841, 1)
INSERT INTO interacts VALUES(256345545001, 1, Roar, 2010, 290561, 1)
INSERT INTO interacts VALUES(256345545001, 1, Roar, 2010, 290698, 1)
INSERT INTO interacts VALUES(256345545001, 1, Altec, 3070, 292666, 1)
INSERT INTO interacts VALUES(256345545001, 1, KonKwon, 2010, 292855, 1)
INSERT INTO interacts VALUES(256345545001, 1, Altec, 2043, 293740, 1)
INSERT INTO interacts VALUES(256345545001, 1, Altec, 2010, 293924, 1)
INSERT INTO interacts VALUES(256345545001, 1, KonKwon, 2043, 294018, 1)
INSERT INTO interacts VALUES(256345545001, 1, Altec, 2010, 294075, 1)
INSERT INTO interacts VALUES(256345545001, 1, Diamondprox, 3706, 321851, 1)
INSERT INTO interacts VALUES(256345545001, 1, Diamondprox, 2049, 325302, 1)
INSERT INTO interacts VALUES(256345545001, 1, Diamondprox, 3341, 325967, 1)
INSERT INTO interacts VALUES(256345545001, 1, Diamondprox, 2043, 326457, 1)
INSERT INTO interacts VALUES(256345545001, 1, Balls, 3145, 349701, 1)
INSERT INTO interacts VALUES(256345545001, 1, Balls, 2003, 350736, 1)
INSERT INTO interacts VALUES(256345545001, 1, Balls, 2043, 352634, 1)
INSERT INTO interacts VALUES(256345545001, 1, Contractz, 3158, 387691, 1)
INSERT INTO interacts VALUES(256345545001, 1, Contractz, 2043, 390158, 1)
INSERT INTO interacts VALUES(256345545001, 1, Hai, 1028, 393071, 1)
INSERT INTO interacts VALUES(256345545001, 1, Hai, 1033, 394821, 1)
INSERT INTO interacts VALUES(256345545001, 1, Hai, 2003, 395684, 1)
INSERT INTO interacts VALUES(256345545001, 1, Balls, 2003, 425411, 1)
INSERT INTO interacts VALUES(256345545001, 1, LemonNation, 2049, 464138, 1)
INSERT INTO interacts VALUES(256345545001, 1, LemonNation, 3341, 464412, 1)
INSERT INTO interacts VALUES(256345545001, 1, LemonNation, 2043, 465838, 1)
INSERT INTO interacts VALUES(256345545001, 1, LemonNation, 2010, 467541, 1)
INSERT INTO interacts VALUES(256345545001, 1, LemonNation, 2010, 467746, 1)
INSERT INTO interacts VALUES(256345545001, 1, Cris, 3211, 493742, 1)
INSERT INTO interacts VALUES(256345545001, 1, Cris, 2043, 494139, 1)
INSERT INTO interacts VALUES(256345545001, 1, Roar, 3134, 496116, 1)
INSERT INTO interacts VALUES(256345545001, 1, Hai, 1027, 496623, 1)
INSERT INTO interacts VALUES(256345545001, 1, Roar, 1036, 497120, 1)
INSERT INTO interacts VALUES(256345545001, 1, Hai, 2003, 497120, 1)
INSERT INTO interacts VALUES(256345545001, 1, Roar, 2010, 497829, 1)
INSERT INTO interacts VALUES(256345545001, 1, Diamondprox, 3009, 509500, 1)
INSERT INTO interacts VALUES(256345545001, 1, Diamondprox, 1029, 512896, 1)
INSERT INTO interacts VALUES(256345545001, 1, Balls, 1028, 518606, 1)
INSERT INTO interacts VALUES(256345545001, 1, KonKwon, 2049, 519330, 1)
INSERT INTO interacts VALUES(256345545001, 1, Shiphtur, 3196, 519394, 1)
INSERT INTO interacts VALUES(256345545001, 1, KonKwon, 3341, 520088, 1)
INSERT INTO interacts VALUES(256345545001, 1, KonKwon, 2043, 520353, 1)
INSERT INTO interacts VALUES(256345545001, 1, KonKwon, 2043, 520486, 1)
INSERT INTO interacts VALUES(256345545001, 1, Shiphtur, 1001, 521676, 1)
INSERT INTO interacts VALUES(256345545001, 1, Altec, 3057, 522369, 1)
INSERT INTO interacts VALUES(256345545001, 1, Shiphtur, 2043, 522507, 1)
INSERT INTO interacts VALUES(256345545001, 1, Shiphtur, 2031, 522867, 1)
INSERT INTO interacts VALUES(256345545001, 1, KonKwon, 2010, 523012, 1)
INSERT INTO interacts VALUES(256345545001, 1, Altec, 1001, 523333, 1)
INSERT INTO interacts VALUES(256345545001, 1, Contractz, 3706, 542735, 1)
INSERT INTO interacts VALUES(256345545001, 1, Contractz, 2043, 543697, 1)
INSERT INTO interacts VALUES(256345545001, 1, Balls, 3067, 605274, 1)
INSERT INTO interacts VALUES(256345545001, 1, Balls, 2003, 606051, 1)
INSERT INTO interacts VALUES(256345545001, 1, Balls, 2003, 606184, 1)
INSERT INTO interacts VALUES(256345545001, 1, Balls, 2043, 610388, 1)
INSERT INTO interacts VALUES(256345545001, 1, KonKwon, 1001, 629180, 1)
INSERT INTO interacts VALUES(256345545001, 1, KonKwon, 1004, 629849, 1)
INSERT INTO interacts VALUES(256345545001, 1, Roar, 1038, 631384, 1)
INSERT INTO interacts VALUES(256345545001, 1, KonKwon, 2010, 632050, 1)
INSERT INTO interacts VALUES(256345545001, 1, Cris, 1001, 634726, 1)
INSERT INTO interacts VALUES(256345545001, 1, Cris, 1028, 635872, 1)
INSERT INTO interacts VALUES(256345545001, 1, Altec, 1037, 666968, 1)
INSERT INTO interacts VALUES(256345545001, 1, LemonNation, 3158, 668812, 1)
INSERT INTO interacts VALUES(256345545001, 1, Contractz, 3751, 700921, 1)
INSERT INTO interacts VALUES(256345545001, 1, KonKwon, 2043, 703349, 1)
INSERT INTO interacts VALUES(256345545001, 1, Diamondprox, 3751, 736513, 1)
INSERT INTO interacts VALUES(256345545001, 1, LemonNation, 2043, 765979, 1)
INSERT INTO interacts VALUES(256345545001, 1, Balls, 3152, 785403, 1)
INSERT INTO interacts VALUES(256345545001, 1, Balls, 1001, 786530, 1)
INSERT INTO interacts VALUES(256345545001, 1, Balls, 2003, 786785, 1)
INSERT INTO interacts VALUES(256345545001, 1, Hai, 2003, 815810, 0)
INSERT INTO interacts VALUES(256345545001, 1, KonKwon, 3009, 816794, 1)
INSERT INTO interacts VALUES(256345545001, 1, Hai, 3027, 818706, 1)
INSERT INTO interacts VALUES(256345545001, 1, Hai, 3363, 820430, 1)
INSERT INTO interacts VALUES(256345545001, 1, Cris, 3077, 841847, 1)
INSERT INTO interacts VALUES(256345545001, 1, Balls, 3020, 890293, 1)
INSERT INTO interacts VALUES(256345545001, 1, Contractz, 1401, 892354, 1)
INSERT INTO interacts VALUES(256345545001, 1, Diamondprox, 1401, 892461, 1)
INSERT INTO interacts VALUES(256345545001, 1, Contractz, 1033, 893351, 1)
INSERT INTO interacts VALUES(256345545001, 1, Contractz, 3364, 893974, 1)
INSERT INTO interacts VALUES(256345545001, 1, Diamondprox, 1031, 894375, 1)
INSERT INTO interacts VALUES(256345545001, 1, Roar, 3147, 894990, 1)
INSERT INTO interacts VALUES(256345545001, 1, Diamondprox, 2043, 895273, 1)
INSERT INTO interacts VALUES(256345545001, 1, Diamondprox, 3364, 895536, 1)
INSERT INTO interacts VALUES(256345545001, 1, Roar, 3009, 896633, 1)
INSERT INTO interacts VALUES(256345545001, 1, Contractz, 1028, 896918, 1)
INSERT INTO interacts VALUES(256345545001, 1, Contractz, 3364, 897701, 1)
INSERT INTO interacts VALUES(256345545001, 1, Roar, 2043, 897701, 1)
INSERT INTO interacts VALUES(256345545001, 1, Contractz, 2043, 898124, 1)
INSERT INTO interacts VALUES(256345545001, 1, Shiphtur, 3197, 906044, 1)
INSERT INTO interacts VALUES(256345545001, 1, Shiphtur, 3198, 907751, 1)
INSERT INTO interacts VALUES(256345545001, 1, Shiphtur, 2043, 909370, 1)
INSERT INTO interacts VALUES(256345545001, 1, Shiphtur, 3363, 910418, 1)
INSERT INTO interacts VALUES(256345545001, 1, LemonNation, 3098, 917680, 1)
INSERT INTO interacts VALUES(256345545001, 1, LemonNation, 2043, 918168, 1)
INSERT INTO interacts VALUES(256345545001, 1, Hai, 1052, 924315, 1)
INSERT INTO interacts VALUES(256345545001, 1, Hai, 2043, 926307, 1)
INSERT INTO interacts VALUES(256345545001, 1, Altec, 3004, 933332, 1)
INSERT INTO interacts VALUES(256345545001, 1, Altec, 3024, 934905, 1)
INSERT INTO interacts VALUES(256345545001, 1, Altec, 3363, 939595, 1)
INSERT INTO interacts VALUES(256345545001, 1, Balls, 1028, 954621, 1)
INSERT INTO interacts VALUES(256345545001, 1, KonKwon, 3098, 979843, 1)
INSERT INTO interacts VALUES(256345545001, 1, KonKwon, 2043, 980163, 1)
INSERT INTO interacts VALUES(256345545001, 1, KonKwon, 2043, 980273, 1)
INSERT INTO interacts VALUES(256345545001, 1, Roar, 3134, 991295, 1)
INSERT INTO interacts VALUES(256345545001, 1, Diamondprox, 1028, 1004680, 1)
INSERT INTO interacts VALUES(256345545001, 1, Roar, 1036, 1065304, 1)
INSERT INTO interacts VALUES(256345545001, 1, Roar, 2010, 1067276, 1)
INSERT INTO interacts VALUES(256345545001, 1, Roar, 2010, 1067408, 1)
INSERT INTO interacts VALUES(256345545001, 1, LemonNation, 2301, 1070923, 1)
INSERT INTO interacts VALUES(256345545001, 1, Altec, 3025, 1071285, 1)
INSERT INTO interacts VALUES(256345545001, 1, LemonNation, 2010, 1071841, 0)
INSERT INTO interacts VALUES(256345545001, 1, Altec, 2043, 1072533, 1)
INSERT INTO interacts VALUES(256345545001, 1, LemonNation, 2043, 1072950, 1)
INSERT INTO interacts VALUES(256345545001, 1, Cris, 3111, 1123525, 1)
INSERT INTO interacts VALUES(256345545001, 1, Cris, 3067, 1126062, 1)
INSERT INTO interacts VALUES(256345545001, 1, Contractz, 2049, 1138722, 1)
INSERT INTO interacts VALUES(256345545001, 1, Contractz, 1029, 1139854, 1)
INSERT INTO interacts VALUES(256345545001, 1, Contractz, 1028, 1140549, 1)
INSERT INTO interacts VALUES(256345545001, 1, Hai, 3191, 1145740, 1)
INSERT INTO interacts VALUES(256345545001, 1, Hai, 1052, 1148668, 1)
INSERT INTO interacts VALUES(256345545001, 1, Roar, 3133, 1169647, 1)
INSERT INTO interacts VALUES(256345545001, 1, Roar, 2043, 1172301, 1)
INSERT INTO interacts VALUES(256345545001, 1, Shiphtur, 1058, 1174719, 1)
INSERT INTO interacts VALUES(256345545001, 1, Shiphtur, 3158, 1176248, 1)
INSERT INTO interacts VALUES(256345545001, 1, KonKwon, 2043, 1180434, 1)
INSERT INTO interacts VALUES(256345545001, 1, KonKwon, 2043, 1180546, 1)
INSERT INTO interacts VALUES(256345545001, 1, KonKwon, 3364, 1180906, 1)
INSERT INTO interacts VALUES(256345545001, 1, KonKwon, 2301, 1181354, 1)
INSERT INTO interacts VALUES(256345545001, 1, KonKwon, 1028, 1184578, 1)
INSERT INTO interacts VALUES(256345545001, 1, Balls, 3136, 1214769, 1)
INSERT INTO interacts VALUES(256345545001, 1, Diamondprox, 2031, 1218418, 0)
INSERT INTO interacts VALUES(256345545001, 1, Diamondprox, 3742, 1219599, 1)
INSERT INTO interacts VALUES(256345545001, 1, LemonNation, 1028, 1220196, 1)
INSERT INTO interacts VALUES(256345545001, 1, LemonNation, 2043, 1221732, 1)
INSERT INTO interacts VALUES(256345545001, 1, Altec, 3158, 1253586, 1)
INSERT INTO interacts VALUES(256345545001, 1, Altec, 1036, 1254624, 1)
INSERT INTO interacts VALUES(256345545001, 1, Altec, 2043, 1255488, 1)
INSERT INTO interacts VALUES(256345545001, 1, Hai, 3108, 1306772, 1)
INSERT INTO interacts VALUES(256345545001, 1, LemonNation, 2043, 1313514, 1)
INSERT INTO interacts VALUES(256345545001, 1, Hai, 3111, 1322492, 1)
INSERT INTO interacts VALUES(256345545001, 1, Hai, 2003, 1323511, 1)
INSERT INTO interacts VALUES(256345545001, 1, Hai, 2003, 1323715, 1)
INSERT INTO interacts VALUES(256345545001, 1, Roar, 3142, 1340261, 1)
INSERT INTO interacts VALUES(256345545001, 1, Cris, 3065, 1341372, 1)
INSERT INTO interacts VALUES(256345545001, 1, Roar, 1037, 1342082, 1)
INSERT INTO interacts VALUES(256345545001, 1, KonKwon, 3105, 1342438, 1)
INSERT INTO interacts VALUES(256345545001, 1, Roar, 2043, 1342727, 1)
INSERT INTO interacts VALUES(256345545001, 1, KonKwon, 2043, 1342875, 1)
INSERT INTO interacts VALUES(256345545001, 1, Roar, 3363, 1342962, 1)
INSERT INTO interacts VALUES(256345545001, 1, KonKwon, 2043, 1342994, 1)
INSERT INTO interacts VALUES(256345545001, 1, Diamondprox, 1057, 1344448, 1)
INSERT INTO interacts VALUES(256345545001, 1, Diamondprox, 1031, 1345729, 1)
INSERT INTO interacts VALUES(256345545001, 1, Shiphtur, 3116, 1349638, 1)
INSERT INTO interacts VALUES(256345545001, 1, Cris, 1053, 1351302, 1)
INSERT INTO interacts VALUES(256345545001, 1, Shiphtur, 2139, 1354312, 1)
INSERT INTO interacts VALUES(256345545001, 1, Contractz, 1011, 1373170, 1)
INSERT INTO interacts VALUES(256345545001, 1, Contractz, 1031, 1373595, 1)
INSERT INTO interacts VALUES(256345545001, 1, Cris, 2033, 1401584, 0)
INSERT INTO interacts VALUES(256345545001, 1, Cris, 3024, 1402732, 1)
INSERT INTO interacts VALUES(256345545001, 1, LemonNation, 3801, 1430258, 1)
INSERT INTO interacts VALUES(256345545001, 1, LemonNation, 1033, 1433744, 1)
INSERT INTO interacts VALUES(256345545001, 1, Altec, 1037, 1452696, 1)
INSERT INTO interacts VALUES(256345545001, 1, Balls, 1026, 1461472, 1)
INSERT INTO interacts VALUES(256345545001, 1, Hai, 2003, 1495158, 0)
INSERT INTO interacts VALUES(256345545001, 1, Hai, 3157, 1497133, 1)
INSERT INTO interacts VALUES(256345545001, 1, Shiphtur, 2031, 1524876, 0)
INSERT INTO interacts VALUES(256345545001, 1, Cris, 3074, 1525096, 1)
INSERT INTO interacts VALUES(256345545001, 1, Shiphtur, 3057, 1526856, 1)
INSERT INTO interacts VALUES(256345545001, 1, LemonNation, 3105, 1529988, 1)
INSERT INTO interacts VALUES(256345545001, 1, KonKwon, 3190, 1534751, 1)
INSERT INTO interacts VALUES(256345545001, 1, KonKwon, 2043, 1535125, 1)
INSERT INTO interacts VALUES(256345545001, 1, KonKwon, 2043, 1535266, 1)
INSERT INTO interacts VALUES(256345545001, 1, KonKwon, 2010, 1539130, 1)
INSERT INTO interacts VALUES(256345545001, 1, Roar, 1038, 1539139, 1)
INSERT INTO interacts VALUES(256345545001, 1, Diamondprox, 3026, 1556514, 1)
INSERT INTO interacts VALUES(256345545001, 1, Cris, 2043, 1556606, 1)
INSERT INTO interacts VALUES(256345545001, 1, Cris, 3363, 1557777, 1)
INSERT INTO interacts VALUES(256345545001, 1, Contractz, 3742, 1558509, 1)
INSERT INTO interacts VALUES(256345545001, 1, Diamondprox, 2043, 1559875, 1)
INSERT INTO interacts VALUES(256345545001, 1, Diamondprox, 2043, 1559994, 1)
INSERT INTO interacts VALUES(256345545001, 1, Hai, 1052, 1564349, 1)
INSERT INTO interacts VALUES(256345545001, 1, Balls, 3151, 1577586, 1)
INSERT INTO interacts VALUES(256345545001, 1, LemonNation, 3364, 1578595, 1)
INSERT INTO interacts VALUES(256345545001, 1, Altec, 3036, 1581575, 1)
INSERT INTO interacts VALUES(256345545001, 1, Altec, 1042, 1584373, 1)
INSERT INTO interacts VALUES(256345545001, 1, Balls, 1052, 1586791, 1)
INSERT INTO interacts VALUES(256345545001, 1, LemonNation, 1028, 1587902, 1)
INSERT INTO interacts VALUES(256345545001, 1, LemonNation, 3067, 1715880, 1)
INSERT INTO interacts VALUES(256345545001, 1, LemonNation, 2043, 1717660, 1)
INSERT INTO interacts VALUES(256345545001, 1, KonKwon, 2043, 1718968, 1)
INSERT INTO interacts VALUES(256345545001, 1, KonKwon, 2043, 1719100, 1)
INSERT INTO interacts VALUES(256345545001, 1, KonKwon, 3024, 1722860, 1)
INSERT INTO interacts VALUES(256345545001, 1, Shiphtur, 1056, 1723795, 0)
INSERT INTO interacts VALUES(256345545001, 1, Shiphtur, 3113, 1725286, 1)
INSERT INTO interacts VALUES(256345545001, 1, Contractz, 1057, 1731334, 1)
INSERT INTO interacts VALUES(256345545001, 1, Cris, 3025, 1732402, 1)
INSERT INTO interacts VALUES(256345545001, 1, Contractz, 2032, 1732986, 0)
INSERT INTO interacts VALUES(256345545001, 1, Contractz, 2043, 1733589, 1)
INSERT INTO interacts VALUES(256345545001, 1, Cris, 2043, 1734241, 1)
INSERT INTO interacts VALUES(256345545001, 1, Roar, 1055, 1752739, 0)
INSERT INTO interacts VALUES(256345545001, 1, Roar, 3031, 1753233, 1)
INSERT INTO interacts VALUES(256345545001, 1, Diamondprox, 1011, 1756239, 1)
INSERT INTO interacts VALUES(256345545001, 1, Roar, 2043, 1757661, 1)
INSERT INTO interacts VALUES(256345545001, 1, Hai, 2003, 1770179, 0)
INSERT INTO interacts VALUES(256345545001, 1, Balls, 1026, 1773410, 1)
INSERT INTO interacts VALUES(256345545001, 1, Hai, 1057, 1773717, 1)
INSERT INTO interacts VALUES(256345545001, 1, Hai, 3108, 1774675, 1)
INSERT INTO interacts VALUES(256345545001, 1, Shiphtur, 3100, 1853776, 1)
INSERT INTO interacts VALUES(256345545001, 1, Shiphtur, 1026, 1856204, 1)
INSERT INTO interacts VALUES(256345545001, 1, Contractz, 3211, 1859120, 1)
INSERT INTO interacts VALUES(256345545001, 1, KonKwon, 2043, 1865125, 1)
INSERT INTO interacts VALUES(256345545001, 1, LemonNation, 3190, 1867388, 1)
INSERT INTO interacts VALUES(256345545001, 1, LemonNation, 3114, 1869835, 1)
INSERT INTO interacts VALUES(256345545001, 1, Cris, 1055, 1887527, 0)
INSERT INTO interacts VALUES(256345545001, 1, Cris, 1057, 1889398, 1)
INSERT INTO interacts VALUES(256345545001, 1, KonKwon, 1029, 1889545, 1)
INSERT INTO interacts VALUES(256345545001, 1, Cris, 1057, 1892341, 1)
INSERT INTO interacts VALUES(256345545001, 1, Cris, 1029, 1895683, 1)
INSERT INTO interacts VALUES(256345545001, 1, Roar, 3123, 1896250, 1)
INSERT INTO interacts VALUES(256345545001, 1, Hai, 3001, 1898154, 1)
INSERT INTO interacts VALUES(256345545001, 1, LemonNation, 2043, 1918348, 1)
INSERT INTO interacts VALUES(256345545001, 1, Altec, 1043, 1918391, 1)
INSERT INTO interacts VALUES(256345545001, 1, Altec, 3153, 1977459, 1)
INSERT INTO interacts VALUES(256345545001, 1, Contractz, 3102, 2033492, 1)
INSERT INTO interacts VALUES(256345545001, 1, Hai, 2139, 2034672, 1)
INSERT INTO interacts VALUES(256345545001, 1, Contractz, 2043, 2034771, 1)
INSERT INTO interacts VALUES(256345545001, 1, Balls, 3135, 2037422, 1)
INSERT INTO interacts VALUES(256345545001, 1, LemonNation, 2139, 2037476, 1)
INSERT INTO interacts VALUES(256345545001, 1, KonKwon, 3110, 2063603, 1)
INSERT INTO interacts VALUES(256345545001, 1, KonKwon, 2043, 2081641, 1)
INSERT INTO interacts VALUES(256345545001, 1, Roar, 3035, 2089129, 1)
INSERT INTO interacts VALUES(256345545001, 1, Cris, 3026, 2089383, 1)
INSERT INTO interacts VALUES(256345545001, 1, Cris, 2043, 2090921, 1)
INSERT INTO interacts VALUES(256345545001, 1, Shiphtur, 1056, 2092101, 0)
INSERT INTO interacts VALUES(256345545001, 1, Shiphtur, 1058, 2093914, 1)
INSERT INTO interacts VALUES(256345545001, 1, Diamondprox, 3143, 2096011, 1)
INSERT INTO interacts VALUES(256345545001, 1, Diamondprox, 1011, 2105467, 0)
INSERT INTO interacts VALUES(256345545001, 1, Diamondprox, 3065, 2109012, 1)
INSERT INTO interacts VALUES(256345545001, 1, Altec, 1055, 2115870, 0)
INSERT INTO interacts VALUES(256345545001, 1, Altec, 3155, 2119502, 1)
INSERT INTO interacts VALUES(256345545001, 1, LemonNation, 3113, 2122341, 1)
INSERT INTO interacts VALUES(256345545001, 1, Hai, 1058, 2124902, 1)
INSERT INTO interacts VALUES(256345545001, 1, Balls, 1052, 2133501, 1)
INSERT INTO interacts VALUES(256345545001, 1, Balls, 3108, 2201986, 1)
INSERT INTO interacts VALUES(256345545001, 1, Hai, 1056, 2335749, 0)
INSERT INTO interacts VALUES(256345545001, 1, Hai, 1026, 2337714, 1)
INSERT INTO interacts VALUES(256345545001, 1, Cris, 1011, 2340637, 1)
INSERT INTO interacts VALUES(256345545001, 1, LemonNation, 3504, 2341809, 1)
INSERT INTO interacts VALUES(256345545001, 1, LemonNation, 2043, 2343897, 1)
INSERT INTO interacts VALUES(256345545001, 1, Cris, 2138, 2348172, 1)
INSERT INTO interacts VALUES(256345545001, 1, Contractz, 1031, 2348415, 1)
INSERT INTO interacts VALUES(256345545001, 1, Contractz, 2138, 2349864, 1)
INSERT INTO interacts VALUES(256345545001, 1, Roar, 3033, 2375737, 1)
INSERT INTO interacts VALUES(256345545001, 1, Shiphtur, 3135, 2384839, 1)
INSERT INTO interacts VALUES(256345545001, 1, KonKwon, 2043, 2391202, 1)
INSERT INTO interacts VALUES(256345545001, 1, KonKwon, 2043, 2391334, 1)
INSERT INTO interacts VALUES(256345545001, 1, Roar, 3155, 2401867, 1)
INSERT INTO interacts VALUES(256345545001, 1, Roar, 2140, 2406515, 1)
INSERT INTO interacts VALUES(256345545001, 1, KonKwon, 3802, 2416251, 1)
INSERT INTO interacts VALUES(256345545001, 1, KonKwon, 3009, 2417313, 1)
INSERT INTO interacts VALUES(256345545001, 1, KonKwon, 1011, 2418533, 1)
INSERT INTO interacts VALUES(256345545001, 1, Shiphtur, 2139, 2421660, 1)
INSERT INTO interacts VALUES(256345545001, 1, KonKwon, 2139, 2422353, 1)
INSERT INTO interacts VALUES(256345545001, 1, LemonNation, 1058, 2424704, 1)
INSERT INTO interacts VALUES(256345545001, 1, Cris, 2138, 2430383, 1)
INSERT INTO interacts VALUES(256345545001, 1, Altec, 3156, 2431891, 1)
INSERT INTO interacts VALUES(256345545001, 1, Altec, 2140, 2453950, 1)
INSERT INTO interacts VALUES(256345545001, 1, Balls, 3157, 2454148, 1)
INSERT INTO interacts VALUES(256345545001, 1, Hai, 3089, 2475788, 1)
INSERT INTO interacts VALUES(256345545001, 1, Diamondprox, 2049, 2476691, 0)
INSERT INTO interacts VALUES(256345545001, 1, Diamondprox, 3075, 2478524, 1)
INSERT INTO interacts VALUES(256345545001, 1, Diamondprox, 2138, 2485139, 1)
INSERT INTO interacts VALUES(256345545001, 1, Contractz, 3026, 2492797, 1)
INSERT INTO matches VALUES(256345545001, 2, 2016-06-29)
INSERT INTO competes VALUES(256345545001, APP, True)
INSERT INTO competes VALUES(256345545001, C9C, False)
INSERT INTO scores VALUES(APP, 256345545001, 2, 3, 9, 1, 1, 3, 1)
INSERT INTO scores VALUES(C9C, 256345545001, 2, 0, 3, 0, 0, 1, 0)
INSERT INTO bans VALUES(256345545001, 2, 268, 1)
INSERT INTO bans VALUES(256345545001, 2, 69, 3)
INSERT INTO bans VALUES(256345545001, 2, 48, 5)
INSERT INTO bans VALUES(256345545001, 2, 201, 2)
INSERT INTO bans VALUES(256345545001, 2, 43, 4)
INSERT INTO bans VALUES(256345545001, 2, 8, 6)
INSERT INTO plays VALUES(256345545001, 2, Balls, 50, Top, 4, 3, 7, 16416, 18, 4, 281, 10, 9, 14883)
INSERT INTO plays VALUES(256345545001, 2, Contractz, 421, Jungle, 1, 3, 13, 11535, 32, 23, 58, 69, 17, 12929)
INSERT INTO plays VALUES(256345545001, 2, Hai, 13, Mid, 12, 1, 5, 26576, 17, 11, 288, 14, 10, 17595)
INSERT INTO plays VALUES(256345545001, 2, Altec, 202, ADC, 7, 2, 12, 27913, 17, 8, 256, 6, 4, 15737)
INSERT INTO plays VALUES(256345545001, 2, LemonNation, 16, Support, 0, 2, 13, 3526, 49, 6, 7, 0, 0, 9706)
INSERT INTO plays VALUES(256345545001, 2, Cris, 68, Top, 2, 6, 4, 17363, 20, 1, 271, 7, 2, 12891)
INSERT INTO plays VALUES(256345545001, 2, Diamondprox, 60, Jungle, 3, 6, 5, 16954, 29, 16, 44, 69, 9, 11670)
INSERT INTO plays VALUES(256345545001, 2, Shiphtur, 110, Mid, 6, 4, 2, 32872, 16, 8, 267, 14, 2, 13486)
INSERT INTO plays VALUES(256345545001, 2, Roar, 81, ADC, 0, 4, 5, 22829, 18, 8, 258, 27, 2, 12413)
INSERT INTO plays VALUES(256345545001, 2, KonKwon, 267, Support, 0, 4, 7, 8078, 50, 19, 21, 0, 0, 9009)
INSERT INTO interacts VALUES(256345545001, 2, Hai, 3340, 1256, 1)
INSERT INTO interacts VALUES(256345545001, 2, Contractz, 3340, 1336, 1)
INSERT INTO interacts VALUES(256345545001, 2, Altec, 3340, 1449, 1)
INSERT INTO interacts VALUES(256345545001, 2, Hai, 1056, 1594, 1)
INSERT INTO interacts VALUES(256345545001, 2, Altec, 1055, 1677, 1)
INSERT INTO interacts VALUES(256345545001, 2, Contractz, 1041, 1743, 1)
INSERT INTO interacts VALUES(256345545001, 2, Balls, 1056, 1809, 1)
INSERT INTO interacts VALUES(256345545001, 2, Hai, 2003, 1809, 1)
INSERT INTO interacts VALUES(256345545001, 2, Altec, 2010, 1809, 1)
INSERT INTO interacts VALUES(256345545001, 2, LemonNation, 3340, 1904, 1)
INSERT INTO interacts VALUES(256345545001, 2, Hai, 2003, 1971, 1)
INSERT INTO interacts VALUES(256345545001, 2, Balls, 2003, 2113, 1)
INSERT INTO interacts VALUES(256345545001, 2, LemonNation, 3303, 2228, 1)
INSERT INTO interacts VALUES(256345545001, 2, Balls, 2003, 2294, 1)
INSERT INTO interacts VALUES(256345545001, 2, Contractz, 2031, 2521, 1)
INSERT INTO interacts VALUES(256345545001, 2, LemonNation, 2010, 2524, 1)
INSERT INTO interacts VALUES(256345545001, 2, KonKwon, 3303, 2632, 1)
INSERT INTO interacts VALUES(256345545001, 2, Balls, 3340, 2684, 1)
INSERT INTO interacts VALUES(256345545001, 2, LemonNation, 2010, 2684, 1)
INSERT INTO interacts VALUES(256345545001, 2, LemonNation, 2010, 2844, 1)
INSERT INTO interacts VALUES(256345545001, 2, KonKwon, 2010, 2876, 1)
INSERT INTO interacts VALUES(256345545001, 2, KonKwon, 2010, 3008, 1)
INSERT INTO interacts VALUES(256345545001, 2, KonKwon, 2010, 3233, 1)
INSERT INTO interacts VALUES(256345545001, 2, KonKwon, 3340, 3786, 1)
INSERT INTO interacts VALUES(256345545001, 2, Roar, 1055, 3819, 1)
INSERT INTO interacts VALUES(256345545001, 2, Roar, 2010, 4046, 1)
INSERT INTO interacts VALUES(256345545001, 2, Roar, 3340, 4243, 1)
INSERT INTO interacts VALUES(256345545001, 2, Shiphtur, 2033, 5801, 1)
INSERT INTO interacts VALUES(256345545001, 2, Diamondprox, 1039, 6418, 1)
INSERT INTO interacts VALUES(256345545001, 2, Shiphtur, 3340, 6615, 1)
INSERT INTO interacts VALUES(256345545001, 2, Diamondprox, 2031, 7426, 1)
INSERT INTO interacts VALUES(256345545001, 2, Diamondprox, 3340, 7785, 1)
INSERT INTO interacts VALUES(256345545001, 2, Cris, 1054, 15282, 1)
INSERT INTO interacts VALUES(256345545001, 2, Cris, 3340, 15833, 1)
INSERT INTO interacts VALUES(256345545001, 2, Cris, 2003, 16355, 1)
INSERT INTO interacts VALUES(256345545001, 2, Contractz, 3706, 219439, 1)
INSERT INTO interacts VALUES(256345545001, 2, Balls, 1028, 337179, 1)
INSERT INTO interacts VALUES(256345545001, 2, Balls, 1056, 337796, 1)
INSERT INTO interacts VALUES(256345545001, 2, Balls, 2003, 338578, 1)
INSERT INTO interacts VALUES(256345545001, 2, Shiphtur, 3070, 345453, 1)
INSERT INTO interacts VALUES(256345545001, 2, Contractz, 1028, 347268, 1)
INSERT INTO interacts VALUES(256345545001, 2, Shiphtur, 1036, 348989, 1)
INSERT INTO interacts VALUES(256345545001, 2, Contractz, 2043, 348996, 1)
INSERT INTO interacts VALUES(256345545001, 2, Shiphtur, 2043, 350108, 1)
INSERT INTO interacts VALUES(256345545001, 2, Cris, 3067, 370131, 1)
INSERT INTO interacts VALUES(256345545001, 2, Cris, 1052, 371377, 1)
INSERT INTO interacts VALUES(256345545001, 2, Cris, 3145, 375940, 1)
INSERT INTO interacts VALUES(256345545001, 2, Cris, 1028, 376628, 1)
INSERT INTO interacts VALUES(256345545001, 2, Cris, 2043, 377407, 1)
INSERT INTO interacts VALUES(256345545001, 2, Cris, 2003, 379197, 1)
INSERT INTO interacts VALUES(256345545001, 2, Hai, 3070, 385377, 1)
INSERT INTO interacts VALUES(256345545001, 2, Hai, 3070, 385377, 1)
INSERT INTO interacts VALUES(256345545001, 2, Hai, 3010, 388860, 1)
INSERT INTO interacts VALUES(256345545001, 2, Hai, 2043, 390683, 1)
INSERT INTO interacts VALUES(256345545001, 2, Hai, 2003, 390953, 1)
INSERT INTO interacts VALUES(256345545001, 2, Hai, 2003, 391135, 1)
INSERT INTO interacts VALUES(256345545001, 2, Diamondprox, 3711, 401568, 1)
INSERT INTO interacts VALUES(256345545001, 2, Diamondprox, 3113, 403746, 1)
INSERT INTO interacts VALUES(256345545001, 2, Diamondprox, 2043, 404107, 1)
INSERT INTO interacts VALUES(256345545001, 2, LemonNation, 2049, 409991, 1)
INSERT INTO interacts VALUES(256345545001, 2, LemonNation, 3341, 410559, 1)
INSERT INTO interacts VALUES(256345545001, 2, LemonNation, 2043, 416484, 1)
INSERT INTO interacts VALUES(256345545001, 2, Diamondprox, 1052, 483307, 1)
INSERT INTO interacts VALUES(256345545001, 2, Roar, 3057, 488662, 1)
INSERT INTO interacts VALUES(256345545001, 2, Roar, 3070, 490637, 1)
INSERT INTO interacts VALUES(256345545001, 2, Roar, 1001, 491562, 1)
INSERT INTO interacts VALUES(256345545001, 2, Roar, 2010, 491822, 1)
INSERT INTO interacts VALUES(256345545001, 2, Roar, 2010, 491988, 1)
INSERT INTO interacts VALUES(256345545001, 2, KonKwon, 2049, 492542, 1)
INSERT INTO interacts VALUES(256345545001, 2, KonKwon, 3341, 494179, 1)
INSERT INTO interacts VALUES(256345545001, 2, KonKwon, 2043, 494614, 1)
INSERT INTO interacts VALUES(256345545001, 2, KonKwon, 2043, 494747, 1)
INSERT INTO interacts VALUES(256345545001, 2, Contractz, 2049, 518560, 1)
INSERT INTO interacts VALUES(256345545001, 2, Altec, 1038, 521554, 1)
INSERT INTO interacts VALUES(256345545001, 2, Contractz, 3341, 522394, 1)
INSERT INTO interacts VALUES(256345545001, 2, Altec, 1036, 522656, 1)
INSERT INTO interacts VALUES(256345545001, 2, Altec, 1036, 522760, 1)
INSERT INTO interacts VALUES(256345545001, 2, Altec, 2010, 523510, 1)
INSERT INTO interacts VALUES(256345545001, 2, LemonNation, 1001, 524542, 1)
INSERT INTO interacts VALUES(256345545001, 2, Contractz, 1001, 525259, 1)
INSERT INTO interacts VALUES(256345545001, 2, LemonNation, 2010, 529179, 1)
INSERT INTO interacts VALUES(256345545001, 2, LemonNation, 2010, 531497, 1)
INSERT INTO interacts VALUES(256345545001, 2, Cris, 3067, 561914, 1)
INSERT INTO interacts VALUES(256345545001, 2, Cris, 1001, 563196, 1)
INSERT INTO interacts VALUES(256345545001, 2, Cris, 2003, 563831, 1)
INSERT INTO interacts VALUES(256345545001, 2, Cris, 2003, 564110, 1)
INSERT INTO interacts VALUES(256345545001, 2, Balls, 3010, 615113, 1)
INSERT INTO interacts VALUES(256345545001, 2, Balls, 1026, 617525, 1)
INSERT INTO interacts VALUES(256345545001, 2, Balls, 2003, 618377, 1)
INSERT INTO interacts VALUES(256345545001, 2, KonKwon, 1001, 655346, 1)
INSERT INTO interacts VALUES(256345545001, 2, KonKwon, 1004, 656503, 1)
INSERT INTO interacts VALUES(256345545001, 2, KonKwon, 2043, 657170, 1)
INSERT INTO interacts VALUES(256345545001, 2, KonKwon, 2043, 657285, 1)
INSERT INTO interacts VALUES(256345545001, 2, Roar, 1037, 667326, 1)
INSERT INTO interacts VALUES(256345545001, 2, Shiphtur, 3155, 667856, 1)
INSERT INTO interacts VALUES(256345545001, 2, Roar, 2010, 668704, 1)
INSERT INTO interacts VALUES(256345545001, 2, Shiphtur, 1001, 669507, 1)
INSERT INTO interacts VALUES(256345545001, 2, Shiphtur, 1036, 671527, 1)
INSERT INTO interacts VALUES(256345545001, 2, Shiphtur, 2043, 674063, 1)
INSERT INTO interacts VALUES(256345545001, 2, Diamondprox, 1410, 683585, 1)
INSERT INTO interacts VALUES(256345545001, 2, Diamondprox, 1001, 686336, 1)
INSERT INTO interacts VALUES(256345545001, 2, Cris, 3152, 687072, 1)
INSERT INTO interacts VALUES(256345545001, 2, Diamondprox, 1052, 688790, 1)
INSERT INTO interacts VALUES(256345545001, 2, Cris, 3111, 689285, 1)
INSERT INTO interacts VALUES(256345545001, 2, Cris, 3363, 690179, 1)
INSERT INTO interacts VALUES(256345545001, 2, Diamondprox, 2043, 690545, 1)
INSERT INTO interacts VALUES(256345545001, 2, Diamondprox, 3341, 690814, 1)
INSERT INTO interacts VALUES(256345545001, 2, Altec, 3147, 691277, 1)
INSERT INTO interacts VALUES(256345545001, 2, Altec, 1001, 691782, 1)
INSERT INTO interacts VALUES(256345545001, 2, Altec, 2043, 692585, 1)
INSERT INTO interacts VALUES(256345545001, 2, Altec, 2010, 692780, 1)
INSERT INTO interacts VALUES(256345545001, 2, Hai, 3027, 729532, 1)
INSERT INTO interacts VALUES(256345545001, 2, Hai, 3009, 731605, 1)
INSERT INTO interacts VALUES(256345545001, 2, Hai, 3363, 733242, 1)
INSERT INTO interacts VALUES(256345545001, 2, Balls, 3027, 733547, 1)
INSERT INTO interacts VALUES(256345545001, 2, Balls, 1001, 734450, 1)
INSERT INTO interacts VALUES(256345545001, 2, Hai, 2043, 736697, 1)
INSERT INTO interacts VALUES(256345545001, 2, LemonNation, 3158, 737106, 1)
INSERT INTO interacts VALUES(256345545001, 2, Balls, 2043, 737355, 1)
INSERT INTO interacts VALUES(256345545001, 2, LemonNation, 1082, 738762, 1)
INSERT INTO interacts VALUES(256345545001, 2, LemonNation, 2010, 739762, 1)
INSERT INTO interacts VALUES(256345545001, 2, Contractz, 3751, 751619, 1)
INSERT INTO interacts VALUES(256345545001, 2, Contractz, 2043, 753098, 1)
INSERT INTO interacts VALUES(256345545001, 2, KonKwon, 2043, 805240, 1)
INSERT INTO interacts VALUES(256345545001, 2, KonKwon, 3098, 805525, 1)
INSERT INTO interacts VALUES(256345545001, 2, KonKwon, 2043, 807140, 1)
INSERT INTO interacts VALUES(256345545001, 2, Roar, 2010, 811880, 0)
INSERT INTO interacts VALUES(256345545001, 2, Roar, 3004, 815924, 1)
INSERT INTO interacts VALUES(256345545001, 2, Contractz, 1401, 847598, 1)
INSERT INTO interacts VALUES(256345545001, 2, Cris, 1028, 854737, 1)
INSERT INTO interacts VALUES(256345545001, 2, Cris, 1052, 855438, 1)
INSERT INTO interacts VALUES(256345545001, 2, KonKwon, 2010, 856498, 1)
INSERT INTO interacts VALUES(256345545001, 2, KonKwon, 2010, 856595, 1)
INSERT INTO interacts VALUES(256345545001, 2, Diamondprox, 3067, 857889, 1)
INSERT INTO interacts VALUES(256345545001, 2, LemonNation, 3098, 911967, 1)
INSERT INTO interacts VALUES(256345545001, 2, LemonNation, 2043, 912374, 1)
INSERT INTO interacts VALUES(256345545001, 2, LemonNation, 2010, 912873, 1)
INSERT INTO interacts VALUES(256345545001, 2, Balls, 1057, 914454, 1)
INSERT INTO interacts VALUES(256345545001, 2, Balls, 2003, 915758, 1)
INSERT INTO interacts VALUES(256345545001, 2, Hai, 1058, 927928, 1)
INSERT INTO interacts VALUES(256345545001, 2, Cris, 2043, 929398, 1)
INSERT INTO interacts VALUES(256345545001, 2, Altec, 3134, 929524, 1)
INSERT INTO interacts VALUES(256345545001, 2, Altec, 2043, 930056, 1)
INSERT INTO interacts VALUES(256345545001, 2, Altec, 2010, 930254, 1)
INSERT INTO interacts VALUES(256345545001, 2, Altec, 2010, 930365, 1)
INSERT INTO interacts VALUES(256345545001, 2, Diamondprox, 2043, 930494, 1)
INSERT INTO interacts VALUES(256345545001, 2, Diamondprox, 3364, 931401, 1)
INSERT INTO interacts VALUES(256345545001, 2, Diamondprox, 3364, 932962, 1)
INSERT INTO interacts VALUES(256345545001, 2, Shiphtur, 3133, 961722, 1)
INSERT INTO interacts VALUES(256345545001, 2, Shiphtur, 1036, 963578, 1)
INSERT INTO interacts VALUES(256345545001, 2, Shiphtur, 3158, 965346, 1)
INSERT INTO interacts VALUES(256345545001, 2, Shiphtur, 3363, 967264, 1)
INSERT INTO interacts VALUES(256345545001, 2, Balls, 2003, 1002650, 0)
INSERT INTO interacts VALUES(256345545001, 2, Balls, 1052, 1003774, 1)
INSERT INTO interacts VALUES(256345545001, 2, KonKwon, 3158, 1045225, 1)
INSERT INTO interacts VALUES(256345545001, 2, KonKwon, 2043, 1045674, 1)
INSERT INTO interacts VALUES(256345545001, 2, KonKwon, 2010, 1046005, 1)
INSERT INTO interacts VALUES(256345545001, 2, LemonNation, 2301, 1054284, 1)
INSERT INTO interacts VALUES(256345545001, 2, Cris, 2043, 1056321, 1)
INSERT INTO interacts VALUES(256345545001, 2, LemonNation, 2010, 1060396, 1)
INSERT INTO interacts VALUES(256345545001, 2, Roar, 3024, 1062642, 1)
INSERT INTO interacts VALUES(256345545001, 2, Roar, 3363, 1064023, 1)
INSERT INTO interacts VALUES(256345545001, 2, Roar, 1036, 1065330, 1)
INSERT INTO interacts VALUES(256345545001, 2, Contractz, 3111, 1079171, 1)
INSERT INTO interacts VALUES(256345545001, 2, Contractz, 1033, 1079731, 1)
INSERT INTO interacts VALUES(256345545001, 2, Contractz, 1028, 1080211, 1)
INSERT INTO interacts VALUES(256345545001, 2, Contractz, 3364, 1081033, 1)
INSERT INTO interacts VALUES(256345545001, 2, Shiphtur, 3134, 1083098, 1)
INSERT INTO interacts VALUES(256345545001, 2, Diamondprox, 3152, 1094459, 1)
INSERT INTO interacts VALUES(256345545001, 2, Diamondprox, 2043, 1099146, 1)
INSERT INTO interacts VALUES(256345545001, 2, Balls, 3111, 1101409, 1)
INSERT INTO interacts VALUES(256345545001, 2, Cris, 3136, 1105836, 1)
INSERT INTO interacts VALUES(256345545001, 2, Cris, 2043, 1106873, 1)
INSERT INTO interacts VALUES(256345545001, 2, Roar, 3025, 1169154, 1)
INSERT INTO interacts VALUES(256345545001, 2, KonKwon, 2301, 1170387, 1)
INSERT INTO interacts VALUES(256345545001, 2, Contractz, 3211, 1202400, 1)
INSERT INTO interacts VALUES(256345545001, 2, Contractz, 1028, 1203336, 1)
INSERT INTO interacts VALUES(256345545001, 2, Altec, 3142, 1210786, 1)
INSERT INTO interacts VALUES(256345545001, 2, Altec, 2043, 1211698, 1)
INSERT INTO interacts VALUES(256345545001, 2, Altec, 2010, 1211863, 1)
INSERT INTO interacts VALUES(256345545001, 2, Altec, 3363, 1212651, 1)
INSERT INTO interacts VALUES(256345545001, 2, LemonNation, 3801, 1214756, 1)
INSERT INTO interacts VALUES(256345545001, 2, LemonNation, 2043, 1215643, 1)
INSERT INTO interacts VALUES(256345545001, 2, LemonNation, 2010, 1215836, 1)
INSERT INTO interacts VALUES(256345545001, 2, LemonNation, 2010, 1216856, 1)
INSERT INTO interacts VALUES(256345545001, 2, Hai, 3003, 1217516, 1)
INSERT INTO interacts VALUES(256345545001, 2, Hai, 1057, 1217775, 1)
INSERT INTO interacts VALUES(256345545001, 2, Hai, 1029, 1220862, 1)
INSERT INTO interacts VALUES(256345545001, 2, Shiphtur, 3142, 1257079, 1)
INSERT INTO interacts VALUES(256345545001, 2, KonKwon, 3801, 1259466, 1)
INSERT INTO interacts VALUES(256345545001, 2, KonKwon, 2043, 1259763, 1)
INSERT INTO interacts VALUES(256345545001, 2, Balls, 3001, 1261753, 1)
INSERT INTO interacts VALUES(256345545001, 2, Diamondprox, 1057, 1265671, 1)
INSERT INTO interacts VALUES(256345545001, 2, Diamondprox, 2031, 1266632, 0)
INSERT INTO interacts VALUES(256345545001, 2, Diamondprox, 1033, 1268622, 1)
INSERT INTO interacts VALUES(256345545001, 2, Diamondprox, 1052, 1269865, 1)
INSERT INTO interacts VALUES(256345545001, 2, Cris, 1026, 1276921, 1)
INSERT INTO interacts VALUES(256345545001, 2, Cris, 2043, 1277820, 1)
INSERT INTO interacts VALUES(256345545001, 2, Roar, 3123, 1284343, 1)
INSERT INTO interacts VALUES(256345545001, 2, Roar, 2043, 1290050, 1)
INSERT INTO interacts VALUES(256345545001, 2, LemonNation, 3364, 1300931, 1)
INSERT INTO interacts VALUES(256345545001, 2, LemonNation, 2043, 1302172, 1)
INSERT INTO interacts VALUES(256345545001, 2, LemonNation, 2043, 1302311, 1)
INSERT INTO interacts VALUES(256345545001, 2, Altec, 2010, 1322313, 0)
INSERT INTO interacts VALUES(256345545001, 2, Hai, 3026, 1324809, 1)
INSERT INTO interacts VALUES(256345545001, 2, Hai, 2003, 1326959, 1)
INSERT INTO interacts VALUES(256345545001, 2, Cris, 3151, 1375926, 1)
INSERT INTO interacts VALUES(256345545001, 2, Cris, 2043, 1379191, 1)
INSERT INTO interacts VALUES(256345545001, 2, KonKwon, 1033, 1423368, 1)
INSERT INTO interacts VALUES(256345545001, 2, LemonNation, 3105, 1423631, 1)
INSERT INTO interacts VALUES(256345545001, 2, KonKwon, 2043, 1424054, 1)
INSERT INTO interacts VALUES(256345545001, 2, KonKwon, 2043, 1424166, 1)
INSERT INTO interacts VALUES(256345545001, 2, Shiphtur, 1037, 1427830, 1)
INSERT INTO interacts VALUES(256345545001, 2, Diamondprox, 3020, 1442171, 1)
INSERT INTO interacts VALUES(256345545001, 2, Diamondprox, 2043, 1445342, 1)
INSERT INTO interacts VALUES(256345545001, 2, Shiphtur, 3004, 1478602, 1)
INSERT INTO interacts VALUES(256345545001, 2, Contractz, 3065, 1488089, 1)
INSERT INTO interacts VALUES(256345545001, 2, KonKwon, 3105, 1488397, 1)
INSERT INTO interacts VALUES(256345545001, 2, KonKwon, 3364, 1488712, 1)
INSERT INTO interacts VALUES(256345545001, 2, Balls, 3191, 1489662, 1)
INSERT INTO interacts VALUES(256345545001, 2, Balls, 1056, 1490534, 0)
INSERT INTO interacts VALUES(256345545001, 2, Contractz, 1031, 1491196, 1)
INSERT INTO interacts VALUES(256345545001, 2, Balls, 3108, 1491733, 1)
INSERT INTO interacts VALUES(256345545001, 2, Hai, 1058, 1533257, 1)
INSERT INTO interacts VALUES(256345545001, 2, LemonNation, 2010, 1537458, 1)
INSERT INTO interacts VALUES(256345545001, 2, LemonNation, 2043, 1538389, 1)
INSERT INTO interacts VALUES(256345545001, 2, LemonNation, 2010, 1538758, 1)
INSERT INTO interacts VALUES(256345545001, 2, Altec, 1038, 1539589, 1)
INSERT INTO interacts VALUES(256345545001, 2, Altec, 3009, 1541627, 1)
INSERT INTO interacts VALUES(256345545001, 2, Roar, 3144, 1543127, 1)
INSERT INTO interacts VALUES(256345545001, 2, Diamondprox, 3108, 1547519, 1)
INSERT INTO interacts VALUES(256345545001, 2, Cris, 1052, 1552413, 1)
INSERT INTO interacts VALUES(256345545001, 2, Cris, 3108, 1595960, 1)
INSERT INTO interacts VALUES(256345545001, 2, Diamondprox, 2043, 1662845, 1)
INSERT INTO interacts VALUES(256345545001, 2, Roar, 3158, 1662931, 1)
INSERT INTO interacts VALUES(256345545001, 2, Diamondprox, 2043, 1662969, 1)
INSERT INTO interacts VALUES(256345545001, 2, KonKwon, 1028, 1664400, 1)
INSERT INTO interacts VALUES(256345545001, 2, LemonNation, 2043, 1664466, 0)
INSERT INTO interacts VALUES(256345545001, 2, KonKwon, 2043, 1664848, 1)
INSERT INTO interacts VALUES(256345545001, 2, KonKwon, 2043, 1664980, 1)
INSERT INTO interacts VALUES(256345545001, 2, LemonNation, 3190, 1668083, 1)
INSERT INTO interacts VALUES(256345545001, 2, Balls, 3157, 1782911, 1)
INSERT INTO interacts VALUES(256345545001, 2, Balls, 1052, 1783802, 1)
INSERT INTO interacts VALUES(256345545001, 2, LemonNation, 1052, 1784277, 1)
INSERT INTO interacts VALUES(256345545001, 2, Contractz, 2031, 1789432, 0)
INSERT INTO interacts VALUES(256345545001, 2, Contractz, 1011, 1790500, 1)
INSERT INTO interacts VALUES(256345545001, 2, Shiphtur, 3035, 1794358, 1)
INSERT INTO interacts VALUES(256345545001, 2, Shiphtur, 2033, 1795351, 0)
INSERT INTO interacts VALUES(256345545001, 2, Altec, 1037, 1795822, 1)
INSERT INTO interacts VALUES(256345545001, 2, KonKwon, 3190, 1797334, 1)
INSERT INTO interacts VALUES(256345545001, 2, Shiphtur, 3123, 1797433, 1)
INSERT INTO interacts VALUES(256345545001, 2, KonKwon, 2043, 1797674, 1)
INSERT INTO interacts VALUES(256345545001, 2, KonKwon, 2043, 1797814, 1)
INSERT INTO interacts VALUES(256345545001, 2, Diamondprox, 3001, 1799181, 1)
INSERT INTO interacts VALUES(256345545001, 2, Diamondprox, 1052, 1800044, 1)
INSERT INTO interacts VALUES(256345545001, 2, Diamondprox, 2003, 1801271, 1)
INSERT INTO interacts VALUES(256345545001, 2, Cris, 3157, 1840488, 1)
INSERT INTO interacts VALUES(256345545001, 2, Cris, 2043, 1841933, 1)
INSERT INTO interacts VALUES(256345545001, 2, Hai, 3089, 1891762, 1)
INSERT INTO interacts VALUES(256345545001, 2, KonKwon, 2043, 1891833, 1)
INSERT INTO interacts VALUES(256345545001, 2, KonKwon, 1004, 1893162, 1)
INSERT INTO interacts VALUES(256345545001, 2, KonKwon, 1004, 1893284, 1)
INSERT INTO interacts VALUES(256345545001, 2, Altec, 3031, 1893602, 1)
INSERT INTO interacts VALUES(256345545001, 2, Shiphtur, 3033, 1896898, 1)
INSERT INTO interacts VALUES(256345545001, 2, Shiphtur, 2043, 1897812, 1)
INSERT INTO interacts VALUES(256345545001, 2, LemonNation, 2043, 1904320, 1)
INSERT INTO interacts VALUES(256345545001, 2, LemonNation, 2043, 1904389, 1)
INSERT INTO interacts VALUES(256345545001, 2, Roar, 1055, 1906281, 0)
INSERT INTO interacts VALUES(256345545001, 2, Roar, 3153, 1906885, 1)
INSERT INTO interacts VALUES(256345545001, 2, Roar, 2043, 1908345, 1)
INSERT INTO interacts VALUES(256345545001, 2, Contractz, 3742, 1940645, 1)
INSERT INTO interacts VALUES(256345545001, 2, Contractz, 2043, 1941061, 1)
INSERT INTO interacts VALUES(256345545001, 2, LemonNation, 2043, 2048195, 1)
INSERT INTO interacts VALUES(256345545001, 2, Diamondprox, 1026, 2072841, 1)
INSERT INTO interacts VALUES(256345545001, 2, Roar, 2043, 2081419, 1)
INSERT INTO interacts VALUES(256345545001, 2, Shiphtur, 3134, 2089423, 1)
INSERT INTO interacts VALUES(256345545001, 2, KonKwon, 3114, 2090022, 1)
INSERT INTO interacts VALUES(256345545001, 2, KonKwon, 2043, 2090544, 1)
INSERT INTO interacts VALUES(256345545001, 2, KonKwon, 2043, 2090657, 1)
INSERT INTO interacts VALUES(256345545001, 2, KonKwon, 2139, 2091726, 1)
INSERT INTO interacts VALUES(256345545001, 2, Cris, 1026, 2094787, 1)
INSERT INTO interacts VALUES(256345545001, 2, Cris, 1026, 2097572, 1)
INSERT INTO interacts VALUES(256345545001, 2, Hai, 1056, 2139107, 0)
INSERT INTO interacts VALUES(256345545001, 2, Hai, 3135, 2139917, 1)
INSERT INTO interacts VALUES(256345545001, 2, LemonNation, 3113, 2141832, 1)
INSERT INTO interacts VALUES(256345545001, 2, Balls, 3116, 2142904, 1)
INSERT INTO interacts VALUES(256345545001, 2, Roar, 1037, 2143402, 1)
INSERT INTO interacts VALUES(256345545001, 2, LemonNation, 1082, 2145718, 0)
INSERT INTO interacts VALUES(256345545001, 2, Balls, 1056, 2147494, 0)
INSERT INTO interacts VALUES(256345545001, 2, Contractz, 1057, 2148087, 1)
INSERT INTO interacts VALUES(256345545001, 2, Contractz, 2138, 2148779, 1)
INSERT INTO interacts VALUES(256345545001, 2, LemonNation, 2043, 2148779, 0)
INSERT INTO interacts VALUES(256345545001, 2, Balls, 1052, 2149353, 1)
INSERT INTO interacts VALUES(256345545001, 2, Altec, 3036, 2154552, 1)
INSERT INTO interacts VALUES(256345545001, 2, LemonNation, 3504, 2155729, 1)
INSERT INTO interacts VALUES(256345545001, 2, Cris, 1054, 2165734, 0)
INSERT INTO interacts VALUES(256345545001, 2, Shiphtur, 3156, 2175279, 1)
INSERT INTO interacts VALUES(256345545001, 2, Shiphtur, 2043, 2176862, 1)
INSERT INTO interacts VALUES(256345545001, 2, Shiphtur, 2043, 2176907, 1)
INSERT INTO interacts VALUES(256345545001, 2, Cris, 1054, 2208553, 0)
INSERT INTO interacts VALUES(256345545001, 2, Cris, 1058, 2212685, 1)
INSERT INTO interacts VALUES(256345545001, 2, KonKwon, 1052, 2217464, 1)
INSERT INTO interacts VALUES(256345545001, 2, Roar, 2140, 2227894, 1)
INSERT INTO series VALUES(
                    Game 1 of 2
                  )
INSERT INTO organizes VALUES(256345545001)
INSERT INTO matches VALUES(471138685831, 1, 2016-07-06)
INSERT INTO competes VALUES(471138685831, C9C, True)
INSERT INTO competes VALUES(471138685831, NVA, False)
INSERT INTO scores VALUES(C9C, 471138685831, 1, 2, 11, 1, 1, 3, 1)
INSERT INTO scores VALUES(NVA, 471138685831, 1, 0, 0, 0, 0, 0, 0)
INSERT INTO bans VALUES(471138685831, 1, 268, 1)
INSERT INTO bans VALUES(471138685831, 1, 8, 3)
INSERT INTO bans VALUES(471138685831, 1, 69, 5)
INSERT INTO bans VALUES(471138685831, 1, 13, 2)
INSERT INTO bans VALUES(471138685831, 1, 43, 4)
INSERT INTO bans VALUES(471138685831, 1, 127, 6)
INSERT INTO plays VALUES(471138685831, 1, Balls, 68, NONE, 5, 2, 9, 21790, 15, 1, 207, 17, 5, 13495)
INSERT INTO plays VALUES(471138685831, 1, Contractz, 421, Jungle, 4, 2, 12, 14449, 33, 15, 39, 45, 45, 13081)
INSERT INTO plays VALUES(471138685831, 1, Hai, 85, Mid, 5, 4, 8, 20526, 13, 5, 212, 7, 2, 13084)
INSERT INTO plays VALUES(471138685831, 1, Altec, 15, Top, 9, 0, 11, 25550, 16, 7, 320, 20, 5, 17844)
INSERT INTO plays VALUES(471138685831, 1, LemonNation, 267, Top, 1, 1, 18, 6292, 37, 12, 14, 0, 0, 9856)
INSERT INTO plays VALUES(471138685831, 1, Flaxxish, 39, NONE, 4, 5, 4, 11529, 17, 3, 259, 0, 0, 11437)
INSERT INTO plays VALUES(471138685831, 1, k0u, 2, Jungle, 2, 5, 4, 12939, 22, 14, 50, 83, 6, 9981)
INSERT INTO plays VALUES(471138685831, 1, Ablazeolive, 112, Mid, 1, 6, 5, 15956, 13, 3, 223, 3, 0, 9949)
INSERT INTO plays VALUES(471138685831, 1, Rikara, 81, Top, 1, 1, 4, 19323, 7, 6, 300, 9, 0, 11631)
INSERT INTO plays VALUES(471138685831, 1, Ken, 201, Top, 1, 7, 5, 3660, 42, 9, 35, 0, 0, 7294)
INSERT INTO interacts VALUES(471138685831, 1, Hai, 3340, 1613, 1)
INSERT INTO interacts VALUES(471138685831, 1, LemonNation, 3340, 1710, 1)
INSERT INTO interacts VALUES(471138685831, 1, Altec, 3340, 1710, 1)
INSERT INTO interacts VALUES(471138685831, 1, Balls, 1054, 1969, 1)
INSERT INTO interacts VALUES(471138685831, 1, Altec, 1055, 2064, 1)
INSERT INTO interacts VALUES(471138685831, 1, LemonNation, 3303, 2165, 1)
INSERT INTO interacts VALUES(471138685831, 1, Balls, 2003, 2165, 1)
INSERT INTO interacts VALUES(471138685831, 1, Ablazeolive, 1056, 2228, 1)
INSERT INTO interacts VALUES(471138685831, 1, Altec, 2010, 2263, 1)
INSERT INTO interacts VALUES(471138685831, 1, Contractz, 3340, 2378, 1)
INSERT INTO interacts VALUES(471138685831, 1, Balls, 3340, 2378, 1)
INSERT INTO interacts VALUES(471138685831, 1, Ablazeolive, 2010, 2378, 1)
INSERT INTO interacts VALUES(471138685831, 1, Ablazeolive, 2010, 2523, 1)
INSERT INTO interacts VALUES(471138685831, 1, LemonNation, 2010, 2557, 1)
INSERT INTO interacts VALUES(471138685831, 1, Ken, 3302, 2637, 1)
INSERT INTO interacts VALUES(471138685831, 1, Contractz, 1041, 2718, 1)
INSERT INTO interacts VALUES(471138685831, 1, Ablazeolive, 3340, 2718, 1)
INSERT INTO interacts VALUES(471138685831, 1, LemonNation, 2010, 2718, 1)
INSERT INTO interacts VALUES(471138685831, 1, LemonNation, 2010, 2819, 1)
INSERT INTO interacts VALUES(471138685831, 1, k0u, 1039, 2951, 1)
INSERT INTO interacts VALUES(471138685831, 1, Ken, 2010, 3014, 1)
INSERT INTO interacts VALUES(471138685831, 1, Rikara, 1055, 3077, 1)
INSERT INTO interacts VALUES(471138685831, 1, Ken, 2010, 3176, 1)
INSERT INTO interacts VALUES(471138685831, 1, Ken, 2010, 3339, 1)
INSERT INTO interacts VALUES(471138685831, 1, Rikara, 2010, 3372, 1)
INSERT INTO interacts VALUES(471138685831, 1, Contractz, 2031, 3597, 1)
INSERT INTO interacts VALUES(471138685831, 1, Hai, 1082, 3597, 1)
INSERT INTO interacts VALUES(471138685831, 1, Rikara, 3340, 3602, 1)
INSERT INTO interacts VALUES(471138685831, 1, k0u, 2031, 3728, 1)
INSERT INTO interacts VALUES(471138685831, 1, Ken, 3340, 3827, 1)
INSERT INTO interacts VALUES(471138685831, 1, k0u, 3340, 4087, 1)
INSERT INTO interacts VALUES(471138685831, 1, Flaxxish, 1055, 4201, 1)
INSERT INTO interacts VALUES(471138685831, 1, Hai, 2003, 4511, 1)
INSERT INTO interacts VALUES(471138685831, 1, Hai, 2003, 4641, 1)
INSERT INTO interacts VALUES(471138685831, 1, Balls, 1001, 4644, 1)
INSERT INTO interacts VALUES(471138685831, 1, Flaxxish, 2003, 4722, 1)
INSERT INTO interacts VALUES(471138685831, 1, Hai, 2003, 4770, 1)
INSERT INTO interacts VALUES(471138685831, 1, Balls, 2003, 4966, 1)
INSERT INTO interacts VALUES(471138685831, 1, Balls, 2003, 5000, 1)
INSERT INTO interacts VALUES(471138685831, 1, Balls, 2003, 5130, 1)
INSERT INTO interacts VALUES(471138685831, 1, Flaxxish, 3340, 5194, 1)
INSERT INTO interacts VALUES(471138685831, 1, Balls, 2003, 5324, 1)
INSERT INTO interacts VALUES(471138685831, 1, Balls, 3340, 5814, 1)
INSERT INTO interacts VALUES(471138685831, 1, k0u, 2032, 184321, 1)
INSERT INTO interacts VALUES(471138685831, 1, Balls, 1052, 213022, 1)
INSERT INTO interacts VALUES(471138685831, 1, Flaxxish, 1042, 265057, 1)
INSERT INTO interacts VALUES(471138685831, 1, Flaxxish, 1042, 265219, 1)
INSERT INTO interacts VALUES(471138685831, 1, Flaxxish, 1001, 266219, 1)
INSERT INTO interacts VALUES(471138685831, 1, Flaxxish, 2003, 267749, 1)
INSERT INTO interacts VALUES(471138685831, 1, Flaxxish, 2003, 267883, 1)
INSERT INTO interacts VALUES(471138685831, 1, Balls, 1054, 285091, 1)
INSERT INTO interacts VALUES(471138685831, 1, Contractz, 3111, 305244, 1)
INSERT INTO interacts VALUES(471138685831, 1, Contractz, 2043, 306798, 1)
INSERT INTO interacts VALUES(471138685831, 1, k0u, 1001, 320799, 1)
INSERT INTO interacts VALUES(471138685831, 1, k0u, 1028, 329099, 1)
INSERT INTO interacts VALUES(471138685831, 1, k0u, 2043, 331678, 1)
INSERT INTO interacts VALUES(471138685831, 1, Ablazeolive, 3196, 389581, 1)
INSERT INTO interacts VALUES(471138685831, 1, Ablazeolive, 1001, 392736, 1)
INSERT INTO interacts VALUES(471138685831, 1, Ablazeolive, 2043, 393133, 1)
INSERT INTO interacts VALUES(471138685831, 1, Ablazeolive, 2010, 393655, 1)
INSERT INTO interacts VALUES(471138685831, 1, Ablazeolive, 2010, 393779, 1)
INSERT INTO interacts VALUES(471138685831, 1, Hai, 3145, 415851, 1)
INSERT INTO interacts VALUES(471138685831, 1, LemonNation, 2049, 416111, 1)
INSERT INTO interacts VALUES(471138685831, 1, Hai, 1028, 416182, 1)
INSERT INTO interacts VALUES(471138685831, 1, LemonNation, 2043, 416469, 1)
INSERT INTO interacts VALUES(471138685831, 1, Altec, 1038, 416793, 1)
INSERT INTO interacts VALUES(471138685831, 1, Altec, 1001, 416957, 1)
INSERT INTO interacts VALUES(471138685831, 1, LemonNation, 3341, 417356, 1)
INSERT INTO interacts VALUES(471138685831, 1, Hai, 2003, 418392, 1)
INSERT INTO interacts VALUES(471138685831, 1, Hai, 2043, 419864, 1)
INSERT INTO interacts VALUES(471138685831, 1, Hai, 2003, 422180, 1)
INSERT INTO interacts VALUES(471138685831, 1, Rikara, 3070, 432451, 1)
INSERT INTO interacts VALUES(471138685831, 1, Ken, 2049, 433532, 1)
INSERT INTO interacts VALUES(471138685831, 1, Ken, 3341, 435142, 1)
INSERT INTO interacts VALUES(471138685831, 1, Rikara, 1037, 435569, 1)
INSERT INTO interacts VALUES(471138685831, 1, Ken, 2043, 435608, 1)
INSERT INTO interacts VALUES(471138685831, 1, Ken, 2031, 435935, 1)
INSERT INTO interacts VALUES(471138685831, 1, Rikara, 2010, 437177, 1)
INSERT INTO interacts VALUES(471138685831, 1, Contractz, 2049, 461219, 1)
INSERT INTO interacts VALUES(471138685831, 1, k0u, 3158, 463248, 1)
INSERT INTO interacts VALUES(471138685831, 1, k0u, 2043, 463940, 1)
INSERT INTO interacts VALUES(471138685831, 1, Balls, 3020, 514148, 1)
INSERT INTO interacts VALUES(471138685831, 1, Balls, 2003, 515642, 1)
INSERT INTO interacts VALUES(471138685831, 1, Balls, 2003, 515805, 1)
INSERT INTO interacts VALUES(471138685831, 1, Flaxxish, 3044, 521090, 1)
INSERT INTO interacts VALUES(471138685831, 1, Ablazeolive, 1052, 533705, 1)
INSERT INTO interacts VALUES(471138685831, 1, Contractz, 3341, 537063, 1)
INSERT INTO interacts VALUES(471138685831, 1, Contractz, 2043, 538003, 1)
INSERT INTO interacts VALUES(471138685831, 1, Hai, 3152, 565044, 1)
INSERT INTO interacts VALUES(471138685831, 1, Hai, 2043, 565608, 1)
INSERT INTO interacts VALUES(471138685831, 1, Altec, 3006, 578692, 1)
INSERT INTO interacts VALUES(471138685831, 1, Altec, 2043, 580600, 1)
INSERT INTO interacts VALUES(471138685831, 1, Altec, 2010, 580768, 1)
INSERT INTO interacts VALUES(471138685831, 1, LemonNation, 1001, 581982, 1)
INSERT INTO interacts VALUES(471138685831, 1, LemonNation, 2043, 582291, 1)
INSERT INTO interacts VALUES(471138685831, 1, k0u, 3751, 602220, 1)
INSERT INTO interacts VALUES(471138685831, 1, Rikara, 3004, 605219, 1)
INSERT INTO interacts VALUES(471138685831, 1, Ken, 1001, 606963, 1)
INSERT INTO interacts VALUES(471138685831, 1, k0u, 3341, 607155, 1)
INSERT INTO interacts VALUES(471138685831, 1, Ken, 2043, 608947, 1)
INSERT INTO interacts VALUES(471138685831, 1, Rikara, 1001, 609276, 1)
INSERT INTO interacts VALUES(471138685831, 1, k0u, 3711, 702939, 1)
INSERT INTO interacts VALUES(471138685831, 1, k0u, 2043, 704827, 1)
INSERT INTO interacts VALUES(471138685831, 1, Altec, 3133, 713126, 1)
INSERT INTO interacts VALUES(471138685831, 1, Altec, 2043, 714147, 1)
INSERT INTO interacts VALUES(471138685831, 1, Altec, 2010, 714414, 1)
INSERT INTO interacts VALUES(471138685831, 1, LemonNation, 3158, 721491, 1)
INSERT INTO interacts VALUES(471138685831, 1, Contractz, 3751, 737704, 1)
INSERT INTO interacts VALUES(471138685831, 1, Contractz, 3706, 738039, 1)
INSERT INTO interacts VALUES(471138685831, 1, Flaxxish, 2003, 742437, 0)
INSERT INTO interacts VALUES(471138685831, 1, Flaxxish, 3057, 743629, 1)
INSERT INTO interacts VALUES(471138685831, 1, Flaxxish, 3101, 786227, 1)
INSERT INTO interacts VALUES(471138685831, 1, Ablazeolive, 3197, 786634, 1)
INSERT INTO interacts VALUES(471138685831, 1, Flaxxish, 2003, 788673, 1)
INSERT INTO interacts VALUES(471138685831, 1, Rikara, 3057, 789207, 1)
INSERT INTO interacts VALUES(471138685831, 1, Ken, 3158, 789539, 1)
INSERT INTO interacts VALUES(471138685831, 1, Ken, 2043, 790988, 1)
INSERT INTO interacts VALUES(471138685831, 1, Ablazeolive, 2010, 793375, 1)
INSERT INTO interacts VALUES(471138685831, 1, Ablazeolive, 2010, 793482, 1)
INSERT INTO interacts VALUES(471138685831, 1, Hai, 1058, 794618, 1)
INSERT INTO interacts VALUES(471138685831, 1, Hai, 1001, 795763, 1)
INSERT INTO interacts VALUES(471138685831, 1, LemonNation, 3098, 795961, 1)
INSERT INTO interacts VALUES(471138685831, 1, LemonNation, 2043, 796516, 1)
INSERT INTO interacts VALUES(471138685831, 1, Hai, 3363, 799079, 1)
INSERT INTO interacts VALUES(471138685831, 1, Hai, 2003, 799831, 1)
INSERT INTO interacts VALUES(471138685831, 1, Hai, 2003, 799984, 1)
INSERT INTO interacts VALUES(471138685831, 1, Balls, 3152, 817202, 1)
INSERT INTO interacts VALUES(471138685831, 1, Balls, 2043, 818236, 1)
INSERT INTO interacts VALUES(471138685831, 1, Balls, 2003, 818503, 1)
INSERT INTO interacts VALUES(471138685831, 1, Balls, 2003, 818600, 1)
INSERT INTO interacts VALUES(471138685831, 1, Altec, 3508, 838158, 1)
INSERT INTO interacts VALUES(471138685831, 1, Altec, 1042, 838584, 1)
INSERT INTO interacts VALUES(471138685831, 1, Altec, 3363, 838888, 1)
INSERT INTO interacts VALUES(471138685831, 1, Altec, 2010, 840298, 1)
INSERT INTO interacts VALUES(471138685831, 1, Rikara, 3158, 880003, 1)
INSERT INTO interacts VALUES(471138685831, 1, Rikara, 3363, 881890, 1)
INSERT INTO interacts VALUES(471138685831, 1, Contractz, 1401, 889887, 1)
INSERT INTO interacts VALUES(471138685831, 1, Contractz, 1036, 890645, 1)
INSERT INTO interacts VALUES(471138685831, 1, Flaxxish, 3078, 890707, 1)
INSERT INTO interacts VALUES(471138685831, 1, Contractz, 1036, 890774, 1)
INSERT INTO interacts VALUES(471138685831, 1, Contractz, 3364, 891383, 1)
INSERT INTO interacts VALUES(471138685831, 1, Flaxxish, 2003, 895522, 1)
INSERT INTO interacts VALUES(471138685831, 1, Ablazeolive, 1033, 900667, 1)
INSERT INTO interacts VALUES(471138685831, 1, Hai, 2003, 957530, 0)
INSERT INTO interacts VALUES(471138685831, 1, Hai, 1011, 959511, 1)
INSERT INTO interacts VALUES(471138685831, 1, Flaxxish, 1042, 960058, 1)
INSERT INTO interacts VALUES(471138685831, 1, Hai, 3158, 962670, 1)
INSERT INTO interacts VALUES(471138685831, 1, Ken, 3801, 971589, 1)
INSERT INTO interacts VALUES(471138685831, 1, k0u, 1409, 979855, 1)
INSERT INTO interacts VALUES(471138685831, 1, k0u, 1033, 982532, 1)
INSERT INTO interacts VALUES(471138685831, 1, Balls, 3136, 990495, 1)
INSERT INTO interacts VALUES(471138685831, 1, Ablazeolive, 1057, 1005561, 1)
INSERT INTO interacts VALUES(471138685831, 1, Flaxxish, 2003, 1006185, 1)
INSERT INTO interacts VALUES(471138685831, 1, Ablazeolive, 3108, 1007339, 1)
INSERT INTO interacts VALUES(471138685831, 1, Ablazeolive, 3363, 1009523, 1)
INSERT INTO interacts VALUES(471138685831, 1, Ablazeolive, 2010, 1010006, 1)
INSERT INTO interacts VALUES(471138685831, 1, k0u, 1028, 1070472, 1)
INSERT INTO interacts VALUES(471138685831, 1, Hai, 3116, 1140557, 1)
INSERT INTO interacts VALUES(471138685831, 1, Altec, 3046, 1142840, 1)
INSERT INTO interacts VALUES(471138685831, 1, LemonNation, 3092, 1146722, 1)
INSERT INTO interacts VALUES(471138685831, 1, LemonNation, 3364, 1153102, 1)
INSERT INTO interacts VALUES(471138685831, 1, Rikara, 3025, 1157084, 1)
INSERT INTO interacts VALUES(471138685831, 1, Ken, 2031, 1158228, 0)
INSERT INTO interacts VALUES(471138685831, 1, Flaxxish, 3006, 1158959, 1)
INSERT INTO interacts VALUES(471138685831, 1, Flaxxish, 1042, 1159662, 1)
INSERT INTO interacts VALUES(471138685831, 1, Flaxxish, 1042, 1159773, 1)
INSERT INTO interacts VALUES(471138685831, 1, Ken, 3105, 1160728, 1)
INSERT INTO interacts VALUES(471138685831, 1, Ablazeolive, 3198, 1178416, 1)
INSERT INTO interacts VALUES(471138685831, 1, k0u, 3211, 1197442, 1)
INSERT INTO interacts VALUES(471138685831, 1, k0u, 1028, 1197957, 1)
INSERT INTO interacts VALUES(471138685831, 1, k0u, 2043, 1199527, 1)
INSERT INTO interacts VALUES(471138685831, 1, Contractz, 3077, 1200376, 1)
INSERT INTO interacts VALUES(471138685831, 1, Contractz, 3052, 1200919, 1)
INSERT INTO interacts VALUES(471138685831, 1, Balls, 3191, 1202892, 1)
INSERT INTO interacts VALUES(471138685831, 1, Balls, 2043, 1205893, 1)
INSERT INTO interacts VALUES(471138685831, 1, k0u, 2043, 1256862, 0)
INSERT INTO interacts VALUES(471138685831, 1, k0u, 1029, 1257919, 1)
INSERT INTO interacts VALUES(471138685831, 1, Hai, 1057, 1264434, 1)
INSERT INTO interacts VALUES(471138685831, 1, Ablazeolive, 3158, 1270364, 1)
INSERT INTO interacts VALUES(471138685831, 1, Flaxxish, 1036, 1270828, 1)
INSERT INTO interacts VALUES(471138685831, 1, Ken, 3364, 1274361, 1)
INSERT INTO interacts VALUES(471138685831, 1, LemonNation, 3114, 1282069, 1)
INSERT INTO interacts VALUES(471138685831, 1, Altec, 1038, 1293029, 1)
INSERT INTO interacts VALUES(471138685831, 1, Altec, 1033, 1293953, 1)
INSERT INTO interacts VALUES(471138685831, 1, Altec, 2043, 1295182, 1)
INSERT INTO interacts VALUES(471138685831, 1, Balls, 3108, 1310598, 1)
INSERT INTO interacts VALUES(471138685831, 1, k0u, 3067, 1335051, 1)
INSERT INTO interacts VALUES(471138685831, 1, k0u, 3364, 1336858, 1)
INSERT INTO interacts VALUES(471138685831, 1, Ken, 1028, 1340908, 1)
INSERT INTO interacts VALUES(471138685831, 1, Rikara, 1036, 1346071, 1)
INSERT INTO interacts VALUES(471138685831, 1, Rikara, 1033, 1347430, 1)
INSERT INTO interacts VALUES(471138685831, 1, Contractz, 2031, 1358592, 0)
INSERT INTO interacts VALUES(471138685831, 1, Contractz, 3748, 1359409, 1)
INSERT INTO interacts VALUES(471138685831, 1, Hai, 2043, 1415087, 0)
INSERT INTO interacts VALUES(471138685831, 1, Hai, 3108, 1416679, 1)
INSERT INTO interacts VALUES(471138685831, 1, Rikara, 3155, 1431028, 1)
INSERT INTO interacts VALUES(471138685831, 1, Rikara, 1036, 1431948, 1)
INSERT INTO interacts VALUES(471138685831, 1, LemonNation, 2045, 1442528, 1)
INSERT INTO interacts VALUES(471138685831, 1, Flaxxish, 3144, 1444240, 1)
INSERT INTO interacts VALUES(471138685831, 1, Balls, 3157, 1452171, 1)
INSERT INTO interacts VALUES(471138685831, 1, Ken, 2045, 1456720, 1)
INSERT INTO interacts VALUES(471138685831, 1, Ken, 2043, 1457926, 1)
INSERT INTO interacts VALUES(471138685831, 1, Ken, 2043, 1458031, 1)
INSERT INTO interacts VALUES(471138685831, 1, Ablazeolive, 3001, 1503394, 1)
INSERT INTO interacts VALUES(471138685831, 1, Ablazeolive, 2043, 1504495, 1)
INSERT INTO interacts VALUES(471138685831, 1, Flaxxish, 1043, 1510581, 1)
INSERT INTO interacts VALUES(471138685831, 1, Flaxxish, 2043, 1511170, 1)
INSERT INTO interacts VALUES(471138685831, 1, Flaxxish, 2043, 1543977, 1)
INSERT INTO interacts VALUES(471138685831, 1, Contractz, 1031, 1554372, 1)
INSERT INTO interacts VALUES(471138685831, 1, Altec, 3031, 1555515, 1)
INSERT INTO interacts VALUES(471138685831, 1, Contractz, 2043, 1561275, 1)
INSERT INTO interacts VALUES(471138685831, 1, LemonNation, 1033, 1569988, 1)
INSERT INTO interacts VALUES(471138685831, 1, k0u, 3065, 1618821, 1)
INSERT INTO interacts VALUES(471138685831, 1, k0u, 3082, 1620403, 1)
INSERT INTO interacts VALUES(471138685831, 1, Ken, 3190, 1662556, 1)
INSERT INTO interacts VALUES(471138685831, 1, Ken, 2043, 1663011, 1)
INSERT INTO interacts VALUES(471138685831, 1, Flaxxish, 3153, 1664033, 1)
INSERT INTO interacts VALUES(471138685831, 1, Flaxxish, 2043, 1665192, 1)
INSERT INTO interacts VALUES(471138685831, 1, Ablazeolive, 1052, 1667377, 1)
INSERT INTO interacts VALUES(471138685831, 1, Balls, 1026, 1668721, 1)
INSERT INTO interacts VALUES(471138685831, 1, Flaxxish, 1028, 1699794, 1)
INSERT INTO interacts VALUES(471138685831, 1, k0u, 1028, 1709245, 1)
INSERT INTO interacts VALUES(471138685831, 1, Hai, 3001, 1710871, 1)
INSERT INTO interacts VALUES(471138685831, 1, Balls, 3151, 1740232, 1)
INSERT INTO interacts VALUES(471138685831, 1, LemonNation, 3222, 1741092, 1)
INSERT INTO interacts VALUES(471138685831, 1, Balls, 1052, 1741168, 1)
INSERT INTO interacts VALUES(471138685831, 1, LemonNation, 1029, 1743138, 1)
INSERT INTO interacts VALUES(471138685831, 1, Hai, 3108, 1744006, 1)
INSERT INTO interacts VALUES(471138685831, 1, Rikara, 3156, 1750112, 1)
INSERT INTO interacts VALUES(471138685831, 1, Altec, 3140, 1751159, 1)
INSERT INTO interacts VALUES(471138685831, 1, Altec, 1055, 1752060, 0)
INSERT INTO interacts VALUES(471138685831, 1, Contractz, 1011, 1753341, 1)
INSERT INTO interacts VALUES(471138685831, 1, Altec, 1053, 1755392, 1)
INSERT INTO interacts VALUES(471138685831, 1, Flaxxish, 3067, 1790419, 1)
INSERT INTO interacts VALUES(471138685831, 1, Ken, 3097, 1801638, 1)
INSERT INTO interacts VALUES(471138685831, 1, Rikara, 1053, 1811664, 1)
INSERT INTO interacts VALUES(471138685831, 1, k0u, 1011, 1828519, 1)
INSERT INTO interacts VALUES(471138685831, 1, Flaxxish, 1033, 1834998, 1)
INSERT INTO interacts VALUES(471138685831, 1, Ablazeolive, 1058, 1869681, 1)
INSERT INTO interacts VALUES(471138685831, 1, LemonNation, 2043, 1874159, 0)
INSERT INTO interacts VALUES(471138685831, 1, LemonNation, 3067, 1876129, 1)
INSERT INTO interacts VALUES(471138685831, 1, Altec, 3139, 1876627, 1)
INSERT INTO interacts VALUES(471138685831, 1, Contractz, 3742, 1876692, 1)
INSERT INTO interacts VALUES(471138685831, 1, Altec, 2140, 1879032, 1)
INSERT INTO interacts VALUES(471138685831, 1, Contractz, 1028, 1879977, 1)
INSERT INTO interacts VALUES(471138685831, 1, Hai, 3041, 1880768, 1)
INSERT INTO interacts VALUES(471138685831, 1, Flaxxish, 3211, 1944888, 1)
INSERT INTO interacts VALUES(471138685831, 1, Ken, 1028, 1959840, 1)
INSERT INTO interacts VALUES(471138685831, 1, Balls, 1054, 1961118, 0)
INSERT INTO interacts VALUES(471138685831, 1, Balls, 3135, 1962252, 1)
INSERT INTO interacts VALUES(471138685831, 1, Flaxxish, 3067, 1963214, 0)
INSERT INTO interacts VALUES(471138685831, 1, Flaxxish, 3153, 1964460, 0)
INSERT INTO interacts VALUES(471138685831, 1, Flaxxish, 3078, 1965045, 0)
INSERT INTO interacts VALUES(471138685831, 1, Flaxxish, 1055, 1965538, 0)
INSERT INTO interacts VALUES(471138685831, 1, Flaxxish, 3211, 1966204, 0)
INSERT INTO interacts VALUES(471138685831, 1, Flaxxish, 3006, 1966846, 0)
INSERT INTO interacts VALUES(471138685831, 1, Flaxxish, 3151, 1968295, 1)
INSERT INTO interacts VALUES(471138685831, 1, Flaxxish, 3751, 1969932, 1)
INSERT INTO interacts VALUES(471138685831, 1, Flaxxish, 3751, 1970072, 1)
INSERT INTO interacts VALUES(471138685831, 1, Flaxxish, 3751, 1970236, 1)
INSERT INTO interacts VALUES(471138685831, 1, Flaxxish, 3070, 1973040, 1)
INSERT INTO matches VALUES(471138685831, 2, 2016-07-06)
INSERT INTO competes VALUES(471138685831, C9C, True)
INSERT INTO competes VALUES(471138685831, NVA, False)
INSERT INTO scores VALUES(C9C, 471138685831, 2, 0, 5, 0, 0, 1, 0)
INSERT INTO scores VALUES(NVA, 471138685831, 2, 1, 7, 1, 1, 2, 1)
INSERT INTO bans VALUES(471138685831, 2, 13, 1)
INSERT INTO bans VALUES(471138685831, 2, 421, 3)
INSERT INTO bans VALUES(471138685831, 2, 201, 5)
INSERT INTO bans VALUES(471138685831, 2, 268, 2)
INSERT INTO bans VALUES(471138685831, 2, 69, 4)
INSERT INTO bans VALUES(471138685831, 2, 8, 6)
INSERT INTO plays VALUES(471138685831, 2, Flaxxish, 39, Jungle, 2, 5, 1, 6028, 17, 1, 216, 0, 1, 10444)
INSERT INTO plays VALUES(471138685831, 2, k0u, 76, Jungle, 5, 3, 3, 16348, 20, 12, 34, 71, 34, 11244)
INSERT INTO plays VALUES(471138685831, 2, Ablazeolive, 43, Mid, 0, 4, 7, 14586, 15, 3, 172, 7, 0, 9538)
INSERT INTO plays VALUES(471138685831, 2, Rikara, 15, Jungle, 4, 1, 2, 8021, 11, 3, 274, 22, 0, 13081)
INSERT INTO plays VALUES(471138685831, 2, Ken, 432, Jungle, 0, 3, 3, 4239, 40, 7, 8, 0, 0, 6935)
INSERT INTO plays VALUES(471138685831, 2, Balls, 68, NONE, 2, 4, 7, 14031, 15, 4, 149, 7, 1, 10654)
INSERT INTO plays VALUES(471138685831, 2, Contractz, 104, Jungle, 6, 3, 4, 11063, 22, 12, 57, 61, 25, 12013)
INSERT INTO plays VALUES(471138685831, 2, Hai, 85, Mid, 5, 2, 4, 16054, 14, 8, 247, 7, 1, 12870)
INSERT INTO plays VALUES(471138685831, 2, Altec, 22, Jungle, 2, 2, 2, 5783, 10, 1, 215, 11, 3, 11719)
INSERT INTO plays VALUES(471138685831, 2, LemonNation, 267, Jungle, 1, 0, 7, 3358, 37, 10, 13, 0, 0, 8153)
INSERT INTO interacts VALUES(471138685831, 2, Altec, 3340, 2042, 1)
INSERT INTO interacts VALUES(471138685831, 2, Altec, 1055, 2304, 1)
INSERT INTO interacts VALUES(471138685831, 2, Altec, 2010, 2500, 1)
INSERT INTO interacts VALUES(471138685831, 2, Rikara, 1055, 2791, 1)
INSERT INTO interacts VALUES(471138685831, 2, Hai, 1082, 3165, 1)
INSERT INTO interacts VALUES(471138685831, 2, k0u, 1039, 3280, 1)
INSERT INTO interacts VALUES(471138685831, 2, Flaxxish, 1055, 3283, 1)
INSERT INTO interacts VALUES(471138685831, 2, LemonNation, 3340, 3477, 1)
INSERT INTO interacts VALUES(471138685831, 2, Contractz, 3340, 3705, 1)
INSERT INTO interacts VALUES(471138685831, 2, LemonNation, 3303, 3769, 1)
INSERT INTO interacts VALUES(471138685831, 2, Hai, 2003, 3835, 1)
INSERT INTO interacts VALUES(471138685831, 2, Balls, 1001, 3835, 1)
INSERT INTO interacts VALUES(471138685831, 2, Hai, 2003, 3998, 1)
INSERT INTO interacts VALUES(471138685831, 2, Contractz, 1041, 4032, 1)
INSERT INTO interacts VALUES(471138685831, 2, Flaxxish, 2003, 4095, 1)
INSERT INTO interacts VALUES(471138685831, 2, Hai, 2003, 4099, 1)
INSERT INTO interacts VALUES(471138685831, 2, LemonNation, 2010, 4133, 1)
INSERT INTO interacts VALUES(471138685831, 2, Balls, 2003, 4257, 1)
INSERT INTO interacts VALUES(471138685831, 2, LemonNation, 2010, 4260, 1)
INSERT INTO interacts VALUES(471138685831, 2, Hai, 3340, 4356, 1)
INSERT INTO interacts VALUES(471138685831, 2, Balls, 2003, 4389, 1)
INSERT INTO interacts VALUES(471138685831, 2, LemonNation, 2010, 4451, 1)
INSERT INTO interacts VALUES(471138685831, 2, Balls, 2003, 4580, 1)
INSERT INTO interacts VALUES(471138685831, 2, Rikara, 2010, 4582, 1)
INSERT INTO interacts VALUES(471138685831, 2, Ablazeolive, 1056, 4648, 1)
INSERT INTO interacts VALUES(471138685831, 2, Balls, 2003, 4727, 1)
INSERT INTO interacts VALUES(471138685831, 2, k0u, 2031, 4809, 1)
INSERT INTO interacts VALUES(471138685831, 2, Flaxxish, 3340, 4840, 1)
INSERT INTO interacts VALUES(471138685831, 2, Rikara, 3340, 4941, 1)
INSERT INTO interacts VALUES(471138685831, 2, Ablazeolive, 2010, 4988, 1)
INSERT INTO interacts VALUES(471138685831, 2, k0u, 3340, 5100, 1)
INSERT INTO interacts VALUES(471138685831, 2, Contractz, 2031, 5100, 1)
INSERT INTO interacts VALUES(471138685831, 2, Ablazeolive, 2010, 5106, 1)
INSERT INTO interacts VALUES(471138685831, 2, Ken, 3303, 5200, 1)
INSERT INTO interacts VALUES(471138685831, 2, Ken, 2010, 5514, 1)
INSERT INTO interacts VALUES(471138685831, 2, Ablazeolive, 3340, 5623, 1)
INSERT INTO interacts VALUES(471138685831, 2, Ken, 2010, 5623, 1)
INSERT INTO interacts VALUES(471138685831, 2, Ken, 2010, 5772, 1)
INSERT INTO interacts VALUES(471138685831, 2, Ken, 3340, 6206, 1)
INSERT INTO interacts VALUES(471138685831, 2, Balls, 3340, 7048, 1)
INSERT INTO interacts VALUES(471138685831, 2, Balls, 2003, 156235, 1)
INSERT INTO interacts VALUES(471138685831, 2, Balls, 2003, 156557, 1)
INSERT INTO interacts VALUES(471138685831, 2, LemonNation, 2010, 225585, 0)
INSERT INTO interacts VALUES(471138685831, 2, LemonNation, 1028, 226994, 1)
INSERT INTO interacts VALUES(471138685831, 2, LemonNation, 2043, 227674, 1)
INSERT INTO interacts VALUES(471138685831, 2, Altec, 1083, 234351, 1)
INSERT INTO interacts VALUES(471138685831, 2, Rikara, 1083, 234834, 1)
INSERT INTO interacts VALUES(471138685831, 2, Rikara, 1001, 236132, 1)
INSERT INTO interacts VALUES(471138685831, 2, Ken, 1028, 239022, 1)
INSERT INTO interacts VALUES(471138685831, 2, Altec, 1001, 243232, 1)
INSERT INTO interacts VALUES(471138685831, 2, Ken, 2010, 245092, 0)
INSERT INTO interacts VALUES(471138685831, 2, Contractz, 3711, 246433, 1)
INSERT INTO interacts VALUES(471138685831, 2, Contractz, 2043, 247282, 1)
INSERT INTO interacts VALUES(471138685831, 2, Ken, 2043, 249261, 1)
INSERT INTO interacts VALUES(471138685831, 2, Flaxxish, 1042, 263354, 1)
INSERT INTO interacts VALUES(471138685831, 2, Flaxxish, 1042, 263485, 1)
INSERT INTO interacts VALUES(471138685831, 2, Flaxxish, 2043, 264960, 1)
INSERT INTO interacts VALUES(471138685831, 2, Flaxxish, 2003, 265178, 1)
INSERT INTO interacts VALUES(471138685831, 2, k0u, 1052, 278691, 1)
INSERT INTO interacts VALUES(471138685831, 2, k0u, 1052, 278853, 1)
INSERT INTO interacts VALUES(471138685831, 2, k0u, 1001, 280783, 1)
INSERT INTO interacts VALUES(471138685831, 2, k0u, 2043, 282935, 1)
INSERT INTO interacts VALUES(471138685831, 2, Hai, 3145, 372126, 1)
INSERT INTO interacts VALUES(471138685831, 2, Hai, 1001, 373188, 1)
INSERT INTO interacts VALUES(471138685831, 2, Hai, 2003, 374883, 1)
INSERT INTO interacts VALUES(471138685831, 2, Ablazeolive, 3028, 390451, 1)
INSERT INTO interacts VALUES(471138685831, 2, Ablazeolive, 1052, 391853, 1)
INSERT INTO interacts VALUES(471138685831, 2, Ablazeolive, 2043, 392503, 1)
INSERT INTO interacts VALUES(471138685831, 2, Ablazeolive, 2010, 393070, 1)
INSERT INTO interacts VALUES(471138685831, 2, Ablazeolive, 2010, 393182, 1)
INSERT INTO interacts VALUES(471138685831, 2, Ablazeolive, 2010, 395018, 1)
INSERT INTO interacts VALUES(471138685831, 2, Balls, 3020, 396979, 1)
INSERT INTO interacts VALUES(471138685831, 2, Balls, 1052, 398537, 1)
INSERT INTO interacts VALUES(471138685831, 2, Balls, 2043, 400306, 1)
INSERT INTO interacts VALUES(471138685831, 2, Contractz, 1001, 401010, 1)
INSERT INTO interacts VALUES(471138685831, 2, Contractz, 1036, 401854, 1)
INSERT INTO interacts VALUES(471138685831, 2, k0u, 3711, 422075, 1)
INSERT INTO interacts VALUES(471138685831, 2, k0u, 3341, 424264, 1)
INSERT INTO interacts VALUES(471138685831, 2, Rikara, 3006, 437687, 1)
INSERT INTO interacts VALUES(471138685831, 2, Ken, 2049, 438399, 1)
INSERT INTO interacts VALUES(471138685831, 2, Rikara, 2043, 439518, 1)
INSERT INTO interacts VALUES(471138685831, 2, Ken, 2043, 441261, 1)
INSERT INTO interacts VALUES(471138685831, 2, Ken, 3341, 442140, 1)
INSERT INTO interacts VALUES(471138685831, 2, LemonNation, 2049, 446571, 1)
INSERT INTO interacts VALUES(471138685831, 2, LemonNation, 2043, 446905, 1)
INSERT INTO interacts VALUES(471138685831, 2, LemonNation, 3341, 447245, 1)
INSERT INTO interacts VALUES(471138685831, 2, LemonNation, 2010, 448470, 1)
INSERT INTO interacts VALUES(471138685831, 2, Altec, 1037, 472195, 1)
INSERT INTO interacts VALUES(471138685831, 2, Altec, 1042, 473259, 1)
INSERT INTO interacts VALUES(471138685831, 2, Balls, 1029, 498314, 1)
INSERT INTO interacts VALUES(471138685831, 2, Balls, 2003, 498579, 1)
INSERT INTO interacts VALUES(471138685831, 2, k0u, 1410, 498844, 1)
INSERT INTO interacts VALUES(471138685831, 2, Contractz, 3133, 509307, 1)
INSERT INTO interacts VALUES(471138685831, 2, k0u, 2043, 513955, 1)
INSERT INTO interacts VALUES(471138685831, 2, Ablazeolive, 3108, 516257, 1)
INSERT INTO interacts VALUES(471138685831, 2, Rikara, 1036, 516866, 1)
INSERT INTO interacts VALUES(471138685831, 2, Ablazeolive, 2010, 517488, 1)
INSERT INTO interacts VALUES(471138685831, 2, Flaxxish, 3044, 518122, 1)
INSERT INTO interacts VALUES(471138685831, 2, Flaxxish, 1001, 519478, 1)
INSERT INTO interacts VALUES(471138685831, 2, Flaxxish, 2043, 520388, 1)
INSERT INTO interacts VALUES(471138685831, 2, Rikara, 2010, 522531, 1)
INSERT INTO interacts VALUES(471138685831, 2, Ken, 1001, 523980, 1)
INSERT INTO interacts VALUES(471138685831, 2, Hai, 3067, 547037, 1)
INSERT INTO interacts VALUES(471138685831, 2, Hai, 2043, 547335, 1)
INSERT INTO interacts VALUES(471138685831, 2, Hai, 2003, 547576, 1)
INSERT INTO interacts VALUES(471138685831, 2, Hai, 2003, 547732, 1)
INSERT INTO interacts VALUES(471138685831, 2, Ablazeolive, 3174, 597654, 1)
INSERT INTO interacts VALUES(471138685831, 2, Flaxxish, 3101, 598420, 1)
INSERT INTO interacts VALUES(471138685831, 2, Ablazeolive, 2010, 598420, 1)
INSERT INTO interacts VALUES(471138685831, 2, Flaxxish, 1027, 615209, 1)
INSERT INTO interacts VALUES(471138685831, 2, Hai, 3152, 620216, 1)
INSERT INTO interacts VALUES(471138685831, 2, Balls, 1028, 643606, 1)
INSERT INTO interacts VALUES(471138685831, 2, Balls, 2003, 644263, 1)
INSERT INTO interacts VALUES(471138685831, 2, Balls, 2003, 644407, 1)
INSERT INTO interacts VALUES(471138685831, 2, Ken, 1004, 653277, 1)
INSERT INTO interacts VALUES(471138685831, 2, Ken, 2031, 654622, 1)
INSERT INTO interacts VALUES(471138685831, 2, LemonNation, 1001, 676463, 1)
INSERT INTO interacts VALUES(471138685831, 2, LemonNation, 1028, 677958, 1)
INSERT INTO interacts VALUES(471138685831, 2, LemonNation, 2043, 678406, 1)
INSERT INTO interacts VALUES(471138685831, 2, LemonNation, 2010, 679331, 1)
INSERT INTO interacts VALUES(471138685831, 2, Contractz, 1408, 685573, 1)
INSERT INTO interacts VALUES(471138685831, 2, Contractz, 3006, 686913, 1)
INSERT INTO interacts VALUES(471138685831, 2, Contractz, 2043, 688019, 1)
INSERT INTO interacts VALUES(471138685831, 2, Contractz, 3341, 689186, 1)
INSERT INTO interacts VALUES(471138685831, 2, k0u, 1058, 729404, 1)
INSERT INTO interacts VALUES(471138685831, 2, k0u, 2043, 738719, 1)
INSERT INTO interacts VALUES(471138685831, 2, Rikara, 2010, 764598, 0)
INSERT INTO interacts VALUES(471138685831, 2, Balls, 1052, 765046, 1)
INSERT INTO interacts VALUES(471138685831, 2, Rikara, 1038, 766576, 1)
INSERT INTO interacts VALUES(471138685831, 2, Ablazeolive, 1001, 773682, 1)
INSERT INTO interacts VALUES(471138685831, 2, Flaxxish, 3057, 775451, 1)
INSERT INTO interacts VALUES(471138685831, 2, Flaxxish, 2031, 776214, 1)
INSERT INTO interacts VALUES(471138685831, 2, Flaxxish, 2043, 777577, 1)
INSERT INTO interacts VALUES(471138685831, 2, Ken, 3098, 778100, 1)
INSERT INTO interacts VALUES(471138685831, 2, Ablazeolive, 1052, 781979, 1)
INSERT INTO interacts VALUES(471138685831, 2, Ablazeolive, 2043, 782460, 1)
INSERT INTO interacts VALUES(471138685831, 2, Contractz, 1036, 817198, 1)
INSERT INTO interacts VALUES(471138685831, 2, Contractz, 1033, 817532, 1)
INSERT INTO interacts VALUES(471138685831, 2, Contractz, 3364, 818412, 1)
INSERT INTO interacts VALUES(471138685831, 2, Hai, 3191, 828238, 1)
INSERT INTO interacts VALUES(471138685831, 2, Hai, 1052, 828741, 1)
INSERT INTO interacts VALUES(471138685831, 2, LemonNation, 3158, 831806, 1)
INSERT INTO interacts VALUES(471138685831, 2, LemonNation, 2043, 832908, 1)
INSERT INTO interacts VALUES(471138685831, 2, Altec, 3085, 838370, 1)
INSERT INTO interacts VALUES(471138685831, 2, Altec, 1042, 839647, 1)
INSERT INTO interacts VALUES(471138685831, 2, Rikara, 3133, 867659, 1)
INSERT INTO interacts VALUES(471138685831, 2, Ken, 3117, 882271, 1)
INSERT INTO interacts VALUES(471138685831, 2, Ken, 2043, 886992, 1)
INSERT INTO interacts VALUES(471138685831, 2, k0u, 3020, 893678, 1)
INSERT INTO interacts VALUES(471138685831, 2, k0u, 1028, 896805, 1)
INSERT INTO interacts VALUES(471138685831, 2, k0u, 3364, 898513, 1)
INSERT INTO interacts VALUES(471138685831, 2, Flaxxish, 3078, 902337, 1)
INSERT INTO interacts VALUES(471138685831, 2, Flaxxish, 1036, 903398, 1)
INSERT INTO interacts VALUES(471138685831, 2, Flaxxish, 2043, 905046, 1)
INSERT INTO interacts VALUES(471138685831, 2, Ablazeolive, 1026, 911558, 1)
INSERT INTO interacts VALUES(471138685831, 2, Ablazeolive, 2010, 912630, 1)
INSERT INTO interacts VALUES(471138685831, 2, Ablazeolive, 3363, 913553, 1)
INSERT INTO interacts VALUES(471138685831, 2, Balls, 3145, 917564, 1)
INSERT INTO interacts VALUES(471138685831, 2, Balls, 3067, 918222, 1)
INSERT INTO interacts VALUES(471138685831, 2, Balls, 2043, 919706, 1)
INSERT INTO interacts VALUES(471138685831, 2, Balls, 2003, 919960, 1)
INSERT INTO interacts VALUES(471138685831, 2, LemonNation, 1028, 937558, 1)
INSERT INTO interacts VALUES(471138685831, 2, Rikara, 3508, 964720, 1)
INSERT INTO interacts VALUES(471138685831, 2, Rikara, 1042, 965889, 1)
INSERT INTO interacts VALUES(471138685831, 2, Rikara, 1042, 966044, 1)
INSERT INTO interacts VALUES(471138685831, 2, Rikara, 3363, 967245, 1)
INSERT INTO interacts VALUES(471138685831, 2, Ken, 1052, 988125, 1)
INSERT INTO interacts VALUES(471138685831, 2, Contractz, 3155, 989583, 1)
INSERT INTO interacts VALUES(471138685831, 2, Contractz, 1036, 990002, 1)
INSERT INTO interacts VALUES(471138685831, 2, Contractz, 1036, 990221, 1)
INSERT INTO interacts VALUES(471138685831, 2, Flaxxish, 1036, 1005830, 1)
INSERT INTO interacts VALUES(471138685831, 2, Ablazeolive, 3111, 1066239, 1)
INSERT INTO interacts VALUES(471138685831, 2, Ablazeolive, 2010, 1066790, 1)
INSERT INTO interacts VALUES(471138685831, 2, Balls, 3152, 1067064, 1)
INSERT INTO interacts VALUES(471138685831, 2, Hai, 3157, 1078189, 1)
INSERT INTO interacts VALUES(471138685831, 2, Hai, 3158, 1080881, 1)
INSERT INTO interacts VALUES(471138685831, 2, Hai, 1052, 1083264, 1)
INSERT INTO interacts VALUES(471138685831, 2, Hai, 3363, 1086023, 1)
INSERT INTO interacts VALUES(471138685831, 2, Altec, 3006, 1086378, 1)
INSERT INTO interacts VALUES(471138685831, 2, Altec, 1038, 1087460, 1)
INSERT INTO interacts VALUES(471138685831, 2, Altec, 3363, 1088865, 1)
INSERT INTO interacts VALUES(471138685831, 2, LemonNation, 3098, 1090578, 1)
INSERT INTO interacts VALUES(471138685831, 2, LemonNation, 2043, 1090991, 1)
INSERT INTO interacts VALUES(471138685831, 2, k0u, 1011, 1099851, 1)
INSERT INTO interacts VALUES(471138685831, 2, k0u, 1052, 1101675, 1)
INSERT INTO interacts VALUES(471138685831, 2, Ken, 3801, 1110276, 1)
INSERT INTO interacts VALUES(471138685831, 2, Ken, 3108, 1113840, 1)
INSERT INTO interacts VALUES(471138685831, 2, Ken, 3801, 1118339, 1)
INSERT INTO interacts VALUES(471138685831, 2, Rikara, 3086, 1118464, 1)
INSERT INTO interacts VALUES(471138685831, 2, Ken, 2031, 1119455, 0)
INSERT INTO interacts VALUES(471138685831, 2, Ken, 2043, 1120575, 1)
INSERT INTO interacts VALUES(471138685831, 2, Flaxxish, 3006, 1120716, 1)
INSERT INTO interacts VALUES(471138685831, 2, Flaxxish, 2043, 1122192, 1)
INSERT INTO interacts VALUES(471138685831, 2, Ablazeolive, 2010, 1230461, 0)
INSERT INTO interacts VALUES(471138685831, 2, Ablazeolive, 1058, 1231614, 1)
INSERT INTO interacts VALUES(471138685831, 2, Balls, 1052, 1233719, 1)
INSERT INTO interacts VALUES(471138685831, 2, Balls, 1028, 1234504, 1)
INSERT INTO interacts VALUES(471138685831, 2, Ken, 3105, 1264237, 1)
INSERT INTO interacts VALUES(471138685831, 2, Flaxxish, 1038, 1272778, 1)
INSERT INTO interacts VALUES(471138685831, 2, Rikara, 3087, 1287063, 1)
INSERT INTO interacts VALUES(471138685831, 2, Rikara, 2043, 1289744, 1)
INSERT INTO interacts VALUES(471138685831, 2, Balls, 3136, 1300448, 1)
INSERT INTO interacts VALUES(471138685831, 2, k0u, 3116, 1302617, 1)
INSERT INTO interacts VALUES(471138685831, 2, Balls, 1052, 1303149, 1)
INSERT INTO interacts VALUES(471138685831, 2, Balls, 2003, 1303967, 1)
INSERT INTO interacts VALUES(471138685831, 2, LemonNation, 3105, 1318841, 1)
INSERT INTO interacts VALUES(471138685831, 2, LemonNation, 3364, 1320564, 1)
INSERT INTO interacts VALUES(471138685831, 2, Contractz, 3156, 1321290, 1)
INSERT INTO interacts VALUES(471138685831, 2, LemonNation, 2043, 1321317, 1)
INSERT INTO interacts VALUES(471138685831, 2, LemonNation, 2043, 1321552, 1)
INSERT INTO interacts VALUES(471138685831, 2, Contractz, 1042, 1322052, 1)
INSERT INTO interacts VALUES(471138685831, 2, Contractz, 2043, 1323640, 1)
INSERT INTO interacts VALUES(471138685831, 2, Hai, 3108, 1323808, 1)
INSERT INTO interacts VALUES(471138685831, 2, Hai, 1057, 1324498, 1)
INSERT INTO interacts VALUES(471138685831, 2, Balls, 2043, 1324806, 1)
INSERT INTO interacts VALUES(471138685831, 2, Altec, 3031, 1331043, 1)
INSERT INTO interacts VALUES(471138685831, 2, k0u, 1058, 1335002, 1)
INSERT INTO interacts VALUES(471138685831, 2, Ken, 2043, 1338192, 1)
INSERT INTO interacts VALUES(471138685831, 2, Flaxxish, 1053, 1364568, 1)
INSERT INTO interacts VALUES(471138685831, 2, Contractz, 3086, 1408964, 1)
INSERT INTO interacts VALUES(471138685831, 2, Balls, 3191, 1409770, 1)
INSERT INTO interacts VALUES(471138685831, 2, Altec, 1033, 1413769, 1)
INSERT INTO interacts VALUES(471138685831, 2, LemonNation, 3067, 1414788, 1)
INSERT INTO interacts VALUES(471138685831, 2, Ken, 3108, 1423663, 1)
INSERT INTO interacts VALUES(471138685831, 2, Ken, 2043, 1427323, 1)
INSERT INTO interacts VALUES(471138685831, 2, Rikara, 1038, 1430394, 1)
INSERT INTO interacts VALUES(471138685831, 2, Hai, 3001, 1441269, 1)
INSERT INTO interacts VALUES(471138685831, 2, Hai, 2043, 1442344, 1)
INSERT INTO interacts VALUES(471138685831, 2, Ablazeolive, 3089, 1457302, 1)
INSERT INTO interacts VALUES(471138685831, 2, Ablazeolive, 2043, 1457744, 1)
INSERT INTO interacts VALUES(471138685831, 2, Ablazeolive, 2010, 1458084, 1)
INSERT INTO interacts VALUES(471138685831, 2, k0u, 1026, 1472573, 1)
INSERT INTO interacts VALUES(471138685831, 2, LemonNation, 3190, 1532345, 1)
INSERT INTO interacts VALUES(471138685831, 2, LemonNation, 2043, 1533200, 1)
INSERT INTO interacts VALUES(471138685831, 2, LemonNation, 2043, 1533381, 1)
INSERT INTO interacts VALUES(471138685831, 2, Balls, 3108, 1566075, 1)
INSERT INTO interacts VALUES(471138685831, 2, Flaxxish, 3072, 1570657, 1)
INSERT INTO interacts VALUES(471138685831, 2, Rikara, 3031, 1662632, 1)
INSERT INTO interacts VALUES(471138685831, 2, Balls, 3157, 1682736, 1)
INSERT INTO interacts VALUES(471138685831, 2, Hai, 1058, 1687318, 1)
INSERT INTO interacts VALUES(471138685831, 2, k0u, 2031, 1688968, 0)
INSERT INTO interacts VALUES(471138685831, 2, k0u, 1052, 1690305, 1)
INSERT INTO interacts VALUES(471138685831, 2, LemonNation, 3114, 1693836, 1)
INSERT INTO interacts VALUES(471138685831, 2, Contractz, 3046, 1694490, 1)
INSERT INTO interacts VALUES(471138685831, 2, LemonNation, 2043, 1695071, 1)
INSERT INTO interacts VALUES(471138685831, 2, LemonNation, 2043, 1695190, 1)
INSERT INTO interacts VALUES(471138685831, 2, Ken, 3092, 1696670, 1)
INSERT INTO interacts VALUES(471138685831, 2, Contractz, 1037, 1696896, 1)
INSERT INTO interacts VALUES(471138685831, 2, Ken, 3364, 1698402, 1)
INSERT INTO interacts VALUES(471138685831, 2, Contractz, 1053, 1701934, 1)
INSERT INTO interacts VALUES(471138685831, 2, Ken, 1028, 1703154, 1)
INSERT INTO interacts VALUES(471138685831, 2, Altec, 3140, 1706760, 1)
INSERT INTO interacts VALUES(471138685831, 2, Altec, 1083, 1707575, 0)
INSERT INTO interacts VALUES(471138685831, 2, Altec, 1053, 1709419, 1)
INSERT INTO interacts VALUES(471138685831, 2, Flaxxish, 1033, 1713682, 1)
INSERT INTO interacts VALUES(471138685831, 2, Ablazeolive, 1026, 1713911, 1)
INSERT INTO interacts VALUES(471138685831, 2, Ablazeolive, 2010, 1714896, 0)
INSERT INTO interacts VALUES(471138685831, 2, Ablazeolive, 2043, 1716752, 1)
INSERT INTO interacts VALUES(471138685831, 2, k0u, 3089, 1774742, 1)
INSERT INTO interacts VALUES(471138685831, 2, Rikara, 1083, 1788952, 0)
INSERT INTO interacts VALUES(471138685831, 2, Rikara, 1055, 1792134, 0)
INSERT INTO interacts VALUES(471138685831, 2, Rikara, 1055, 1796240, 0)
INSERT INTO interacts VALUES(471138685831, 2, Rikara, 3155, 1796727, 1)
INSERT INTO interacts VALUES(471138685831, 2, Rikara, 2043, 1798188, 1)
INSERT INTO interacts VALUES(471138685831, 2, Flaxxish, 1028, 1807591, 1)
INSERT INTO series VALUES(
                    Game 1 of 2
                  )
INSERT INTO organizes VALUES(471138685831)
INSERT INTO matches VALUES(187698876883, 1, 2016-07-06)
INSERT INTO competes VALUES(187698876883, TLA, True)
INSERT INTO competes VALUES(187698876883, ENX, False)
INSERT INTO scores VALUES(TLA, 187698876883, 1, 3, 11, 0, 1, 3, 1)
INSERT INTO scores VALUES(ENX, 187698876883, 1, 0, 1, 0, 0, 0, 0)
INSERT INTO bans VALUES(187698876883, 1, 43, 1)
INSERT INTO bans VALUES(187698876883, 1, 201, 3)
INSERT INTO bans VALUES(187698876883, 1, 76, 5)
INSERT INTO bans VALUES(187698876883, 1, 48, 2)
INSERT INTO bans VALUES(187698876883, 1, 8, 4)
INSERT INTO bans VALUES(187698876883, 1, 69, 6)
INSERT INTO plays VALUES(187698876883, 1, Solo, 68, Top, 2, 2, 3, 13116, 16, 3, 200, 0, 0, 10330)
INSERT INTO plays VALUES(187698876883, 1, Moon, 421, Jungle, 1, 0, 4, 6945, 15, 8, 14, 62, 23, 9884)
INSERT INTO plays VALUES(187698876883, 1, Goldenglue, 13, Mid, 4, 0, 3, 11038, 15, 2, 220, 10, 3, 12235)
INSERT INTO plays VALUES(187698876883, 1, Piglet, 236, Jungle, 8, 0, 0, 14534, 10, 7, 243, 5, 7, 13891)
INSERT INTO plays VALUES(187698876883, 1, Stunt, 267, Jungle, 0, 0, 10, 4174, 31, 5, 7, 0, 0, 8191)
INSERT INTO plays VALUES(187698876883, 1, RF Legendary, 104, Top, 1, 3, 1, 7947, 10, 3, 211, 5, 0, 8570)
INSERT INTO plays VALUES(187698876883, 1, ShorterACE, 79, Jungle, 1, 0, 1, 6922, 25, 8, 27, 78, 7, 7738)
INSERT INTO plays VALUES(187698876883, 1, Poppers OP, 268, Mid, 0, 5, 0, 10004, 8, 2, 177, 6, 0, 7740)
INSERT INTO players VALUES(Prototype)
INSERT INTO registers VALUES(Prototype, ENX, date('1970-01-01'))
INSERT INTO plays VALUES(187698876883, 1, Prototype, 81, ADC, 0, 5, 0, 14106, 10, 5, 185, 3, 3, 8015)
INSERT INTO plays VALUES(187698876883, 1, Bodydrop, 117, Support, 0, 2, 0, 4463, 30, 9, 28, 1, 0, 5809)
INSERT INTO interacts VALUES(187698876883, 1, Prototype, 1055, 1759, 1)
INSERT INTO interacts VALUES(187698876883, 1, Goldenglue, 1056, 1759, 1)
INSERT INTO interacts VALUES(187698876883, 1, Goldenglue, 2010, 1955, 1)
INSERT INTO interacts VALUES(187698876883, 1, Goldenglue, 2010, 2056, 1)
INSERT INTO interacts VALUES(187698876883, 1, Piglet, 1055, 2182, 1)
INSERT INTO interacts VALUES(187698876883, 1, Prototype, 3340, 2185, 1)
INSERT INTO interacts VALUES(187698876883, 1, Piglet, 2010, 2315, 1)
INSERT INTO interacts VALUES(187698876883, 1, Goldenglue, 3340, 2366, 1)
INSERT INTO interacts VALUES(187698876883, 1, ShorterACE, 1039, 2508, 1)
INSERT INTO interacts VALUES(187698876883, 1, Prototype, 2010, 2670, 1)
INSERT INTO interacts VALUES(187698876883, 1, RF Legendary, 1055, 2865, 1)
INSERT INTO interacts VALUES(187698876883, 1, ShorterACE, 2031, 3356, 1)
INSERT INTO interacts VALUES(187698876883, 1, RF Legendary, 2003, 3517, 1)
INSERT INTO interacts VALUES(187698876883, 1, Bodydrop, 3340, 3666, 1)
INSERT INTO interacts VALUES(187698876883, 1, RF Legendary, 3340, 3714, 1)
INSERT INTO interacts VALUES(187698876883, 1, Bodydrop, 3303, 3927, 1)
INSERT INTO interacts VALUES(187698876883, 1, Piglet, 3340, 4101, 1)
INSERT INTO interacts VALUES(187698876883, 1, Bodydrop, 2010, 4448, 1)
INSERT INTO interacts VALUES(187698876883, 1, Bodydrop, 2010, 4590, 1)
INSERT INTO interacts VALUES(187698876883, 1, Bodydrop, 2010, 4754, 1)
INSERT INTO interacts VALUES(187698876883, 1, Poppers OP, 1056, 4968, 1)
INSERT INTO interacts VALUES(187698876883, 1, ShorterACE, 3340, 5077, 1)
INSERT INTO interacts VALUES(187698876883, 1, Solo, 1054, 5112, 1)
INSERT INTO interacts VALUES(187698876883, 1, Moon, 1041, 5232, 1)
INSERT INTO interacts VALUES(187698876883, 1, Poppers OP, 2010, 5274, 1)
INSERT INTO interacts VALUES(187698876883, 1, Poppers OP, 2010, 5468, 1)
INSERT INTO interacts VALUES(187698876883, 1, Solo, 2003, 5796, 1)
INSERT INTO interacts VALUES(187698876883, 1, Moon, 2031, 6011, 1)
INSERT INTO interacts VALUES(187698876883, 1, Poppers OP, 3340, 6011, 1)
INSERT INTO interacts VALUES(187698876883, 1, Solo, 3340, 6021, 1)
INSERT INTO interacts VALUES(187698876883, 1, Moon, 3340, 6273, 1)
INSERT INTO interacts VALUES(187698876883, 1, Stunt, 3303, 7127, 1)
INSERT INTO interacts VALUES(187698876883, 1, Stunt, 2010, 7420, 1)
INSERT INTO interacts VALUES(187698876883, 1, Stunt, 2010, 7613, 1)
INSERT INTO interacts VALUES(187698876883, 1, Stunt, 2010, 7713, 1)
INSERT INTO interacts VALUES(187698876883, 1, Stunt, 3340, 8166, 1)
INSERT INTO interacts VALUES(187698876883, 1, Bodydrop, 2043, 150832, 1)
INSERT INTO interacts VALUES(187698876883, 1, RF Legendary, 2003, 171427, 1)
INSERT INTO interacts VALUES(187698876883, 1, RF Legendary, 2003, 171594, 1)
INSERT INTO interacts VALUES(187698876883, 1, Stunt, 1004, 214621, 1)
INSERT INTO interacts VALUES(187698876883, 1, Stunt, 2043, 216195, 1)
INSERT INTO interacts VALUES(187698876883, 1, Piglet, 1083, 217545, 1)
INSERT INTO interacts VALUES(187698876883, 1, Piglet, 1036, 218808, 1)
INSERT INTO interacts VALUES(187698876883, 1, Piglet, 2010, 219044, 1)
INSERT INTO interacts VALUES(187698876883, 1, Bodydrop, 2043, 220455, 1)
INSERT INTO interacts VALUES(187698876883, 1, Piglet, 2010, 221858, 1)
INSERT INTO interacts VALUES(187698876883, 1, Bodydrop, 2043, 222751, 1)
INSERT INTO interacts VALUES(187698876883, 1, ShorterACE, 3711, 307436, 1)
INSERT INTO interacts VALUES(187698876883, 1, ShorterACE, 1001, 308482, 1)
INSERT INTO interacts VALUES(187698876883, 1, ShorterACE, 2043, 308787, 1)
INSERT INTO interacts VALUES(187698876883, 1, ShorterACE, 3341, 310497, 1)
INSERT INTO interacts VALUES(187698876883, 1, Poppers OP, 1042, 317665, 1)
INSERT INTO interacts VALUES(187698876883, 1, Poppers OP, 1042, 317854, 1)
INSERT INTO interacts VALUES(187698876883, 1, Poppers OP, 1001, 321450, 1)
INSERT INTO interacts VALUES(187698876883, 1, Poppers OP, 2010, 321776, 1)
INSERT INTO interacts VALUES(187698876883, 1, Poppers OP, 2010, 322521, 1)
INSERT INTO interacts VALUES(187698876883, 1, Goldenglue, 3070, 340312, 1)
INSERT INTO interacts VALUES(187698876883, 1, Goldenglue, 1001, 341597, 1)
INSERT INTO interacts VALUES(187698876883, 1, Goldenglue, 2031, 343680, 1)
INSERT INTO interacts VALUES(187698876883, 1, Goldenglue, 2043, 344437, 1)
INSERT INTO interacts VALUES(187698876883, 1, Prototype, 3070, 392752, 1)
INSERT INTO interacts VALUES(187698876883, 1, Prototype, 1055, 396122, 1)
INSERT INTO interacts VALUES(187698876883, 1, Prototype, 2010, 397015, 1)
INSERT INTO interacts VALUES(187698876883, 1, Prototype, 2010, 397110, 1)
INSERT INTO interacts VALUES(187698876883, 1, Moon, 3047, 421944, 1)
INSERT INTO interacts VALUES(187698876883, 1, Moon, 1028, 423786, 1)
INSERT INTO interacts VALUES(187698876883, 1, Piglet, 3134, 424864, 1)
INSERT INTO interacts VALUES(187698876883, 1, Stunt, 2049, 425096, 1)
INSERT INTO interacts VALUES(187698876883, 1, Piglet, 1036, 425228, 1)
INSERT INTO interacts VALUES(187698876883, 1, Piglet, 1036, 425401, 1)
INSERT INTO interacts VALUES(187698876883, 1, Moon, 2043, 426116, 1)
INSERT INTO interacts VALUES(187698876883, 1, Stunt, 2031, 427861, 1)
INSERT INTO interacts VALUES(187698876883, 1, Stunt, 3341, 430021, 1)
INSERT INTO interacts VALUES(187698876883, 1, Bodydrop, 2049, 445546, 1)
INSERT INTO interacts VALUES(187698876883, 1, Bodydrop, 3341, 446692, 1)
INSERT INTO interacts VALUES(187698876883, 1, Bodydrop, 2010, 447916, 1)
INSERT INTO interacts VALUES(187698876883, 1, Goldenglue, 1028, 483769, 1)
INSERT INTO interacts VALUES(187698876883, 1, Goldenglue, 1027, 484059, 1)
INSERT INTO interacts VALUES(187698876883, 1, ShorterACE, 3113, 496027, 1)
INSERT INTO interacts VALUES(187698876883, 1, Poppers OP, 3101, 511317, 1)
INSERT INTO interacts VALUES(187698876883, 1, Poppers OP, 1042, 514043, 1)
INSERT INTO interacts VALUES(187698876883, 1, Poppers OP, 2010, 514895, 1)
INSERT INTO interacts VALUES(187698876883, 1, Poppers OP, 2010, 515064, 1)
INSERT INTO interacts VALUES(187698876883, 1, RF Legendary, 1055, 530417, 1)
INSERT INTO interacts VALUES(187698876883, 1, RF Legendary, 1036, 531313, 1)
INSERT INTO interacts VALUES(187698876883, 1, RF Legendary, 1036, 531463, 1)
INSERT INTO interacts VALUES(187698876883, 1, RF Legendary, 1036, 532334, 1)
INSERT INTO interacts VALUES(187698876883, 1, RF Legendary, 1001, 532776, 1)
INSERT INTO interacts VALUES(187698876883, 1, Solo, 3136, 536098, 1)
INSERT INTO interacts VALUES(187698876883, 1, Solo, 1001, 536434, 1)
INSERT INTO interacts VALUES(187698876883, 1, Solo, 2003, 538868, 0)
INSERT INTO interacts VALUES(187698876883, 1, Solo, 2031, 539410, 1)
INSERT INTO interacts VALUES(187698876883, 1, Solo, 2043, 545272, 1)
INSERT INTO interacts VALUES(187698876883, 1, Prototype, 1027, 546235, 1)
INSERT INTO interacts VALUES(187698876883, 1, Prototype, 1001, 547197, 1)
INSERT INTO interacts VALUES(187698876883, 1, Piglet, 3142, 574972, 1)
INSERT INTO interacts VALUES(187698876883, 1, Piglet, 2010, 576166, 1)
INSERT INTO interacts VALUES(187698876883, 1, Moon, 3751, 578335, 1)
INSERT INTO interacts VALUES(187698876883, 1, Moon, 2043, 579813, 1)
INSERT INTO interacts VALUES(187698876883, 1, Stunt, 1001, 580057, 1)
INSERT INTO interacts VALUES(187698876883, 1, Stunt, 2043, 582052, 1)
INSERT INTO interacts VALUES(187698876883, 1, Poppers OP, 3006, 610410, 1)
INSERT INTO interacts VALUES(187698876883, 1, Poppers OP, 2010, 610966, 1)
INSERT INTO interacts VALUES(187698876883, 1, Poppers OP, 2010, 611103, 1)
INSERT INTO interacts VALUES(187698876883, 1, Poppers OP, 2043, 612209, 1)
INSERT INTO interacts VALUES(187698876883, 1, Goldenglue, 3010, 632905, 1)
INSERT INTO interacts VALUES(187698876883, 1, Goldenglue, 1026, 633300, 1)
INSERT INTO interacts VALUES(187698876883, 1, Prototype, 3057, 656656, 1)
INSERT INTO interacts VALUES(187698876883, 1, ShorterACE, 1410, 659615, 1)
INSERT INTO interacts VALUES(187698876883, 1, ShorterACE, 2043, 660995, 1)
INSERT INTO interacts VALUES(187698876883, 1, Bodydrop, 3098, 676199, 1)
INSERT INTO interacts VALUES(187698876883, 1, Bodydrop, 2010, 677380, 1)
INSERT INTO interacts VALUES(187698876883, 1, Bodydrop, 2010, 677549, 1)
INSERT INTO interacts VALUES(187698876883, 1, Bodydrop, 2043, 677828, 1)
INSERT INTO interacts VALUES(187698876883, 1, Piglet, 3006, 688627, 1)
INSERT INTO interacts VALUES(187698876883, 1, Stunt, 3158, 696854, 1)
INSERT INTO interacts VALUES(187698876883, 1, Stunt, 1004, 701037, 1)
INSERT INTO interacts VALUES(187698876883, 1, Moon, 1028, 707412, 1)
INSERT INTO interacts VALUES(187698876883, 1, Moon, 2043, 707970, 1)
INSERT INTO interacts VALUES(187698876883, 1, Solo, 3020, 740759, 1)
INSERT INTO interacts VALUES(187698876883, 1, Solo, 1029, 741473, 1)
INSERT INTO interacts VALUES(187698876883, 1, Solo, 1029, 781623, 1)
INSERT INTO interacts VALUES(187698876883, 1, RF Legendary, 3133, 782139, 1)
INSERT INTO interacts VALUES(187698876883, 1, RF Legendary, 1037, 784254, 1)
INSERT INTO interacts VALUES(187698876883, 1, ShorterACE, 3047, 789346, 1)
INSERT INTO interacts VALUES(187698876883, 1, ShorterACE, 2043, 790110, 1)
INSERT INTO interacts VALUES(187698876883, 1, ShorterACE, 3364, 791764, 1)
INSERT INTO interacts VALUES(187698876883, 1, Poppers OP, 1042, 808991, 1)
INSERT INTO interacts VALUES(187698876883, 1, Poppers OP, 1052, 812174, 1)
INSERT INTO interacts VALUES(187698876883, 1, Prototype, 2010, 842038, 0)
INSERT INTO interacts VALUES(187698876883, 1, Prototype, 1037, 844447, 1)
INSERT INTO interacts VALUES(187698876883, 1, Stunt, 3098, 846598, 1)
INSERT INTO interacts VALUES(187698876883, 1, Stunt, 2043, 848176, 1)
INSERT INTO interacts VALUES(187698876883, 1, Goldenglue, 3027, 848803, 1)
INSERT INTO interacts VALUES(187698876883, 1, Goldenglue, 3020, 852476, 1)
INSERT INTO interacts VALUES(187698876883, 1, Goldenglue, 2043, 853638, 1)
INSERT INTO interacts VALUES(187698876883, 1, Goldenglue, 3363, 854459, 1)
INSERT INTO interacts VALUES(187698876883, 1, Piglet, 3133, 864517, 1)
INSERT INTO interacts VALUES(187698876883, 1, Piglet, 1028, 864828, 1)
INSERT INTO interacts VALUES(187698876883, 1, Piglet, 3363, 866520, 1)
INSERT INTO interacts VALUES(187698876883, 1, RF Legendary, 1055, 880987, 0)
INSERT INTO interacts VALUES(187698876883, 1, RF Legendary, 3812, 882641, 1)
INSERT INTO interacts VALUES(187698876883, 1, RF Legendary, 2003, 883702, 1)
INSERT INTO interacts VALUES(187698876883, 1, ShorterACE, 1033, 899269, 1)
INSERT INTO interacts VALUES(187698876883, 1, Moon, 1401, 913804, 1)
INSERT INTO interacts VALUES(187698876883, 1, Moon, 1036, 915438, 1)
INSERT INTO interacts VALUES(187698876883, 1, Bodydrop, 2045, 938389, 1)
INSERT INTO interacts VALUES(187698876883, 1, Bodydrop, 1001, 939122, 1)
INSERT INTO interacts VALUES(187698876883, 1, Bodydrop, 2010, 941344, 1)
INSERT INTO interacts VALUES(187698876883, 1, Poppers OP, 3108, 950188, 1)
INSERT INTO interacts VALUES(187698876883, 1, Poppers OP, 2010, 951310, 1)
INSERT INTO interacts VALUES(187698876883, 1, Poppers OP, 2010, 951513, 1)
INSERT INTO interacts VALUES(187698876883, 1, Poppers OP, 3363, 952920, 1)
INSERT INTO interacts VALUES(187698876883, 1, ShorterACE, 3801, 969517, 1)
INSERT INTO interacts VALUES(187698876883, 1, Prototype, 3004, 979478, 1)
INSERT INTO interacts VALUES(187698876883, 1, Prototype, 1029, 983194, 1)
INSERT INTO interacts VALUES(187698876883, 1, Piglet, 3044, 986924, 1)
INSERT INTO interacts VALUES(187698876883, 1, Stunt, 2301, 989433, 1)
INSERT INTO interacts VALUES(187698876883, 1, Stunt, 1033, 993728, 1)
INSERT INTO interacts VALUES(187698876883, 1, Goldenglue, 1058, 997455, 1)
INSERT INTO interacts VALUES(187698876883, 1, Solo, 3191, 997629, 1)
INSERT INTO interacts VALUES(187698876883, 1, Solo, 1052, 998489, 1)
INSERT INTO interacts VALUES(187698876883, 1, RF Legendary, 3111, 1032152, 1)
INSERT INTO interacts VALUES(187698876883, 1, Bodydrop, 2043, 1038900, 1)
INSERT INTO interacts VALUES(187698876883, 1, Bodydrop, 2043, 1039075, 1)
INSERT INTO interacts VALUES(187698876883, 1, RF Legendary, 1042, 1101028, 1)
INSERT INTO interacts VALUES(187698876883, 1, Prototype, 3158, 1132051, 1)
INSERT INTO interacts VALUES(187698876883, 1, ShorterACE, 3105, 1134335, 1)
INSERT INTO interacts VALUES(187698876883, 1, ShorterACE, 2043, 1135449, 1)
INSERT INTO interacts VALUES(187698876883, 1, Poppers OP, 3115, 1136330, 1)
INSERT INTO interacts VALUES(187698876883, 1, Poppers OP, 1052, 1137544, 1)
INSERT INTO interacts VALUES(187698876883, 1, RF Legendary, 1051, 1156753, 1)
INSERT INTO interacts VALUES(187698876883, 1, Piglet, 3071, 1158016, 1)
INSERT INTO interacts VALUES(187698876883, 1, Piglet, 1033, 1159205, 1)
INSERT INTO interacts VALUES(187698876883, 1, Goldenglue, 3003, 1159537, 1)
INSERT INTO interacts VALUES(187698876883, 1, Moon, 3077, 1161115, 1)
INSERT INTO interacts VALUES(187698876883, 1, Goldenglue, 2043, 1161986, 1)
INSERT INTO interacts VALUES(187698876883, 1, Piglet, 1053, 1162825, 1)
INSERT INTO interacts VALUES(187698876883, 1, Moon, 1028, 1163283, 1)
INSERT INTO interacts VALUES(187698876883, 1, Stunt, 3028, 1164455, 1)
INSERT INTO interacts VALUES(187698876883, 1, Stunt, 3364, 1165125, 1)
INSERT INTO interacts VALUES(187698876883, 1, Stunt, 2043, 1166683, 1)
INSERT INTO interacts VALUES(187698876883, 1, Stunt, 1004, 1167399, 1)
INSERT INTO interacts VALUES(187698876883, 1, Solo, 3157, 1185152, 1)
INSERT INTO interacts VALUES(187698876883, 1, Solo, 2043, 1185988, 1)
INSERT INTO interacts VALUES(187698876883, 1, Prototype, 3024, 1218447, 1)
INSERT INTO interacts VALUES(187698876883, 1, Poppers OP, 1028, 1244753, 1)
INSERT INTO interacts VALUES(187698876883, 1, ShorterACE, 1028, 1255705, 1)
INSERT INTO interacts VALUES(187698876883, 1, Bodydrop, 3158, 1287770, 1)
INSERT INTO interacts VALUES(187698876883, 1, Piglet, 1083, 1288113, 0)
INSERT INTO interacts VALUES(187698876883, 1, Piglet, 3086, 1289761, 1)
INSERT INTO interacts VALUES(187698876883, 1, Solo, 1026, 1290440, 1)
INSERT INTO interacts VALUES(187698876883, 1, Solo, 2031, 1291381, 0)
INSERT INTO interacts VALUES(187698876883, 1, Solo, 2043, 1292341, 1)
INSERT INTO interacts VALUES(187698876883, 1, Goldenglue, 2031, 1294286, 0)
INSERT INTO interacts VALUES(187698876883, 1, Goldenglue, 1026, 1294974, 1)
INSERT INTO interacts VALUES(187698876883, 1, Goldenglue, 1052, 1295281, 1)
INSERT INTO interacts VALUES(187698876883, 1, Bodydrop, 1004, 1297863, 1)
INSERT INTO interacts VALUES(187698876883, 1, Bodydrop, 2043, 1299866, 1)
INSERT INTO interacts VALUES(187698876883, 1, Bodydrop, 2043, 1300045, 1)
INSERT INTO interacts VALUES(187698876883, 1, Stunt, 3114, 1305257, 1)
INSERT INTO interacts VALUES(187698876883, 1, Moon, 3748, 1315040, 1)
INSERT INTO interacts VALUES(187698876883, 1, Moon, 2043, 1315709, 1)
INSERT INTO interacts VALUES(187698876883, 1, ShorterACE, 3190, 1328030, 1)
INSERT INTO interacts VALUES(187698876883, 1, ShorterACE, 2031, 1329563, 0)
INSERT INTO interacts VALUES(187698876883, 1, ShorterACE, 2043, 1329970, 1)
INSERT INTO interacts VALUES(187698876883, 1, RF Legendary, 3086, 1370618, 1)
INSERT INTO interacts VALUES(187698876883, 1, RF Legendary, 1042, 1370969, 1)
INSERT INTO interacts VALUES(187698876883, 1, Poppers OP, 1011, 1396385, 1)
INSERT INTO interacts VALUES(187698876883, 1, ShorterACE, 1029, 1401811, 1)
INSERT INTO interacts VALUES(187698876883, 1, Solo, 3151, 1420793, 1)
INSERT INTO interacts VALUES(187698876883, 1, Solo, 2043, 1422015, 1)
INSERT INTO interacts VALUES(187698876883, 1, Goldenglue, 3135, 1423450, 1)
INSERT INTO interacts VALUES(187698876883, 1, Piglet, 3094, 1426588, 1)
INSERT INTO interacts VALUES(187698876883, 1, Goldenglue, 2043, 1427280, 1)
INSERT INTO interacts VALUES(187698876883, 1, Stunt, 2031, 1429378, 0)
INSERT INTO interacts VALUES(187698876883, 1, Prototype, 3025, 1433979, 1)
INSERT INTO interacts VALUES(187698876883, 1, Stunt, 3174, 1435735, 1)
INSERT INTO interacts VALUES(187698876883, 1, Prototype, 1036, 1440565, 1)
INSERT INTO interacts VALUES(187698876883, 1, ShorterACE, 1029, 1448385, 1)
INSERT INTO interacts VALUES(187698876883, 1, RF Legendary, 1055, 1461704, 0)
INSERT INTO interacts VALUES(187698876883, 1, RF Legendary, 3046, 1462412, 1)
INSERT INTO interacts VALUES(187698876883, 1, RF Legendary, 1036, 1536216, 1)
INSERT INTO interacts VALUES(187698876883, 1, Bodydrop, 3114, 1545830, 1)
INSERT INTO interacts VALUES(187698876883, 1, Moon, 1011, 1546298, 1)
INSERT INTO interacts VALUES(187698876883, 1, Moon, 3801, 1547581, 1)
INSERT INTO interacts VALUES(187698876883, 1, Bodydrop, 2043, 1547762, 1)
INSERT INTO interacts VALUES(187698876883, 1, Bodydrop, 2043, 1547911, 1)
INSERT INTO interacts VALUES(187698876883, 1, Goldenglue, 2139, 1547919, 1)
INSERT INTO interacts VALUES(187698876883, 1, Bodydrop, 3364, 1550843, 1)
INSERT INTO interacts VALUES(187698876883, 1, Goldenglue, 1052, 1551936, 1)
INSERT INTO interacts VALUES(187698876883, 1, Prototype, 2140, 1581101, 1)
INSERT INTO matches VALUES(187698876883, 2, 2016-07-06)
INSERT INTO competes VALUES(187698876883, TLA, True)
INSERT INTO competes VALUES(187698876883, ENX, False)
INSERT INTO scores VALUES(TLA, 187698876883, 2, 0, 2, 0, 0, 0, 0)
INSERT INTO scores VALUES(ENX, 187698876883, 2, 1, 9, 0, 0, 3, 1)
INSERT INTO bans VALUES(187698876883, 2, 48, 1)
INSERT INTO bans VALUES(187698876883, 2, 13, 3)
INSERT INTO bans VALUES(187698876883, 2, 43, 5)
INSERT INTO bans VALUES(187698876883, 2, 8, 2)
INSERT INTO bans VALUES(187698876883, 2, 201, 4)
INSERT INTO bans VALUES(187698876883, 2, 268, 6)
INSERT INTO plays VALUES(187698876883, 2, RF Legendary, 150, Top, 2, 3, 1, 7187, 13, 4, 151, 0, 0, 7395)
INSERT INTO plays VALUES(187698876883, 2, ShorterACE, 2, Jungle, 0, 2, 3, 6292, 20, 4, 33, 56, 18, 7677)
INSERT INTO plays VALUES(187698876883, 2, Poppers OP, 112, Mid, 0, 7, 0, 15025, 8, 0, 172, 0, 0, 7259)
INSERT INTO plays VALUES(187698876883, 2, Prototype, 236, ADC, 0, 5, 0, 8082, 10, 4, 187, 8, 0, 7997)
INSERT INTO plays VALUES(187698876883, 2, Bodydrop, 117, Support, 1, 4, 2, 4786, 21, 4, 11, 0, 0, 5706)
INSERT INTO plays VALUES(187698876883, 2, Solo, 127, Top, 1, 2, 5, 8372, 13, 5, 204, 0, 1, 9249)
INSERT INTO plays VALUES(187698876883, 2, Moon, 421, Jungle, 6, 0, 6, 10476, 12, 6, 22, 33, 32, 9207)
INSERT INTO plays VALUES(187698876883, 2, Goldenglue, 69, Mid, 10, 0, 6, 20522, 11, 2, 183, 11, 16, 12637)
INSERT INTO plays VALUES(187698876883, 2, Piglet, 81, ADC, 4, 1, 7, 11629, 11, 2, 187, 12, 5, 11542)
INSERT INTO plays VALUES(187698876883, 2, Stunt, 267, Support, 0, 0, 13, 4075, 29, 7, 7, 0, 0, 7268)
INSERT INTO interacts VALUES(187698876883, 2, Goldenglue, 1056, 1717, 1)
INSERT INTO interacts VALUES(187698876883, 2, Moon, 1041, 1915, 1)
INSERT INTO interacts VALUES(187698876883, 2, Goldenglue, 2010, 1976, 1)
INSERT INTO interacts VALUES(187698876883, 2, Piglet, 1055, 2073, 1)
INSERT INTO interacts VALUES(187698876883, 2, Goldenglue, 2010, 2121, 1)
INSERT INTO interacts VALUES(187698876883, 2, Piglet, 2010, 2301, 1)
INSERT INTO interacts VALUES(187698876883, 2, Goldenglue, 3340, 2431, 1)
INSERT INTO interacts VALUES(187698876883, 2, Prototype, 2010, 2434, 1)
INSERT INTO interacts VALUES(187698876883, 2, Piglet, 3340, 2528, 1)
INSERT INTO interacts VALUES(187698876883, 2, Moon, 2031, 2820, 1)
INSERT INTO interacts VALUES(187698876883, 2, Prototype, 1055, 2955, 1)
INSERT INTO interacts VALUES(187698876883, 2, Moon, 3340, 3144, 1)
INSERT INTO interacts VALUES(187698876883, 2, Prototype, 3340, 3178, 1)
INSERT INTO interacts VALUES(187698876883, 2, Bodydrop, 3340, 3503, 1)
INSERT INTO interacts VALUES(187698876883, 2, Bodydrop, 3303, 3858, 1)
INSERT INTO interacts VALUES(187698876883, 2, Solo, 1056, 4347, 1)
INSERT INTO interacts VALUES(187698876883, 2, RF Legendary, 1055, 4349, 1)
INSERT INTO interacts VALUES(187698876883, 2, Bodydrop, 2010, 4349, 1)
INSERT INTO interacts VALUES(187698876883, 2, Bodydrop, 2010, 4574, 1)
INSERT INTO interacts VALUES(187698876883, 2, Solo, 2010, 4574, 1)
INSERT INTO interacts VALUES(187698876883, 2, RF Legendary, 2003, 4674, 1)
INSERT INTO interacts VALUES(187698876883, 2, Bodydrop, 2010, 4674, 1)
INSERT INTO interacts VALUES(187698876883, 2, Solo, 2010, 4721, 1)
INSERT INTO interacts VALUES(187698876883, 2, RF Legendary, 3340, 4984, 1)
INSERT INTO interacts VALUES(187698876883, 2, Solo, 3340, 5030, 1)
INSERT INTO interacts VALUES(187698876883, 2, ShorterACE, 1039, 5681, 1)
INSERT INTO interacts VALUES(187698876883, 2, ShorterACE, 2031, 6495, 1)
INSERT INTO interacts VALUES(187698876883, 2, ShorterACE, 3340, 6951, 1)
INSERT INTO interacts VALUES(187698876883, 2, Stunt, 3303, 8935, 1)
INSERT INTO interacts VALUES(187698876883, 2, Stunt, 2010, 9152, 1)
INSERT INTO interacts VALUES(187698876883, 2, Poppers OP, 2010, 9195, 1)
INSERT INTO interacts VALUES(187698876883, 2, Stunt, 2010, 9264, 1)
INSERT INTO interacts VALUES(187698876883, 2, Poppers OP, 2010, 9360, 1)
INSERT INTO interacts VALUES(187698876883, 2, Stunt, 2010, 9455, 1)
INSERT INTO interacts VALUES(187698876883, 2, Poppers OP, 1056, 9748, 1)
INSERT INTO interacts VALUES(187698876883, 2, Stunt, 3340, 9748, 1)
INSERT INTO interacts VALUES(187698876883, 2, Poppers OP, 3340, 11114, 1)
INSERT INTO interacts VALUES(187698876883, 2, Prototype, 1036, 204843, 1)
INSERT INTO interacts VALUES(187698876883, 2, Prototype, 2010, 205170, 1)
INSERT INTO interacts VALUES(187698876883, 2, Piglet, 1083, 218148, 1)
INSERT INTO interacts VALUES(187698876883, 2, Piglet, 2010, 219488, 1)
INSERT INTO interacts VALUES(187698876883, 2, Piglet, 2010, 219651, 1)
INSERT INTO interacts VALUES(187698876883, 2, Stunt, 1028, 223691, 1)
INSERT INTO interacts VALUES(187698876883, 2, Bodydrop, 1001, 239489, 1)
INSERT INTO interacts VALUES(187698876883, 2, Bodydrop, 2043, 241182, 1)
INSERT INTO interacts VALUES(187698876883, 2, Bodydrop, 2010, 242398, 1)
INSERT INTO interacts VALUES(187698876883, 2, ShorterACE, 1001, 298112, 1)
INSERT INTO interacts VALUES(187698876883, 2, ShorterACE, 3158, 299254, 1)
INSERT INTO interacts VALUES(187698876883, 2, ShorterACE, 2043, 299923, 1)
INSERT INTO interacts VALUES(187698876883, 2, Solo, 1056, 322295, 1)
INSERT INTO interacts VALUES(187698876883, 2, Solo, 1029, 323912, 1)
INSERT INTO interacts VALUES(187698876883, 2, Solo, 1029, 324184, 1)
INSERT INTO interacts VALUES(187698876883, 2, Solo, 2010, 324771, 1)
INSERT INTO interacts VALUES(187698876883, 2, Prototype, 1036, 340773, 1)
INSERT INTO interacts VALUES(187698876883, 2, Moon, 3047, 340999, 1)
INSERT INTO interacts VALUES(187698876883, 2, Prototype, 2010, 341287, 1)
INSERT INTO interacts VALUES(187698876883, 2, Moon, 1028, 342557, 1)
INSERT INTO interacts VALUES(187698876883, 2, Poppers OP, 3196, 373850, 1)
INSERT INTO interacts VALUES(187698876883, 2, Poppers OP, 2010, 375014, 1)
INSERT INTO interacts VALUES(187698876883, 2, Poppers OP, 2010, 375181, 1)
INSERT INTO interacts VALUES(187698876883, 2, Poppers OP, 2043, 375380, 1)
INSERT INTO interacts VALUES(187698876883, 2, Piglet, 3070, 385041, 1)
INSERT INTO interacts VALUES(187698876883, 2, Piglet, 1028, 387153, 1)
INSERT INTO interacts VALUES(187698876883, 2, Bodydrop, 1028, 387219, 1)
INSERT INTO interacts VALUES(187698876883, 2, Bodydrop, 2010, 388159, 1)
INSERT INTO interacts VALUES(187698876883, 2, Piglet, 1001, 388555, 1)
INSERT INTO interacts VALUES(187698876883, 2, Bodydrop, 2043, 388555, 1)
INSERT INTO interacts VALUES(187698876883, 2, ShorterACE, 1028, 389378, 1)
INSERT INTO interacts VALUES(187698876883, 2, RF Legendary, 3155, 393473, 1)
INSERT INTO interacts VALUES(187698876883, 2, RF Legendary, 2043, 394550, 1)
INSERT INTO interacts VALUES(187698876883, 2, RF Legendary, 2003, 394753, 1)
INSERT INTO interacts VALUES(187698876883, 2, Bodydrop, 2010, 394753, 1)
INSERT INTO interacts VALUES(187698876883, 2, Goldenglue, 3070, 394910, 1)
INSERT INTO interacts VALUES(187698876883, 2, RF Legendary, 2003, 394939, 1)
INSERT INTO interacts VALUES(187698876883, 2, Goldenglue, 3070, 395045, 1)
INSERT INTO interacts VALUES(187698876883, 2, RF Legendary, 2003, 395106, 1)
INSERT INTO interacts VALUES(187698876883, 2, RF Legendary, 2003, 395238, 1)
INSERT INTO interacts VALUES(187698876883, 2, Goldenglue, 3108, 398280, 1)
INSERT INTO interacts VALUES(187698876883, 2, Solo, 1052, 401246, 1)
INSERT INTO interacts VALUES(187698876883, 2, Goldenglue, 2010, 403142, 1)
INSERT INTO interacts VALUES(187698876883, 2, Stunt, 2049, 403903, 1)
INSERT INTO interacts VALUES(187698876883, 2, Stunt, 3341, 405918, 1)
INSERT INTO interacts VALUES(187698876883, 2, Stunt, 3098, 407234, 1)
INSERT INTO interacts VALUES(187698876883, 2, Stunt, 2010, 408383, 1)
INSERT INTO interacts VALUES(187698876883, 2, Stunt, 2010, 412742, 1)
INSERT INTO interacts VALUES(187698876883, 2, Prototype, 3133, 490114, 1)
INSERT INTO interacts VALUES(187698876883, 2, Prototype, 1001, 490942, 1)
INSERT INTO interacts VALUES(187698876883, 2, Prototype, 1042, 493184, 1)
INSERT INTO interacts VALUES(187698876883, 2, Poppers OP, 3197, 540103, 1)
INSERT INTO interacts VALUES(187698876883, 2, Poppers OP, 2010, 541398, 1)
INSERT INTO interacts VALUES(187698876883, 2, RF Legendary, 1001, 576226, 1)
INSERT INTO interacts VALUES(187698876883, 2, RF Legendary, 1028, 576978, 1)
INSERT INTO interacts VALUES(187698876883, 2, RF Legendary, 2043, 578759, 1)
INSERT INTO interacts VALUES(187698876883, 2, Goldenglue, 3802, 582543, 1)
INSERT INTO interacts VALUES(187698876883, 2, Moon, 3077, 582709, 1)
INSERT INTO interacts VALUES(187698876883, 2, Bodydrop, 2049, 585827, 1)
INSERT INTO interacts VALUES(187698876883, 2, Stunt, 1001, 586194, 1)
INSERT INTO interacts VALUES(187698876883, 2, Bodydrop, 3341, 587115, 1)
INSERT INTO interacts VALUES(187698876883, 2, Bodydrop, 2010, 587678, 1)
INSERT INTO interacts VALUES(187698876883, 2, Stunt, 2031, 587770, 1)
INSERT INTO interacts VALUES(187698876883, 2, Bodydrop, 2010, 588735, 1)
INSERT INTO interacts VALUES(187698876883, 2, Goldenglue, 1052, 588801, 1)
INSERT INTO interacts VALUES(187698876883, 2, Stunt, 2043, 594281, 1)
INSERT INTO interacts VALUES(187698876883, 2, RF Legendary, 2003, 597141, 1)
INSERT INTO interacts VALUES(187698876883, 2, Solo, 3191, 600388, 1)
INSERT INTO interacts VALUES(187698876883, 2, Solo, 3010, 602632, 1)
INSERT INTO interacts VALUES(187698876883, 2, Solo, 1001, 604623, 1)
INSERT INTO interacts VALUES(187698876883, 2, Solo, 2010, 605268, 1)
INSERT INTO interacts VALUES(187698876883, 2, Poppers OP, 1001, 621507, 1)
INSERT INTO interacts VALUES(187698876883, 2, ShorterACE, 3751, 629771, 1)
INSERT INTO interacts VALUES(187698876883, 2, ShorterACE, 1041, 630965, 1)
INSERT INTO interacts VALUES(187698876883, 2, ShorterACE, 2043, 631684, 1)
INSERT INTO interacts VALUES(187698876883, 2, Poppers OP, 2043, 639283, 1)
INSERT INTO interacts VALUES(187698876883, 2, Prototype, 3006, 660771, 1)
INSERT INTO interacts VALUES(187698876883, 2, Prototype, 2010, 661211, 1)
INSERT INTO interacts VALUES(187698876883, 2, Piglet, 3057, 671598, 1)
INSERT INTO interacts VALUES(187698876883, 2, Goldenglue, 3165, 727755, 1)
INSERT INTO interacts VALUES(187698876883, 2, Goldenglue, 1052, 731130, 1)
INSERT INTO interacts VALUES(187698876883, 2, Goldenglue, 1028, 731555, 1)
INSERT INTO interacts VALUES(187698876883, 2, Goldenglue, 2043, 734666, 1)
INSERT INTO interacts VALUES(187698876883, 2, Goldenglue, 3363, 735666, 1)
INSERT INTO interacts VALUES(187698876883, 2, Bodydrop, 2043, 738197, 1)
INSERT INTO interacts VALUES(187698876883, 2, Prototype, 2010, 739088, 1)
INSERT INTO interacts VALUES(187698876883, 2, Poppers OP, 1033, 749611, 1)
INSERT INTO interacts VALUES(187698876883, 2, Poppers OP, 3363, 751797, 1)
INSERT INTO interacts VALUES(187698876883, 2, Stunt, 3158, 791989, 1)
INSERT INTO interacts VALUES(187698876883, 2, Piglet, 3044, 792300, 1)
INSERT INTO interacts VALUES(187698876883, 2, Stunt, 2043, 792585, 1)
INSERT INTO interacts VALUES(187698876883, 2, Poppers OP, 1057, 824757, 1)
INSERT INTO interacts VALUES(187698876883, 2, Moon, 3052, 837530, 1)
INSERT INTO interacts VALUES(187698876883, 2, ShorterACE, 1401, 841841, 1)
INSERT INTO interacts VALUES(187698876883, 2, Poppers OP, 2010, 842319, 1)
INSERT INTO interacts VALUES(187698876883, 2, ShorterACE, 1028, 843118, 1)
INSERT INTO interacts VALUES(187698876883, 2, ShorterACE, 2043, 843778, 1)
INSERT INTO interacts VALUES(187698876883, 2, Moon, 3706, 845133, 1)
INSERT INTO interacts VALUES(187698876883, 2, Prototype, 1038, 889630, 1)
INSERT INTO interacts VALUES(187698876883, 2, Prototype, 2010, 890041, 1)
INSERT INTO interacts VALUES(187698876883, 2, Solo, 3027, 899538, 1)
INSERT INTO interacts VALUES(187698876883, 2, Bodydrop, 3098, 930794, 1)
INSERT INTO interacts VALUES(187698876883, 2, Bodydrop, 2045, 933620, 1)
INSERT INTO interacts VALUES(187698876883, 2, Piglet, 3004, 936265, 1)
INSERT INTO interacts VALUES(187698876883, 2, Piglet, 3363, 938454, 1)
INSERT INTO interacts VALUES(187698876883, 2, Stunt, 2301, 948617, 1)
INSERT INTO interacts VALUES(187698876883, 2, Stunt, 1028, 952316, 1)
INSERT INTO interacts VALUES(187698876883, 2, ShorterACE, 1033, 956371, 1)
INSERT INTO interacts VALUES(187698876883, 2, ShorterACE, 2049, 960156, 1)
INSERT INTO interacts VALUES(187698876883, 2, ShorterACE, 3364, 960626, 1)
INSERT INTO interacts VALUES(187698876883, 2, Moon, 3748, 975459, 1)
INSERT INTO interacts VALUES(187698876883, 2, Moon, 2043, 977357, 1)
INSERT INTO interacts VALUES(187698876883, 2, Goldenglue, 3116, 1003626, 1)
INSERT INTO interacts VALUES(187698876883, 2, Prototype, 1018, 1014197, 1)
INSERT INTO interacts VALUES(187698876883, 2, Prototype, 2010, 1024609, 0)
INSERT INTO interacts VALUES(187698876883, 2, Prototype, 2010, 1024713, 0)
INSERT INTO interacts VALUES(187698876883, 2, Solo, 3158, 1026192, 1)
INSERT INTO interacts VALUES(187698876883, 2, Poppers OP, 3158, 1026550, 1)
INSERT INTO interacts VALUES(187698876883, 2, Prototype, 3508, 1031271, 1)
INSERT INTO interacts VALUES(187698876883, 2, Solo, 2043, 1044237, 1)
INSERT INTO interacts VALUES(187698876883, 2, RF Legendary, 3068, 1046511, 1)
INSERT INTO interacts VALUES(187698876883, 2, ShorterACE, 1028, 1047259, 1)
INSERT INTO interacts VALUES(187698876883, 2, ShorterACE, 2043, 1049720, 1)
INSERT INTO interacts VALUES(187698876883, 2, RF Legendary, 1029, 1051185, 1)
INSERT INTO interacts VALUES(187698876883, 2, Bodydrop, 3158, 1056321, 1)
INSERT INTO interacts VALUES(187698876883, 2, Bodydrop, 2043, 1056862, 1)
INSERT INTO interacts VALUES(187698876883, 2, Piglet, 3078, 1065597, 1)
INSERT INTO interacts VALUES(187698876883, 2, Piglet, 2043, 1066391, 1)
INSERT INTO interacts VALUES(187698876883, 2, Stunt, 1033, 1069038, 1)
INSERT INTO interacts VALUES(187698876883, 2, Stunt, 2043, 1069519, 1)
INSERT INTO interacts VALUES(187698876883, 2, Moon, 1036, 1099701, 1)
INSERT INTO interacts VALUES(187698876883, 2, Moon, 1036, 1099795, 1)
INSERT INTO interacts VALUES(187698876883, 2, Prototype, 1051, 1102659, 1)
INSERT INTO interacts VALUES(187698876883, 2, RF Legendary, 2043, 1140317, 1)
INSERT INTO interacts VALUES(187698876883, 2, RF Legendary, 2043, 1140494, 1)
INSERT INTO interacts VALUES(187698876883, 2, Poppers OP, 3108, 1144573, 1)
INSERT INTO interacts VALUES(187698876883, 2, ShorterACE, 2031, 1145940, 0)
INSERT INTO interacts VALUES(187698876883, 2, ShorterACE, 2140, 1146947, 1)
INSERT INTO interacts VALUES(187698876883, 2, Prototype, 1042, 1205876, 1)
INSERT INTO interacts VALUES(187698876883, 2, Poppers OP, 2010, 1212363, 0)
INSERT INTO interacts VALUES(187698876883, 2, Poppers OP, 1052, 1213260, 1)
INSERT INTO interacts VALUES(187698876883, 2, Prototype, 1042, 1215659, 1)
INSERT INTO interacts VALUES(187698876883, 2, Bodydrop, 1052, 1216654, 1)
INSERT INTO interacts VALUES(187698876883, 2, Bodydrop, 2043, 1217797, 1)
INSERT INTO interacts VALUES(187698876883, 2, Moon, 1400, 1256697, 1)
INSERT INTO interacts VALUES(187698876883, 2, Moon, 1028, 1257796, 1)
INSERT INTO interacts VALUES(187698876883, 2, Piglet, 3158, 1258272, 1)
INSERT INTO interacts VALUES(187698876883, 2, Stunt, 3105, 1260747, 1)
INSERT INTO interacts VALUES(187698876883, 2, Piglet, 3144, 1261365, 1)
INSERT INTO interacts VALUES(187698876883, 2, Stunt, 3364, 1261682, 1)
INSERT INTO interacts VALUES(187698876883, 2, Stunt, 2043, 1263449, 1)
INSERT INTO interacts VALUES(187698876883, 2, Stunt, 1028, 1265269, 1)
INSERT INTO interacts VALUES(187698876883, 2, Goldenglue, 3135, 1269187, 1)
INSERT INTO interacts VALUES(187698876883, 2, Poppers OP, 3001, 1359619, 1)
INSERT INTO interacts VALUES(187698876883, 2, Solo, 3157, 1360672, 1)
INSERT INTO interacts VALUES(187698876883, 2, Solo, 2043, 1362823, 1)
INSERT INTO interacts VALUES(187698876883, 2, Solo, 1056, 1363826, 0)
INSERT INTO interacts VALUES(187698876883, 2, Solo, 1026, 1365119, 1)
INSERT INTO interacts VALUES(187698876883, 2, Piglet, 1083, 1372879, 0)
INSERT INTO interacts VALUES(187698876883, 2, Piglet, 1043, 1374644, 1)
INSERT INTO interacts VALUES(187698876883, 2, ShorterACE, 3211, 1374979, 1)
INSERT INTO interacts VALUES(187698876883, 2, Stunt, 3190, 1376360, 1)
INSERT INTO interacts VALUES(187698876883, 2, Stunt, 2043, 1377816, 1)
INSERT INTO interacts VALUES(187698876883, 2, Stunt, 1004, 1378988, 1)
INSERT INTO interacts VALUES(187698876883, 2, RF Legendary, 3047, 1381003, 1)
INSERT INTO interacts VALUES(187698876883, 2, RF Legendary, 1028, 1383557, 1)
INSERT INTO interacts VALUES(187698876883, 2, Moon, 1036, 1385709, 1)
INSERT INTO interacts VALUES(187698876883, 2, Moon, 2031, 1387397, 0)
INSERT INTO interacts VALUES(187698876883, 2, Moon, 2043, 1388320, 1)
INSERT INTO interacts VALUES(187698876883, 2, Prototype, 3086, 1396951, 1)
INSERT INTO interacts VALUES(187698876883, 2, Prototype, 1042, 1397885, 1)
INSERT INTO interacts VALUES(187698876883, 2, Bodydrop, 3108, 1414390, 1)
INSERT INTO interacts VALUES(187698876883, 2, Bodydrop, 2043, 1415093, 1)
INSERT INTO interacts VALUES(187698876883, 2, Bodydrop, 2043, 1415228, 1)
INSERT INTO interacts VALUES(187698876883, 2, Poppers OP, 1028, 1426605, 1)
INSERT INTO interacts VALUES(187698876883, 2, Poppers OP, 1028, 1442537, 1)
INSERT INTO interacts VALUES(187698876883, 2, RF Legendary, 1033, 1455566, 1)
INSERT INTO series VALUES(
                    Game 1 of 2
                  )
INSERT INTO organizes VALUES(187698876883)
INSERT INTO matches VALUES(630912973007, 1, 2016-07-06)
INSERT INTO competes VALUES(630912973007, APP, True)
INSERT INTO competes VALUES(630912973007, DT, False)
INSERT INTO scores VALUES(APP, 630912973007, 1, 2, 9, 0, 1, 3, 1)
INSERT INTO scores VALUES(DT, 630912973007, 1, 0, 4, 0, 0, 2, 0)
INSERT INTO bans VALUES(630912973007, 1, 76, 1)
INSERT INTO bans VALUES(630912973007, 1, 201, 3)
INSERT INTO bans VALUES(630912973007, 1, 43, 5)
INSERT INTO bans VALUES(630912973007, 1, 421, 2)
INSERT INTO bans VALUES(630912973007, 1, 8, 4)
INSERT INTO bans VALUES(630912973007, 1, 268, 6)
INSERT INTO plays VALUES(630912973007, 1, Cris, 13, Jungle, 2, 4, 3, 23712, 26, 13, 315, 11, 3, 16688)
INSERT INTO plays VALUES(630912973007, 1, Diamondprox, 2, Jungle, 0, 2, 2, 7540, 36, 25, 31, 98, 22, 14734)
INSERT INTO plays VALUES(630912973007, 1, Shiphtur, 112, Mid, 1, 0, 1, 19051, 24, 9, 352, 27, 3, 16632)
INSERT INTO plays VALUES(630912973007, 1, Roar, 15, Jungle, 2, 0, 4, 30295, 23, 19, 434, 38, 6, 20084)
INSERT INTO plays VALUES(630912973007, 1, KonKwon, 40, Jungle, 1, 0, 5, 2524, 79, 27, 28, 0, 0, 12417)
INSERT INTO plays VALUES(630912973007, 1, Chorong, 68, Jungle, 2, 2, 3, 22092, 30, 7, 253, 29, 2, 15712)
INSERT INTO plays VALUES(630912973007, 1, Akaadian, 104, Jungle, 3, 1, 1, 18944, 35, 24, 120, 133, 22, 16470)
INSERT INTO plays VALUES(630912973007, 1, Pekin Woof, 127, Mid, 0, 3, 5, 21473, 23, 11, 378, 19, 0, 15835)
INSERT INTO plays VALUES(630912973007, 1, Massacre, 202, Jungle, 1, 0, 3, 21991, 17, 17, 352, 10, 0, 15889)
INSERT INTO plays VALUES(630912973007, 1, Norskeren, 16, Jungle, 0, 0, 4, 3313, 64, 29, 31, 1, 0, 11625)
INSERT INTO interacts VALUES(630912973007, 1, Pekin Woof, 1056, 2035, 1)
INSERT INTO interacts VALUES(630912973007, 1, Massacre, 1055, 2164, 1)
INSERT INTO interacts VALUES(630912973007, 1, Pekin Woof, 2010, 2376, 1)
INSERT INTO interacts VALUES(630912973007, 1, Roar, 1055, 2423, 1)
INSERT INTO interacts VALUES(630912973007, 1, Pekin Woof, 2010, 2521, 1)
INSERT INTO interacts VALUES(630912973007, 1, Roar, 2010, 2634, 1)
INSERT INTO interacts VALUES(630912973007, 1, Shiphtur, 1056, 2715, 1)
INSERT INTO interacts VALUES(630912973007, 1, Pekin Woof, 3340, 2748, 1)
INSERT INTO interacts VALUES(630912973007, 1, Massacre, 2010, 2845, 1)
INSERT INTO interacts VALUES(630912973007, 1, Shiphtur, 2010, 2910, 1)
INSERT INTO interacts VALUES(630912973007, 1, Roar, 3340, 2910, 1)
INSERT INTO interacts VALUES(630912973007, 1, Shiphtur, 2010, 3074, 1)
INSERT INTO interacts VALUES(630912973007, 1, Massacre, 3340, 3074, 1)
INSERT INTO interacts VALUES(630912973007, 1, Norskeren, 2010, 3299, 1)
INSERT INTO interacts VALUES(630912973007, 1, Shiphtur, 3340, 3333, 1)
INSERT INTO interacts VALUES(630912973007, 1, KonKwon, 3301, 3333, 1)
INSERT INTO interacts VALUES(630912973007, 1, Akaadian, 1041, 3429, 1)
INSERT INTO interacts VALUES(630912973007, 1, Norskeren, 2010, 3492, 1)
INSERT INTO interacts VALUES(630912973007, 1, Norskeren, 2010, 3624, 1)
INSERT INTO interacts VALUES(630912973007, 1, KonKwon, 2010, 3720, 1)
INSERT INTO interacts VALUES(630912973007, 1, KonKwon, 2010, 3853, 1)
INSERT INTO interacts VALUES(630912973007, 1, KonKwon, 2010, 3981, 1)
INSERT INTO interacts VALUES(630912973007, 1, Norskeren, 3301, 4242, 1)
INSERT INTO interacts VALUES(630912973007, 1, Akaadian, 2031, 4309, 1)
INSERT INTO interacts VALUES(630912973007, 1, KonKwon, 3340, 4664, 1)
INSERT INTO interacts VALUES(630912973007, 1, Norskeren, 3340, 4828, 1)
INSERT INTO interacts VALUES(630912973007, 1, Akaadian, 3340, 4896, 1)
INSERT INTO interacts VALUES(630912973007, 1, Diamondprox, 1039, 6324, 1)
INSERT INTO interacts VALUES(630912973007, 1, Diamondprox, 2031, 7236, 1)
INSERT INTO interacts VALUES(630912973007, 1, Diamondprox, 3340, 7532, 1)
INSERT INTO interacts VALUES(630912973007, 1, Cris, 1056, 7791, 1)
INSERT INTO interacts VALUES(630912973007, 1, Cris, 2003, 8149, 1)
INSERT INTO interacts VALUES(630912973007, 1, Cris, 2003, 8442, 1)
INSERT INTO interacts VALUES(630912973007, 1, Cris, 3340, 8966, 1)
INSERT INTO interacts VALUES(630912973007, 1, Chorong, 1054, 12218, 1)
INSERT INTO interacts VALUES(630912973007, 1, Chorong, 2003, 12533, 1)
INSERT INTO interacts VALUES(630912973007, 1, Chorong, 3340, 12902, 1)
INSERT INTO interacts VALUES(630912973007, 1, Roar, 1083, 221347, 1)
INSERT INTO interacts VALUES(630912973007, 1, Roar, 2010, 223480, 1)
INSERT INTO interacts VALUES(630912973007, 1, Massacre, 1083, 226668, 1)
INSERT INTO interacts VALUES(630912973007, 1, Norskeren, 1028, 229471, 1)
INSERT INTO interacts VALUES(630912973007, 1, Massacre, 1001, 234815, 1)
INSERT INTO interacts VALUES(630912973007, 1, KonKwon, 1001, 237823, 1)
INSERT INTO interacts VALUES(630912973007, 1, KonKwon, 2043, 238657, 1)
INSERT INTO interacts VALUES(630912973007, 1, Chorong, 1033, 276328, 1)
INSERT INTO interacts VALUES(630912973007, 1, Chorong, 1052, 277267, 1)
INSERT INTO interacts VALUES(630912973007, 1, Chorong, 1052, 277435, 1)
INSERT INTO interacts VALUES(630912973007, 1, Pekin Woof, 1057, 284057, 1)
INSERT INTO interacts VALUES(630912973007, 1, Pekin Woof, 2043, 284653, 1)
INSERT INTO interacts VALUES(630912973007, 1, Pekin Woof, 2010, 285168, 1)
INSERT INTO interacts VALUES(630912973007, 1, Pekin Woof, 2010, 285363, 1)
INSERT INTO interacts VALUES(630912973007, 1, Pekin Woof, 2010, 285465, 1)
INSERT INTO interacts VALUES(630912973007, 1, Cris, 3070, 286915, 1)
INSERT INTO interacts VALUES(630912973007, 1, Cris, 2043, 288493, 1)
INSERT INTO interacts VALUES(630912973007, 1, Diamondprox, 3047, 296991, 1)
INSERT INTO interacts VALUES(630912973007, 1, Diamondprox, 2032, 299191, 1)
INSERT INTO interacts VALUES(630912973007, 1, Akaadian, 3711, 300559, 1)
INSERT INTO interacts VALUES(630912973007, 1, Akaadian, 1036, 301154, 1)
INSERT INTO interacts VALUES(630912973007, 1, Akaadian, 2043, 302550, 1)
INSERT INTO interacts VALUES(630912973007, 1, Shiphtur, 3196, 309716, 1)
INSERT INTO interacts VALUES(630912973007, 1, Shiphtur, 2043, 310660, 1)
INSERT INTO interacts VALUES(630912973007, 1, Shiphtur, 2010, 311507, 1)
INSERT INTO interacts VALUES(630912973007, 1, Roar, 1037, 353224, 1)
INSERT INTO interacts VALUES(630912973007, 1, Roar, 2043, 355339, 1)
INSERT INTO interacts VALUES(630912973007, 1, Norskeren, 2049, 358225, 1)
INSERT INTO interacts VALUES(630912973007, 1, Norskeren, 3341, 359169, 1)
INSERT INTO interacts VALUES(630912973007, 1, Norskeren, 2043, 359689, 1)
INSERT INTO interacts VALUES(630912973007, 1, Massacre, 1036, 360509, 1)
INSERT INTO interacts VALUES(630912973007, 1, Massacre, 1036, 360638, 1)
INSERT INTO interacts VALUES(630912973007, 1, KonKwon, 1028, 369415, 1)
INSERT INTO interacts VALUES(630912973007, 1, KonKwon, 2043, 369776, 1)
INSERT INTO interacts VALUES(630912973007, 1, Chorong, 3145, 383771, 1)
INSERT INTO interacts VALUES(630912973007, 1, Chorong, 1001, 385139, 1)
INSERT INTO interacts VALUES(630912973007, 1, Chorong, 2043, 385407, 1)
INSERT INTO interacts VALUES(630912973007, 1, Cris, 3010, 445791, 1)
INSERT INTO interacts VALUES(630912973007, 1, Akaadian, 1408, 477723, 1)
INSERT INTO interacts VALUES(630912973007, 1, Roar, 1001, 487110, 1)
INSERT INTO interacts VALUES(630912973007, 1, Roar, 1042, 488622, 1)
INSERT INTO interacts VALUES(630912973007, 1, KonKwon, 2049, 491169, 1)
INSERT INTO interacts VALUES(630912973007, 1, KonKwon, 3341, 491691, 1)
INSERT INTO interacts VALUES(630912973007, 1, Shiphtur, 3197, 505515, 1)
INSERT INTO interacts VALUES(630912973007, 1, Shiphtur, 2043, 506767, 1)
INSERT INTO interacts VALUES(630912973007, 1, Shiphtur, 2031, 508672, 1)
INSERT INTO interacts VALUES(630912973007, 1, Pekin Woof, 3108, 513988, 1)
INSERT INTO interacts VALUES(630912973007, 1, Pekin Woof, 1001, 515892, 1)
INSERT INTO interacts VALUES(630912973007, 1, Pekin Woof, 2043, 516855, 1)
INSERT INTO interacts VALUES(630912973007, 1, Pekin Woof, 2010, 517216, 1)
INSERT INTO interacts VALUES(630912973007, 1, Pekin Woof, 2010, 517346, 1)
INSERT INTO interacts VALUES(630912973007, 1, Diamondprox, 3751, 523828, 1)
INSERT INTO interacts VALUES(630912973007, 1, Diamondprox, 2043, 525133, 1)
INSERT INTO interacts VALUES(630912973007, 1, Chorong, 3067, 532582, 1)
INSERT INTO interacts VALUES(630912973007, 1, Chorong, 2003, 533109, 1)
INSERT INTO interacts VALUES(630912973007, 1, Chorong, 2043, 533362, 1)
INSERT INTO interacts VALUES(630912973007, 1, Cris, 1001, 540714, 1)
INSERT INTO interacts VALUES(630912973007, 1, Cris, 2031, 541963, 1)
INSERT INTO interacts VALUES(630912973007, 1, Massacre, 3009, 548986, 1)
INSERT INTO interacts VALUES(630912973007, 1, Norskeren, 2010, 550206, 0)
INSERT INTO interacts VALUES(630912973007, 1, Massacre, 3134, 550982, 1)
INSERT INTO interacts VALUES(630912973007, 1, Norskeren, 2031, 551340, 1)
INSERT INTO interacts VALUES(630912973007, 1, Norskeren, 1001, 552031, 1)
INSERT INTO interacts VALUES(630912973007, 1, Norskeren, 2043, 552385, 1)
INSERT INTO interacts VALUES(630912973007, 1, KonKwon, 1004, 557726, 1)
INSERT INTO interacts VALUES(630912973007, 1, KonKwon, 1004, 557840, 1)
INSERT INTO interacts VALUES(630912973007, 1, KonKwon, 2043, 559316, 1)
INSERT INTO interacts VALUES(630912973007, 1, KonKwon, 2043, 560480, 1)
INSERT INTO interacts VALUES(630912973007, 1, Roar, 3006, 562450, 1)
INSERT INTO interacts VALUES(630912973007, 1, Massacre, 1036, 672621, 1)
INSERT INTO interacts VALUES(630912973007, 1, Roar, 1018, 674032, 1)
INSERT INTO interacts VALUES(630912973007, 1, Massacre, 2010, 674362, 0)
INSERT INTO interacts VALUES(630912973007, 1, Massacre, 1036, 674944, 1)
INSERT INTO interacts VALUES(630912973007, 1, Akaadian, 3111, 679899, 1)
INSERT INTO interacts VALUES(630912973007, 1, Cris, 1026, 680809, 1)
INSERT INTO interacts VALUES(630912973007, 1, Pekin Woof, 3001, 731075, 1)
INSERT INTO interacts VALUES(630912973007, 1, Pekin Woof, 2043, 732305, 1)
INSERT INTO interacts VALUES(630912973007, 1, Pekin Woof, 2010, 732576, 1)
INSERT INTO interacts VALUES(630912973007, 1, Shiphtur, 3198, 733351, 1)
INSERT INTO interacts VALUES(630912973007, 1, Chorong, 3152, 772926, 1)
INSERT INTO interacts VALUES(630912973007, 1, Chorong, 1033, 774067, 1)
INSERT INTO interacts VALUES(630912973007, 1, Chorong, 2043, 774601, 1)
INSERT INTO interacts VALUES(630912973007, 1, Chorong, 2003, 774792, 1)
INSERT INTO interacts VALUES(630912973007, 1, Norskeren, 3158, 791979, 1)
INSERT INTO interacts VALUES(630912973007, 1, KonKwon, 3096, 809140, 1)
INSERT INTO interacts VALUES(630912973007, 1, KonKwon, 2043, 810364, 1)
INSERT INTO interacts VALUES(630912973007, 1, Cris, 3027, 811924, 1)
INSERT INTO interacts VALUES(630912973007, 1, Cris, 2043, 813794, 1)
INSERT INTO interacts VALUES(630912973007, 1, Diamondprox, 1409, 825443, 1)
INSERT INTO interacts VALUES(630912973007, 1, Diamondprox, 1029, 828169, 1)
INSERT INTO interacts VALUES(630912973007, 1, Diamondprox, 3341, 828893, 1)
INSERT INTO interacts VALUES(630912973007, 1, Pekin Woof, 3158, 829315, 1)
INSERT INTO interacts VALUES(630912973007, 1, Diamondprox, 3364, 829348, 1)
INSERT INTO interacts VALUES(630912973007, 1, Chorong, 3111, 829707, 1)
INSERT INTO interacts VALUES(630912973007, 1, Pekin Woof, 2010, 830870, 1)
INSERT INTO interacts VALUES(630912973007, 1, Pekin Woof, 3363, 833033, 1)
INSERT INTO interacts VALUES(630912973007, 1, Roar, 3363, 874597, 1)
INSERT INTO interacts VALUES(630912973007, 1, Roar, 2010, 876038, 0)
INSERT INTO interacts VALUES(630912973007, 1, Roar, 1038, 877191, 1)
INSERT INTO interacts VALUES(630912973007, 1, Norskeren, 3096, 915129, 1)
INSERT INTO interacts VALUES(630912973007, 1, Norskeren, 2043, 916418, 1)
INSERT INTO interacts VALUES(630912973007, 1, KonKwon, 3158, 953233, 1)
INSERT INTO interacts VALUES(630912973007, 1, KonKwon, 2043, 954285, 1)
INSERT INTO interacts VALUES(630912973007, 1, KonKwon, 2043, 954439, 1)
INSERT INTO interacts VALUES(630912973007, 1, Roar, 3031, 963629, 1)
INSERT INTO interacts VALUES(630912973007, 1, Roar, 2043, 965554, 1)
INSERT INTO interacts VALUES(630912973007, 1, Cris, 3111, 966649, 1)
INSERT INTO interacts VALUES(630912973007, 1, Cris, 2043, 967815, 1)
INSERT INTO interacts VALUES(630912973007, 1, Diamondprox, 1033, 968785, 1)
INSERT INTO interacts VALUES(630912973007, 1, Diamondprox, 2043, 969636, 1)
INSERT INTO interacts VALUES(630912973007, 1, Shiphtur, 1001, 987068, 1)
INSERT INTO interacts VALUES(630912973007, 1, Shiphtur, 1058, 988512, 1)
INSERT INTO interacts VALUES(630912973007, 1, Shiphtur, 3363, 989583, 1)
INSERT INTO interacts VALUES(630912973007, 1, Massacre, 3142, 995770, 1)
INSERT INTO interacts VALUES(630912973007, 1, Massacre, 1036, 996952, 1)
INSERT INTO interacts VALUES(630912973007, 1, Massacre, 1036, 997967, 1)
INSERT INTO interacts VALUES(630912973007, 1, Massacre, 3363, 998589, 1)
INSERT INTO interacts VALUES(630912973007, 1, Chorong, 1026, 1006533, 1)
INSERT INTO interacts VALUES(630912973007, 1, Chorong, 2043, 1008338, 1)
INSERT INTO interacts VALUES(630912973007, 1, Pekin Woof, 3108, 1008524, 1)
INSERT INTO interacts VALUES(630912973007, 1, Chorong, 2003, 1008686, 1)
INSERT INTO interacts VALUES(630912973007, 1, Norskeren, 1029, 1021596, 1)
INSERT INTO interacts VALUES(630912973007, 1, Akaadian, 3155, 1031062, 1)
INSERT INTO interacts VALUES(630912973007, 1, Akaadian, 1036, 1031657, 1)
INSERT INTO interacts VALUES(630912973007, 1, Akaadian, 3364, 1034244, 1)
INSERT INTO interacts VALUES(630912973007, 1, Akaadian, 2043, 1035212, 1)
INSERT INTO interacts VALUES(630912973007, 1, KonKwon, 1029, 1105448, 1)
INSERT INTO interacts VALUES(630912973007, 1, KonKwon, 1006, 1105842, 1)
INSERT INTO interacts VALUES(630912973007, 1, Pekin Woof, 1052, 1163871, 1)
INSERT INTO interacts VALUES(630912973007, 1, Diamondprox, 3105, 1166760, 1)
INSERT INTO interacts VALUES(630912973007, 1, Chorong, 1028, 1170153, 1)
INSERT INTO interacts VALUES(630912973007, 1, Chorong, 1052, 1171277, 1)
INSERT INTO interacts VALUES(630912973007, 1, Norskeren, 1031, 1180961, 1)
INSERT INTO interacts VALUES(630912973007, 1, Roar, 1083, 1180999, 0)
INSERT INTO interacts VALUES(630912973007, 1, Norskeren, 2043, 1181630, 1)
INSERT INTO interacts VALUES(630912973007, 1, Roar, 3086, 1182381, 1)
INSERT INTO interacts VALUES(630912973007, 1, Roar, 2010, 1184273, 1)
INSERT INTO interacts VALUES(630912973007, 1, KonKwon, 1031, 1188981, 1)
INSERT INTO interacts VALUES(630912973007, 1, Cris, 1058, 1189113, 1)
INSERT INTO interacts VALUES(630912973007, 1, KonKwon, 2043, 1189446, 1)
INSERT INTO interacts VALUES(630912973007, 1, Shiphtur, 1011, 1192994, 1)
INSERT INTO interacts VALUES(630912973007, 1, Akaadian, 3134, 1195747, 1)
INSERT INTO interacts VALUES(630912973007, 1, Massacre, 1083, 1207643, 0)
INSERT INTO interacts VALUES(630912973007, 1, Massacre, 1038, 1209905, 1)
INSERT INTO interacts VALUES(630912973007, 1, Pekin Woof, 3191, 1245575, 1)
INSERT INTO interacts VALUES(630912973007, 1, Roar, 1042, 1262898, 1)
INSERT INTO interacts VALUES(630912973007, 1, Norskeren, 3069, 1357981, 1)
INSERT INTO interacts VALUES(630912973007, 1, KonKwon, 2053, 1369051, 1)
INSERT INTO interacts VALUES(630912973007, 1, KonKwon, 2043, 1369601, 1)
INSERT INTO interacts VALUES(630912973007, 1, KonKwon, 2043, 1369705, 1)
INSERT INTO interacts VALUES(630912973007, 1, Shiphtur, 3116, 1379701, 1)
INSERT INTO interacts VALUES(630912973007, 1, Shiphtur, 2043, 1381312, 1)
INSERT INTO interacts VALUES(630912973007, 1, Akaadian, 3156, 1382759, 1)
INSERT INTO interacts VALUES(630912973007, 1, Akaadian, 1042, 1384652, 1)
INSERT INTO interacts VALUES(630912973007, 1, Akaadian, 1042, 1384921, 1)
INSERT INTO interacts VALUES(630912973007, 1, Akaadian, 1051, 1387793, 1)
INSERT INTO interacts VALUES(630912973007, 1, Pekin Woof, 3157, 1388603, 1)
INSERT INTO interacts VALUES(630912973007, 1, Roar, 3123, 1390127, 1)
INSERT INTO interacts VALUES(630912973007, 1, Pekin Woof, 2043, 1390343, 1)
INSERT INTO interacts VALUES(630912973007, 1, Diamondprox, 3190, 1402882, 1)
INSERT INTO interacts VALUES(630912973007, 1, Diamondprox, 2043, 1404132, 1)
INSERT INTO interacts VALUES(630912973007, 1, Chorong, 3136, 1404759, 1)
INSERT INTO interacts VALUES(630912973007, 1, Massacre, 3134, 1405959, 1)
INSERT INTO interacts VALUES(630912973007, 1, Chorong, 2043, 1407009, 1)
INSERT INTO interacts VALUES(630912973007, 1, Massacre, 2043, 1409549, 1)
INSERT INTO interacts VALUES(630912973007, 1, Norskeren, 2043, 1412355, 1)
INSERT INTO interacts VALUES(630912973007, 1, Norskeren, 3364, 1412689, 1)
INSERT INTO interacts VALUES(630912973007, 1, Norskeren, 2043, 1413977, 1)
INSERT INTO interacts VALUES(630912973007, 1, Cris, 3003, 1423938, 1)
INSERT INTO interacts VALUES(630912973007, 1, Cris, 1033, 1437234, 1)
INSERT INTO interacts VALUES(630912973007, 1, Pekin Woof, 1026, 1506820, 1)
INSERT INTO interacts VALUES(630912973007, 1, Cris, 1057, 1529120, 1)
INSERT INTO interacts VALUES(630912973007, 1, KonKwon, 3069, 1530953, 1)
INSERT INTO interacts VALUES(630912973007, 1, KonKwon, 3364, 1531497, 1)
INSERT INTO interacts VALUES(630912973007, 1, Shiphtur, 3158, 1532281, 1)
INSERT INTO interacts VALUES(630912973007, 1, Shiphtur, 1052, 1533377, 1)
INSERT INTO interacts VALUES(630912973007, 1, KonKwon, 1004, 1533774, 1)
INSERT INTO interacts VALUES(630912973007, 1, KonKwon, 1004, 1533912, 1)
INSERT INTO interacts VALUES(630912973007, 1, Shiphtur, 2031, 1534395, 0)
INSERT INTO interacts VALUES(630912973007, 1, Norskeren, 1028, 1535033, 1)
INSERT INTO interacts VALUES(630912973007, 1, KonKwon, 2043, 1535669, 1)
INSERT INTO interacts VALUES(630912973007, 1, Norskeren, 2043, 1536121, 1)
INSERT INTO interacts VALUES(630912973007, 1, Norskeren, 2043, 1536312, 1)
INSERT INTO interacts VALUES(630912973007, 1, Shiphtur, 2043, 1538690, 1)
INSERT INTO interacts VALUES(630912973007, 1, Roar, 3087, 1539516, 1)
INSERT INTO interacts VALUES(630912973007, 1, Roar, 2043, 1541542, 1)
INSERT INTO interacts VALUES(630912973007, 1, Akaadian, 3086, 1546898, 1)
INSERT INTO interacts VALUES(630912973007, 1, Akaadian, 1042, 1547433, 1)
INSERT INTO interacts VALUES(630912973007, 1, Massacre, 3147, 1549531, 1)
INSERT INTO interacts VALUES(630912973007, 1, Massacre, 1036, 1550557, 1)
INSERT INTO interacts VALUES(630912973007, 1, Diamondprox, 2043, 1551835, 0)
INSERT INTO interacts VALUES(630912973007, 1, Diamondprox, 1031, 1553131, 1)
INSERT INTO interacts VALUES(630912973007, 1, Diamondprox, 1057, 1554298, 1)
INSERT INTO interacts VALUES(630912973007, 1, Chorong, 3151, 1558882, 1)
INSERT INTO interacts VALUES(630912973007, 1, Chorong, 1052, 1559811, 1)
INSERT INTO interacts VALUES(630912973007, 1, Chorong, 2043, 1560193, 1)
INSERT INTO interacts VALUES(630912973007, 1, Pekin Woof, 1052, 1615884, 1)
INSERT INTO interacts VALUES(630912973007, 1, KonKwon, 3114, 1659462, 1)
INSERT INTO interacts VALUES(630912973007, 1, KonKwon, 2043, 1659863, 1)
INSERT INTO interacts VALUES(630912973007, 1, Shiphtur, 2043, 1661244, 1)
INSERT INTO interacts VALUES(630912973007, 1, Massacre, 3155, 1717036, 1)
INSERT INTO interacts VALUES(630912973007, 1, Massacre, 1036, 1717319, 1)
INSERT INTO interacts VALUES(630912973007, 1, Norskeren, 3105, 1718487, 1)
INSERT INTO interacts VALUES(630912973007, 1, Norskeren, 2043, 1726425, 1)
INSERT INTO interacts VALUES(630912973007, 1, Roar, 1038, 1727484, 1)
INSERT INTO interacts VALUES(630912973007, 1, KonKwon, 2043, 1734685, 1)
INSERT INTO interacts VALUES(630912973007, 1, Akaadian, 3046, 1738773, 1)
INSERT INTO interacts VALUES(630912973007, 1, Akaadian, 2140, 1739913, 1)
INSERT INTO interacts VALUES(630912973007, 1, Akaadian, 2031, 1740955, 0)
INSERT INTO interacts VALUES(630912973007, 1, Chorong, 1026, 1741559, 1)
INSERT INTO interacts VALUES(630912973007, 1, Akaadian, 2043, 1741598, 1)
INSERT INTO interacts VALUES(630912973007, 1, Diamondprox, 3026, 1768154, 1)
INSERT INTO interacts VALUES(630912973007, 1, Diamondprox, 2043, 1768964, 1)
INSERT INTO interacts VALUES(630912973007, 1, Pekin Woof, 3135, 1785242, 1)
INSERT INTO interacts VALUES(630912973007, 1, Pekin Woof, 2043, 1785911, 1)
INSERT INTO interacts VALUES(630912973007, 1, Pekin Woof, 2043, 1786043, 1)
INSERT INTO interacts VALUES(630912973007, 1, Cris, 2031, 1810466, 0)
INSERT INTO interacts VALUES(630912973007, 1, Cris, 3026, 1824927, 1)
INSERT INTO interacts VALUES(630912973007, 1, KonKwon, 3113, 1911254, 1)
INSERT INTO interacts VALUES(630912973007, 1, KonKwon, 2043, 1911797, 1)
INSERT INTO interacts VALUES(630912973007, 1, KonKwon, 2043, 1911952, 1)
INSERT INTO interacts VALUES(630912973007, 1, Akaadian, 3133, 1923464, 1)
INSERT INTO interacts VALUES(630912973007, 1, Akaadian, 2043, 1924775, 1)
INSERT INTO interacts VALUES(630912973007, 1, Diamondprox, 1028, 1933503, 1)
INSERT INTO interacts VALUES(630912973007, 1, Chorong, 3135, 1935512, 1)
INSERT INTO interacts VALUES(630912973007, 1, Chorong, 2043, 1936442, 1)
INSERT INTO interacts VALUES(630912973007, 1, Shiphtur, 3135, 1945992, 1)
INSERT INTO interacts VALUES(630912973007, 1, Pekin Woof, 2139, 1946169, 1)
INSERT INTO interacts VALUES(630912973007, 1, Shiphtur, 2043, 1947961, 1)
INSERT INTO interacts VALUES(630912973007, 1, Cris, 1052, 1958810, 1)
INSERT INTO interacts VALUES(630912973007, 1, KonKwon, 2043, 1986789, 1)
INSERT INTO interacts VALUES(630912973007, 1, Massacre, 3156, 2002294, 1)
INSERT INTO interacts VALUES(630912973007, 1, Massacre, 2043, 2002794, 1)
INSERT INTO interacts VALUES(630912973007, 1, Norskeren, 3190, 2006985, 1)
INSERT INTO interacts VALUES(630912973007, 1, Roar, 3033, 2007436, 1)
INSERT INTO interacts VALUES(630912973007, 1, Norskeren, 2043, 2007672, 1)
INSERT INTO interacts VALUES(630912973007, 1, Norskeren, 2043, 2007810, 1)
INSERT INTO interacts VALUES(630912973007, 1, Diamondprox, 1011, 2014090, 1)
INSERT INTO interacts VALUES(630912973007, 1, Cris, 1056, 2090933, 0)
INSERT INTO interacts VALUES(630912973007, 1, Cris, 1026, 2092063, 1)
INSERT INTO interacts VALUES(630912973007, 1, Pekin Woof, 1056, 2115038, 0)
INSERT INTO interacts VALUES(630912973007, 1, Pekin Woof, 1058, 2115974, 1)
INSERT INTO interacts VALUES(630912973007, 1, Norskeren, 2043, 2140187, 1)
INSERT INTO interacts VALUES(630912973007, 1, Akaadian, 1053, 2141421, 1)
INSERT INTO interacts VALUES(630912973007, 1, KonKwon, 3504, 2161853, 1)
INSERT INTO interacts VALUES(630912973007, 1, KonKwon, 2043, 2162254, 1)
INSERT INTO interacts VALUES(630912973007, 1, KonKwon, 2043, 2162335, 1)
INSERT INTO interacts VALUES(630912973007, 1, Chorong, 1054, 2167668, 0)
INSERT INTO interacts VALUES(630912973007, 1, Chorong, 3191, 2168622, 1)
INSERT INTO interacts VALUES(630912973007, 1, Chorong, 3108, 2169426, 1)
INSERT INTO interacts VALUES(630912973007, 1, Diamondprox, 2032, 2177419, 0)
INSERT INTO interacts VALUES(630912973007, 1, Diamondprox, 3082, 2179233, 1)
INSERT INTO interacts VALUES(630912973007, 1, Massacre, 1038, 2186606, 1)
INSERT INTO interacts VALUES(630912973007, 1, Shiphtur, 1058, 2214216, 1)
INSERT INTO interacts VALUES(630912973007, 1, Shiphtur, 1056, 2215602, 0)
INSERT INTO interacts VALUES(630912973007, 1, Shiphtur, 2043, 2216674, 1)
INSERT INTO interacts VALUES(630912973007, 1, Shiphtur, 2139, 2218942, 1)
INSERT INTO interacts VALUES(630912973007, 1, Pekin Woof, 1026, 2226734, 1)
INSERT INTO interacts VALUES(630912973007, 1, KonKwon, 1028, 2239319, 1)
INSERT INTO interacts VALUES(630912973007, 1, Cris, 3135, 2255830, 1)
INSERT INTO interacts VALUES(630912973007, 1, Cris, 2043, 2256963, 1)
INSERT INTO interacts VALUES(630912973007, 1, Cris, 3363, 2257694, 1)
INSERT INTO interacts VALUES(630912973007, 1, Norskeren, 3114, 2323808, 1)
INSERT INTO interacts VALUES(630912973007, 1, Chorong, 3157, 2325825, 1)
INSERT INTO interacts VALUES(630912973007, 1, Chorong, 2043, 2326573, 1)
INSERT INTO interacts VALUES(630912973007, 1, KonKwon, 2045, 2334345, 1)
INSERT INTO interacts VALUES(630912973007, 1, KonKwon, 2043, 2334978, 1)
INSERT INTO interacts VALUES(630912973007, 1, KonKwon, 2043, 2335091, 1)
INSERT INTO interacts VALUES(630912973007, 1, Akaadian, 3812, 2349149, 1)
INSERT INTO interacts VALUES(630912973007, 1, Akaadian, 2043, 2351239, 1)
INSERT INTO interacts VALUES(630912973007, 1, Roar, 3072, 2368566, 1)
INSERT INTO interacts VALUES(630912973007, 1, KonKwon, 2043, 2368836, 1)
INSERT INTO interacts VALUES(630912973007, 1, Roar, 1055, 2369758, 0)
INSERT INTO interacts VALUES(630912973007, 1, Diamondprox, 3143, 2369900, 1)
INSERT INTO interacts VALUES(630912973007, 1, Diamondprox, 2043, 2371308, 1)
INSERT INTO interacts VALUES(630912973007, 1, Diamondprox, 2043, 2371450, 1)
INSERT INTO interacts VALUES(630912973007, 1, Roar, 3140, 2375574, 1)
INSERT INTO interacts VALUES(630912973007, 1, Shiphtur, 1026, 2378863, 1)
INSERT INTO interacts VALUES(630912973007, 1, Massacre, 1055, 2379996, 0)
INSERT INTO interacts VALUES(630912973007, 1, Massacre, 1037, 2381069, 1)
INSERT INTO interacts VALUES(630912973007, 1, Norskeren, 2031, 2382258, 0)
INSERT INTO interacts VALUES(630912973007, 1, Norskeren, 2043, 2382947, 1)
INSERT INTO interacts VALUES(630912973007, 1, KonKwon, 1004, 2448970, 1)
INSERT INTO interacts VALUES(630912973007, 1, Akaadian, 2140, 2467933, 1)
INSERT INTO interacts VALUES(630912973007, 1, Norskeren, 3222, 2528092, 1)
INSERT INTO interacts VALUES(630912973007, 1, Norskeren, 2043, 2557001, 1)
INSERT INTO interacts VALUES(630912973007, 1, Pekin Woof, 3089, 2558752, 1)
INSERT INTO interacts VALUES(630912973007, 1, Chorong, 1026, 2562878, 1)
INSERT INTO interacts VALUES(630912973007, 1, KonKwon, 3114, 2563405, 1)
INSERT INTO interacts VALUES(630912973007, 1, KonKwon, 2043, 2563917, 1)
INSERT INTO interacts VALUES(630912973007, 1, Diamondprox, 3133, 2564130, 1)
INSERT INTO interacts VALUES(630912973007, 1, KonKwon, 2139, 2564680, 1)
INSERT INTO interacts VALUES(630912973007, 1, Cris, 1058, 2568144, 1)
INSERT INTO interacts VALUES(630912973007, 1, Cris, 2138, 2570599, 1)
INSERT INTO interacts VALUES(630912973007, 1, Roar, 3139, 2659318, 1)
INSERT INTO interacts VALUES(630912973007, 1, Shiphtur, 3089, 2660588, 1)
INSERT INTO interacts VALUES(630912973007, 1, Shiphtur, 1052, 2660970, 1)
INSERT INTO interacts VALUES(630912973007, 1, KonKwon, 2043, 2664236, 1)
INSERT INTO interacts VALUES(630912973007, 1, Diamondprox, 2138, 2665469, 1)
INSERT INTO interacts VALUES(630912973007, 1, KonKwon, 2139, 2666651, 1)
INSERT INTO interacts VALUES(630912973007, 1, Massacre, 3031, 2671530, 1)
INSERT INTO interacts VALUES(630912973007, 1, Massacre, 1051, 2672972, 1)
INSERT INTO interacts VALUES(630912973007, 1, Pekin Woof, 2139, 2686588, 1)
INSERT INTO interacts VALUES(630912973007, 1, Chorong, 2139, 2735439, 1)
INSERT INTO interacts VALUES(630912973007, 1, Akaadian, 3035, 2796120, 1)
INSERT INTO interacts VALUES(630912973007, 1, Pekin Woof, 1052, 2815871, 1)
INSERT INTO matches VALUES(630912973007, 2, 2016-07-06)
INSERT INTO competes VALUES(630912973007, APP, True)
INSERT INTO competes VALUES(630912973007, DT, False)
INSERT INTO scores VALUES(APP, 630912973007, 2, 1, 8, 0, 1, 4, 1)
INSERT INTO scores VALUES(DT, 630912973007, 2, 2, 9, 0, 1, 1, 0)
INSERT INTO bans VALUES(630912973007, 2, 268, 1)
INSERT INTO bans VALUES(630912973007, 2, 13, 3)
INSERT INTO bans VALUES(630912973007, 2, 48, 5)
INSERT INTO bans VALUES(630912973007, 2, 43, 2)
INSERT INTO bans VALUES(630912973007, 2, 8, 4)
INSERT INTO bans VALUES(630912973007, 2, 421, 6)
INSERT INTO plays VALUES(630912973007, 2, Chorong, 98, Top, 1, 2, 4, 12871, 25, 4, 333, 8, 0, 16745)
INSERT INTO plays VALUES(630912973007, 2, Akaadian, 104, Jungle, 2, 2, 2, 15123, 37, 25, 85, 148, 29, 17549)
INSERT INTO plays VALUES(630912973007, 2, Pekin Woof, 112, Mid, 4, 1, 1, 34657, 23, 15, 415, 8, 1, 18893)
INSERT INTO plays VALUES(630912973007, 2, Massacre, 236, ADC, 2, 1, 5, 17122, 21, 15, 447, 18, 3, 20476)
INSERT INTO plays VALUES(630912973007, 2, Norskeren, 201, Support, 0, 1, 8, 6511, 67, 12, 73, 1, 0, 12539)
INSERT INTO plays VALUES(630912973007, 2, Cris, 150, Top, 2, 1, 2, 28298, 22, 2, 436, 13, 10, 19570)
INSERT INTO plays VALUES(630912973007, 2, Diamondprox, 76, Jungle, 2, 1, 5, 14799, 37, 35, 63, 145, 33, 17323)
INSERT INTO plays VALUES(630912973007, 2, Shiphtur, 69, Mid, 1, 2, 4, 20456, 24, 8, 355, 18, 1, 17400)
INSERT INTO plays VALUES(630912973007, 2, Roar, 15, ADC, 2, 3, 3, 29998, 21, 7, 447, 20, 5, 19841)
INSERT INTO plays VALUES(630912973007, 2, KonKwon, 40, Support, 0, 2, 7, 1542, 67, 30, 30, 0, 0, 12299)
INSERT INTO interacts VALUES(630912973007, 2, Chorong, 2003, 1816, 1)
INSERT INTO interacts VALUES(630912973007, 2, Pekin Woof, 1056, 1913, 1)
INSERT INTO interacts VALUES(630912973007, 2, Pekin Woof, 2010, 2175, 1)
INSERT INTO interacts VALUES(630912973007, 2, Chorong, 3340, 2239, 1)
INSERT INTO interacts VALUES(630912973007, 2, Pekin Woof, 2010, 2367, 1)
INSERT INTO interacts VALUES(630912973007, 2, Akaadian, 1041, 2467, 1)
INSERT INTO interacts VALUES(630912973007, 2, Pekin Woof, 3340, 2563, 1)
INSERT INTO interacts VALUES(630912973007, 2, Chorong, 1054, 2758, 1)
INSERT INTO interacts VALUES(630912973007, 2, Roar, 1055, 3081, 1)
INSERT INTO interacts VALUES(630912973007, 2, Roar, 2010, 3311, 1)
INSERT INTO interacts VALUES(630912973007, 2, Massacre, 3340, 3313, 1)
INSERT INTO interacts VALUES(630912973007, 2, Roar, 3340, 3473, 1)
INSERT INTO interacts VALUES(630912973007, 2, Akaadian, 2031, 3570, 1)
INSERT INTO interacts VALUES(630912973007, 2, Norskeren, 3302, 3829, 1)
INSERT INTO interacts VALUES(630912973007, 2, Norskeren, 2010, 4089, 1)
INSERT INTO interacts VALUES(630912973007, 2, Akaadian, 3340, 4122, 1)
INSERT INTO interacts VALUES(630912973007, 2, Norskeren, 2010, 4252, 1)
INSERT INTO interacts VALUES(630912973007, 2, Shiphtur, 1056, 4352, 1)
INSERT INTO interacts VALUES(630912973007, 2, Norskeren, 2010, 4416, 1)
INSERT INTO interacts VALUES(630912973007, 2, Shiphtur, 2010, 4608, 1)
INSERT INTO interacts VALUES(630912973007, 2, Shiphtur, 2010, 4740, 1)
INSERT INTO interacts VALUES(630912973007, 2, Shiphtur, 3340, 4903, 1)
INSERT INTO interacts VALUES(630912973007, 2, Norskeren, 3340, 4903, 1)
INSERT INTO interacts VALUES(630912973007, 2, Diamondprox, 1039, 5909, 1)
INSERT INTO interacts VALUES(630912973007, 2, Diamondprox, 2031, 6917, 1)
INSERT INTO interacts VALUES(630912973007, 2, Massacre, 1055, 7178, 1)
INSERT INTO interacts VALUES(630912973007, 2, Diamondprox, 3340, 7467, 1)
INSERT INTO interacts VALUES(630912973007, 2, Massacre, 2010, 7588, 1)
INSERT INTO interacts VALUES(630912973007, 2, KonKwon, 3301, 10814, 1)
INSERT INTO interacts VALUES(630912973007, 2, Cris, 1055, 10963, 1)
INSERT INTO interacts VALUES(630912973007, 2, KonKwon, 2010, 11172, 1)
INSERT INTO interacts VALUES(630912973007, 2, Cris, 2003, 11302, 1)
INSERT INTO interacts VALUES(630912973007, 2, KonKwon, 2010, 11365, 1)
INSERT INTO interacts VALUES(630912973007, 2, KonKwon, 2010, 11482, 1)
INSERT INTO interacts VALUES(630912973007, 2, KonKwon, 3340, 12113, 1)
INSERT INTO interacts VALUES(630912973007, 2, Cris, 3340, 13152, 1)
INSERT INTO interacts VALUES(630912973007, 2, Pekin Woof, 1001, 268952, 1)
INSERT INTO interacts VALUES(630912973007, 2, Pekin Woof, 2010, 270408, 1)
INSERT INTO interacts VALUES(630912973007, 2, Pekin Woof, 2010, 270557, 1)
INSERT INTO interacts VALUES(630912973007, 2, Pekin Woof, 1056, 272192, 1)
INSERT INTO interacts VALUES(630912973007, 2, Diamondprox, 3711, 282018, 1)
INSERT INTO interacts VALUES(630912973007, 2, Diamondprox, 1052, 282493, 1)
INSERT INTO interacts VALUES(630912973007, 2, Shiphtur, 3070, 285922, 1)
INSERT INTO interacts VALUES(630912973007, 2, Shiphtur, 2031, 289577, 1)
INSERT INTO interacts VALUES(630912973007, 2, Akaadian, 3711, 360432, 1)
INSERT INTO interacts VALUES(630912973007, 2, Akaadian, 1036, 361005, 1)
INSERT INTO interacts VALUES(630912973007, 2, Akaadian, 1001, 365104, 1)
INSERT INTO interacts VALUES(630912973007, 2, Cris, 3044, 432309, 1)
INSERT INTO interacts VALUES(630912973007, 2, Cris, 1001, 433033, 1)
INSERT INTO interacts VALUES(630912973007, 2, Cris, 2043, 435838, 1)
INSERT INTO interacts VALUES(630912973007, 2, Chorong, 3751, 482351, 1)
INSERT INTO interacts VALUES(630912973007, 2, Chorong, 1031, 483646, 1)
INSERT INTO interacts VALUES(630912973007, 2, Chorong, 2003, 488230, 1)
INSERT INTO interacts VALUES(630912973007, 2, Pekin Woof, 3196, 513389, 1)
INSERT INTO interacts VALUES(630912973007, 2, Pekin Woof, 2043, 515405, 1)
INSERT INTO interacts VALUES(630912973007, 2, Pekin Woof, 2010, 515690, 1)
INSERT INTO interacts VALUES(630912973007, 2, Diamondprox, 1410, 529592, 1)
INSERT INTO interacts VALUES(630912973007, 2, Diamondprox, 2043, 531530, 1)
INSERT INTO interacts VALUES(630912973007, 2, Shiphtur, 1058, 540007, 1)
INSERT INTO interacts VALUES(630912973007, 2, Shiphtur, 2043, 541557, 1)
INSERT INTO interacts VALUES(630912973007, 2, Cris, 3047, 577877, 1)
INSERT INTO interacts VALUES(630912973007, 2, Cris, 2003, 585201, 1)
INSERT INTO interacts VALUES(630912973007, 2, Akaadian, 1408, 595310, 1)
INSERT INTO interacts VALUES(630912973007, 2, Roar, 1038, 611887, 1)
INSERT INTO interacts VALUES(630912973007, 2, Chorong, 1001, 613756, 1)
INSERT INTO interacts VALUES(630912973007, 2, KonKwon, 2049, 614346, 1)
INSERT INTO interacts VALUES(630912973007, 2, Chorong, 2031, 614608, 1)
INSERT INTO interacts VALUES(630912973007, 2, KonKwon, 1001, 614815, 1)
INSERT INTO interacts VALUES(630912973007, 2, Chorong, 2043, 614849, 1)
INSERT INTO interacts VALUES(630912973007, 2, Roar, 1037, 614980, 1)
INSERT INTO interacts VALUES(630912973007, 2, KonKwon, 3341, 615110, 1)
INSERT INTO interacts VALUES(630912973007, 2, KonKwon, 2043, 615628, 1)
INSERT INTO interacts VALUES(630912973007, 2, KonKwon, 2043, 615759, 1)
INSERT INTO interacts VALUES(630912973007, 2, Roar, 1001, 616287, 1)
INSERT INTO interacts VALUES(630912973007, 2, Roar, 1042, 616552, 1)
INSERT INTO interacts VALUES(630912973007, 2, Roar, 2010, 616805, 1)
INSERT INTO interacts VALUES(630912973007, 2, Roar, 2010, 616882, 1)
INSERT INTO interacts VALUES(630912973007, 2, KonKwon, 1004, 617154, 1)
INSERT INTO interacts VALUES(630912973007, 2, Norskeren, 2049, 637217, 1)
INSERT INTO interacts VALUES(630912973007, 2, Massacre, 3134, 638371, 1)
INSERT INTO interacts VALUES(630912973007, 2, Norskeren, 3341, 638495, 1)
INSERT INTO interacts VALUES(630912973007, 2, Massacre, 3006, 639335, 1)
INSERT INTO interacts VALUES(630912973007, 2, Massacre, 1036, 640175, 1)
INSERT INTO interacts VALUES(630912973007, 2, Massacre, 1036, 640342, 1)
INSERT INTO interacts VALUES(630912973007, 2, Norskeren, 3158, 643884, 1)
INSERT INTO interacts VALUES(630912973007, 2, Akaadian, 1036, 688403, 1)
INSERT INTO interacts VALUES(630912973007, 2, Pekin Woof, 3197, 704995, 1)
INSERT INTO interacts VALUES(630912973007, 2, Pekin Woof, 2043, 707208, 1)
INSERT INTO interacts VALUES(630912973007, 2, Pekin Woof, 3363, 709138, 1)
INSERT INTO interacts VALUES(630912973007, 2, KonKwon, 2043, 722141, 1)
INSERT INTO interacts VALUES(630912973007, 2, KonKwon, 3096, 723323, 1)
INSERT INTO interacts VALUES(630912973007, 2, Shiphtur, 1011, 727093, 1)
INSERT INTO interacts VALUES(630912973007, 2, Shiphtur, 2043, 728239, 1)
INSERT INTO interacts VALUES(630912973007, 2, Roar, 3006, 729793, 1)
INSERT INTO interacts VALUES(630912973007, 2, Roar, 2010, 730162, 1)
INSERT INTO interacts VALUES(630912973007, 2, Roar, 2010, 734727, 1)
INSERT INTO interacts VALUES(630912973007, 2, Chorong, 1029, 742810, 1)
INSERT INTO interacts VALUES(630912973007, 2, Massacre, 3142, 761757, 1)
INSERT INTO interacts VALUES(630912973007, 2, Massacre, 1036, 764558, 1)
INSERT INTO interacts VALUES(630912973007, 2, Massacre, 2043, 765725, 1)
INSERT INTO interacts VALUES(630912973007, 2, Akaadian, 1042, 779452, 1)
INSERT INTO interacts VALUES(630912973007, 2, Akaadian, 2043, 780886, 1)
INSERT INTO interacts VALUES(630912973007, 2, Norskeren, 3097, 818442, 1)
INSERT INTO interacts VALUES(630912973007, 2, KonKwon, 2043, 818974, 1)
INSERT INTO interacts VALUES(630912973007, 2, Norskeren, 1028, 819403, 1)
INSERT INTO interacts VALUES(630912973007, 2, Norskeren, 2010, 819922, 1)
INSERT INTO interacts VALUES(630912973007, 2, KonKwon, 1029, 821599, 1)
INSERT INTO interacts VALUES(630912973007, 2, Diamondprox, 1058, 829952, 1)
INSERT INTO interacts VALUES(630912973007, 2, Diamondprox, 1001, 832056, 1)
INSERT INTO interacts VALUES(630912973007, 2, Diamondprox, 1052, 834600, 1)
INSERT INTO interacts VALUES(630912973007, 2, Diamondprox, 2043, 835061, 1)
INSERT INTO interacts VALUES(630912973007, 2, Diamondprox, 3364, 835495, 1)
INSERT INTO interacts VALUES(630912973007, 2, Cris, 3071, 845077, 1)
INSERT INTO interacts VALUES(630912973007, 2, Cris, 3363, 845676, 1)
INSERT INTO interacts VALUES(630912973007, 2, Cris, 2031, 846578, 1)
INSERT INTO interacts VALUES(630912973007, 2, Chorong, 3068, 892149, 1)
INSERT INTO interacts VALUES(630912973007, 2, Chorong, 1029, 894962, 1)
INSERT INTO interacts VALUES(630912973007, 2, Roar, 3363, 922045, 1)
INSERT INTO interacts VALUES(630912973007, 2, Roar, 3086, 928773, 1)
INSERT INTO interacts VALUES(630912973007, 2, Pekin Woof, 1058, 943754, 1)
INSERT INTO interacts VALUES(630912973007, 2, Pekin Woof, 2043, 945688, 1)
INSERT INTO interacts VALUES(630912973007, 2, Shiphtur, 3116, 960069, 1)
INSERT INTO interacts VALUES(630912973007, 2, Shiphtur, 1052, 961244, 1)
INSERT INTO interacts VALUES(630912973007, 2, KonKwon, 3158, 966026, 1)
INSERT INTO interacts VALUES(630912973007, 2, KonKwon, 2043, 967085, 1)
INSERT INTO interacts VALUES(630912973007, 2, KonKwon, 2043, 967182, 1)
INSERT INTO interacts VALUES(630912973007, 2, Massacre, 3133, 1006341, 1)
INSERT INTO interacts VALUES(630912973007, 2, Massacre, 1036, 1006817, 1)
INSERT INTO interacts VALUES(630912973007, 2, Norskeren, 2303, 1006980, 1)
INSERT INTO interacts VALUES(630912973007, 2, Norskeren, 2043, 1008088, 1)
INSERT INTO interacts VALUES(630912973007, 2, Massacre, 3363, 1008353, 1)
INSERT INTO interacts VALUES(630912973007, 2, Norskeren, 2010, 1008658, 1)
INSERT INTO interacts VALUES(630912973007, 2, Chorong, 3047, 1010853, 1)
INSERT INTO interacts VALUES(630912973007, 2, Chorong, 2043, 1011168, 1)
INSERT INTO interacts VALUES(630912973007, 2, KonKwon, 2010, 1027571, 0)
INSERT INTO interacts VALUES(630912973007, 2, KonKwon, 2031, 1028374, 1)
INSERT INTO interacts VALUES(630912973007, 2, KonKwon, 1006, 1029547, 1)
INSERT INTO interacts VALUES(630912973007, 2, Akaadian, 3006, 1042908, 1)
INSERT INTO interacts VALUES(630912973007, 2, Cris, 3052, 1045141, 1)
INSERT INTO interacts VALUES(630912973007, 2, Akaadian, 3155, 1045507, 1)
INSERT INTO interacts VALUES(630912973007, 2, Akaadian, 2043, 1046663, 1)
INSERT INTO interacts VALUES(630912973007, 2, Akaadian, 3364, 1048700, 1)
INSERT INTO interacts VALUES(630912973007, 2, Cris, 2043, 1049260, 1)
INSERT INTO interacts VALUES(630912973007, 2, Diamondprox, 2031, 1065826, 0)
INSERT INTO interacts VALUES(630912973007, 2, Diamondprox, 2043, 1066686, 0)
INSERT INTO interacts VALUES(630912973007, 2, Diamondprox, 3116, 1072804, 1)
INSERT INTO interacts VALUES(630912973007, 2, Roar, 3031, 1099309, 1)
INSERT INTO interacts VALUES(630912973007, 2, Roar, 2043, 1100249, 1)
INSERT INTO interacts VALUES(630912973007, 2, Roar, 2010, 1100392, 1)
INSERT INTO interacts VALUES(630912973007, 2, Chorong, 1028, 1103778, 1)
INSERT INTO interacts VALUES(630912973007, 2, KonKwon, 2053, 1210938, 1)
INSERT INTO interacts VALUES(630912973007, 2, KonKwon, 2043, 1211411, 1)
INSERT INTO interacts VALUES(630912973007, 2, KonKwon, 2043, 1211546, 1)
INSERT INTO interacts VALUES(630912973007, 2, KonKwon, 3364, 1211956, 1)
INSERT INTO interacts VALUES(630912973007, 2, Norskeren, 1033, 1212181, 1)
INSERT INTO interacts VALUES(630912973007, 2, Norskeren, 3801, 1212587, 1)
INSERT INTO interacts VALUES(630912973007, 2, KonKwon, 2010, 1213109, 1)
INSERT INTO interacts VALUES(630912973007, 2, Norskeren, 3364, 1213809, 1)
INSERT INTO interacts VALUES(630912973007, 2, Cris, 1037, 1214414, 1)
INSERT INTO interacts VALUES(630912973007, 2, Massacre, 3044, 1217018, 1)
INSERT INTO interacts VALUES(630912973007, 2, Chorong, 3082, 1226415, 1)
INSERT INTO interacts VALUES(630912973007, 2, Akaadian, 1036, 1228586, 1)
INSERT INTO interacts VALUES(630912973007, 2, Akaadian, 1036, 1228857, 1)
INSERT INTO interacts VALUES(630912973007, 2, Roar, 1037, 1235128, 1)
INSERT INTO interacts VALUES(630912973007, 2, Roar, 2010, 1236323, 1)
INSERT INTO interacts VALUES(630912973007, 2, Diamondprox, 3158, 1255235, 1)
INSERT INTO interacts VALUES(630912973007, 2, Pekin Woof, 3116, 1256475, 1)
INSERT INTO interacts VALUES(630912973007, 2, Diamondprox, 1052, 1258431, 1)
INSERT INTO interacts VALUES(630912973007, 2, Diamondprox, 2043, 1258909, 1)
INSERT INTO interacts VALUES(630912973007, 2, Diamondprox, 2003, 1260979, 1)
INSERT INTO interacts VALUES(630912973007, 2, Norskeren, 3105, 1316854, 1)
INSERT INTO interacts VALUES(630912973007, 2, Norskeren, 2043, 1319431, 1)
INSERT INTO interacts VALUES(630912973007, 2, Chorong, 1011, 1321031, 1)
INSERT INTO interacts VALUES(630912973007, 2, Roar, 1042, 1353981, 1)
INSERT INTO interacts VALUES(630912973007, 2, Shiphtur, 3165, 1354345, 1)
INSERT INTO interacts VALUES(630912973007, 2, Shiphtur, 2043, 1355834, 1)
INSERT INTO interacts VALUES(630912973007, 2, Akaadian, 3156, 1356596, 1)
INSERT INTO interacts VALUES(630912973007, 2, Akaadian, 2043, 1357655, 1)
INSERT INTO interacts VALUES(630912973007, 2, Akaadian, 2043, 1357884, 1)
INSERT INTO interacts VALUES(630912973007, 2, KonKwon, 3069, 1359547, 1)
INSERT INTO interacts VALUES(630912973007, 2, Norskeren, 2043, 1367045, 1)
INSERT INTO interacts VALUES(630912973007, 2, Norskeren, 2010, 1367744, 1)
INSERT INTO interacts VALUES(630912973007, 2, Pekin Woof, 3158, 1372676, 1)
INSERT INTO interacts VALUES(630912973007, 2, Pekin Woof, 2043, 1373819, 1)
INSERT INTO interacts VALUES(630912973007, 2, Massacre, 3071, 1386673, 1)
INSERT INTO interacts VALUES(630912973007, 2, Massacre, 1042, 1387819, 1)
INSERT INTO interacts VALUES(630912973007, 2, Massacre, 1051, 1388217, 1)
INSERT INTO interacts VALUES(630912973007, 2, Cris, 3022, 1400122, 1)
INSERT INTO interacts VALUES(630912973007, 2, Cris, 1029, 1401054, 1)
INSERT INTO interacts VALUES(630912973007, 2, Chorong, 2031, 1438768, 0)
INSERT INTO interacts VALUES(630912973007, 2, Chorong, 1033, 1439989, 1)
INSERT INTO interacts VALUES(630912973007, 2, KonKwon, 1028, 1446640, 1)
INSERT INTO interacts VALUES(630912973007, 2, KonKwon, 2043, 1452469, 1)
INSERT INTO interacts VALUES(630912973007, 2, Roar, 3087, 1460603, 1)
INSERT INTO interacts VALUES(630912973007, 2, Roar, 2010, 1461094, 1)
INSERT INTO interacts VALUES(630912973007, 2, Massacre, 3086, 1468398, 1)
INSERT INTO interacts VALUES(630912973007, 2, Chorong, 3211, 1526553, 1)
INSERT INTO interacts VALUES(630912973007, 2, KonKwon, 2043, 1535080, 1)
INSERT INTO interacts VALUES(630912973007, 2, Pekin Woof, 3198, 1557299, 1)
INSERT INTO interacts VALUES(630912973007, 2, Pekin Woof, 2043, 1558450, 1)
INSERT INTO interacts VALUES(630912973007, 2, Pekin Woof, 2043, 1558613, 1)
INSERT INTO interacts VALUES(630912973007, 2, Norskeren, 3067, 1571070, 1)
INSERT INTO interacts VALUES(630912973007, 2, Norskeren, 2010, 1572008, 1)
INSERT INTO interacts VALUES(630912973007, 2, Roar, 3035, 1609295, 1)
INSERT INTO interacts VALUES(630912973007, 2, Roar, 1036, 1610706, 1)
INSERT INTO interacts VALUES(630912973007, 2, Akaadian, 3134, 1611343, 1)
INSERT INTO interacts VALUES(630912973007, 2, Akaadian, 2031, 1613095, 0)
INSERT INTO interacts VALUES(630912973007, 2, Akaadian, 1036, 1614126, 1)
INSERT INTO interacts VALUES(630912973007, 2, Norskeren, 3190, 1616896, 1)
INSERT INTO interacts VALUES(630912973007, 2, Massacre, 3087, 1618752, 1)
INSERT INTO interacts VALUES(630912973007, 2, KonKwon, 3801, 1620607, 1)
INSERT INTO interacts VALUES(630912973007, 2, KonKwon, 2043, 1621095, 1)
INSERT INTO interacts VALUES(630912973007, 2, KonKwon, 2043, 1621203, 1)
INSERT INTO interacts VALUES(630912973007, 2, Cris, 1031, 1642185, 1)
INSERT INTO interacts VALUES(630912973007, 2, Cris, 2031, 1643272, 0)
INSERT INTO interacts VALUES(630912973007, 2, Shiphtur, 1058, 1652275, 1)
INSERT INTO interacts VALUES(630912973007, 2, Shiphtur, 2031, 1653170, 0)
INSERT INTO interacts VALUES(630912973007, 2, Shiphtur, 2043, 1654322, 1)
INSERT INTO interacts VALUES(630912973007, 2, Shiphtur, 3363, 1655819, 1)
INSERT INTO interacts VALUES(630912973007, 2, Chorong, 3143, 1667610, 1)
INSERT INTO interacts VALUES(630912973007, 2, Chorong, 2043, 1668930, 1)
INSERT INTO interacts VALUES(630912973007, 2, Diamondprox, 3135, 1693059, 1)
INSERT INTO interacts VALUES(630912973007, 2, Diamondprox, 2043, 1693993, 1)
INSERT INTO interacts VALUES(630912973007, 2, Diamondprox, 2003, 1694566, 1)
INSERT INTO interacts VALUES(630912973007, 2, Norskeren, 3034, 1747053, 1)
INSERT INTO interacts VALUES(630912973007, 2, Norskeren, 3024, 1748585, 1)
INSERT INTO interacts VALUES(630912973007, 2, Chorong, 2043, 1750824, 0)
INSERT INTO interacts VALUES(630912973007, 2, Chorong, 3067, 1752064, 1)
INSERT INTO interacts VALUES(630912973007, 2, Pekin Woof, 3057, 1754851, 1)
INSERT INTO interacts VALUES(630912973007, 2, Akaadian, 3133, 1755727, 1)
INSERT INTO interacts VALUES(630912973007, 2, Massacre, 1038, 1756628, 1)
INSERT INTO interacts VALUES(630912973007, 2, Norskeren, 2010, 1759131, 1)
INSERT INTO interacts VALUES(630912973007, 2, Chorong, 1031, 1763625, 1)
INSERT INTO interacts VALUES(630912973007, 2, Pekin Woof, 1056, 1775317, 0)
INSERT INTO interacts VALUES(630912973007, 2, Pekin Woof, 3113, 1776339, 1)
INSERT INTO interacts VALUES(630912973007, 2, Cris, 3742, 1800701, 1)
INSERT INTO interacts VALUES(630912973007, 2, KonKwon, 3105, 1802747, 1)
INSERT INTO interacts VALUES(630912973007, 2, KonKwon, 2043, 1803118, 1)
INSERT INTO interacts VALUES(630912973007, 2, KonKwon, 2043, 1803255, 1)
INSERT INTO interacts VALUES(630912973007, 2, Cris, 2031, 1804001, 0)
INSERT INTO interacts VALUES(630912973007, 2, KonKwon, 1028, 1805065, 1)
INSERT INTO interacts VALUES(630912973007, 2, Diamondprox, 3108, 1805469, 1)
INSERT INTO interacts VALUES(630912973007, 2, Cris, 1028, 1805713, 1)
INSERT INTO interacts VALUES(630912973007, 2, Shiphtur, 3003, 1806126, 1)
INSERT INTO interacts VALUES(630912973007, 2, Diamondprox, 2043, 1806400, 1)
INSERT INTO interacts VALUES(630912973007, 2, Roar, 3036, 1807630, 1)
INSERT INTO interacts VALUES(630912973007, 2, Shiphtur, 1026, 1807663, 1)
INSERT INTO interacts VALUES(630912973007, 2, Roar, 1053, 1812796, 1)
INSERT INTO interacts VALUES(630912973007, 2, Pekin Woof, 2139, 1871718, 1)
INSERT INTO interacts VALUES(630912973007, 2, Norskeren, 1052, 1872015, 1)
INSERT INTO interacts VALUES(630912973007, 2, Akaadian, 3142, 1874686, 1)
INSERT INTO interacts VALUES(630912973007, 2, Akaadian, 1036, 1875073, 1)
INSERT INTO interacts VALUES(630912973007, 2, Cris, 3211, 1884535, 1)
INSERT INTO interacts VALUES(630912973007, 2, Massacre, 1055, 1887509, 0)
INSERT INTO interacts VALUES(630912973007, 2, Massacre, 1053, 1888839, 1)
INSERT INTO interacts VALUES(630912973007, 2, Shiphtur, 1052, 1896723, 1)
INSERT INTO interacts VALUES(630912973007, 2, Roar, 1055, 1897790, 0)
INSERT INTO interacts VALUES(630912973007, 2, Roar, 1038, 1898567, 1)
INSERT INTO interacts VALUES(630912973007, 2, KonKwon, 3190, 1909693, 1)
INSERT INTO interacts VALUES(630912973007, 2, Diamondprox, 2043, 1921825, 1)
INSERT INTO interacts VALUES(630912973007, 2, Norskeren, 2010, 1927247, 0)
INSERT INTO interacts VALUES(630912973007, 2, Norskeren, 2043, 1928271, 1)
INSERT INTO interacts VALUES(630912973007, 2, Norskeren, 2043, 1928433, 1)
INSERT INTO interacts VALUES(630912973007, 2, Chorong, 3075, 2014285, 1)
INSERT INTO interacts VALUES(630912973007, 2, Pekin Woof, 3100, 2031382, 1)
INSERT INTO interacts VALUES(630912973007, 2, Akaadian, 1053, 2062539, 1)
INSERT INTO interacts VALUES(630912973007, 2, Akaadian, 1033, 2063726, 1)
INSERT INTO interacts VALUES(630912973007, 2, Cris, 3102, 2097996, 1)
INSERT INTO interacts VALUES(630912973007, 2, Pekin Woof, 2139, 2098776, 1)
INSERT INTO interacts VALUES(630912973007, 2, Roar, 3072, 2098988, 1)
INSERT INTO interacts VALUES(630912973007, 2, KonKwon, 2045, 2101714, 1)
INSERT INTO interacts VALUES(630912973007, 2, KonKwon, 2043, 2102062, 1)
INSERT INTO interacts VALUES(630912973007, 2, KonKwon, 2043, 2102228, 1)
INSERT INTO interacts VALUES(630912973007, 2, Shiphtur, 1056, 2103242, 0)
INSERT INTO interacts VALUES(630912973007, 2, Roar, 2140, 2103433, 1)
INSERT INTO interacts VALUES(630912973007, 2, Shiphtur, 3135, 2104779, 1)
INSERT INTO interacts VALUES(630912973007, 2, Norskeren, 3050, 2111212, 1)
INSERT INTO interacts VALUES(630912973007, 2, Norskeren, 2043, 2112312, 1)
INSERT INTO interacts VALUES(630912973007, 2, Norskeren, 2043, 2112484, 1)
INSERT INTO interacts VALUES(630912973007, 2, Massacre, 3072, 2116788, 1)
INSERT INTO interacts VALUES(630912973007, 2, Massacre, 2043, 2117516, 1)
INSERT INTO interacts VALUES(630912973007, 2, Diamondprox, 3157, 2118241, 1)
INSERT INTO interacts VALUES(630912973007, 2, Chorong, 1054, 2150385, 0)
INSERT INTO interacts VALUES(630912973007, 2, Chorong, 1011, 2151911, 1)
INSERT INTO interacts VALUES(630912973007, 2, Chorong, 2138, 2228992, 1)
INSERT INTO interacts VALUES(630912973007, 2, Shiphtur, 1058, 2279777, 1)
INSERT INTO interacts VALUES(630912973007, 2, KonKwon, 3114, 2281760, 1)
INSERT INTO interacts VALUES(630912973007, 2, KonKwon, 2043, 2282079, 1)
INSERT INTO interacts VALUES(630912973007, 2, KonKwon, 2043, 2282248, 1)
INSERT INTO interacts VALUES(630912973007, 2, Massacre, 1038, 2284481, 1)
INSERT INTO interacts VALUES(630912973007, 2, Cris, 1055, 2284572, 0)
INSERT INTO interacts VALUES(630912973007, 2, Akaadian, 3140, 2285988, 1)
INSERT INTO interacts VALUES(630912973007, 2, Pekin Woof, 1026, 2286643, 1)
INSERT INTO interacts VALUES(630912973007, 2, Diamondprox, 1058, 2286771, 1)
INSERT INTO interacts VALUES(630912973007, 2, Akaadian, 2140, 2286884, 1)
INSERT INTO interacts VALUES(630912973007, 2, Norskeren, 1033, 2289078, 1)
INSERT INTO interacts VALUES(630912973007, 2, Norskeren, 1028, 2289379, 1)
INSERT INTO interacts VALUES(630912973007, 2, Cris, 3086, 2291384, 1)
INSERT INTO interacts VALUES(630912973007, 2, Shiphtur, 2043, 2305821, 1)
INSERT INTO interacts VALUES(630912973007, 2, Roar, 3140, 2319877, 1)
INSERT INTO interacts VALUES(630912973007, 2, Cris, 3085, 2321087, 1)
INSERT INTO interacts VALUES(630912973007, 2, Norskeren, 3211, 2348899, 1)
INSERT INTO interacts VALUES(630912973007, 2, Norskeren, 2043, 2350981, 1)
INSERT INTO interacts VALUES(630912973007, 2, Norskeren, 2043, 2351128, 1)
INSERT INTO interacts VALUES(630912973007, 2, KonKwon, 2139, 2377597, 1)
INSERT INTO interacts VALUES(630912973007, 2, Cris, 2138, 2392025, 1)
INSERT INTO interacts VALUES(630912973007, 2, Pekin Woof, 3135, 2392854, 1)
INSERT INTO interacts VALUES(630912973007, 2, Chorong, 3065, 2393433, 1)
INSERT INTO interacts VALUES(630912973007, 2, Akaadian, 3139, 2490029, 1)
INSERT INTO interacts VALUES(630912973007, 2, Akaadian, 2043, 2491008, 1)
INSERT INTO interacts VALUES(630912973007, 2, Norskeren, 2043, 2495747, 1)
INSERT INTO interacts VALUES(630912973007, 2, Norskeren, 2138, 2496260, 1)
INSERT INTO interacts VALUES(630912973007, 2, Pekin Woof, 2139, 2498825, 1)
INSERT INTO interacts VALUES(630912973007, 2, KonKwon, 2139, 2503767, 1)
INSERT INTO interacts VALUES(630912973007, 2, Cris, 2138, 2506698, 1)
INSERT INTO interacts VALUES(630912973007, 2, Massacre, 3072, 2520073, 1)
INSERT INTO interacts VALUES(630912973007, 2, Akaadian, 2140, 2532021, 1)
INSERT INTO interacts VALUES(630912973007, 2, Roar, 3139, 2538975, 1)
INSERT INTO interacts VALUES(630912973007, 2, Shiphtur, 3089, 2611705, 1)
INSERT INTO interacts VALUES(630912973007, 2, Shiphtur, 2043, 2612705, 1)
INSERT INTO interacts VALUES(630912973007, 2, Massacre, 3072, 2614693, 0)
INSERT INTO interacts VALUES(630912973007, 2, Massacre, 3031, 2615182, 1)
INSERT INTO interacts VALUES(630912973007, 2, KonKwon, 2043, 2618495, 1)
INSERT INTO interacts VALUES(630912973007, 2, KonKwon, 2139, 2619121, 1)
INSERT INTO interacts VALUES(630912973007, 2, Roar, 2140, 2631988, 1)
INSERT INTO interacts VALUES(630912973007, 2, Diamondprox, 3089, 2642075, 1)
INSERT INTO interacts VALUES(630912973007, 2, Chorong, 3742, 2782979, 1)
INSERT INTO interacts VALUES(630912973007, 2, KonKwon, 2043, 2785429, 1)
INSERT INTO interacts VALUES(630912973007, 2, KonKwon, 2043, 2785560, 1)
INSERT INTO interacts VALUES(630912973007, 2, Cris, 2138, 2804284, 1)
INSERT INTO interacts VALUES(630912973007, 2, KonKwon, 2139, 2804731, 1)
INSERT INTO interacts VALUES(630912973007, 2, Diamondprox, 2139, 2805476, 1)
INSERT INTO series VALUES(
                    Game 1 of 2
                  )
INSERT INTO organizes VALUES(630912973007)
INSERT INTO matches VALUES(456567733546, 1, 2016-07-20)
INSERT INTO competes VALUES(456567733546, C9C, True)
INSERT INTO competes VALUES(456567733546, TLA, False)
INSERT INTO scores VALUES(C9C, 456567733546, 1, 3, 10, 1, 1, 3, 1)
INSERT INTO scores VALUES(TLA, 456567733546, 1, 0, 4, 0, 0, 1, 0)
INSERT INTO bans VALUES(456567733546, 1, 76, 1)
INSERT INTO bans VALUES(456567733546, 1, 41, 3)
INSERT INTO bans VALUES(456567733546, 1, 421, 5)
INSERT INTO bans VALUES(456567733546, 1, 43, 2)
INSERT INTO bans VALUES(456567733546, 1, 29, 4)
INSERT INTO bans VALUES(456567733546, 1, 104, 6)
INSERT INTO plays VALUES(456567733546, 1, Balls, 98, Jungle, 1, 0, 12, 5035, 12, 1, 184, 6, 2, 11653)
INSERT INTO plays VALUES(456567733546, 1, Contractz, 79, Jungle, 1, 1, 12, 10482, 25, 10, 28, 64, 29, 11411)
INSERT INTO plays VALUES(456567733546, 1, Hai, 90, Mid, 6, 1, 10, 30513, 15, 1, 207, 27, 8, 13600)
INSERT INTO plays VALUES(456567733546, 1, Altec, 236, Jungle, 8, 1, 6, 17115, 14, 13, 281, 9, 7, 15933)
INSERT INTO plays VALUES(456567733546, 1, LemonNation, 201, Jungle, 0, 3, 13, 3910, 40, 14, 34, 0, 0, 8592)
INSERT INTO plays VALUES(456567733546, 1, Solo, 68, Jungle, 3, 3, 2, 15096, 18, 0, 174, 2, 3, 10623)
INSERT INTO plays VALUES(456567733546, 1, Moon, 120, Jungle, 2, 2, 4, 8541, 31, 15, 56, 73, 16, 10442)
INSERT INTO plays VALUES(456567733546, 1, Goldenglue, 8, Mid, 0, 3, 5, 10971, 14, 6, 237, 5, 3, 10420)
INSERT INTO plays VALUES(456567733546, 1, Piglet, 15, Jungle, 1, 3, 4, 16343, 13, 10, 282, 22, 5, 12705)
INSERT INTO plays VALUES(456567733546, 1, Stunt, 44, Jungle, 0, 5, 5, 2829, 41, 8, 37, 0, 0, 7566)
INSERT INTO interacts VALUES(456567733546, 1, Hai, 1056, 1944, 1)
INSERT INTO interacts VALUES(456567733546, 1, Contractz, 3340, 2081, 1)
INSERT INTO interacts VALUES(456567733546, 1, Goldenglue, 1054, 2081, 1)
INSERT INTO interacts VALUES(456567733546, 1, Hai, 2010, 2205, 1)
INSERT INTO interacts VALUES(456567733546, 1, Goldenglue, 2003, 2270, 1)
INSERT INTO interacts VALUES(456567733546, 1, Altec, 3340, 2344, 1)
INSERT INTO interacts VALUES(456567733546, 1, Contractz, 1039, 2400, 1)
INSERT INTO interacts VALUES(456567733546, 1, Hai, 3340, 2563, 1)
INSERT INTO interacts VALUES(456567733546, 1, Moon, 1039, 2628, 1)
INSERT INTO interacts VALUES(456567733546, 1, Altec, 1055, 2693, 1)
INSERT INTO interacts VALUES(456567733546, 1, Hai, 2010, 2864, 1)
INSERT INTO interacts VALUES(456567733546, 1, Altec, 2010, 2864, 1)
INSERT INTO interacts VALUES(456567733546, 1, LemonNation, 3340, 3081, 1)
INSERT INTO interacts VALUES(456567733546, 1, Contractz, 2031, 3180, 1)
INSERT INTO interacts VALUES(456567733546, 1, LemonNation, 3302, 3472, 1)
INSERT INTO interacts VALUES(456567733546, 1, Balls, 1054, 3472, 1)
INSERT INTO interacts VALUES(456567733546, 1, Moon, 2031, 3697, 1)
INSERT INTO interacts VALUES(456567733546, 1, Balls, 2003, 3730, 1)
INSERT INTO interacts VALUES(456567733546, 1, Goldenglue, 3340, 3794, 1)
INSERT INTO interacts VALUES(456567733546, 1, LemonNation, 2010, 3924, 1)
INSERT INTO interacts VALUES(456567733546, 1, Balls, 3340, 3957, 1)
INSERT INTO interacts VALUES(456567733546, 1, LemonNation, 2010, 4054, 1)
INSERT INTO interacts VALUES(456567733546, 1, Solo, 1054, 4087, 1)
INSERT INTO interacts VALUES(456567733546, 1, Moon, 3340, 4087, 1)
INSERT INTO interacts VALUES(456567733546, 1, LemonNation, 2010, 4218, 1)
INSERT INTO interacts VALUES(456567733546, 1, Solo, 2003, 4478, 1)
INSERT INTO interacts VALUES(456567733546, 1, Solo, 3340, 4737, 1)
INSERT INTO interacts VALUES(456567733546, 1, Piglet, 1055, 6914, 1)
INSERT INTO interacts VALUES(456567733546, 1, Stunt, 3302, 7076, 1)
INSERT INTO interacts VALUES(456567733546, 1, Piglet, 2010, 7109, 1)
INSERT INTO interacts VALUES(456567733546, 1, Piglet, 3340, 7284, 1)
INSERT INTO interacts VALUES(456567733546, 1, Stunt, 2010, 7284, 1)
INSERT INTO interacts VALUES(456567733546, 1, Stunt, 2010, 7431, 1)
INSERT INTO interacts VALUES(456567733546, 1, Stunt, 2010, 7561, 1)
INSERT INTO interacts VALUES(456567733546, 1, Stunt, 3340, 7948, 1)
INSERT INTO interacts VALUES(456567733546, 1, Altec, 1083, 207931, 1)
INSERT INTO interacts VALUES(456567733546, 1, Altec, 2043, 208803, 1)
INSERT INTO interacts VALUES(456567733546, 1, Altec, 2010, 209007, 1)
INSERT INTO interacts VALUES(456567733546, 1, LemonNation, 1001, 209454, 1)
INSERT INTO interacts VALUES(456567733546, 1, Piglet, 1083, 213787, 1)
INSERT INTO interacts VALUES(456567733546, 1, LemonNation, 2043, 214662, 1)
INSERT INTO interacts VALUES(456567733546, 1, Piglet, 2043, 215115, 1)
INSERT INTO interacts VALUES(456567733546, 1, Piglet, 2010, 215310, 1)
INSERT INTO interacts VALUES(456567733546, 1, Stunt, 1028, 219858, 1)
INSERT INTO interacts VALUES(456567733546, 1, Stunt, 2043, 221754, 1)
INSERT INTO interacts VALUES(456567733546, 1, Contractz, 3711, 224668, 1)
INSERT INTO interacts VALUES(456567733546, 1, Contractz, 2043, 225408, 1)
INSERT INTO interacts VALUES(456567733546, 1, Solo, 1001, 251112, 1)
INSERT INTO interacts VALUES(456567733546, 1, Solo, 2043, 252671, 1)
INSERT INTO interacts VALUES(456567733546, 1, Hai, 3802, 310015, 1)
INSERT INTO interacts VALUES(456567733546, 1, Hai, 2043, 310342, 1)
INSERT INTO interacts VALUES(456567733546, 1, Hai, 2010, 310580, 1)
INSERT INTO interacts VALUES(456567733546, 1, Moon, 3111, 315378, 1)
INSERT INTO interacts VALUES(456567733546, 1, Piglet, 1001, 316296, 1)
INSERT INTO interacts VALUES(456567733546, 1, Piglet, 1036, 317074, 1)
INSERT INTO interacts VALUES(456567733546, 1, Moon, 2043, 321017, 1)
INSERT INTO interacts VALUES(456567733546, 1, Stunt, 1001, 325512, 1)
INSERT INTO interacts VALUES(456567733546, 1, Goldenglue, 3211, 332925, 1)
INSERT INTO interacts VALUES(456567733546, 1, Goldenglue, 2003, 333983, 1)
INSERT INTO interacts VALUES(456567733546, 1, LemonNation, 1028, 343117, 1)
INSERT INTO interacts VALUES(456567733546, 1, LemonNation, 2043, 344777, 1)
INSERT INTO interacts VALUES(456567733546, 1, Balls, 3751, 371912, 1)
INSERT INTO interacts VALUES(456567733546, 1, Altec, 3134, 373354, 1)
INSERT INTO interacts VALUES(456567733546, 1, Balls, 3211, 377781, 1)
INSERT INTO interacts VALUES(456567733546, 1, Balls, 2003, 379454, 1)
INSERT INTO interacts VALUES(456567733546, 1, Balls, 2043, 379711, 1)
INSERT INTO interacts VALUES(456567733546, 1, Solo, 3020, 409976, 1)
INSERT INTO interacts VALUES(456567733546, 1, Hai, 3108, 418625, 1)
INSERT INTO interacts VALUES(456567733546, 1, Balls, 2003, 446860, 1)
INSERT INTO interacts VALUES(456567733546, 1, Piglet, 3133, 460984, 1)
INSERT INTO interacts VALUES(456567733546, 1, Piglet, 1042, 463609, 1)
INSERT INTO interacts VALUES(456567733546, 1, Stunt, 2049, 463641, 1)
INSERT INTO interacts VALUES(456567733546, 1, Stunt, 3341, 465200, 1)
INSERT INTO interacts VALUES(456567733546, 1, LemonNation, 3341, 465460, 1)
INSERT INTO interacts VALUES(456567733546, 1, Stunt, 2043, 467961, 1)
INSERT INTO interacts VALUES(456567733546, 1, LemonNation, 2049, 473709, 1)
INSERT INTO interacts VALUES(456567733546, 1, LemonNation, 2043, 475105, 1)
INSERT INTO interacts VALUES(456567733546, 1, Altec, 1001, 481104, 1)
INSERT INTO interacts VALUES(456567733546, 1, Altec, 1036, 481332, 1)
INSERT INTO interacts VALUES(456567733546, 1, Contractz, 1410, 485337, 1)
INSERT INTO interacts VALUES(456567733546, 1, Contractz, 2043, 486048, 1)
INSERT INTO interacts VALUES(456567733546, 1, Moon, 3751, 490297, 1)
INSERT INTO interacts VALUES(456567733546, 1, Moon, 2043, 493357, 1)
INSERT INTO interacts VALUES(456567733546, 1, LemonNation, 2043, 584002, 1)
INSERT INTO interacts VALUES(456567733546, 1, LemonNation, 2010, 584297, 1)
INSERT INTO interacts VALUES(456567733546, 1, Goldenglue, 3065, 604840, 1)
INSERT INTO interacts VALUES(456567733546, 1, Goldenglue, 2043, 605959, 1)
INSERT INTO interacts VALUES(456567733546, 1, Goldenglue, 2003, 607110, 1)
INSERT INTO interacts VALUES(456567733546, 1, Piglet, 3006, 616010, 1)
INSERT INTO interacts VALUES(456567733546, 1, Piglet, 2043, 617340, 1)
INSERT INTO interacts VALUES(456567733546, 1, Stunt, 3158, 620303, 1)
INSERT INTO interacts VALUES(456567733546, 1, Stunt, 2043, 622740, 1)
INSERT INTO interacts VALUES(456567733546, 1, Solo, 1028, 640547, 1)
INSERT INTO interacts VALUES(456567733546, 1, Solo, 1052, 640939, 1)
INSERT INTO interacts VALUES(456567733546, 1, Solo, 2043, 642526, 1)
INSERT INTO interacts VALUES(456567733546, 1, Moon, 1409, 665425, 1)
INSERT INTO interacts VALUES(456567733546, 1, Moon, 3341, 666663, 1)
INSERT INTO interacts VALUES(456567733546, 1, Moon, 2043, 670890, 1)
INSERT INTO interacts VALUES(456567733546, 1, Piglet, 2043, 704212, 0)
INSERT INTO interacts VALUES(456567733546, 1, Piglet, 1018, 707457, 1)
INSERT INTO interacts VALUES(456567733546, 1, Hai, 1001, 739621, 1)
INSERT INTO interacts VALUES(456567733546, 1, Hai, 3158, 739981, 1)
INSERT INTO interacts VALUES(456567733546, 1, Hai, 3165, 742938, 1)
INSERT INTO interacts VALUES(456567733546, 1, Hai, 2010, 743686, 1)
INSERT INTO interacts VALUES(456567733546, 1, Hai, 2010, 743864, 1)
INSERT INTO interacts VALUES(456567733546, 1, Hai, 3363, 744335, 1)
INSERT INTO interacts VALUES(456567733546, 1, Balls, 3751, 745631, 1)
INSERT INTO interacts VALUES(456567733546, 1, Altec, 3133, 745796, 1)
INSERT INTO interacts VALUES(456567733546, 1, Contractz, 3158, 746548, 1)
INSERT INTO interacts VALUES(456567733546, 1, Contractz, 2043, 747523, 1)
INSERT INTO interacts VALUES(456567733546, 1, Contractz, 3341, 747912, 1)
INSERT INTO interacts VALUES(456567733546, 1, Altec, 3006, 747979, 1)
INSERT INTO interacts VALUES(456567733546, 1, Balls, 1031, 750060, 1)
INSERT INTO interacts VALUES(456567733546, 1, Balls, 2003, 751293, 1)
INSERT INTO interacts VALUES(456567733546, 1, Balls, 2003, 751458, 1)
INSERT INTO interacts VALUES(456567733546, 1, Stunt, 1028, 773229, 1)
INSERT INTO interacts VALUES(456567733546, 1, Stunt, 2043, 775024, 1)
INSERT INTO interacts VALUES(456567733546, 1, LemonNation, 3047, 775153, 1)
INSERT INTO interacts VALUES(456567733546, 1, LemonNation, 2043, 782411, 1)
INSERT INTO interacts VALUES(456567733546, 1, Moon, 3364, 804861, 1)
INSERT INTO interacts VALUES(456567733546, 1, Moon, 1028, 812605, 1)
INSERT INTO interacts VALUES(456567733546, 1, Moon, 2043, 813112, 1)
INSERT INTO interacts VALUES(456567733546, 1, Moon, 2032, 813547, 1)
INSERT INTO interacts VALUES(456567733546, 1, Altec, 3142, 865341, 1)
INSERT INTO interacts VALUES(456567733546, 1, Balls, 1001, 866184, 1)
INSERT INTO interacts VALUES(456567733546, 1, Altec, 1042, 866413, 1)
INSERT INTO interacts VALUES(456567733546, 1, Stunt, 2045, 866510, 1)
INSERT INTO interacts VALUES(456567733546, 1, Altec, 3363, 866706, 1)
INSERT INTO interacts VALUES(456567733546, 1, Stunt, 1006, 870151, 1)
INSERT INTO interacts VALUES(456567733546, 1, Piglet, 2010, 873792, 0)
INSERT INTO interacts VALUES(456567733546, 1, Piglet, 2010, 874057, 0)
INSERT INTO interacts VALUES(456567733546, 1, Piglet, 1038, 875257, 1)
INSERT INTO interacts VALUES(456567733546, 1, Piglet, 3363, 876199, 1)
INSERT INTO interacts VALUES(456567733546, 1, Solo, 3136, 879356, 1)
INSERT INTO interacts VALUES(456567733546, 1, Solo, 1026, 884272, 1)
INSERT INTO interacts VALUES(456567733546, 1, Contractz, 1028, 885863, 1)
INSERT INTO interacts VALUES(456567733546, 1, Contractz, 3364, 886290, 1)
INSERT INTO interacts VALUES(456567733546, 1, Contractz, 1029, 886972, 1)
INSERT INTO interacts VALUES(456567733546, 1, LemonNation, 1028, 901730, 1)
INSERT INTO interacts VALUES(456567733546, 1, LemonNation, 2043, 902429, 1)
INSERT INTO interacts VALUES(456567733546, 1, Goldenglue, 1058, 902578, 1)
INSERT INTO interacts VALUES(456567733546, 1, Goldenglue, 1001, 903844, 1)
INSERT INTO interacts VALUES(456567733546, 1, Goldenglue, 2043, 905304, 1)
INSERT INTO interacts VALUES(456567733546, 1, Goldenglue, 3363, 906389, 1)
INSERT INTO interacts VALUES(456567733546, 1, Moon, 3067, 910392, 1)
INSERT INTO interacts VALUES(456567733546, 1, Hai, 1058, 921971, 1)
INSERT INTO interacts VALUES(456567733546, 1, Hai, 2043, 923895, 1)
INSERT INTO interacts VALUES(456567733546, 1, Piglet, 3508, 997579, 1)
INSERT INTO interacts VALUES(456567733546, 1, Piglet, 1051, 999412, 1)
INSERT INTO interacts VALUES(456567733546, 1, Goldenglue, 1052, 1000554, 1)
INSERT INTO interacts VALUES(456567733546, 1, Stunt, 3097, 1005587, 1)
INSERT INTO interacts VALUES(456567733546, 1, Hai, 1052, 1006433, 1)
INSERT INTO interacts VALUES(456567733546, 1, Hai, 1028, 1006691, 1)
INSERT INTO interacts VALUES(456567733546, 1, Stunt, 1033, 1010071, 1)
INSERT INTO interacts VALUES(456567733546, 1, Moon, 1033, 1016894, 1)
INSERT INTO interacts VALUES(456567733546, 1, Contractz, 1011, 1040794, 1)
INSERT INTO interacts VALUES(456567733546, 1, LemonNation, 1033, 1040858, 1)
INSERT INTO interacts VALUES(456567733546, 1, Balls, 3068, 1041704, 1)
INSERT INTO interacts VALUES(456567733546, 1, LemonNation, 3801, 1041843, 1)
INSERT INTO interacts VALUES(456567733546, 1, Contractz, 3082, 1041935, 1)
INSERT INTO interacts VALUES(456567733546, 1, Altec, 3133, 1044571, 1)
INSERT INTO interacts VALUES(456567733546, 1, Contractz, 1029, 1046793, 0)
INSERT INTO interacts VALUES(456567733546, 1, Balls, 1033, 1048545, 1)
INSERT INTO interacts VALUES(456567733546, 1, Contractz, 1029, 1054589, 0)
INSERT INTO interacts VALUES(456567733546, 1, Solo, 3151, 1056082, 1)
INSERT INTO interacts VALUES(456567733546, 1, Solo, 2043, 1056582, 1)
INSERT INTO interacts VALUES(456567733546, 1, Contractz, 3211, 1066633, 1)
INSERT INTO interacts VALUES(456567733546, 1, Hai, 1011, 1111093, 1)
INSERT INTO interacts VALUES(456567733546, 1, Stunt, 3801, 1125651, 1)
INSERT INTO interacts VALUES(456567733546, 1, Stunt, 2043, 1127130, 1)
INSERT INTO interacts VALUES(456567733546, 1, Goldenglue, 3158, 1138363, 1)
INSERT INTO interacts VALUES(456567733546, 1, Goldenglue, 1028, 1141096, 1)
INSERT INTO interacts VALUES(456567733546, 1, Piglet, 3086, 1143043, 1)
INSERT INTO interacts VALUES(456567733546, 1, Piglet, 2043, 1143434, 1)
INSERT INTO interacts VALUES(456567733546, 1, Altec, 1083, 1165039, 0)
INSERT INTO interacts VALUES(456567733546, 1, Altec, 3071, 1166267, 1)
INSERT INTO interacts VALUES(456567733546, 1, Altec, 2043, 1166792, 1)
INSERT INTO interacts VALUES(456567733546, 1, Solo, 1057, 1173491, 1)
INSERT INTO interacts VALUES(456567733546, 1, Solo, 1052, 1175570, 1)
INSERT INTO interacts VALUES(456567733546, 1, Solo, 2043, 1176359, 1)
INSERT INTO interacts VALUES(456567733546, 1, Moon, 3065, 1182322, 1)
INSERT INTO interacts VALUES(456567733546, 1, Hai, 3116, 1204354, 1)
INSERT INTO interacts VALUES(456567733546, 1, Hai, 2010, 1205885, 1)
INSERT INTO interacts VALUES(456567733546, 1, Balls, 1011, 1216658, 1)
INSERT INTO interacts VALUES(456567733546, 1, Hai, 2043, 1280373, 1)
INSERT INTO interacts VALUES(456567733546, 1, Hai, 2010, 1280667, 1)
INSERT INTO interacts VALUES(456567733546, 1, Hai, 2010, 1280821, 1)
INSERT INTO interacts VALUES(456567733546, 1, LemonNation, 3105, 1282584, 1)
INSERT INTO interacts VALUES(456567733546, 1, LemonNation, 1028, 1283854, 1)
INSERT INTO interacts VALUES(456567733546, 1, Altec, 2043, 1283942, 1)
INSERT INTO interacts VALUES(456567733546, 1, LemonNation, 2043, 1288217, 1)
INSERT INTO interacts VALUES(456567733546, 1, Solo, 3108, 1290204, 1)
INSERT INTO interacts VALUES(456567733546, 1, Stunt, 3105, 1290562, 1)
INSERT INTO interacts VALUES(456567733546, 1, Solo, 2043, 1292797, 1)
INSERT INTO interacts VALUES(456567733546, 1, Stunt, 1028, 1292972, 1)
INSERT INTO interacts VALUES(456567733546, 1, Piglet, 1083, 1306267, 0)
INSERT INTO interacts VALUES(456567733546, 1, Piglet, 3094, 1307924, 1)
INSERT INTO interacts VALUES(456567733546, 1, Moon, 1029, 1350400, 1)
INSERT INTO interacts VALUES(456567733546, 1, Moon, 1029, 1350536, 1)
INSERT INTO interacts VALUES(456567733546, 1, Piglet, 1036, 1375690, 1)
INSERT INTO interacts VALUES(456567733546, 1, Contractz, 3065, 1377594, 1)
INSERT INTO interacts VALUES(456567733546, 1, Altec, 3086, 1377853, 1)
INSERT INTO interacts VALUES(456567733546, 1, Contractz, 2043, 1378572, 1)
INSERT INTO interacts VALUES(456567733546, 1, Altec, 3123, 1379517, 1)
INSERT INTO interacts VALUES(456567733546, 1, LemonNation, 3190, 1379907, 1)
INSERT INTO interacts VALUES(456567733546, 1, Balls, 3111, 1380248, 1)
INSERT INTO interacts VALUES(456567733546, 1, LemonNation, 2043, 1380380, 1)
INSERT INTO interacts VALUES(456567733546, 1, Hai, 1026, 1380679, 1)
INSERT INTO interacts VALUES(456567733546, 1, LemonNation, 3364, 1381013, 1)
INSERT INTO interacts VALUES(456567733546, 1, Balls, 3082, 1382050, 1)
INSERT INTO interacts VALUES(456567733546, 1, Goldenglue, 3116, 1414187, 1)
INSERT INTO interacts VALUES(456567733546, 1, Stunt, 3067, 1419627, 1)
INSERT INTO interacts VALUES(456567733546, 1, Solo, 1052, 1420690, 1)
INSERT INTO interacts VALUES(456567733546, 1, Stunt, 3364, 1421892, 1)
INSERT INTO interacts VALUES(456567733546, 1, Moon, 3082, 1446781, 1)
INSERT INTO interacts VALUES(456567733546, 1, Solo, 3001, 1502476, 1)
INSERT INTO interacts VALUES(456567733546, 1, Stunt, 3190, 1502672, 1)
INSERT INTO interacts VALUES(456567733546, 1, Altec, 3046, 1523794, 1)
INSERT INTO interacts VALUES(456567733546, 1, LemonNation, 2045, 1525031, 1)
INSERT INTO interacts VALUES(456567733546, 1, Moon, 1027, 1530673, 1)
INSERT INTO interacts VALUES(456567733546, 1, LemonNation, 1029, 1531969, 1)
INSERT INTO interacts VALUES(456567733546, 1, LemonNation, 2043, 1532809, 1)
INSERT INTO interacts VALUES(456567733546, 1, Balls, 3143, 1534500, 1)
INSERT INTO interacts VALUES(456567733546, 1, Balls, 1031, 1535716, 1)
INSERT INTO interacts VALUES(456567733546, 1, LemonNation, 2043, 1535781, 1)
INSERT INTO interacts VALUES(456567733546, 1, Altec, 1055, 1535907, 0)
INSERT INTO interacts VALUES(456567733546, 1, Hai, 3135, 1535945, 1)
INSERT INTO interacts VALUES(456567733546, 1, Hai, 2043, 1536358, 1)
INSERT INTO interacts VALUES(456567733546, 1, Altec, 1033, 1541161, 1)
INSERT INTO interacts VALUES(456567733546, 1, Contractz, 3143, 1564613, 1)
INSERT INTO interacts VALUES(456567733546, 1, Contractz, 2043, 1565485, 1)
INSERT INTO interacts VALUES(456567733546, 1, Piglet, 1038, 1569598, 1)
INSERT INTO interacts VALUES(456567733546, 1, Piglet, 1036, 1571728, 0)
INSERT INTO interacts VALUES(456567733546, 1, Piglet, 1037, 1572886, 1)
INSERT INTO interacts VALUES(456567733546, 1, Solo, 1026, 1573053, 1)
INSERT INTO interacts VALUES(456567733546, 1, Stunt, 3097, 1573832, 1)
INSERT INTO interacts VALUES(456567733546, 1, Goldenglue, 1026, 1578154, 1)
INSERT INTO interacts VALUES(456567733546, 1, Goldenglue, 1052, 1578447, 1)
INSERT INTO interacts VALUES(456567733546, 1, Moon, 3024, 1633581, 1)
INSERT INTO interacts VALUES(456567733546, 1, Solo, 1052, 1717370, 1)
INSERT INTO interacts VALUES(456567733546, 1, Contractz, 1029, 1721104, 1)
INSERT INTO interacts VALUES(456567733546, 1, Contractz, 2031, 1722220, 0)
INSERT INTO interacts VALUES(456567733546, 1, Contractz, 1028, 1722650, 1)
INSERT INTO interacts VALUES(456567733546, 1, LemonNation, 3082, 1731352, 1)
INSERT INTO interacts VALUES(456567733546, 1, LemonNation, 2043, 1732734, 1)
INSERT INTO interacts VALUES(456567733546, 1, Stunt, 1028, 1734617, 1)
INSERT INTO interacts VALUES(456567733546, 1, Altec, 3033, 1735341, 1)
INSERT INTO interacts VALUES(456567733546, 1, Hai, 1058, 1736877, 1)
INSERT INTO interacts VALUES(456567733546, 1, Stunt, 1028, 1739736, 1)
INSERT INTO interacts VALUES(456567733546, 1, Piglet, 3031, 1764286, 1)
INSERT INTO interacts VALUES(456567733546, 1, Piglet, 2043, 1765134, 1)
INSERT INTO interacts VALUES(456567733546, 1, Moon, 2032, 1777632, 0)
INSERT INTO interacts VALUES(456567733546, 1, Moon, 3110, 1779094, 1)
INSERT INTO interacts VALUES(456567733546, 1, Moon, 2043, 1779487, 1)
INSERT INTO interacts VALUES(456567733546, 1, Goldenglue, 1054, 1786909, 0)
INSERT INTO interacts VALUES(456567733546, 1, Goldenglue, 3135, 1787966, 1)
INSERT INTO interacts VALUES(456567733546, 1, Goldenglue, 2003, 1789069, 1)
INSERT INTO interacts VALUES(456567733546, 1, Hai, 2139, 1807780, 1)
INSERT INTO matches VALUES(456567733546, 2, 2016-07-20)
INSERT INTO competes VALUES(456567733546, C9C, True)
INSERT INTO competes VALUES(456567733546, TLA, False)
INSERT INTO scores VALUES(C9C, 456567733546, 2, 0, 0, 0, 0, 0, 0)
INSERT INTO scores VALUES(TLA, 456567733546, 2, 3, 11, 1, 1, 3, 1)
INSERT INTO bans VALUES(456567733546, 2, 76, 1)
INSERT INTO bans VALUES(456567733546, 2, 41, 3)
INSERT INTO bans VALUES(456567733546, 2, 421, 5)
INSERT INTO bans VALUES(456567733546, 2, 43, 2)
INSERT INTO bans VALUES(456567733546, 2, 29, 4)
INSERT INTO bans VALUES(456567733546, 2, 90, 6)
INSERT INTO plays VALUES(456567733546, 2, Balls, 98, Top, 0, 3, 1, 1543, 2, 1, 196, 0, 0, 7764)
INSERT INTO plays VALUES(456567733546, 2, Contractz, 104, Jungle, 1, 4, 0, 11851, 16, 5, 24, 83, 10, 8132)
INSERT INTO plays VALUES(456567733546, 2, Hai, 8, Mid, 0, 3, 1, 9741, 13, 5, 232, 2, 0, 8598)
INSERT INTO plays VALUES(456567733546, 2, Altec, 22, ADC, 0, 3, 1, 10226, 7, 1, 169, 10, 0, 7505)
INSERT INTO plays VALUES(456567733546, 2, LemonNation, 201, Support, 0, 5, 1, 4363, 24, 5, 23, 0, 0, 5093)
INSERT INTO plays VALUES(456567733546, 2, Solo, 150, Top, 3, 0, 10, 14200, 14, 2, 179, 2, 6, 10831)
INSERT INTO plays VALUES(456567733546, 2, Moon, 120, Jungle, 5, 0, 10, 8005, 17, 8, 20, 68, 20, 10903)
INSERT INTO plays VALUES(456567733546, 2, Goldenglue, 69, Mid, 3, 1, 9, 14021, 11, 7, 209, 6, 6, 11417)
INSERT INTO plays VALUES(456567733546, 2, Piglet, 15, ADC, 7, 0, 11, 24868, 14, 0, 244, 9, 3, 14172)
INSERT INTO plays VALUES(456567733546, 2, Stunt, 16, Support, 0, 0, 17, 2902, 25, 7, 9, 0, 0, 8229)
INSERT INTO interacts VALUES(456567733546, 2, Goldenglue, 1056, 1753, 1)
INSERT INTO interacts VALUES(456567733546, 2, LemonNation, 3340, 1786, 1)
INSERT INTO interacts VALUES(456567733546, 2, Piglet, 1055, 1946, 1)
INSERT INTO interacts VALUES(456567733546, 2, Goldenglue, 2010, 1979, 1)
INSERT INTO interacts VALUES(456567733546, 2, Moon, 1039, 1979, 1)
INSERT INTO interacts VALUES(456567733546, 2, Goldenglue, 2010, 1979, 1)
INSERT INTO interacts VALUES(456567733546, 2, Piglet, 2010, 1979, 1)
INSERT INTO interacts VALUES(456567733546, 2, Contractz, 3340, 2863, 1)
INSERT INTO interacts VALUES(456567733546, 2, Goldenglue, 3340, 2863, 1)
INSERT INTO interacts VALUES(456567733546, 2, Solo, 1055, 3146, 1)
INSERT INTO interacts VALUES(456567733546, 2, Stunt, 3301, 3179, 1)
INSERT INTO interacts VALUES(456567733546, 2, Balls, 1054, 3307, 1)
INSERT INTO interacts VALUES(456567733546, 2, Solo, 2003, 3340, 1)
INSERT INTO interacts VALUES(456567733546, 2, Hai, 3340, 3385, 1)
INSERT INTO interacts VALUES(456567733546, 2, Contractz, 1041, 3504, 1)
INSERT INTO interacts VALUES(456567733546, 2, Solo, 3340, 3504, 1)
INSERT INTO interacts VALUES(456567733546, 2, Balls, 2003, 3569, 1)
INSERT INTO interacts VALUES(456567733546, 2, LemonNation, 3302, 3666, 1)
INSERT INTO interacts VALUES(456567733546, 2, Piglet, 3340, 3666, 1)
INSERT INTO interacts VALUES(456567733546, 2, Hai, 1054, 3699, 1)
INSERT INTO interacts VALUES(456567733546, 2, Stunt, 2010, 3765, 1)
INSERT INTO interacts VALUES(456567733546, 2, Altec, 3340, 3861, 1)
INSERT INTO interacts VALUES(456567733546, 2, Balls, 3340, 3861, 1)
INSERT INTO interacts VALUES(456567733546, 2, Stunt, 2010, 3902, 1)
INSERT INTO interacts VALUES(456567733546, 2, Hai, 2003, 3960, 1)
INSERT INTO interacts VALUES(456567733546, 2, LemonNation, 2010, 4026, 1)
INSERT INTO interacts VALUES(456567733546, 2, Stunt, 2010, 4026, 1)
INSERT INTO interacts VALUES(456567733546, 2, LemonNation, 2010, 4187, 1)
INSERT INTO interacts VALUES(456567733546, 2, Altec, 1055, 4187, 1)
INSERT INTO interacts VALUES(456567733546, 2, LemonNation, 2010, 4317, 1)
INSERT INTO interacts VALUES(456567733546, 2, Altec, 2010, 4452, 1)
INSERT INTO interacts VALUES(456567733546, 2, Stunt, 3340, 4546, 1)
INSERT INTO interacts VALUES(456567733546, 2, Moon, 2031, 4546, 1)
INSERT INTO interacts VALUES(456567733546, 2, Moon, 3340, 4869, 1)
INSERT INTO interacts VALUES(456567733546, 2, Contractz, 2031, 6240, 1)
INSERT INTO interacts VALUES(456567733546, 2, Contractz, 1036, 239423, 1)
INSERT INTO interacts VALUES(456567733546, 2, Contractz, 1036, 239585, 1)
INSERT INTO interacts VALUES(456567733546, 2, Contractz, 2043, 240343, 1)
INSERT INTO interacts VALUES(456567733546, 2, Moon, 3047, 306730, 1)
INSERT INTO interacts VALUES(456567733546, 2, Hai, 3145, 312603, 1)
INSERT INTO interacts VALUES(456567733546, 2, Goldenglue, 3070, 332109, 1)
INSERT INTO interacts VALUES(456567733546, 2, Goldenglue, 1052, 334720, 1)
INSERT INTO interacts VALUES(456567733546, 2, Goldenglue, 2043, 336440, 1)
INSERT INTO interacts VALUES(456567733546, 2, Hai, 1001, 365496, 1)
INSERT INTO interacts VALUES(456567733546, 2, Hai, 2003, 367649, 1)
INSERT INTO interacts VALUES(456567733546, 2, Contractz, 3711, 378204, 1)
INSERT INTO interacts VALUES(456567733546, 2, Balls, 3751, 418099, 1)
INSERT INTO interacts VALUES(456567733546, 2, Balls, 1029, 419014, 1)
INSERT INTO interacts VALUES(456567733546, 2, Solo, 3044, 419240, 1)
INSERT INTO interacts VALUES(456567733546, 2, Solo, 1001, 419565, 1)
INSERT INTO interacts VALUES(456567733546, 2, Balls, 2003, 420021, 1)
INSERT INTO interacts VALUES(456567733546, 2, Balls, 2003, 420214, 1)
INSERT INTO interacts VALUES(456567733546, 2, Solo, 2003, 421464, 1)
INSERT INTO interacts VALUES(456567733546, 2, Solo, 2043, 421730, 1)
INSERT INTO interacts VALUES(456567733546, 2, Solo, 2003, 422003, 1)
INSERT INTO interacts VALUES(456567733546, 2, Moon, 2032, 451983, 1)
INSERT INTO interacts VALUES(456567733546, 2, Moon, 1028, 452862, 1)
INSERT INTO interacts VALUES(456567733546, 2, Moon, 2043, 453381, 1)
INSERT INTO interacts VALUES(456567733546, 2, Moon, 3341, 455275, 1)
INSERT INTO interacts VALUES(456567733546, 2, Contractz, 1408, 561480, 1)
INSERT INTO interacts VALUES(456567733546, 2, Contractz, 3341, 562911, 1)
INSERT INTO interacts VALUES(456567733546, 2, Altec, 1038, 564939, 1)
INSERT INTO interacts VALUES(456567733546, 2, Altec, 3006, 565542, 1)
INSERT INTO interacts VALUES(456567733546, 2, Altec, 2010, 567129, 1)
INSERT INTO interacts VALUES(456567733546, 2, Altec, 2010, 567278, 1)
INSERT INTO interacts VALUES(456567733546, 2, Piglet, 1038, 587196, 1)
INSERT INTO interacts VALUES(456567733546, 2, Piglet, 3133, 588052, 1)
INSERT INTO interacts VALUES(456567733546, 2, Piglet, 2043, 589568, 1)
INSERT INTO interacts VALUES(456567733546, 2, Piglet, 2010, 589700, 1)
INSERT INTO interacts VALUES(456567733546, 2, Piglet, 2010, 589829, 1)
INSERT INTO interacts VALUES(456567733546, 2, Balls, 3047, 598212, 1)
INSERT INTO interacts VALUES(456567733546, 2, Balls, 2003, 600451, 1)
INSERT INTO interacts VALUES(456567733546, 2, Moon, 3751, 602168, 1)
INSERT INTO interacts VALUES(456567733546, 2, Goldenglue, 3802, 603017, 1)
INSERT INTO interacts VALUES(456567733546, 2, Goldenglue, 3108, 603406, 1)
INSERT INTO interacts VALUES(456567733546, 2, Stunt, 2049, 604318, 1)
INSERT INTO interacts VALUES(456567733546, 2, Goldenglue, 2043, 605223, 1)
INSERT INTO interacts VALUES(456567733546, 2, Stunt, 1001, 605775, 1)
INSERT INTO interacts VALUES(456567733546, 2, LemonNation, 2049, 606587, 1)
INSERT INTO interacts VALUES(456567733546, 2, LemonNation, 3341, 606943, 1)
INSERT INTO interacts VALUES(456567733546, 2, Goldenglue, 2031, 607332, 1)
INSERT INTO interacts VALUES(456567733546, 2, Stunt, 1004, 608012, 1)
INSERT INTO interacts VALUES(456567733546, 2, LemonNation, 1001, 608208, 1)
INSERT INTO interacts VALUES(456567733546, 2, Stunt, 2031, 609826, 1)
INSERT INTO interacts VALUES(456567733546, 2, Stunt, 2043, 610343, 1)
INSERT INTO interacts VALUES(456567733546, 2, LemonNation, 1029, 610390, 1)
INSERT INTO interacts VALUES(456567733546, 2, LemonNation, 2043, 611058, 1)
INSERT INTO interacts VALUES(456567733546, 2, Solo, 3133, 613204, 1)
INSERT INTO interacts VALUES(456567733546, 2, Solo, 2043, 614287, 1)
INSERT INTO interacts VALUES(456567733546, 2, Hai, 3067, 634434, 1)
INSERT INTO interacts VALUES(456567733546, 2, Hai, 2043, 635937, 1)
INSERT INTO interacts VALUES(456567733546, 2, Hai, 2003, 636264, 1)
INSERT INTO interacts VALUES(456567733546, 2, Hai, 2003, 636425, 1)
INSERT INTO interacts VALUES(456567733546, 2, Hai, 2003, 636632, 1)
INSERT INTO interacts VALUES(456567733546, 2, Balls, 1029, 649641, 1)
INSERT INTO interacts VALUES(456567733546, 2, Altec, 1036, 737978, 1)
INSERT INTO interacts VALUES(456567733546, 2, Altec, 1036, 738091, 1)
INSERT INTO interacts VALUES(456567733546, 2, Altec, 2010, 738753, 1)
INSERT INTO interacts VALUES(456567733546, 2, Altec, 2010, 738901, 1)
INSERT INTO interacts VALUES(456567733546, 2, LemonNation, 1028, 756722, 1)
INSERT INTO interacts VALUES(456567733546, 2, Piglet, 3508, 759251, 1)
INSERT INTO interacts VALUES(456567733546, 2, Piglet, 2043, 759817, 1)
INSERT INTO interacts VALUES(456567733546, 2, Stunt, 3158, 760355, 1)
INSERT INTO interacts VALUES(456567733546, 2, Stunt, 3341, 760858, 1)
INSERT INTO interacts VALUES(456567733546, 2, Goldenglue, 3165, 797220, 1)
INSERT INTO interacts VALUES(456567733546, 2, LemonNation, 2043, 803948, 1)
INSERT INTO interacts VALUES(456567733546, 2, Goldenglue, 3363, 808336, 1)
INSERT INTO interacts VALUES(456567733546, 2, Stunt, 3096, 810417, 1)
INSERT INTO interacts VALUES(456567733546, 2, Hai, 3152, 836399, 1)
INSERT INTO interacts VALUES(456567733546, 2, Hai, 3158, 837886, 1)
INSERT INTO interacts VALUES(456567733546, 2, Hai, 2043, 838342, 1)
INSERT INTO interacts VALUES(456567733546, 2, Hai, 3363, 841505, 1)
INSERT INTO interacts VALUES(456567733546, 2, Piglet, 1001, 844740, 1)
INSERT INTO interacts VALUES(456567733546, 2, Piglet, 3363, 845844, 1)
INSERT INTO interacts VALUES(456567733546, 2, Piglet, 2010, 847114, 0)
INSERT INTO interacts VALUES(456567733546, 2, Piglet, 2010, 847245, 0)
INSERT INTO interacts VALUES(456567733546, 2, Piglet, 1051, 849102, 1)
INSERT INTO interacts VALUES(456567733546, 2, Piglet, 1042, 849522, 1)
INSERT INTO interacts VALUES(456567733546, 2, Moon, 1413, 863091, 1)
INSERT INTO interacts VALUES(456567733546, 2, Moon, 1028, 864438, 1)
INSERT INTO interacts VALUES(456567733546, 2, Moon, 3364, 865448, 1)
INSERT INTO interacts VALUES(456567733546, 2, Balls, 1031, 868297, 1)
INSERT INTO interacts VALUES(456567733546, 2, Balls, 1028, 869799, 1)
INSERT INTO interacts VALUES(456567733546, 2, Balls, 2043, 870901, 1)
INSERT INTO interacts VALUES(456567733546, 2, Contractz, 3155, 879308, 1)
INSERT INTO interacts VALUES(456567733546, 2, Contractz, 3006, 882054, 1)
INSERT INTO interacts VALUES(456567733546, 2, Contractz, 1033, 882908, 1)
INSERT INTO interacts VALUES(456567733546, 2, Contractz, 1036, 883264, 1)
INSERT INTO interacts VALUES(456567733546, 2, Contractz, 3364, 883557, 1)
INSERT INTO interacts VALUES(456567733546, 2, Contractz, 2043, 883914, 1)
INSERT INTO interacts VALUES(456567733546, 2, Solo, 3071, 901149, 1)
INSERT INTO interacts VALUES(456567733546, 2, Solo, 3111, 902935, 1)
INSERT INTO interacts VALUES(456567733546, 2, Solo, 1028, 904126, 1)
INSERT INTO interacts VALUES(456567733546, 2, Solo, 1036, 904590, 1)
INSERT INTO interacts VALUES(456567733546, 2, Contractz, 3155, 938745, 1)
INSERT INTO interacts VALUES(456567733546, 2, Hai, 1028, 953876, 1)
INSERT INTO interacts VALUES(456567733546, 2, Altec, 3133, 956211, 1)
INSERT INTO interacts VALUES(456567733546, 2, Hai, 2043, 956439, 1)
INSERT INTO interacts VALUES(456567733546, 2, Altec, 1018, 957507, 1)
INSERT INTO interacts VALUES(456567733546, 2, Hai, 2003, 958228, 1)
INSERT INTO interacts VALUES(456567733546, 2, Altec, 3363, 959010, 1)
INSERT INTO interacts VALUES(456567733546, 2, LemonNation, 3047, 963438, 1)
INSERT INTO interacts VALUES(456567733546, 2, LemonNation, 2043, 964546, 1)
INSERT INTO interacts VALUES(456567733546, 2, Moon, 2049, 974509, 1)
INSERT INTO interacts VALUES(456567733546, 2, Piglet, 3006, 975679, 1)
INSERT INTO interacts VALUES(456567733546, 2, Moon, 1028, 975748, 1)
INSERT INTO interacts VALUES(456567733546, 2, Solo, 2043, 976354, 1)
INSERT INTO interacts VALUES(456567733546, 2, Stunt, 1031, 976871, 1)
INSERT INTO interacts VALUES(456567733546, 2, Piglet, 1042, 977487, 1)
INSERT INTO interacts VALUES(456567733546, 2, Piglet, 1042, 977585, 1)
INSERT INTO interacts VALUES(456567733546, 2, Moon, 2043, 979411, 1)
INSERT INTO interacts VALUES(456567733546, 2, Goldenglue, 1058, 981040, 1)
INSERT INTO interacts VALUES(456567733546, 2, Goldenglue, 1028, 981981, 1)
INSERT INTO interacts VALUES(456567733546, 2, Contractz, 1042, 1043478, 1)
INSERT INTO interacts VALUES(456567733546, 2, Balls, 3068, 1045814, 1)
INSERT INTO interacts VALUES(456567733546, 2, Hai, 1011, 1050432, 1)
INSERT INTO interacts VALUES(456567733546, 2, Stunt, 2053, 1056278, 1)
INSERT INTO interacts VALUES(456567733546, 2, Altec, 3508, 1058225, 1)
INSERT INTO interacts VALUES(456567733546, 2, Stunt, 3364, 1059655, 1)
INSERT INTO interacts VALUES(456567733546, 2, Piglet, 3094, 1075488, 1)
INSERT INTO interacts VALUES(456567733546, 2, Piglet, 1036, 1076832, 1)
INSERT INTO interacts VALUES(456567733546, 2, Piglet, 2043, 1077448, 1)
INSERT INTO interacts VALUES(456567733546, 2, Solo, 3052, 1083722, 1)
INSERT INTO interacts VALUES(456567733546, 2, Solo, 1028, 1084793, 1)
INSERT INTO interacts VALUES(456567733546, 2, Moon, 3044, 1085054, 1)
INSERT INTO interacts VALUES(456567733546, 2, Solo, 1029, 1087070, 1)
INSERT INTO interacts VALUES(456567733546, 2, Stunt, 3069, 1087779, 1)
INSERT INTO interacts VALUES(456567733546, 2, Balls, 3211, 1171468, 1)
INSERT INTO interacts VALUES(456567733546, 2, Goldenglue, 3116, 1179072, 1)
INSERT INTO interacts VALUES(456567733546, 2, LemonNation, 2045, 1184231, 1)
INSERT INTO interacts VALUES(456567733546, 2, LemonNation, 2043, 1185303, 1)
INSERT INTO interacts VALUES(456567733546, 2, LemonNation, 2010, 1186340, 1)
INSERT INTO interacts VALUES(456567733546, 2, Stunt, 1028, 1188130, 1)
INSERT INTO interacts VALUES(456567733546, 2, Altec, 1042, 1260894, 1)
INSERT INTO interacts VALUES(456567733546, 2, Altec, 1042, 1261028, 1)
INSERT INTO interacts VALUES(456567733546, 2, Moon, 3057, 1281323, 1)
INSERT INTO interacts VALUES(456567733546, 2, Stunt, 1033, 1285289, 1)
INSERT INTO interacts VALUES(456567733546, 2, Piglet, 3123, 1286695, 1)
INSERT INTO interacts VALUES(456567733546, 2, Stunt, 2031, 1287217, 0)
INSERT INTO interacts VALUES(456567733546, 2, Stunt, 2043, 1287816, 1)
INSERT INTO interacts VALUES(456567733546, 2, Piglet, 1038, 1287855, 1)
INSERT INTO interacts VALUES(456567733546, 2, Contractz, 3086, 1289573, 1)
INSERT INTO interacts VALUES(456567733546, 2, Contractz, 2043, 1289963, 1)
INSERT INTO interacts VALUES(456567733546, 2, Hai, 1058, 1298540, 1)
INSERT INTO interacts VALUES(456567733546, 2, Hai, 2043, 1300035, 1)
INSERT INTO interacts VALUES(456567733546, 2, LemonNation, 1028, 1301400, 1)
INSERT INTO interacts VALUES(456567733546, 2, Altec, 1043, 1365535, 1)
INSERT INTO interacts VALUES(456567733546, 2, LemonNation, 2010, 1368054, 0)
INSERT INTO interacts VALUES(456567733546, 2, LemonNation, 1033, 1371432, 1)
INSERT INTO interacts VALUES(456567733546, 2, Stunt, 3105, 1384453, 1)
INSERT INTO interacts VALUES(456567733546, 2, Solo, 3022, 1385393, 1)
INSERT INTO interacts VALUES(456567733546, 2, Moon, 3078, 1386110, 1)
INSERT INTO interacts VALUES(456567733546, 2, Goldenglue, 1058, 1386208, 1)
INSERT INTO interacts VALUES(456567733546, 2, Solo, 1033, 1386847, 1)
INSERT INTO interacts VALUES(456567733546, 2, Piglet, 1055, 1387023, 0)
INSERT INTO interacts VALUES(456567733546, 2, Piglet, 1037, 1388580, 1)
INSERT INTO interacts VALUES(456567733546, 2, Piglet, 2140, 1389655, 1)
INSERT INTO interacts VALUES(456567733546, 2, Altec, 1042, 1397027, 1)
INSERT INTO interacts VALUES(456567733546, 2, Balls, 1011, 1402827, 1)
INSERT INTO interacts VALUES(456567733546, 2, Hai, 3116, 1433076, 1)
INSERT INTO interacts VALUES(456567733546, 2, Hai, 2043, 1433827, 1)
INSERT INTO interacts VALUES(456567733546, 2, Hai, 2003, 1434023, 1)
INSERT INTO interacts VALUES(456567733546, 2, Hai, 2003, 1435590, 1)
INSERT INTO interacts VALUES(456567733546, 2, LemonNation, 3801, 1455471, 1)
INSERT INTO interacts VALUES(456567733546, 2, LemonNation, 3364, 1456756, 1)
INSERT INTO interacts VALUES(456567733546, 2, Stunt, 3190, 1503417, 1)
INSERT INTO interacts VALUES(456567733546, 2, Goldenglue, 3003, 1504753, 1)
INSERT INTO interacts VALUES(456567733546, 2, Stunt, 2043, 1505160, 1)
INSERT INTO interacts VALUES(456567733546, 2, Goldenglue, 2139, 1505727, 1)
INSERT INTO interacts VALUES(456567733546, 2, Moon, 2045, 1506249, 1)
INSERT INTO interacts VALUES(456567733546, 2, Moon, 2043, 1506983, 1)
INSERT INTO interacts VALUES(456567733546, 2, Piglet, 3031, 1508800, 1)
INSERT INTO interacts VALUES(456567733546, 2, Piglet, 2043, 1510992, 1)
INSERT INTO interacts VALUES(456567733546, 2, Altec, 1051, 1511289, 1)
INSERT INTO interacts VALUES(456567733546, 2, Solo, 1057, 1518071, 1)
INSERT INTO interacts VALUES(456567733546, 2, Solo, 1031, 1518624, 1)
INSERT INTO interacts VALUES(456567733546, 2, Hai, 2139, 1541817, 1)
INSERT INTO interacts VALUES(456567733546, 2, Contractz, 3046, 1541881, 1)
INSERT INTO matches VALUES(456567733546, 3, 2016-07-20)
INSERT INTO competes VALUES(456567733546, C9C, True)
INSERT INTO competes VALUES(456567733546, TLA, False)
INSERT INTO scores VALUES(C9C, 456567733546, 3, 6, 11, 1, 2, 3, 1)
INSERT INTO scores VALUES(TLA, 456567733546, 3, 0, 1, 0, 0, 0, 0)
INSERT INTO bans VALUES(456567733546, 3, 8, 1)
INSERT INTO bans VALUES(456567733546, 3, 69, 3)
INSERT INTO bans VALUES(456567733546, 3, 15, 5)
INSERT INTO bans VALUES(456567733546, 3, 43, 2)
INSERT INTO bans VALUES(456567733546, 3, 29, 4)
INSERT INTO bans VALUES(456567733546, 3, 90, 6)
INSERT INTO plays VALUES(456567733546, 3, Balls, 98, NONE, 4, 2, 14, 7528, 10, 3, 239, 0, 6, 14005)
INSERT INTO plays VALUES(456567733546, 3, Contractz, 421, Jungle, 3, 2, 17, 12547, 35, 16, 51, 53, 34, 13982)
INSERT INTO plays VALUES(456567733546, 3, Hai, 7, Mid, 7, 3, 9, 37179, 14, 6, 240, 12, 3, 15395)
INSERT INTO plays VALUES(456567733546, 3, Altec, 236, Top, 13, 0, 7, 33488, 17, 14, 312, 27, 10, 18867)
INSERT INTO plays VALUES(456567733546, 3, LemonNation, 267, Top, 1, 3, 21, 6979, 42, 14, 17, 0, 0, 10628)
INSERT INTO plays VALUES(456567733546, 3, Solo, 41, NONE, 4, 3, 5, 33737, 21, 4, 372, 11, 0, 17239)
INSERT INTO plays VALUES(456567733546, 3, Moon, 76, Jungle, 2, 2, 4, 13883, 30, 15, 59, 93, 10, 11480)
INSERT INTO plays VALUES(456567733546, 3, Goldenglue, 268, Mid, 3, 5, 3, 24771, 17, 6, 273, 16, 3, 12772)
INSERT INTO plays VALUES(456567733546, 3, Piglet, 22, Top, 1, 9, 7, 15233, 15, 2, 236, 8, 0, 11847)
INSERT INTO plays VALUES(456567733546, 3, Stunt, 201, Top, 0, 9, 8, 5717, 41, 4, 45, 1, 0, 8294)
INSERT INTO interacts VALUES(456567733546, 3, Contractz, 3340, 1717, 1)
INSERT INTO interacts VALUES(456567733546, 3, Moon, 1039, 1782, 1)
INSERT INTO interacts VALUES(456567733546, 3, Goldenglue, 1056, 1782, 1)
INSERT INTO interacts VALUES(456567733546, 3, Piglet, 1055, 1879, 1)
INSERT INTO interacts VALUES(456567733546, 3, Goldenglue, 2010, 2040, 1)
INSERT INTO interacts VALUES(456567733546, 3, Contractz, 1041, 2040, 1)
INSERT INTO interacts VALUES(456567733546, 3, Piglet, 2010, 2106, 1)
INSERT INTO interacts VALUES(456567733546, 3, Goldenglue, 2010, 2138, 1)
INSERT INTO interacts VALUES(456567733546, 3, Balls, 3340, 2170, 1)
INSERT INTO interacts VALUES(456567733546, 3, Altec, 3340, 2203, 1)
INSERT INTO interacts VALUES(456567733546, 3, Piglet, 3340, 2341, 1)
INSERT INTO interacts VALUES(456567733546, 3, Goldenglue, 3340, 2428, 1)
INSERT INTO interacts VALUES(456567733546, 3, LemonNation, 3340, 2493, 1)
INSERT INTO interacts VALUES(456567733546, 3, Altec, 1055, 2493, 1)
INSERT INTO interacts VALUES(456567733546, 3, Balls, 1054, 2527, 1)
INSERT INTO interacts VALUES(456567733546, 3, Altec, 2010, 2721, 1)
INSERT INTO interacts VALUES(456567733546, 3, Balls, 2003, 2753, 1)
INSERT INTO interacts VALUES(456567733546, 3, Contractz, 2031, 2753, 1)
INSERT INTO interacts VALUES(456567733546, 3, Moon, 3340, 2859, 1)
INSERT INTO interacts VALUES(456567733546, 3, Hai, 3340, 3076, 1)
INSERT INTO interacts VALUES(456567733546, 3, LemonNation, 3303, 3076, 1)
INSERT INTO interacts VALUES(456567733546, 3, LemonNation, 2010, 3404, 1)
INSERT INTO interacts VALUES(456567733546, 3, Hai, 1056, 3404, 1)
INSERT INTO interacts VALUES(456567733546, 3, Moon, 2031, 3471, 1)
INSERT INTO interacts VALUES(456567733546, 3, LemonNation, 2010, 3534, 1)
INSERT INTO interacts VALUES(456567733546, 3, Hai, 2003, 3643, 1)
INSERT INTO interacts VALUES(456567733546, 3, LemonNation, 2010, 3643, 1)
INSERT INTO interacts VALUES(456567733546, 3, Hai, 2003, 3764, 1)
INSERT INTO interacts VALUES(456567733546, 3, Stunt, 3302, 5059, 1)
INSERT INTO interacts VALUES(456567733546, 3, Stunt, 2010, 5351, 1)
INSERT INTO interacts VALUES(456567733546, 3, Solo, 1027, 5481, 1)
INSERT INTO interacts VALUES(456567733546, 3, Stunt, 2010, 5513, 1)
INSERT INTO interacts VALUES(456567733546, 3, Stunt, 2010, 5674, 1)
INSERT INTO interacts VALUES(456567733546, 3, Solo, 2031, 5720, 1)
INSERT INTO interacts VALUES(456567733546, 3, Solo, 3340, 6194, 1)
INSERT INTO interacts VALUES(456567733546, 3, Stunt, 3340, 6877, 1)
INSERT INTO interacts VALUES(456567733546, 3, Goldenglue, 2031, 185286, 1)
INSERT INTO interacts VALUES(456567733546, 3, Hai, 3108, 217152, 1)
INSERT INTO interacts VALUES(456567733546, 3, Hai, 2003, 218051, 1)
INSERT INTO interacts VALUES(456567733546, 3, Solo, 3057, 258025, 1)
INSERT INTO interacts VALUES(456567733546, 3, Solo, 2043, 264214, 1)
INSERT INTO interacts VALUES(456567733546, 3, Goldenglue, 1056, 283368, 1)
INSERT INTO interacts VALUES(456567733546, 3, Goldenglue, 2043, 284859, 1)
INSERT INTO interacts VALUES(456567733546, 3, Altec, 3134, 341451, 1)
INSERT INTO interacts VALUES(456567733546, 3, Altec, 1001, 342102, 1)
INSERT INTO interacts VALUES(456567733546, 3, Stunt, 3097, 342424, 1)
INSERT INTO interacts VALUES(456567733546, 3, Stunt, 2010, 343947, 1)
INSERT INTO interacts VALUES(456567733546, 3, Stunt, 2043, 344213, 1)
INSERT INTO interacts VALUES(456567733546, 3, Altec, 2010, 345332, 1)
INSERT INTO interacts VALUES(456567733546, 3, Balls, 3751, 348337, 1)
INSERT INTO interacts VALUES(456567733546, 3, LemonNation, 3341, 349636, 1)
INSERT INTO interacts VALUES(456567733546, 3, Balls, 2003, 349749, 1)
INSERT INTO interacts VALUES(456567733546, 3, Balls, 2003, 349898, 1)
INSERT INTO interacts VALUES(456567733546, 3, LemonNation, 2049, 354422, 1)
INSERT INTO interacts VALUES(456567733546, 3, Moon, 3111, 356762, 1)
INSERT INTO interacts VALUES(456567733546, 3, Moon, 2043, 357957, 1)
INSERT INTO interacts VALUES(456567733546, 3, Piglet, 1038, 358410, 1)
INSERT INTO interacts VALUES(456567733546, 3, Piglet, 2010, 363703, 1)
INSERT INTO interacts VALUES(456567733546, 3, Stunt, 2043, 409044, 1)
INSERT INTO interacts VALUES(456567733546, 3, Contractz, 3111, 422982, 1)
INSERT INTO interacts VALUES(456567733546, 3, Contractz, 1028, 423682, 1)
INSERT INTO interacts VALUES(456567733546, 3, Contractz, 2043, 424086, 1)
INSERT INTO interacts VALUES(456567733546, 3, Piglet, 1001, 455464, 1)
INSERT INTO interacts VALUES(456567733546, 3, Solo, 3044, 474497, 1)
INSERT INTO interacts VALUES(456567733546, 3, LemonNation, 1001, 483095, 1)
INSERT INTO interacts VALUES(456567733546, 3, Altec, 3006, 484949, 1)
INSERT INTO interacts VALUES(456567733546, 3, Altec, 2043, 486089, 1)
INSERT INTO interacts VALUES(456567733546, 3, LemonNation, 1082, 486158, 1)
INSERT INTO interacts VALUES(456567733546, 3, Altec, 2010, 486286, 1)
INSERT INTO interacts VALUES(456567733546, 3, Altec, 2010, 486416, 1)
INSERT INTO interacts VALUES(456567733546, 3, LemonNation, 2010, 487096, 1)
INSERT INTO interacts VALUES(456567733546, 3, Goldenglue, 1042, 491712, 1)
INSERT INTO interacts VALUES(456567733546, 3, Goldenglue, 1042, 491941, 1)
INSERT INTO interacts VALUES(456567733546, 3, Goldenglue, 1001, 493676, 1)
INSERT INTO interacts VALUES(456567733546, 3, Balls, 1031, 505460, 1)
INSERT INTO interacts VALUES(456567733546, 3, Balls, 2043, 506891, 1)
INSERT INTO interacts VALUES(456567733546, 3, Balls, 2003, 507151, 1)
INSERT INTO interacts VALUES(456567733546, 3, Goldenglue, 1057, 507673, 1)
INSERT INTO interacts VALUES(456567733546, 3, Hai, 3001, 507898, 1)
INSERT INTO interacts VALUES(456567733546, 3, Moon, 3113, 555722, 1)
INSERT INTO interacts VALUES(456567733546, 3, Contractz, 3751, 557021, 1)
INSERT INTO interacts VALUES(456567733546, 3, Moon, 1052, 557087, 1)
INSERT INTO interacts VALUES(456567733546, 3, Contractz, 2049, 558362, 1)
INSERT INTO interacts VALUES(456567733546, 3, Piglet, 1042, 623149, 1)
INSERT INTO interacts VALUES(456567733546, 3, Stunt, 2049, 623211, 1)
INSERT INTO interacts VALUES(456567733546, 3, Piglet, 1042, 623277, 1)
INSERT INTO interacts VALUES(456567733546, 3, Piglet, 2010, 623800, 1)
INSERT INTO interacts VALUES(456567733546, 3, Balls, 1001, 624120, 1)
INSERT INTO interacts VALUES(456567733546, 3, Stunt, 3341, 624313, 1)
INSERT INTO interacts VALUES(456567733546, 3, LemonNation, 1028, 631010, 1)
INSERT INTO interacts VALUES(456567733546, 3, LemonNation, 2043, 631844, 1)
INSERT INTO interacts VALUES(456567733546, 3, Hai, 1001, 634262, 1)
INSERT INTO interacts VALUES(456567733546, 3, Hai, 1052, 635559, 1)
INSERT INTO interacts VALUES(456567733546, 3, Altec, 1036, 635916, 1)
INSERT INTO interacts VALUES(456567733546, 3, Altec, 1036, 636047, 1)
INSERT INTO interacts VALUES(456567733546, 3, Altec, 2043, 636989, 1)
INSERT INTO interacts VALUES(456567733546, 3, Hai, 2003, 637183, 1)
INSERT INTO interacts VALUES(456567733546, 3, Goldenglue, 3006, 664223, 1)
INSERT INTO interacts VALUES(456567733546, 3, Moon, 2032, 665201, 1)
INSERT INTO interacts VALUES(456567733546, 3, Moon, 2043, 665529, 1)
INSERT INTO interacts VALUES(456567733546, 3, Contractz, 3706, 677498, 1)
INSERT INTO interacts VALUES(456567733546, 3, Piglet, 2010, 697320, 1)
INSERT INTO interacts VALUES(456567733546, 3, Stunt, 2031, 699766, 1)
INSERT INTO interacts VALUES(456567733546, 3, Stunt, 2043, 712650, 1)
INSERT INTO interacts VALUES(456567733546, 3, Solo, 3078, 727597, 1)
INSERT INTO interacts VALUES(456567733546, 3, Solo, 1001, 729428, 1)
INSERT INTO interacts VALUES(456567733546, 3, Solo, 1036, 731830, 1)
INSERT INTO interacts VALUES(456567733546, 3, Solo, 2043, 732707, 1)
INSERT INTO interacts VALUES(456567733546, 3, Balls, 3068, 737294, 1)
INSERT INTO interacts VALUES(456567733546, 3, Altec, 3142, 755696, 1)
INSERT INTO interacts VALUES(456567733546, 3, LemonNation, 3117, 755956, 1)
INSERT INTO interacts VALUES(456567733546, 3, Hai, 3158, 819768, 1)
INSERT INTO interacts VALUES(456567733546, 3, Contractz, 1401, 822277, 1)
INSERT INTO interacts VALUES(456567733546, 3, Contractz, 1029, 823050, 1)
INSERT INTO interacts VALUES(456567733546, 3, Contractz, 3364, 823370, 1)
INSERT INTO interacts VALUES(456567733546, 3, Hai, 2043, 823890, 1)
INSERT INTO interacts VALUES(456567733546, 3, Hai, 2003, 824217, 1)
INSERT INTO interacts VALUES(456567733546, 3, Hai, 2003, 824314, 1)
INSERT INTO interacts VALUES(456567733546, 3, Contractz, 2043, 824769, 1)
INSERT INTO interacts VALUES(456567733546, 3, Balls, 3047, 834330, 1)
INSERT INTO interacts VALUES(456567733546, 3, Goldenglue, 3101, 841378, 1)
INSERT INTO interacts VALUES(456567733546, 3, Goldenglue, 3363, 844756, 1)
INSERT INTO interacts VALUES(456567733546, 3, Solo, 3158, 854276, 1)
INSERT INTO interacts VALUES(456567733546, 3, Solo, 3902, 857515, 1)
INSERT INTO interacts VALUES(456567733546, 3, Solo, 2043, 859990, 1)
INSERT INTO interacts VALUES(456567733546, 3, Stunt, 1001, 873196, 1)
INSERT INTO interacts VALUES(456567733546, 3, Piglet, 2010, 873536, 0)
INSERT INTO interacts VALUES(456567733546, 3, Moon, 1410, 873991, 1)
INSERT INTO interacts VALUES(456567733546, 3, Stunt, 2043, 875716, 1)
INSERT INTO interacts VALUES(456567733546, 3, Piglet, 3133, 877358, 1)
INSERT INTO interacts VALUES(456567733546, 3, Moon, 1027, 879878, 1)
INSERT INTO interacts VALUES(456567733546, 3, LemonNation, 2045, 885686, 1)
INSERT INTO interacts VALUES(456567733546, 3, LemonNation, 2010, 886827, 1)
INSERT INTO interacts VALUES(456567733546, 3, Stunt, 3158, 973067, 1)
INSERT INTO interacts VALUES(456567733546, 3, Balls, 1028, 987492, 1)
INSERT INTO interacts VALUES(456567733546, 3, Balls, 1033, 987813, 1)
INSERT INTO interacts VALUES(456567733546, 3, Altec, 3133, 989946, 1)
INSERT INTO interacts VALUES(456567733546, 3, Contractz, 1011, 991270, 1)
INSERT INTO interacts VALUES(456567733546, 3, Altec, 1036, 991594, 1)
INSERT INTO interacts VALUES(456567733546, 3, Balls, 2031, 991821, 1)
INSERT INTO interacts VALUES(456567733546, 3, Altec, 2043, 993091, 1)
INSERT INTO interacts VALUES(456567733546, 3, Altec, 3363, 993473, 1)
INSERT INTO interacts VALUES(456567733546, 3, Solo, 3133, 1013543, 1)
INSERT INTO interacts VALUES(456567733546, 3, Solo, 1036, 1014623, 1)
INSERT INTO interacts VALUES(456567733546, 3, Solo, 2031, 1015957, 0)
INSERT INTO interacts VALUES(456567733546, 3, LemonNation, 1033, 1016672, 1)
INSERT INTO interacts VALUES(456567733546, 3, Solo, 1036, 1017029, 1)
INSERT INTO interacts VALUES(456567733546, 3, LemonNation, 2010, 1019275, 0)
INSERT INTO interacts VALUES(456567733546, 3, Goldenglue, 1056, 1019536, 0)
INSERT INTO interacts VALUES(456567733546, 3, LemonNation, 2043, 1020435, 1)
INSERT INTO interacts VALUES(456567733546, 3, LemonNation, 2043, 1020691, 1)
INSERT INTO interacts VALUES(456567733546, 3, Goldenglue, 3108, 1020953, 1)
INSERT INTO interacts VALUES(456567733546, 3, Hai, 1058, 1025695, 1)
INSERT INTO interacts VALUES(456567733546, 3, Hai, 3363, 1027260, 1)
INSERT INTO interacts VALUES(456567733546, 3, Hai, 2003, 1027942, 1)
INSERT INTO interacts VALUES(456567733546, 3, Hai, 2003, 1028074, 1)
INSERT INTO interacts VALUES(456567733546, 3, Moon, 3010, 1059317, 1)
INSERT INTO interacts VALUES(456567733546, 3, Moon, 2043, 1060361, 1)
INSERT INTO interacts VALUES(456567733546, 3, Moon, 3364, 1060707, 1)
INSERT INTO interacts VALUES(456567733546, 3, Stunt, 1028, 1145093, 1)
INSERT INTO interacts VALUES(456567733546, 3, LemonNation, 3028, 1150200, 1)
INSERT INTO interacts VALUES(456567733546, 3, Piglet, 3508, 1167189, 1)
INSERT INTO interacts VALUES(456567733546, 3, Balls, 3211, 1167822, 1)
INSERT INTO interacts VALUES(456567733546, 3, Piglet, 3363, 1168283, 1)
INSERT INTO interacts VALUES(456567733546, 3, Piglet, 2043, 1169008, 1)
INSERT INTO interacts VALUES(456567733546, 3, Balls, 1011, 1169268, 1)
INSERT INTO interacts VALUES(456567733546, 3, Contractz, 1031, 1178501, 1)
INSERT INTO interacts VALUES(456567733546, 3, Contractz, 2031, 1179483, 0)
INSERT INTO interacts VALUES(456567733546, 3, Altec, 3071, 1180327, 1)
INSERT INTO interacts VALUES(456567733546, 3, Altec, 2043, 1180883, 1)
INSERT INTO interacts VALUES(456567733546, 3, Contractz, 1057, 1181694, 1)
INSERT INTO interacts VALUES(456567733546, 3, Goldenglue, 3115, 1198755, 1)
INSERT INTO interacts VALUES(456567733546, 3, Goldenglue, 2043, 1199733, 1)
INSERT INTO interacts VALUES(456567733546, 3, Solo, 3142, 1202548, 1)
INSERT INTO interacts VALUES(456567733546, 3, Solo, 2043, 1206141, 1)
INSERT INTO interacts VALUES(456567733546, 3, Hai, 3285, 1206925, 1)
INSERT INTO interacts VALUES(456567733546, 3, Hai, 2043, 1207410, 1)
INSERT INTO interacts VALUES(456567733546, 3, Moon, 1052, 1213665, 1)
INSERT INTO interacts VALUES(456567733546, 3, Stunt, 2045, 1257870, 1)
INSERT INTO interacts VALUES(456567733546, 3, Stunt, 3364, 1258820, 1)
INSERT INTO interacts VALUES(456567733546, 3, Piglet, 1043, 1277944, 1)
INSERT INTO interacts VALUES(456567733546, 3, Piglet, 1042, 1279087, 1)
INSERT INTO interacts VALUES(456567733546, 3, Moon, 1052, 1292502, 1)
INSERT INTO interacts VALUES(456567733546, 3, Solo, 1036, 1301785, 1)
INSERT INTO interacts VALUES(456567733546, 3, Solo, 3901, 1303501, 1)
INSERT INTO interacts VALUES(456567733546, 3, Hai, 1026, 1309793, 1)
INSERT INTO interacts VALUES(456567733546, 3, LemonNation, 2043, 1318415, 1)
INSERT INTO interacts VALUES(456567733546, 3, LemonNation, 2043, 1318596, 1)
INSERT INTO interacts VALUES(456567733546, 3, Contractz, 3742, 1320151, 1)
INSERT INTO interacts VALUES(456567733546, 3, Solo, 1033, 1339242, 1)
INSERT INTO interacts VALUES(456567733546, 3, Balls, 3143, 1353815, 1)
INSERT INTO interacts VALUES(456567733546, 3, Goldenglue, 1058, 1359805, 1)
INSERT INTO interacts VALUES(456567733546, 3, Stunt, 1028, 1390136, 1)
INSERT INTO interacts VALUES(456567733546, 3, Stunt, 2043, 1391272, 1)
INSERT INTO interacts VALUES(456567733546, 3, Solo, 3155, 1461818, 1)
INSERT INTO interacts VALUES(456567733546, 3, Solo, 1036, 1462207, 1)
INSERT INTO interacts VALUES(456567733546, 3, Contractz, 1033, 1463705, 1)
INSERT INTO interacts VALUES(456567733546, 3, LemonNation, 3222, 1466542, 1)
INSERT INTO interacts VALUES(456567733546, 3, Piglet, 1051, 1486979, 1)
INSERT INTO interacts VALUES(456567733546, 3, Stunt, 3067, 1512791, 1)
INSERT INTO interacts VALUES(456567733546, 3, Hai, 1058, 1546875, 1)
INSERT INTO interacts VALUES(456567733546, 3, Altec, 3046, 1548204, 1)
INSERT INTO interacts VALUES(456567733546, 3, LemonNation, 2043, 1548465, 1)
INSERT INTO interacts VALUES(456567733546, 3, Altec, 2043, 1548565, 1)
INSERT INTO interacts VALUES(456567733546, 3, Balls, 2031, 1550341, 0)
INSERT INTO interacts VALUES(456567733546, 3, LemonNation, 3364, 1550744, 1)
INSERT INTO interacts VALUES(456567733546, 3, Balls, 1031, 1551521, 1)
INSERT INTO interacts VALUES(456567733546, 3, Moon, 3030, 1555461, 1)
INSERT INTO interacts VALUES(456567733546, 3, Moon, 2043, 1556732, 1)
INSERT INTO interacts VALUES(456567733546, 3, Goldenglue, 2031, 1557124, 0)
INSERT INTO interacts VALUES(456567733546, 3, Goldenglue, 1011, 1558523, 1)
INSERT INTO interacts VALUES(456567733546, 3, Solo, 3035, 1591977, 1)
INSERT INTO interacts VALUES(456567733546, 3, Piglet, 3085, 1629989, 1)
INSERT INTO interacts VALUES(456567733546, 3, Piglet, 1042, 1631870, 1)
INSERT INTO interacts VALUES(456567733546, 3, Solo, 3134, 1636814, 1)
INSERT INTO interacts VALUES(456567733546, 3, Contractz, 3102, 1638692, 1)
INSERT INTO interacts VALUES(456567733546, 3, Contractz, 2043, 1639504, 1)
INSERT INTO interacts VALUES(456567733546, 3, Stunt, 3401, 1641937, 1)
INSERT INTO interacts VALUES(456567733546, 3, Solo, 3033, 1645184, 1)
INSERT INTO interacts VALUES(456567733546, 3, LemonNation, 3303, 1645744, 0)
INSERT INTO interacts VALUES(456567733546, 3, LemonNation, 3114, 1647142, 1)
INSERT INTO interacts VALUES(456567733546, 3, Piglet, 2043, 1647374, 1)
INSERT INTO interacts VALUES(456567733546, 3, Stunt, 1028, 1650136, 1)
INSERT INTO interacts VALUES(456567733546, 3, LemonNation, 2043, 1650851, 1)
INSERT INTO interacts VALUES(456567733546, 3, Altec, 1038, 1670418, 1)
INSERT INTO interacts VALUES(456567733546, 3, Balls, 3075, 1671718, 1)
INSERT INTO interacts VALUES(456567733546, 3, Altec, 1055, 1673612, 0)
INSERT INTO interacts VALUES(456567733546, 3, Altec, 1053, 1674698, 1)
INSERT INTO interacts VALUES(456567733546, 3, Solo, 2043, 1683245, 1)
INSERT INTO interacts VALUES(456567733546, 3, Goldenglue, 3116, 1689525, 1)
INSERT INTO interacts VALUES(456567733546, 3, Moon, 1026, 1704941, 1)
INSERT INTO interacts VALUES(456567733546, 3, Stunt, 3801, 1706336, 1)
INSERT INTO interacts VALUES(456567733546, 3, Piglet, 3006, 1707848, 1)
INSERT INTO interacts VALUES(456567733546, 3, Piglet, 2043, 1708855, 1)
INSERT INTO interacts VALUES(456567733546, 3, Hai, 3089, 1714646, 1)
INSERT INTO interacts VALUES(456567733546, 3, Hai, 2003, 1715429, 1)
INSERT INTO interacts VALUES(456567733546, 3, Hai, 2003, 1718191, 1)
INSERT INTO interacts VALUES(456567733546, 3, Solo, 3903, 1733435, 1)
INSERT INTO interacts VALUES(456567733546, 3, Solo, 1036, 1735134, 1)
INSERT INTO interacts VALUES(456567733546, 3, Moon, 2032, 1789960, 0)
INSERT INTO interacts VALUES(456567733546, 3, Moon, 2139, 1791342, 1)
INSERT INTO interacts VALUES(456567733546, 3, Goldenglue, 2139, 1793450, 1)
INSERT INTO interacts VALUES(456567733546, 3, Hai, 1026, 1819281, 1)
INSERT INTO interacts VALUES(456567733546, 3, Stunt, 2031, 1819669, 0)
INSERT INTO interacts VALUES(456567733546, 3, Stunt, 1033, 1821040, 1)
INSERT INTO interacts VALUES(456567733546, 3, Altec, 3072, 1824739, 1)
INSERT INTO interacts VALUES(456567733546, 3, Altec, 2140, 1827820, 1)
INSERT INTO interacts VALUES(456567733546, 3, Contractz, 3105, 1830651, 1)
INSERT INTO interacts VALUES(456567733546, 3, LemonNation, 3504, 1833226, 1)
INSERT INTO interacts VALUES(456567733546, 3, Moon, 1052, 1836737, 1)
INSERT INTO interacts VALUES(456567733546, 3, Solo, 3156, 1856507, 1)
INSERT INTO interacts VALUES(456567733546, 3, Solo, 2043, 1858473, 1)
INSERT INTO interacts VALUES(456567733546, 3, Balls, 2138, 1863975, 1)
INSERT INTO interacts VALUES(456567733546, 3, Stunt, 3105, 1882190, 1)
INSERT INTO interacts VALUES(456567733546, 3, Piglet, 2043, 1883001, 0)
INSERT INTO interacts VALUES(456567733546, 3, Goldenglue, 1026, 1883501, 1)
INSERT INTO interacts VALUES(456567733546, 3, Piglet, 1038, 1883868, 1)
INSERT INTO interacts VALUES(456567733546, 3, Piglet, 2010, 1909776, 1)
INSERT INTO interacts VALUES(456567733546, 3, Moon, 3135, 1977318, 1)
INSERT INTO interacts VALUES(456567733546, 3, Contractz, 3190, 1980767, 1)
INSERT INTO interacts VALUES(456567733546, 3, Stunt, 3067, 1982028, 1)
INSERT INTO interacts VALUES(456567733546, 3, Solo, 1038, 1993493, 1)
INSERT INTO interacts VALUES(456567733546, 3, Hai, 2139, 1999033, 1)
INSERT INTO interacts VALUES(456567733546, 3, Altec, 1038, 2009960, 1)
INSERT INTO interacts VALUES(456567733546, 3, Altec, 2140, 2011276, 1)
INSERT INTO interacts VALUES(456567733546, 3, Piglet, 3035, 2017511, 1)
INSERT INTO interacts VALUES(456567733546, 3, Solo, 2140, 2039212, 1)
INSERT INTO interacts VALUES(456567733546, 3, Goldenglue, 3135, 2044724, 1)
INSERT INTO interacts VALUES(456567733546, 3, Goldenglue, 1056, 2046410, 0)
INSERT INTO interacts VALUES(456567733546, 3, Goldenglue, 2043, 2046871, 1)
INSERT INTO interacts VALUES(456567733546, 3, Moon, 2139, 2053240, 1)
INSERT INTO interacts VALUES(456567733546, 3, Stunt, 3190, 2054293, 1)
INSERT INTO interacts VALUES(456567733546, 3, Piglet, 1055, 2057177, 0)
INSERT INTO interacts VALUES(456567733546, 3, Piglet, 1053, 2057743, 1)
INSERT INTO interacts VALUES(456567733546, 3, Balls, 3065, 2095618, 1)
INSERT INTO interacts VALUES(456567733546, 3, Goldenglue, 2139, 2110052, 1)
INSERT INTO interacts VALUES(456567733546, 3, Stunt, 1028, 2136064, 1)
INSERT INTO matches VALUES(456567733546, 4, 2016-07-20)
INSERT INTO competes VALUES(456567733546, C9C, True)
INSERT INTO competes VALUES(456567733546, TLA, False)
INSERT INTO scores VALUES(C9C, 456567733546, 4, 0, 3, 1, 0, 0, 0)
INSERT INTO scores VALUES(TLA, 456567733546, 4, 1, 9, 0, 2, 5, 1)
INSERT INTO bans VALUES(456567733546, 4, 69, 1)
INSERT INTO bans VALUES(456567733546, 4, 268, 3)
INSERT INTO bans VALUES(456567733546, 4, 15, 5)
INSERT INTO bans VALUES(456567733546, 4, 43, 2)
INSERT INTO bans VALUES(456567733546, 4, 90, 4)
INSERT INTO bans VALUES(456567733546, 4, 421, 6)
INSERT INTO plays VALUES(456567733546, 4, Balls, 150, Jungle, 0, 3, 0, 7518, 7, 6, 256, 7, 3, 12262)
INSERT INTO plays VALUES(456567733546, 4, Contractz, 76, Jungle, 1, 3, 2, 11534, 35, 22, 37, 129, 16, 12292)
INSERT INTO plays VALUES(456567733546, 4, Hai, 112, Mid, 1, 1, 1, 28996, 20, 11, 338, 15, 0, 14158)
INSERT INTO plays VALUES(456567733546, 4, Altec, 236, Jungle, 1, 6, 1, 11142, 18, 12, 276, 10, 0, 12648)
INSERT INTO plays VALUES(456567733546, 4, LemonNation, 201, Jungle, 0, 7, 2, 4433, 49, 12, 41, 0, 0, 8533)
INSERT INTO plays VALUES(456567733546, 4, Solo, 98, Jungle, 0, 0, 17, 9191, 20, 8, 225, 15, 1, 14532)
INSERT INTO plays VALUES(456567733546, 4, Moon, 28, Jungle, 6, 1, 10, 18021, 50, 8, 34, 87, 34, 14459)
INSERT INTO plays VALUES(456567733546, 4, Goldenglue, 13, Mid, 9, 0, 5, 29890, 22, 12, 323, 23, 2, 17437)
INSERT INTO plays VALUES(456567733546, 4, Piglet, 29, Jungle, 3, 1, 12, 21929, 12, 15, 269, 22, 10, 15770)
INSERT INTO plays VALUES(456567733546, 4, Stunt, 44, Jungle, 2, 1, 14, 2461, 57, 10, 51, 1, 1, 11326)
INSERT INTO interacts VALUES(456567733546, 4, Altec, 3340, 1688, 1)
INSERT INTO interacts VALUES(456567733546, 4, Hai, 3340, 1688, 1)
INSERT INTO interacts VALUES(456567733546, 4, Piglet, 2010, 2566, 1)
INSERT INTO interacts VALUES(456567733546, 4, Hai, 2010, 2566, 1)
INSERT INTO interacts VALUES(456567733546, 4, LemonNation, 3340, 2632, 1)
INSERT INTO interacts VALUES(456567733546, 4, Balls, 1055, 2632, 1)
INSERT INTO interacts VALUES(456567733546, 4, Piglet, 1055, 2793, 1)
INSERT INTO interacts VALUES(456567733546, 4, Hai, 2010, 2826, 1)
INSERT INTO interacts VALUES(456567733546, 4, Balls, 2003, 2865, 1)
INSERT INTO interacts VALUES(456567733546, 4, Piglet, 3340, 3054, 1)
INSERT INTO interacts VALUES(456567733546, 4, Balls, 3340, 3087, 1)
INSERT INTO interacts VALUES(456567733546, 4, Hai, 1056, 3127, 1)
INSERT INTO interacts VALUES(456567733546, 4, Altec, 2010, 3311, 1)
INSERT INTO interacts VALUES(456567733546, 4, Solo, 2003, 3473, 1)
INSERT INTO interacts VALUES(456567733546, 4, Altec, 1055, 3603, 1)
INSERT INTO interacts VALUES(456567733546, 4, LemonNation, 3302, 3645, 1)
INSERT INTO interacts VALUES(456567733546, 4, Goldenglue, 1027, 3702, 1)
INSERT INTO interacts VALUES(456567733546, 4, Contractz, 3340, 3702, 1)
INSERT INTO interacts VALUES(456567733546, 4, Solo, 1054, 3733, 1)
INSERT INTO interacts VALUES(456567733546, 4, Solo, 3340, 4024, 1)
INSERT INTO interacts VALUES(456567733546, 4, Moon, 1039, 4058, 1)
INSERT INTO interacts VALUES(456567733546, 4, Contractz, 1039, 4058, 1)
INSERT INTO interacts VALUES(456567733546, 4, LemonNation, 2010, 4122, 1)
INSERT INTO interacts VALUES(456567733546, 4, Goldenglue, 2003, 4162, 1)
INSERT INTO interacts VALUES(456567733546, 4, LemonNation, 2010, 4251, 1)
INSERT INTO interacts VALUES(456567733546, 4, Goldenglue, 2003, 4316, 1)
INSERT INTO interacts VALUES(456567733546, 4, LemonNation, 2010, 4380, 1)
INSERT INTO interacts VALUES(456567733546, 4, Moon, 2031, 4446, 1)
INSERT INTO interacts VALUES(456567733546, 4, Goldenglue, 2003, 4477, 1)
INSERT INTO interacts VALUES(456567733546, 4, Contractz, 2031, 4965, 1)
INSERT INTO interacts VALUES(456567733546, 4, Moon, 3340, 4965, 1)
INSERT INTO interacts VALUES(456567733546, 4, Goldenglue, 3340, 5062, 1)
INSERT INTO interacts VALUES(456567733546, 4, Stunt, 3302, 10869, 1)
INSERT INTO interacts VALUES(456567733546, 4, Stunt, 2010, 11064, 1)
INSERT INTO interacts VALUES(456567733546, 4, Stunt, 2010, 11194, 1)
INSERT INTO interacts VALUES(456567733546, 4, Stunt, 2010, 11322, 1)
INSERT INTO interacts VALUES(456567733546, 4, Stunt, 3340, 11616, 1)
INSERT INTO interacts VALUES(456567733546, 4, Piglet, 1036, 222010, 1)
INSERT INTO interacts VALUES(456567733546, 4, Piglet, 1036, 222152, 1)
INSERT INTO interacts VALUES(456567733546, 4, Piglet, 2043, 223407, 1)
INSERT INTO interacts VALUES(456567733546, 4, LemonNation, 2043, 224415, 1)
INSERT INTO interacts VALUES(456567733546, 4, LemonNation, 1001, 224676, 1)
INSERT INTO interacts VALUES(456567733546, 4, Stunt, 1028, 226755, 1)
INSERT INTO interacts VALUES(456567733546, 4, Altec, 1036, 229132, 1)
INSERT INTO interacts VALUES(456567733546, 4, Altec, 1001, 229458, 1)
INSERT INTO interacts VALUES(456567733546, 4, Altec, 2043, 230432, 1)
INSERT INTO interacts VALUES(456567733546, 4, Stunt, 2043, 230916, 1)
INSERT INTO interacts VALUES(456567733546, 4, Moon, 3715, 252421, 1)
INSERT INTO interacts VALUES(456567733546, 4, Moon, 2032, 254043, 1)
INSERT INTO interacts VALUES(456567733546, 4, Moon, 2043, 254984, 1)
INSERT INTO interacts VALUES(456567733546, 4, Balls, 1036, 268641, 1)
INSERT INTO interacts VALUES(456567733546, 4, Balls, 1028, 268898, 1)
INSERT INTO interacts VALUES(456567733546, 4, Balls, 2043, 270913, 1)
INSERT INTO interacts VALUES(456567733546, 4, Solo, 1028, 274179, 1)
INSERT INTO interacts VALUES(456567733546, 4, Solo, 1029, 276144, 1)
INSERT INTO interacts VALUES(456567733546, 4, Solo, 2043, 277245, 1)
INSERT INTO interacts VALUES(456567733546, 4, Goldenglue, 3070, 279708, 1)
INSERT INTO interacts VALUES(456567733546, 4, Goldenglue, 1001, 283279, 1)
INSERT INTO interacts VALUES(456567733546, 4, Contractz, 3711, 283799, 1)
INSERT INTO interacts VALUES(456567733546, 4, Contractz, 1052, 284776, 1)
INSERT INTO interacts VALUES(456567733546, 4, Goldenglue, 2003, 288673, 0)
INSERT INTO interacts VALUES(456567733546, 4, Goldenglue, 2031, 289837, 1)
INSERT INTO interacts VALUES(456567733546, 4, Goldenglue, 1027, 296212, 1)
INSERT INTO interacts VALUES(456567733546, 4, Hai, 3196, 306830, 1)
INSERT INTO interacts VALUES(456567733546, 4, Hai, 2043, 308168, 1)
INSERT INTO interacts VALUES(456567733546, 4, Hai, 2010, 308622, 1)
INSERT INTO interacts VALUES(456567733546, 4, Piglet, 3134, 369615, 1)
INSERT INTO interacts VALUES(456567733546, 4, Piglet, 1036, 370795, 1)
INSERT INTO interacts VALUES(456567733546, 4, Altec, 3134, 372505, 1)
INSERT INTO interacts VALUES(456567733546, 4, Moon, 1052, 381260, 1)
INSERT INTO interacts VALUES(456567733546, 4, Balls, 3044, 381844, 1)
INSERT INTO interacts VALUES(456567733546, 4, LemonNation, 1028, 382365, 1)
INSERT INTO interacts VALUES(456567733546, 4, Balls, 2003, 382915, 1)
INSERT INTO interacts VALUES(456567733546, 4, LemonNation, 2043, 383404, 1)
INSERT INTO interacts VALUES(456567733546, 4, Goldenglue, 1028, 390370, 1)
INSERT INTO interacts VALUES(456567733546, 4, Moon, 2049, 390789, 1)
INSERT INTO interacts VALUES(456567733546, 4, Goldenglue, 2043, 391442, 1)
INSERT INTO interacts VALUES(456567733546, 4, Stunt, 2049, 394096, 1)
INSERT INTO interacts VALUES(456567733546, 4, Stunt, 3341, 394614, 1)
INSERT INTO interacts VALUES(456567733546, 4, Stunt, 2043, 396463, 1)
INSERT INTO interacts VALUES(456567733546, 4, Contractz, 3113, 417478, 1)
INSERT INTO interacts VALUES(456567733546, 4, Contractz, 1001, 417934, 1)
INSERT INTO interacts VALUES(456567733546, 4, Contractz, 2043, 418975, 1)
INSERT INTO interacts VALUES(456567733546, 4, Hai, 1001, 420112, 1)
INSERT INTO interacts VALUES(456567733546, 4, Hai, 2043, 420470, 1)
INSERT INTO interacts VALUES(456567733546, 4, Goldenglue, 3010, 475774, 1)
INSERT INTO interacts VALUES(456567733546, 4, Solo, 3751, 480584, 1)
INSERT INTO interacts VALUES(456567733546, 4, Solo, 1001, 482400, 1)
INSERT INTO interacts VALUES(456567733546, 4, Solo, 1029, 482722, 1)
INSERT INTO interacts VALUES(456567733546, 4, Piglet, 3133, 579395, 1)
INSERT INTO interacts VALUES(456567733546, 4, Piglet, 1001, 580339, 1)
INSERT INTO interacts VALUES(456567733546, 4, Piglet, 1042, 581248, 1)
INSERT INTO interacts VALUES(456567733546, 4, Stunt, 1001, 581509, 1)
INSERT INTO interacts VALUES(456567733546, 4, Stunt, 1028, 582774, 1)
INSERT INTO interacts VALUES(456567733546, 4, Contractz, 1410, 587417, 1)
INSERT INTO interacts VALUES(456567733546, 4, Contractz, 2043, 588295, 1)
INSERT INTO interacts VALUES(456567733546, 4, Moon, 3113, 588346, 1)
INSERT INTO interacts VALUES(456567733546, 4, Contractz, 3341, 588946, 1)
INSERT INTO interacts VALUES(456567733546, 4, Hai, 3197, 606285, 1)
INSERT INTO interacts VALUES(456567733546, 4, Hai, 1028, 607346, 1)
INSERT INTO interacts VALUES(456567733546, 4, Hai, 2043, 608897, 1)
INSERT INTO interacts VALUES(456567733546, 4, Balls, 3133, 609693, 1)
INSERT INTO interacts VALUES(456567733546, 4, Balls, 2003, 614110, 0)
INSERT INTO interacts VALUES(456567733546, 4, Balls, 1001, 615590, 1)
INSERT INTO interacts VALUES(456567733546, 4, Goldenglue, 3027, 662235, 1)
INSERT INTO interacts VALUES(456567733546, 4, LemonNation, 2049, 685404, 1)
INSERT INTO interacts VALUES(456567733546, 4, LemonNation, 3341, 686969, 1)
INSERT INTO interacts VALUES(456567733546, 4, Altec, 3133, 692715, 1)
INSERT INTO interacts VALUES(456567733546, 4, Altec, 1042, 693412, 1)
INSERT INTO interacts VALUES(456567733546, 4, Altec, 2010, 693626, 1)
INSERT INTO interacts VALUES(456567733546, 4, LemonNation, 3117, 702659, 1)
INSERT INTO interacts VALUES(456567733546, 4, LemonNation, 2043, 710785, 1)
INSERT INTO interacts VALUES(456567733546, 4, Hai, 3158, 727474, 1)
INSERT INTO interacts VALUES(456567733546, 4, Hai, 3363, 729286, 1)
INSERT INTO interacts VALUES(456567733546, 4, Piglet, 3142, 735544, 1)
INSERT INTO interacts VALUES(456567733546, 4, Piglet, 2043, 736944, 1)
INSERT INTO interacts VALUES(456567733546, 4, Piglet, 2010, 737188, 1)
INSERT INTO interacts VALUES(456567733546, 4, Stunt, 3158, 737262, 1)
INSERT INTO interacts VALUES(456567733546, 4, Stunt, 2043, 737871, 1)
INSERT INTO interacts VALUES(456567733546, 4, Moon, 1414, 742937, 1)
INSERT INTO interacts VALUES(456567733546, 4, Solo, 3068, 744267, 1)
INSERT INTO interacts VALUES(456567733546, 4, Goldenglue, 1033, 750441, 1)
INSERT INTO interacts VALUES(456567733546, 4, Contractz, 3158, 750621, 1)
INSERT INTO interacts VALUES(456567733546, 4, Goldenglue, 2043, 751661, 1)
INSERT INTO interacts VALUES(456567733546, 4, Contractz, 2043, 752459, 1)
INSERT INTO interacts VALUES(456567733546, 4, Moon, 1001, 757690, 1)
INSERT INTO interacts VALUES(456567733546, 4, Balls, 3071, 766544, 1)
INSERT INTO interacts VALUES(456567733546, 4, Balls, 2043, 767907, 1)
INSERT INTO interacts VALUES(456567733546, 4, Balls, 2003, 768364, 1)
INSERT INTO interacts VALUES(456567733546, 4, LemonNation, 2043, 791970, 1)
INSERT INTO interacts VALUES(456567733546, 4, Piglet, 3006, 802750, 1)
INSERT INTO interacts VALUES(456567733546, 4, Stunt, 2010, 834183, 0)
INSERT INTO interacts VALUES(456567733546, 4, Stunt, 2045, 836328, 1)
INSERT INTO interacts VALUES(456567733546, 4, Altec, 3142, 862808, 1)
INSERT INTO interacts VALUES(456567733546, 4, Altec, 2043, 864107, 1)
INSERT INTO interacts VALUES(456567733546, 4, Solo, 3047, 879055, 1)
INSERT INTO interacts VALUES(456567733546, 4, LemonNation, 1028, 885392, 1)
INSERT INTO interacts VALUES(456567733546, 4, Hai, 3198, 902420, 1)
INSERT INTO interacts VALUES(456567733546, 4, Hai, 2010, 904016, 1)
INSERT INTO interacts VALUES(456567733546, 4, Hai, 2010, 904311, 1)
INSERT INTO interacts VALUES(456567733546, 4, Piglet, 1042, 904535, 1)
INSERT INTO interacts VALUES(456567733546, 4, Piglet, 1042, 904666, 1)
INSERT INTO interacts VALUES(456567733546, 4, Altec, 2010, 905284, 1)
INSERT INTO interacts VALUES(456567733546, 4, Altec, 2010, 905541, 1)
INSERT INTO interacts VALUES(456567733546, 4, Goldenglue, 3111, 905786, 1)
INSERT INTO interacts VALUES(456567733546, 4, Goldenglue, 2043, 909236, 1)
INSERT INTO interacts VALUES(456567733546, 4, Stunt, 2031, 911511, 1)
INSERT INTO interacts VALUES(456567733546, 4, Moon, 3111, 930285, 1)
INSERT INTO interacts VALUES(456567733546, 4, Moon, 3363, 931488, 1)
INSERT INTO interacts VALUES(456567733546, 4, Piglet, 1043, 957299, 1)
INSERT INTO interacts VALUES(456567733546, 4, Balls, 3052, 999844, 1)
INSERT INTO interacts VALUES(456567733546, 4, LemonNation, 2043, 1001481, 1)
INSERT INTO interacts VALUES(456567733546, 4, Solo, 1028, 1025925, 1)
INSERT INTO interacts VALUES(456567733546, 4, Solo, 1033, 1026214, 1)
INSERT INTO interacts VALUES(456567733546, 4, Solo, 2043, 1027723, 1)
INSERT INTO interacts VALUES(456567733546, 4, Goldenglue, 1058, 1050703, 1)
INSERT INTO interacts VALUES(456567733546, 4, Altec, 3006, 1050770, 1)
INSERT INTO interacts VALUES(456567733546, 4, Altec, 3363, 1051665, 1)
INSERT INTO interacts VALUES(456567733546, 4, Goldenglue, 3363, 1051971, 1)
INSERT INTO interacts VALUES(456567733546, 4, Altec, 2043, 1052697, 1)
INSERT INTO interacts VALUES(456567733546, 4, LemonNation, 2045, 1056748, 1)
INSERT INTO interacts VALUES(456567733546, 4, LemonNation, 2043, 1057134, 1)
INSERT INTO interacts VALUES(456567733546, 4, Contractz, 1058, 1060865, 1)
INSERT INTO interacts VALUES(456567733546, 4, Contractz, 1028, 1061802, 1)
INSERT INTO interacts VALUES(456567733546, 4, Contractz, 2043, 1062452, 1)
INSERT INTO interacts VALUES(456567733546, 4, Contractz, 3364, 1062744, 1)
INSERT INTO interacts VALUES(456567733546, 4, Stunt, 3801, 1069384, 1)
INSERT INTO interacts VALUES(456567733546, 4, LemonNation, 2043, 1131365, 1)
INSERT INTO interacts VALUES(456567733546, 4, Hai, 1058, 1133471, 1)
INSERT INTO interacts VALUES(456567733546, 4, Piglet, 1051, 1139413, 1)
INSERT INTO interacts VALUES(456567733546, 4, Piglet, 1042, 1139546, 1)
INSERT INTO interacts VALUES(456567733546, 4, Contractz, 1052, 1140485, 1)
INSERT INTO interacts VALUES(456567733546, 4, Piglet, 3364, 1140581, 1)
INSERT INTO interacts VALUES(456567733546, 4, Altec, 1036, 1145318, 1)
INSERT INTO interacts VALUES(456567733546, 4, Balls, 1037, 1151141, 1)
INSERT INTO interacts VALUES(456567733546, 4, Solo, 3211, 1158217, 1)
INSERT INTO interacts VALUES(456567733546, 4, Solo, 1028, 1158626, 1)
INSERT INTO interacts VALUES(456567733546, 4, Moon, 3108, 1161607, 1)
INSERT INTO interacts VALUES(456567733546, 4, Moon, 1033, 1162902, 1)
INSERT INTO interacts VALUES(456567733546, 4, Goldenglue, 3003, 1167444, 1)
INSERT INTO interacts VALUES(456567733546, 4, Goldenglue, 1052, 1169196, 1)
INSERT INTO interacts VALUES(456567733546, 4, Goldenglue, 2043, 1170273, 1)
INSERT INTO interacts VALUES(456567733546, 4, Stunt, 1033, 1172115, 1)
INSERT INTO interacts VALUES(456567733546, 4, Stunt, 3364, 1172666, 1)
INSERT INTO interacts VALUES(456567733546, 4, Stunt, 2031, 1175098, 0)
INSERT INTO interacts VALUES(456567733546, 4, Stunt, 3105, 1176344, 1)
INSERT INTO interacts VALUES(456567733546, 4, Piglet, 3086, 1234945, 1)
INSERT INTO interacts VALUES(456567733546, 4, Altec, 1036, 1235978, 1)
INSERT INTO interacts VALUES(456567733546, 4, Altec, 1036, 1236109, 1)
INSERT INTO interacts VALUES(456567733546, 4, Piglet, 2043, 1236369, 1)
INSERT INTO interacts VALUES(456567733546, 4, LemonNation, 3801, 1240990, 1)
INSERT INTO interacts VALUES(456567733546, 4, LemonNation, 2043, 1241801, 1)
INSERT INTO interacts VALUES(456567733546, 4, Stunt, 1028, 1290153, 1)
INSERT INTO interacts VALUES(456567733546, 4, Goldenglue, 1026, 1292564, 1)
INSERT INTO interacts VALUES(456567733546, 4, Hai, 1011, 1292884, 1)
INSERT INTO interacts VALUES(456567733546, 4, Goldenglue, 2031, 1293912, 0)
INSERT INTO interacts VALUES(456567733546, 4, Goldenglue, 2043, 1294119, 1)
INSERT INTO interacts VALUES(456567733546, 4, Hai, 2043, 1294445, 1)
INSERT INTO interacts VALUES(456567733546, 4, Stunt, 2043, 1295877, 1)
INSERT INTO interacts VALUES(456567733546, 4, Solo, 3067, 1297436, 1)
INSERT INTO interacts VALUES(456567733546, 4, Solo, 1028, 1297958, 1)
INSERT INTO interacts VALUES(456567733546, 4, Contractz, 1011, 1309293, 1)
INSERT INTO interacts VALUES(456567733546, 4, LemonNation, 2043, 1317319, 1)
INSERT INTO interacts VALUES(456567733546, 4, LemonNation, 2043, 1317479, 1)
INSERT INTO interacts VALUES(456567733546, 4, Piglet, 3085, 1331944, 1)
INSERT INTO interacts VALUES(456567733546, 4, Balls, 3022, 1332816, 1)
INSERT INTO interacts VALUES(456567733546, 4, Piglet, 1033, 1333421, 1)
INSERT INTO interacts VALUES(456567733546, 4, Piglet, 2010, 1334669, 1)
INSERT INTO interacts VALUES(456567733546, 4, Moon, 2032, 1346964, 0)
INSERT INTO interacts VALUES(456567733546, 4, Moon, 3001, 1348698, 1)
INSERT INTO interacts VALUES(456567733546, 4, Solo, 3065, 1417397, 1)
INSERT INTO interacts VALUES(456567733546, 4, Stunt, 3067, 1421807, 1)
INSERT INTO interacts VALUES(456567733546, 4, Hai, 3116, 1439744, 1)
INSERT INTO interacts VALUES(456567733546, 4, Hai, 2043, 1440947, 1)
INSERT INTO interacts VALUES(456567733546, 4, Hai, 2010, 1441288, 1)
INSERT INTO interacts VALUES(456567733546, 4, Hai, 2010, 1441403, 1)
INSERT INTO interacts VALUES(456567733546, 4, Contractz, 3116, 1446239, 1)
INSERT INTO interacts VALUES(456567733546, 4, Contractz, 2043, 1447281, 1)
INSERT INTO interacts VALUES(456567733546, 4, Goldenglue, 3135, 1503629, 1)
INSERT INTO interacts VALUES(456567733546, 4, Altec, 3133, 1538876, 1)
INSERT INTO interacts VALUES(456567733546, 4, Altec, 3044, 1540273, 1)
INSERT INTO interacts VALUES(456567733546, 4, Balls, 3111, 1540956, 1)
INSERT INTO interacts VALUES(456567733546, 4, Balls, 1028, 1542092, 1)
INSERT INTO interacts VALUES(456567733546, 4, LemonNation, 3105, 1547191, 1)
INSERT INTO interacts VALUES(456567733546, 4, LemonNation, 2043, 1547957, 1)
INSERT INTO interacts VALUES(456567733546, 4, LemonNation, 3364, 1548231, 1)
INSERT INTO interacts VALUES(456567733546, 4, Moon, 1011, 1561488, 1)
INSERT INTO interacts VALUES(456567733546, 4, Moon, 2043, 1562511, 1)
INSERT INTO interacts VALUES(456567733546, 4, Contractz, 3191, 1567241, 1)
INSERT INTO interacts VALUES(456567733546, 4, Stunt, 3190, 1574731, 1)
INSERT INTO interacts VALUES(456567733546, 4, Stunt, 3097, 1580061, 1)
INSERT INTO interacts VALUES(456567733546, 4, Stunt, 2043, 1581028, 1)
INSERT INTO interacts VALUES(456567733546, 4, Contractz, 2043, 1584353, 1)
INSERT INTO interacts VALUES(456567733546, 4, Solo, 3082, 1587680, 1)
INSERT INTO interacts VALUES(456567733546, 4, Hai, 1026, 1588684, 1)
INSERT INTO interacts VALUES(456567733546, 4, Piglet, 3155, 1597082, 1)
INSERT INTO interacts VALUES(456567733546, 4, Goldenglue, 1058, 1599043, 1)
INSERT INTO interacts VALUES(456567733546, 4, Goldenglue, 2043, 1599691, 1)
INSERT INTO interacts VALUES(456567733546, 4, Piglet, 1036, 1601356, 1)
INSERT INTO interacts VALUES(456567733546, 4, Altec, 3071, 1623852, 1)
INSERT INTO interacts VALUES(456567733546, 4, Altec, 2043, 1624470, 1)
INSERT INTO interacts VALUES(456567733546, 4, Altec, 2043, 1679214, 1)
INSERT INTO interacts VALUES(456567733546, 4, Altec, 2010, 1679408, 1)
INSERT INTO interacts VALUES(456567733546, 4, Solo, 1011, 1701252, 1)
INSERT INTO interacts VALUES(456567733546, 4, Goldenglue, 1052, 1708051, 1)
INSERT INTO interacts VALUES(456567733546, 4, LemonNation, 3067, 1708338, 1)
INSERT INTO interacts VALUES(456567733546, 4, Stunt, 3067, 1712396, 1)
INSERT INTO interacts VALUES(456567733546, 4, Stunt, 2043, 1713693, 1)
INSERT INTO interacts VALUES(456567733546, 4, Moon, 2043, 1716655, 0)
INSERT INTO interacts VALUES(456567733546, 4, Piglet, 1036, 1718342, 0)
INSERT INTO interacts VALUES(456567733546, 4, Moon, 1058, 1718378, 1)
INSERT INTO interacts VALUES(456567733546, 4, Piglet, 1038, 1719413, 1)
INSERT INTO interacts VALUES(456567733546, 4, Piglet, 2140, 1721493, 1)
INSERT INTO interacts VALUES(456567733546, 4, Hai, 1052, 1756873, 1)
INSERT INTO interacts VALUES(456567733546, 4, Balls, 1011, 1759895, 1)
INSERT INTO interacts VALUES(456567733546, 4, Balls, 1029, 1760806, 1)
INSERT INTO interacts VALUES(456567733546, 4, Stunt, 3401, 1798560, 1)
INSERT INTO interacts VALUES(456567733546, 4, Stunt, 1029, 1801111, 1)
INSERT INTO interacts VALUES(456567733546, 4, Solo, 3143, 1823999, 1)
INSERT INTO interacts VALUES(456567733546, 4, Solo, 1028, 1826746, 1)
INSERT INTO interacts VALUES(456567733546, 4, Moon, 3116, 1836270, 1)
INSERT INTO interacts VALUES(456567733546, 4, Piglet, 1055, 1837050, 0)
INSERT INTO interacts VALUES(456567733546, 4, Hai, 3135, 1837965, 1)
INSERT INTO interacts VALUES(456567733546, 4, Piglet, 3134, 1838487, 1)
INSERT INTO interacts VALUES(456567733546, 4, Hai, 2043, 1838815, 1)
INSERT INTO interacts VALUES(456567733546, 4, Goldenglue, 2139, 1848873, 1)
INSERT INTO interacts VALUES(456567733546, 4, LemonNation, 3190, 1852604, 1)
INSERT INTO interacts VALUES(456567733546, 4, Altec, 3035, 1853515, 1)
INSERT INTO interacts VALUES(456567733546, 4, LemonNation, 2043, 1853568, 1)
INSERT INTO interacts VALUES(456567733546, 4, Balls, 3082, 1866551, 1)
INSERT INTO interacts VALUES(456567733546, 4, Contractz, 3157, 1878217, 1)
INSERT INTO interacts VALUES(456567733546, 4, LemonNation, 1028, 1941311, 1)
INSERT INTO interacts VALUES(456567733546, 4, Contractz, 2043, 1945805, 1)
INSERT INTO interacts VALUES(456567733546, 4, Solo, 3211, 1958765, 1)
INSERT INTO interacts VALUES(456567733546, 4, Hai, 1052, 1961064, 1)
INSERT INTO interacts VALUES(456567733546, 4, Altec, 3123, 1964273, 1)
INSERT INTO interacts VALUES(456567733546, 4, Piglet, 3156, 1978694, 1)
INSERT INTO interacts VALUES(456567733546, 4, Piglet, 2043, 1979214, 1)
INSERT INTO interacts VALUES(456567733546, 4, Moon, 2043, 2005620, 1)
INSERT INTO interacts VALUES(456567733546, 4, Goldenglue, 3089, 2028667, 1)
INSERT INTO interacts VALUES(456567733546, 4, Balls, 3143, 2097426, 1)
INSERT INTO interacts VALUES(456567733546, 4, Contractz, 1057, 2140652, 1)
INSERT INTO interacts VALUES(456567733546, 4, Altec, 3033, 2144244, 1)
INSERT INTO interacts VALUES(456567733546, 4, Balls, 1028, 2145423, 1)
INSERT INTO interacts VALUES(456567733546, 4, LemonNation, 3067, 2149790, 1)
INSERT INTO interacts VALUES(456567733546, 4, LemonNation, 3097, 2150343, 1)
INSERT INTO interacts VALUES(456567733546, 4, LemonNation, 2043, 2150870, 1)
INSERT INTO interacts VALUES(456567733546, 4, Contractz, 2031, 2162796, 0)
INSERT INTO interacts VALUES(456567733546, 4, Contractz, 2043, 2163497, 1)
INSERT INTO interacts VALUES(456567733546, 4, Solo, 3102, 2168827, 1)
INSERT INTO interacts VALUES(456567733546, 4, Goldenglue, 1057, 2171982, 1)
INSERT INTO interacts VALUES(456567733546, 4, Stunt, 3024, 2172148, 1)
INSERT INTO interacts VALUES(456567733546, 4, Stunt, 2043, 2174386, 1)
INSERT INTO interacts VALUES(456567733546, 4, Stunt, 2138, 2176351, 1)
INSERT INTO interacts VALUES(456567733546, 4, Altec, 1036, 2182812, 1)
INSERT INTO interacts VALUES(456567733546, 4, Piglet, 1037, 2187029, 1)
INSERT INTO interacts VALUES(456567733546, 4, Moon, 3026, 2190971, 1)
INSERT INTO interacts VALUES(456567733546, 4, Piglet, 2140, 2192833, 1)
INSERT INTO interacts VALUES(456567733546, 4, Hai, 1056, 2197303, 0)
INSERT INTO interacts VALUES(456567733546, 4, Hai, 1058, 2201128, 1)
INSERT INTO interacts VALUES(456567733546, 4, Altec, 1053, 2225711, 1)
INSERT INTO interacts VALUES(456567733546, 4, LemonNation, 3401, 2277936, 1)
INSERT INTO interacts VALUES(456567733546, 4, Balls, 3211, 2286741, 1)
INSERT INTO interacts VALUES(456567733546, 4, Goldenglue, 2139, 2286799, 1)
INSERT INTO interacts VALUES(456567733546, 4, Contractz, 3108, 2313479, 1)
INSERT INTO interacts VALUES(456567733546, 4, Altec, 2140, 2313971, 1)
INSERT INTO matches VALUES(456567733546, 5, 2016-07-20)
INSERT INTO competes VALUES(456567733546, C9C, True)
INSERT INTO competes VALUES(456567733546, TLA, False)
INSERT INTO scores VALUES(C9C, 456567733546, 5, 4, 11, 1, 1, 3, 1)
INSERT INTO scores VALUES(TLA, 456567733546, 5, 0, 1, 0, 1, 1, 0)
INSERT INTO bans VALUES(456567733546, 5, 15, 1)
INSERT INTO bans VALUES(456567733546, 5, 98, 3)
INSERT INTO bans VALUES(456567733546, 5, 236, 5)
INSERT INTO bans VALUES(456567733546, 5, 43, 2)
INSERT INTO bans VALUES(456567733546, 5, 90, 4)
INSERT INTO bans VALUES(456567733546, 5, 29, 6)
INSERT INTO plays VALUES(456567733546, 5, Balls, 41, Jungle, 4, 4, 6, 19949, 14, 2, 256, 12, 5, 16290)
INSERT INTO plays VALUES(456567733546, 5, Contractz, 421, Jungle, 2, 1, 13, 11706, 37, 16, 64, 65, 47, 14517)
INSERT INTO plays VALUES(456567733546, 5, Hai, 7, Mid, 8, 1, 7, 39807, 17, 9, 246, 17, 4, 16382)
INSERT INTO plays VALUES(456567733546, 5, Altec, 18, Jungle, 4, 3, 4, 18761, 16, 8, 378, 32, 11, 19175)
INSERT INTO plays VALUES(456567733546, 5, LemonNation, 267, Jungle, 0, 2, 15, 6363, 45, 20, 22, 0, 0, 10460)
INSERT INTO plays VALUES(456567733546, 5, Solo, 150, Top, 0, 5, 6, 14759, 21, 7, 247, 9, 0, 12435)
INSERT INTO plays VALUES(456567733546, 5, Moon, 76, Jungle, 2, 3, 7, 10682, 30, 13, 67, 90, 10, 12534)
INSERT INTO plays VALUES(456567733546, 5, Goldenglue, 268, Mid, 0, 3, 7, 21592, 20, 9, 304, 8, 0, 13237)
INSERT INTO plays VALUES(456567733546, 5, Piglet, 81, ADC, 9, 1, 1, 28197, 16, 9, 298, 6, 2, 15689)
INSERT INTO plays VALUES(456567733546, 5, Stunt, 33, Support, 0, 6, 2, 2145, 43, 9, 41, 0, 0, 8651)
INSERT INTO interacts VALUES(456567733546, 5, Altec, 3340, 1565, 1)
INSERT INTO interacts VALUES(456567733546, 5, Contractz, 3340, 1824, 1)
INSERT INTO interacts VALUES(456567733546, 5, Altec, 1055, 1847, 1)
INSERT INTO interacts VALUES(456567733546, 5, Hai, 3340, 1945, 1)
INSERT INTO interacts VALUES(456567733546, 5, Altec, 2010, 2041, 1)
INSERT INTO interacts VALUES(456567733546, 5, Contractz, 1041, 2170, 1)
INSERT INTO interacts VALUES(456567733546, 5, Hai, 1056, 2396, 1)
INSERT INTO interacts VALUES(456567733546, 5, Piglet, 1055, 2622, 1)
INSERT INTO interacts VALUES(456567733546, 5, Balls, 3340, 2687, 1)
INSERT INTO interacts VALUES(456567733546, 5, Hai, 2010, 2784, 1)
INSERT INTO interacts VALUES(456567733546, 5, LemonNation, 3340, 2882, 1)
INSERT INTO interacts VALUES(456567733546, 5, Hai, 2010, 2914, 1)
INSERT INTO interacts VALUES(456567733546, 5, Piglet, 2010, 2914, 1)
INSERT INTO interacts VALUES(456567733546, 5, Contractz, 2031, 2979, 1)
INSERT INTO interacts VALUES(456567733546, 5, Moon, 1039, 3237, 1)
INSERT INTO interacts VALUES(456567733546, 5, LemonNation, 3303, 3237, 1)
INSERT INTO interacts VALUES(456567733546, 5, Piglet, 3340, 3333, 1)
INSERT INTO interacts VALUES(456567733546, 5, LemonNation, 2010, 3560, 1)
INSERT INTO interacts VALUES(456567733546, 5, LemonNation, 2010, 3721, 1)
INSERT INTO interacts VALUES(456567733546, 5, LemonNation, 2010, 3819, 1)
INSERT INTO interacts VALUES(456567733546, 5, Balls, 2033, 3852, 1)
INSERT INTO interacts VALUES(456567733546, 5, Moon, 2031, 3981, 1)
INSERT INTO interacts VALUES(456567733546, 5, Moon, 3340, 4337, 1)
INSERT INTO interacts VALUES(456567733546, 5, Solo, 1055, 4598, 1)
INSERT INTO interacts VALUES(456567733546, 5, Solo, 2003, 4857, 1)
INSERT INTO interacts VALUES(456567733546, 5, Goldenglue, 1056, 5973, 1)
INSERT INTO interacts VALUES(456567733546, 5, Goldenglue, 2003, 6319, 1)
INSERT INTO interacts VALUES(456567733546, 5, Goldenglue, 2003, 6546, 1)
INSERT INTO interacts VALUES(456567733546, 5, Goldenglue, 3340, 7017, 1)
INSERT INTO interacts VALUES(456567733546, 5, Solo, 1054, 7227, 1)
INSERT INTO interacts VALUES(456567733546, 5, Solo, 3340, 8527, 1)
INSERT INTO interacts VALUES(456567733546, 5, Solo, 2003, 8752, 1)
INSERT INTO interacts VALUES(456567733546, 5, Stunt, 3302, 11829, 1)
INSERT INTO interacts VALUES(456567733546, 5, Stunt, 2010, 12219, 1)
INSERT INTO interacts VALUES(456567733546, 5, Stunt, 2010, 12382, 1)
INSERT INTO interacts VALUES(456567733546, 5, Stunt, 2010, 12513, 1)
INSERT INTO interacts VALUES(456567733546, 5, Stunt, 3340, 12838, 1)
INSERT INTO interacts VALUES(456567733546, 5, Piglet, 1083, 212214, 1)
INSERT INTO interacts VALUES(456567733546, 5, Stunt, 1028, 212343, 1)
INSERT INTO interacts VALUES(456567733546, 5, Piglet, 2043, 212767, 1)
INSERT INTO interacts VALUES(456567733546, 5, Piglet, 2010, 213025, 1)
INSERT INTO interacts VALUES(456567733546, 5, Altec, 1001, 216406, 1)
INSERT INTO interacts VALUES(456567733546, 5, Altec, 1083, 216732, 1)
INSERT INTO interacts VALUES(456567733546, 5, LemonNation, 1028, 218166, 1)
INSERT INTO interacts VALUES(456567733546, 5, Solo, 1036, 231788, 1)
INSERT INTO interacts VALUES(456567733546, 5, Solo, 1036, 231931, 1)
INSERT INTO interacts VALUES(456567733546, 5, Stunt, 2043, 244584, 1)
INSERT INTO interacts VALUES(456567733546, 5, Contractz, 1001, 246824, 1)
INSERT INTO interacts VALUES(456567733546, 5, Balls, 1028, 247116, 1)
INSERT INTO interacts VALUES(456567733546, 5, Contractz, 1028, 247215, 1)
INSERT INTO interacts VALUES(456567733546, 5, Balls, 1036, 247377, 1)
INSERT INTO interacts VALUES(456567733546, 5, Goldenglue, 1057, 290181, 1)
INSERT INTO interacts VALUES(456567733546, 5, Goldenglue, 2043, 293316, 1)
INSERT INTO interacts VALUES(456567733546, 5, Moon, 3711, 310556, 1)
INSERT INTO interacts VALUES(456567733546, 5, Moon, 1052, 311759, 1)
INSERT INTO interacts VALUES(456567733546, 5, Moon, 2032, 312702, 1)
INSERT INTO interacts VALUES(456567733546, 5, Moon, 2043, 313841, 1)
INSERT INTO interacts VALUES(456567733546, 5, Hai, 1057, 369938, 1)
INSERT INTO interacts VALUES(456567733546, 5, Hai, 1052, 370231, 1)
INSERT INTO interacts VALUES(456567733546, 5, Hai, 1001, 371821, 1)
INSERT INTO interacts VALUES(456567733546, 5, Hai, 2043, 372343, 1)
INSERT INTO interacts VALUES(456567733546, 5, Solo, 1001, 376405, 1)
INSERT INTO interacts VALUES(456567733546, 5, Solo, 1036, 378969, 1)
INSERT INTO interacts VALUES(456567733546, 5, Solo, 1028, 382540, 1)
INSERT INTO interacts VALUES(456567733546, 5, Goldenglue, 1056, 391633, 1)
INSERT INTO interacts VALUES(456567733546, 5, Goldenglue, 2043, 392511, 1)
INSERT INTO interacts VALUES(456567733546, 5, Balls, 3057, 465312, 1)
INSERT INTO interacts VALUES(456567733546, 5, Balls, 2043, 471543, 1)
INSERT INTO interacts VALUES(456567733546, 5, Contractz, 3111, 472094, 1)
INSERT INTO interacts VALUES(456567733546, 5, Contractz, 2049, 474111, 1)
INSERT INTO interacts VALUES(456567733546, 5, Contractz, 3341, 474587, 1)
INSERT INTO interacts VALUES(456567733546, 5, Hai, 3108, 482850, 1)
INSERT INTO interacts VALUES(456567733546, 5, Hai, 1052, 483179, 1)
INSERT INTO interacts VALUES(456567733546, 5, Hai, 2010, 484379, 1)
INSERT INTO interacts VALUES(456567733546, 5, Hai, 2010, 484735, 1)
INSERT INTO interacts VALUES(456567733546, 5, Goldenglue, 1042, 507937, 1)
INSERT INTO interacts VALUES(456567733546, 5, Goldenglue, 1042, 508068, 1)
INSERT INTO interacts VALUES(456567733546, 5, Moon, 1410, 508294, 1)
INSERT INTO interacts VALUES(456567733546, 5, Moon, 3341, 510374, 1)
INSERT INTO interacts VALUES(456567733546, 5, Moon, 1001, 599554, 1)
INSERT INTO interacts VALUES(456567733546, 5, Piglet, 3070, 601288, 1)
INSERT INTO interacts VALUES(456567733546, 5, Stunt, 2049, 602164, 1)
INSERT INTO interacts VALUES(456567733546, 5, Piglet, 3057, 603985, 1)
INSERT INTO interacts VALUES(456567733546, 5, Stunt, 3341, 604650, 1)
INSERT INTO interacts VALUES(456567733546, 5, Piglet, 1001, 605021, 1)
INSERT INTO interacts VALUES(456567733546, 5, Piglet, 2010, 605248, 1)
INSERT INTO interacts VALUES(456567733546, 5, Piglet, 2010, 605426, 1)
INSERT INTO interacts VALUES(456567733546, 5, Piglet, 2010, 605542, 1)
INSERT INTO interacts VALUES(456567733546, 5, Stunt, 1001, 607100, 1)
INSERT INTO interacts VALUES(456567733546, 5, Stunt, 1028, 609735, 1)
INSERT INTO interacts VALUES(456567733546, 5, Stunt, 2043, 611795, 1)
INSERT INTO interacts VALUES(456567733546, 5, LemonNation, 2049, 637534, 1)
INSERT INTO interacts VALUES(456567733546, 5, LemonNation, 3158, 638734, 1)
INSERT INTO interacts VALUES(456567733546, 5, LemonNation, 3341, 639576, 1)
INSERT INTO interacts VALUES(456567733546, 5, LemonNation, 2043, 639938, 1)
INSERT INTO interacts VALUES(456567733546, 5, Altec, 3006, 640883, 1)
INSERT INTO interacts VALUES(456567733546, 5, Altec, 1038, 642954, 1)
INSERT INTO interacts VALUES(456567733546, 5, Altec, 1042, 644092, 1)
INSERT INTO interacts VALUES(456567733546, 5, Altec, 1042, 644350, 1)
INSERT INTO interacts VALUES(456567733546, 5, Solo, 3133, 652576, 1)
INSERT INTO interacts VALUES(456567733546, 5, Solo, 3044, 654065, 1)
INSERT INTO interacts VALUES(456567733546, 5, Solo, 2043, 655182, 1)
INSERT INTO interacts VALUES(456567733546, 5, Contractz, 3751, 658076, 1)
INSERT INTO interacts VALUES(456567733546, 5, Goldenglue, 3101, 667609, 1)
INSERT INTO interacts VALUES(456567733546, 5, Goldenglue, 1052, 668420, 1)
INSERT INTO interacts VALUES(456567733546, 5, Goldenglue, 2003, 669984, 1)
INSERT INTO interacts VALUES(456567733546, 5, Balls, 3101, 670510, 1)
INSERT INTO interacts VALUES(456567733546, 5, Balls, 1001, 672423, 1)
INSERT INTO interacts VALUES(456567733546, 5, Hai, 3001, 691684, 1)
INSERT INTO interacts VALUES(456567733546, 5, Hai, 3158, 693374, 1)
INSERT INTO interacts VALUES(456567733546, 5, Hai, 2043, 693697, 1)
INSERT INTO interacts VALUES(456567733546, 5, Hai, 3363, 693959, 1)
INSERT INTO interacts VALUES(456567733546, 5, Solo, 3071, 763186, 1)
INSERT INTO interacts VALUES(456567733546, 5, Solo, 2043, 764847, 1)
INSERT INTO interacts VALUES(456567733546, 5, Piglet, 2010, 786318, 0)
INSERT INTO interacts VALUES(456567733546, 5, Piglet, 2010, 786481, 0)
INSERT INTO interacts VALUES(456567733546, 5, Piglet, 2010, 786576, 0)
INSERT INTO interacts VALUES(456567733546, 5, Stunt, 2045, 787196, 1)
INSERT INTO interacts VALUES(456567733546, 5, Piglet, 1037, 788011, 1)
INSERT INTO interacts VALUES(456567733546, 5, Stunt, 2010, 788951, 1)
INSERT INTO interacts VALUES(456567733546, 5, Stunt, 2043, 789211, 1)
INSERT INTO interacts VALUES(456567733546, 5, LemonNation, 1028, 831868, 1)
INSERT INTO interacts VALUES(456567733546, 5, Stunt, 2031, 836903, 1)
INSERT INTO interacts VALUES(456567733546, 5, Moon, 3145, 838529, 1)
INSERT INTO interacts VALUES(456567733546, 5, Moon, 2043, 839178, 1)
INSERT INTO interacts VALUES(456567733546, 5, Moon, 3364, 839665, 1)
INSERT INTO interacts VALUES(456567733546, 5, Contractz, 1401, 841533, 1)
INSERT INTO interacts VALUES(456567733546, 5, LemonNation, 2043, 842962, 1)
INSERT INTO interacts VALUES(456567733546, 5, Contractz, 2043, 843384, 1)
INSERT INTO interacts VALUES(456567733546, 5, Contractz, 3364, 844164, 1)
INSERT INTO interacts VALUES(456567733546, 5, LemonNation, 1004, 846470, 1)
INSERT INTO interacts VALUES(456567733546, 5, Altec, 3085, 864870, 1)
INSERT INTO interacts VALUES(456567733546, 5, Altec, 2043, 889068, 1)
INSERT INTO interacts VALUES(456567733546, 5, Altec, 3363, 889391, 1)
INSERT INTO interacts VALUES(456567733546, 5, Piglet, 3004, 891442, 1)
INSERT INTO interacts VALUES(456567733546, 5, Piglet, 3158, 893557, 1)
INSERT INTO interacts VALUES(456567733546, 5, Piglet, 3363, 893881, 1)
INSERT INTO interacts VALUES(456567733546, 5, Piglet, 2043, 896754, 1)
INSERT INTO interacts VALUES(456567733546, 5, Goldenglue, 3115, 905922, 1)
INSERT INTO interacts VALUES(456567733546, 5, Goldenglue, 2043, 907839, 1)
INSERT INTO interacts VALUES(456567733546, 5, Goldenglue, 2003, 909565, 1)
INSERT INTO interacts VALUES(456567733546, 5, Goldenglue, 3363, 910646, 1)
INSERT INTO interacts VALUES(456567733546, 5, Hai, 1058, 936088, 1)
INSERT INTO interacts VALUES(456567733546, 5, Hai, 1052, 936836, 1)
INSERT INTO interacts VALUES(456567733546, 5, Balls, 3078, 940510, 1)
INSERT INTO interacts VALUES(456567733546, 5, Balls, 3158, 940967, 1)
INSERT INTO interacts VALUES(456567733546, 5, Balls, 1036, 942239, 1)
INSERT INTO interacts VALUES(456567733546, 5, Balls, 2043, 943680, 1)
INSERT INTO interacts VALUES(456567733546, 5, LemonNation, 2045, 949815, 1)
INSERT INTO interacts VALUES(456567733546, 5, LemonNation, 1028, 952283, 1)
INSERT INTO interacts VALUES(456567733546, 5, Solo, 3047, 966003, 1)
INSERT INTO interacts VALUES(456567733546, 5, Solo, 1028, 967468, 1)
INSERT INTO interacts VALUES(456567733546, 5, Moon, 3020, 967956, 1)
INSERT INTO interacts VALUES(456567733546, 5, Moon, 2043, 968898, 1)
INSERT INTO interacts VALUES(456567733546, 5, Hai, 3113, 1057392, 1)
INSERT INTO interacts VALUES(456567733546, 5, LemonNation, 2043, 1058169, 1)
INSERT INTO interacts VALUES(456567733546, 5, Hai, 2010, 1058366, 1)
INSERT INTO interacts VALUES(456567733546, 5, Hai, 2010, 1058527, 1)
INSERT INTO interacts VALUES(456567733546, 5, Balls, 3133, 1059827, 1)
INSERT INTO interacts VALUES(456567733546, 5, Stunt, 3158, 1063969, 1)
INSERT INTO interacts VALUES(456567733546, 5, Stunt, 1006, 1068586, 1)
INSERT INTO interacts VALUES(456567733546, 5, Contractz, 3211, 1070309, 1)
INSERT INTO interacts VALUES(456567733546, 5, Contractz, 1028, 1070864, 1)
INSERT INTO interacts VALUES(456567733546, 5, Stunt, 2043, 1073135, 1)
INSERT INTO interacts VALUES(456567733546, 5, Piglet, 3024, 1086391, 1)
INSERT INTO interacts VALUES(456567733546, 5, Solo, 1033, 1092340, 1)
INSERT INTO interacts VALUES(456567733546, 5, Solo, 1029, 1093701, 1)
INSERT INTO interacts VALUES(456567733546, 5, Goldenglue, 3020, 1113139, 1)
INSERT INTO interacts VALUES(456567733546, 5, Goldenglue, 2003, 1114697, 1)
INSERT INTO interacts VALUES(456567733546, 5, Goldenglue, 2003, 1114796, 1)
INSERT INTO interacts VALUES(456567733546, 5, Balls, 3902, 1116506, 1)
INSERT INTO interacts VALUES(456567733546, 5, Balls, 1036, 1121729, 1)
INSERT INTO interacts VALUES(456567733546, 5, Balls, 1036, 1121889, 1)
INSERT INTO interacts VALUES(456567733546, 5, Piglet, 1083, 1136844, 0)
INSERT INTO interacts VALUES(456567733546, 5, Moon, 1028, 1138877, 1)
INSERT INTO interacts VALUES(456567733546, 5, Piglet, 3025, 1144154, 1)
INSERT INTO interacts VALUES(456567733546, 5, Altec, 3031, 1160081, 1)
INSERT INTO interacts VALUES(456567733546, 5, Altec, 1036, 1163236, 1)
INSERT INTO interacts VALUES(456567733546, 5, Stunt, 3801, 1215529, 1)
INSERT INTO interacts VALUES(456567733546, 5, Hai, 3285, 1220312, 1)
INSERT INTO interacts VALUES(456567733546, 5, Goldenglue, 2043, 1220704, 1)
INSERT INTO interacts VALUES(456567733546, 5, Hai, 2043, 1221484, 1)
INSERT INTO interacts VALUES(456567733546, 5, Hai, 2010, 1221840, 1)
INSERT INTO interacts VALUES(456567733546, 5, LemonNation, 3801, 1224085, 1)
INSERT INTO interacts VALUES(456567733546, 5, LemonNation, 2043, 1225484, 1)
INSERT INTO interacts VALUES(456567733546, 5, Moon, 3010, 1226503, 1)
INSERT INTO interacts VALUES(456567733546, 5, Contractz, 3067, 1229656, 1)
INSERT INTO interacts VALUES(456567733546, 5, Piglet, 1033, 1264175, 1)
INSERT INTO interacts VALUES(456567733546, 5, Piglet, 2043, 1265311, 1)
INSERT INTO interacts VALUES(456567733546, 5, Solo, 3082, 1297624, 1)
INSERT INTO interacts VALUES(456567733546, 5, Solo, 3211, 1299501, 1)
INSERT INTO interacts VALUES(456567733546, 5, Solo, 2043, 1300362, 1)
INSERT INTO interacts VALUES(456567733546, 5, Balls, 3142, 1327236, 1)
INSERT INTO interacts VALUES(456567733546, 5, Balls, 2043, 1330584, 1)
INSERT INTO interacts VALUES(456567733546, 5, Contractz, 3065, 1343792, 1)
INSERT INTO interacts VALUES(456567733546, 5, Contractz, 1029, 1344606, 1)
INSERT INTO interacts VALUES(456567733546, 5, Stunt, 2031, 1344637, 0)
INSERT INTO interacts VALUES(456567733546, 5, Stunt, 3364, 1345219, 1)
INSERT INTO interacts VALUES(456567733546, 5, Contractz, 2031, 1346341, 0)
INSERT INTO interacts VALUES(456567733546, 5, Stunt, 1033, 1346685, 1)
INSERT INTO interacts VALUES(456567733546, 5, Contractz, 2043, 1346715, 1)
INSERT INTO interacts VALUES(456567733546, 5, Altec, 1053, 1354982, 1)
INSERT INTO interacts VALUES(456567733546, 5, Altec, 1083, 1355897, 0)
INSERT INTO interacts VALUES(456567733546, 5, Altec, 1037, 1357022, 1)
INSERT INTO interacts VALUES(456567733546, 5, LemonNation, 3105, 1359483, 1)
INSERT INTO interacts VALUES(456567733546, 5, LemonNation, 3364, 1360194, 1)
INSERT INTO interacts VALUES(456567733546, 5, LemonNation, 2043, 1361003, 1)
INSERT INTO interacts VALUES(456567733546, 5, Moon, 3030, 1369874, 1)
INSERT INTO interacts VALUES(456567733546, 5, Hai, 1026, 1380126, 1)
INSERT INTO interacts VALUES(456567733546, 5, Goldenglue, 1058, 1380484, 1)
INSERT INTO interacts VALUES(456567733546, 5, Stunt, 3105, 1497505, 1)
INSERT INTO interacts VALUES(456567733546, 5, Solo, 1011, 1506504, 1)
INSERT INTO interacts VALUES(456567733546, 5, Stunt, 1029, 1517346, 1)
INSERT INTO interacts VALUES(456567733546, 5, Goldenglue, 1056, 1518520, 0)
INSERT INTO interacts VALUES(456567733546, 5, Contractz, 1011, 1524491, 1)
INSERT INTO interacts VALUES(456567733546, 5, LemonNation, 3190, 1527258, 1)
INSERT INTO interacts VALUES(456567733546, 5, Balls, 1038, 1531249, 1)
INSERT INTO interacts VALUES(456567733546, 5, Balls, 2033, 1532330, 0)
INSERT INTO interacts VALUES(456567733546, 5, Balls, 3134, 1534056, 1)
INSERT INTO interacts VALUES(456567733546, 5, Hai, 1058, 1535358, 1)
INSERT INTO interacts VALUES(456567733546, 5, Piglet, 3155, 1544271, 1)
INSERT INTO interacts VALUES(456567733546, 5, Piglet, 1036, 1545209, 1)
INSERT INTO interacts VALUES(456567733546, 5, Balls, 3901, 1549672, 1)
INSERT INTO interacts VALUES(456567733546, 5, Moon, 1057, 1553484, 1)
INSERT INTO interacts VALUES(456567733546, 5, Goldenglue, 1011, 1596819, 1)
INSERT INTO interacts VALUES(456567733546, 5, Stunt, 1028, 1619248, 1)
INSERT INTO interacts VALUES(456567733546, 5, Altec, 3072, 1655452, 1)
INSERT INTO interacts VALUES(456567733546, 5, Altec, 1055, 1674549, 0)
INSERT INTO interacts VALUES(456567733546, 5, Altec, 1033, 1676349, 1)
INSERT INTO interacts VALUES(456567733546, 5, Balls, 3147, 1676777, 1)
INSERT INTO interacts VALUES(456567733546, 5, LemonNation, 3114, 1688688, 1)
INSERT INTO interacts VALUES(456567733546, 5, Solo, 3143, 1688850, 1)
INSERT INTO interacts VALUES(456567733546, 5, Contractz, 3143, 1690083, 1)
INSERT INTO interacts VALUES(456567733546, 5, Contractz, 2043, 1690745, 1)
INSERT INTO interacts VALUES(456567733546, 5, Hai, 3089, 1691743, 1)
INSERT INTO interacts VALUES(456567733546, 5, Moon, 1052, 1693013, 1)
INSERT INTO interacts VALUES(456567733546, 5, Hai, 2010, 1694089, 1)
INSERT INTO interacts VALUES(456567733546, 5, Balls, 1037, 1695066, 1)
INSERT INTO interacts VALUES(456567733546, 5, Goldenglue, 3116, 1707119, 1)
INSERT INTO interacts VALUES(456567733546, 5, Stunt, 3067, 1707705, 1)
INSERT INTO interacts VALUES(456567733546, 5, Goldenglue, 2043, 1707951, 1)
INSERT INTO interacts VALUES(456567733546, 5, Piglet, 3144, 1709598, 1)
INSERT INTO interacts VALUES(456567733546, 5, Balls, 3035, 1819568, 1)
INSERT INTO interacts VALUES(456567733546, 5, Solo, 1057, 1836701, 1)
INSERT INTO interacts VALUES(456567733546, 5, Moon, 3108, 1857661, 1)
INSERT INTO interacts VALUES(456567733546, 5, Stunt, 3190, 1858314, 1)
INSERT INTO interacts VALUES(456567733546, 5, Goldenglue, 1056, 1858776, 0)
INSERT INTO interacts VALUES(456567733546, 5, Stunt, 1029, 1859546, 1)
INSERT INTO interacts VALUES(456567733546, 5, Goldenglue, 1026, 1861505, 1)
INSERT INTO interacts VALUES(456567733546, 5, Piglet, 1055, 1869601, 0)
INSERT INTO interacts VALUES(456567733546, 5, Piglet, 3153, 1870414, 1)
INSERT INTO interacts VALUES(456567733546, 5, LemonNation, 3222, 1907733, 1)
INSERT INTO interacts VALUES(456567733546, 5, Hai, 1026, 1911173, 1)
INSERT INTO interacts VALUES(456567733546, 5, Goldenglue, 1052, 1918850, 1)
INSERT INTO interacts VALUES(456567733546, 5, Altec, 3139, 1920873, 1)
INSERT INTO interacts VALUES(456567733546, 5, Piglet, 3134, 1923149, 1)
INSERT INTO interacts VALUES(456567733546, 5, Contractz, 1031, 1928589, 1)
INSERT INTO interacts VALUES(456567733546, 5, Contractz, 2138, 1929540, 1)
INSERT INTO interacts VALUES(456567733546, 5, Altec, 2043, 1930061, 1)
INSERT INTO interacts VALUES(456567733546, 5, Balls, 2140, 1938237, 1)
INSERT INTO interacts VALUES(456567733546, 5, Hai, 2139, 1939005, 1)
INSERT INTO interacts VALUES(456567733546, 5, Moon, 3001, 1966250, 1)
INSERT INTO interacts VALUES(456567733546, 5, Piglet, 3156, 1968227, 1)
INSERT INTO interacts VALUES(456567733546, 5, Moon, 1026, 1968308, 1)
INSERT INTO interacts VALUES(456567733546, 5, Piglet, 2043, 1968829, 1)
INSERT INTO interacts VALUES(456567733546, 5, Solo, 3102, 1984146, 1)
INSERT INTO interacts VALUES(456567733546, 5, Solo, 1029, 1986839, 1)
INSERT INTO interacts VALUES(456567733546, 5, Stunt, 3097, 1992573, 1)
INSERT INTO interacts VALUES(456567733546, 5, Goldenglue, 3135, 2039394, 1)
INSERT INTO interacts VALUES(456567733546, 5, Stunt, 3082, 2136494, 1)
INSERT INTO interacts VALUES(456567733546, 5, Goldenglue, 2139, 2137869, 1)
INSERT INTO interacts VALUES(456567733546, 5, Stunt, 1028, 2138785, 1)
INSERT INTO interacts VALUES(456567733546, 5, Contractz, 2045, 2139097, 1)
INSERT INTO interacts VALUES(456567733546, 5, Piglet, 2043, 2150321, 0)
INSERT INTO interacts VALUES(456567733546, 5, Piglet, 1037, 2151703, 1)
INSERT INTO interacts VALUES(456567733546, 5, Altec, 3086, 2157188, 1)
INSERT INTO interacts VALUES(456567733546, 5, Altec, 2140, 2158051, 1)
INSERT INTO interacts VALUES(456567733546, 5, LemonNation, 3114, 2158803, 1)
INSERT INTO interacts VALUES(456567733546, 5, LemonNation, 3303, 2159783, 0)
INSERT INTO interacts VALUES(456567733546, 5, LemonNation, 2043, 2160687, 1)
INSERT INTO interacts VALUES(456567733546, 5, LemonNation, 2043, 2160847, 1)
INSERT INTO interacts VALUES(456567733546, 5, Solo, 1054, 2161662, 0)
INSERT INTO interacts VALUES(456567733546, 5, Solo, 1057, 2162681, 1)
INSERT INTO interacts VALUES(456567733546, 5, Solo, 1031, 2164927, 1)
INSERT INTO interacts VALUES(456567733546, 5, Hai, 3135, 2197674, 1)
INSERT INTO interacts VALUES(456567733546, 5, Balls, 3036, 2206645, 1)
INSERT INTO interacts VALUES(456567733546, 5, Stunt, 3067, 2306197, 1)
INSERT INTO interacts VALUES(456567733546, 5, Goldenglue, 3108, 2308346, 1)
INSERT INTO series VALUES(
                    Game 1 of 5
                  )
INSERT INTO organizes VALUES(456567733546)
